{
"type": "FeatureCollection",
"name": "water_bodies",
"crs": { "type": "name", "properties": { "name": "urn:ogc:def:crs:OGC:1.3:CRS84" } },
"features": [
{ "type": "Feature", "properties": { "source": "KMC ward sewerage network map (ArcMap GeoPDF), water raster", "extraction_method": "geopdf_raster_polygonised", "wards": "101,102,105,106,107,108,109" }, "geometry": { "type": "Polygon", "coordinates": [ [ [ 88.378833831406354, 22.472324516809145 ], [ 88.378819092416023, 22.47233152212176 ], [ 88.378816915729288, 22.472361360337963 ], [ 88.378807201656826, 22.472377498811326 ], [ 88.378812584739066, 22.472423330423215 ], [ 88.378863147427069, 22.472546773172429 ], [ 88.378883112847788, 22.472569543891023 ], [ 88.378915349592205, 22.472585330012652 ], [ 88.37894002654599, 22.472585122739527 ], [ 88.378979352956279, 22.472568735524256 ], [ 88.378968676220609, 22.472486246930497 ], [ 88.379000286086878, 22.47243781075375 ], [ 88.379004639381407, 22.472378134320689 ], [ 88.37898458442011, 22.472346189004341 ], [ 88.378947300408569, 22.472318976083482 ], [ 88.378902837203881, 22.47231476186403 ], [ 88.378833831406354, 22.472324516809145 ] ] ] } },
{ "type": "Feature", "properties": { "source": "KMC ward sewerage network map (ArcMap GeoPDF), water raster", "extraction_method": "geopdf_raster_polygonised", "wards": "101,102,105,106,107,108,109" }, "geometry": { "type": "Polygon", "coordinates": [ [ [ 88.377327577942367, 22.472238525284322 ], [ 88.377309991066028, 22.472206559036273 ], [ 88.377282622876848, 22.472183850211845 ], [ 88.377233224359344, 22.472179676930622 ], [ 88.377055729521246, 22.472199516545832 ], [ 88.377006912231039, 22.472254978222931 ], [ 88.37687553453425, 22.472448762860974 ], [ 88.37677321007493, 22.472584957699727 ], [ 88.37683986026201, 22.472586692593556 ], [ 88.376837571385508, 22.472605062528736 ], [ 88.376815362104281, 22.472605248785349 ], [ 88.37681574209347, 22.472644240920204 ], [ 88.376845354476657, 22.47264399257686 ], [ 88.376845488593602, 22.472657754506596 ], [ 88.376825747002911, 22.47265792006954 ], [ 88.376839337253614, 22.47278626126969 ], [ 88.376917579618052, 22.472964524766013 ], [ 88.377361184921284, 22.472901163699966 ], [ 88.377412783050929, 22.472877792372124 ], [ 88.377429855701564, 22.472857004551479 ], [ 88.377432055050889, 22.472829459994816 ], [ 88.377380196513883, 22.472572984784779 ], [ 88.377364048660496, 22.472435489736135 ], [ 88.377343524479429, 22.472355377451851 ], [ 88.377340430689259, 22.472291175826747 ], [ 88.377327577942367, 22.472238525284322 ] ] ] } },
{ "type": "Feature", "properties": { "source": "KMC ward sewerage network map (ArcMap GeoPDF), water raster", "extraction_method": "geopdf_raster_polygonised", "wards": "101,102,105,106,107,108,109" }, "geometry": { "type": "Polygon", "coordinates": [ [ [ 88.377981373133451, 22.471712336896481 ], [ 88.37788962155922, 22.471667230132457 ], [ 88.377699095763063, 22.471616070686409 ], [ 88.377669528339482, 22.471620906484461 ], [ 88.377657324131718, 22.4716347719468 ], [ 88.377653417564019, 22.471740321465443 ], [ 88.377653551754747, 22.471754083392042 ], [ 88.377668514404235, 22.471770014729767 ], [ 88.377834117525694, 22.471796151105316 ], [ 88.377953125537445, 22.471852498340578 ], [ 88.378102215679888, 22.471956763649445 ], [ 88.37831640570792, 22.472156823621127 ], [ 88.378391286714475, 22.47224336091319 ], [ 88.378665905313696, 22.472819102954539 ], [ 88.378896958244212, 22.473482376280629 ], [ 88.378979372919574, 22.473834935478735 ], [ 88.378994380730191, 22.473855453975641 ], [ 88.379014189642234, 22.473862169096297 ], [ 88.379102915528321, 22.47384995453794 ], [ 88.379112629658309, 22.473833816046181 ], [ 88.379112405743655, 22.473810879521857 ], [ 88.378981380309995, 22.473282103006643 ], [ 88.378872269052138, 22.472975644824864 ], [ 88.378773723021112, 22.472740206879426 ], [ 88.378461641258042, 22.472118902761576 ], [ 88.378262391451742, 22.471932480613699 ], [ 88.377981373133451, 22.471712336896481 ] ] ] } },
{ "type": "Feature", "properties": { "source": "KMC ward sewerage network map (ArcMap GeoPDF), water raster", "extraction_method": "geopdf_raster_polygonised", "wards": "101,102,105,106,107,108,109" }, "geometry": { "type": "Polygon", "coordinates": [ [ [ 88.379389068826171, 22.474595342250876 ], [ 88.379341599648086, 22.474536101279071 ], [ 88.379313939525574, 22.474483575368975 ], [ 88.379237936978868, 22.47428235600994 ], [ 88.379133155111546, 22.473913928028917 ], [ 88.379123149886297, 22.473900249040767 ], [ 88.379103340964249, 22.473893533934081 ], [ 88.379036757347762, 22.473898680966666 ], [ 88.379017105159321, 22.473908021416655 ], [ 88.379007480572696, 22.473933334513347 ], [ 88.379048441859084, 22.474084383894024 ], [ 88.379266040615107, 22.47463307744454 ], [ 88.379318669220822, 22.474715213487443 ], [ 88.379351040898996, 22.474744761402121 ], [ 88.379400686726626, 22.474774164154944 ], [ 88.379628547050686, 22.474857121348887 ], [ 88.379806627228916, 22.474896913693446 ], [ 88.379898023059738, 22.47490532078892 ], [ 88.379917742537472, 22.474902861182606 ], [ 88.379939750499446, 22.474882031618442 ], [ 88.379956755766031, 22.474854362587809 ], [ 88.379956486887991, 22.474826838771875 ], [ 88.379941590858877, 22.474817788636091 ], [ 88.379686786998093, 22.4747557029064 ], [ 88.37959020940194, 22.474722106995415 ], [ 88.379476111342598, 22.474663426017823 ], [ 88.379389068826171, 22.474595342250876 ] ] ] } },
{ "type": "Feature", "properties": { "source": "KMC ward sewerage network map (ArcMap GeoPDF), water raster", "extraction_method": "geopdf_raster_polygonised", "wards": "101,102,105,106,107,108,109" }, "geometry": { "type": "Polygon", "coordinates": [ [ [ 88.377290065650243, 22.474466160495187 ], [ 88.376957123229943, 22.474489598070022 ], [ 88.376937560231823, 22.474508112894345 ], [ 88.37691851141993, 22.474579381766436 ], [ 88.376923603379439, 22.474595395949997 ], [ 88.376940966937156, 22.474604425677278 ], [ 88.376985430849118, 22.474608640402998 ], [ 88.377046833521121, 22.474578305401756 ], [ 88.377140383761045, 22.474554582221764 ], [ 88.377199654052689, 22.47455867267794 ], [ 88.377229423367083, 22.474574479822024 ], [ 88.377326626534355, 22.474672299491733 ], [ 88.37738849879608, 22.474690131094096 ], [ 88.377467443925724, 22.474687174840863 ], [ 88.377464618347133, 22.474650497087136 ], [ 88.377461994057214, 22.474634462217317 ], [ 88.377447165293006, 22.474632292803058 ], [ 88.377436556323943, 22.474556685052207 ], [ 88.377423971655475, 22.474531558390517 ], [ 88.37737701766693, 22.474525070836577 ], [ 88.377354249002892, 22.474467915834332 ], [ 88.377290065650243, 22.474466160495187 ] ] ] } },
{ "type": "Feature", "properties": { "source": "KMC ward sewerage network map (ArcMap GeoPDF), water raster", "extraction_method": "geopdf_raster_polygonised", "wards": "101,102,105,106,107,108,109" }, "geometry": { "type": "Polygon", "coordinates": [ [ [ 88.38264501493525, 22.474923494770401 ], [ 88.382425341798069, 22.474920757301273 ], [ 88.382398264074041, 22.47492786685779 ], [ 88.382383637246974, 22.47494634074372 ], [ 88.382349829696324, 22.475022322108146 ], [ 88.382308506674065, 22.475086897565749 ], [ 88.382309269822983, 22.475164881630715 ], [ 88.382292669020984, 22.475233836568172 ], [ 88.382300588485379, 22.475286528150146 ], [ 88.382288788477098, 22.475341679630759 ], [ 88.382303864270071, 22.475369078729834 ], [ 88.382341194636766, 22.475400878087978 ], [ 88.382548686978197, 22.475419775100754 ], [ 88.382583235363455, 22.475419484103703 ], [ 88.382831579090876, 22.475325638612922 ], [ 88.382835346942201, 22.475206327316084 ], [ 88.382824622735484, 22.475119251832083 ], [ 88.382794448562777, 22.475062160086971 ], [ 88.382769052713414, 22.474988971218242 ], [ 88.382744083490408, 22.474959361666954 ], [ 88.382706865420872, 22.47493903064229 ], [ 88.38264501493525, 22.474923494770401 ] ] ] } },
{ "type": "Feature", "properties": { "source": "KMC ward sewerage network map (ArcMap GeoPDF), water raster", "extraction_method": "geopdf_raster_polygonised", "wards": "101,102,105,106,107,108,109" }, "geometry": { "type": "Polygon", "coordinates": [ [ [ 88.381026938953354, 22.476276717897719 ], [ 88.380952323157757, 22.476217705863114 ], [ 88.38071734959081, 22.475912308146864 ], [ 88.380443814207865, 22.475448959432015 ], [ 88.380436343729016, 22.475442140738934 ], [ 88.380421559677274, 22.47544455890657 ], [ 88.380411912846199, 22.475467578424233 ], [ 88.380412473214662, 22.475524919691747 ], [ 88.380428243538631, 22.475623422153738 ], [ 88.380501825700009, 22.475829248851117 ], [ 88.380569643123039, 22.475950251944923 ], [ 88.380619693167787, 22.476020939990033 ], [ 88.38066222789989, 22.476080222036067 ], [ 88.380762059177627, 22.476194074236545 ], [ 88.380874184570501, 22.476303235263806 ], [ 88.380995912079456, 22.476384789355077 ], [ 88.381221510015521, 22.476488407710139 ], [ 88.381441970849821, 22.476571424425476 ], [ 88.381464158286889, 22.476568943850612 ], [ 88.381473872306216, 22.476552805226053 ], [ 88.381473087138815, 22.476472527497581 ], [ 88.381467949716736, 22.476451926192297 ], [ 88.38145298611866, 22.476435995263376 ], [ 88.381418280438311, 22.476420230484713 ], [ 88.381292110613813, 22.476389178551745 ], [ 88.381096417450095, 22.476315128573699 ], [ 88.381026938953354, 22.476276717897719 ] ] ] } },
{ "type": "Feature", "properties": { "source": "KMC ward sewerage network map (ArcMap GeoPDF), water raster", "extraction_method": "geopdf_raster_polygonised", "wards": "101,102,105,106,107,108,109" }, "geometry": { "type": "Polygon", "coordinates": [ [ [ 88.381461533278795, 22.47730987564594 ], [ 88.381444774821006, 22.477362774968128 ], [ 88.381427769581933, 22.477390444147932 ], [ 88.381423574333354, 22.477466176110248 ], [ 88.38145619388338, 22.477520953678059 ], [ 88.381518224915851, 22.477554839142265 ], [ 88.381550350936649, 22.477559156409299 ], [ 88.381565157621225, 22.477559031777421 ], [ 88.381587210593139, 22.477542789284207 ], [ 88.381653571414489, 22.477514704628184 ], [ 88.381712439116356, 22.477477507673601 ], [ 88.38171201278783, 22.477433928344769 ], [ 88.381670957703932, 22.477273705300817 ], [ 88.381638764436417, 22.477262507107522 ], [ 88.381535095430849, 22.477261085889221 ], [ 88.381483518922678, 22.477286752220348 ], [ 88.381461533278795, 22.47730987564594 ] ] ] } },
{ "type": "Feature", "properties": { "source": "KMC ward sewerage network map (ArcMap GeoPDF), water raster", "extraction_method": "geopdf_raster_polygonised", "wards": "101,102,105,106,107,108,109" }, "geometry": { "type": "Polygon", "coordinates": [ [ [ 88.381369260242451, 22.478473628057912 ], [ 88.381416170822646, 22.478475527071748 ], [ 88.381477843314812, 22.478472714145454 ], [ 88.381499941308107, 22.478461058955791 ], [ 88.381486637588594, 22.478362535915021 ], [ 88.381503844846264, 22.478355509566363 ], [ 88.381503082026668, 22.4782775255057 ], [ 88.381488163087468, 22.478266181891357 ], [ 88.381324997091838, 22.478237735293494 ], [ 88.381330807564169, 22.478327146067183 ], [ 88.381356719354017, 22.478453089066488 ], [ 88.381369260242451, 22.478473628057912 ] ] ] } },
{ "type": "Feature", "properties": { "source": "KMC ward sewerage network map (ArcMap GeoPDF), water raster", "extraction_method": "geopdf_raster_polygonised", "wards": "101,102,105,106,107,108,109" }, "geometry": { "type": "Polygon", "coordinates": [ [ [ 88.378951467040366, 22.47856048032606 ], [ 88.378921987787351, 22.47857449102673 ], [ 88.378922905929201, 22.478668530728108 ], [ 88.378945922348109, 22.478750915576217 ], [ 88.379009928499698, 22.478734320945815 ], [ 88.379042009954546, 22.478734051400224 ], [ 88.379054438559535, 22.478743122331505 ], [ 88.379057175116742, 22.478770625409791 ], [ 88.379121315644227, 22.478767792641566 ], [ 88.379175450561078, 22.478751280888819 ], [ 88.37919997181568, 22.478735017964482 ], [ 88.379199501449904, 22.478686851294327 ], [ 88.379158963910157, 22.478579381481765 ], [ 88.379158807127368, 22.478563325924487 ], [ 88.379138840746933, 22.478540555301905 ], [ 88.379114050756272, 22.478529294402875 ], [ 88.378951467040366, 22.47856048032606 ] ] ] } },
{ "type": "Feature", "properties": { "source": "KMC ward sewerage network map (ArcMap GeoPDF), water raster", "extraction_method": "geopdf_raster_polygonised", "wards": "101,102,105,106,107,108,109" }, "geometry": { "type": "Polygon", "coordinates": [ [ [ 88.376639252929323, 22.47909829762153 ], [ 88.376639655349194, 22.479139583381219 ], [ 88.376654819943695, 22.47917615764451 ], [ 88.376679811092288, 22.479208061804425 ], [ 88.376791108718606, 22.479232360505236 ], [ 88.37686998936654, 22.479222523457199 ], [ 88.376919166777199, 22.479203760191229 ], [ 88.376953492563942, 22.479180533823317 ], [ 88.376955535501864, 22.479136933713349 ], [ 88.37689832857204, 22.479091536809779 ], [ 88.376799191233729, 22.479048785450466 ], [ 88.376703103062852, 22.479065648313199 ], [ 88.376646544585043, 22.479086767260565 ], [ 88.376639252929323, 22.47909829762153 ] ] ] } },
{ "type": "Feature", "properties": { "source": "KMC ward sewerage network map (ArcMap GeoPDF), water raster", "extraction_method": "geopdf_raster_polygonised", "wards": "101,102,105,106,107,108,109" }, "geometry": { "type": "Polygon", "coordinates": [ [ [ 88.381552551600933, 22.479550188915553 ], [ 88.381567268743964, 22.479540889679118 ], [ 88.381564508856087, 22.479258770916694 ], [ 88.381540391375594, 22.479063997749353 ], [ 88.381527895278609, 22.479048046073878 ], [ 88.381505595267001, 22.479039058433418 ], [ 88.38130325751311, 22.47904305530006 ], [ 88.381237097793061, 22.47909178268684 ], [ 88.38124643022303, 22.479541296316683 ], [ 88.381552551600933, 22.479550188915553 ] ] ] } },
{ "type": "Feature", "properties": { "source": "KMC ward sewerage network map (ArcMap GeoPDF), water raster", "extraction_method": "geopdf_raster_polygonised", "wards": "101,102,105,106,107,108,109" }, "geometry": { "type": "Polygon", "coordinates": [ [ [ 88.379004894694603, 22.479229832513482 ], [ 88.378983983314058, 22.479363050879641 ], [ 88.378997890100763, 22.47952350277453 ], [ 88.379202719004141, 22.479521781677086 ], [ 88.379283932989722, 22.47949816080656 ], [ 88.379291000431095, 22.479463693829892 ], [ 88.379292236210787, 22.479337522303826 ], [ 88.379274625503939, 22.479303262714406 ], [ 88.379227221848964, 22.479250902772993 ], [ 88.379197294505886, 22.479219040512668 ], [ 88.379172481988519, 22.479205485979012 ], [ 88.379123058546597, 22.47919901975752 ], [ 88.379004894694603, 22.479229832513482 ] ] ] } },
{ "type": "Feature", "properties": { "source": "KMC ward sewerage network map (ArcMap GeoPDF), water raster", "extraction_method": "geopdf_raster_polygonised", "wards": "101,102,105,106,107,108,109" }, "geometry": { "type": "Polygon", "coordinates": [ [ [ 88.380130573532355, 22.479509394340962 ], [ 88.380108475252158, 22.479521049355512 ], [ 88.38007186144219, 22.479562646322268 ], [ 88.380030715408779, 22.479645570480635 ], [ 88.380026093552715, 22.479677723079963 ], [ 88.38003396768994, 22.479725827475836 ], [ 88.380143000101071, 22.479770787408668 ], [ 88.380288579142629, 22.47976726930807 ], [ 88.380304036185265, 22.479833660618191 ], [ 88.380333694890155, 22.479837998856802 ], [ 88.380343566179789, 22.479837915835411 ], [ 88.380345652887925, 22.479798903037835 ], [ 88.38033912554684, 22.479636095429047 ], [ 88.380378610647838, 22.479635763341424 ], [ 88.380378364040979, 22.479610533196247 ], [ 88.380350971437437, 22.479585531361707 ], [ 88.380318284525075, 22.479523872637337 ], [ 88.380278351114342, 22.479478331714766 ], [ 88.380234132170486, 22.479499348130169 ], [ 88.380130573532355, 22.479509394340962 ] ] ] } },
{ "type": "Feature", "properties": { "source": "KMC ward sewerage network map (ArcMap GeoPDF), water raster", "extraction_method": "geopdf_raster_polygonised", "wards": "101,102,105,106,107,108,109" }, "geometry": { "type": "Polygon", "coordinates": [ [ [ 88.376036866817273, 22.480091994355487 ], [ 88.376012188503296, 22.48009220125093 ], [ 88.375990201491106, 22.480115323990209 ], [ 88.375983043812255, 22.48014061624745 ], [ 88.375988180600629, 22.480161217752332 ], [ 88.376252730410982, 22.480209464182547 ], [ 88.376346485718983, 22.480206384162663 ], [ 88.376403134109381, 22.480194439911319 ], [ 88.376439928055703, 22.48017119294358 ], [ 88.376439682155848, 22.480145962758225 ], [ 88.376407242677189, 22.480109533350266 ], [ 88.376357751931678, 22.480096185331206 ], [ 88.376120594289091, 22.480072941654416 ], [ 88.37607617333137, 22.480073314086251 ], [ 88.376036866817273, 22.480091994355487 ] ] ] } },
{ "type": "Feature", "properties": { "source": "KMC ward sewerage network map (ArcMap GeoPDF), water raster", "extraction_method": "geopdf_raster_polygonised", "wards": "101,102,105,106,107,108,109" }, "geometry": { "type": "Polygon", "coordinates": [ [ [ 88.381596570955296, 22.480770139715741 ], [ 88.381544432214625, 22.48073846491787 ], [ 88.381526865648283, 22.480708792913383 ], [ 88.381516949424281, 22.480704288714019 ], [ 88.381502142404997, 22.480704413358247 ], [ 88.381482624094588, 22.48072751603026 ], [ 88.381450676839776, 22.480741547973714 ], [ 88.381440805490669, 22.480741631066092 ], [ 88.381420838420155, 22.480718860766675 ], [ 88.381401073288004, 22.480716733298756 ], [ 88.381369036281001, 22.480721590633198 ], [ 88.381361812259925, 22.480740002135093 ], [ 88.381367174225474, 22.480783539908732 ], [ 88.381387455412224, 22.480838421290009 ], [ 88.381430059363765, 22.48090458395313 ], [ 88.381472438973731, 22.480947810121183 ], [ 88.381509456586926, 22.48094749851164 ], [ 88.381555986528028, 22.480910405425217 ], [ 88.381570501850618, 22.480880463350349 ], [ 88.381594933403903, 22.480855025468841 ], [ 88.381594619241071, 22.480822914396306 ], [ 88.381601888114986, 22.480809090181587 ], [ 88.381609291629886, 22.480809027854775 ], [ 88.381609134547105, 22.480792972318525 ], [ 88.381596570955296, 22.480770139715741 ] ] ] } },
{ "type": "Feature", "properties": { "source": "KMC ward sewerage network map (ArcMap GeoPDF), water raster", "extraction_method": "geopdf_raster_polygonised", "wards": "101,102,105,106,107,108,109" }, "geometry": { "type": "Polygon", "coordinates": [ [ [ 88.376898689404371, 22.48115369628357 ], [ 88.376926439566134, 22.481215397155008 ], [ 88.377039416278507, 22.481411719519802 ], [ 88.377134492029583, 22.481543964480974 ], [ 88.37738276111962, 22.481440952113992 ], [ 88.377402324976174, 22.481422437205175 ], [ 88.377389515905548, 22.481374374072928 ], [ 88.377221463162883, 22.481098229753194 ], [ 88.37719398131506, 22.481064052763866 ], [ 88.377169302840784, 22.481064259845017 ], [ 88.376987285966308, 22.481127720743544 ], [ 88.376945377264988, 22.481132660031317 ], [ 88.376898689404371, 22.48115369628357 ] ] ] } },
{ "type": "Feature", "properties": { "source": "KMC ward sewerage network map (ArcMap GeoPDF), water raster", "extraction_method": "geopdf_raster_polygonised", "wards": "101,102,105,106,107,108,109" }, "geometry": { "type": "Polygon", "coordinates": [ [ [ 88.379831702534489, 22.481252930531618 ], [ 88.379860171179843, 22.481388027617278 ], [ 88.379870356355354, 22.481420055713041 ], [ 88.379897525128399, 22.481422121114832 ], [ 88.379971560655477, 22.481421498597761 ], [ 88.379991146561252, 22.481405277041475 ], [ 88.380005684688712, 22.481377628739242 ], [ 88.380001871968545, 22.481240030524123 ], [ 88.379993795998288, 22.481171283293776 ], [ 88.379983722886379, 22.481150723452938 ], [ 88.379884919392609, 22.481142378867546 ], [ 88.379852949453621, 22.481154116856832 ], [ 88.379835921057406, 22.481179492245602 ], [ 88.379831702534489, 22.481252930531618 ] ] ] } },
{ "type": "Feature", "properties": { "source": "KMC ward sewerage network map (ArcMap GeoPDF), water raster", "extraction_method": "geopdf_raster_polygonised", "wards": "101,102,105,106,107,108,109" }, "geometry": { "type": "Polygon", "coordinates": [ [ [ 88.379319737775049, 22.481142542226841 ], [ 88.379135007673071, 22.481180796094172 ], [ 88.379155933901799, 22.481554515917029 ], [ 88.379378040755697, 22.481552649274875 ], [ 88.379377570262093, 22.481504482625155 ], [ 88.379340530063743, 22.481502500102636 ], [ 88.37933714365856, 22.481408481192251 ], [ 88.379351950766235, 22.481408356743088 ], [ 88.379351592304275, 22.481371658342272 ], [ 88.379358995856109, 22.481371596117295 ], [ 88.37935883902837, 22.48135554056692 ], [ 88.379329765984096, 22.481158514813885 ], [ 88.379319737775049, 22.481142542226841 ] ] ] } },
{ "type": "Feature", "properties": { "source": "KMC ward sewerage network map (ArcMap GeoPDF), water raster", "extraction_method": "geopdf_raster_polygonised", "wards": "101,102,105,106,107,108,109" }, "geometry": { "type": "Polygon", "coordinates": [ [ [ 88.381420122388633, 22.482159396373518 ], [ 88.381410340693492, 22.48216865406043 ], [ 88.381304626463617, 22.482210832962711 ], [ 88.381316023648608, 22.482366717930418 ], [ 88.381345884859044, 22.482391698783314 ], [ 88.38161227978398, 22.482375693189965 ], [ 88.381621320882331, 22.482290745120533 ], [ 88.381633480665371, 22.482272292053537 ], [ 88.381632717623887, 22.48219430803497 ], [ 88.381630182434137, 22.48218744786934 ], [ 88.3816153528158, 22.482185278884248 ], [ 88.381614657113644, 22.482114175807215 ], [ 88.381424631775175, 22.482115775516668 ], [ 88.381420122388633, 22.482159396373518 ] ] ] } },
{ "type": "Feature", "properties": { "source": "KMC ward sewerage network map (ArcMap GeoPDF), water raster", "extraction_method": "geopdf_raster_polygonised", "wards": "101,102,105,106,107,108,109" }, "geometry": { "type": "Polygon", "coordinates": [ [ [ 88.380266731842582, 22.482329669878354 ], [ 88.379825297444057, 22.48236549577037 ], [ 88.379731652935135, 22.482380046129478 ], [ 88.379717002603527, 22.482396226164603 ], [ 88.379697797513671, 22.48245143973439 ], [ 88.379719602301137, 22.482662289491927 ], [ 88.379750068430482, 22.482749199181782 ], [ 88.379785246226731, 22.482813130871794 ], [ 88.379802678246975, 22.482829041168692 ], [ 88.379829847295966, 22.482831106567783 ], [ 88.380148068762651, 22.48281466758219 ], [ 88.3801725905833, 22.482798404487557 ], [ 88.380271081377273, 22.482774637752261 ], [ 88.380441230172679, 22.482759443543095 ], [ 88.380576761412698, 22.482737658876442 ], [ 88.380558231609115, 22.482357037785164 ], [ 88.380545690453417, 22.482336498751799 ], [ 88.380464116318521, 22.482323421943285 ], [ 88.380266731842582, 22.482329669878354 ] ] ] } },
{ "type": "Feature", "properties": { "source": "KMC ward sewerage network map (ArcMap GeoPDF), water raster", "extraction_method": "geopdf_raster_polygonised", "wards": "101,102,105,106,107,108,109" }, "geometry": { "type": "Polygon", "coordinates": [ [ [ 88.380394965515137, 22.483722554099263 ], [ 88.380378438593553, 22.483796117195208 ], [ 88.380389165173156, 22.483878630870315 ], [ 88.380424605418739, 22.483963232721305 ], [ 88.380444664605463, 22.483992894172712 ], [ 88.380461994882126, 22.48399733853082 ], [ 88.380723165607961, 22.483942383203519 ], [ 88.380814140514303, 22.48390491082688 ], [ 88.380927454550715, 22.483878724472294 ], [ 88.380937236006204, 22.483869464630818 ], [ 88.380949439187191, 22.483855595491654 ], [ 88.380950986362436, 22.483766095740993 ], [ 88.380914316803754, 22.483562188510547 ], [ 88.380414575733823, 22.483708623151887 ], [ 88.380394965515137, 22.483722554099263 ] ] ] } },
{ "type": "Feature", "properties": { "source": "KMC ward sewerage network map (ArcMap GeoPDF), water raster", "extraction_method": "geopdf_raster_polygonised", "wards": "101,102,105,106,107,108,109" }, "geometry": { "type": "Polygon", "coordinates": [ [ [ 88.379776215219309, 22.483821795227165 ], [ 88.379756227047437, 22.483799016696771 ], [ 88.379734006046874, 22.483799202146635 ], [ 88.379655328655417, 22.483831982228882 ], [ 88.379640916105515, 22.483871109596741 ], [ 88.379659072883115, 22.483955855866778 ], [ 88.379698907554555, 22.483987646920735 ], [ 88.379812127441255, 22.48395228398612 ], [ 88.379776215219309, 22.483821795227165 ] ] ] } },
{ "type": "Feature", "properties": { "source": "KMC ward sewerage network map (ArcMap GeoPDF), water raster", "extraction_method": "geopdf_raster_polygonised", "wards": "101,102,105,106,107,108,109" }, "geometry": { "type": "Polygon", "coordinates": [ [ [ 88.382034465235819, 22.483956666003198 ], [ 88.382049539441397, 22.483981779848186 ], [ 88.382121542618705, 22.484020184945013 ], [ 88.382156179609424, 22.484026778957521 ], [ 88.382203421842974, 22.484058507434124 ], [ 88.382206979092231, 22.484164026213083 ], [ 88.382372355031066, 22.484158054339112 ], [ 88.382411811767838, 22.484153135326654 ], [ 88.382443719521973, 22.484134512236214 ], [ 88.382482821316984, 22.484095178181754 ], [ 88.382509436106488, 22.484042181349775 ], [ 88.382501082610773, 22.483950469893323 ], [ 88.382387011746545, 22.483903238617795 ], [ 88.382384235164437, 22.483873432906812 ], [ 88.382031523145983, 22.483910799934119 ], [ 88.382034465235819, 22.483956666003198 ] ] ] } },
{ "type": "Feature", "properties": { "source": "KMC ward sewerage network map (ArcMap GeoPDF), water raster", "extraction_method": "geopdf_raster_polygonised", "wards": "101,102,105,106,107,108,109" }, "geometry": { "type": "Polygon", "coordinates": [ [ [ 88.379905617371946, 22.484398937932482 ], [ 88.379920313334082, 22.484387342593525 ], [ 88.379916946760389, 22.484300178379673 ], [ 88.379886090442653, 22.484181120130572 ], [ 88.379590541670098, 22.484254717294469 ], [ 88.379588190734637, 22.484266209586934 ], [ 88.379636896670917, 22.484440187778446 ], [ 88.379651852435103, 22.484453830177056 ], [ 88.379905617371946, 22.484398937932482 ] ] ] } },
{ "type": "Feature", "properties": { "source": "KMC ward sewerage network map (ArcMap GeoPDF), water raster", "extraction_method": "geopdf_raster_polygonised", "wards": "101,102,105,106,107,108,109" }, "geometry": { "type": "Polygon", "coordinates": [ [ [ 88.377363053688569, 22.484470620148009 ], [ 88.377237935536129, 22.484549676711172 ], [ 88.37723064636846, 22.484561210114396 ], [ 88.377256067402072, 22.484632128974081 ], [ 88.377288777633538, 22.48469151442238 ], [ 88.377306249382215, 22.484709725159487 ], [ 88.377345871572373, 22.484720867749875 ], [ 88.37738535229559, 22.484718244291436 ], [ 88.377486181197114, 22.484678397105888 ], [ 88.377631499512333, 22.484642768214776 ], [ 88.377803693900148, 22.484579380783593 ], [ 88.377774695098012, 22.484400648643302 ], [ 88.377700530378974, 22.484392088544862 ], [ 88.377619052958266, 22.484392767491137 ], [ 88.377490970831161, 22.48442366367949 ], [ 88.377363053688569, 22.484470620148009 ] ] ] } },
{ "type": "Feature", "properties": { "source": "KMC ward sewerage network map (ArcMap GeoPDF), water raster", "extraction_method": "geopdf_raster_polygonised", "wards": "101,102,105,106,107,108,109" }, "geometry": { "type": "Polygon", "coordinates": [ [ [ 88.382266691396822, 22.484686680453677 ], [ 88.382284187424389, 22.484707184953376 ], [ 88.382417348518587, 22.484690009711432 ], [ 88.382532942522474, 22.48464544688759 ], [ 88.382560125320154, 22.484647514081214 ], [ 88.382524975600958, 22.484351813325141 ], [ 88.382248517777342, 22.484361008737189 ], [ 88.382226438659416, 22.484374960546116 ], [ 88.3822243008659, 22.484407101882564 ], [ 88.382251049256382, 22.484606502595128 ], [ 88.382266691396822, 22.484686680453677 ] ] ] } },
{ "type": "Feature", "properties": { "source": "KMC ward sewerage network map (ArcMap GeoPDF), water raster", "extraction_method": "geopdf_raster_polygonised", "wards": "101,102,105,106,107,108,109" }, "geometry": { "type": "Polygon", "coordinates": [ [ [ 88.381196463331918, 22.484824119620875 ], [ 88.381206552175783, 22.484844686130213 ], [ 88.381243823856948, 22.484867320053166 ], [ 88.381278390100917, 22.484867031237286 ], [ 88.381433654443811, 22.484838199444383 ], [ 88.381448326668931, 22.484824309634931 ], [ 88.381391596534897, 22.484590741280407 ], [ 88.38137635686148, 22.484549567021404 ], [ 88.381363893582289, 22.484538198497031 ], [ 88.381324413041654, 22.484540822923993 ], [ 88.381161836524882, 22.484578893825702 ], [ 88.381142202628183, 22.484590530528791 ], [ 88.381196463331918, 22.484824119620875 ] ] ] } },
{ "type": "Feature", "properties": { "source": "KMC ward sewerage network map (ArcMap GeoPDF), water raster", "extraction_method": "geopdf_raster_polygonised", "wards": "101,102,105,106,107,108,109" }, "geometry": { "type": "Polygon", "coordinates": [ [ [ 88.378673731316567, 22.484663909057208 ], [ 88.378649347945725, 22.484693941355793 ], [ 88.378637663644284, 22.484758285783176 ], [ 88.378701725561527, 22.484984910544295 ], [ 88.378766156155564, 22.485007318559315 ], [ 88.378822896466801, 22.485002256265439 ], [ 88.378874486295672, 22.484976586093978 ], [ 88.378901362287237, 22.484948827506933 ], [ 88.378900842999329, 22.484898352065184 ], [ 88.37888510833389, 22.484808996432456 ], [ 88.378829444568623, 22.484678672187378 ], [ 88.378779710210267, 22.484644668948949 ], [ 88.378750058416159, 22.484642621705802 ], [ 88.378681067565864, 22.484656964271679 ], [ 88.378673731316567, 22.484663909057208 ] ] ] } },
{ "type": "Feature", "properties": { "source": "KMC ward sewerage network map (ArcMap GeoPDF), water raster", "extraction_method": "geopdf_raster_polygonised", "wards": "101,102,105,106,107,108,109" }, "geometry": { "type": "Polygon", "coordinates": [ [ [ 88.381984457994619, 22.4848542465141 ], [ 88.381961361637124, 22.48476954187311 ], [ 88.381936151103432, 22.484719272896893 ], [ 88.38188392336022, 22.484682996960082 ], [ 88.381866616612996, 22.484680847097273 ], [ 88.38183708305931, 22.484690272102192 ], [ 88.381797578839908, 22.484690602311275 ], [ 88.381787915646754, 22.484711333881609 ], [ 88.381855468681636, 22.485036592916629 ], [ 88.381865581290725, 22.485059453713838 ], [ 88.38188789708596, 22.485068445301323 ], [ 88.381957005999908, 22.485065573045691 ], [ 88.382016073240507, 22.485046722980346 ], [ 88.382070344363214, 22.4850416801895 ], [ 88.382114597460358, 22.485022953942014 ], [ 88.382116900879979, 22.485006872953388 ], [ 88.382090625699021, 22.484853358925918 ], [ 88.38200435205647, 22.48486784739822 ], [ 88.381991936008518, 22.484861067597407 ], [ 88.381984457994619, 22.4848542465141 ] ] ] } },
{ "type": "Feature", "properties": { "source": "KMC ward sewerage network map (ArcMap GeoPDF), water raster", "extraction_method": "geopdf_raster_polygonised", "wards": "101,102,105,106,107,108,109" }, "geometry": { "type": "Polygon", "coordinates": [ [ [ 88.379349695399696, 22.485085054045033 ], [ 88.379415708185107, 22.485261182418117 ], [ 88.379435625688018, 22.485277077966067 ], [ 88.380107685407651, 22.485078727871819 ], [ 88.38011986514978, 22.485062564450967 ], [ 88.380119676155971, 22.485044209754676 ], [ 88.380056155256881, 22.484870355430886 ], [ 88.380038848502977, 22.48486820537158 ], [ 88.379809820223244, 22.484927480464574 ], [ 88.379364249809527, 22.485059692725148 ], [ 88.37935444455313, 22.485066658141491 ], [ 88.379349695399696, 22.485085054045033 ] ] ] } },
{ "type": "Feature", "properties": { "source": "KMC ward sewerage network map (ArcMap GeoPDF), water raster", "extraction_method": "geopdf_raster_polygonised", "wards": "101,102,105,106,107,108,109" }, "geometry": { "type": "Polygon", "coordinates": [ [ [ 88.381678716195225, 22.485136735250563 ], [ 88.381650019740277, 22.484987830437866 ], [ 88.381499669681943, 22.485014326842279 ], [ 88.381528365984678, 22.485163231689079 ], [ 88.381678716195225, 22.485136735250563 ] ] ] } },
{ "type": "Feature", "properties": { "source": "KMC ward sewerage network map (ArcMap GeoPDF), water raster", "extraction_method": "geopdf_raster_polygonised", "wards": "101,102,105,106,107,108,109" }, "geometry": { "type": "Polygon", "coordinates": [ [ [ 88.38049001792902, 22.485279749101451 ], [ 88.380524726073318, 22.485293226461515 ], [ 88.380598749579647, 22.485288019207296 ], [ 88.380788486372651, 22.485249721978988 ], [ 88.380837630503436, 22.485226366152435 ], [ 88.380758561823839, 22.484981511469385 ], [ 88.380721526523857, 22.484981820796797 ], [ 88.380457932108555, 22.485041385503653 ], [ 88.380448150541653, 22.485050645320456 ], [ 88.380436348911672, 22.485103518151675 ], [ 88.380467442246072, 22.485245519614725 ], [ 88.38049001792902, 22.485279749101451 ] ] ] } },
{ "type": "Feature", "properties": { "source": "KMC ward sewerage network map (ArcMap GeoPDF), water raster", "extraction_method": "geopdf_raster_polygonised", "wards": "101,102,105,106,107,108,109" }, "geometry": { "type": "Polygon", "coordinates": [ [ [ 88.381695777113393, 22.485354573299198 ], [ 88.381671536210092, 22.485398372038468 ], [ 88.381670438897203, 22.485531464128574 ], [ 88.38184823261507, 22.485532272533046 ], [ 88.381857106215733, 22.485674459396552 ], [ 88.3819729614316, 22.485655134615403 ], [ 88.382157712870381, 22.48561228838296 ], [ 88.382192137331984, 22.48559823335269 ], [ 88.382223974459677, 22.485572727286332 ], [ 88.382235964709295, 22.485538209038015 ], [ 88.38224016931575, 22.485467043367446 ], [ 88.382198298999043, 22.485237940194089 ], [ 88.381732481381562, 22.485322143047632 ], [ 88.381722628932465, 22.485324519932053 ], [ 88.381695777113393, 22.485354573299198 ] ] ] } },
{ "type": "Feature", "properties": { "source": "KMC ward sewerage network map (ArcMap GeoPDF), water raster", "extraction_method": "geopdf_raster_polygonised", "wards": "101,102,105,106,107,108,109" }, "geometry": { "type": "Polygon", "coordinates": [ [ [ 88.380822900035426, 22.485474298833221 ], [ 88.380805569562824, 22.485469854524549 ], [ 88.380554154005324, 22.485513255957787 ], [ 88.38044314218979, 22.485523361141283 ], [ 88.380061292975981, 22.485609152570493 ], [ 88.38003460609508, 22.485655266039213 ], [ 88.380033011132497, 22.485740177117538 ], [ 88.380060902854339, 22.485811074830401 ], [ 88.380103396202315, 22.485861199828427 ], [ 88.380256051152216, 22.485818623698286 ], [ 88.380546830132175, 22.485761126772491 ], [ 88.380566346080528, 22.485738018450768 ], [ 88.380598254454, 22.485719395698627 ], [ 88.380745900101786, 22.485669977350753 ], [ 88.380829398099578, 22.485625683775559 ], [ 88.380866031737597, 22.485586370700208 ], [ 88.3808629481438, 22.485526738584092 ], [ 88.380822900035426, 22.485474298833221 ] ] ] } },
{ "type": "Feature", "properties": { "source": "KMC ward sewerage network map (ArcMap GeoPDF), water raster", "extraction_method": "geopdf_raster_polygonised", "wards": "101,102,105,106,107,108,109" }, "geometry": { "type": "Polygon", "coordinates": [ [ [ 88.377814236926383, 22.485604950440369 ], [ 88.377602088650605, 22.485625074686308 ], [ 88.377510993766649, 22.485651073644526 ], [ 88.377422249979389, 22.485665580283804 ], [ 88.377453505498679, 22.485823642842849 ], [ 88.377461950192753, 22.485924532059233 ], [ 88.377474719862846, 22.485965727304936 ], [ 88.377497106304588, 22.48598160252449 ], [ 88.377765925143166, 22.485949533429832 ], [ 88.377898923071868, 22.485916301464044 ], [ 88.377911150325488, 22.485904726873123 ], [ 88.377918109254637, 22.485861072695034 ], [ 88.377911496382239, 22.485698215786112 ], [ 88.377898655849123, 22.485650137561866 ], [ 88.377863735546001, 22.485616010576774 ], [ 88.377843865335265, 22.485604703506795 ], [ 88.377814236926383, 22.485604950440369 ] ] ] } },
{ "type": "Feature", "properties": { "source": "KMC ward sewerage network map (ArcMap GeoPDF), water raster", "extraction_method": "geopdf_raster_polygonised", "wards": "101,102,105,106,107,108,109" }, "geometry": { "type": "Polygon", "coordinates": [ [ [ 88.375251243040935, 22.486094376349026 ], [ 88.37530819590782, 22.486109964337725 ], [ 88.375530362904641, 22.48610352693499 ], [ 88.375507902374906, 22.485839842032817 ], [ 88.375433595675361, 22.485817514875698 ], [ 88.375362040597935, 22.485822699240327 ], [ 88.375295682596374, 22.485853080251733 ], [ 88.375249241712552, 22.485899357320893 ], [ 88.375225210540066, 22.485963804267886 ], [ 88.375228503647079, 22.486044085683069 ], [ 88.375251243040935, 22.486094376349026 ] ] ] } },
{ "type": "Feature", "properties": { "source": "KMC ward sewerage network map (ArcMap GeoPDF), water raster", "extraction_method": "geopdf_raster_polygonised", "wards": "101,102,105,106,107,108,109" }, "geometry": { "type": "Polygon", "coordinates": [ [ [ 88.375896860833123, 22.485965099492272 ], [ 88.375895357573569, 22.486059188016721 ], [ 88.375918709667303, 22.486169131437535 ], [ 88.375931266905766, 22.486189677759015 ], [ 88.375966116240093, 22.486216922154846 ], [ 88.376042892275024, 22.486239228499375 ], [ 88.376166297509457, 22.486233612220861 ], [ 88.376213044472848, 22.486217161325609 ], [ 88.376239897684798, 22.486187108807499 ], [ 88.376249491128476, 22.486159494505468 ], [ 88.376251182638484, 22.486083760714902 ], [ 88.376235190307455, 22.48596916701149 ], [ 88.376155733317603, 22.485926232238644 ], [ 88.376012528905108, 22.485927424217419 ], [ 88.375936177061831, 22.485946415984227 ], [ 88.375896860833123, 22.485965099492272 ] ] ] } },
{ "type": "Feature", "properties": { "source": "KMC ward sewerage network map (ArcMap GeoPDF), water raster", "extraction_method": "geopdf_raster_polygonised", "wards": "101,102,105,106,107,108,109" }, "geometry": { "type": "Polygon", "coordinates": [ [ [ 88.378884470892075, 22.485947091122682 ], [ 88.37880555605534, 22.485956927472099 ], [ 88.378900545727035, 22.48630949354239 ], [ 88.379252934469434, 22.48624001230613 ], [ 88.379167536811863, 22.4858598320364 ], [ 88.378874099037517, 22.485898992401388 ], [ 88.378884470892075, 22.485947091122682 ] ] ] } },
{ "type": "Feature", "properties": { "source": "KMC ward sewerage network map (ArcMap GeoPDF), water raster", "extraction_method": "geopdf_raster_polygonised", "wards": "101,102,105,106,107,108,109" }, "geometry": { "type": "Polygon", "coordinates": [ [ [ 88.378285375790426, 22.486277911068814 ], [ 88.378285210622849, 22.486261850699478 ], [ 88.378270372756177, 22.4862596798725 ], [ 88.37825767360674, 22.486225367720035 ], [ 88.378257272494565, 22.486186363965146 ], [ 88.378190608307008, 22.486186919742913 ], [ 88.378136501673268, 22.486208021626293 ], [ 88.378087451072332, 22.486240554021141 ], [ 88.37805568376794, 22.486272942329983 ], [ 88.378051123141006, 22.48630969291283 ], [ 88.378081624604434, 22.486394336458385 ], [ 88.378106645378523, 22.486426251373395 ], [ 88.378143893442484, 22.486446591674582 ], [ 88.378193250821397, 22.486443885661174 ], [ 88.378244935676648, 22.486427393017021 ], [ 88.378269319420355, 22.486397360766265 ], [ 88.378392181869316, 22.486338972998169 ], [ 88.378423925508017, 22.486304290288086 ], [ 88.378416305992431, 22.486283703005419 ], [ 88.378384019624619, 22.486265615931309 ], [ 88.37834451490076, 22.48626594531661 ], [ 88.378285375790426, 22.486277911068814 ] ] ] } },
{ "type": "Feature", "properties": { "source": "KMC ward sewerage network map (ArcMap GeoPDF), water raster", "extraction_method": "geopdf_raster_polygonised", "wards": "101,102,105,106,107,108,109" }, "geometry": { "type": "Polygon", "coordinates": [ [ [ 88.378706727678193, 22.486671352075163 ], [ 88.378803714659227, 22.486978010812216 ], [ 88.379247106020458, 22.486873352446199 ], [ 88.379187130299599, 22.486564090692521 ], [ 88.378960355426358, 22.486602695085637 ], [ 88.378706727678193, 22.486671352075163 ] ] ] } },
{ "type": "Feature", "properties": { "source": "KMC ward sewerage network map (ArcMap GeoPDF), water raster", "extraction_method": "geopdf_raster_polygonised", "wards": "101,102,105,106,107,108,109" }, "geometry": { "type": "Polygon", "coordinates": [ [ [ 88.375827320565051, 22.486888082038885 ], [ 88.375813118650584, 22.486947858186024 ], [ 88.375860337020086, 22.486977294193384 ], [ 88.375900218897002, 22.487013674856229 ], [ 88.375918091254817, 22.487070889522805 ], [ 88.376147219232436, 22.487020797078184 ], [ 88.376156836303807, 22.486995477120988 ], [ 88.376148439563707, 22.486899176485803 ], [ 88.376138162797204, 22.48686025491164 ], [ 88.376105546719899, 22.486810046607992 ], [ 88.376053508043796, 22.486792123477528 ], [ 88.375932971835553, 22.48683672293491 ], [ 88.375868917666565, 22.486851023262197 ], [ 88.375827320565051, 22.486888082038885 ] ] ] } },
{ "type": "Feature", "properties": { "source": "KMC ward sewerage network map (ArcMap GeoPDF), water raster", "extraction_method": "geopdf_raster_polygonised", "wards": "101,102,105,106,107,108,109" }, "geometry": { "type": "Polygon", "coordinates": [ [ [ 88.380791341457069, 22.487204640658881 ], [ 88.380695142683933, 22.487214622332605 ], [ 88.380675508385806, 22.48722625899579 ], [ 88.380665821231773, 22.487244696173892 ], [ 88.380678733795307, 22.487299657120555 ], [ 88.380721393299396, 22.487365842263191 ], [ 88.380721629667036, 22.487388785621075 ], [ 88.380711895235947, 22.487402634130287 ], [ 88.380712273422503, 22.487439343502842 ], [ 88.380729745963592, 22.487457553822885 ], [ 88.380747076685523, 22.487461998126339 ], [ 88.380761891069369, 22.487461874380823 ], [ 88.380811035964811, 22.487438518529089 ], [ 88.380862862658475, 22.487435791058022 ], [ 88.380884942391802, 22.487421839409787 ], [ 88.380887104141024, 22.487391992420516 ], [ 88.380847102723706, 22.48734414138622 ], [ 88.380853091579155, 22.487206419368018 ], [ 88.38083806447672, 22.487185894099028 ], [ 88.380791341457069, 22.487204640658881 ] ] ] } },
{ "type": "Feature", "properties": { "source": "KMC ward sewerage network map (ArcMap GeoPDF), water raster", "extraction_method": "geopdf_raster_polygonised", "wards": "101,102,105,106,107,108,109" }, "geometry": { "type": "Polygon", "coordinates": [ [ [ 88.37423790795259, 22.487447401771927 ], [ 88.374110410345139, 22.487535653994218 ], [ 88.374110669153183, 22.487560891758118 ], [ 88.374170985702946, 22.487663644599667 ], [ 88.374249972551226, 22.487660693483324 ], [ 88.374355695630371, 22.487616218385689 ], [ 88.374432001569119, 22.48759263863127 ], [ 88.374476162471225, 22.487564737027931 ], [ 88.37448286366444, 22.487495845188743 ], [ 88.374464732952134, 22.487413392578592 ], [ 88.37441521036159, 22.487400037076963 ], [ 88.374336247200731, 22.487405282608826 ], [ 88.37423790795259, 22.487447401771927 ] ] ] } },
{ "type": "Feature", "properties": { "source": "KMC ward sewerage network map (ArcMap GeoPDF), water raster", "extraction_method": "geopdf_raster_polygonised", "wards": "101,102,105,106,107,108,109" }, "geometry": { "type": "Polygon", "coordinates": [ [ [ 88.377975370195259, 22.488067938306326 ], [ 88.377995358742297, 22.488090717029763 ], [ 88.378032560064682, 22.488106468654674 ], [ 88.378170498103756, 22.488073195206848 ], [ 88.378217174613084, 22.488049860700542 ], [ 88.378248918662976, 22.488015178010315 ], [ 88.378243673753957, 22.487985392788644 ], [ 88.378178062052399, 22.487848267731895 ], [ 88.37796146773627, 22.487916614889038 ], [ 88.377944325761277, 22.487930524991281 ], [ 88.377934850515615, 22.487969611069275 ], [ 88.377975370195259, 22.488067938306326 ] ] ] } },
{ "type": "Feature", "properties": { "source": "KMC ward sewerage network map (ArcMap GeoPDF), water raster", "extraction_method": "geopdf_raster_polygonised", "wards": "101,102,105,106,107,108,109" }, "geometry": { "type": "Polygon", "coordinates": [ [ [ 88.375895797221105, 22.489468865518667 ], [ 88.37580415317305, 22.489201167570187 ], [ 88.375791619212734, 22.489182915598995 ], [ 88.375719591307458, 22.489142213403522 ], [ 88.375593455266397, 22.48912261227164 ], [ 88.375322372477086, 22.489175347668972 ], [ 88.375310074076239, 22.489180039062422 ], [ 88.375268782293929, 22.489246924154145 ], [ 88.375266666427351, 22.489281359804359 ], [ 88.375282823351014, 22.489412013962621 ], [ 88.375268644554311, 22.489474084408702 ], [ 88.37518883598517, 22.489637660453827 ], [ 88.375139971859269, 22.489688546757463 ], [ 88.375068767974199, 22.489728146198875 ], [ 88.375014659460177, 22.489749247117562 ], [ 88.374977881794948, 22.489774792936462 ], [ 88.374936377790391, 22.489821028888578 ], [ 88.374912251722819, 22.489876298436723 ], [ 88.374935603863435, 22.489986241956306 ], [ 88.374960506914036, 22.490006685646666 ], [ 88.375022470249334, 22.490029115596641 ], [ 88.375086620156537, 22.490023992895836 ], [ 88.375175814434172, 22.490053079867405 ], [ 88.375215155442291, 22.490036690822226 ], [ 88.375246311963153, 22.48994465016213 ], [ 88.375292801220553, 22.489902961729431 ], [ 88.375408402037195, 22.489858403713246 ], [ 88.375775145356457, 22.489742919508597 ], [ 88.37584879457944, 22.489701004873801 ], [ 88.375872778884045, 22.489631969165206 ], [ 88.375881147508821, 22.489485049206998 ], [ 88.375895797221105, 22.489468865518667 ] ] ] } },
{ "type": "Feature", "properties": { "source": "KMC ward sewerage network map (ArcMap GeoPDF), water raster", "extraction_method": "geopdf_raster_polygonised", "wards": "101,102,105,106,107,108,109" }, "geometry": { "type": "Polygon", "coordinates": [ [ [ 88.373796001749071, 22.490105854587597 ], [ 88.374116751766536, 22.490080243252343 ], [ 88.37412072523135, 22.489986134202827 ], [ 88.374110260501041, 22.48992885776488 ], [ 88.374048532634504, 22.489929370869763 ], [ 88.373927734232169, 22.489948731220153 ], [ 88.373912707794261, 22.48992820527565 ], [ 88.373890462233732, 22.489926095627176 ], [ 88.373799246137281, 22.489940620940111 ], [ 88.373782079957536, 22.489952236287635 ], [ 88.373796001749071, 22.490105854587597 ] ] ] } },
{ "type": "Feature", "properties": { "source": "KMC ward sewerage network map (ArcMap GeoPDF), water raster", "extraction_method": "geopdf_raster_polygonised", "wards": "101,102,105,106,107,108,109" }, "geometry": { "type": "Polygon", "coordinates": [ [ [ 88.376702623190198, 22.490127563127146 ], [ 88.376607034847424, 22.49019719528615 ], [ 88.376602591627488, 22.490245417531188 ], [ 88.37663570378308, 22.490343806781638 ], [ 88.376712435074481, 22.490361523998853 ], [ 88.376934325739384, 22.490327552262691 ], [ 88.377158944791432, 22.490318797377199 ], [ 88.377208067754751, 22.490293148213183 ], [ 88.377225045008487, 22.490263177806352 ], [ 88.377222057080147, 22.490212722934594 ], [ 88.377153999650432, 22.49007791241068 ], [ 88.377094387210605, 22.490043991035659 ], [ 88.376980855139266, 22.490049525915207 ], [ 88.376860151473764, 22.490078065803925 ], [ 88.376702623190198, 22.490127563127146 ] ] ] } },
{ "type": "Feature", "properties": { "source": "KMC ward sewerage network map (ArcMap GeoPDF), water raster", "extraction_method": "geopdf_raster_polygonised", "wards": "101,102,105,106,107,108,109" }, "geometry": { "type": "Polygon", "coordinates": [ [ [ 88.377475353207657, 22.490591505033628 ], [ 88.377486762863754, 22.490740554696387 ], [ 88.377509315220195, 22.490772490232231 ], [ 88.377588751854546, 22.490813129814985 ], [ 88.377633007416989, 22.490794404688987 ], [ 88.377649819501826, 22.490748373875967 ], [ 88.377640737255732, 22.490585537627112 ], [ 88.377600358504168, 22.490500976388287 ], [ 88.377557888093477, 22.49045314512194 ], [ 88.37747894700108, 22.490460686611076 ], [ 88.377459453487802, 22.490486088942745 ], [ 88.377460090324561, 22.490548036070692 ], [ 88.377475353207657, 22.490591505033628 ] ] ] } },
{ "type": "Feature", "properties": { "source": "KMC ward sewerage network map (ArcMap GeoPDF), water raster", "extraction_method": "geopdf_raster_polygonised", "wards": "101,102,105,106,107,108,109" }, "geometry": { "type": "Polygon", "coordinates": [ [ [ 88.374919633579225, 22.491558132165419 ], [ 88.374885301034169, 22.491581363103599 ], [ 88.374863361285307, 22.491609080027576 ], [ 88.374856189303017, 22.49163208504336 ], [ 88.3748713808898, 22.491668671261333 ], [ 88.374923303566007, 22.491675122978396 ], [ 88.374938236165988, 22.491686471446666 ], [ 88.374955991112799, 22.491732214476716 ], [ 88.374985620861494, 22.491731968003354 ], [ 88.374997754664108, 22.491711216243406 ], [ 88.375059130071847, 22.491676287634494 ], [ 88.375073662357593, 22.491648632308515 ], [ 88.375065760410138, 22.491600512789422 ], [ 88.375038081781653, 22.491550263253028 ], [ 88.375010779930761, 22.491536723153256 ], [ 88.374973742797167, 22.491537031247297 ], [ 88.374919633579225, 22.491558132165419 ] ] ] } },
{ "type": "Feature", "properties": { "source": "KMC ward sewerage network map (ArcMap GeoPDF), water raster", "extraction_method": "geopdf_raster_polygonised", "wards": "101,102,105,106,107,108,109" }, "geometry": { "type": "Polygon", "coordinates": [ [ [ 88.375515349914693, 22.492578833245467 ], [ 88.375414915221455, 22.492657683245536 ], [ 88.37535840715384, 22.492685687892187 ], [ 88.375473896677391, 22.492870584213815 ], [ 88.375559916981103, 22.492830861237604 ], [ 88.375640786874015, 22.492770530266359 ], [ 88.375515349914693, 22.492578833245467 ] ] ] } },
{ "type": "Feature", "properties": { "source": "KMC ward sewerage network map (ArcMap GeoPDF), water raster", "extraction_method": "geopdf_raster_polygonised", "wards": "101,102,105,106,107,108,109" }, "geometry": { "type": "Polygon", "coordinates": [ [ [ 88.374814094141826, 22.493305151865446 ], [ 88.374844242252209, 22.493355380877357 ], [ 88.374876694730148, 22.493389528964432 ], [ 88.374911498660879, 22.493412184805379 ], [ 88.37497329869629, 22.493418554311901 ], [ 88.374995521276972, 22.493418369441564 ], [ 88.375086362658237, 22.493367133916536 ], [ 88.375048594989536, 22.493296317524223 ], [ 88.37502319677111, 22.493227692752797 ], [ 88.374984652069202, 22.493081163129656 ], [ 88.37489343407313, 22.493095689154377 ], [ 88.374832034468341, 22.493128323387729 ], [ 88.374810447670214, 22.493190455410389 ], [ 88.374808449415852, 22.493236362746284 ], [ 88.374814094141826, 22.493305151865446 ] ] ] } },
{ "type": "Feature", "properties": { "source": "KMC ward sewerage network map (ArcMap GeoPDF), water raster", "extraction_method": "geopdf_raster_polygonised", "wards": "101,102,105,106,107,108,109" }, "geometry": { "type": "Polygon", "coordinates": [ [ [ 88.373270648764617, 22.493538258285845 ], [ 88.373234010916491, 22.49357756980886 ], [ 88.37321000119266, 22.493644310849987 ], [ 88.373218067301849, 22.493708490863558 ], [ 88.373248214949029, 22.49375872019618 ], [ 88.373297998485029, 22.493797313691807 ], [ 88.373364878159279, 22.493817408825592 ], [ 88.373426560720475, 22.493812307214448 ], [ 88.37349045368704, 22.49378194731036 ], [ 88.3735270915098, 22.493742635730904 ], [ 88.373551101093, 22.493675894650067 ], [ 88.37354298778294, 22.49360712597851 ], [ 88.373512840068543, 22.493556896703804 ], [ 88.37346804197287, 22.493522850918406 ], [ 88.373401162430298, 22.493502755820405 ], [ 88.373334541646358, 22.493507898447181 ], [ 88.373270648764617, 22.493538258285845 ] ] ] } },
{ "type": "Feature", "properties": { "source": "KMC ward sewerage network map (ArcMap GeoPDF), water raster", "extraction_method": "geopdf_raster_polygonised", "wards": "101,102,105,106,107,108,109" }, "geometry": { "type": "Polygon", "coordinates": [ [ [ 88.372160947271837, 22.494410220381553 ], [ 88.372170918071362, 22.494419315754566 ], [ 88.372188225949429, 22.494421466603232 ], [ 88.372296894090525, 22.494422858944013 ], [ 88.37242282309461, 22.4944218133509 ], [ 88.37243756774663, 22.494414807307958 ], [ 88.372447256464085, 22.494396370560956 ], [ 88.372455957828208, 22.494281571455907 ], [ 88.372443517828046, 22.494272496603806 ], [ 88.372176891929783, 22.494279299388847 ], [ 88.372164804499207, 22.494304639646401 ], [ 88.372153375159286, 22.494394221482846 ], [ 88.372160947271837, 22.494410220381553 ] ] ] } },
{ "type": "Feature", "properties": { "source": "KMC ward sewerage network map (ArcMap GeoPDF), water raster", "extraction_method": "geopdf_raster_polygonised", "wards": "101,102,105,106,107,108,109" }, "geometry": { "type": "Polygon", "coordinates": [ [ [ 88.382338772258649, 22.502268840523723 ], [ 88.382437902893813, 22.502258405724213 ], [ 88.382453671291955, 22.50206560761406 ], [ 88.382469332977323, 22.502004927382092 ], [ 88.38246503029147, 22.50144896969001 ], [ 88.38234651776456, 22.501447175165122 ], [ 88.38237050198012, 22.501759383036873 ], [ 88.382372491809932, 22.501950661395906 ], [ 88.38233759840935, 22.502156000056338 ], [ 88.382338772258649, 22.502268840523723 ] ] ] } },
{ "type": "Feature", "properties": { "source": "KMC ward sewerage network map (ArcMap GeoPDF), water raster", "extraction_method": "geopdf_raster_polygonised", "wards": "101,102,105,106,107,108,109" }, "geometry": { "type": "Polygon", "coordinates": [ [ [ 88.380740704542404, 22.502138622350948 ], [ 88.380732304376494, 22.502185481630377 ], [ 88.380902587570446, 22.502607982523589 ], [ 88.380910150195561, 22.502623059878612 ], [ 88.380925032324612, 22.50262982081901 ], [ 88.381086139126808, 22.502596866921362 ], [ 88.381109664474664, 22.502580162320534 ], [ 88.38111372146858, 22.502542971635542 ], [ 88.381080573860302, 22.502346439920924 ], [ 88.380996941704964, 22.502137929848679 ], [ 88.380972858649045, 22.502100966371913 ], [ 88.380918016652885, 22.502097280503609 ], [ 88.380761210548272, 22.502116437297232 ], [ 88.380740704542404, 22.502138622350948 ] ] ] } },
{ "type": "Feature", "properties": { "source": "KMC ward sewerage network map (ArcMap GeoPDF), water raster", "extraction_method": "geopdf_raster_polygonised", "wards": "101,102,105,106,107,108,109" }, "geometry": { "type": "Polygon", "coordinates": [ [ [ 88.380371652510888, 22.502543457334763 ], [ 88.380348212848773, 22.502568418458171 ], [ 88.380353184981146, 22.502619298461269 ], [ 88.380388944923084, 22.502639653155633 ], [ 88.380464421928494, 22.502633539111766 ], [ 88.380568367965395, 22.50265884829204 ], [ 88.380620190861933, 22.50265705376227 ], [ 88.380646707002057, 22.502643077523743 ], [ 88.380664250968806, 22.502620916390164 ], [ 88.380672207906997, 22.50253139788472 ], [ 88.380667636032754, 22.502519048813976 ], [ 88.380643753170872, 22.502501350747462 ], [ 88.380602169076113, 22.502490676659125 ], [ 88.380528116028657, 22.502491274392064 ], [ 88.380414374554903, 22.502521093025361 ], [ 88.380371652510888, 22.502543457334763 ] ] ] } },
{ "type": "Feature", "properties": { "source": "KMC ward sewerage network map (ArcMap GeoPDF), water raster", "extraction_method": "geopdf_raster_polygonised", "wards": "101,102,105,106,107,108,109" }, "geometry": { "type": "Polygon", "coordinates": [ [ [ 88.381276693487692, 22.503116915207528 ], [ 88.381278646632438, 22.50316231466887 ], [ 88.381315436860191, 22.503281748607996 ], [ 88.381342253467523, 22.503296670430451 ], [ 88.381371860541819, 22.503295055079434 ], [ 88.381441198949446, 22.503268346858238 ], [ 88.381475063225139, 22.503248806252483 ], [ 88.381477939517495, 22.503240525704069 ], [ 88.381480458123704, 22.503197842565804 ], [ 88.381439396266032, 22.503094957801917 ], [ 88.381419856262212, 22.503067591246996 ], [ 88.381314857896612, 22.503083577714026 ], [ 88.381288370359528, 22.503100306270134 ], [ 88.381276693487692, 22.503116915207528 ] ] ] } },
{ "type": "Feature", "properties": { "source": "KMC ward sewerage network map (ArcMap GeoPDF), water raster", "extraction_method": "geopdf_raster_polygonised", "wards": "101,102,105,106,107,108,109" }, "geometry": { "type": "Polygon", "coordinates": [ [ [ 88.379546863947837, 22.503564385814716 ], [ 88.379545173483407, 22.503686883020791 ], [ 88.379573485361902, 22.503703169301382 ], [ 88.379686089888793, 22.503706389665425 ], [ 88.379782331143019, 22.503702860857999 ], [ 88.379795589356561, 22.503695872801984 ], [ 88.379804304308038, 22.503679287858461 ], [ 88.379801522743847, 22.503554074296655 ], [ 88.379789374052478, 22.50352527168679 ], [ 88.379774477583425, 22.503517134539667 ], [ 88.379573223197227, 22.503535272589168 ], [ 88.379558498202144, 22.503543648677418 ], [ 88.379546863947837, 22.503564385814716 ] ] ] } },
{ "type": "Feature", "properties": { "source": "KMC ward sewerage network map (ArcMap GeoPDF), water raster", "extraction_method": "geopdf_raster_polygonised", "wards": "101,102,105,106,107,108,109" }, "geometry": { "type": "Polygon", "coordinates": [ [ [ 88.382829665007819, 22.504605819845477 ], [ 88.382788466814844, 22.50463230113423 ], [ 88.382776775689294, 22.504647534072202 ], [ 88.382781419434821, 22.504666763579884 ], [ 88.382812708352972, 22.504684401410088 ], [ 88.382847131308594, 22.504718528510594 ], [ 88.382865419905585, 22.504767924478394 ], [ 88.382880402611278, 22.504784317937563 ], [ 88.382927825942161, 22.504786686866169 ], [ 88.382987241179308, 22.504802720980351 ], [ 88.383016862860316, 22.504802481414433 ], [ 88.383044903188988, 22.504792621104933 ], [ 88.383062389713032, 22.504764955311792 ], [ 88.383066374590697, 22.504720884098404 ], [ 88.383057101342743, 22.504683801206056 ], [ 88.38302700700487, 22.504638629397636 ], [ 88.382994194020412, 22.504616875280572 ], [ 88.382908133710615, 22.504602432861208 ], [ 88.382829665007819, 22.504605819845477 ] ] ] } },
{ "type": "Feature", "properties": { "source": "KMC ward sewerage network map (ArcMap GeoPDF), water raster", "extraction_method": "geopdf_raster_polygonised", "wards": "101,102,105,106,107,108,109" }, "geometry": { "type": "Polygon", "coordinates": [ [ [ 88.38020794505357, 22.504892609109756 ], [ 88.380176642092408, 22.504873594655532 ], [ 88.380140681451209, 22.50483397448939 ], [ 88.38007645154957, 22.504782196455658 ], [ 88.38003480962071, 22.504766017839113 ], [ 88.379960812518021, 22.50477211978879 ], [ 88.379915513463416, 22.504831662724378 ], [ 88.379920757136929, 22.504908688711016 ], [ 88.379961175294909, 22.504949649181089 ], [ 88.380026557557557, 22.504969764911735 ], [ 88.380098164383469, 22.505018730994184 ], [ 88.38017020013109, 22.505108980163168 ], [ 88.38025086517483, 22.505174387703629 ], [ 88.380286654376008, 22.505197494590139 ], [ 88.380323710218889, 22.505199947955195 ], [ 88.380402050705385, 22.505184177237481 ], [ 88.380446240321788, 22.505160424827807 ], [ 88.380478495416327, 22.505128511426211 ], [ 88.380489857965884, 22.505081628252746 ], [ 88.380466883808623, 22.505008874076172 ], [ 88.380445748223806, 22.504970510537149 ], [ 88.38036239269735, 22.504931272974726 ], [ 88.380286714288104, 22.504918121575944 ], [ 88.38020794505357, 22.504892609109756 ] ] ] } },
{ "type": "Feature", "properties": { "source": "KMC ward sewerage network map (ArcMap GeoPDF), water raster", "extraction_method": "geopdf_raster_polygonised", "wards": "101,102,105,106,107,108,109" }, "geometry": { "type": "Polygon", "coordinates": [ [ [ 88.381095144435122, 22.504888199234347 ], [ 88.381152319315873, 22.505116189852725 ], [ 88.381182398871559, 22.505159985930895 ], [ 88.381206139213333, 22.505163922851295 ], [ 88.38124007550303, 22.505151262791593 ], [ 88.381231496946242, 22.505038482122682 ], [ 88.38126058935957, 22.504987327050777 ], [ 88.381261684172287, 22.504950160296026 ], [ 88.381234094711971, 22.504860928892469 ], [ 88.381186184964392, 22.504811771946287 ], [ 88.381147619525976, 22.504806578529383 ], [ 88.381121031516187, 22.504813674347318 ], [ 88.381094615159967, 22.504837283403507 ], [ 88.381095144435122, 22.504888199234347 ] ] ] } },
{ "type": "Feature", "properties": { "source": "KMC ward sewerage network map (ArcMap GeoPDF), water raster", "extraction_method": "geopdf_raster_polygonised", "wards": "101,102,105,106,107,108,109" }, "geometry": { "type": "Polygon", "coordinates": [ [ [ 88.380881362984852, 22.505696389906841 ], [ 88.380867890100319, 22.505682736504486 ], [ 88.38085831699108, 22.505616755289168 ], [ 88.380794429714115, 22.5055980040643 ], [ 88.380726313695561, 22.505599930241026 ], [ 88.380726485314682, 22.505616443484524 ], [ 88.380714650863098, 22.505617915250202 ], [ 88.380701321015664, 22.505618022868969 ], [ 88.380699725510837, 22.505607025997421 ], [ 88.38066276966417, 22.505614205450417 ], [ 88.380630056886915, 22.505602083572871 ], [ 88.380605887469457, 22.50555686345966 ], [ 88.380561411762073, 22.505553093842401 ], [ 88.38050968788221, 22.505564521133156 ], [ 88.380483342776941, 22.505595010618141 ], [ 88.380469418378567, 22.505680448606864 ], [ 88.380527115658126, 22.50581622855692 ], [ 88.380616167347625, 22.505833400514948 ], [ 88.380698965735803, 22.505818969870585 ], [ 88.380735821521185, 22.5058021576817 ], [ 88.380762509855032, 22.505804694642752 ], [ 88.380790850914195, 22.505823732883446 ], [ 88.380925559154463, 22.505815764085202 ], [ 88.380957871492711, 22.505789355001827 ], [ 88.380961957179238, 22.505754916535203 ], [ 88.380955789630107, 22.505731570616341 ], [ 88.38092736274767, 22.505704275783707 ], [ 88.380881362984852, 22.505696389906841 ] ] ] } },
{ "type": "Feature", "properties": { "source": "KMC ward sewerage network map (ArcMap GeoPDF), water raster", "extraction_method": "geopdf_raster_polygonised", "wards": "101,102,105,106,107,108,109" }, "geometry": { "type": "Polygon", "coordinates": [ [ [ 88.379873385727819, 22.505909582477059 ], [ 88.379842654293867, 22.505945612132908 ], [ 88.379835749058813, 22.505993835524997 ], [ 88.379855403552853, 22.50603221109002 ], [ 88.379905946740635, 22.506049694133829 ], [ 88.379926682130076, 22.506049526825549 ], [ 88.379951746463178, 22.50603831482988 ], [ 88.379985340022444, 22.505992628523682 ], [ 88.379990592572668, 22.505927903831001 ], [ 88.379973800193341, 22.505879871652944 ], [ 88.379958932042527, 22.505874486746443 ], [ 88.379932272289963, 22.505874701860261 ], [ 88.37991017017886, 22.505885889950843 ], [ 88.379873385727819, 22.505909582477059 ] ] ] } },
{ "type": "Feature", "properties": { "source": "KMC ward sewerage network map (ArcMap GeoPDF), water raster", "extraction_method": "geopdf_raster_polygonised", "wards": "101,102,105,106,107,108,109" }, "geometry": { "type": "Polygon", "coordinates": [ [ [ 88.380179475486315, 22.506286949035147 ], [ 88.380067555060833, 22.506349782109304 ], [ 88.380047105535525, 22.50637747151583 ], [ 88.380076018453778, 22.506451554034868 ], [ 88.380094077613208, 22.506478932683571 ], [ 88.380113417738073, 22.506487033923527 ], [ 88.380165299259744, 22.506490743884324 ], [ 88.380171338048541, 22.506501704902142 ], [ 88.380196516814735, 22.50650150169616 ], [ 88.380196373845209, 22.506487740658326 ], [ 88.380271552692506, 22.506452728423625 ], [ 88.380278858124939, 22.506443035926893 ], [ 88.380277076769872, 22.506414149702316 ], [ 88.38025873163501, 22.506359248999939 ], [ 88.380224051505067, 22.50630035147292 ], [ 88.380203115924459, 22.506281253367948 ], [ 88.380179475486315, 22.506286949035147 ] ] ] } },
{ "type": "Feature", "properties": { "source": "KMC ward sewerage network map (ArcMap GeoPDF), water raster", "extraction_method": "geopdf_raster_polygonised", "wards": "101,102,105,106,107,108,109" }, "geometry": { "type": "Polygon", "coordinates": [ [ [ 88.380869887080451, 22.507014900286332 ], [ 88.380883374405997, 22.50702992978313 ], [ 88.38096069247969, 22.507058206012534 ], [ 88.381011035891248, 22.507056423236588 ], [ 88.381095201607124, 22.507030971569502 ], [ 88.381136243459679, 22.506989353535097 ], [ 88.381141767307994, 22.506950774797588 ], [ 88.38108816129477, 22.506923683369251 ], [ 88.380963862672246, 22.50693569694117 ], [ 88.380922506082413, 22.506947040661569 ], [ 88.380874058631193, 22.506988718443949 ], [ 88.380869887080451, 22.507014900286332 ] ] ] } },
{ "type": "Feature", "properties": { "source": "KMC ward sewerage network map (ArcMap GeoPDF), water raster", "extraction_method": "geopdf_raster_polygonised", "wards": "101,102,105,106,107,108,109" }, "geometry": { "type": "Polygon", "coordinates": [ [ [ 88.380409137281873, 22.507434238283306 ], [ 88.380413809418883, 22.507456220071568 ], [ 88.380428734957263, 22.507467109339601 ], [ 88.380856133181467, 22.507401728824618 ], [ 88.380867867652285, 22.507390624318656 ], [ 88.380873563235951, 22.507368558826542 ], [ 88.380876619063059, 22.507235040931221 ], [ 88.380866179763714, 22.507228244134925 ], [ 88.380843977399309, 22.507229799635972 ], [ 88.380441901598019, 22.507308737877327 ], [ 88.380425709460752, 22.507318502118103 ], [ 88.380417108780122, 22.507346095923811 ], [ 88.380409137281873, 22.507434238283306 ] ] ] } },
{ "type": "Feature", "properties": { "source": "KMC ward sewerage network map (ArcMap GeoPDF), water raster", "extraction_method": "geopdf_raster_polygonised", "wards": "101,102,105,106,107,108,109" }, "geometry": { "type": "Polygon", "coordinates": [ [ [ 88.379857562560417, 22.507380888560931 ], [ 88.379750979561081, 22.50738725339599 ], [ 88.379591290826681, 22.507414689868963 ], [ 88.37942735873709, 22.507461427484181 ], [ 88.379518683657082, 22.507697400536109 ], [ 88.379878961206046, 22.507587148770099 ], [ 88.379884714133382, 22.507570587720348 ], [ 88.379857562560417, 22.507380888560931 ] ] ] } },
{ "type": "Feature", "properties": { "source": "KMC ward sewerage network map (ArcMap GeoPDF), water raster", "extraction_method": "geopdf_raster_polygonised", "wards": "101,102,105,106,107,108,109" }, "geometry": { "type": "Polygon", "coordinates": [ [ [ 88.378310437083087, 22.507312167557217 ], [ 88.378245410861837, 22.50732645379782 ], [ 88.378201348667361, 22.507362590593903 ], [ 88.378179574558345, 22.507405428874375 ], [ 88.378150309196229, 22.50744007019912 ], [ 88.37806048939963, 22.507491714094655 ], [ 88.377886431472746, 22.507561927494766 ], [ 88.377842469029034, 22.507607696934791 ], [ 88.377831076870066, 22.507651827752333 ], [ 88.377831433728687, 22.507686230376507 ], [ 88.377866156078866, 22.507749256757318 ], [ 88.377997140533566, 22.507953258186649 ], [ 88.378044736268976, 22.507972141760071 ], [ 88.37808767449701, 22.507970419551771 ], [ 88.378329393106483, 22.507854245376777 ], [ 88.378426418690651, 22.50778327617342 ], [ 88.378457093763615, 22.507741742338744 ], [ 88.378477386713925, 22.507698915962354 ], [ 88.378481187431987, 22.507636955441164 ], [ 88.378431439474454, 22.507553407013415 ], [ 88.378338920942255, 22.507344967274754 ], [ 88.378310437083087, 22.507312167557217 ] ] ] } },
{ "type": "Feature", "properties": { "source": "KMC ward sewerage network map (ArcMap GeoPDF), water raster", "extraction_method": "geopdf_raster_polygonised", "wards": "101,102,105,106,107,108,109" }, "geometry": { "type": "Polygon", "coordinates": [ [ [ 88.380329932955291, 22.507937197524086 ], [ 88.380363089558927, 22.507991978639385 ], [ 88.380409190168763, 22.508009497349303 ], [ 88.380532237520171, 22.508019513767103 ], [ 88.380576642511542, 22.508016402835235 ], [ 88.380589051006453, 22.507785097900861 ], [ 88.380560809667301, 22.507775692371286 ], [ 88.38045703135586, 22.507766896634646 ], [ 88.380390395380516, 22.507768810765853 ], [ 88.380352043624313, 22.507784258752 ], [ 88.380324359963936, 22.507828521215984 ], [ 88.380320645864543, 22.507898738359142 ], [ 88.380329932955291, 22.507937197524086 ] ] ] } },
{ "type": "Feature", "properties": { "source": "KMC ward sewerage network map (ArcMap GeoPDF), water raster", "extraction_method": "geopdf_raster_polygonised", "wards": "101,102,105,106,107,108,109" }, "geometry": { "type": "Polygon", "coordinates": [ [ [ 88.381040158375512, 22.50914528781729 ], [ 88.380993320125725, 22.50919933862426 ], [ 88.380983395705016, 22.509242081547708 ], [ 88.381000002912486, 22.50927222422624 ], [ 88.381041860927922, 22.509309044053133 ], [ 88.381075955607841, 22.509311521113503 ], [ 88.381096691473516, 22.509311353630256 ], [ 88.381148345129148, 22.509293045574783 ], [ 88.381165932715675, 22.509275012674397 ], [ 88.381173138060831, 22.509255687416889 ], [ 88.381173817918835, 22.509178613699245 ], [ 88.38116319244628, 22.509153927595982 ], [ 88.381143851887458, 22.509145826506419 ], [ 88.381093436186674, 22.509140728847328 ], [ 88.381040158375512, 22.50914528781729 ] ] ] } },
{ "type": "Feature", "properties": { "source": "KMC ward sewerage network map (ArcMap GeoPDF), water raster", "extraction_method": "geopdf_raster_polygonised", "wards": "101,102,105,106,107,108,109" }, "geometry": { "type": "Polygon", "coordinates": [ [ [ 88.381592721494968, 22.509720211838303 ], [ 88.381607819130238, 22.509747614206066 ], [ 88.381631617524974, 22.509757055431162 ], [ 88.38174411241242, 22.509749265286356 ], [ 88.381780954757147, 22.509731076717912 ], [ 88.381804166242304, 22.509684097723007 ], [ 88.381804874368498, 22.509609776228768 ], [ 88.381782499866162, 22.509594818649507 ], [ 88.381733450611506, 22.50957870041201 ], [ 88.381646049289628, 22.509578030467644 ], [ 88.381613564494288, 22.50958792648564 ], [ 88.381606287631939, 22.50960037124775 ], [ 88.381592721494968, 22.509720211838303 ] ] ] } },
{ "type": "Feature", "properties": { "source": "KMC ward sewerage network map (ArcMap GeoPDF), water raster", "extraction_method": "geopdf_raster_polygonised", "wards": "101,102,105,106,107,108,109" }, "geometry": { "type": "Polygon", "coordinates": [ [ [ 88.382092615630881, 22.509645984680528 ], [ 88.382085453352275, 22.509669438279285 ], [ 88.382100215378827, 22.509806940737988 ], [ 88.382106319697385, 22.509966532661828 ], [ 88.382125961109324, 22.510003531769591 ], [ 88.382160242110331, 22.510023897917051 ], [ 88.38219584675096, 22.510029114960911 ], [ 88.382266855561127, 22.510020283597051 ], [ 88.382291906061624, 22.510007695114009 ], [ 88.382313536029372, 22.509951095314424 ], [ 88.382286916539911, 22.509670562101878 ], [ 88.382273242641219, 22.509637643421566 ], [ 88.382241852398678, 22.509610372835265 ], [ 88.382215091722131, 22.509600955648303 ], [ 88.382164790383797, 22.509606867152009 ], [ 88.38211608472065, 22.509623775484503 ], [ 88.382092615630881, 22.509645984680528 ] ] ] } },
{ "type": "Feature", "properties": { "source": "KMC ward sewerage network map (ArcMap GeoPDF), water raster", "extraction_method": "geopdf_raster_polygonised", "wards": "101,102,105,106,107,108,109" }, "geometry": { "type": "Polygon", "coordinates": [ [ [ 88.38156934557054, 22.50989380419589 ], [ 88.381548953125773, 22.509926998202122 ], [ 88.38153182351445, 22.509989066421635 ], [ 88.38153387715758, 22.510044098550043 ], [ 88.381577875093328, 22.51014420695633 ], [ 88.381615261475616, 22.510178310308898 ], [ 88.381653899996493, 22.510190384046197 ], [ 88.381687909011575, 22.510184604351611 ], [ 88.381717388710115, 22.51017060394453 ], [ 88.38173330909153, 22.510134693622142 ], [ 88.381738861476492, 22.510098867085336 ], [ 88.381719527508992, 22.509949015569063 ], [ 88.381695013370447, 22.509870769242998 ], [ 88.381671200638181, 22.509859951926241 ], [ 88.381607554610966, 22.509864594877477 ], [ 88.38156934557054, 22.50989380419589 ] ] ] } },
{ "type": "Feature", "properties": { "source": "KMC ward sewerage network map (ArcMap GeoPDF), water raster", "extraction_method": "geopdf_raster_polygonised", "wards": "101,102,105,106,107,108,109" }, "geometry": { "type": "Polygon", "coordinates": [ [ [ 88.378684426356557, 22.510378122399395 ], [ 88.378792407163218, 22.510363489589075 ], [ 88.378804084900807, 22.510346880800938 ], [ 88.378774114596027, 22.510170966400448 ], [ 88.378765042024341, 22.510153148701971 ], [ 88.378751626020502, 22.510144999557124 ], [ 88.37866429568399, 22.510151208531418 ], [ 88.378639359069297, 22.51017480530011 ], [ 88.378670967481114, 22.510365844936853 ], [ 88.378684426356557, 22.510378122399395 ] ] ] } },
{ "type": "Feature", "properties": { "source": "KMC ward sewerage network map (ArcMap GeoPDF), water raster", "extraction_method": "geopdf_raster_polygonised", "wards": "101,102,105,106,107,108,109" }, "geometry": { "type": "Polygon", "coordinates": [ [ [ 88.379773429009902, 22.51011886694787 ], [ 88.379639983225744, 22.510106181487995 ], [ 88.379552795911607, 22.510126151976415 ], [ 88.379474652643964, 22.510161187866188 ], [ 88.379439491087041, 22.510198629428704 ], [ 88.379418059979002, 22.510274494351449 ], [ 88.379428109719058, 22.510529013769794 ], [ 88.379449317426761, 22.510574257906033 ], [ 88.379501500625054, 22.510606866176676 ], [ 88.379584587850758, 22.510619958034191 ], [ 88.379735636364387, 22.51061598685903 ], [ 88.379785823847484, 22.510599067264952 ], [ 88.379834372912512, 22.510567022471768 ], [ 88.379876611360586, 22.510497870686876 ], [ 88.379890679402763, 22.510426193789431 ], [ 88.379890036057162, 22.5103642691411 ], [ 88.37986358422225, 22.510241999138032 ], [ 88.379831665335331, 22.510163812242475 ], [ 88.379773429009902, 22.51011886694787 ] ] ] } },
{ "type": "Feature", "properties": { "source": "KMC ward sewerage network map (ArcMap GeoPDF), water raster", "extraction_method": "geopdf_raster_polygonised", "wards": "101,102,105,106,107,108,109" }, "geometry": { "type": "Polygon", "coordinates": [ [ [ 88.380337862864678, 22.510553325200334 ], [ 88.380346083768316, 22.510631703286599 ], [ 88.380380479103607, 22.510663078640558 ], [ 88.380426509110606, 22.510673716780619 ], [ 88.380534561409448, 22.510665963314398 ], [ 88.380578809903668, 22.510647715209128 ], [ 88.380603646125351, 22.510614485433745 ], [ 88.380606516153932, 22.510463078241912 ], [ 88.380589865961582, 22.510428807221349 ], [ 88.380546669590103, 22.510405760280641 ], [ 88.38043572671296, 22.510420418175329 ], [ 88.380385582288497, 22.510441466274173 ], [ 88.380351830562219, 22.510472015553617 ], [ 88.380337862864678, 22.510553325200334 ] ] ] } },
{ "type": "Feature", "properties": { "source": "KMC ward sewerage network map (ArcMap GeoPDF), water raster", "extraction_method": "geopdf_raster_polygonised", "wards": "101,102,105,106,107,108,109" }, "geometry": { "type": "Polygon", "coordinates": [ [ [ 88.379355320338789, 22.510936961724521 ], [ 88.379375061233048, 22.510983593917928 ], [ 88.379404870073728, 22.511001244295549 ], [ 88.379433040552243, 22.511003769477995 ], [ 88.379481889992178, 22.511000622953727 ], [ 88.379536120886442, 22.510945136686516 ], [ 88.379546174490216, 22.510914778763301 ], [ 88.37953833993096, 22.510873555409532 ], [ 88.379510098012503, 22.510864149727055 ], [ 88.379416756926929, 22.510862150306632 ], [ 88.379382690457888, 22.510862425119964 ], [ 88.37935909208575, 22.510872249014895 ], [ 88.379350462427965, 22.510897090566395 ], [ 88.379355320338789, 22.510936961724521 ] ] ] } },
{ "type": "Feature", "properties": { "source": "KMC ward sewerage network map (ArcMap GeoPDF), water raster", "extraction_method": "geopdf_raster_polygonised", "wards": "101,102,105,106,107,108,109" }, "geometry": { "type": "Polygon", "coordinates": [ [ [ 88.389159071168493, 22.471780993626641 ], [ 88.389112072660168, 22.471769922182901 ], [ 88.389072612487922, 22.471772549939985 ], [ 88.389036003377839, 22.471814148743778 ], [ 88.388960948861694, 22.471961589225042 ], [ 88.388783785097729, 22.472265874331335 ], [ 88.388481028840204, 22.472848775623731 ], [ 88.388403663339616, 22.473012292264478 ], [ 88.388399043562146, 22.473044445020896 ], [ 88.388406581904832, 22.473058144264645 ], [ 88.388667764164381, 22.473266967604605 ], [ 88.388712115068543, 22.473259710883525 ], [ 88.388758505221418, 22.473208854050505 ], [ 88.389056167733543, 22.472609938544196 ], [ 88.389392904536436, 22.471969402815006 ], [ 88.389397659413788, 22.471951011897293 ], [ 88.389392453364039, 22.471923529955156 ], [ 88.389345026194647, 22.47186887936498 ], [ 88.389302805088761, 22.47184171070532 ], [ 88.389159071168493, 22.471780993626641 ] ] ] } },
{ "type": "Feature", "properties": { "source": "KMC ward sewerage network map (ArcMap GeoPDF), water raster", "extraction_method": "geopdf_raster_polygonised", "wards": "101,102,105,106,107,108,109" }, "geometry": { "type": "Polygon", "coordinates": [ [ [ 88.388020190647723, 22.473166928447931 ], [ 88.388181312177352, 22.473238968618368 ], [ 88.388220074030471, 22.473165238100947 ], [ 88.38799957013444, 22.4730776432658 ], [ 88.387970543747713, 22.473137528406994 ], [ 88.388020190647723, 22.473166928447931 ] ] ] } },
{ "type": "Feature", "properties": { "source": "KMC ward sewerage network map (ArcMap GeoPDF), water raster", "extraction_method": "geopdf_raster_polygonised", "wards": "101,102,105,106,107,108,109" }, "geometry": { "type": "Polygon", "coordinates": [ [ [ 88.388577406325069, 22.473364073048646 ], [ 88.38849525079975, 22.473291365333562 ], [ 88.388450539156963, 22.473261923699525 ], [ 88.388363831597729, 22.473228249598819 ], [ 88.388309925482901, 22.473267700722033 ], [ 88.387967839684194, 22.473866990644584 ], [ 88.387890405462031, 22.474023626146501 ], [ 88.387905369486418, 22.474039556458369 ], [ 88.388074120531883, 22.474134470518848 ], [ 88.38825505257762, 22.47421322452875 ], [ 88.388341422583039, 22.47421249400378 ], [ 88.388370944978135, 22.474203068954058 ], [ 88.388380635478939, 22.47418463631405 ], [ 88.388425966426453, 22.47402597832399 ], [ 88.388628271002929, 22.473517329629992 ], [ 88.388635358437583, 22.473485155994073 ], [ 88.388635132958882, 22.473462219561114 ], [ 88.388619920897568, 22.47342105924043 ], [ 88.388577406325069, 22.473364073048646 ] ] ] } },
{ "type": "Feature", "properties": { "source": "KMC ward sewerage network map (ArcMap GeoPDF), water raster", "extraction_method": "geopdf_raster_polygonised", "wards": "101,102,105,106,107,108,109" }, "geometry": { "type": "Polygon", "coordinates": [ [ [ 88.384858744230584, 22.47467086152815 ], [ 88.384913866260433, 22.474755268403534 ], [ 88.384948549378052, 22.474768738787155 ], [ 88.384997948912115, 22.474772909644898 ], [ 88.38513367393729, 22.474771764370001 ], [ 88.385182938519776, 22.474762173292959 ], [ 88.385241106788371, 22.474653872109492 ], [ 88.38525997134235, 22.474564253298322 ], [ 88.385254383586172, 22.474497779208001 ], [ 88.384866501351809, 22.474455175463206 ], [ 88.384870025964446, 22.474562956036454 ], [ 88.38484043576014, 22.47456549952037 ], [ 88.384858744230584, 22.47467086152815 ] ] ] } },
{ "type": "Feature", "properties": { "source": "KMC ward sewerage network map (ArcMap GeoPDF), water raster", "extraction_method": "geopdf_raster_polygonised", "wards": "101,102,105,106,107,108,109" }, "geometry": { "type": "Polygon", "coordinates": [ [ [ 88.388236573224788, 22.47434183553295 ], [ 88.388251086472906, 22.474311892939838 ], [ 88.388255503427075, 22.474259097397731 ], [ 88.388245519854152, 22.474247712666276 ], [ 88.388054716911569, 22.474169042121808 ], [ 88.387878472553282, 22.474065016064362 ], [ 88.387851305182622, 22.47406295193964 ], [ 88.387826785806539, 22.47407921609684 ], [ 88.387800181804025, 22.474134493061751 ], [ 88.387778152657816, 22.474153029991804 ], [ 88.387766264775124, 22.47419900719083 ], [ 88.387659533005589, 22.474388003978941 ], [ 88.387630731553216, 22.474470825510615 ], [ 88.387607293622978, 22.47459718455007 ], [ 88.387488335383011, 22.474797753772162 ], [ 88.387459353515837, 22.474862226126241 ], [ 88.387420816124603, 22.474958892930523 ], [ 88.387397445533736, 22.475092132877954 ], [ 88.38738643610138, 22.475227562171128 ], [ 88.387399675949951, 22.475319203634676 ], [ 88.387427857419965, 22.475424481800083 ], [ 88.387541293983702, 22.475666669306047 ], [ 88.387617128905049, 22.475849534924418 ], [ 88.387710012913658, 22.476009318005811 ], [ 88.387769621958313, 22.476047809179057 ], [ 88.38797473800966, 22.476075894558193 ], [ 88.388009286478379, 22.476075602390491 ], [ 88.388073222503394, 22.476052123342658 ], [ 88.388193961767698, 22.476032751506576 ], [ 88.388187628588682, 22.475890587383347 ], [ 88.388199672784737, 22.475358316078033 ], [ 88.388249261920691, 22.474628457470637 ], [ 88.388122326149968, 22.474519426994387 ], [ 88.388130912211409, 22.47438860583523 ], [ 88.388236573224788, 22.47434183553295 ] ] ] } },
{ "type": "Feature", "properties": { "source": "KMC ward sewerage network map (ArcMap GeoPDF), water raster", "extraction_method": "geopdf_raster_polygonised", "wards": "101,102,105,106,107,108,109" }, "geometry": { "type": "Polygon", "coordinates": [ [ [ 88.383715584642005, 22.476382529166628 ], [ 88.38369317259513, 22.476362073575213 ], [ 88.383663492099231, 22.476355442273675 ], [ 88.38340664314515, 22.476336962767252 ], [ 88.38285633322046, 22.476341600046982 ], [ 88.382444352315559, 22.476358833469803 ], [ 88.381596407909058, 22.476464608016748 ], [ 88.381564461620357, 22.476478639940165 ], [ 88.381549924265713, 22.476506288358003 ], [ 88.381550597305207, 22.476575097837078 ], [ 88.381575454419306, 22.476593239319367 ], [ 88.382058440300241, 22.476518064288843 ], [ 88.382342053306076, 22.476497325298695 ], [ 88.382588694694476, 22.476481484916462 ], [ 88.383092005494873, 22.476465775385396 ], [ 88.383649921355129, 22.476481717693471 ], [ 88.383709237462682, 22.476490392998627 ], [ 88.383728889657391, 22.476481051976958 ], [ 88.383736023288805, 22.47645346579759 ], [ 88.383715584642005, 22.476382529166628 ] ] ] } },
{ "type": "Feature", "properties": { "source": "KMC ward sewerage network map (ArcMap GeoPDF), water raster", "extraction_method": "geopdf_raster_polygonised", "wards": "101,102,105,106,107,108,109" }, "geometry": { "type": "Polygon", "coordinates": [ [ [ 88.383784996453585, 22.476414057701632 ], [ 88.383802944909718, 22.476482721479773 ], [ 88.383818021129102, 22.476510120412232 ], [ 88.383840410746075, 22.476528282336705 ], [ 88.384127862188535, 22.476647431867505 ], [ 88.384472612257696, 22.476821149617642 ], [ 88.385041239134054, 22.477174190523527 ], [ 88.385065849357275, 22.477167101335031 ], [ 88.385119420489019, 22.477093246507359 ], [ 88.385119083078635, 22.477058841822018 ], [ 88.384783730485864, 22.476836875679645 ], [ 88.3847414186869, 22.476800531288085 ], [ 88.384173221168211, 22.476491068482112 ], [ 88.383824188448429, 22.476383907403285 ], [ 88.383789707256128, 22.476391079619745 ], [ 88.383784996453585, 22.476414057701632 ] ] ] } },
{ "type": "Feature", "properties": { "source": "KMC ward sewerage network map (ArcMap GeoPDF), water raster", "extraction_method": "geopdf_raster_polygonised", "wards": "101,102,105,106,107,108,109" }, "geometry": { "type": "Polygon", "coordinates": [ [ [ 88.387607538383222, 22.477134163020619 ], [ 88.387585035529909, 22.477104533434073 ], [ 88.387422320663802, 22.47712196586755 ], [ 88.387387862052705, 22.477131432496481 ], [ 88.387351093385249, 22.477156975483034 ], [ 88.38737863255713, 22.477448059594277 ], [ 88.387406025910167, 22.477473060198388 ], [ 88.387418635164053, 22.477500479610985 ], [ 88.387451099280412, 22.477539200342829 ], [ 88.38749323171163, 22.477557194826812 ], [ 88.387540187030595, 22.477563679356173 ], [ 88.387582139198386, 22.477563324670616 ], [ 88.387641230570168, 22.477549062060856 ], [ 88.387692850996132, 22.477527981098547 ], [ 88.387700164169402, 22.477518743928627 ], [ 88.387700074021311, 22.477509569356396 ], [ 88.387687712617094, 22.477507380042535 ], [ 88.387659395222087, 22.477388340121383 ], [ 88.387701257187359, 22.477378810835098 ], [ 88.387703567200091, 22.477362734467572 ], [ 88.387607538383222, 22.477134163020619 ] ] ] } },
{ "type": "Feature", "properties": { "source": "KMC ward sewerage network map (ArcMap GeoPDF), water raster", "extraction_method": "geopdf_raster_polygonised", "wards": "101,102,105,106,107,108,109" }, "geometry": { "type": "Polygon", "coordinates": [ [ [ 88.385132794071637, 22.477198650076804 ], [ 88.38513301901564, 22.477221586533201 ], [ 88.385150495865375, 22.47724208355806 ], [ 88.385212527585921, 22.477275967562534 ], [ 88.385314471147879, 22.477353097541588 ], [ 88.387151819092182, 22.478477614346446 ], [ 88.387171561421695, 22.478477447477967 ], [ 88.387188700781834, 22.478463539606359 ], [ 88.387244626341797, 22.478378195040285 ], [ 88.387239487989518, 22.478357593970316 ], [ 88.386755161009688, 22.478045138041473 ], [ 88.38580201776027, 22.477491199425355 ], [ 88.385223359220888, 22.477122189171681 ], [ 88.385196213759485, 22.477122418273943 ], [ 88.385174161301222, 22.477138661237209 ], [ 88.385132794071637, 22.477198650076804 ] ] ] } },
{ "type": "Feature", "properties": { "source": "KMC ward sewerage network map (ArcMap GeoPDF), water raster", "extraction_method": "geopdf_raster_polygonised", "wards": "101,102,105,106,107,108,109" }, "geometry": { "type": "Polygon", "coordinates": [ [ [ 88.385317619447406, 22.478428879661553 ], [ 88.38519413984389, 22.478420746548128 ], [ 88.385174509988133, 22.478432381400371 ], [ 88.385167241588817, 22.478446205756061 ], [ 88.385171486606069, 22.478627382900839 ], [ 88.385184275522903, 22.478673151662807 ], [ 88.385232018573447, 22.478759914429414 ], [ 88.385237246642248, 22.478789690157001 ], [ 88.3853064125027, 22.478795987854454 ], [ 88.385387849860564, 22.478795300429052 ], [ 88.385518485668484, 22.478778140782428 ], [ 88.385676334728984, 22.478767632770946 ], [ 88.385782179953253, 22.478739213049487 ], [ 88.38570232494169, 22.478398105939384 ], [ 88.385687248135554, 22.478370707218421 ], [ 88.385647695969226, 22.478364159653552 ], [ 88.385433493176549, 22.478416432371013 ], [ 88.385317619447406, 22.478428879661553 ] ] ] } },
{ "type": "Feature", "properties": { "source": "KMC ward sewerage network map (ArcMap GeoPDF), water raster", "extraction_method": "geopdf_raster_polygonised", "wards": "101,102,105,106,107,108,109" }, "geometry": { "type": "Polygon", "coordinates": [ [ [ 88.386070538001206, 22.47895010454123 ], [ 88.386095396105844, 22.478968245270174 ], [ 88.386230854983054, 22.478939575136828 ], [ 88.386235678011232, 22.478928065226903 ], [ 88.386265246582752, 22.478923227798589 ], [ 88.386275027722306, 22.478913969841162 ], [ 88.386226450956272, 22.478742342587818 ], [ 88.386211351494723, 22.478712650279967 ], [ 88.386051349928053, 22.478755290672513 ], [ 88.386026807020386, 22.478769260954756 ], [ 88.386070538001206, 22.47895010454123 ] ] ] } },
{ "type": "Feature", "properties": { "source": "KMC ward sewerage network map (ArcMap GeoPDF), water raster", "extraction_method": "geopdf_raster_polygonised", "wards": "101,102,105,106,107,108,109" }, "geometry": { "type": "Polygon", "coordinates": [ [ [ 88.387314017353688, 22.478407428314149 ], [ 88.387294320097979, 22.478412182485968 ], [ 88.387231081304265, 22.478506764220118 ], [ 88.387231216486811, 22.478520526079496 ], [ 88.387243690630044, 22.478534183640001 ], [ 88.388057905672298, 22.479013591752974 ], [ 88.388420482023591, 22.4792422017604 ], [ 88.388730807023052, 22.479427670258207 ], [ 88.389314690484639, 22.479824148767019 ], [ 88.389431332159873, 22.479889682348301 ], [ 88.389463346033338, 22.479882529793841 ], [ 88.389502537650131, 22.479852378140084 ], [ 88.389509850811606, 22.479843140890537 ], [ 88.389507134735339, 22.479817931739177 ], [ 88.389275800357154, 22.47963408995922 ], [ 88.388694340519464, 22.47923300308863 ], [ 88.388056395190532, 22.478859917718413 ], [ 88.387381120865641, 22.478455031563296 ], [ 88.387314017353688, 22.478407428314149 ] ] ] } },
{ "type": "Feature", "properties": { "source": "KMC ward sewerage network map (ArcMap GeoPDF), water raster", "extraction_method": "geopdf_raster_polygonised", "wards": "101,102,105,106,107,108,109" }, "geometry": { "type": "Polygon", "coordinates": [ [ [ 88.38386641322704, 22.479182031565383 ], [ 88.383820940821309, 22.479326926643832 ], [ 88.383821143097975, 22.4793475694606 ], [ 88.383954292451918, 22.47933497753132 ], [ 88.383984198381015, 22.479364545205659 ], [ 88.383994339358907, 22.479391985716006 ], [ 88.384016729482923, 22.479410147585174 ], [ 88.3840636178914, 22.479409752164432 ], [ 88.384105413317442, 22.479393342833273 ], [ 88.384094800244185, 22.479317735764177 ], [ 88.384071960541092, 22.479253700983794 ], [ 88.384070589313893, 22.479113788571176 ], [ 88.384065473870891, 22.479095481025649 ], [ 88.384048109318599, 22.479086452122178 ], [ 88.384011092239788, 22.479086764289701 ], [ 88.383900400619083, 22.479124399082036 ], [ 88.38386641322704, 22.479182031565383 ] ] ] } },
{ "type": "Feature", "properties": { "source": "KMC ward sewerage network map (ArcMap GeoPDF), water raster", "extraction_method": "geopdf_raster_polygonised", "wards": "101,102,105,106,107,108,109" }, "geometry": { "type": "Polygon", "coordinates": [ [ [ 88.387866512167477, 22.479879985488697 ], [ 88.387800286897559, 22.479921834542214 ], [ 88.387846387562618, 22.480343509913205 ], [ 88.38825034390986, 22.480262102790917 ], [ 88.38828469046544, 22.480241167736381 ], [ 88.388294313701948, 22.480215854167991 ], [ 88.388293411710279, 22.480124108498938 ], [ 88.388269780733239, 22.479979796961285 ], [ 88.388241822997387, 22.479897455498161 ], [ 88.388189277349767, 22.479824497352091 ], [ 88.388164418831678, 22.47980635696948 ], [ 88.387954992814727, 22.479842535848348 ], [ 88.387866512167477, 22.479879985488697 ] ] ] } },
{ "type": "Feature", "properties": { "source": "KMC ward sewerage network map (ArcMap GeoPDF), water raster", "extraction_method": "geopdf_raster_polygonised", "wards": "101,102,105,106,107,108,109" }, "geometry": { "type": "Polygon", "coordinates": [ [ [ 88.388544794649732, 22.480589923427033 ], [ 88.388599470287303, 22.480628455924521 ], [ 88.388621748404546, 22.480635148904447 ], [ 88.38865129467051, 22.480628017383982 ], [ 88.389313915143291, 22.479996192720321 ], [ 88.38936048770384, 22.479963684778838 ], [ 88.389365129960822, 22.479933825661995 ], [ 88.389352655485567, 22.479920168284842 ], [ 88.389288086122946, 22.47987942596497 ], [ 88.389270811426229, 22.479879572210535 ], [ 88.389214548129772, 22.479930512818605 ], [ 88.388544794649732, 22.480589923427033 ] ] ] } },
{ "type": "Feature", "properties": { "source": "KMC ward sewerage network map (ArcMap GeoPDF), water raster", "extraction_method": "geopdf_raster_polygonised", "wards": "101,102,105,106,107,108,109" }, "geometry": { "type": "Polygon", "coordinates": [ [ [ 88.387891295225558, 22.481145971533799 ], [ 88.3878891430072, 22.481178103391635 ], [ 88.387916695033397, 22.481219159348601 ], [ 88.388320934209432, 22.480915247832403 ], [ 88.388504555677585, 22.480764595153751 ], [ 88.388590162856488, 22.480685880486668 ], [ 88.388597408455411, 22.480669762350299 ], [ 88.3885897794176, 22.480646888584612 ], [ 88.388527722846561, 22.480610712369799 ], [ 88.387947604588931, 22.481099618629443 ], [ 88.387908344644188, 22.481122889009828 ], [ 88.387891295225558, 22.481145971533799 ] ] ] } },
{ "type": "Feature", "properties": { "source": "KMC ward sewerage network map (ArcMap GeoPDF), water raster", "extraction_method": "geopdf_raster_polygonised", "wards": "101,102,105,106,107,108,109" }, "geometry": { "type": "Polygon", "coordinates": [ [ [ 88.38988189271214, 22.480867725481279 ], [ 88.389546675153809, 22.48104266639352 ], [ 88.389303367465175, 22.481151432394498 ], [ 88.389008324693648, 22.48127096444146 ], [ 88.388975207667386, 22.481291896474517 ], [ 88.389126434916847, 22.481600343838785 ], [ 88.390037066744867, 22.481200229002351 ], [ 88.38988189271214, 22.480867725481279 ] ] ] } },
{ "type": "Feature", "properties": { "source": "KMC ward sewerage network map (ArcMap GeoPDF), water raster", "extraction_method": "geopdf_raster_polygonised", "wards": "101,102,105,106,107,108,109" }, "geometry": { "type": "Polygon", "coordinates": [ [ [ 88.388012895658932, 22.481213758006472 ], [ 88.387949227846349, 22.48126476083722 ], [ 88.388089163044043, 22.481440202286702 ], [ 88.388162657147589, 22.481384528611656 ], [ 88.388012895658932, 22.481213758006472 ] ] ] } },
{ "type": "Feature", "properties": { "source": "KMC ward sewerage network map (ArcMap GeoPDF), water raster", "extraction_method": "geopdf_raster_polygonised", "wards": "101,102,105,106,107,108,109" }, "geometry": { "type": "Polygon", "coordinates": [ [ [ 88.389686938161475, 22.481733217895201 ], [ 88.39018483603499, 22.481532795613752 ], [ 88.390188434816636, 22.481522440236098 ], [ 88.390059733786984, 22.481244775330655 ], [ 88.390052293624223, 22.481241397369885 ], [ 88.390026478316344, 22.481251942593573 ], [ 88.389152735244508, 22.481637976191664 ], [ 88.389152943050661, 22.48165862366529 ], [ 88.389288909737985, 22.481922461121997 ], [ 88.389686938161475, 22.481733217895201 ] ] ] } },
{ "type": "Feature", "properties": { "source": "KMC ward sewerage network map (ArcMap GeoPDF), water raster", "extraction_method": "geopdf_raster_polygonised", "wards": "101,102,105,106,107,108,109" }, "geometry": { "type": "Polygon", "coordinates": [ [ [ 88.387040667579313, 22.481483475561337 ], [ 88.386701231253113, 22.481601035942141 ], [ 88.386803031330402, 22.481914430793413 ], [ 88.386893958882354, 22.481874667166259 ], [ 88.386948319207093, 22.481881089219868 ], [ 88.387002273988031, 22.481846225689885 ], [ 88.387026592005867, 22.481809318816921 ], [ 88.387026479352059, 22.481797850604448 ], [ 88.387009024157152, 22.481779647479584 ], [ 88.387023448235098, 22.481740530401208 ], [ 88.387143764460603, 22.481677579902357 ], [ 88.387040667579313, 22.481483475561337 ] ] ] } },
{ "type": "Feature", "properties": { "source": "KMC ward sewerage network map (ArcMap GeoPDF), water raster", "extraction_method": "geopdf_raster_polygonised", "wards": "101,102,105,106,107,108,109" }, "geometry": { "type": "Polygon", "coordinates": [ [ [ 88.388802355365669, 22.481410384756096 ], [ 88.388787544326362, 22.481410511208534 ], [ 88.38875802612003, 22.481421087848144 ], [ 88.388647878094133, 22.481514949831478 ], [ 88.388570639369789, 22.481567232317548 ], [ 88.388563787756325, 22.481622355477548 ], [ 88.388823849281721, 22.482074418790027 ], [ 88.388849768723645, 22.482074197485304 ], [ 88.38889406353718, 22.482060053112885 ], [ 88.389063525450055, 22.481972567535802 ], [ 88.389070827100127, 22.481962180558813 ], [ 88.389070272975161, 22.481907120629177 ], [ 88.389020855567324, 22.481780205591892 ], [ 88.388869628327257, 22.481471758133264 ], [ 88.388847065494318, 22.481437535359827 ], [ 88.388802355365669, 22.481410384756096 ] ] ] } },
{ "type": "Feature", "properties": { "source": "KMC ward sewerage network map (ArcMap GeoPDF), water raster", "extraction_method": "geopdf_raster_polygonised", "wards": "101,102,105,106,107,108,109" }, "geometry": { "type": "Polygon", "coordinates": [ [ [ 88.382956653454627, 22.481797791817446 ], [ 88.38283828628613, 22.481807964623904 ], [ 88.382813720045604, 22.481819640808503 ], [ 88.382804140621843, 22.48184954139376 ], [ 88.382853141319373, 22.482064749055617 ], [ 88.382895187863113, 22.48232589200672 ], [ 88.3829176008106, 22.482346347651966 ], [ 88.383361816315926, 22.482342603571052 ], [ 88.38342591335379, 22.482335181720735 ], [ 88.38341532280127, 22.482261868272222 ], [ 88.383400245969924, 22.482234469348448 ], [ 88.383386580859579, 22.482099248260141 ], [ 88.38332696640343, 22.481808433695093 ], [ 88.383294794421133, 22.481799529544332 ], [ 88.383183696048818, 22.481795878318863 ], [ 88.382956653454627, 22.481797791817446 ] ] ] } },
{ "type": "Feature", "properties": { "source": "KMC ward sewerage network map (ArcMap GeoPDF), water raster", "extraction_method": "geopdf_raster_polygonised", "wards": "101,102,105,106,107,108,109" }, "geometry": { "type": "Polygon", "coordinates": [ [ [ 88.3886709967081, 22.481972477535265 ], [ 88.38837619393793, 22.48211609725395 ], [ 88.388515862474861, 22.482379903795405 ], [ 88.388806962847042, 22.482236315419343 ], [ 88.3886709967081, 22.481972477535265 ] ] ] } },
{ "type": "Feature", "properties": { "source": "KMC ward sewerage network map (ArcMap GeoPDF), water raster", "extraction_method": "geopdf_raster_polygonised", "wards": "101,102,105,106,107,108,109" }, "geometry": { "type": "Polygon", "coordinates": [ [ [ 88.388391557768003, 22.481802785791576 ], [ 88.388379480223008, 22.481706525696971 ], [ 88.388191849838691, 22.481460336002236 ], [ 88.38814046108628, 22.481505514597497 ], [ 88.388140530304483, 22.48151239709178 ], [ 88.388279332410704, 22.481690172738688 ], [ 88.388325115575881, 22.481824002136946 ], [ 88.388321793559939, 22.481861887453881 ], [ 88.388278744817285, 22.481999916552503 ], [ 88.38803349660418, 22.482284215955428 ], [ 88.387696127393369, 22.48261404100333 ], [ 88.387370280106765, 22.482985065637532 ], [ 88.387183339442075, 22.483175944867746 ], [ 88.387242722749207, 22.483189204592463 ], [ 88.38726493960651, 22.483189015111872 ], [ 88.387290582545646, 22.483161264065885 ], [ 88.387487974134785, 22.482904906261787 ], [ 88.387693151199244, 22.482686338786376 ], [ 88.387715056567004, 22.482655178022306 ], [ 88.387997472362969, 22.482384328082208 ], [ 88.38803038215147, 22.482342748750565 ], [ 88.388235661384059, 22.482134504394903 ], [ 88.38830497577753, 22.482030666556327 ], [ 88.388391557768003, 22.481802785791576 ] ] ] } },
{ "type": "Feature", "properties": { "source": "KMC ward sewerage network map (ArcMap GeoPDF), water raster", "extraction_method": "geopdf_raster_polygonised", "wards": "101,102,105,106,107,108,109" }, "geometry": { "type": "Polygon", "coordinates": [ [ [ 88.388935454686063, 22.482493333898891 ], [ 88.388810734882611, 22.482243166296509 ], [ 88.388519634500824, 22.482386754679798 ], [ 88.388651690276021, 22.482629976808514 ], [ 88.388935454686063, 22.482493333898891 ] ] ] } },
{ "type": "Feature", "properties": { "source": "KMC ward sewerage network map (ArcMap GeoPDF), water raster", "extraction_method": "geopdf_raster_polygonised", "wards": "101,102,105,106,107,108,109" }, "geometry": { "type": "Polygon", "coordinates": [ [ [ 88.389071456514216, 22.482760612737469 ], [ 88.388939226735502, 22.482500184772167 ], [ 88.388655462315967, 22.482636827688843 ], [ 88.388791359893943, 22.482893783042407 ], [ 88.389071456514216, 22.482760612737469 ] ] ] } },
{ "type": "Feature", "properties": { "source": "KMC ward sewerage network map (ArcMap GeoPDF), water raster", "extraction_method": "geopdf_raster_polygonised", "wards": "101,102,105,106,107,108,109" }, "geometry": { "type": "Polygon", "coordinates": [ [ [ 88.387221093909289, 22.483247895281963 ], [ 88.387220920962733, 22.483230689043193 ], [ 88.387213446163088, 22.483223869706286 ], [ 88.387165205861834, 22.483213956485386 ], [ 88.387143023586987, 22.483217587200325 ], [ 88.386908499005486, 22.483463936612132 ], [ 88.386908568169446, 22.483470819108359 ], [ 88.386875519460403, 22.483498633243073 ], [ 88.386875588622829, 22.483505515739367 ], [ 88.386842539898964, 22.483533329867953 ], [ 88.386842609059897, 22.483540212364311 ], [ 88.38680956032124, 22.483568026486761 ], [ 88.386809629480638, 22.48357490898319 ], [ 88.38677658072713, 22.483602723099505 ], [ 88.386776649885022, 22.483609605596001 ], [ 88.386743601116706, 22.483637419706188 ], [ 88.386743670273091, 22.483644302202752 ], [ 88.386710621489954, 22.483672116306806 ], [ 88.386710690644819, 22.48367899880343 ], [ 88.38639909649676, 22.483994835432199 ], [ 88.386351547351524, 22.48405374695286 ], [ 88.386347982794049, 22.484067543508079 ], [ 88.386407850414443, 22.48412898100408 ], [ 88.386415256086181, 22.484128917880053 ], [ 88.386499626131823, 22.484049043215048 ], [ 88.386580154950522, 22.483955435082194 ], [ 88.386690167980049, 22.483847809378695 ], [ 88.386690098825596, 22.483840926882152 ], [ 88.386946633834867, 22.483573740819708 ], [ 88.387096650952941, 22.483393501345176 ], [ 88.387206697732623, 22.483289316572137 ], [ 88.387221093909289, 22.483247895281963 ] ] ] } },
{ "type": "Feature", "properties": { "source": "KMC ward sewerage network map (ArcMap GeoPDF), water raster", "extraction_method": "geopdf_raster_polygonised", "wards": "101,102,105,106,107,108,109" }, "geometry": { "type": "Polygon", "coordinates": [ [ [ 88.386228558806692, 22.483975639680079 ], [ 88.386206030725077, 22.483944857783808 ], [ 88.386183675477739, 22.483931282128651 ], [ 88.386047949506022, 22.484059775879956 ], [ 88.386100445887749, 22.484124717853231 ], [ 88.386144672537014, 22.48410369169504 ], [ 88.38622876620299, 22.483996287173401 ], [ 88.386228558806692, 22.483975639680079 ] ] ] } },
{ "type": "Feature", "properties": { "source": "KMC ward sewerage network map (ArcMap GeoPDF), water raster", "extraction_method": "geopdf_raster_polygonised", "wards": "101,102,105,106,107,108,109" }, "geometry": { "type": "Polygon", "coordinates": [ [ [ 88.387987750284665, 22.484731542565363 ], [ 88.387802884655386, 22.484760652380306 ], [ 88.387814823765865, 22.484843147504726 ], [ 88.388003496186016, 22.484824329809321 ], [ 88.387987750284665, 22.484731542565363 ] ] ] } },
{ "type": "Feature", "properties": { "source": "KMC ward sewerage network map (ArcMap GeoPDF), water raster", "extraction_method": "geopdf_raster_polygonised", "wards": "101,102,105,106,107,108,109" }, "geometry": { "type": "Polygon", "coordinates": [ [ [ 88.383314510200464, 22.485249254073857 ], [ 88.383237929911317, 22.48500667450077 ], [ 88.383004059683486, 22.485075172732842 ], [ 88.383073374584711, 22.485331580411913 ], [ 88.383314510200464, 22.485249254073857 ] ] ] } },
{ "type": "Feature", "properties": { "source": "KMC ward sewerage network map (ArcMap GeoPDF), water raster", "extraction_method": "geopdf_raster_polygonised", "wards": "101,102,105,106,107,108,109" }, "geometry": { "type": "Polygon", "coordinates": [ [ [ 88.386466632324883, 22.485556720251211 ], [ 88.386427045153141, 22.48530238354839 ], [ 88.386401889300927, 22.485010066839262 ], [ 88.386342059695707, 22.484583825476122 ], [ 88.38633659379785, 22.484408353363083 ], [ 88.38634611212855, 22.484249961246579 ], [ 88.386371409743063, 22.484187797845387 ], [ 88.386374732310827, 22.484149912549629 ], [ 88.386322304933202, 22.484091853170259 ], [ 88.386248974133935, 22.484164750576262 ], [ 88.386205369668673, 22.484247719241917 ], [ 88.386163424280369, 22.484495867840035 ], [ 88.386176572199005, 22.484698806842779 ], [ 88.386233774209245, 22.484863513402537 ], [ 88.386271252157826, 22.484907934038901 ], [ 88.386294195253484, 22.484980010894411 ], [ 88.386362087558453, 22.485471572842219 ], [ 88.386393024294946, 22.485602087761574 ], [ 88.386427179940455, 22.485684393635463 ], [ 88.386468672237484, 22.485759753872827 ], [ 88.386626752007629, 22.486013080361221 ], [ 88.386687104765656, 22.486122695153224 ], [ 88.386909103020756, 22.486471839500251 ], [ 88.387086425402472, 22.486797273725138 ], [ 88.387101375395119, 22.486810912385739 ], [ 88.387206924901875, 22.486995855367315 ], [ 88.3872768996399, 22.48695740154681 ], [ 88.387284201667853, 22.486947014637057 ], [ 88.387227931515341, 22.486875222245256 ], [ 88.387107224547535, 22.486655993133368 ], [ 88.386926683646593, 22.486378767952033 ], [ 88.386824837907795, 22.486193793156477 ], [ 88.386535012871704, 22.485728214450724 ], [ 88.38649718885091, 22.485649381417716 ], [ 88.386466632324883, 22.485556720251211 ] ] ] } },
{ "type": "Feature", "properties": { "source": "KMC ward sewerage network map (ArcMap GeoPDF), water raster", "extraction_method": "geopdf_raster_polygonised", "wards": "101,102,105,106,107,108,109" }, "geometry": { "type": "Polygon", "coordinates": [ [ [ 88.390044784548607, 22.491524778731243 ], [ 88.389982589046426, 22.491232779786753 ], [ 88.389944102710373, 22.491088564222068 ], [ 88.389804595159575, 22.490841965977715 ], [ 88.389789679126025, 22.490831768850605 ], [ 88.389767045091588, 22.490790663851136 ], [ 88.389729633708058, 22.490753126677614 ], [ 88.389654395057264, 22.49063675740862 ], [ 88.38919265385195, 22.490017784356052 ], [ 88.389046019980611, 22.489798778506213 ], [ 88.388936866705052, 22.489624192377757 ], [ 88.388906619328566, 22.489562503027791 ], [ 88.388695996826655, 22.489240797146071 ], [ 88.38842851503469, 22.488788797902377 ], [ 88.388394772892156, 22.488747787506096 ], [ 88.388154113845331, 22.488385038736542 ], [ 88.387958272104427, 22.488059763992311 ], [ 88.387814929945719, 22.487799430226609 ], [ 88.387668335319844, 22.487583864081941 ], [ 88.387551572148965, 22.487388692510844 ], [ 88.387412003610194, 22.48713520919161 ], [ 88.38730676510184, 22.486981237580927 ], [ 88.387299359281172, 22.486981300753545 ], [ 88.387229488326113, 22.48703007832238 ], [ 88.387436539389995, 22.4873655831198 ], [ 88.387579776549103, 22.487615593557983 ], [ 88.387839155056341, 22.487998832832119 ], [ 88.388016447090934, 22.488320824521058 ], [ 88.388245996807584, 22.488683668353946 ], [ 88.38840816721752, 22.488974814743298 ], [ 88.388664055522483, 22.489378731456753 ], [ 88.388777222978888, 22.489584257363639 ], [ 88.389006465090532, 22.48991612867124 ], [ 88.389126935560057, 22.490111267285883 ], [ 88.389348253609285, 22.490391582641184 ], [ 88.38953970591129, 22.490648062093449 ], [ 88.3895510575408, 22.490672055853459 ], [ 88.389644811168537, 22.490788266948631 ], [ 88.389905380349632, 22.491288504339348 ], [ 88.389949268606188, 22.491601309027182 ], [ 88.389987380634921, 22.492075915269023 ], [ 88.390049028997566, 22.492681098627351 ], [ 88.390104304812624, 22.493021338124173 ], [ 88.390189587029099, 22.49339917791761 ], [ 88.390236486317448, 22.493643125942206 ], [ 88.390265113126148, 22.493911320928049 ], [ 88.3903757202294, 22.493862193639835 ], [ 88.390375165265056, 22.493807133822056 ], [ 88.390290194377656, 22.493460265333692 ], [ 88.39016548833709, 22.492845296708396 ], [ 88.390139767537192, 22.492497921481938 ], [ 88.390138761901966, 22.492398125535004 ], [ 88.390100753231891, 22.491933843097446 ], [ 88.390069464560952, 22.491768916837074 ], [ 88.390044784548607, 22.491524778731243 ] ] ] } },
{ "type": "Feature", "properties": { "source": "KMC ward sewerage network map (ArcMap GeoPDF), water raster", "extraction_method": "geopdf_raster_polygonised", "wards": "101,102,105,106,107,108,109" }, "geometry": { "type": "Polygon", "coordinates": [ [ [ 88.390718807448295, 22.494464969552869 ], [ 88.390670944644214, 22.494492911221641 ], [ 88.390708496112694, 22.494544213047231 ], [ 88.390793424675792, 22.494519395842854 ], [ 88.39079335528227, 22.494512513367447 ], [ 88.390733654559725, 22.494468284090704 ], [ 88.390718807448295, 22.494464969552869 ] ] ] } },
{ "type": "Feature", "properties": { "source": "KMC ward sewerage network map (ArcMap GeoPDF), water raster", "extraction_method": "geopdf_raster_polygonised", "wards": "101,102,105,106,107,108,109" }, "geometry": { "type": "Polygon", "coordinates": [ [ [ 88.388076296634239, 22.4999251913849 ], [ 88.388031600089334, 22.499850498798132 ], [ 88.387979569556123, 22.499739398155388 ], [ 88.387944370475026, 22.499688221116802 ], [ 88.387888351021573, 22.499632939530734 ], [ 88.387771961454419, 22.499546015913989 ], [ 88.387727409873648, 22.499484195013981 ], [ 88.387689227820019, 22.499372970230286 ], [ 88.387701581001409, 22.499239837719404 ], [ 88.387728095678597, 22.499134470063552 ], [ 88.387795214092719, 22.498945063697956 ], [ 88.38783584193169, 22.498863170281517 ], [ 88.387869931525898, 22.49881566364402 ], [ 88.387822703662835, 22.498515714643691 ], [ 88.387738861554269, 22.498243985206781 ], [ 88.387790691657827, 22.498131954276559 ], [ 88.38784567360328, 22.498094988106963 ], [ 88.387799320843612, 22.498078239133324 ], [ 88.387789992425525, 22.498069740620544 ], [ 88.38779220397268, 22.498061138756341 ], [ 88.387776023911726, 22.498059138148736 ], [ 88.387723542836881, 22.498113246014018 ], [ 88.387711978757849, 22.498111204061576 ], [ 88.387714479634042, 22.498128345780813 ], [ 88.387701210313239, 22.498179956960609 ], [ 88.38768318033253, 22.49821873768591 ], [ 88.387690417749852, 22.498246564560347 ], [ 88.387683493761855, 22.498246626567024 ], [ 88.387681282205619, 22.498255228430036 ], [ 88.38767729307088, 22.498311047529651 ], [ 88.387668133411978, 22.498317566100248 ], [ 88.387669314795744, 22.498422685727945 ], [ 88.387662390798937, 22.498422747734153 ], [ 88.387662511348154, 22.498433474226733 ], [ 88.387669435345472, 22.498433412220489 ], [ 88.387670520296027, 22.498529950652706 ], [ 88.387661312403083, 22.498532178626501 ], [ 88.387668622166331, 22.498566441395692 ], [ 88.387660306340678, 22.498648045412867 ], [ 88.387669538351389, 22.498647962737216 ], [ 88.387672834875318, 22.498735899304069 ], [ 88.387666127855027, 22.498755268997062 ], [ 88.38767305186839, 22.498755206989852 ], [ 88.387674136837006, 22.498851745418051 ], [ 88.387667212818869, 22.498851807425549 ], [ 88.387667309260351, 22.498860388619125 ], [ 88.387674233278929, 22.498860326611617 ], [ 88.387674594936499, 22.498892506087373 ], [ 88.387654522072978, 22.498954905762655 ], [ 88.387643054364375, 22.498961445002514 ], [ 88.387647863261719, 22.498978566051804 ], [ 88.387634400972829, 22.4990130148391 ], [ 88.387600118374394, 22.499043359044862 ], [ 88.387583986418534, 22.499045649020676 ], [ 88.387584131074334, 22.499058520811207 ], [ 88.387549824344859, 22.499086719708778 ], [ 88.387515300626688, 22.499095610913418 ], [ 88.387478324246942, 22.499091650986461 ], [ 88.387476136775135, 22.499102398145592 ], [ 88.387400068856621, 22.499111661319329 ], [ 88.387363092474303, 22.499107701365968 ], [ 88.387363188898135, 22.499116282560415 ], [ 88.387344748917798, 22.499118593177844 ], [ 88.387236320615415, 22.499123854980621 ], [ 88.38720847986184, 22.499111231143786 ], [ 88.387148326964038, 22.499098896571549 ], [ 88.387145874337833, 22.499086045440507 ], [ 88.387118081803607, 22.499077712184885 ], [ 88.387052879086184, 22.499026803518294 ], [ 88.38705742280186, 22.499020326300538 ], [ 88.387050426470381, 22.499013952385187 ], [ 88.387041242634737, 22.499018325624451 ], [ 88.386982891698892, 22.498960919048471 ], [ 88.386968995448186, 22.498956752406276 ], [ 88.386966566941339, 22.498946046570357 ], [ 88.386957383107145, 22.498950419804778 ], [ 88.386890065287091, 22.498916694117252 ], [ 88.386869293215938, 22.498916880038252 ], [ 88.386869196823397, 22.498908298841769 ], [ 88.386859940694279, 22.498906236173305 ], [ 88.386832316893731, 22.498912919959572 ], [ 88.386827628585479, 22.498906525376444 ], [ 88.386765312374195, 22.498907083107067 ], [ 88.386753700045844, 22.498900750490176 ], [ 88.386746896503709, 22.498911538954424 ], [ 88.386657004665878, 22.498923071009244 ], [ 88.386638492410768, 22.498918945647166 ], [ 88.386631688858586, 22.498929734107026 ], [ 88.386592573185382, 22.498940811723049 ], [ 88.386535017527876, 22.498954199854197 ], [ 88.386523429297824, 22.498950012519835 ], [ 88.386521217660231, 22.498958614370366 ], [ 88.386477461858163, 22.498967587965311 ], [ 88.38643844252627, 22.498987246742981 ], [ 88.3864199543588, 22.498985266655438 ], [ 88.386415458795867, 22.498996034455708 ], [ 88.386330447874741, 22.499031123324958 ], [ 88.386316551633129, 22.499026956625872 ], [ 88.386307367771124, 22.499031329824486 ], [ 88.386307464129516, 22.499039911022933 ], [ 88.386238536964086, 22.499068419397663 ], [ 88.386217837129252, 22.499075041134869 ], [ 88.386208556908244, 22.499070833129398 ], [ 88.386206369337529, 22.499081580276247 ], [ 88.386121310132523, 22.49911237844054 ], [ 88.386102821950701, 22.499110398317239 ], [ 88.386098326359217, 22.499121166109923 ], [ 88.386010959090555, 22.499151984865108 ], [ 88.385992470904284, 22.499150004729319 ], [ 88.385987975302982, 22.499160772519385 ], [ 88.385932751581919, 22.499176285097036 ], [ 88.385919023921829, 22.499187135463359 ], [ 88.385889019748177, 22.499187403837183 ], [ 88.385877600096975, 22.499198233556239 ], [ 88.385824612113609, 22.499207289554302 ], [ 88.38579475242571, 22.499220429711002 ], [ 88.385769316108394, 22.499216366177521 ], [ 88.385767128501755, 22.499227113320046 ], [ 88.385684256712395, 22.49924716411952 ], [ 88.385661152486719, 22.499245225228155 ], [ 88.385658940791487, 22.49925382706947 ], [ 88.385599076881832, 22.499267235517376 ], [ 88.38557383318809, 22.499280334354971 ], [ 88.385555320909674, 22.49927620886934 ], [ 88.385548517254932, 22.499286997288085 ], [ 88.385454177543593, 22.499313587068706 ], [ 88.385442589310955, 22.499309399656639 ], [ 88.385440401677769, 22.499320146795945 ], [ 88.38537366181626, 22.499337907675951 ], [ 88.385362218035738, 22.499346592060508 ], [ 88.385327597787466, 22.49934690160449 ], [ 88.385327694086769, 22.499355482806237 ], [ 88.385233113545993, 22.499360619456578 ], [ 88.385212269174659, 22.499354369265706 ], [ 88.385212365466913, 22.499362950467862 ], [ 88.385117784912879, 22.499368087050943 ], [ 88.385096940544713, 22.499361836844944 ], [ 88.385097036829876, 22.499370418047526 ], [ 88.385087804761085, 22.499370500578191 ], [ 88.385002239634076, 22.49935624685676 ], [ 88.384985963166855, 22.499345664771756 ], [ 88.384979111324526, 22.499352162567245 ], [ 88.384960647188421, 22.499352327614442 ], [ 88.384946726879363, 22.499346015496076 ], [ 88.384884386353221, 22.499344427208353 ], [ 88.384884266013316, 22.49933370070411 ], [ 88.384845101929614, 22.49934048730616 ], [ 88.384831181626438, 22.499334175177474 ], [ 88.384768841104304, 22.499332586844691 ], [ 88.384768744839576, 22.499324005640847 ], [ 88.384754896739054, 22.499324129408219 ], [ 88.384754968936988, 22.499330565311134 ], [ 88.384676592621119, 22.499339847841487 ], [ 88.384639616218834, 22.499335887262095 ], [ 88.384639712475675, 22.499344468466404 ], [ 88.384565952175933, 22.499353709691253 ], [ 88.384526667754173, 22.499349769711063 ], [ 88.384526764004107, 22.499358350915767 ], [ 88.384434491422113, 22.499363466474122 ], [ 88.384413647080223, 22.499357216178097 ], [ 88.384413743323222, 22.499365797383216 ], [ 88.384386071169914, 22.499368190157462 ], [ 88.384307622620511, 22.499371036606419 ], [ 88.384307550443154, 22.4993646007023 ], [ 88.384296010353779, 22.499364703809 ], [ 88.384296106589545, 22.499373285014535 ], [ 88.384268434431576, 22.49937567776875 ], [ 88.384201525963277, 22.499378421061586 ], [ 88.384199145772698, 22.499372005777062 ], [ 88.384180681627797, 22.499372170735008 ], [ 88.3841807778565, 22.499380751940972 ], [ 88.384088505235397, 22.499385867302461 ], [ 88.384067660903014, 22.499379616961068 ], [ 88.384067757124768, 22.499388198167445 ], [ 88.383991640621446, 22.499393169146991 ], [ 88.383952308089277, 22.499384938423091 ], [ 88.383952404303926, 22.49939351962988 ], [ 88.38391778402314, 22.499393828871547 ], [ 88.383920645265562, 22.499443150195223 ], [ 88.383943941943386, 22.499462251749307 ], [ 88.384393765158819, 22.499436777930818 ], [ 88.385009909854162, 22.499422689284785 ], [ 88.385254439393805, 22.499409775654488 ], [ 88.385496420074489, 22.499375429291014 ], [ 88.385719816081917, 22.499330521203579 ], [ 88.386129462604501, 22.499221726785596 ], [ 88.386552571004032, 22.499078482647025 ], [ 88.386607818699588, 22.499065115161425 ], [ 88.386711606888042, 22.499057749794904 ], [ 88.386794695261216, 22.499057006171892 ], [ 88.386829411806389, 22.499065277512795 ], [ 88.386901345709063, 22.499098961905563 ], [ 88.386966452010441, 22.499141289438278 ], [ 88.38711943152785, 22.499197848919369 ], [ 88.387188792413525, 22.499207955551483 ], [ 88.387327345471419, 22.499213151634233 ], [ 88.387389926976226, 22.499236191963469 ], [ 88.387406227705682, 22.499248919095614 ], [ 88.387420365067015, 22.499274538682972 ], [ 88.38749047973748, 22.499557118747468 ], [ 88.387511830508799, 22.499608419901893 ], [ 88.387637572613286, 22.499705987525228 ], [ 88.387770672991749, 22.499842108391089 ], [ 88.388072628480813, 22.500214868601489 ], [ 88.388171905277417, 22.500422094039017 ], [ 88.388224201576548, 22.500556792861545 ], [ 88.388244595541252, 22.50072825122308 ], [ 88.388265633208533, 22.500751663381866 ], [ 88.388279529674094, 22.500755829900271 ], [ 88.388431715367702, 22.500741593199766 ], [ 88.388454602737809, 22.500724224004347 ], [ 88.388454337368231, 22.50070062573548 ], [ 88.388392302062414, 22.500520958485318 ], [ 88.388323841717252, 22.500180435253117 ], [ 88.388285755455954, 22.500077791843868 ], [ 88.388267122403107, 22.500062940192212 ], [ 88.388234785924652, 22.500061084393504 ], [ 88.388197664556714, 22.500044252860683 ], [ 88.388076296634239, 22.4999251913849 ] ] ] } },
{ "type": "Feature", "properties": { "source": "KMC ward sewerage network map (ArcMap GeoPDF), water raster", "extraction_method": "geopdf_raster_polygonised", "wards": "101,102,105,106,107,108,109" }, "geometry": { "type": "Polygon", "coordinates": [ [ [ 88.386831066680472, 22.499829065935067 ], [ 88.386890550620919, 22.499987301589812 ], [ 88.386934788712878, 22.500021233844315 ], [ 88.386997394634392, 22.500046419607486 ], [ 88.387105172892802, 22.499983234866971 ], [ 88.387046502427054, 22.499691970121301 ], [ 88.387022650979233, 22.499623527167962 ], [ 88.386997310966393, 22.499628045029375 ], [ 88.386958291535478, 22.499647703937079 ], [ 88.386781007747445, 22.499687910012366 ], [ 88.386806950230607, 22.499737024658266 ], [ 88.386816977558894, 22.499807736892926 ], [ 88.386831066680472, 22.499829065935067 ] ] ] } },
{ "type": "Feature", "properties": { "source": "KMC ward sewerage network map (ArcMap GeoPDF), water raster", "extraction_method": "geopdf_raster_polygonised", "wards": "101,102,105,106,107,108,109" }, "geometry": { "type": "Polygon", "coordinates": [ [ [ 88.38277136272491, 22.500141837637461 ], [ 88.382881223185393, 22.500023970791762 ], [ 88.383091149179862, 22.49984336486315 ], [ 88.383432556756546, 22.499630042191598 ], [ 88.38355631851627, 22.499567111231784 ], [ 88.383709743685046, 22.499508068854119 ], [ 88.383864979297798, 22.499480664718266 ], [ 88.38386929342164, 22.499468243842575 ], [ 88.383912243195908, 22.499467896317746 ], [ 88.383916457012333, 22.499445842721347 ], [ 88.38391053290654, 22.499445890656599 ], [ 88.38390711233005, 22.499401879334002 ], [ 88.383683520374461, 22.49940781703091 ], [ 88.383578639699167, 22.499434813652918 ], [ 88.383487317417305, 22.499483720038914 ], [ 88.383479883632347, 22.499481027732202 ], [ 88.383479940931082, 22.499486532144441 ], [ 88.383429858166934, 22.499513085410008 ], [ 88.383415062216301, 22.499514581306453 ], [ 88.383409252698328, 22.499525638048151 ], [ 88.383366618016197, 22.499556259708303 ], [ 88.383356250820441, 22.499556343559881 ], [ 88.383350441296116, 22.499567400299728 ], [ 88.383306339882452, 22.499599410026921 ], [ 88.383297439388727, 22.49959810579341 ], [ 88.383297511003477, 22.499604986309134 ], [ 88.383223989498831, 22.499656501021619 ], [ 88.383182749832869, 22.499678854039921 ], [ 88.383176797071698, 22.499676149742285 ], [ 88.383125304754927, 22.499709595412192 ], [ 88.383113456516924, 22.499709691225419 ], [ 88.383060540424466, 22.499748653265499 ], [ 88.383051639922627, 22.49974734901879 ], [ 88.383044363656595, 22.499759793828279 ], [ 88.382991361604894, 22.499790499227593 ], [ 88.382987033072894, 22.499801543980439 ], [ 88.382934030992061, 22.499832249362189 ], [ 88.382888519959337, 22.499871151474693 ], [ 88.382873723962092, 22.499872647323542 ], [ 88.382873795556819, 22.499879527840267 ], [ 88.38282527947176, 22.499914325575205 ], [ 88.382814897928554, 22.499913033289907 ], [ 88.382809102665149, 22.499925466116043 ], [ 88.382763491341038, 22.499954735472318 ], [ 88.382729957342335, 22.500005926685795 ], [ 88.382719633062806, 22.500010138808332 ], [ 88.382718280887133, 22.500022535712183 ], [ 88.382675832018677, 22.5000710465475 ], [ 88.38267886567219, 22.500077903119074 ], [ 88.382661350970594, 22.500102816653513 ], [ 88.382636416773622, 22.50012641394521 ], [ 88.382617549873203, 22.500163724378904 ], [ 88.382553214664426, 22.500244065147943 ], [ 88.382554824544627, 22.500256438107417 ], [ 88.382525719193922, 22.500306217265138 ], [ 88.38252732907273, 22.500318590224882 ], [ 88.382508519381872, 22.500361405061636 ], [ 88.382496771294143, 22.500371133556669 ], [ 88.382498381171473, 22.500383506516705 ], [ 88.38247957146389, 22.500426321350616 ], [ 88.382469275776032, 22.500433285665821 ], [ 88.382473776151073, 22.500438754166495 ], [ 88.382452075928441, 22.500488473457349 ], [ 88.382440327826302, 22.500498201948865 ], [ 88.382444813887389, 22.500502294346774 ], [ 88.382433251878922, 22.500529912183264 ], [ 88.382386832026171, 22.500623870280226 ], [ 88.382391332404751, 22.500629338782939 ], [ 88.382378532683987, 22.500680362346102 ], [ 88.382369746642269, 22.500690066892549 ], [ 88.382368580520875, 22.500720353139847 ], [ 88.382352675558195, 22.500757639606856 ], [ 88.382357190254538, 22.500764484213775 ], [ 88.38234437619721, 22.500814131671145 ], [ 88.382335604459342, 22.500825212319626 ], [ 88.382340104842939, 22.500830680823412 ], [ 88.382321481117231, 22.500891384987504 ], [ 88.382325981502589, 22.500896853491561 ], [ 88.38230885312106, 22.50095892178792 ], [ 88.38231335350828, 22.500964390292204 ], [ 88.382300682561365, 22.501027798781468 ], [ 88.382300632926999, 22.501165421098687 ], [ 88.382308124041145, 22.501173617869735 ], [ 88.382317554261149, 22.501225837980577 ], [ 88.382313197007875, 22.501234130511445 ], [ 88.382320659497879, 22.501239575074756 ], [ 88.382330118357501, 22.501294547390824 ], [ 88.382325761103104, 22.50130283992204 ], [ 88.382333266541124, 22.501312412794753 ], [ 88.382343283686694, 22.501421053141623 ], [ 88.382401073206196, 22.501423338491069 ], [ 88.382455871997806, 22.501422895556015 ], [ 88.382457130510986, 22.501259115315637 ], [ 88.382423273414133, 22.501136905481832 ], [ 88.382422715116434, 22.501083237449251 ], [ 88.382433461190558, 22.500977181718639 ], [ 88.382483958557302, 22.500705658381349 ], [ 88.38258383108095, 22.500481903576532 ], [ 88.382695880888875, 22.500289703313729 ], [ 88.38277136272491, 22.500141837637461 ] ] ] } },
{ "type": "Feature", "properties": { "source": "KMC ward sewerage network map (ArcMap GeoPDF), water raster", "extraction_method": "geopdf_raster_polygonised", "wards": "101,102,105,106,107,108,109" }, "geometry": { "type": "Polygon", "coordinates": [ [ [ 88.389049430999634, 22.500251170903201 ], [ 88.389010025596875, 22.50023650555238 ], [ 88.388945497346498, 22.500245666032963 ], [ 88.388865005932004, 22.500272133676276 ], [ 88.388802761551517, 22.500279128116517 ], [ 88.388779753652429, 22.500285770871542 ], [ 88.388752274465148, 22.500305326777184 ], [ 88.388745664049281, 22.500333277695709 ], [ 88.388793175885183, 22.50045300060178 ], [ 88.388858002312205, 22.500675552922957 ], [ 88.388872019439347, 22.500690445873708 ], [ 88.388908948004897, 22.500690114862937 ], [ 88.388936523769075, 22.500679140115658 ], [ 88.388954601935239, 22.500644649856511 ], [ 88.389014152304171, 22.500603351293165 ], [ 88.389071539407325, 22.500574945179853 ], [ 88.389073388896776, 22.500534163853082 ], [ 88.389058744292399, 22.500463493206517 ], [ 88.389058856177954, 22.500268250516434 ], [ 88.389049430999634, 22.500251170903201 ] ] ] } },
{ "type": "Feature", "properties": { "source": "KMC ward sewerage network map (ArcMap GeoPDF), water raster", "extraction_method": "geopdf_raster_polygonised", "wards": "101,102,105,106,107,108,109" }, "geometry": { "type": "Polygon", "coordinates": [ [ [ 88.384507620310515, 22.501150027831688 ], [ 88.384569987926099, 22.501359731011995 ], [ 88.384659953768519, 22.501354635938927 ], [ 88.384644565216561, 22.501217460471931 ], [ 88.384660168024553, 22.501167974163678 ], [ 88.384657523047011, 22.501137960583598 ], [ 88.38462927296645, 22.501088866202139 ], [ 88.384592127639451, 22.501069888531493 ], [ 88.384536758602025, 22.50107252886874 ], [ 88.384513822526898, 22.501085606932723 ], [ 88.38450478285408, 22.501102851841566 ], [ 88.384507620310515, 22.501150027831688 ] ] ] } },
{ "type": "Feature", "properties": { "source": "KMC ward sewerage network map (ArcMap GeoPDF), water raster", "extraction_method": "geopdf_raster_polygonised", "wards": "101,102,105,106,107,108,109" }, "geometry": { "type": "Polygon", "coordinates": [ [ [ 88.388569248710169, 22.501066478754876 ], [ 88.388512046275864, 22.500906077880462 ], [ 88.388485379210906, 22.500792604644225 ], [ 88.388471434486775, 22.50078414754984 ], [ 88.388446046076126, 22.500784375052582 ], [ 88.388270876447834, 22.50080739975364 ], [ 88.388264072942533, 22.50081818827827 ], [ 88.388269533281814, 22.500893232325211 ], [ 88.388407331791811, 22.501241716292288 ], [ 88.388530438302354, 22.501515238804632 ], [ 88.388587496283662, 22.501662767866275 ], [ 88.388618128286637, 22.501718276678766 ], [ 88.388932659609026, 22.501977210048651 ], [ 88.389151113396693, 22.502108273418894 ], [ 88.389307539621456, 22.502265638810393 ], [ 88.389349277840225, 22.502282428654052 ], [ 88.389624154415728, 22.502299273247928 ], [ 88.389649398222247, 22.50228617377179 ], [ 88.389644444076552, 22.50225618103342 ], [ 88.389490591120889, 22.502122393543974 ], [ 88.389190389548318, 22.501906243100805 ], [ 88.388964867094401, 22.501762370058618 ], [ 88.388869199241057, 22.501670970576203 ], [ 88.388829238424151, 22.501606963381921 ], [ 88.388713127773471, 22.501339814966713 ], [ 88.388630729586382, 22.501196804073242 ], [ 88.388569248710169, 22.501066478754876 ] ] ] } },
{ "type": "Feature", "properties": { "source": "KMC ward sewerage network map (ArcMap GeoPDF), water raster", "extraction_method": "geopdf_raster_polygonised", "wards": "101,102,105,106,107,108,109" }, "geometry": { "type": "Polygon", "coordinates": [ [ [ 88.389385478546544, 22.501601976599282 ], [ 88.389351099189497, 22.501623739996916 ], [ 88.389321577311918, 22.501666914958598 ], [ 88.389261736947716, 22.501682470094856 ], [ 88.389236517345026, 22.501697714803662 ], [ 88.389243682877648, 22.5017191056833 ], [ 88.389278424349882, 22.501729521748864 ], [ 88.389319993428117, 22.501731294536821 ], [ 88.389366564846128, 22.501767350659058 ], [ 88.389378322368898, 22.501786554843417 ], [ 88.389399143126738, 22.501790659169387 ], [ 88.389477544506363, 22.50178351958559 ], [ 88.389498147990196, 22.501768316235378 ], [ 88.389506583520102, 22.501697438678661 ], [ 88.38953637090853, 22.501677861940802 ], [ 88.389545434116357, 22.501662762076236 ], [ 88.3895382685415, 22.501641371212074 ], [ 88.389514946617993, 22.501620125233515 ], [ 88.389461644194611, 22.501601293612428 ], [ 88.389385478546544, 22.501601976599282 ] ] ] } },
{ "type": "Feature", "properties": { "source": "KMC ward sewerage network map (ArcMap GeoPDF), water raster", "extraction_method": "geopdf_raster_polygonised", "wards": "101,102,105,106,107,108,109" }, "geometry": { "type": "Polygon", "coordinates": [ [ [ 88.390539079460865, 22.501758978176291 ], [ 88.390573965973914, 22.501782265726423 ], [ 88.390671314864875, 22.501817865754735 ], [ 88.390698914851029, 22.501809035997685 ], [ 88.390717137662222, 22.501787417328746 ], [ 88.390732472558554, 22.50171433229881 ], [ 88.390732085987466, 22.501680007582191 ], [ 88.390722636343, 22.501660782790196 ], [ 88.390660246523169, 22.501654906204752 ], [ 88.390526862791774, 22.501699013480085 ], [ 88.390520325159414, 22.50173340033701 ], [ 88.390539079460865, 22.501758978176291 ] ] ] } },
{ "type": "Feature", "properties": { "source": "KMC ward sewerage network map (ArcMap GeoPDF), water raster", "extraction_method": "geopdf_raster_polygonised", "wards": "101,102,105,106,107,108,109" }, "geometry": { "type": "Polygon", "coordinates": [ [ [ 88.390028220404403, 22.502514491058907 ], [ 88.389660924231791, 22.502489894052225 ], [ 88.389619427360145, 22.502494557250948 ], [ 88.38962421250055, 22.502509532919873 ], [ 88.389686868285807, 22.502539008139866 ], [ 88.390365667671063, 22.502758197253364 ], [ 88.390571979628206, 22.502835729742284 ], [ 88.390601912048922, 22.502829024572964 ], [ 88.390611047685312, 22.50282036053639 ], [ 88.390635784113556, 22.502762209719929 ], [ 88.390685063623721, 22.502628745720877 ], [ 88.39068484617512, 22.502609438069591 ], [ 88.390670852818232, 22.50259669059427 ], [ 88.390495125800101, 22.502570376027386 ], [ 88.390206279510977, 22.502542930730016 ], [ 88.390028220404403, 22.502514491058907 ] ] ] } },
{ "type": "Feature", "properties": { "source": "KMC ward sewerage network map (ArcMap GeoPDF), water raster", "extraction_method": "geopdf_raster_polygonised", "wards": "101,102,105,106,107,108,109" }, "geometry": { "type": "Polygon", "coordinates": [ [ [ 88.386813015025638, 22.504386299342354 ], [ 88.386811809871801, 22.504279034455983 ], [ 88.386804427626274, 22.504238335782688 ], [ 88.386790313919704, 22.504214861474086 ], [ 88.386772518294038, 22.504069125849117 ], [ 88.386771096270166, 22.503942553275856 ], [ 88.386779774286708, 22.503893128782504 ], [ 88.386762798191214, 22.503820333277385 ], [ 88.386743947852821, 22.503786173791894 ], [ 88.386718293764204, 22.503762802772403 ], [ 88.386671794590342, 22.503733181786053 ], [ 88.386590674121905, 22.503703870655063 ], [ 88.386521407394298, 22.503702345074384 ], [ 88.386454569238609, 22.503711525299185 ], [ 88.386383163087899, 22.503725037402894 ], [ 88.386330293914213, 22.503744820139325 ], [ 88.386286681174695, 22.503766665543985 ], [ 88.38621568456135, 22.503816647648605 ], [ 88.386193133708488, 22.503864050737153 ], [ 88.386180104321483, 22.503937114796258 ], [ 88.386192054363619, 22.503973481608412 ], [ 88.386222324595295, 22.5039968114083 ], [ 88.386248243685188, 22.504043780789804 ], [ 88.386256300395004, 22.504144547850725 ], [ 88.386214615021416, 22.504338017105514 ], [ 88.386200144891305, 22.504488332554114 ], [ 88.386212552781359, 22.504565460026029 ], [ 88.386238688836087, 22.504631737084363 ], [ 88.386252778403971, 22.504653066144545 ], [ 88.386275955821446, 22.50466144079849 ], [ 88.386335894231578, 22.504654467888138 ], [ 88.386418720890276, 22.504630126012639 ], [ 88.386518089817912, 22.504639964261344 ], [ 88.386557014279376, 22.504611724206775 ], [ 88.386695500437582, 22.50461048466606 ], [ 88.386725385260476, 22.50459948959455 ], [ 88.386750340543131, 22.504560646968976 ], [ 88.386756734594428, 22.504513388436649 ], [ 88.386813015025638, 22.504386299342354 ] ] ] } },
{ "type": "Feature", "properties": { "source": "KMC ward sewerage network map (ArcMap GeoPDF), water raster", "extraction_method": "geopdf_raster_polygonised", "wards": "101,102,105,106,107,108,109" }, "geometry": { "type": "Polygon", "coordinates": [ [ [ 88.388679180100809, 22.504273035053892 ], [ 88.38866800160045, 22.504305317934421 ], [ 88.388704529485508, 22.504474485991132 ], [ 88.388773820700877, 22.504478155907833 ], [ 88.388852296041989, 22.504477452440018 ], [ 88.388875304618949, 22.504470809643124 ], [ 88.388905044403515, 22.504446942402563 ], [ 88.388906121593678, 22.504337511626911 ], [ 88.388891380019473, 22.504258259830188 ], [ 88.388872625645888, 22.504232681808421 ], [ 88.388831031682727, 22.504228763647117 ], [ 88.388708919880841, 22.504249167849419 ], [ 88.388679180100809, 22.504273035053892 ] ] ] } },
{ "type": "Feature", "properties": { "source": "KMC ward sewerage network map (ArcMap GeoPDF), water raster", "extraction_method": "geopdf_raster_polygonised", "wards": "101,102,105,106,107,108,109" }, "geometry": { "type": "Polygon", "coordinates": [ [ [ 88.38797735777878, 22.504470274800184 ], [ 88.388005609764136, 22.504519368480064 ], [ 88.388021621730829, 22.50450635194904 ], [ 88.38802104280569, 22.504454864831466 ], [ 88.387983100135273, 22.504365093231044 ], [ 88.387955185881935, 22.504346033697662 ], [ 88.387909096302877, 22.504352883137759 ], [ 88.387883972550767, 22.504376708848646 ], [ 88.387879573432073, 22.504396057872761 ], [ 88.387932949126778, 22.504421325857901 ], [ 88.38797735777878, 22.504470274800184 ] ] ] } },
{ "type": "Feature", "properties": { "source": "KMC ward sewerage network map (ArcMap GeoPDF), water raster", "extraction_method": "geopdf_raster_polygonised", "wards": "101,102,105,106,107,108,109" }, "geometry": { "type": "Polygon", "coordinates": [ [ [ 88.388110214340145, 22.504378972953141 ], [ 88.388056050243875, 22.50448887938936 ], [ 88.388054007491135, 22.50451249833057 ], [ 88.388070574273954, 22.504548823614691 ], [ 88.38808218714351, 22.504555156105482 ], [ 88.388123636453841, 22.504546202677492 ], [ 88.388152893912249, 22.50447942963989 ], [ 88.388189220383936, 22.504425466332876 ], [ 88.38824653682903, 22.504390624549309 ], [ 88.388243963354356, 22.504367046971094 ], [ 88.38822997002255, 22.504354299283971 ], [ 88.388211432874087, 22.504348028847833 ], [ 88.388174527450531, 22.504350505044094 ], [ 88.388110214340145, 22.504378972953141 ] ] ] } },
{ "type": "Feature", "properties": { "source": "KMC ward sewerage network map (ArcMap GeoPDF), water raster", "extraction_method": "geopdf_raster_polygonised", "wards": "101,102,105,106,107,108,109" }, "geometry": { "type": "Polygon", "coordinates": [ [ [ 88.38470962751957, 22.505370596201015 ], [ 88.384714652975319, 22.505407025026205 ], [ 88.384726434284602, 22.505428374858052 ], [ 88.384789042348231, 22.50545356136087 ], [ 88.384807868396223, 22.505485575781904 ], [ 88.384826477789801, 22.505498282506878 ], [ 88.38487929970961, 22.505474209625579 ], [ 88.38493200123402, 22.505439410231936 ], [ 88.384931543804498, 22.505398649547502 ], [ 88.384900767887771, 22.50533026822961 ], [ 88.384842222399726, 22.505255698616178 ], [ 88.38482363711195, 22.505245137190418 ], [ 88.384761318007804, 22.505245694288668 ], [ 88.384699648832196, 22.505304174447566 ], [ 88.384697894361324, 22.505353536966222 ], [ 88.38470962751957, 22.505370596201015 ] ] ] } },
{ "type": "Feature", "properties": { "source": "KMC ward sewerage network map (ArcMap GeoPDF), water raster", "extraction_method": "geopdf_raster_polygonised", "wards": "101,102,105,106,107,108,109" }, "geometry": { "type": "Polygon", "coordinates": [ [ [ 88.384886344438641, 22.505484874217355 ], [ 88.384828930351389, 22.505511133668403 ], [ 88.384899666574327, 22.505643523181625 ], [ 88.384920535968675, 22.505651918660586 ], [ 88.385015120798073, 22.505646781981593 ], [ 88.385089317772824, 22.505676155772868 ], [ 88.385289811308397, 22.505646471267969 ], [ 88.385317316110473, 22.505629061186731 ], [ 88.385324095983862, 22.505616127470685 ], [ 88.38532318088879, 22.505534606117198 ], [ 88.385300842551004, 22.505395347462223 ], [ 88.385153387925499, 22.505420266686627 ], [ 88.385086211740344, 22.505399412201299 ], [ 88.385023916650681, 22.505402114703703 ], [ 88.385003215823488, 22.505408736330146 ], [ 88.384886344438641, 22.505484874217355 ] ] ] } },
{ "type": "Feature", "properties": { "source": "KMC ward sewerage network map (ArcMap GeoPDF), water raster", "extraction_method": "geopdf_raster_polygonised", "wards": "101,102,105,106,107,108,109" }, "geometry": { "type": "Polygon", "coordinates": [ [ [ 88.390653768542691, 22.50579365541256 ], [ 88.39068104266623, 22.505960760426131 ], [ 88.390814744515808, 22.505944541658014 ], [ 88.390833064479864, 22.505931504134502 ], [ 88.390833801760976, 22.505792039331265 ], [ 88.390807542477603, 22.505715036681462 ], [ 88.390788835884038, 22.505693749502459 ], [ 88.390749622068526, 22.50569624702381 ], [ 88.390676293948346, 22.505744106477561 ], [ 88.390660354601778, 22.50576355914659 ], [ 88.390653768542691, 22.50579365541256 ] ] ] } },
{ "type": "Feature", "properties": { "source": "KMC ward sewerage network map (ArcMap GeoPDF), water raster", "extraction_method": "geopdf_raster_polygonised", "wards": "101,102,105,106,107,108,109" }, "geometry": { "type": "Polygon", "coordinates": [ [ [ 88.389433242179962, 22.506051340062431 ], [ 88.389463199497115, 22.506046780364418 ], [ 88.3895158275553, 22.506005543635467 ], [ 88.389515392917431, 22.505966928329517 ], [ 88.389452325103591, 22.505900983118693 ], [ 88.389392289805542, 22.505899376027642 ], [ 88.389353293182907, 22.505921180867517 ], [ 88.389348918378687, 22.505942675215255 ], [ 88.389382101288263, 22.506019616040614 ], [ 88.389433242179962, 22.506051340062431 ] ] ] } },
{ "type": "Feature", "properties": { "source": "KMC ward sewerage network map (ArcMap GeoPDF), water raster", "extraction_method": "geopdf_raster_polygonised", "wards": "101,102,105,106,107,108,109" }, "geometry": { "type": "Polygon", "coordinates": [ [ [ 88.387790170953039, 22.506093959243874 ], [ 88.387765312198979, 22.506141383208107 ], [ 88.387800802433105, 22.506218303722669 ], [ 88.387826505412463, 22.506245965123298 ], [ 88.387904547587496, 22.506206646734981 ], [ 88.387968958060114, 22.506186760054195 ], [ 88.388001006486988, 22.506162872279599 ], [ 88.388010070130534, 22.506147772486418 ], [ 88.388007303658412, 22.506107032539891 ], [ 88.387981431811241, 22.506064354094931 ], [ 88.387914182588091, 22.506037064939431 ], [ 88.387877228465953, 22.506035250497387 ], [ 88.387790170953039, 22.506093959243874 ] ] ] } },
{ "type": "Feature", "properties": { "source": "KMC ward sewerage network map (ArcMap GeoPDF), water raster", "extraction_method": "geopdf_raster_polygonised", "wards": "101,102,105,106,107,108,109" }, "geometry": { "type": "Polygon", "coordinates": [ [ [ 88.383443267294027, 22.506065152803114 ], [ 88.383339848385859, 22.506090761417887 ], [ 88.383276447733124, 22.506118798676077 ], [ 88.383229152886869, 22.506128814792302 ], [ 88.383169894638613, 22.506127917922999 ], [ 88.383118185136439, 22.50614072215302 ], [ 88.383041583448531, 22.506181252061729 ], [ 88.383022629984197, 22.506210305938477 ], [ 88.383021521327947, 22.506246096574237 ], [ 88.38303966696887, 22.506281731478381 ], [ 88.383070927641782, 22.506296617030795 ], [ 88.383096134991249, 22.506299165577694 ], [ 88.38316416530364, 22.50628898177056 ], [ 88.383217184034407, 22.506259652317773 ], [ 88.383371118072375, 22.506248773500971 ], [ 88.383545601174902, 22.506219837438412 ], [ 88.383588194781922, 22.506185087349074 ], [ 88.383595385318444, 22.506164385899101 ], [ 88.383589116998806, 22.506131407392406 ], [ 88.383562070327699, 22.506094468358796 ], [ 88.383515912704141, 22.506071446128008 ], [ 88.383443267294027, 22.506065152803114 ] ] ] } },
{ "type": "Feature", "properties": { "source": "KMC ward sewerage network map (ArcMap GeoPDF), water raster", "extraction_method": "geopdf_raster_polygonised", "wards": "101,102,105,106,107,108,109" }, "geometry": { "type": "Polygon", "coordinates": [ [ [ 88.390870248039008, 22.506158594436101 ], [ 88.390910259533626, 22.506226891562022 ], [ 88.390938174554933, 22.506245950539242 ], [ 88.391000348924408, 22.50623251926903 ], [ 88.391023164305935, 22.506208713810626 ], [ 88.39106444467474, 22.506184742559057 ], [ 88.391064106285882, 22.506154708453042 ], [ 88.391050040009105, 22.506135525155994 ], [ 88.390989811270529, 22.506116756319827 ], [ 88.390966560853798, 22.506101946492294 ], [ 88.390906525484368, 22.506100339971148 ], [ 88.390885873215197, 22.506111252931383 ], [ 88.390870248039008, 22.506158594436101 ] ] ] } },
{ "type": "Feature", "properties": { "source": "KMC ward sewerage network map (ArcMap GeoPDF), water raster", "extraction_method": "geopdf_raster_polygonised", "wards": "101,102,105,106,107,108,109" }, "geometry": { "type": "Polygon", "coordinates": [ [ [ 88.389306445094434, 22.506681112029121 ], [ 88.389318492795923, 22.506726059723118 ], [ 88.389325610356508, 22.506743159982928 ], [ 88.38935354942933, 22.506764364534156 ], [ 88.389385839183205, 22.506761929437836 ], [ 88.389505379287144, 22.506717947083505 ], [ 88.38953973568357, 22.506694038309295 ], [ 88.389539325173359, 22.506657568301616 ], [ 88.38951104803624, 22.506606329658176 ], [ 88.389462553098312, 22.506604619098422 ], [ 88.389354336440249, 22.506629190265961 ], [ 88.389317623602693, 22.506648829111334 ], [ 88.389306445094434, 22.506681112029121 ] ] ] } },
{ "type": "Feature", "properties": { "source": "KMC ward sewerage network map (ArcMap GeoPDF), water raster", "extraction_method": "geopdf_raster_polygonised", "wards": "101,102,105,106,107,108,109" }, "geometry": { "type": "Polygon", "coordinates": [ [ [ 88.387874138000242, 22.506992176654794 ], [ 88.387884520828408, 22.506889099050305 ], [ 88.387834892070245, 22.506786559087576 ], [ 88.387809502557062, 22.506786786545163 ], [ 88.387565394658409, 22.506838320020666 ], [ 88.387563207106524, 22.506849067176784 ], [ 88.38761914026334, 22.507101736619383 ], [ 88.387608274862302, 22.507161908290307 ], [ 88.387606810862465, 22.507237014333374 ], [ 88.387620900920709, 22.507258343243233 ], [ 88.387633189334849, 22.507324744046908 ], [ 88.387636462243208, 22.507410535217279 ], [ 88.387696739413272, 22.507433595891623 ], [ 88.387752689756141, 22.507482441449632 ], [ 88.387801257375173, 22.507490588397708 ], [ 88.387863432668311, 22.50747715829743 ], [ 88.387920846909509, 22.507450897758506 ], [ 88.387939143230724, 22.507435715247045 ], [ 88.38797068532962, 22.507366776254635 ], [ 88.387962554686993, 22.507259573503067 ], [ 88.387915233868043, 22.507157012898944 ], [ 88.387912395017153, 22.507109837067457 ], [ 88.387886354135574, 22.507052141548336 ], [ 88.387874138000242, 22.506992176654794 ] ] ] } },
{ "type": "Feature", "properties": { "source": "KMC ward sewerage network map (ArcMap GeoPDF), water raster", "extraction_method": "geopdf_raster_polygonised", "wards": "101,102,105,106,107,108,109" }, "geometry": { "type": "Polygon", "coordinates": [ [ [ 88.382827814644415, 22.507274321821384 ], [ 88.382883311888463, 22.507483058117014 ], [ 88.382901228484329, 22.50749667539268 ], [ 88.383127022114536, 22.507416404667314 ], [ 88.383137275283772, 22.507405311985856 ], [ 88.383103043303663, 22.507247323840172 ], [ 88.383071266676112, 22.507182898635453 ], [ 88.383035404890194, 22.507152911912328 ], [ 88.38297922301976, 22.507162999851388 ], [ 88.382902534796244, 22.507195273106895 ], [ 88.382829138196101, 22.507259172720168 ], [ 88.382827814644415, 22.507274321821384 ] ] ] } },
{ "type": "Feature", "properties": { "source": "KMC ward sewerage network map (ArcMap GeoPDF), water raster", "extraction_method": "geopdf_raster_polygonised", "wards": "101,102,105,106,107,108,109" }, "geometry": { "type": "Polygon", "coordinates": [ [ [ 88.386269355113029, 22.507978463490186 ], [ 88.38624413405293, 22.50799370779292 ], [ 88.38622379438354, 22.508032509050039 ], [ 88.386243103102629, 22.508107429204188 ], [ 88.386318169232368, 22.508214033039405 ], [ 88.3863576490009, 22.508235134826442 ], [ 88.38641071264918, 22.508232514382343 ], [ 88.386477408352718, 22.508210462289025 ], [ 88.386498013098574, 22.508195259269847 ], [ 88.386504431433721, 22.508150146052468 ], [ 88.386485098466295, 22.508073080640418 ], [ 88.386440496280215, 22.508006968962608 ], [ 88.386405560582674, 22.507979389984005 ], [ 88.386382382593567, 22.507971015380349 ], [ 88.386299288880934, 22.507971759058492 ], [ 88.386269355113029, 22.507978463490186 ] ] ] } },
{ "type": "Feature", "properties": { "source": "KMC ward sewerage network map (ArcMap GeoPDF), water raster", "extraction_method": "geopdf_raster_polygonised", "wards": "101,102,105,106,107,108,109" }, "geometry": { "type": "Polygon", "coordinates": [ [ [ 88.383482514904088, 22.50869616341631 ], [ 88.383502529084481, 22.508768940990418 ], [ 88.383520474572904, 22.508785310386582 ], [ 88.383613685191676, 22.508774922582823 ], [ 88.383625448204882, 22.508766570085744 ], [ 88.383612122975791, 22.508624927529755 ], [ 88.383598405890965, 22.508587880664159 ], [ 88.383565448538661, 22.508552365710695 ], [ 88.383535639757724, 22.508534716098374 ], [ 88.383477847280176, 22.508532431307646 ], [ 88.383436476135174, 22.508542399583639 ], [ 88.383430952890791, 22.508580978363657 ], [ 88.383482514904088, 22.50869616341631 ] ] ] } },
{ "type": "Feature", "properties": { "source": "KMC ward sewerage network map (ArcMap GeoPDF), water raster", "extraction_method": "geopdf_raster_polygonised", "wards": "101,102,105,106,107,108,109" }, "geometry": { "type": "Polygon", "coordinates": [ [ [ 88.388432888124271, 22.508439681142406 ], [ 88.388377395651531, 22.508431596466416 ], [ 88.388294325864848, 22.50843448648277 ], [ 88.388223400126989, 22.508490905414295 ], [ 88.388202964443963, 22.508521125713681 ], [ 88.388203326379696, 22.508553305143376 ], [ 88.388221984746565, 22.508570302025433 ], [ 88.388277549659975, 22.508584822638216 ], [ 88.388289476581875, 22.508619043931308 ], [ 88.388289886800223, 22.508655513949822 ], [ 88.388283107078351, 22.508668447779577 ], [ 88.388262430083614, 22.50867721513438 ], [ 88.388188641077065, 22.508684312950503 ], [ 88.38817743803709, 22.508714450508204 ], [ 88.388193884770757, 22.508740049258012 ], [ 88.388221824101606, 22.508761253988983 ], [ 88.388268059890748, 22.508767276161187 ], [ 88.388349183680816, 22.508796586262317 ], [ 88.388363274021245, 22.508817915089491 ], [ 88.388361496750434, 22.508865132268767 ], [ 88.388373085872075, 22.508869319421358 ], [ 88.388504506843844, 22.508855268405007 ], [ 88.388541244506285, 22.508837775009965 ], [ 88.388561583616308, 22.508798973490524 ], [ 88.388560883706504, 22.508736759937861 ], [ 88.388538758657972, 22.508616809630148 ], [ 88.388538275972266, 22.508573903730419 ], [ 88.388521443055396, 22.508513980297177 ], [ 88.388481649174992, 22.508464990226088 ], [ 88.388432888124271, 22.508439681142406 ] ] ] } },
{ "type": "Feature", "properties": { "source": "KMC ward sewerage network map (ArcMap GeoPDF), water raster", "extraction_method": "geopdf_raster_polygonised", "wards": "101,102,105,106,107,108,109" }, "geometry": { "type": "Polygon", "coordinates": [ [ [ 88.388509750674061, 22.508911004694351 ], [ 88.388435720232977, 22.508896649679286 ], [ 88.388366499204466, 22.508899415614955 ], [ 88.38829283074287, 22.508917239959931 ], [ 88.388251283638184, 22.508917612311325 ], [ 88.388197954376182, 22.508896635125872 ], [ 88.38811493255912, 22.508903815654275 ], [ 88.388110509238459, 22.508921019384459 ], [ 88.38816641208976, 22.50896557416193 ], [ 88.388185215286214, 22.508995442816119 ], [ 88.388180912618225, 22.509023373023769 ], [ 88.388149153138826, 22.509073004400353 ], [ 88.388145212393695, 22.50913311403545 ], [ 88.388163822577638, 22.509145820329127 ], [ 88.388213162957172, 22.509222616565186 ], [ 88.388245815269812, 22.50925236109477 ], [ 88.388271301751885, 22.509260714725986 ], [ 88.388305924424316, 22.509260404425305 ], [ 88.388436814838869, 22.509199156957354 ], [ 88.38847112375305, 22.509170957788278 ], [ 88.388565638310538, 22.50915938302709 ], [ 88.388576841294991, 22.509129245446434 ], [ 88.388576406857311, 22.509090630139792 ], [ 88.388536178356532, 22.509003024787255 ], [ 88.388542282296001, 22.508930022690937 ], [ 88.388509750674061, 22.508911004694351 ] ] ] } },
{ "type": "Feature", "properties": { "source": "KMC ward sewerage network map (ArcMap GeoPDF), water raster", "extraction_method": "geopdf_raster_polygonised", "wards": "101,102,105,106,107,108,109" }, "geometry": { "type": "Polygon", "coordinates": [ [ [ 88.388677821735527, 22.509076847948897 ], [ 88.38865490894436, 22.509092071931832 ], [ 88.38865745848598, 22.509113504187404 ], [ 88.388692829370868, 22.509179697941143 ], [ 88.388700429748397, 22.509239704114496 ], [ 88.388733661476806, 22.509320935610571 ], [ 88.388752344151868, 22.50934007771572 ], [ 88.388803317203198, 22.509356784808698 ], [ 88.388863112601896, 22.509336939098812 ], [ 88.388883379263532, 22.509291701658455 ], [ 88.388882848176394, 22.509244505179751 ], [ 88.388865580495903, 22.509145966497435 ], [ 88.388841557297809, 22.509062506956457 ], [ 88.388822971207247, 22.509051946038166 ], [ 88.388781424071723, 22.509052318528326 ], [ 88.388726148578101, 22.509063541638632 ], [ 88.388677821735527, 22.509076847948897 ] ] ] } },
{ "type": "Feature", "properties": { "source": "KMC ward sewerage network map (ArcMap GeoPDF), water raster", "extraction_method": "geopdf_raster_polygonised", "wards": "101,102,105,106,107,108,109" }, "geometry": { "type": "Polygon", "coordinates": [ [ [ 88.388152764274622, 22.509188829656694 ], [ 88.388118262259979, 22.509199866399651 ], [ 88.388084122158745, 22.509243082564051 ], [ 88.388054212353623, 22.509251932631305 ], [ 88.388006126638501, 22.509286691699081 ], [ 88.38799489939062, 22.509314683951043 ], [ 88.388000480821191, 22.509400454397202 ], [ 88.38799136873169, 22.509411263604125 ], [ 88.387968286921989, 22.509411470428262 ], [ 88.387963767065216, 22.509420092973901 ], [ 88.387973241054326, 22.509441463197756 ], [ 88.388017337773533, 22.509462523179653 ], [ 88.388045325486175, 22.509488018523871 ], [ 88.388073602746417, 22.509539257404654 ], [ 88.388092188852426, 22.509549818408416 ], [ 88.388117578866996, 22.509549590880884 ], [ 88.388150038206476, 22.509562173065149 ], [ 88.388159270939667, 22.50956209032497 ], [ 88.388193604128887, 22.50953603650396 ], [ 88.388232698453152, 22.509522813074181 ], [ 88.388244094581552, 22.509509837873036 ], [ 88.388240555737468, 22.509400448512633 ], [ 88.388261063922684, 22.509376664090677 ], [ 88.38826077435273, 22.509350920550208 ], [ 88.388216581116524, 22.509321279454408 ], [ 88.388178516163379, 22.509220781550308 ], [ 88.388152764274622, 22.509188829656694 ] ] ] } },
{ "type": "Feature", "properties": { "source": "KMC ward sewerage network map (ArcMap GeoPDF), water raster", "extraction_method": "geopdf_raster_polygonised", "wards": "101,102,105,106,107,108,109" }, "geometry": { "type": "Polygon", "coordinates": [ [ [ 88.383667101086402, 22.509352501573591 ], [ 88.38359197899085, 22.509393019822575 ], [ 88.383573068243521, 22.509426202073026 ], [ 88.383538978000175, 22.509708602485738 ], [ 88.383545920137834, 22.509806257731892 ], [ 88.383562800278469, 22.509862546036238 ], [ 88.38358976174429, 22.509891228408783 ], [ 88.383620994637909, 22.50990336160174 ], [ 88.383776800815227, 22.509929624943901 ], [ 88.383810809652744, 22.509923844808316 ], [ 88.383862377109878, 22.50989727928361 ], [ 88.384075693977891, 22.509756554550897 ], [ 88.384088794800306, 22.509734429017879 ], [ 88.384085449778496, 22.509555547883355 ], [ 88.384073906176368, 22.509442791536877 ], [ 88.384052768878163, 22.509404428575753 ], [ 88.384012505905801, 22.509378606392051 ], [ 88.383867053909597, 22.509350883225867 ], [ 88.383667101086402, 22.509352501573591 ] ] ] } },
{ "type": "Feature", "properties": { "source": "KMC ward sewerage network map (ArcMap GeoPDF), water raster", "extraction_method": "geopdf_raster_polygonised", "wards": "101,102,105,106,107,108,109" }, "geometry": { "type": "Polygon", "coordinates": [ [ [ 88.3933889178779, 22.510156992398056 ], [ 88.393279316630085, 22.510031632501022 ], [ 88.393270010679487, 22.510023149868339 ], [ 88.393251569592621, 22.510023310607892 ], [ 88.393110252359165, 22.510185112589046 ], [ 88.392961592431249, 22.510304159704621 ], [ 88.392860891986544, 22.510377829100044 ], [ 88.392691335934003, 22.510482071508822 ], [ 88.39229538383556, 22.510770265621485 ], [ 88.392009160147381, 22.510965442928082 ], [ 88.391947305004805, 22.511004518481666 ], [ 88.39187386006229, 22.511037272125243 ], [ 88.391708315539219, 22.511081532367218 ], [ 88.391547231929181, 22.511110767041718 ], [ 88.391402156391294, 22.511127016578289 ], [ 88.391171576818181, 22.511122600832913 ], [ 88.39094998337761, 22.511094556236468 ], [ 88.390906057516858, 22.511082092859457 ], [ 88.390656951495245, 22.511069273836803 ], [ 88.390308404188502, 22.511025205353658 ], [ 88.390010826098532, 22.511006384126823 ], [ 88.389724603449096, 22.510970336102606 ], [ 88.389279751061224, 22.510978485224232 ], [ 88.388943113170569, 22.510972847150029 ], [ 88.388613497139161, 22.510977852064542 ], [ 88.388290626306556, 22.510965670198306 ], [ 88.38812725802687, 22.510997062257996 ], [ 88.38800775147557, 22.511034496083518 ], [ 88.387867455889335, 22.511067828459044 ], [ 88.387722762584772, 22.511122608299651 ], [ 88.387674651967771, 22.51115299916734 ], [ 88.387710250198907, 22.511255455229559 ], [ 88.387726492669088, 22.511266018908206 ], [ 88.388160870492683, 22.51113164955542 ], [ 88.388257538249164, 22.511115823384539 ], [ 88.388354354920168, 22.511114982441786 ], [ 88.388684205421214, 22.511133526342871 ], [ 88.389129101014149, 22.511129660348846 ], [ 88.389528063716455, 22.511143319963544 ], [ 88.389959106933361, 22.511137431160861 ], [ 88.390046937254823, 22.511160217672412 ], [ 88.390152974513995, 22.511159295457105 ], [ 88.390261466071109, 22.511173338394414 ], [ 88.390339841437353, 22.511172656658974 ], [ 88.390646704462355, 22.511197819291944 ], [ 88.390764629855767, 22.511233189189717 ], [ 88.39090545767705, 22.511253373133219 ], [ 88.391219172432287, 22.511272052223831 ], [ 88.391507231929893, 22.511260980923954 ], [ 88.391764961695955, 22.511213777268747 ], [ 88.39192137105637, 22.511178160266375 ], [ 88.392098078698012, 22.5110974066429 ], [ 88.392372968805532, 22.510921596339312 ], [ 88.392787276936758, 22.510624678334601 ], [ 88.393146537439648, 22.510356071298666 ], [ 88.393389003292455, 22.510165555400775 ], [ 88.3933889178779, 22.510156992398056 ] ] ] } },
{ "type": "Feature", "properties": { "source": "KMC ward sewerage network map (ArcMap GeoPDF), water raster", "extraction_method": "geopdf_raster_polygonised", "wards": "101,102,105,106,107,108,109" }, "geometry": { "type": "Polygon", "coordinates": [ [ [ 88.384605492060189, 22.511312354840989 ], [ 88.384462423258483, 22.511298607586461 ], [ 88.384432456104989, 22.51129886716236 ], [ 88.384421015143687, 22.51130753003191 ], [ 88.384407820646615, 22.511371872589425 ], [ 88.384414927098106, 22.511391079515338 ], [ 88.384447432828892, 22.511414348317587 ], [ 88.384788894716664, 22.511441363384787 ], [ 88.385111724304693, 22.511449270717414 ], [ 88.38552109788202, 22.511582742748953 ], [ 88.385959153810305, 22.511818730164695 ], [ 88.386034226132338, 22.511717454918571 ], [ 88.386036382608921, 22.511702449629407 ], [ 88.386027055716184, 22.511691825806089 ], [ 88.385906358479929, 22.511609375731087 ], [ 88.385447450657225, 22.511362864177173 ], [ 88.38531114864692, 22.511334072434579 ], [ 88.385165732167678, 22.511316064273839 ], [ 88.384900532027501, 22.511307657697532 ], [ 88.384605492060189, 22.511312354840989 ] ] ] } },
{ "type": "Feature", "properties": { "source": "KMC ward sewerage network map (ArcMap GeoPDF), water raster", "extraction_method": "geopdf_raster_polygonised", "wards": "101,102,105,106,107,108,109" }, "geometry": { "type": "Polygon", "coordinates": [ [ [ 88.387640457357847, 22.511191832966894 ], [ 88.387612752897041, 22.511187791609018 ], [ 88.38730579610295, 22.511385281788215 ], [ 88.386899971261016, 22.511609320642954 ], [ 88.386764518904002, 22.511666160411252 ], [ 88.38651412664187, 22.511756111325038 ], [ 88.386396902869578, 22.511791383252142 ], [ 88.386237909737247, 22.511799185146387 ], [ 88.386177762815976, 22.511778297396024 ], [ 88.38607117259653, 22.511723557338161 ], [ 88.385962138697252, 22.511887214398904 ], [ 88.385966918974617, 22.511904300475546 ], [ 88.385978508569764, 22.51191062279787 ], [ 88.386317730356282, 22.51194407680412 ], [ 88.386356918322761, 22.511943736889751 ], [ 88.386738812139086, 22.511863349999402 ], [ 88.386798427821063, 22.511830718628097 ], [ 88.386961563628347, 22.511775779538425 ], [ 88.387236865987205, 22.511640651986305 ], [ 88.387355948046263, 22.511560403583111 ], [ 88.387671466517787, 22.511296469819641 ], [ 88.387671168782774, 22.511266499241405 ], [ 88.387640457357847, 22.511191832966894 ] ] ] } },
{ "type": "Feature", "properties": { "source": "KMC ward sewerage network map (ArcMap GeoPDF), water raster", "extraction_method": "geopdf_raster_polygonised", "wards": "101,102,105,106,107,108,109" }, "geometry": { "type": "Polygon", "coordinates": [ [ [ 88.38657820496806, 22.512173038881603 ], [ 88.386541683374688, 22.512209751713339 ], [ 88.386525844625652, 22.512239862288592 ], [ 88.386512417299741, 22.512280656646702 ], [ 88.386510707119712, 22.512340617822787 ], [ 88.386540218090019, 22.512526623646192 ], [ 88.386590688353238, 22.512733857026227 ], [ 88.386612030096188, 22.512793618204071 ], [ 88.38664464277376, 22.512827590304266 ], [ 88.386656274981931, 22.512838194083866 ], [ 88.386702442522221, 22.512844216339978 ], [ 88.38678542932702, 22.512843496284837 ], [ 88.386861351770108, 22.512827850905342 ], [ 88.386860862884092, 22.512778613519174 ], [ 88.386999152890951, 22.512775272514943 ], [ 88.38702131191809, 22.512685160718668 ], [ 88.387019377427393, 22.512490351937839 ], [ 88.387003463077107, 22.51228067788999 ], [ 88.386978689457791, 22.512107476702155 ], [ 88.386602988142812, 22.512115018474077 ], [ 88.38657820496806, 22.512173038881603 ] ] ] } },
{ "type": "Feature", "properties": { "source": "KMC ward sewerage network map (ArcMap GeoPDF), water raster", "extraction_method": "geopdf_raster_polygonised", "wards": "101,102,105,106,107,108,109" }, "geometry": { "type": "Polygon", "coordinates": [ [ [ 88.388609383041668, 22.514506155705771 ], [ 88.388662402980373, 22.514505695015803 ], [ 88.388666906982223, 22.514494951185839 ], [ 88.388666545129041, 22.514458558370652 ], [ 88.388632760908322, 22.514306845266777 ], [ 88.388565952343313, 22.514311707624689 ], [ 88.388560916247002, 22.514268932602675 ], [ 88.388425249306124, 22.514304366305876 ], [ 88.388418525204713, 22.514323693173107 ], [ 88.388431753806472, 22.514494853364415 ], [ 88.388609383041668, 22.514506155705771 ] ] ] } },
{ "type": "Feature", "properties": { "source": "KMC ward sewerage network map (ArcMap GeoPDF), water raster", "extraction_method": "geopdf_raster_polygonised", "wards": "101,102,105,106,107,108,109" }, "geometry": { "type": "Polygon", "coordinates": [ [ [ 88.385979151421679, 22.516854048929545 ], [ 88.386000716790704, 22.51716858004821 ], [ 88.386016981105968, 22.517181284619092 ], [ 88.386203601039909, 22.517168961160127 ], [ 88.386214978592378, 22.51715387588526 ], [ 88.386217591568212, 22.516952604884786 ], [ 88.386207860532764, 22.516901306744156 ], [ 88.386177318452681, 22.516843766308053 ], [ 88.3861402006183, 22.516820537941346 ], [ 88.386057147673341, 22.516814835516545 ], [ 88.385983528221075, 22.516830460629542 ], [ 88.385979151421679, 22.516854048929545 ] ] ] } },
{ "type": "Feature", "properties": { "source": "KMC ward sewerage network map (ArcMap GeoPDF), water raster", "extraction_method": "geopdf_raster_polygonised", "wards": "101,102,105,106,107,108,109" }, "geometry": { "type": "Polygon", "coordinates": [ [ [ 88.389802818056481, 22.516977128572172 ], [ 88.389749797200892, 22.516977589685069 ], [ 88.389715324902653, 22.516988594162541 ], [ 88.389635130952257, 22.517038533108078 ], [ 88.389596410259657, 22.517085970443052 ], [ 88.389601425522997, 22.517126604644623 ], [ 88.389662746949099, 22.517265232330757 ], [ 88.389674443678018, 22.517282258112736 ], [ 88.389706845140992, 22.517294821961805 ], [ 88.389734486954993, 22.517292440635426 ], [ 88.389812567503498, 22.517261788453947 ], [ 88.389890456250754, 22.517211869468291 ], [ 88.389908642627887, 22.51718602004172 ], [ 88.389933957849152, 22.517181517980795 ], [ 88.389890801253586, 22.517014900232208 ], [ 88.389879296284889, 22.517017141234135 ], [ 88.389837524711496, 22.516989672349606 ], [ 88.389802818056481, 22.516977128572172 ] ] ] } },
{ "type": "Feature", "properties": { "source": "KMC ward sewerage network map (ArcMap GeoPDF), water raster", "extraction_method": "geopdf_raster_polygonised", "wards": "101,102,105,106,107,108,109" }, "geometry": { "type": "Polygon", "coordinates": [ [ [ 88.386821040364737, 22.517358429362641 ], [ 88.386813975753469, 22.517343504098392 ], [ 88.386800122912263, 22.517341483380743 ], [ 88.386735639308171, 22.517348465802666 ], [ 88.386653287538095, 22.517413408614161 ], [ 88.386632625183026, 22.517422151668818 ], [ 88.386600755350955, 22.517463106061719 ], [ 88.386634368286693, 22.517597693568757 ], [ 88.386681749140649, 22.517725738771293 ], [ 88.386707298439518, 22.517744785510242 ], [ 88.386764972716179, 22.517748566882027 ], [ 88.386797246500606, 22.517748286795886 ], [ 88.386893430003255, 22.517683223861127 ], [ 88.386929697708666, 22.517620821851075 ], [ 88.386926648272009, 22.51754591544853 ], [ 88.38691027752607, 22.517522507203381 ], [ 88.38688942382143, 22.517511983499134 ], [ 88.386856831181291, 22.517480152280811 ], [ 88.386826224917655, 22.517416189727623 ], [ 88.386821040364737, 22.517358429362641 ] ] ] } },
{ "type": "Feature", "properties": { "source": "KMC ward sewerage network map (ArcMap GeoPDF), water raster", "extraction_method": "geopdf_raster_polygonised", "wards": "101,102,105,106,107,108,109" }, "geometry": { "type": "Polygon", "coordinates": [ [ [ 88.391604622061195, 22.518490076590549 ], [ 88.390752820449464, 22.518613102933763 ], [ 88.389965330602891, 22.518712015117497 ], [ 88.389573730680809, 22.518745394099192 ], [ 88.389106332965596, 22.518807263264922 ], [ 88.388751638323399, 22.518842460372579 ], [ 88.388367145003187, 22.518895043121091 ], [ 88.388375061293885, 22.518995598418467 ], [ 88.389012625479452, 22.518889433480108 ], [ 88.389765601926314, 22.518797248880027 ], [ 88.391642445272652, 22.518583948375234 ], [ 88.39328194515852, 22.518383400460465 ], [ 88.393298060718763, 22.51838111901284 ], [ 88.393297953914171, 22.518370415269938 ], [ 88.393283396006439, 22.518297750416604 ], [ 88.393269564368154, 22.518297871014187 ], [ 88.392438363964857, 22.518405740004379 ], [ 88.391604622061195, 22.518490076590549 ] ] ] } },
{ "type": "Feature", "properties": { "source": "KMC ward sewerage network map (ArcMap GeoPDF), water raster", "extraction_method": "geopdf_raster_polygonised", "wards": "101,102,105,106,107,108,109" }, "geometry": { "type": "Polygon", "coordinates": [ [ [ 88.388817455648805, 22.521982643222827 ], [ 88.388772887596204, 22.521905956891615 ], [ 88.388749621277086, 22.52188474975344 ], [ 88.388710260196206, 22.521867964376376 ], [ 88.388675658851184, 22.521866124178906 ], [ 88.388540048513278, 22.521907980575058 ], [ 88.388471356771646, 22.521955678149045 ], [ 88.388425995141276, 22.522031005141663 ], [ 88.388419760391386, 22.522099569306764 ], [ 88.388456022441389, 22.52226838821089 ], [ 88.388531113519704, 22.522400473725224 ], [ 88.388545925026833, 22.522498828098193 ], [ 88.388609404405301, 22.522622450731841 ], [ 88.388637579644879, 22.522673588333355 ], [ 88.388667783432709, 22.522696876119856 ], [ 88.388702576637655, 22.52271798307294 ], [ 88.388753358242539, 22.522723964487913 ], [ 88.388836329576932, 22.522721102327644 ], [ 88.388916676084762, 22.522686148894319 ], [ 88.388934927201404, 22.522666721803773 ], [ 88.388957341742397, 22.522602298849097 ], [ 88.388958113601831, 22.52244814470464 ], [ 88.388943919456693, 22.522411872176498 ], [ 88.388872198179484, 22.522386804413333 ], [ 88.388848782685059, 22.522350612034529 ], [ 88.388826565147411, 22.522203080527945 ], [ 88.388817455648805, 22.521982643222827 ] ] ] } },
{ "type": "Feature", "properties": { "source": "KMC ward sewerage network map (ArcMap GeoPDF), water raster", "extraction_method": "geopdf_raster_polygonised", "wards": "101,102,105,106,107,108,109" }, "geometry": { "type": "Polygon", "coordinates": [ [ [ 88.390291394942906, 22.522284542027602 ], [ 88.390081736692935, 22.52229921187152 ], [ 88.389745156651145, 22.52230213987178 ], [ 88.389355660178694, 22.522316232009814 ], [ 88.389282144822317, 22.522342562505525 ], [ 88.389204231768105, 22.52239034057089 ], [ 88.389181433939726, 22.522416230031553 ], [ 88.389154387535115, 22.522478552349082 ], [ 88.38915259342275, 22.522529950423401 ], [ 88.389167490592939, 22.522636867719598 ], [ 88.389202837713952, 22.522713634092071 ], [ 88.389228366989656, 22.522730539604524 ], [ 88.389246895006508, 22.522738942245159 ], [ 88.389276864565076, 22.522738681649333 ], [ 88.389350550565482, 22.52272947715484 ], [ 88.389421760757642, 22.522703166667544 ], [ 88.389612657308717, 22.522656546795545 ], [ 88.389663374985005, 22.522656105670258 ], [ 88.389755716803961, 22.52266814808738 ], [ 88.389875616261335, 22.522669246045414 ], [ 88.389940421794563, 22.522694373510696 ], [ 88.389996624077284, 22.522781662936591 ], [ 88.390033935993586, 22.522824157037729 ], [ 88.390076284958056, 22.52290942602011 ], [ 88.390090266288269, 22.522924290925779 ], [ 88.390136671784774, 22.522953860265694 ], [ 88.390185276065282, 22.522972705780916 ], [ 88.390219856369484, 22.522972404888449 ], [ 88.390371540646271, 22.522923984372703 ], [ 88.390389919504557, 22.522917401626561 ], [ 88.390424179970481, 22.522884989440875 ], [ 88.390511506146765, 22.522856397289303 ], [ 88.390456819962907, 22.522689880248418 ], [ 88.390446212671634, 22.522550811746385 ], [ 88.390417695677968, 22.522465422491287 ], [ 88.390291394942906, 22.522284542027602 ] ] ] } },
{ "type": "Feature", "properties": { "source": "KMC ward sewerage network map (ArcMap GeoPDF), water raster", "extraction_method": "geopdf_raster_polygonised", "wards": "101,102,105,106,107,108,109" }, "geometry": { "type": "Polygon", "coordinates": [ [ [ 88.388551424219457, 22.522819920827999 ], [ 88.388416196152065, 22.522900310696453 ], [ 88.388386780089448, 22.522956230681785 ], [ 88.388451515748699, 22.523206157720061 ], [ 88.388478450296702, 22.523364352960641 ], [ 88.388520521709481, 22.523421792616038 ], [ 88.388583000731828, 22.52344479990461 ], [ 88.388682024864295, 22.523433234538768 ], [ 88.388704972014153, 22.523422330398901 ], [ 88.388773749551717, 22.52338319570659 ], [ 88.388851407731394, 22.523309728803987 ], [ 88.388757495019505, 22.522908049081654 ], [ 88.388717516082622, 22.522829181927968 ], [ 88.388664194850776, 22.522799672273127 ], [ 88.38860886639587, 22.522800153159437 ], [ 88.388551424219457, 22.522819920827999 ] ] ] } },
{ "type": "Feature", "properties": { "source": "KMC ward sewerage network map (ArcMap GeoPDF), water raster", "extraction_method": "geopdf_raster_polygonised", "wards": "101,102,105,106,107,108,109" }, "geometry": { "type": "Polygon", "coordinates": [ [ [ 88.390002790765109, 22.522937897602461 ], [ 88.389953270009954, 22.522826999761534 ], [ 88.38990656620669, 22.52276745985715 ], [ 88.389867119495406, 22.52274211178235 ], [ 88.389827758046437, 22.522725326699426 ], [ 88.389719214805766, 22.522707002441219 ], [ 88.389564969451143, 22.522729753383221 ], [ 88.389293641135694, 22.522802763858049 ], [ 88.389261579246053, 22.522824452014397 ], [ 88.389257160272322, 22.522843758865832 ], [ 88.389278547556387, 22.522907800983251 ], [ 88.389301878044819, 22.522935430282676 ], [ 88.389343566157763, 22.522954336197813 ], [ 88.389440625399786, 22.522977042446698 ], [ 88.389500479385163, 22.522967958168895 ], [ 88.389569831785948, 22.522986623427634 ], [ 88.389623238503646, 22.523024695771177 ], [ 88.389674531685117, 22.523082054903082 ], [ 88.389707467297086, 22.523148137439868 ], [ 88.389695553104815, 22.523340925305998 ], [ 88.389712308644064, 22.523402866702494 ], [ 88.389712905352908, 22.523462807716626 ], [ 88.389681418774288, 22.523542296222978 ], [ 88.389674864963411, 22.523578749138942 ], [ 88.38969373409509, 22.523621403727862 ], [ 88.389786247061423, 22.523650572096706 ], [ 88.389899209956596, 22.523649589406073 ], [ 88.389947494734827, 22.523636323727292 ], [ 88.389974967275663, 22.523616816296183 ], [ 88.390011277581166, 22.523558695128369 ], [ 88.39009369510724, 22.523500172792506 ], [ 88.390121061013446, 22.523469961587914 ], [ 88.390120783887937, 22.523442131836269 ], [ 88.390045843169887, 22.523093811351014 ], [ 88.390002790765109, 22.522937897602461 ] ] ] } },
{ "type": "Feature", "properties": { "source": "KMC ward sewerage network map (ArcMap GeoPDF), water raster", "extraction_method": "geopdf_raster_polygonised", "wards": "101,102,105,106,107,108,109" }, "geometry": { "type": "Polygon", "coordinates": [ [ [ 88.39175293727736, 22.522961198611668 ], [ 88.391713575563855, 22.522944414005117 ], [ 88.391575297137862, 22.522949900310199 ], [ 88.391446730859528, 22.523004543416146 ], [ 88.391306808387071, 22.523076412794634 ], [ 88.391328538012502, 22.523174706574022 ], [ 88.39132194197839, 22.52320687803779 ], [ 88.391195424709807, 22.523235811892317 ], [ 88.391177131187419, 22.523250957727278 ], [ 88.391172755139635, 22.523274546116003 ], [ 88.391208914219362, 22.523432660445781 ], [ 88.391239075913504, 22.523451666219209 ], [ 88.391259866828065, 22.523455767043387 ], [ 88.391328984972745, 22.523450883279271 ], [ 88.391391080345443, 22.523435355971721 ], [ 88.391666443077256, 22.523304501581368 ], [ 88.391705527449517, 22.523293456460451 ], [ 88.391721536900718, 22.523280471398369 ], [ 88.391734984887904, 22.523241817431998 ], [ 88.391805447818342, 22.523140579697412 ], [ 88.39181443446364, 22.523116951131414 ], [ 88.3918115101621, 22.523054889502248 ], [ 88.39175293727736, 22.522961198611668 ] ] ] } },
{ "type": "Feature", "properties": { "source": "KMC ward sewerage network map (ArcMap GeoPDF), water raster", "extraction_method": "geopdf_raster_polygonised", "wards": "101,102,105,106,107,108,109" }, "geometry": { "type": "Polygon", "coordinates": [ [ [ 88.391136657335451, 22.52358529599859 ], [ 88.391102268885717, 22.523604863838411 ], [ 88.391028433266897, 22.523599083906813 ], [ 88.391007770322673, 22.523607827549213 ], [ 88.39107850981469, 22.523765640827996 ], [ 88.391104039502139, 22.523782546019433 ], [ 88.391219435814889, 22.523794386818281 ], [ 88.391237964084468, 22.523802789215342 ], [ 88.391261252436223, 22.523826136702443 ], [ 88.391296387669556, 22.523881495040904 ], [ 88.391347468480546, 22.52391744609384 ], [ 88.391379679622943, 22.523910742770497 ], [ 88.391432404354532, 22.5238803105042 ], [ 88.391450569896747, 22.523852320145728 ], [ 88.39145253385152, 22.523818048086611 ], [ 88.391417099848752, 22.523732719300007 ], [ 88.391334811851067, 22.52357286582053 ], [ 88.391288064538713, 22.523509044866945 ], [ 88.391235019890161, 22.523507365845376 ], [ 88.391209767584712, 22.52351829041098 ], [ 88.391136657335451, 22.52358529599859 ] ] ] } },
{ "type": "Feature", "properties": { "source": "KMC ward sewerage network map (ArcMap GeoPDF), water raster", "extraction_method": "geopdf_raster_polygonised", "wards": "101,102,105,106,107,108,109" }, "geometry": { "type": "Polygon", "coordinates": [ [ [ 88.398660024409764, 22.474109026149797 ], [ 88.398667429510056, 22.474108962490032 ], [ 88.398755419243201, 22.474022167678459 ], [ 88.398762824338561, 22.474022104014541 ], [ 88.398850813957466, 22.473935309155809 ], [ 88.398858219047909, 22.473935245487763 ], [ 88.399184746821902, 22.473636465774003 ], [ 88.399180486390065, 22.473581437866628 ], [ 88.399146884631776, 22.473554194557671 ], [ 88.399146814896767, 22.473547312088957 ], [ 88.398802939833203, 22.4732302061804 ], [ 88.398795534780078, 22.473230269844013 ], [ 88.398717049738423, 22.473158672353389 ], [ 88.398672340599617, 22.473131524423284 ], [ 88.39864272040623, 22.47313177905064 ], [ 88.398613274480525, 22.473149239849164 ], [ 88.398503313968305, 22.47326031416835 ], [ 88.398495908912622, 22.473260377818285 ], [ 88.398345568852662, 22.473406214463722 ], [ 88.398338163788722, 22.473406278106808 ], [ 88.39819149109853, 22.473548641564989 ], [ 88.398184086026518, 22.473548705201381 ], [ 88.398033745329272, 22.473694541583434 ], [ 88.398026340249018, 22.473694605212987 ], [ 88.397487081881664, 22.474194819130737 ], [ 88.397651631357505, 22.474355157821261 ], [ 88.397651701021417, 22.474362040293698 ], [ 88.397748838399721, 22.474447244184699 ], [ 88.397748908068735, 22.474454126656777 ], [ 88.397984399174746, 22.474672361580609 ], [ 88.397999279121606, 22.474679116790881 ], [ 88.398021494519568, 22.474678925896971 ], [ 88.398043605390782, 22.474668411293468 ], [ 88.39808024777696, 22.47463023953512 ], [ 88.398087652906781, 22.474630175900568 ], [ 88.398157304741744, 22.474560746647931 ], [ 88.398164709867615, 22.474560683010033 ], [ 88.398465531830354, 22.474282774764198 ], [ 88.398575702260487, 22.474192347851361 ], [ 88.398660024409764, 22.474109026149797 ] ] ] } },
{ "type": "Feature", "properties": { "source": "KMC ward sewerage network map (ArcMap GeoPDF), water raster", "extraction_method": "geopdf_raster_polygonised", "wards": "101,102,105,106,107,108,109" }, "geometry": { "type": "Polygon", "coordinates": [ [ [ 88.396128541473388, 22.476433156765424 ], [ 88.396223835081443, 22.476335975942693 ], [ 88.39621604705691, 22.47629818588377 ], [ 88.396182445155276, 22.476270941969592 ], [ 88.396182375557458, 22.47626405949444 ], [ 88.395756172826282, 22.475861615268645 ], [ 88.39571121981183, 22.475810377871724 ], [ 88.395688865067811, 22.475796803502572 ], [ 88.39565190864036, 22.475804003614023 ], [ 88.395384122882959, 22.4760540912884 ], [ 88.395376717668881, 22.47605415480265 ], [ 88.395057511591673, 22.476345981441202 ], [ 88.395050106361055, 22.476346044941234 ], [ 88.3948337379978, 22.476554392408236 ], [ 88.394822664899976, 22.476557928883039 ], [ 88.394815398719885, 22.476571757330703 ], [ 88.394823082090127, 22.476599223756331 ], [ 88.394845436890265, 22.476612798241995 ], [ 88.394916586391389, 22.476691343563591 ], [ 88.39536154614143, 22.477117719843168 ], [ 88.395383727172742, 22.477114088054499 ], [ 88.395413000441081, 22.477079421599242 ], [ 88.395475458263249, 22.477030704343775 ], [ 88.395706532457297, 22.476811905262391 ], [ 88.395713937710624, 22.476811841730949 ], [ 88.395809266656642, 22.476718102367812 ], [ 88.395816671904669, 22.476718038831912 ], [ 88.396121136241504, 22.476433220314885 ], [ 88.396128541473388, 22.476433156765424 ] ] ] } },
{ "type": "Feature", "properties": { "source": "KMC ward sewerage network map (ArcMap GeoPDF), water raster", "extraction_method": "geopdf_raster_polygonised", "wards": "101,102,105,106,107,108,109" }, "geometry": { "type": "Polygon", "coordinates": [ [ [ 88.398161215857556, 22.477506666346002 ], [ 88.397832212819083, 22.477196314079841 ], [ 88.397824807552027, 22.477196377709589 ], [ 88.39769406572799, 22.47708393042122 ], [ 88.397645687672508, 22.477060255319813 ], [ 88.397575302862748, 22.477057418468689 ], [ 88.397531149968174, 22.47708533005099 ], [ 88.39656606037488, 22.477954001708465 ], [ 88.396566652167294, 22.478012502725125 ], [ 88.396999921173972, 22.478380468300145 ], [ 88.397007326506611, 22.478380404705074 ], [ 88.397052211214302, 22.478424759187469 ], [ 88.397059616549129, 22.478424695589879 ], [ 88.397111976276008, 22.47847586892631 ], [ 88.397130559271559, 22.478482592394968 ], [ 88.397171114492807, 22.47846503640751 ], [ 88.397196754549171, 22.478437283913813 ], [ 88.397424473765241, 22.478252926576481 ], [ 88.397670357271252, 22.478033997536762 ], [ 88.397835966348495, 22.477932770096185 ], [ 88.39814109098387, 22.477713331328847 ], [ 88.398206832490374, 22.477623286421856 ], [ 88.398202537377543, 22.477564817267485 ], [ 88.398161215857556, 22.477506666346002 ] ] ] } },
{ "type": "Feature", "properties": { "source": "KMC ward sewerage network map (ArcMap GeoPDF), water raster", "extraction_method": "geopdf_raster_polygonised", "wards": "101,102,105,106,107,108,109" }, "geometry": { "type": "Polygon", "coordinates": [ [ [ 88.393196488819768, 22.477600883116988 ], [ 88.393116037522006, 22.47770137669912 ], [ 88.392961949628329, 22.477843799241285 ], [ 88.392947486211426, 22.477878338473129 ], [ 88.393343684367437, 22.478243190187026 ], [ 88.393343753831729, 22.478250072668832 ], [ 88.39350819964308, 22.478400091788263 ], [ 88.393508269116026, 22.478406974269454 ], [ 88.393653993466742, 22.478536504363227 ], [ 88.393654062947363, 22.478543386843871 ], [ 88.393751201088946, 22.478628593077346 ], [ 88.393751270574683, 22.478635475557628 ], [ 88.393855918437424, 22.478730941993884 ], [ 88.393855987928674, 22.478737824473772 ], [ 88.394035384607875, 22.478901481043383 ], [ 88.3940538632813, 22.478897881152349 ], [ 88.394251896692097, 22.47870689941848 ], [ 88.394259302050784, 22.478706835948735 ], [ 88.394413389447607, 22.478564412199876 ], [ 88.394413111374945, 22.478536882286264 ], [ 88.393381169876633, 22.47755456142286 ], [ 88.393295939463371, 22.477548408322409 ], [ 88.393255349227488, 22.477562522106616 ], [ 88.393196488819768, 22.477600883116988 ] ] ] } },
{ "type": "Feature", "properties": { "source": "KMC ward sewerage network map (ArcMap GeoPDF), water raster", "extraction_method": "geopdf_raster_polygonised", "wards": "101,102,105,106,107,108,109" }, "geometry": { "type": "Polygon", "coordinates": [ [ [ 88.396570038646246, 22.479079349470094 ], [ 88.396951357088923, 22.47870438959027 ], [ 88.396973329380742, 22.478680110160514 ], [ 88.396998725753605, 22.478628269047498 ], [ 88.396998133761826, 22.478569768046139 ], [ 88.396919576778984, 22.478491287361376 ], [ 88.396912171440178, 22.478491350952719 ], [ 88.396575972127692, 22.478201707142372 ], [ 88.396460388987549, 22.478123544077086 ], [ 88.396412080363802, 22.478106751088941 ], [ 88.396382528697742, 22.478113887827853 ], [ 88.39633467256111, 22.478141830890944 ], [ 88.396231798527381, 22.478221869193142 ], [ 88.395655803114877, 22.478753366865021 ], [ 88.395648397758123, 22.478753430399021 ], [ 88.395479709483098, 22.478916629750319 ], [ 88.395435590351767, 22.478947982041159 ], [ 88.395388046786849, 22.479006895982732 ], [ 88.395388498978761, 22.479051632071041 ], [ 88.395478128756736, 22.479126576997061 ], [ 88.395478198329513, 22.479133459471829 ], [ 88.39559406014682, 22.47923915311484 ], [ 88.395594129725708, 22.479246035589185 ], [ 88.39582966098358, 22.479467714531793 ], [ 88.395829730574889, 22.479474597005247 ], [ 88.395904480469994, 22.479542786279154 ], [ 88.395919326063762, 22.47954610041959 ], [ 88.395956631445188, 22.479573312565257 ], [ 88.396044800213943, 22.479503725210815 ], [ 88.396096115947273, 22.47945166177913 ], [ 88.396103521339725, 22.479451598222681 ], [ 88.396246464643141, 22.479305826885746 ], [ 88.396393284381986, 22.479177229830292 ], [ 88.39646688560876, 22.479131858054469 ], [ 88.396518653603962, 22.479124530567319 ], [ 88.396562633275053, 22.479079413046971 ], [ 88.396570038646246, 22.479079349470094 ] ] ] } },
{ "type": "Feature", "properties": { "source": "KMC ward sewerage network map (ArcMap GeoPDF), water raster", "extraction_method": "geopdf_raster_polygonised", "wards": "101,102,105,106,107,108,109" }, "geometry": { "type": "Polygon", "coordinates": [ [ [ 88.394613542002219, 22.479316392978628 ], [ 88.394501279225466, 22.479200343139617 ], [ 88.394292137420194, 22.479391420397146 ], [ 88.394404365434127, 22.479504029141388 ], [ 88.394613542002219, 22.479316392978628 ] ] ] } },
{ "type": "Feature", "properties": { "source": "KMC ward sewerage network map (ArcMap GeoPDF), water raster", "extraction_method": "geopdf_raster_polygonised", "wards": "101,102,105,106,107,108,109" }, "geometry": { "type": "Polygon", "coordinates": [ [ [ 88.392908508691164, 22.479520286149093 ], [ 88.392512296405812, 22.47988848139666 ], [ 88.392446133540659, 22.479937229299804 ], [ 88.392332529519294, 22.480055214019128 ], [ 88.392292077292439, 22.480083092565145 ], [ 88.392424727178394, 22.480384812549829 ], [ 88.392436286632929, 22.4804294536013 ], [ 88.392462448727485, 22.480453320420171 ], [ 88.39250684675504, 22.480449498820306 ], [ 88.392576747274319, 22.480404160426534 ], [ 88.392829839546778, 22.480164527406156 ], [ 88.392837244987476, 22.480164463997795 ], [ 88.393002339413997, 22.480011622632642 ], [ 88.393101548703498, 22.47993505919824 ], [ 88.393226260080553, 22.479816978835355 ], [ 88.393226155884875, 22.479806655114118 ], [ 88.392908508691164, 22.479520286149093 ] ] ] } },
{ "type": "Feature", "properties": { "source": "KMC ward sewerage network map (ArcMap GeoPDF), water raster", "extraction_method": "geopdf_raster_polygonised", "wards": "101,102,105,106,107,108,109" }, "geometry": { "type": "Polygon", "coordinates": [ [ [ 88.392107878362197, 22.480177590572396 ], [ 88.392022958677956, 22.480202408057266 ], [ 88.391864435578242, 22.480272595304704 ], [ 88.391735672910116, 22.480356293942304 ], [ 88.391673004102984, 22.480384362416451 ], [ 88.391650995898573, 22.480405199936719 ], [ 88.391633106740017, 22.480467300687074 ], [ 88.391633939389479, 22.480549890505905 ], [ 88.391656433339278, 22.480577230380632 ], [ 88.391671591219989, 22.480611516092733 ], [ 88.391697753226794, 22.480635383040124 ], [ 88.391697926704509, 22.480652589251616 ], [ 88.391735196930753, 22.480676361155453 ], [ 88.391865417271632, 22.480737194672333 ], [ 88.39216966642411, 22.480796538751822 ], [ 88.392366466936707, 22.480849918933796 ], [ 88.392462911730334, 22.480866301056754 ], [ 88.392488761476329, 22.480859196696304 ], [ 88.392496028092509, 22.480845368337587 ], [ 88.392495715652259, 22.480814397168167 ], [ 88.392430512706937, 22.480591255332165 ], [ 88.392305545714549, 22.480317001918493 ], [ 88.39230540687457, 22.480303236952295 ], [ 88.392245434398546, 22.480231477942464 ], [ 88.392193179790553, 22.480190626703756 ], [ 88.392137500136627, 22.480177337069417 ], [ 88.392107878362197, 22.480177590572396 ] ] ] } },
{ "type": "Feature", "properties": { "source": "KMC ward sewerage network map (ArcMap GeoPDF), water raster", "extraction_method": "geopdf_raster_polygonised", "wards": "101,102,105,106,107,108,109" }, "geometry": { "type": "Polygon", "coordinates": [ [ [ 88.396239737435877, 22.480837367537049 ], [ 88.396277043236523, 22.480864579583546 ], [ 88.396325387633439, 22.480884813794162 ], [ 88.396340198569291, 22.480884686652125 ], [ 88.396347429982953, 22.480867416903777 ], [ 88.396369437515574, 22.48084657877531 ], [ 88.396394834466747, 22.480794737739419 ], [ 88.396394521160133, 22.480763766621411 ], [ 88.396334894555395, 22.480726421608928 ], [ 88.396305272717171, 22.480726675888942 ], [ 88.396283160765236, 22.480737190301937 ], [ 88.396243057278838, 22.480799482162759 ], [ 88.396239737435877, 22.480837367537049 ] ] ] } },
{ "type": "Feature", "properties": { "source": "KMC ward sewerage network map (ArcMap GeoPDF), water raster", "extraction_method": "geopdf_raster_polygonised", "wards": "101,102,105,106,107,108,109" }, "geometry": { "type": "Polygon", "coordinates": [ [ [ 88.391483126297018, 22.481752277817975 ], [ 88.391479527608467, 22.481762633219677 ], [ 88.391509982356766, 22.48184496962503 ], [ 88.391532580588162, 22.481882633229475 ], [ 88.391566807556998, 22.481971820427077 ], [ 88.391589440521102, 22.482012925263032 ], [ 88.391615568096228, 22.482033350965292 ], [ 88.391630379183994, 22.482033224249719 ], [ 88.391652457028314, 22.48201926920671 ], [ 88.391770564017378, 22.48198040175987 ], [ 88.392459718604997, 22.48165099907677 ], [ 88.392710395190136, 22.481538723750923 ], [ 88.392634048524641, 22.481312235919063 ], [ 88.392578333664162, 22.481295505223009 ], [ 88.392489884237776, 22.481337560884864 ], [ 88.391483126297018, 22.481752277817975 ] ] ] } },
{ "type": "Feature", "properties": { "source": "KMC ward sewerage network map (ArcMap GeoPDF), water raster", "extraction_method": "geopdf_raster_polygonised", "wards": "101,102,105,106,107,108,109" }, "geometry": { "type": "Polygon", "coordinates": [ [ [ 88.397556313394858, 22.48176559945529 ], [ 88.397537555725236, 22.481741669895555 ], [ 88.397452078805614, 22.481711430502344 ], [ 88.397218282772798, 22.481661816004291 ], [ 88.397009130534215, 22.482217699324877 ], [ 88.396868065883041, 22.482549298030502 ], [ 88.396835855313526, 22.482659703712457 ], [ 88.396847137785855, 22.482676814483018 ], [ 88.396876864513104, 22.482686883783838 ], [ 88.397307188334324, 22.482762342724445 ], [ 88.397321999463671, 22.482762215482097 ], [ 88.397325388702114, 22.482731212573185 ], [ 88.397347535713536, 22.482724139240709 ], [ 88.397361580380462, 22.482648304866764 ], [ 88.397378178120405, 22.48245887798619 ], [ 88.397435366929585, 22.48225533623468 ], [ 88.397485812041097, 22.482117241523877 ], [ 88.397557498034814, 22.481882601383241 ], [ 88.397556313394858, 22.48176559945529 ] ] ] } },
{ "type": "Feature", "properties": { "source": "KMC ward sewerage network map (ArcMap GeoPDF), water raster", "extraction_method": "geopdf_raster_polygonised", "wards": "101,102,105,106,107,108,109" }, "geometry": { "type": "Polygon", "coordinates": [ [ [ 88.395518564361126, 22.482027444271083 ], [ 88.39529919671898, 22.481939846308503 ], [ 88.395102254599109, 22.481872704903228 ], [ 88.395061524214739, 22.481873054242463 ], [ 88.395020967728385, 22.481890609755844 ], [ 88.394591742926806, 22.482290067016852 ], [ 88.394584337378618, 22.482290130511508 ], [ 88.394312835024266, 22.482540248689627 ], [ 88.39430542946188, 22.482540312172162 ], [ 88.394254111954325, 22.482592375106172 ], [ 88.394246706388998, 22.482592438586135 ], [ 88.394195388840302, 22.48264450150322 ], [ 88.394187983272005, 22.482644564980639 ], [ 88.394077942479925, 22.48274875423883 ], [ 88.394070536905716, 22.482748817711133 ], [ 88.393850489568663, 22.482960637251875 ], [ 88.393850559074053, 22.482967519728167 ], [ 88.393604730451329, 22.483193326034826 ], [ 88.39367927292767, 22.483240868834582 ], [ 88.39378305560227, 22.483250304138881 ], [ 88.393957087237084, 22.483248812728526 ], [ 88.394601652611414, 22.483270819598047 ], [ 88.394983319241334, 22.483295078894418 ], [ 88.395320343610422, 22.483299071057598 ], [ 88.395394503978721, 22.483308759437584 ], [ 88.395505587972963, 22.48330780638253 ], [ 88.395507759831006, 22.48315636024665 ], [ 88.395546487076274, 22.482591616352689 ], [ 88.395545512847605, 22.48249526174942 ], [ 88.39555284881574, 22.482488315738369 ], [ 88.395559071374549, 22.482371250179465 ], [ 88.395567222217267, 22.482078649815502 ], [ 88.395548360451343, 22.482044396301792 ], [ 88.395518564361126, 22.482027444271083 ] ] ] } },
{ "type": "Feature", "properties": { "source": "KMC ward sewerage network map (ArcMap GeoPDF), water raster", "extraction_method": "geopdf_raster_polygonised", "wards": "101,102,105,106,107,108,109" }, "geometry": { "type": "Polygon", "coordinates": [ [ [ 88.393743780741374, 22.484128232313534 ], [ 88.393695331267438, 22.484097673660823 ], [ 88.393676191644602, 22.484035890023311 ], [ 88.393560813456261, 22.483978372525289 ], [ 88.393501359850958, 22.483958232701237 ], [ 88.393474814698592, 22.483896512482328 ], [ 88.393407990246587, 22.483879877307242 ], [ 88.393278530564842, 22.483894752492539 ], [ 88.393186376946687, 22.483936840316019 ], [ 88.393138552915843, 22.483968223783418 ], [ 88.393116544407349, 22.483989061512453 ], [ 88.393098099770967, 22.483996102568142 ], [ 88.393017401835621, 22.484072507542713 ], [ 88.392977434898796, 22.48414856364451 ], [ 88.392952244500037, 22.484221051650202 ], [ 88.392960483745554, 22.484303577958951 ], [ 88.392983186996688, 22.484351565025193 ], [ 88.39301319172634, 22.484389164943039 ], [ 88.393139539612605, 22.484432822719764 ], [ 88.393206155872775, 22.484428810562445 ], [ 88.393261489925592, 22.48440768734541 ], [ 88.393356582311227, 22.484289860502514 ], [ 88.393408109223685, 22.484258445245654 ], [ 88.393463512666159, 22.484244204440181 ], [ 88.393578404570277, 22.484253544665108 ], [ 88.393756870107012, 22.484324287673481 ], [ 88.393778600539136, 22.48427591995851 ], [ 88.393777662206517, 22.484183006540267 ], [ 88.393743780741374, 22.484128232313534 ] ] ] } },
{ "type": "Feature", "properties": { "source": "KMC ward sewerage network map (ArcMap GeoPDF), water raster", "extraction_method": "geopdf_raster_polygonised", "wards": "101,102,105,106,107,108,109" }, "geometry": { "type": "Polygon", "coordinates": [ [ [ 88.397843116829122, 22.484124025743885 ], [ 88.397802281276796, 22.484114052113448 ], [ 88.397764974290226, 22.484086840490153 ], [ 88.3977315095362, 22.484073361963368 ], [ 88.397687075737153, 22.484073743820449 ], [ 88.397664963383875, 22.484084258440554 ], [ 88.39765011726756, 22.48408094448947 ], [ 88.39760043837164, 22.484294746352646 ], [ 88.397594705412303, 22.484459989128428 ], [ 88.397598582478793, 22.484477163469005 ], [ 88.397617166312969, 22.484483886834724 ], [ 88.397857327281642, 22.484430199890049 ], [ 88.397894181264078, 22.484412675474896 ], [ 88.397930860957004, 22.484377944894106 ], [ 88.397952380774171, 22.484308929300699 ], [ 88.398010336197544, 22.484181094488143 ], [ 88.397943650599061, 22.48417822615545 ], [ 88.397924962226696, 22.484161179130961 ], [ 88.397865647420673, 22.484154805880543 ], [ 88.397846959060658, 22.484137758846334 ], [ 88.397843116829122, 22.484124025743885 ] ] ] } },
{ "type": "Feature", "properties": { "source": "KMC ward sewerage network map (ArcMap GeoPDF), water raster", "extraction_method": "geopdf_raster_polygonised", "wards": "101,102,105,106,107,108,109" }, "geometry": { "type": "Polygon", "coordinates": [ [ [ 88.394613721722976, 22.48593102228801 ], [ 88.394642823030438, 22.485879149726784 ], [ 88.394701721154178, 22.485844229304529 ], [ 88.394794188520237, 22.485833111703087 ], [ 88.394849905450897, 22.485849841518167 ], [ 88.394906005015187, 22.485904424902095 ], [ 88.39492511069686, 22.485962767103594 ], [ 88.39492549332526, 22.486000620691641 ], [ 88.394911099245562, 22.486042042554683 ], [ 88.39485971119565, 22.486087223243054 ], [ 88.394860128591631, 22.486128518066899 ], [ 88.394875253145486, 22.486159362148751 ], [ 88.394956785998801, 22.486165545897375 ], [ 88.395031121827827, 22.486192440540218 ], [ 88.395049636213642, 22.486192281725323 ], [ 88.39509019391771, 22.486174726150324 ], [ 88.395137565934888, 22.486098606042081 ], [ 88.395137426775563, 22.486084841102404 ], [ 88.395096103750689, 22.486026689518056 ], [ 88.395058240118843, 22.485944417512247 ], [ 88.394949326338278, 22.485793924252377 ], [ 88.394899206422849, 22.485598186709858 ], [ 88.394853519935651, 22.485474683330363 ], [ 88.394816178324291, 22.485444029782364 ], [ 88.394705092592957, 22.48544498244873 ], [ 88.394646020750102, 22.485462696685747 ], [ 88.394590929952386, 22.48550790903802 ], [ 88.394565601105214, 22.485566632310018 ], [ 88.394551485150131, 22.485635584034075 ], [ 88.394552215417576, 22.485707849989229 ], [ 88.394575093338872, 22.485773042963046 ], [ 88.394575684521428, 22.485831543972822 ], [ 88.394561186024688, 22.485862642102255 ], [ 88.39453547458794, 22.485883511776269 ], [ 88.394535544137142, 22.485890394248045 ], [ 88.394380510385744, 22.485939905019578 ], [ 88.394314206390376, 22.485974888822355 ], [ 88.394266208119433, 22.485989066458238 ], [ 88.394229492294457, 22.486020355029847 ], [ 88.394214958934356, 22.486048011896049 ], [ 88.394208213754951, 22.486113458873064 ], [ 88.394219670056103, 22.486147776003929 ], [ 88.394245868340107, 22.48617508368298 ], [ 88.394405857068733, 22.486249425772822 ], [ 88.394468945116671, 22.4862626509797 ], [ 88.39457248664759, 22.486247997005105 ], [ 88.394601935798178, 22.486230536805721 ], [ 88.394609167670922, 22.486213267121432 ], [ 88.394608437355828, 22.486141001172562 ], [ 88.394600370847613, 22.486075681200042 ], [ 88.394581439161414, 22.486034545133528 ], [ 88.394584585618659, 22.485979453608962 ], [ 88.394614034712745, 22.48596199340977 ], [ 88.394613721722976, 22.48593102228801 ] ] ] } },
{ "type": "Feature", "properties": { "source": "KMC ward sewerage network map (ArcMap GeoPDF), water raster", "extraction_method": "geopdf_raster_polygonised", "wards": "101,102,105,106,107,108,109" }, "geometry": { "type": "Polygon", "coordinates": [ [ [ 88.396341626551589, 22.486150220096217 ], [ 88.396293315096798, 22.486133427229618 ], [ 88.396078652855479, 22.486145594704563 ], [ 88.396004943482552, 22.48618064275896 ], [ 88.395935076186447, 22.486229423932627 ], [ 88.395890746091254, 22.486240129030708 ], [ 88.395828145251627, 22.486275081660541 ], [ 88.395754366131271, 22.486303247138647 ], [ 88.395662107383288, 22.486335012706746 ], [ 88.395591857067046, 22.486345940165421 ], [ 88.39554368482132, 22.486342912010119 ], [ 88.395517903857268, 22.486356899368229 ], [ 88.395466655099526, 22.486415845181522 ], [ 88.395452400341085, 22.486471032022017 ], [ 88.395453061509301, 22.486536415473307 ], [ 88.395486735472446, 22.486570541855652 ], [ 88.395490577556487, 22.48658427501864 ], [ 88.39557137984049, 22.486518192525814 ], [ 88.395645019902048, 22.486476262188525 ], [ 88.395759739683569, 22.486468394585238 ], [ 88.39582289754442, 22.486488501717556 ], [ 88.39588266581886, 22.486539611709663 ], [ 88.395946380698192, 22.486614778527343 ], [ 88.396038639553453, 22.486583012791421 ], [ 88.396094182842319, 22.486582535985324 ], [ 88.396183469899995, 22.48662306785371 ], [ 88.396239152473328, 22.486636355929175 ], [ 88.396298363846242, 22.4866324060275 ], [ 88.396349925696228, 22.486604431061334 ], [ 88.396441592450671, 22.486514164141649 ], [ 88.396478133754201, 22.486465668922577 ], [ 88.396495951684926, 22.486396685284184 ], [ 88.396495220383841, 22.486324419395306 ], [ 88.39647600952658, 22.48625575371986 ], [ 88.396449706342636, 22.486218122727898 ], [ 88.396341626551589, 22.486150220096217 ] ] ] } },
{ "type": "Feature", "properties": { "source": "KMC ward sewerage network map (ArcMap GeoPDF), water raster", "extraction_method": "geopdf_raster_polygonised", "wards": "101,102,105,106,107,108,109" }, "geometry": { "type": "Polygon", "coordinates": [ [ [ 88.392106726328393, 22.486671781871259 ], [ 88.392047757730609, 22.486699818913845 ], [ 88.392015021805221, 22.486758605231728 ], [ 88.392000696205685, 22.486806909357341 ], [ 88.392004885095062, 22.486855055012246 ], [ 88.392023850877422, 22.48689963264955 ], [ 88.392042573669315, 22.486920121610009 ], [ 88.392076038642585, 22.486933601306934 ], [ 88.392116770559269, 22.486933252647056 ], [ 88.39214628961895, 22.48692267535289 ], [ 88.392171932183516, 22.486894923556981 ], [ 88.392220069887813, 22.486894511475327 ], [ 88.392254020949537, 22.48695616847807 ], [ 88.392254680631225, 22.487021552014792 ], [ 88.392262260040212, 22.487038694808135 ], [ 88.392288492857816, 22.487069444052207 ], [ 88.392314517356652, 22.487079545859434 ], [ 88.392407055257067, 22.487075312055371 ], [ 88.392425396158714, 22.48705794734347 ], [ 88.392432593619759, 22.487037236504204 ], [ 88.392431864405069, 22.486964970495528 ], [ 88.392359946754453, 22.486810717118331 ], [ 88.392303431100046, 22.486714837956033 ], [ 88.392251139210444, 22.486670545653329 ], [ 88.392188085852993, 22.486660760816424 ], [ 88.392106726328393, 22.486671781871259 ] ] ] } },
{ "type": "Feature", "properties": { "source": "KMC ward sewerage network map (ArcMap GeoPDF), water raster", "extraction_method": "geopdf_raster_polygonised", "wards": "101,102,105,106,107,108,109" }, "geometry": { "type": "Polygon", "coordinates": [ [ [ 88.398831654782811, 22.487027060672119 ], [ 88.398830992011867, 22.486961677319414 ], [ 88.398819674043011, 22.486941125497538 ], [ 88.398789911387766, 22.48692761538452 ], [ 88.398615875513372, 22.48692911224526 ], [ 88.398586461643504, 22.486950014388203 ], [ 88.398457348657274, 22.48699930614217 ], [ 88.398305843857116, 22.487031582684228 ], [ 88.398213585304504, 22.487063349705451 ], [ 88.398172888322208, 22.487067141137825 ], [ 88.398147072651412, 22.487077687678735 ], [ 88.398143578950638, 22.487098366894603 ], [ 88.398158774064882, 22.487136093082327 ], [ 88.398189024850964, 22.487197780531908 ], [ 88.398222804225242, 22.48724222998711 ], [ 88.39825267150718, 22.487266063893237 ], [ 88.398274888910905, 22.487265872862427 ], [ 88.398319567811214, 22.487289579399675 ], [ 88.39837158278597, 22.48730633978257 ], [ 88.398394044301938, 22.487330237342221 ], [ 88.398409413876237, 22.48738516964827 ], [ 88.39845472057101, 22.487470818274954 ], [ 88.398477077504481, 22.487484392132259 ], [ 88.398529057693381, 22.48749771122991 ], [ 88.398592495388016, 22.487545347063783 ], [ 88.398636895399093, 22.487541523671727 ], [ 88.398666344260121, 22.487524062744185 ], [ 88.398746936173254, 22.48743733134101 ], [ 88.398787110004534, 22.48738192132442 ], [ 88.39890836389597, 22.487287957028343 ], [ 88.398908015045436, 22.487253544739747 ], [ 88.398843809956503, 22.487130201989249 ], [ 88.398821313518681, 22.487102863264962 ], [ 88.398824388526393, 22.487040889290665 ], [ 88.398831654782811, 22.487027060672119 ] ] ] } },
{ "type": "Feature", "properties": { "source": "KMC ward sewerage network map (ArcMap GeoPDF), water raster", "extraction_method": "geopdf_raster_polygonised", "wards": "101,102,105,106,107,108,109" }, "geometry": { "type": "Polygon", "coordinates": [ [ [ 88.393156629308137, 22.488693296962417 ], [ 88.393197465959929, 22.48870327171343 ], [ 88.393231174700418, 22.48874083979635 ], [ 88.393260798282668, 22.488740585994822 ], [ 88.393275853312005, 22.488764547747675 ], [ 88.393298244746731, 22.488781563573085 ], [ 88.393327868336826, 22.488781309758782 ], [ 88.393368322767174, 22.488753430864218 ], [ 88.393367836259003, 22.48870525355467 ], [ 88.393337517690867, 22.488636682646192 ], [ 88.393315126276008, 22.488619666825006 ], [ 88.393281695530916, 22.488609628651396 ], [ 88.393229854310931, 22.488610072804761 ], [ 88.393163514020031, 22.488641614965253 ], [ 88.393145242508183, 22.488665862237298 ], [ 88.393156629308137, 22.488693296962417 ] ] ] } },
{ "type": "Feature", "properties": { "source": "KMC ward sewerage network map (ArcMap GeoPDF), water raster", "extraction_method": "geopdf_raster_polygonised", "wards": "101,102,105,106,107,108,109" }, "geometry": { "type": "Polygon", "coordinates": [ [ [ 88.394330550547295, 22.489058362832413 ], [ 88.39423797668222, 22.489059156569187 ], [ 88.394223651676086, 22.489107460851965 ], [ 88.394217567112378, 22.4892382912765 ], [ 88.394179129487696, 22.489465762007345 ], [ 88.394197818177418, 22.489482809442546 ], [ 88.394386843321072, 22.489498396353959 ], [ 88.394475888402894, 22.489514840443579 ], [ 88.394494333675453, 22.489507799201274 ], [ 88.394505129554091, 22.489476732826592 ], [ 88.394503286225273, 22.489294347400996 ], [ 88.394520966308107, 22.489211598998395 ], [ 88.394549929143324, 22.489145961499911 ], [ 88.3945458436026, 22.489108139676134 ], [ 88.394530857880738, 22.489091060525006 ], [ 88.394497357389255, 22.489074140145259 ], [ 88.394330550547295, 22.489058362832413 ] ] ] } },
{ "type": "Feature", "properties": { "source": "KMC ward sewerage network map (ArcMap GeoPDF), water raster", "extraction_method": "geopdf_raster_polygonised", "wards": "101,102,105,106,107,108,109" }, "geometry": { "type": "Polygon", "coordinates": [ [ [ 88.396927290846861, 22.490595089567147 ], [ 88.396861308921601, 22.490296243308062 ], [ 88.396849015437454, 22.490179336897359 ], [ 88.396863409285572, 22.49013791488937 ], [ 88.396914798065964, 22.490092733540969 ], [ 88.397003355950105, 22.490060998971131 ], [ 88.397292327532824, 22.490072282196188 ], [ 88.397470070412112, 22.490070754741012 ], [ 88.39785825535769, 22.490005470623743 ], [ 88.397928437537672, 22.489987659638494 ], [ 88.398065273210378, 22.489969275561201 ], [ 88.39815023235866, 22.489947895901842 ], [ 88.398272325814119, 22.489936521466625 ], [ 88.398335136829459, 22.489922215221423 ], [ 88.398457020968749, 22.489890193277546 ], [ 88.398556547709234, 22.489844597424817 ], [ 88.398563849003935, 22.489834210042471 ], [ 88.398563604837648, 22.489810121444524 ], [ 88.398548025596739, 22.489734541815931 ], [ 88.398086479838327, 22.489869288895058 ], [ 88.397724216215835, 22.489934350732863 ], [ 88.397476326171329, 22.489957130509421 ], [ 88.39707982921756, 22.48993300534887 ], [ 88.396905754618217, 22.489931059323276 ], [ 88.396813528652856, 22.489966266876522 ], [ 88.396754803602903, 22.490018394269519 ], [ 88.396710646571179, 22.490046305801012 ], [ 88.396696287519859, 22.490091169028553 ], [ 88.396697019060269, 22.490163434877463 ], [ 88.396792624460758, 22.490462026760568 ], [ 88.39680128462291, 22.490585847443242 ], [ 88.396877992340833, 22.490846744748353 ], [ 88.396989943854493, 22.491296623319091 ], [ 88.397213117415745, 22.492124114228957 ], [ 88.39727596439181, 22.492113249573929 ], [ 88.397294374987197, 22.492102766773733 ], [ 88.397301432513245, 22.492068290836375 ], [ 88.397148118756817, 22.491556820484817 ], [ 88.397113118909715, 22.491391927822949 ], [ 88.397036480087351, 22.491137913144538 ], [ 88.396986180687222, 22.490924970473507 ], [ 88.396934731671394, 22.490598467172806 ], [ 88.396927290846861, 22.490595089567147 ] ] ] } },
{ "type": "Feature", "properties": { "source": "KMC ward sewerage network map (ArcMap GeoPDF), water raster", "extraction_method": "geopdf_raster_polygonised", "wards": "101,102,105,106,107,108,109" }, "geometry": { "type": "Polygon", "coordinates": [ [ [ 88.394305067833983, 22.490934216630468 ], [ 88.394255016088252, 22.490745361525029 ], [ 88.394186797259223, 22.490591077484169 ], [ 88.394101628360445, 22.490591807695477 ], [ 88.393898519858709, 22.490648613427499 ], [ 88.393773104634164, 22.490697869921458 ], [ 88.393665995750439, 22.490726320224717 ], [ 88.393640387597316, 22.490757513501446 ], [ 88.393640735205338, 22.490791925852669 ], [ 88.393660154009822, 22.490881239278284 ], [ 88.393770600393893, 22.491183147516999 ], [ 88.393820408319513, 22.491347914146122 ], [ 88.393839027700693, 22.491358079139324 ], [ 88.393924162309119, 22.49135390780858 ], [ 88.394042415423215, 22.491328803307784 ], [ 88.394204896009754, 22.491282670315847 ], [ 88.394289752328305, 22.491250968922952 ], [ 88.394345193184208, 22.49124016892349 ], [ 88.394378346397701, 22.491222676966565 ], [ 88.394381527712, 22.491171026704187 ], [ 88.394362177956467, 22.491088595862049 ], [ 88.394305067833983, 22.490934216630468 ] ] ] } },
{ "type": "Feature", "properties": { "source": "KMC ward sewerage network map (ArcMap GeoPDF), water raster", "extraction_method": "geopdf_raster_polygonised", "wards": "101,102,105,106,107,108,109" }, "geometry": { "type": "Polygon", "coordinates": [ [ [ 88.395405500073679, 22.490621922155256 ], [ 88.395367600049639, 22.490536209107745 ], [ 88.39531104591876, 22.490436889992598 ], [ 88.3952777886131, 22.490444058429112 ], [ 88.395244635703392, 22.49046155055763 ], [ 88.395229719343064, 22.490451353951883 ], [ 88.395166768509412, 22.490451894081744 ], [ 88.394916113287323, 22.490567615056321 ], [ 88.394909159593837, 22.490612414621555 ], [ 88.395023972503921, 22.490979673545407 ], [ 88.395347428859253, 22.491837280955789 ], [ 88.395433085772467, 22.491884727295897 ], [ 88.395481225135555, 22.49188431415299 ], [ 88.395492438644638, 22.491894542506046 ], [ 88.395739949667345, 22.491833912048264 ], [ 88.395931880271533, 22.491770316863715 ], [ 88.396020160887048, 22.491711052925222 ], [ 88.395952427078356, 22.491604947012469 ], [ 88.395925948841281, 22.491550109846305 ], [ 88.395914770149687, 22.491543322754659 ], [ 88.395771305102642, 22.491272673418344 ], [ 88.395760126441047, 22.491265886314235 ], [ 88.39550722126144, 22.490793125756522 ], [ 88.395405500073679, 22.490621922155256 ] ] ] } },
{ "type": "Feature", "properties": { "source": "KMC ward sewerage network map (ArcMap GeoPDF), water raster", "extraction_method": "geopdf_raster_polygonised", "wards": "101,102,105,106,107,108,109" }, "geometry": { "type": "Polygon", "coordinates": [ [ [ 88.391724801087136, 22.491028593445527 ], [ 88.391713379631895, 22.490997717384449 ], [ 88.391691022718433, 22.490984142589447 ], [ 88.391631843981912, 22.490991532134291 ], [ 88.391535878096704, 22.491023327218123 ], [ 88.391314252672487, 22.491080288218239 ], [ 88.391148172273518, 22.491136773728549 ], [ 88.390948764581339, 22.491193544158961 ], [ 88.390834422059925, 22.491239262172947 ], [ 88.390767871805593, 22.491250155993274 ], [ 88.390749530163987, 22.491267520546188 ], [ 88.390814285463307, 22.491445926552263 ], [ 88.390887695990884, 22.491748153766544 ], [ 88.391013053519416, 22.492060261147106 ], [ 88.391188772261373, 22.492592195753062 ], [ 88.391189049887771, 22.492619725656596 ], [ 88.391204070326893, 22.492640246350778 ], [ 88.391222689713146, 22.492650411645723 ], [ 88.391474011491567, 22.492600079614284 ], [ 88.391725194200376, 22.49253598225091 ], [ 88.392005653816241, 22.492437218527989 ], [ 88.392105566660703, 22.492429480078616 ], [ 88.392112799126963, 22.49241221048722 ], [ 88.392120205221445, 22.492412147078852 ], [ 88.392115425674348, 22.492305500445777 ], [ 88.391981444134984, 22.491873014172668 ], [ 88.391916062181025, 22.491632666459779 ], [ 88.391724801087136, 22.491028593445527 ] ] ] } },
{ "type": "Feature", "properties": { "source": "KMC ward sewerage network map (ArcMap GeoPDF), water raster", "extraction_method": "geopdf_raster_polygonised", "wards": "101,102,105,106,107,108,109" }, "geometry": { "type": "Polygon", "coordinates": [ [ [ 88.39710726285152, 22.492276451093183 ], [ 88.397077534020298, 22.492266381951509 ], [ 88.397051612771435, 22.492266604675198 ], [ 88.396956727661845, 22.492405081081195 ], [ 88.396956867044196, 22.492418845999364 ], [ 88.396994594373325, 22.492487352430494 ], [ 88.39716647657211, 22.49227250075436 ], [ 88.39710726285152, 22.492276451093183 ] ] ] } },
{ "type": "Feature", "properties": { "source": "KMC ward sewerage network map (ArcMap GeoPDF), water raster", "extraction_method": "geopdf_raster_polygonised", "wards": "101,102,105,106,107,108,109" }, "geometry": { "type": "Polygon", "coordinates": [ [ [ 88.396784078458538, 22.492544225500957 ], [ 88.396840773928488, 22.492657308895296 ], [ 88.396947500199659, 22.492591002921081 ], [ 88.396883328904678, 22.492471100734939 ], [ 88.396868551583012, 22.492474669219035 ], [ 88.396784078458538, 22.492544225500957 ] ] ] } },
{ "type": "Feature", "properties": { "source": "KMC ward sewerage network map (ArcMap GeoPDF), water raster", "extraction_method": "geopdf_raster_polygonised", "wards": "101,102,105,106,107,108,109" }, "geometry": { "type": "Polygon", "coordinates": [ [ [ 88.39676727046286, 22.492713004814696 ], [ 88.396699326532669, 22.492586251903564 ], [ 88.396566609138176, 22.492645897908538 ], [ 88.396642133274625, 22.492789793411539 ], [ 88.39676727046286, 22.492713004814696 ] ] ] } },
{ "type": "Feature", "properties": { "source": "KMC ward sewerage network map (ArcMap GeoPDF), water raster", "extraction_method": "geopdf_raster_polygonised", "wards": "101,102,105,106,107,108,109" }, "geometry": { "type": "Polygon", "coordinates": [ [ [ 88.396127896800778, 22.49284239122349 ], [ 88.39610959049125, 22.49286319759069 ], [ 88.396113781101874, 22.492911343022254 ], [ 88.396269030737628, 22.492882477643278 ], [ 88.396501730879365, 22.492821973150019 ], [ 88.396601608747432, 22.492810790681176 ], [ 88.396601539072492, 22.492803908221369 ], [ 88.396518643709783, 22.492663517539409 ], [ 88.3964560054131, 22.492695029294893 ], [ 88.396456318916577, 22.492726000366268 ], [ 88.396445383937788, 22.492743301929629 ], [ 88.396401226006205, 22.492771213414265 ], [ 88.396127896800778, 22.49284239122349 ] ] ] } },
{ "type": "Feature", "properties": { "source": "KMC ward sewerage network map (ArcMap GeoPDF), water raster", "extraction_method": "geopdf_raster_polygonised", "wards": "101,102,105,106,107,108,109" }, "geometry": { "type": "Polygon", "coordinates": [ [ [ 88.393719294284963, 22.493069547046989 ], [ 88.393778473743168, 22.493062156697953 ], [ 88.393911436254115, 22.493026601548607 ], [ 88.394000240163351, 22.493018957146891 ], [ 88.394070320108227, 22.492990824045943 ], [ 88.394133202566195, 22.492983401819281 ], [ 88.394277308849695, 22.492951192355218 ], [ 88.394410201537582, 22.492908754339346 ], [ 88.394480211764545, 22.492873738600714 ], [ 88.394524196213069, 22.492828621457075 ], [ 88.394523674421592, 22.492777002962715 ], [ 88.394508375210037, 22.49272895273992 ], [ 88.394452098963797, 22.492657163228493 ], [ 88.394414790197644, 22.492629950940483 ], [ 88.394348239651563, 22.492640846257611 ], [ 88.394325951790776, 22.49263415432403 ], [ 88.394303455249954, 22.492606814987067 ], [ 88.394284870445318, 22.492600091292669 ], [ 88.394243997792586, 22.492586675650486 ], [ 88.394188452063915, 22.492587151940381 ], [ 88.394096119272319, 22.49261203435006 ], [ 88.393992816384809, 22.492650776886798 ], [ 88.393553265693981, 22.492764673752148 ], [ 88.393073293332534, 22.49290988956831 ], [ 88.392988470457709, 22.492945031614617 ], [ 88.392921919616029, 22.492955926355371 ], [ 88.392829899015126, 22.493011779180183 ], [ 88.392793667499831, 22.493091244803825 ], [ 88.392727672444593, 22.493157199235576 ], [ 88.392687216647516, 22.493185078025917 ], [ 88.392635547410492, 22.493202728252086 ], [ 88.392546778003251, 22.493213813146742 ], [ 88.392487772071377, 22.493238409228578 ], [ 88.392443404718009, 22.493245672259985 ], [ 88.39241765690943, 22.493263100426891 ], [ 88.392399697312626, 22.493318318761016 ], [ 88.392381286160031, 22.493328801027136 ], [ 88.392336884037888, 22.493332622794924 ], [ 88.392244724019221, 22.493374710363288 ], [ 88.392203990219656, 22.493375059150768 ], [ 88.392178172897644, 22.493385604809578 ], [ 88.39211529010997, 22.493393026287194 ], [ 88.392071165767661, 22.493424377873474 ], [ 88.39204929458198, 22.493458980462169 ], [ 88.392016175256217, 22.493479913213289 ], [ 88.391975580318871, 22.493494026890207 ], [ 88.39190986245832, 22.4935875109047 ], [ 88.391910036072375, 22.493604717087006 ], [ 88.391959634517391, 22.493748836893204 ], [ 88.391993413691793, 22.493793287639843 ], [ 88.392004800748424, 22.493820722419695 ], [ 88.392038371596939, 22.493844525737877 ], [ 88.392130740359747, 22.4938230856873 ], [ 88.392278273296455, 22.493763316353839 ], [ 88.392735405671615, 22.493556350817364 ], [ 88.392853243948551, 22.493489952268728 ], [ 88.392912249912044, 22.493465356051637 ], [ 88.392919169594904, 22.493417115313083 ], [ 88.392948481442943, 22.493385890403392 ], [ 88.393257940693132, 22.493224928444629 ], [ 88.393475865464751, 22.493167996388802 ], [ 88.393719294284963, 22.493069547046989 ] ] ] } },
{ "type": "Feature", "properties": { "source": "KMC ward sewerage network map (ArcMap GeoPDF), water raster", "extraction_method": "geopdf_raster_polygonised", "wards": "101,102,105,106,107,108,109" }, "geometry": { "type": "Polygon", "coordinates": [ [ [ 88.396054288464839, 22.492887763143845 ], [ 88.396043005184794, 22.492870652375906 ], [ 88.396013380758632, 22.492870906733287 ], [ 88.395769431848123, 22.492917740978207 ], [ 88.395569745369642, 22.492946987299884 ], [ 88.395244502889582, 22.493011726156787 ], [ 88.395100257616008, 22.493030171549645 ], [ 88.395003908483631, 22.493024115169352 ], [ 88.394638070978871, 22.493102967234808 ], [ 88.393940174231304, 22.493305119249552 ], [ 88.393386556162724, 22.493492265807319 ], [ 88.393360738920251, 22.493502811652057 ], [ 88.393379775677232, 22.493554271494791 ], [ 88.393782020125073, 22.493413162552297 ], [ 88.394258255481432, 22.493264535104103 ], [ 88.394834472413791, 22.493115048603386 ], [ 88.394919503644488, 22.493100552997667 ], [ 88.395015852829303, 22.49310660942589 ], [ 88.395093582311162, 22.493102500968781 ], [ 88.396017849922558, 22.492946582014625 ], [ 88.396054810826882, 22.492939381603701 ], [ 88.396054288464839, 22.492887763143845 ] ] ] } },
{ "type": "Feature", "properties": { "source": "KMC ward sewerage network map (ArcMap GeoPDF), water raster", "extraction_method": "geopdf_raster_polygonised", "wards": "101,102,105,106,107,108,109" }, "geometry": { "type": "Polygon", "coordinates": [ [ [ 88.398823145741105, 22.49385856647606 ], [ 88.398745346269578, 22.493855794295765 ], [ 88.398738009903411, 22.493862740465065 ], [ 88.398742236362594, 22.493914327000937 ], [ 88.39872759851535, 22.493931660565451 ], [ 88.39872791254335, 22.493962631601949 ], [ 88.398731894758612, 22.49399012955379 ], [ 88.3987507939718, 22.494027823749565 ], [ 88.398751073113715, 22.494055353559173 ], [ 88.398732801957507, 22.494079601435804 ], [ 88.398714356335475, 22.494086643179457 ], [ 88.398669919358511, 22.494087025469746 ], [ 88.398644137348882, 22.49410101337212 ], [ 88.398614408025367, 22.494090944541774 ], [ 88.398613814905787, 22.494032443693069 ], [ 88.398587370015406, 22.493981048283679 ], [ 88.3985462523856, 22.49394354519135 ], [ 88.398542025997287, 22.493891958646849 ], [ 88.398519388897668, 22.493850855048798 ], [ 88.398518900484746, 22.493802677875916 ], [ 88.398555512576095, 22.493761064620855 ], [ 88.398521242983406, 22.493668438182581 ], [ 88.398531480029789, 22.493582311955546 ], [ 88.398549820936083, 22.493564946555246 ], [ 88.398609070019248, 22.493564436887574 ], [ 88.398631393091904, 22.493574569436319 ], [ 88.39864641469957, 22.493595089373201 ], [ 88.398657419235789, 22.493584670125802 ], [ 88.398645716913151, 22.493526264841964 ], [ 88.398615883049359, 22.493505872325109 ], [ 88.398582555454425, 22.493506159016551 ], [ 88.398113835429569, 22.493665059047014 ], [ 88.398021502768373, 22.49368994370414 ], [ 88.397932942887877, 22.493721678925503 ], [ 88.39790719573412, 22.493739107938417 ], [ 88.398220654723161, 22.494338679730177 ], [ 88.398228200422196, 22.494352380943315 ], [ 88.398250523600055, 22.494362513538871 ], [ 88.398287554494203, 22.494362195057125 ], [ 88.398553304704009, 22.494273871078139 ], [ 88.398697376158893, 22.494238216422694 ], [ 88.398789604352601, 22.494203007689208 ], [ 88.398808119774273, 22.494202848388547 ], [ 88.398795789230107, 22.49408250105602 ], [ 88.398799108477576, 22.494044615708738 ], [ 88.398828035226387, 22.493975536304603 ], [ 88.398823145741105, 22.49385856647606 ] ] ] } },
{ "type": "Feature", "properties": { "source": "KMC ward sewerage network map (ArcMap GeoPDF), water raster", "extraction_method": "geopdf_raster_polygonised", "wards": "101,102,105,106,107,108,109" }, "geometry": { "type": "Polygon", "coordinates": [ [ [ 88.393331809482916, 22.493571890211182 ], [ 88.393316510572888, 22.493523839863347 ], [ 88.393290623805044, 22.493527503228474 ], [ 88.392475821958442, 22.49388896133426 ], [ 88.392000068450969, 22.494085761012283 ], [ 88.391616161927743, 22.494209501025967 ], [ 88.39144588893609, 22.494217841384394 ], [ 88.39142003668502, 22.494224945694526 ], [ 88.391043396578155, 22.494334856055556 ], [ 88.390840489411843, 22.494412305672267 ], [ 88.390918879157582, 22.494473582700959 ], [ 88.391014882241663, 22.49444522910769 ], [ 88.391225160839127, 22.494364274664449 ], [ 88.39156172637955, 22.494320096016931 ], [ 88.391742831018036, 22.494284130544841 ], [ 88.392049215733479, 22.494185144701074 ], [ 88.392366153498799, 22.494031003389786 ], [ 88.392801311299507, 22.493848316550377 ], [ 88.393317101450847, 22.493582340848373 ], [ 88.393331809482916, 22.493571890211182 ] ] ] } },
{ "type": "Feature", "properties": { "source": "KMC ward sewerage network map (ArcMap GeoPDF), water raster", "extraction_method": "geopdf_raster_polygonised", "wards": "101,102,105,106,107,108,109" }, "geometry": { "type": "Polygon", "coordinates": [ [ [ 88.392826483225591, 22.49414063118828 ], [ 88.392851605690026, 22.494061260724639 ], [ 88.392850910753594, 22.493992436026751 ], [ 88.392835994161885, 22.49398223921397 ], [ 88.392758368292647, 22.493996670314719 ], [ 88.392492510146198, 22.494074661189789 ], [ 88.392374566996921, 22.494130735797039 ], [ 88.392289638998065, 22.494155553809914 ], [ 88.392227068457998, 22.49419394646943 ], [ 88.392097981074883, 22.494246674775223 ], [ 88.391991146901077, 22.494302653996741 ], [ 88.391898881969269, 22.494334417691743 ], [ 88.391658597152045, 22.494377772964882 ], [ 88.391655275948366, 22.494415658262568 ], [ 88.391670123071705, 22.494418972713252 ], [ 88.392430648194107, 22.494550122531425 ], [ 88.392578980780172, 22.494569501302852 ], [ 88.392835050892671, 22.494622372333353 ], [ 88.392934999973221, 22.494618074528915 ], [ 88.392971961517759, 22.49461087479618 ], [ 88.392975560369507, 22.494600519365957 ], [ 88.392975039107185, 22.49454890084878 ], [ 88.392959740191145, 22.494500850471898 ], [ 88.392929594136092, 22.49444948576128 ], [ 88.392877194762761, 22.494394870156395 ], [ 88.392835175038073, 22.494267893431683 ], [ 88.392823405568166, 22.494202605138799 ], [ 88.392826483225591, 22.49414063118828 ] ] ] } },
{ "type": "Feature", "properties": { "source": "KMC ward sewerage network map (ArcMap GeoPDF), water raster", "extraction_method": "geopdf_raster_polygonised", "wards": "101,102,105,106,107,108,109" }, "geometry": { "type": "Polygon", "coordinates": [ [ [ 88.39322952936898, 22.494078671912686 ], [ 88.393026137428237, 22.494107946920717 ], [ 88.393090009057204, 22.494565123449281 ], [ 88.393297174262003, 22.494542699062929 ], [ 88.39322952936898, 22.494078671912686 ] ] ] } },
{ "type": "Feature", "properties": { "source": "KMC ward sewerage network map (ArcMap GeoPDF), water raster", "extraction_method": "geopdf_raster_polygonised", "wards": "101,102,105,106,107,108,109" }, "geometry": { "type": "Polygon", "coordinates": [ [ [ 88.395538755534673, 22.495008729626928 ], [ 88.395627630195165, 22.495007966730981 ], [ 88.395631681478704, 22.495042347246404 ], [ 88.3956761188184, 22.495041965778395 ], [ 88.395683142037498, 22.495004048665848 ], [ 88.395712627644997, 22.494990029425072 ], [ 88.395820122302538, 22.494999431161531 ], [ 88.395819843727608, 22.494971901320582 ], [ 88.395748753425011, 22.49490023953177 ], [ 88.39574106865156, 22.494872773271361 ], [ 88.395526253620062, 22.494871175762679 ], [ 88.395538755534673, 22.495008729626928 ] ] ] } },
{ "type": "Feature", "properties": { "source": "KMC ward sewerage network map (ArcMap GeoPDF), water raster", "extraction_method": "geopdf_raster_polygonised", "wards": "101,102,105,106,107,108,109" }, "geometry": { "type": "Polygon", "coordinates": [ [ [ 88.396717484740606, 22.495476979881754 ], [ 88.396672629156583, 22.495436066900027 ], [ 88.396646602783605, 22.495425965902385 ], [ 88.396409498559933, 22.495417678030087 ], [ 88.396316711537565, 22.495397825800016 ], [ 88.396301899057264, 22.495397953018177 ], [ 88.396283627295148, 22.495422200643748 ], [ 88.396272831437344, 22.495453267118652 ], [ 88.396277300907613, 22.495528942357893 ], [ 88.396566597465636, 22.495571197362697 ], [ 88.396726319637793, 22.495618006623889 ], [ 88.396882059988627, 22.495637317712909 ], [ 88.397023196987448, 22.495677403303286 ], [ 88.397138203036036, 22.495697064168702 ], [ 88.397223374948922, 22.495696332194399 ], [ 88.397241786006987, 22.495685849380436 ], [ 88.397252755951797, 22.495671988990125 ], [ 88.397252372509001, 22.495634135485169 ], [ 88.397241053985766, 22.495613583597862 ], [ 88.39711850232861, 22.495580221538098 ], [ 88.396936735607611, 22.495550809727632 ], [ 88.39679559875988, 22.495510724053091 ], [ 88.396717484740606, 22.495476979881754 ] ] ] } },
{ "type": "Feature", "properties": { "source": "KMC ward sewerage network map (ArcMap GeoPDF), water raster", "extraction_method": "geopdf_raster_polygonised", "wards": "101,102,105,106,107,108,109" }, "geometry": { "type": "Polygon", "coordinates": [ [ [ 88.397687618687584, 22.496191363032587 ], [ 88.39766952142881, 22.496232816940399 ], [ 88.397754338229362, 22.496562474267662 ], [ 88.397765622039117, 22.496579584882209 ], [ 88.397787910680833, 22.496586276296153 ], [ 88.397802862772821, 22.49659991384102 ], [ 88.397858375142533, 22.496595994997776 ], [ 88.397979951268866, 22.496533002100879 ], [ 88.398001926005406, 22.496508722448841 ], [ 88.398001402829735, 22.496457104054855 ], [ 88.397921788330962, 22.496275387777185 ], [ 88.397832180598641, 22.496203886220389 ], [ 88.397776389404967, 22.496180275233112 ], [ 88.397720807454704, 22.496177311586369 ], [ 88.397687618687584, 22.496191363032587 ] ] ] } },
{ "type": "Feature", "properties": { "source": "KMC ward sewerage network map (ArcMap GeoPDF), water raster", "extraction_method": "geopdf_raster_polygonised", "wards": "101,102,105,106,107,108,109" }, "geometry": { "type": "Polygon", "coordinates": [ [ [ 88.396595518089839, 22.498427416717636 ], [ 88.396554852578532, 22.498434649134865 ], [ 88.396451406865424, 22.498459628495315 ], [ 88.396381289930702, 22.498484321501365 ], [ 88.396377656411858, 22.498491235767286 ], [ 88.396406052646682, 22.498735340260577 ], [ 88.396425509459633, 22.498828094348593 ], [ 88.396452128819902, 22.498896696214324 ], [ 88.396596519272819, 22.498892014233213 ], [ 88.396666671214547, 22.498870762353395 ], [ 88.39671816767418, 22.498835904629477 ], [ 88.396721452676672, 22.49879457808499 ], [ 88.396743427977199, 22.498770298581931 ], [ 88.396742696104241, 22.498698032811589 ], [ 88.396723692160819, 22.498650014724301 ], [ 88.396692010390012, 22.498447236857757 ], [ 88.396677023342676, 22.498430157989954 ], [ 88.396595518089839, 22.498427416717636 ] ] ] } },
{ "type": "Feature", "properties": { "source": "KMC ward sewerage network map (ArcMap GeoPDF), water raster", "extraction_method": "geopdf_raster_polygonised", "wards": "101,102,105,106,107,108,109" }, "geometry": { "type": "Polygon", "coordinates": [ [ [ 88.399281256509354, 22.502510057674254 ], [ 88.399042673851909, 22.502357242977968 ], [ 88.398938038810812, 22.502265222489058 ], [ 88.398576305839654, 22.502020545832604 ], [ 88.398531482415933, 22.501983074759035 ], [ 88.398110009834554, 22.501690729655877 ], [ 88.398061448467928, 22.501649849068549 ], [ 88.3978899462263, 22.50153775382763 ], [ 88.397688434359793, 22.501388059675367 ], [ 88.397550576081002, 22.501306648460389 ], [ 88.397505753158384, 22.501269177072349 ], [ 88.397438675745917, 22.501228455477083 ], [ 88.397419950145974, 22.501207967317214 ], [ 88.397304381559721, 22.501133247294938 ], [ 88.397214770847157, 22.501061745579388 ], [ 88.39714343251029, 22.500965996074182 ], [ 88.397027306481462, 22.5008362162202 ], [ 88.396959462495744, 22.500719787434331 ], [ 88.396888229091076, 22.500634361472645 ], [ 88.396820211046645, 22.500500726483004 ], [ 88.396747270000816, 22.500246680350372 ], [ 88.396735985988059, 22.500229569680787 ], [ 88.396667062168802, 22.500006462708409 ], [ 88.396605126869403, 22.499741997331881 ], [ 88.396570961388193, 22.49965969423523 ], [ 88.39655545149617, 22.49959099695867 ], [ 88.396532744245846, 22.49954301067266 ], [ 88.396505741393085, 22.499436555334675 ], [ 88.396460536070094, 22.499361230102167 ], [ 88.396410930698949, 22.499217112117428 ], [ 88.396328633670237, 22.498770420556003 ], [ 88.39632035623471, 22.498684453480298 ], [ 88.396312810458213, 22.498670752187305 ], [ 88.396296116280539, 22.498485053117086 ], [ 88.396273060931279, 22.498402654494551 ], [ 88.396087772373178, 22.498025677854891 ], [ 88.395900139997693, 22.497782940656766 ], [ 88.395758339417213, 22.497677470832649 ], [ 88.395411610813085, 22.497449865011077 ], [ 88.395057755435573, 22.497249851778125 ], [ 88.394934924309396, 22.497188958266534 ], [ 88.394595813312378, 22.496981934380855 ], [ 88.394059461937005, 22.49668023834947 ], [ 88.393504110332174, 22.496330521850016 ], [ 88.393448284967661, 22.496303468096169 ], [ 88.393265683565176, 22.496191462554769 ], [ 88.393235954116932, 22.496181392737181 ], [ 88.393120391938609, 22.496106669341383 ], [ 88.392934157409229, 22.496001577594829 ], [ 88.392829739703913, 22.495930200023707 ], [ 88.392535524021525, 22.495767526797252 ], [ 88.392237397469188, 22.495584237295855 ], [ 88.391958238772006, 22.495445524740067 ], [ 88.391503818685266, 22.495187858110715 ], [ 88.391060405470682, 22.494919771345206 ], [ 88.390948479169239, 22.494838132109699 ], [ 88.390769168359853, 22.494684796987027 ], [ 88.390664440468086, 22.49458244675408 ], [ 88.390600655034106, 22.494500395483772 ], [ 88.390585634463747, 22.494479874743575 ], [ 88.390539670833107, 22.494328840321316 ], [ 88.39040365364653, 22.494061563808842 ], [ 88.390377038276611, 22.493992960705526 ], [ 88.390369597407116, 22.493989582799468 ], [ 88.39029217930937, 22.494024660156736 ], [ 88.390288753684104, 22.494052221730339 ], [ 88.390308483095367, 22.494172506758051 ], [ 88.39038525056263, 22.49444029003601 ], [ 88.390464229844213, 22.494560068344523 ], [ 88.39048693413622, 22.494608055662177 ], [ 88.390591974153736, 22.494741377157084 ], [ 88.390745154870615, 22.494874286790594 ], [ 88.391780766392557, 22.495474576350812 ], [ 88.392611984076169, 22.496004337591209 ], [ 88.393624801618898, 22.496546303745742 ], [ 88.394746480224498, 22.497231873468891 ], [ 88.394761327709361, 22.497235187614525 ], [ 88.394809816944658, 22.497269186884939 ], [ 88.394824664434751, 22.497272501024451 ], [ 88.395860414974777, 22.497883086070011 ], [ 88.396104884196021, 22.498252671713676 ], [ 88.396154628196584, 22.49841055475564 ], [ 88.396181874396589, 22.498541098785932 ], [ 88.396185532306419, 22.498902427724726 ], [ 88.396220498640901, 22.499063879171221 ], [ 88.396281283099682, 22.49921478425863 ], [ 88.396289107631659, 22.499256015371756 ], [ 88.396681587390205, 22.500343607461563 ], [ 88.396811924618532, 22.500779561278065 ], [ 88.39689524389172, 22.500961246123087 ], [ 88.396996487109362, 22.501084270932459 ], [ 88.397011579084804, 22.501111673425807 ], [ 88.397026566479795, 22.501128752240191 ], [ 88.39758177171926, 22.501461248845064 ], [ 88.397656430239394, 22.501519112807596 ], [ 88.397708590088698, 22.501549638007504 ], [ 88.397719839453757, 22.501563307370184 ], [ 88.398191744174781, 22.501891781693686 ], [ 88.398185564805601, 22.501887563010268 ], [ 88.398171740805154, 22.501889833231413 ], [ 88.398099608788399, 22.501838991792589 ], [ 88.398097155096622, 22.501826140886326 ], [ 88.398078666461828, 22.501824162165416 ], [ 88.398013531464159, 22.501779694085833 ], [ 88.398004202194926, 22.501771196212704 ], [ 88.398008745464494, 22.501764718709428 ], [ 88.397983284161029, 22.501758511859975 ], [ 88.397915816908707, 22.50171191926859 ], [ 88.397908698607679, 22.501694819418624 ], [ 88.397894874620292, 22.501697089615316 ], [ 88.397825075113985, 22.501648372512324 ], [ 88.397820289139631, 22.501633397128817 ], [ 88.397804132844527, 22.501633542846157 ], [ 88.397738998021012, 22.501589074645501 ], [ 88.397727336471291, 22.501578452282004 ], [ 88.397731879748449, 22.501571974786046 ], [ 88.397722574778498, 22.501565622183108 ], [ 88.39770875079985, 22.501567892363379 ], [ 88.397641283729016, 22.501521299646519 ], [ 88.397634165472184, 22.50150419978182 ], [ 88.397618009190765, 22.501504345479734 ], [ 88.397569103559618, 22.501466167371309 ], [ 88.397557539095757, 22.501464126148118 ], [ 88.397543448203436, 22.501442798140328 ], [ 88.397529624233044, 22.501445068304758 ], [ 88.397452925125393, 22.501398558752033 ], [ 88.397445831162273, 22.501383604165866 ], [ 88.397429674893559, 22.501383749844194 ], [ 88.397352975851575, 22.501337240240105 ], [ 88.397355186839576, 22.501328638275307 ], [ 88.397329749902212, 22.501324576605402 ], [ 88.397287914090057, 22.501299207707362 ], [ 88.397290173604418, 22.501294896320811 ], [ 88.39726002355691, 22.50128229510214 ], [ 88.397257569954846, 22.501269444177787 ], [ 88.397236773364156, 22.50126748616421 ], [ 88.397160074447697, 22.50122097646107 ], [ 88.397155312820445, 22.501208146341572 ], [ 88.397141488864889, 22.501210416471903 ], [ 88.397090299687136, 22.50117440430056 ], [ 88.397067122303142, 22.501166031203169 ], [ 88.397057696101314, 22.501148952113414 ], [ 88.397048512476815, 22.501153325913435 ], [ 88.397004344473672, 22.501125832452264 ], [ 88.396971546864449, 22.501083217933115 ], [ 88.396978398197007, 22.501076719652797 ], [ 88.396955172323487, 22.501064055959734 ], [ 88.396905951707453, 22.500997988871056 ], [ 88.3969128272945, 22.50099363588275 ], [ 88.396908114208955, 22.500985096332478 ], [ 88.396896574047432, 22.500985200348403 ], [ 88.396868465332432, 22.500948980065772 ], [ 88.396847183709312, 22.500904116213277 ], [ 88.396854010785418, 22.500895472648978 ], [ 88.396837733299421, 22.500884891818519 ], [ 88.396809285072337, 22.50081863747241 ], [ 88.396804499239437, 22.500803662050213 ], [ 88.396811374820672, 22.500799309066462 ], [ 88.396788003490272, 22.500773773609421 ], [ 88.396768763170869, 22.500705290757974 ], [ 88.39677559024301, 22.500696647197032 ], [ 88.396756810739234, 22.500668924842223 ], [ 88.396758997503881, 22.500658177594136 ], [ 88.396737594704646, 22.500602587274141 ], [ 88.396744397521928, 22.500591798425098 ], [ 88.396730379602346, 22.500576906201587 ], [ 88.396706402037054, 22.500497738491145 ], [ 88.396713204852176, 22.500486949643406 ], [ 88.396699211198396, 22.500474202705846 ], [ 88.396672925648971, 22.500395055787394 ], [ 88.396679752713226, 22.500386412230668 ], [ 88.396663426799861, 22.500371540799016 ], [ 88.396663232794182, 22.500354378482104 ], [ 88.396637165543552, 22.500294539161395 ], [ 88.396643968355207, 22.500283750316552 ], [ 88.396629998979066, 22.500273148660973 ], [ 88.396601381244068, 22.500191877233885 ], [ 88.396608256803049, 22.500187524259683 ], [ 88.396605803285908, 22.500174673319663 ], [ 88.396594214691206, 22.500170486731065 ], [ 88.396565597001413, 22.500089215294476 ], [ 88.396572424058704, 22.500080571742402 ], [ 88.39655609819404, 22.500065700296926 ], [ 88.396544170130426, 22.500031479646786 ], [ 88.396532169328268, 22.499990823125817 ], [ 88.396536639870533, 22.499977909792641 ], [ 88.396520314022155, 22.49996303834255 ], [ 88.396494052934187, 22.499886036669849 ], [ 88.396500904234543, 22.499879538410774 ], [ 88.39648455415454, 22.499862521666188 ], [ 88.396482003666819, 22.499841089563198 ], [ 88.396455960848542, 22.499783395490592 ], [ 88.396462763652053, 22.499772606653305 ], [ 88.396448794342433, 22.499762004978042 ], [ 88.396420201080446, 22.499682878793053 ], [ 88.396427003882351, 22.499672089957254 ], [ 88.396408297334077, 22.499650803417968 ], [ 88.396410484114568, 22.499640056172737 ], [ 88.396384441367843, 22.499582362083743 ], [ 88.396391244168157, 22.499571573249437 ], [ 88.396377274884742, 22.499560971566414 ], [ 88.396348657465865, 22.499479700072506 ], [ 88.396355484509485, 22.499471056529824 ], [ 88.396339158742109, 22.499456185056456 ], [ 88.396310565614485, 22.499377058842729 ], [ 88.396317368411601, 22.499366270011489 ], [ 88.396303399154974, 22.499355668320465 ], [ 88.396286637019116, 22.499302181616198 ], [ 88.39625213815998, 22.499313219958161 ], [ 88.396245480818905, 22.499336880528524 ], [ 88.396334537971086, 22.499660050001051 ], [ 88.396435208399637, 22.499989551282692 ], [ 88.39661641333295, 22.500500694954383 ], [ 88.396689000760134, 22.500796120932527 ], [ 88.396724348765062, 22.500860167612341 ], [ 88.396836880509312, 22.50101362997858 ], [ 88.397026135585634, 22.50121574734867 ], [ 88.397491358151896, 22.501531233655157 ], [ 88.398054443107995, 22.501927365011376 ], [ 88.399111137821848, 22.502698793507488 ], [ 88.399716433266647, 22.503152466182264 ], [ 88.399946560131824, 22.503294136481088 ], [ 88.400107250905393, 22.503419269689822 ], [ 88.400532739749366, 22.503690049875928 ], [ 88.400884274450732, 22.503952915330071 ], [ 88.400879123264517, 22.503905760791628 ], [ 88.400886047494964, 22.503905698203646 ], [ 88.400885950216292, 22.503897117064749 ], [ 88.400874312555047, 22.503888640238916 ], [ 88.40086899114057, 22.503826468706212 ], [ 88.400861969637191, 22.503817950154211 ], [ 88.400868602031778, 22.503792144150029 ], [ 88.400849991518285, 22.503779439339176 ], [ 88.400852202317012, 22.503770837337932 ], [ 88.400829072933604, 22.50376675538778 ], [ 88.400759320027277, 22.503722330243715 ], [ 88.400754557974878, 22.503709500255777 ], [ 88.400740733849958, 22.503711770704044 ], [ 88.400664008147075, 22.503663117526742 ], [ 88.400659246105661, 22.503650287535336 ], [ 88.400645421984535, 22.503652557975226 ], [ 88.400568696346227, 22.503603904748793 ], [ 88.400561601929567, 22.503588950326638 ], [ 88.400545445426388, 22.503589096330391 ], [ 88.400473384624746, 22.503544691909877 ], [ 88.400464680459351, 22.503530867435046 ], [ 88.400532768240893, 22.503573032840286 ], [ 88.400536296805953, 22.503555794830085 ], [ 88.400508486065561, 22.503370192359416 ], [ 88.400485811741262, 22.503325647973103 ], [ 88.400463417039447, 22.503308633340414 ], [ 88.400377995942492, 22.503285278724984 ], [ 88.400244152107689, 22.503234809082187 ], [ 88.400080157675674, 22.503132976234237 ], [ 88.399624545257524, 22.502761774501593 ], [ 88.399400740109527, 22.502605391597527 ], [ 88.399281256509354, 22.502510057674254 ] ], [ [ 88.398797871983106, 22.502321493209898 ], [ 88.398835114440928, 22.502341821830104 ], [ 88.398947086260975, 22.502426896191761 ], [ 88.39898432876771, 22.502447224774645 ], [ 88.399096300761656, 22.502532299022519 ], [ 88.399133543317319, 22.5025526275681 ], [ 88.399279089701636, 22.502661503314808 ], [ 88.399288234024482, 22.502667201677085 ], [ 88.399274694156475, 22.50266942532404 ], [ 88.399223431028759, 22.502626978032676 ], [ 88.399209534100407, 22.502622812485704 ], [ 88.399204747939635, 22.50260783715439 ], [ 88.399195442835293, 22.502601484644302 ], [ 88.39918161878613, 22.502603754954723 ], [ 88.399116458791141, 22.502557142075204 ], [ 88.399107129403305, 22.502548644272849 ], [ 88.399111672642903, 22.50254216674039 ], [ 88.399086211156074, 22.502535960075647 ], [ 88.399023383568476, 22.502491471605929 ], [ 88.399018597432772, 22.50247649626759 ], [ 88.398997776360162, 22.502472393205302 ], [ 88.398960556020484, 22.502446983109408 ], [ 88.398927976090334, 22.502423676624328 ], [ 88.398927854651021, 22.502412950189584 ], [ 88.398907033589992, 22.502408847114907 ], [ 88.398869813283383, 22.50238343699613 ], [ 88.398834901043315, 22.50235800603598 ], [ 88.398834779611548, 22.502347279600702 ], [ 88.398793016086117, 22.502328346987692 ], [ 88.39874415841993, 22.502294459845345 ], [ 88.398741704658661, 22.502281608953041 ], [ 88.3987232159581, 22.502279630309793 ], [ 88.398681258196021, 22.502243535368084 ], [ 88.398658056264182, 22.502233017227432 ], [ 88.398648629792362, 22.502215938246593 ], [ 88.398627808767301, 22.502211835133799 ], [ 88.398564981468425, 22.502167346468589 ], [ 88.398555555012635, 22.502150267481355 ], [ 88.398537066331045, 22.502148288815686 ], [ 88.39849744098639, 22.502114318280896 ], [ 88.39847423908904, 22.502103800111797 ], [ 88.398462480319509, 22.502084596657333 ], [ 88.398448632025463, 22.502084721615493 ], [ 88.398378832136657, 22.502036004774542 ], [ 88.398376378414795, 22.502023153874323 ], [ 88.398357889751551, 22.502021175187053 ], [ 88.398285757600661, 22.501970333839338 ], [ 88.398280971564375, 22.5019553584732 ], [ 88.398262482910908, 22.501953379774442 ], [ 88.398225262840157, 22.501927969493096 ], [ 88.398225190010692, 22.501921533629883 ], [ 88.398190326553106, 22.501900393092232 ], [ 88.398194850147163, 22.50189394362889 ], [ 88.398603834419845, 22.50217861902858 ], [ 88.398615083923772, 22.502192288320622 ], [ 88.398652326321624, 22.50221261698653 ], [ 88.398797871983106, 22.502321493209898 ] ], [ [ 88.399726345433564, 22.503008627791548 ], [ 88.399696121910353, 22.502989591203505 ], [ 88.399651879922871, 22.50295566267248 ], [ 88.399654066486974, 22.50294491539761 ], [ 88.399644761340156, 22.502938562915929 ], [ 88.39963557769083, 22.502942936864407 ], [ 88.39957036879224, 22.502892033613872 ], [ 88.399560917863923, 22.502872809409538 ], [ 88.399540096719363, 22.50286870642141 ], [ 88.399481884960849, 22.50282417646229 ], [ 88.399467769336525, 22.502800703362048 ], [ 88.399451612917289, 22.502800849251475 ], [ 88.399391068860325, 22.502754194811036 ], [ 88.399388590733906, 22.502739198646328 ], [ 88.399379285612639, 22.502732846147833 ], [ 88.399367793908354, 22.502737240921018 ], [ 88.399304941848399, 22.502690607284908 ], [ 88.399288796247063, 22.502667552030815 ], [ 88.399349906556125, 22.50270563341126 ], [ 88.39971950338672, 22.502994980236252 ], [ 88.399742062618557, 22.50300848584056 ], [ 88.399726345433564, 22.503008627791548 ] ], [ [ 88.400346413436594, 22.503457626893109 ], [ 88.400370197521056, 22.503472355942698 ], [ 88.40035251403188, 22.503470691416517 ], [ 88.400315293185059, 22.503445281663009 ], [ 88.400278023732071, 22.503415581329293 ], [ 88.400282566941144, 22.503409103765815 ], [ 88.400261745699538, 22.503405000876416 ], [ 88.40019192022325, 22.503354139609645 ], [ 88.400191774373098, 22.503341267896534 ], [ 88.400168645075667, 22.503337185846682 ], [ 88.400101127733905, 22.503286303684732 ], [ 88.400103314266602, 22.503275556405672 ], [ 88.400084776809635, 22.50326928735543 ], [ 88.400019421763844, 22.503205512590654 ], [ 88.400023940673506, 22.50319688974832 ], [ 88.400014611188041, 22.503188392004205 ], [ 88.400000762793383, 22.503188517101339 ], [ 88.399979698542381, 22.503162961315653 ], [ 88.399935577953499, 22.503139759298666 ], [ 88.399933124063622, 22.50312690843219 ], [ 88.399912327176239, 22.503124950780641 ], [ 88.39984026680942, 22.503080546051777 ], [ 88.399837812929647, 22.503067695183258 ], [ 88.399823988848325, 22.503069965550527 ], [ 88.399747263807953, 22.50302131189828 ], [ 88.399742629254305, 22.50300882507003 ], [ 88.399991522566694, 22.503157830392706 ], [ 88.400122501541972, 22.503290921443082 ], [ 88.400148564583276, 22.503304463001889 ], [ 88.400346413436594, 22.503457626893109 ] ], [ [ 88.400373742726742, 22.50347455142332 ], [ 88.400462905230427, 22.503529768070436 ], [ 88.400450133724519, 22.503529883476585 ], [ 88.400375740600921, 22.503483354579746 ], [ 88.400373742726742, 22.50347455142332 ] ] ] } },
{ "type": "Feature", "properties": { "source": "KMC ward sewerage network map (ArcMap GeoPDF), water raster", "extraction_method": "geopdf_raster_polygonised", "wards": "101,102,105,106,107,108,109" }, "geometry": { "type": "Polygon", "coordinates": [ [ [ 88.395778283034318, 22.499662915089804 ], [ 88.395753209974927, 22.499691032511954 ], [ 88.395752210706277, 22.499806898991682 ], [ 88.395736660505023, 22.499860676756501 ], [ 88.395735031094873, 22.4999207656791 ], [ 88.395742245974773, 22.499946446809343 ], [ 88.395753931473351, 22.4999592146239 ], [ 88.3958465672183, 22.499986271938859 ], [ 88.395883834822655, 22.500015973405262 ], [ 88.395948507782961, 22.500019681915187 ], [ 88.395969279938015, 22.500019494815469 ], [ 88.395985290619151, 22.500006477549551 ], [ 88.395991851070733, 22.49997423582656 ], [ 88.395959980425275, 22.49980931872393 ], [ 88.39592626238867, 22.49968518291529 ], [ 88.395900559163053, 22.499657522805837 ], [ 88.395868125816534, 22.499647087377923 ], [ 88.395828889626841, 22.499647440756327 ], [ 88.395778283034318, 22.499662915089804 ] ] ] } },
{ "type": "Feature", "properties": { "source": "KMC ward sewerage network map (ArcMap GeoPDF), water raster", "extraction_method": "geopdf_raster_polygonised", "wards": "101,102,105,106,107,108,109" }, "geometry": { "type": "Polygon", "coordinates": [ [ [ 88.392046660237384, 22.499735098104157 ], [ 88.391804922881477, 22.499790907200879 ], [ 88.391772828207777, 22.499810505054935 ], [ 88.391761408990902, 22.499821335169809 ], [ 88.391761699085578, 22.499847078701752 ], [ 88.39179531680233, 22.499962634389266 ], [ 88.391828257657181, 22.500018121827456 ], [ 88.391859519102155, 22.500129407635743 ], [ 88.391919479347465, 22.500124578050333 ], [ 88.392055314186678, 22.500093320742916 ], [ 88.392409709646415, 22.499997879840301 ], [ 88.392460220053735, 22.499973825366215 ], [ 88.392390554649069, 22.499732008582548 ], [ 88.392350665422256, 22.499674438182367 ], [ 88.392318159747276, 22.499657566144695 ], [ 88.392281255692097, 22.499660043216874 ], [ 88.392046660237384, 22.499735098104157 ] ] ] } },
{ "type": "Feature", "properties": { "source": "KMC ward sewerage network map (ArcMap GeoPDF), water raster", "extraction_method": "geopdf_raster_polygonised", "wards": "101,102,105,106,107,108,109" }, "geometry": { "type": "Polygon", "coordinates": [ [ [ 88.393029535886399, 22.503380069942054 ], [ 88.392533057607878, 22.503363077440707 ], [ 88.392161408953726, 22.503362125983372 ], [ 88.392105894199958, 22.503351897202887 ], [ 88.391107862482443, 22.502867393192464 ], [ 88.3908431477699, 22.502728165828326 ], [ 88.390812804613233, 22.502698401035378 ], [ 88.39072021616316, 22.502675631464644 ], [ 88.390655118442126, 22.502839274604018 ], [ 88.390655263406572, 22.502852146371342 ], [ 88.39066930511116, 22.502869184435468 ], [ 88.390785191850753, 22.502911054508754 ], [ 88.3917671388771, 22.503402141559945 ], [ 88.391931834529004, 22.503473609498563 ], [ 88.392080180317919, 22.503528060069808 ], [ 88.392154183961111, 22.503540268251044 ], [ 88.392726539186711, 22.503530833796759 ], [ 88.392890485354613, 22.503535796659648 ], [ 88.393320223576524, 22.503570552240813 ], [ 88.393410504890312, 22.503593341017801 ], [ 88.393702654301961, 22.503708716613573 ], [ 88.394059285190536, 22.50381063850373 ], [ 88.394692080360485, 22.504043095719862 ], [ 88.394717396623903, 22.504036431331521 ], [ 88.394824156557036, 22.503883139279552 ], [ 88.394826198151563, 22.503859520309344 ], [ 88.394816844693239, 22.503848876960468 ], [ 88.394534435147747, 22.503778471468586 ], [ 88.394110603380994, 22.503653554653702 ], [ 88.393454754303704, 22.503423447854324 ], [ 88.393320619653622, 22.503401053426593 ], [ 88.393029535886399, 22.503380069942054 ] ] ] } },
{ "type": "Feature", "properties": { "source": "KMC ward sewerage network map (ArcMap GeoPDF), water raster", "extraction_method": "geopdf_raster_polygonised", "wards": "101,102,105,106,107,108,109" }, "geometry": { "type": "Polygon", "coordinates": [ [ [ 88.397063996638053, 22.503543281579184 ], [ 88.397064214981157, 22.503562589174702 ], [ 88.397094996302329, 22.503630967899383 ], [ 88.397139116623691, 22.503654170709481 ], [ 88.397194704555318, 22.503670833594185 ], [ 88.39723622567017, 22.503668313727285 ], [ 88.397263752743157, 22.503653046985001 ], [ 88.397272329929805, 22.503595040961553 ], [ 88.397306465776012, 22.503551823034499 ], [ 88.397306174607252, 22.503526079576492 ], [ 88.397280518892316, 22.503502710326483 ], [ 88.397107534661956, 22.503514997479233 ], [ 88.397077626740767, 22.503523849137242 ], [ 88.397063996638053, 22.503543281579184 ] ] ] } },
{ "type": "Feature", "properties": { "source": "KMC ward sewerage network map (ArcMap GeoPDF), water raster", "extraction_method": "geopdf_raster_polygonised", "wards": "101,102,105,106,107,108,109" }, "geometry": { "type": "Polygon", "coordinates": [ [ [ 88.393615357900927, 22.504359591050395 ], [ 88.393594802946268, 22.504379085502137 ], [ 88.393590695123905, 22.50442417813888 ], [ 88.393612121575671, 22.504481914176903 ], [ 88.393633112293827, 22.504501034966754 ], [ 88.39365160125358, 22.504503014182585 ], [ 88.393817759796363, 22.504499374116708 ], [ 88.393845360073399, 22.504490543806384 ], [ 88.393861298820283, 22.504471090849037 ], [ 88.39386001559123, 22.504357390418072 ], [ 88.393850637956206, 22.504344601720479 ], [ 88.393822771384677, 22.504329833827132 ], [ 88.393762761021478, 22.504330373624772 ], [ 88.393686836110575, 22.504352511633691 ], [ 88.393615357900927, 22.504359591050395 ] ] ] } },
{ "type": "Feature", "properties": { "source": "KMC ward sewerage network map (ArcMap GeoPDF), water raster", "extraction_method": "geopdf_raster_polygonised", "wards": "101,102,105,106,107,108,109" }, "geometry": { "type": "Polygon", "coordinates": [ [ [ 88.395257046957752, 22.505014215855745 ], [ 88.395169617704212, 22.50463095714489 ], [ 88.395056581950016, 22.504228619310066 ], [ 88.394930812903482, 22.503925089361324 ], [ 88.394914462501418, 22.503908072479994 ], [ 88.394893713983564, 22.503910404763449 ], [ 88.394784694476684, 22.504068008214425 ], [ 88.394778133604888, 22.504100249896332 ], [ 88.394842050892805, 22.504241278109102 ], [ 88.39499296052125, 22.504726949977712 ], [ 88.395087846771517, 22.505157342835801 ], [ 88.395114132493546, 22.505236489967714 ], [ 88.395175500265935, 22.505356085869519 ], [ 88.395358125829716, 22.505584010737305 ], [ 88.395589295110469, 22.505817934679119 ], [ 88.395783268617151, 22.506028592731699 ], [ 88.395961595045449, 22.50628444713767 ], [ 88.396098157653455, 22.506521368047878 ], [ 88.396154959128154, 22.506645295655744 ], [ 88.396182802152225, 22.50665791781687 ], [ 88.396360091384324, 22.506617701112273 ], [ 88.396373818877095, 22.506606849869673 ], [ 88.396373624853169, 22.506589687563917 ], [ 88.396088909972761, 22.506111659525335 ], [ 88.395726254681691, 22.505681534103214 ], [ 88.395516003823104, 22.50546029500806 ], [ 88.395392365323744, 22.505345551046457 ], [ 88.395342828723372, 22.505251594789375 ], [ 88.395257046957752, 22.505014215855745 ] ] ] } },
{ "type": "Feature", "properties": { "source": "KMC ward sewerage network map (ArcMap GeoPDF), water raster", "extraction_method": "geopdf_raster_polygonised", "wards": "101,102,105,106,107,108,109" }, "geometry": { "type": "Polygon", "coordinates": [ [ [ 88.393258340869238, 22.505860367053725 ], [ 88.393325711949331, 22.5058983803853 ], [ 88.393408707347319, 22.505889051980613 ], [ 88.393449987177192, 22.505865080142144 ], [ 88.393444862596724, 22.505820070543447 ], [ 88.393421515164334, 22.505796679915857 ], [ 88.393400209586588, 22.505749670323997 ], [ 88.393374554059378, 22.505726300445403 ], [ 88.393291534550073, 22.505733483536552 ], [ 88.393245638498016, 22.505757496843845 ], [ 88.39324124010173, 22.505776845975703 ], [ 88.393258340869238, 22.505860367053725 ] ] ] } },
{ "type": "Feature", "properties": { "source": "KMC ward sewerage network map (ArcMap GeoPDF), water raster", "extraction_method": "geopdf_raster_polygonised", "wards": "101,102,105,106,107,108,109" }, "geometry": { "type": "Polygon", "coordinates": [ [ [ 88.396343287516785, 22.507377361916149 ], [ 88.396435988765347, 22.50679723969392 ], [ 88.396425689074007, 22.50670293022139 ], [ 88.396406981516591, 22.506681643747971 ], [ 88.396202018932925, 22.506724255373751 ], [ 88.396176847773063, 22.5067437917448 ], [ 88.396177328421004, 22.506990520700903 ], [ 88.396158074296196, 22.50753350740213 ], [ 88.39612842350607, 22.507973603438419 ], [ 88.396089394480839, 22.508400910918844 ], [ 88.395983893770676, 22.508665758810164 ], [ 88.395895228788689, 22.508990529142213 ], [ 88.395847965036111, 22.509302053399743 ], [ 88.395757553651748, 22.50947236293219 ], [ 88.395772639288154, 22.509581647856173 ], [ 88.396017402941425, 22.509588024633835 ], [ 88.396047263721414, 22.509574882534107 ], [ 88.39605392148458, 22.509551221974483 ], [ 88.396044188194807, 22.509098607845313 ], [ 88.396050603433693, 22.509053494406956 ], [ 88.396077307145632, 22.508965288029401 ], [ 88.396231036718987, 22.508678550412096 ], [ 88.396283134068938, 22.508386292062578 ], [ 88.396298814221836, 22.50793559440331 ], [ 88.396328707002354, 22.507516951241634 ], [ 88.396343287516785, 22.507377361916149 ] ] ] } },
{ "type": "Feature", "properties": { "source": "KMC ward sewerage network map (ArcMap GeoPDF), water raster", "extraction_method": "geopdf_raster_polygonised", "wards": "101,102,105,106,107,108,109" }, "geometry": { "type": "Polygon", "coordinates": [ [ [ 88.393619763091607, 22.509045342062155 ], [ 88.393642401060873, 22.509210342531876 ], [ 88.393661035934898, 22.509225193454093 ], [ 88.39371412389626, 22.509224715881047 ], [ 88.393732686134157, 22.509233130924503 ], [ 88.394039115974536, 22.509181027263946 ], [ 88.394045943608504, 22.509172383797839 ], [ 88.394037832330525, 22.50906732690844 ], [ 88.393959393666208, 22.508662531712456 ], [ 88.393933478596153, 22.508411740457859 ], [ 88.393919460125559, 22.508396848028379 ], [ 88.393522795819919, 22.508430453472918 ], [ 88.393509116340155, 22.508445595071251 ], [ 88.393619763091607, 22.509045342062155 ] ] ] } },
{ "type": "Feature", "properties": { "source": "KMC ward sewerage network map (ArcMap GeoPDF), water raster", "extraction_method": "geopdf_raster_polygonised", "wards": "101,102,105,106,107,108,109" }, "geometry": { "type": "Polygon", "coordinates": [ [ [ 88.397456759989879, 22.509588388123511 ], [ 88.397444441996441, 22.509509281239787 ], [ 88.397370849366283, 22.509527052060903 ], [ 88.397356954382587, 22.50952075072373 ], [ 88.397347755302519, 22.509522972073263 ], [ 88.397345535834489, 22.509531555212689 ], [ 88.397258112433093, 22.509549446885895 ], [ 88.397244217451643, 22.509543145538871 ], [ 88.397198307676391, 22.50956281523947 ], [ 88.397163752222042, 22.509565258209264 ], [ 88.397145396869973, 22.509573982381148 ], [ 88.397133807015038, 22.509567660876783 ], [ 88.397117799606079, 22.509580646392958 ], [ 88.397053427388471, 22.509598336483478 ], [ 88.397021155637148, 22.509598618529338 ], [ 88.397005148213594, 22.509611604034983 ], [ 88.396949996467669, 22.509629213502457 ], [ 88.396910852145155, 22.509633837456366 ], [ 88.396906348929733, 22.509644581483023 ], [ 88.396867290227391, 22.509657768417149 ], [ 88.396819032417099, 22.509673176662361 ], [ 88.396809747693553, 22.509666834991339 ], [ 88.396795959745916, 22.509671237343738 ], [ 88.396791456520347, 22.50968198136766 ], [ 88.396708728807695, 22.509708395456187 ], [ 88.39669026638569, 22.509706415839545 ], [ 88.396685763150828, 22.509717159860926 ], [ 88.396649009532098, 22.509730326602845 ], [ 88.396589097614424, 22.509732990997442 ], [ 88.39658901200464, 22.50972442800596 ], [ 88.396575181238845, 22.509724548844307 ], [ 88.396575245445533, 22.509730971087958 ], [ 88.396471514694298, 22.50973187733803 ], [ 88.396471429091747, 22.509723314346136 ], [ 88.396459903453106, 22.509723415036412 ], [ 88.396459967654465, 22.509729837280378 ], [ 88.396450768543403, 22.509732058580035 ], [ 88.396356258297814, 22.509732884204251 ], [ 88.396356172702369, 22.50972432121192 ], [ 88.396344647063074, 22.509724421893978 ], [ 88.396344732657795, 22.509732984886345 ], [ 88.396243307022942, 22.509733870853175 ], [ 88.396243242831574, 22.509727448608633 ], [ 88.39622941206342, 22.509727569417304 ], [ 88.396229497651078, 22.509736132410097 ], [ 88.396132703660911, 22.509739118786225 ], [ 88.396132639474629, 22.509732696541359 ], [ 88.396114198448856, 22.509732857606714 ], [ 88.396114284029423, 22.509741420599923 ], [ 88.395996722478912, 22.509742447342305 ], [ 88.395980565186207, 22.509740447512623 ], [ 88.39597819587857, 22.509734045398453 ], [ 88.395978281450766, 22.509742608392159 ], [ 88.395883771178902, 22.509743433739509 ], [ 88.395865308758417, 22.5097414540279 ], [ 88.395862939455967, 22.509735051911779 ], [ 88.395863025021072, 22.509743614905901 ], [ 88.395747768584854, 22.509744621337216 ], [ 88.395745377898194, 22.50973607847045 ], [ 88.395745442066598, 22.50974250071636 ], [ 88.395729327554463, 22.509744782358581 ], [ 88.395634817271045, 22.509745607559925 ], [ 88.395632426591206, 22.509737064691127 ], [ 88.395632490754394, 22.509743486937356 ], [ 88.395616376239616, 22.509745768568358 ], [ 88.395514907791977, 22.50974237257935 ], [ 88.395422809553168, 22.509753881276335 ], [ 88.395291459945923, 22.509759309740932 ], [ 88.395286785539696, 22.50975292773628 ], [ 88.395286849686954, 22.509759349983447 ], [ 88.395270735162654, 22.509761631580229 ], [ 88.395176267610708, 22.50976673801139 ], [ 88.395171571828627, 22.509758215253985 ], [ 88.395171635970613, 22.509764637501444 ], [ 88.395155521443129, 22.509766919086822 ], [ 88.395035676071544, 22.509770105997475 ], [ 88.39495956402817, 22.509766488362697 ], [ 88.3949433853643, 22.509762347678954 ], [ 88.394943321232901, 22.509755925430852 ], [ 88.394941080234418, 22.509762367795226 ], [ 88.3949226391953, 22.509762528724362 ], [ 88.394830348495631, 22.509754770340447 ], [ 88.394830284369448, 22.509748348092035 ], [ 88.394825738235909, 22.509754810569753 ], [ 88.394731163787554, 22.509749212992581 ], [ 88.394714985131188, 22.509745072285423 ], [ 88.394714921010362, 22.509738650036677 ], [ 88.394712680001376, 22.509745092398425 ], [ 88.394691933832917, 22.509745273413994 ], [ 88.394578832866998, 22.509731273648409 ], [ 88.394389705378245, 22.509722218895266 ], [ 88.394371221603535, 22.509718098261203 ], [ 88.394371157498682, 22.509711676011502 ], [ 88.394368916473823, 22.509718118369257 ], [ 88.394348170306344, 22.509718299340353 ], [ 88.394269731793742, 22.50971256073483 ], [ 88.394253553152737, 22.50970841998037 ], [ 88.394253489053355, 22.509701997730339 ], [ 88.394251248023096, 22.50970844008674 ], [ 88.394126728288356, 22.509705244281594 ], [ 88.394046134199172, 22.509714510922159 ], [ 88.394029998289341, 22.509714651645321 ], [ 88.394027629070365, 22.509708249497852 ], [ 88.394027693159344, 22.509714671748497 ], [ 88.393940247749512, 22.509730420896851 ], [ 88.393827616759182, 22.509763517107309 ], [ 88.393823070576886, 22.509769979559092 ], [ 88.393804608168338, 22.50976799960986 ], [ 88.3938046722472, 22.50977442186106 ], [ 88.393788600406893, 22.509780984811638 ], [ 88.393650676953897, 22.509820724249625 ], [ 88.393563466339188, 22.509860021455168 ], [ 88.393531514811855, 22.509892414064254 ], [ 88.393513052389125, 22.509890434082234 ], [ 88.393496831035179, 22.50988201175042 ], [ 88.393494440482044, 22.50987346884348 ], [ 88.393489894280421, 22.509879931286719 ], [ 88.393469084017298, 22.509873689893766 ], [ 88.393416172722368, 22.509884855830599 ], [ 88.393313295804944, 22.509971390084448 ], [ 88.393432224350178, 22.510107373333831 ], [ 88.393453077356682, 22.510117896230945 ], [ 88.393500801869166, 22.510048970203783 ], [ 88.393550980961976, 22.509995009321802 ], [ 88.393656248302634, 22.509917017826918 ], [ 88.393709031436018, 22.509893007308865 ], [ 88.393810179619166, 22.509864293177145 ], [ 88.393975828730476, 22.509830734625787 ], [ 88.394074885310957, 22.509823447936693 ], [ 88.394242882158068, 22.509794150512224 ], [ 88.39459356125947, 22.509821064468071 ], [ 88.394794171788263, 22.50982573690445 ], [ 88.394946481451612, 22.509841535288647 ], [ 88.39515624837874, 22.509839704558267 ], [ 88.395301321944245, 22.509823451726461 ], [ 88.395575482751127, 22.50980607179558 ], [ 88.395856687197792, 22.509801475504357 ], [ 88.395882150581713, 22.509811957821356 ], [ 88.395912438150489, 22.509843807358333 ], [ 88.395929151658009, 22.509901466653574 ], [ 88.395941966177929, 22.510261031857251 ], [ 88.395925792727951, 22.510488112224699 ], [ 88.396022843985065, 22.510510814924743 ], [ 88.396029759408705, 22.510510754527456 ], [ 88.396031936181785, 22.510497889905924 ], [ 88.396068406398101, 22.510225672630241 ], [ 88.396073519133097, 22.509814568432532 ], [ 88.396435531453378, 22.509822110960091 ], [ 88.396638233007053, 22.509805353479376 ], [ 88.396983210198854, 22.509723124361507 ], [ 88.397236024743947, 22.509645982005857 ], [ 88.397456759989879, 22.509588388123511 ] ] ] } },
{ "type": "Feature", "properties": { "source": "KMC ward sewerage network map (ArcMap GeoPDF), water raster", "extraction_method": "geopdf_raster_polygonised", "wards": "101,102,105,106,107,108,109" }, "geometry": { "type": "Polygon", "coordinates": [ [ [ 88.393898889257386, 22.510437290608117 ], [ 88.393896564690664, 22.510666391073944 ], [ 88.393885615730881, 22.510724291836198 ], [ 88.393842330609587, 22.51077605177035 ], [ 88.393791980486711, 22.510812886745541 ], [ 88.393783058938666, 22.510842937650093 ], [ 88.393783400705772, 22.51087718965222 ], [ 88.39380271769457, 22.510964799600146 ], [ 88.393821543402893, 22.511003172292366 ], [ 88.393837722186547, 22.511007313082604 ], [ 88.393886087645299, 22.511002609443306 ], [ 88.39417361192919, 22.51093801466633 ], [ 88.394189705246433, 22.51093359242212 ], [ 88.394221720939541, 22.51090762193127 ], [ 88.394345921213855, 22.510878706363641 ], [ 88.394302075404312, 22.510412364768918 ], [ 88.39429042149122, 22.510399620808112 ], [ 88.394234991269897, 22.510389399629279 ], [ 88.393898889257386, 22.510437290608117 ] ] ] } },
{ "type": "Feature", "properties": { "source": "KMC ward sewerage network map (ArcMap GeoPDF), water raster", "extraction_method": "geopdf_raster_polygonised", "wards": "101,102,105,106,107,108,109" }, "geometry": { "type": "Polygon", "coordinates": [ [ [ 88.396023143509112, 22.510540785399201 ], [ 88.395937617937889, 22.510517982045069 ], [ 88.395816092326328, 22.510814492349407 ], [ 88.395705450277163, 22.51104667948681 ], [ 88.395638734146033, 22.511291328633348 ], [ 88.3955825169338, 22.511433121203059 ], [ 88.395563353272408, 22.511591717720158 ], [ 88.395561224043064, 22.511840084774331 ], [ 88.3955713430381, 22.511929915692086 ], [ 88.39564242311863, 22.5121219791953 ], [ 88.39566355466674, 22.512160331504713 ], [ 88.395801955645595, 22.512398907624839 ], [ 88.395951369503067, 22.512586004985181 ], [ 88.396111053003636, 22.512877918267144 ], [ 88.396265805815233, 22.513137760413827 ], [ 88.396380529968127, 22.513083234790393 ], [ 88.395977362724949, 22.512418785065659 ], [ 88.395851278844958, 22.512259316128709 ], [ 88.395764511466083, 22.512112349357722 ], [ 88.395712557066588, 22.511988628823232 ], [ 88.395690013735376, 22.511808987142889 ], [ 88.395688751682314, 22.511682683001645 ], [ 88.39571371835855, 22.511412707184874 ], [ 88.395840427318404, 22.510942735945953 ], [ 88.396023143509112, 22.510540785399201 ] ] ] } },
{ "type": "Feature", "properties": { "source": "KMC ward sewerage network map (ArcMap GeoPDF), water raster", "extraction_method": "geopdf_raster_polygonised", "wards": "101,102,105,106,107,108,109" }, "geometry": { "type": "Polygon", "coordinates": [ [ [ 88.396392361878952, 22.513344325380768 ], [ 88.396551726155337, 22.513604126904358 ], [ 88.396692071451341, 22.513806289230626 ], [ 88.396830233285201, 22.513790095261754 ], [ 88.396406529083151, 22.513147235666271 ], [ 88.396316990715874, 22.513184413807011 ], [ 88.396392361878952, 22.513344325380768 ] ] ] } },
{ "type": "Feature", "properties": { "source": "KMC ward sewerage network map (ArcMap GeoPDF), water raster", "extraction_method": "geopdf_raster_polygonised", "wards": "101,102,105,106,107,108,109" }, "geometry": { "type": "Polygon", "coordinates": [ [ [ 88.396547483078223, 22.515946345369063 ], [ 88.39651967045242, 22.515931601876122 ], [ 88.396475892477625, 22.515934125353287 ], [ 88.396443704874784, 22.515942970343307 ], [ 88.396416213355124, 22.515960338027501 ], [ 88.396391134090067, 22.515988389297036 ], [ 88.396366418711779, 22.516052833251859 ], [ 88.396367296348373, 22.516140603853504 ], [ 88.396383754079253, 22.516172574053712 ], [ 88.396423371204264, 22.516215046555963 ], [ 88.396552956784888, 22.51626315566379 ], [ 88.396615198157974, 22.516262611742267 ], [ 88.396656563943225, 22.516249404638124 ], [ 88.396677161189899, 22.516234238097951 ], [ 88.396692826798017, 22.516187000658125 ], [ 88.396692141651002, 22.516118496783921 ], [ 88.396678138965086, 22.516101491694581 ], [ 88.39661329269866, 22.516072085336098 ], [ 88.396587699636697, 22.516048758726519 ], [ 88.396547483078223, 22.515946345369063 ] ] ] } },
{ "type": "Feature", "properties": { "source": "KMC ward sewerage network map (ArcMap GeoPDF), water raster", "extraction_method": "geopdf_raster_polygonised", "wards": "101,102,105,106,107,108,109" }, "geometry": { "type": "Polygon", "coordinates": [ [ [ 88.398484850892316, 22.516256966465708 ], [ 88.398226109453034, 22.515743265761746 ], [ 88.398216631343359, 22.515717657497291 ], [ 88.398220577343665, 22.515651254072296 ], [ 88.398213533068429, 22.515638470107739 ], [ 88.397526306813575, 22.514696047802563 ], [ 88.397046650708631, 22.513991592379991 ], [ 88.397023427420152, 22.513974667907164 ], [ 88.396774615926077, 22.51399182909865 ], [ 88.396758607996148, 22.514004814599772 ], [ 88.396761063061973, 22.514019779679938 ], [ 88.397219585472044, 22.514685883971012 ], [ 88.397590912539584, 22.515162206233803 ], [ 88.397880723631829, 22.515555744158743 ], [ 88.398103127510154, 22.51589420694312 ], [ 88.398302630214289, 22.51624785626316 ], [ 88.398361783073042, 22.516399344866361 ], [ 88.398407126072826, 22.51655309521297 ], [ 88.398439902598483, 22.516833270486483 ], [ 88.398430658984566, 22.517291510786634 ], [ 88.398367911450663, 22.517932198449046 ], [ 88.398323606997337, 22.518112424388793 ], [ 88.398289864087047, 22.51819621597949 ], [ 88.398301604797112, 22.518217522563148 ], [ 88.398472044447232, 22.518201044576777 ], [ 88.398478874484084, 22.518192421079373 ], [ 88.398477009168701, 22.518006176358533 ], [ 88.398560610686317, 22.517376010834525 ], [ 88.398573231138755, 22.517024787585346 ], [ 88.398570829792874, 22.516785024240697 ], [ 88.398539339404977, 22.516633293661162 ], [ 88.398521101659938, 22.516423641934303 ], [ 88.398484850892316, 22.516256966465708 ] ] ] } },
{ "type": "Feature", "properties": { "source": "KMC ward sewerage network map (ArcMap GeoPDF), water raster", "extraction_method": "geopdf_raster_polygonised", "wards": "101,102,105,106,107,108,109" }, "geometry": { "type": "Polygon", "coordinates": [ [ [ 88.396865206422731, 22.51682563300799 ], [ 88.396845144462844, 22.516894318218029 ], [ 88.396843610120328, 22.516971405213582 ], [ 88.396932987010871, 22.517148321392355 ], [ 88.396970063762254, 22.517167265682399 ], [ 88.397228294659854, 22.517169289995195 ], [ 88.397329725676542, 22.517168403133386 ], [ 88.397407461498858, 22.517103495432732 ], [ 88.397407311538899, 22.517088510216588 ], [ 88.397282520004126, 22.516828407601114 ], [ 88.397268645694851, 22.516824247044088 ], [ 88.397048413048537, 22.516933219098831 ], [ 88.396929346395822, 22.516784394634488 ], [ 88.396878909406709, 22.516812667634635 ], [ 88.396865206422731, 22.51682563300799 ] ] ] } },
{ "type": "Feature", "properties": { "source": "KMC ward sewerage network map (ArcMap GeoPDF), water raster", "extraction_method": "geopdf_raster_polygonised", "wards": "101,102,105,106,107,108,109" }, "geometry": { "type": "Polygon", "coordinates": [ [ [ 88.394944538673798, 22.51726417378492 ], [ 88.394961595026061, 22.51735608506165 ], [ 88.39499937733359, 22.517445674476509 ], [ 88.395022622384175, 22.517464739964616 ], [ 88.395075579144276, 22.517457854864666 ], [ 88.395171993563451, 22.517416335405038 ], [ 88.395210926252375, 22.517390304293261 ], [ 88.395219976160959, 22.517373097810164 ], [ 88.395217136170373, 22.51731959925927 ], [ 88.395181787350296, 22.517242834256553 ], [ 88.39510494402704, 22.517166431495603 ], [ 88.395005882325691, 22.517173719074634 ], [ 88.394951090888398, 22.517227720711642 ], [ 88.394944538673798, 22.51726417378492 ] ] ] } },
{ "type": "Feature", "properties": { "source": "KMC ward sewerage network map (ArcMap GeoPDF), water raster", "extraction_method": "geopdf_raster_polygonised", "wards": "101,102,105,106,107,108,109" }, "geometry": { "type": "Polygon", "coordinates": [ [ [ 88.396906287691777, 22.517244896753585 ], [ 88.396892627500407, 22.517262143621817 ], [ 88.396877689970111, 22.517382166427502 ], [ 88.396882707365549, 22.517422800292366 ], [ 88.396901577713919, 22.517465453998092 ], [ 88.396913125407863, 22.517467493989216 ], [ 88.396941923530903, 22.517580711685568 ], [ 88.397153621663804, 22.517540324195764 ], [ 88.397171763841456, 22.517510192525254 ], [ 88.397203887486171, 22.517494925139502 ], [ 88.397195515162082, 22.517349414926368 ], [ 88.397180591242687, 22.517240357843967 ], [ 88.397159629785818, 22.5172191317805 ], [ 88.397127184917636, 22.517202287974115 ], [ 88.397069489386467, 22.517196369572588 ], [ 88.396940737976664, 22.517231750016382 ], [ 88.396906287691777, 22.517244896753585 ] ] ] } },
{ "type": "Feature", "properties": { "source": "KMC ward sewerage network map (ArcMap GeoPDF), water raster", "extraction_method": "geopdf_raster_polygonised", "wards": "101,102,105,106,107,108,109" }, "geometry": { "type": "Polygon", "coordinates": [ [ [ 88.395722430644568, 22.51712892565741 ], [ 88.395706443662633, 22.517144051818995 ], [ 88.395698014331316, 22.517223339980497 ], [ 88.395699260954459, 22.517578724057316 ], [ 88.395708616024365, 22.517822708763831 ], [ 88.395743943897045, 22.517897332876753 ], [ 88.395769494386968, 22.517916378112339 ], [ 88.395815728067078, 22.517928819884794 ], [ 88.396246812469215, 22.517925053943308 ], [ 88.39626747421984, 22.517916309681748 ], [ 88.396285423982249, 22.517866911386381 ], [ 88.396292133884572, 22.517385142815019 ], [ 88.396290057516282, 22.517177490439785 ], [ 88.396285168739894, 22.517149701023069 ], [ 88.396273514051984, 22.517136957254063 ], [ 88.396241176325148, 22.517130816993571 ], [ 88.395722430644568, 22.51712892565741 ] ] ] } },
{ "type": "Feature", "properties": { "source": "KMC ward sewerage network map (ArcMap GeoPDF), water raster", "extraction_method": "geopdf_raster_polygonised", "wards": "101,102,105,106,107,108,109" }, "geometry": { "type": "Polygon", "coordinates": [ [ [ 88.396949139132062, 22.517610621667327 ], [ 88.396982654925296, 22.517734502774932 ], [ 88.397120734913585, 22.517709745386739 ], [ 88.397121797868152, 22.517585562006417 ], [ 88.397130890383266, 22.517572636918231 ], [ 88.396949139132062, 22.517610621667327 ] ] ] } },
{ "type": "Feature", "properties": { "source": "KMC ward sewerage network map (ArcMap GeoPDF), water raster", "extraction_method": "geopdf_raster_polygonised", "wards": "101,102,105,106,107,108,109" }, "geometry": { "type": "Polygon", "coordinates": [ [ [ 88.397769979021518, 22.518080871988488 ], [ 88.398066993808655, 22.518041877937783 ], [ 88.398025468092342, 22.517808879651295 ], [ 88.397994513808811, 22.517710667577077 ], [ 88.397812826962124, 22.517755075531827 ], [ 88.397661151229215, 22.517803502674084 ], [ 88.39766375647568, 22.517833452938444 ], [ 88.397713645517484, 22.51798074091101 ], [ 88.397741694399528, 22.518019032357515 ], [ 88.397769979021518, 22.518080871988488 ] ] ] } },
{ "type": "Feature", "properties": { "source": "KMC ward sewerage network map (ArcMap GeoPDF), water raster", "extraction_method": "geopdf_raster_polygonised", "wards": "101,102,105,106,107,108,109" }, "geometry": { "type": "Polygon", "coordinates": [ [ [ 88.394635072756884, 22.518133953146016 ], [ 88.393400687216854, 22.518268895558517 ], [ 88.39338000385095, 22.518275498714942 ], [ 88.393370889570335, 22.51828628286162 ], [ 88.393381200131273, 22.518395380631812 ], [ 88.393395159953258, 22.518408104515057 ], [ 88.393519388414347, 22.518381330011461 ], [ 88.394032930189567, 22.518323327491967 ], [ 88.394652449771414, 22.518257975661555 ], [ 88.394806881540703, 22.518254486849656 ], [ 88.39504225441533, 22.518275982505219 ], [ 88.39533316776965, 22.518318402192804 ], [ 88.395903789576337, 22.518435451842503 ], [ 88.395924494228041, 22.518430989112897 ], [ 88.395942786597203, 22.518415842787832 ], [ 88.395976659410479, 22.518344896093758 ], [ 88.395978707855704, 22.518319187001733 ], [ 88.395969379762718, 22.51830856382389 ], [ 88.395574472392511, 22.518241362331366 ], [ 88.395442922250311, 22.518227524600746 ], [ 88.395131004974715, 22.51815959727546 ], [ 88.394904767825764, 22.518129458260557 ], [ 88.394635072756884, 22.518133953146016 ] ] ] } },
{ "type": "Feature", "properties": { "source": "KMC ward sewerage network map (ArcMap GeoPDF), water raster", "extraction_method": "geopdf_raster_polygonised", "wards": "101,102,105,106,107,108,109" }, "geometry": { "type": "Polygon", "coordinates": [ [ [ 88.394818963885058, 22.518310045669516 ], [ 88.393510829608772, 22.518447773623421 ], [ 88.393555401138016, 22.518755679515959 ], [ 88.39485897044716, 22.518622272799576 ], [ 88.394818963885058, 22.518310045669516 ] ] ] } },
{ "type": "Feature", "properties": { "source": "KMC ward sewerage network map (ArcMap GeoPDF), water raster", "extraction_method": "geopdf_raster_polygonised", "wards": "101,102,105,106,107,108,109" }, "geometry": { "type": "Polygon", "coordinates": [ [ [ 88.399637993869774, 22.518139454534357 ], [ 88.399815348973931, 22.518122914566487 ], [ 88.399851524961406, 22.518051946965439 ], [ 88.398885073118862, 22.518235966304104 ], [ 88.398571728388092, 22.518255836407477 ], [ 88.39850227019997, 22.518226471239714 ], [ 88.398469996465778, 22.518226753677396 ], [ 88.398265063524917, 22.518252097207689 ], [ 88.398235202233053, 22.518263063148083 ], [ 88.398203228595747, 22.51829331595037 ], [ 88.398134327775111, 22.518319609969428 ], [ 88.397819020282199, 22.518373750701908 ], [ 88.397462431880584, 22.518449661155074 ], [ 88.397271329986367, 22.518474882486728 ], [ 88.397202321771957, 22.518490472394898 ], [ 88.397066374954633, 22.518498083774574 ], [ 88.396900202569526, 22.518480268071364 ], [ 88.396856338144019, 22.518474228710449 ], [ 88.396708329604522, 22.51842842190684 ], [ 88.396572104447969, 22.518408203175106 ], [ 88.396442902185626, 22.518398627619653 ], [ 88.39606872043025, 22.51832910531321 ], [ 88.396045689125174, 22.518331447453626 ], [ 88.396031964514776, 22.518342272019126 ], [ 88.395993609601319, 22.518426103477292 ], [ 88.395996086094115, 22.51844320930747 ], [ 88.396010003341786, 22.518451651459284 ], [ 88.3964095648289, 22.518523093042639 ], [ 88.396649655882626, 22.518555249749248 ], [ 88.397074575928912, 22.518626468017167 ], [ 88.397129902522295, 22.518625984305711 ], [ 88.397373875994091, 22.518585314279939 ], [ 88.397633836216855, 22.518529517544852 ], [ 88.398163234277604, 22.518443531096736 ], [ 88.398195508066394, 22.518443248718 ], [ 88.39833582942876, 22.518412047862572 ], [ 88.398424211782398, 22.518719568585016 ], [ 88.398758605898891, 22.519650087885122 ], [ 88.398917757666965, 22.520117558529968 ], [ 88.399012928461744, 22.519951873657263 ], [ 88.399037728979437, 22.519895992325125 ], [ 88.398756900755671, 22.519249748708507 ], [ 88.398585731122751, 22.518733141554431 ], [ 88.398499117650019, 22.518372082169869 ], [ 88.398666887643529, 22.518319231500445 ], [ 88.398936153590611, 22.518271914978449 ], [ 88.39929269763816, 22.518191719836256 ], [ 88.399637993869774, 22.518139454534357 ] ] ] } },
{ "type": "Feature", "properties": { "source": "KMC ward sewerage network map (ArcMap GeoPDF), water raster", "extraction_method": "geopdf_raster_polygonised", "wards": "101,102,105,106,107,108,109" }, "geometry": { "type": "Polygon", "coordinates": [ [ [ 88.393966497696383, 22.519520689265239 ], [ 88.393990084943098, 22.519574006849531 ], [ 88.394033696213597, 22.519785578857043 ], [ 88.394052330955688, 22.519804684690147 ], [ 88.394073100005443, 22.519806644428595 ], [ 88.394305293680915, 22.519740390502733 ], [ 88.394390482733797, 22.519728942469239 ], [ 88.394343154697609, 22.519376101374995 ], [ 88.394255617810401, 22.519383287992845 ], [ 88.394207163966001, 22.519379428895622 ], [ 88.39392869402613, 22.51942895887742 ], [ 88.393938577720562, 22.519495241616546 ], [ 88.3939479484944, 22.519510146409779 ], [ 88.393966497696383, 22.519520689265239 ] ] ] } },
{ "type": "Feature", "properties": { "source": "KMC ward sewerage network map (ArcMap GeoPDF), water raster", "extraction_method": "geopdf_raster_polygonised", "wards": "101,102,105,106,107,108,109" }, "geometry": { "type": "Polygon", "coordinates": [ [ [ 88.392060808880785, 22.520310180116009 ], [ 88.391992161879898, 22.520362160599525 ], [ 88.391895829771627, 22.520412241288319 ], [ 88.391887120726409, 22.520463699598135 ], [ 88.391901208687869, 22.520489268099979 ], [ 88.391926780526376, 22.52051045469149 ], [ 88.392078845674192, 22.520500566202767 ], [ 88.392433265705989, 22.520437531863298 ], [ 88.392442358843965, 22.520424607012888 ], [ 88.392441889146681, 22.520377510538776 ], [ 88.392396806965067, 22.520018226324471 ], [ 88.392387457663489, 22.52000546218413 ], [ 88.3923528567814, 22.520003622755894 ], [ 88.392318383985142, 22.520014627814422 ], [ 88.392060808880785, 22.520310180116009 ] ] ] } },
{ "type": "Feature", "properties": { "source": "KMC ward sewerage network map (ArcMap GeoPDF), water raster", "extraction_method": "geopdf_raster_polygonised", "wards": "101,102,105,106,107,108,109" }, "geometry": { "type": "Polygon", "coordinates": [ [ [ 88.398829898101624, 22.522471019676694 ], [ 88.398856566951551, 22.52253252204142 ], [ 88.398856821019123, 22.522553978815587 ], [ 88.398845515139115, 22.522572836098998 ], [ 88.398854447107269, 22.522596913015356 ], [ 88.398866070574712, 22.522604876698761 ], [ 88.398955096456376, 22.522577415501264 ], [ 88.399013936092388, 22.522434830649221 ], [ 88.399012570358963, 22.522319500493619 ], [ 88.398980200927511, 22.522263403655149 ], [ 88.39895400848097, 22.522242132760546 ], [ 88.398948085601276, 22.522228763582632 ], [ 88.398835844822941, 22.52224297949062 ], [ 88.398787008917054, 22.52225674103315 ], [ 88.398814789210164, 22.522412116800425 ], [ 88.398829898101624, 22.522471019676694 ] ] ] } },
{ "type": "Feature", "properties": { "source": "KMC ward sewerage network map (ArcMap GeoPDF), water raster", "extraction_method": "geopdf_raster_polygonised", "wards": "101,102,105,106,107,108,109" }, "geometry": { "type": "Polygon", "coordinates": [ [ [ 88.39197433642947, 22.522967833611919 ], [ 88.391910106744348, 22.52300050720449 ], [ 88.391871278598558, 22.523037241354245 ], [ 88.39186000795776, 22.523063030754869 ], [ 88.391860221395135, 22.523084438241302 ], [ 88.391874565773918, 22.523135695707658 ], [ 88.391904834207537, 22.52316540509856 ], [ 88.391921035727762, 22.523171686755198 ], [ 88.3920039858222, 22.523166682203104 ], [ 88.391992160204907, 22.523136812150934 ], [ 88.392022044429055, 22.52312798804585 ], [ 88.392040167065929, 22.523095716132303 ], [ 88.39209282729928, 22.523058861424264 ], [ 88.392124461810795, 22.522994357755682 ], [ 88.392124034856863, 22.52295154278708 ], [ 88.392114664018678, 22.522936637895672 ], [ 88.392054746234763, 22.522939300891029 ], [ 88.39197433642947, 22.522967833611919 ] ] ] } },
{ "type": "Feature", "properties": { "source": "KMC ward sewerage network map (ArcMap GeoPDF), water raster", "extraction_method": "geopdf_raster_polygonised", "wards": "101,102,105,106,107,108,109" }, "geometry": { "type": "Polygon", "coordinates": [ [ [ 88.393977674729669, 22.52364188891854 ], [ 88.39402625833192, 22.523658592486989 ], [ 88.394067712076975, 22.523653948921879 ], [ 88.394092857261754, 22.523632320185786 ], [ 88.394062755823867, 22.523388516469531 ], [ 88.394027897565934, 22.523360988486989 ], [ 88.393988556870795, 22.523346345203986 ], [ 88.393956281885252, 22.52334662679705 ], [ 88.393901081590272, 22.523359953993236 ], [ 88.393952101992909, 22.523620702705919 ], [ 88.393977674729669, 22.52364188891854 ] ] ] } },
{ "type": "Feature", "properties": { "source": "KMC ward sewerage network map (ArcMap GeoPDF), water raster", "extraction_method": "geopdf_raster_polygonised", "wards": "101,102,105,106,107,108,109" }, "geometry": { "type": "Polygon", "coordinates": [ [ [ 88.398440509170456, 22.523664761424801 ], [ 88.398384860807283, 22.523590054961463 ], [ 88.398367568393198, 22.523590178825966 ], [ 88.39815569211693, 22.52370971861345 ], [ 88.398188601299779, 22.523811411259199 ], [ 88.39820313865917, 22.523822036442233 ], [ 88.398440890194109, 22.523696946587357 ], [ 88.398440509170456, 22.523664761424801 ] ] ] } },
{ "type": "Feature", "properties": { "source": "KMC ward sewerage network map (ArcMap GeoPDF), water raster", "extraction_method": "geopdf_raster_polygonised", "wards": "101,102,105,106,107,108,109" }, "geometry": { "type": "Polygon", "coordinates": [ [ [ 88.396843855292744, 22.524408465793258 ], [ 88.396783299726465, 22.524406216650977 ], [ 88.396650184468484, 22.524361569273054 ], [ 88.396383961852777, 22.524760457413791 ], [ 88.39686586982161, 22.524563883180448 ], [ 88.397893810884938, 22.523987873338577 ], [ 88.39814302780735, 22.523857337159967 ], [ 88.398148537984511, 22.523835839102141 ], [ 88.398121678681406, 22.523758244043165 ], [ 88.398107109589162, 22.523744936754788 ], [ 88.398078352353608, 22.523750507341063 ], [ 88.396924268237342, 22.524383749596947 ], [ 88.396843855292744, 22.524408465793258 ] ] ] } },
{ "type": "Feature", "properties": { "source": "KMC ward sewerage network map (ArcMap GeoPDF), water raster", "extraction_method": "geopdf_raster_polygonised", "wards": "101,102,105,106,107,108,109" }, "geometry": { "type": "Polygon", "coordinates": [ [ [ 88.393414150683057, 22.524468923039958 ], [ 88.393438251544637, 22.524573618565121 ], [ 88.393456865519937, 22.524590583681004 ], [ 88.393500881393607, 22.524611609100912 ], [ 88.393533541360071, 22.524649861024976 ], [ 88.39353672296032, 22.524737611530423 ], [ 88.393530106018758, 22.524767642309861 ], [ 88.39354417338572, 22.524791069870588 ], [ 88.393571944811143, 22.524801532294916 ], [ 88.393615682925088, 22.524794727972989 ], [ 88.39364992166233, 22.524760174375913 ], [ 88.393661192082675, 22.524734384865045 ], [ 88.393660337155254, 22.524648755002186 ], [ 88.393626929116564, 22.524535576973442 ], [ 88.393563722242106, 22.524439786324972 ], [ 88.393538213523613, 22.524425022293102 ], [ 88.393508243655788, 22.524425283700513 ], [ 88.393414022468207, 22.524456078558803 ], [ 88.393414150683057, 22.524468923039958 ] ] ] } },
{ "type": "Feature", "properties": { "source": "KMC ward sewerage network map (ArcMap GeoPDF), water raster", "extraction_method": "geopdf_raster_polygonised", "wards": "101,102,105,106,107,108,109" }, "geometry": { "type": "Polygon", "coordinates": [ [ [ 88.398913566243252, 22.524181742879087 ], [ 88.398522492360016, 22.524259650095292 ], [ 88.398444961900708, 22.524284346426551 ], [ 88.398410630918264, 22.524306050949054 ], [ 88.398402333939899, 22.524335615948999 ], [ 88.398554631065068, 22.525026564493217 ], [ 88.398580665221814, 22.525034424940824 ], [ 88.3986325429983, 22.525034053245744 ], [ 88.398684198463982, 22.525014906860957 ], [ 88.39914140370874, 22.52492311352924 ], [ 88.399164206333623, 22.524901491489178 ], [ 88.399169430473663, 22.524855854544398 ], [ 88.399089699373377, 22.524451395213102 ], [ 88.399029421218557, 22.524229194393005 ], [ 88.399014693173243, 22.524202476714358 ], [ 88.398988532101825, 22.524183887945249 ], [ 88.398913566243252, 22.524181742879087 ] ] ] } },
{ "type": "Feature", "properties": { "source": "KMC ward sewerage network map (ArcMap GeoPDF), water raster", "extraction_method": "geopdf_raster_polygonised", "wards": "101,102,105,106,107,108,109" }, "geometry": { "type": "Polygon", "coordinates": [ [ [ 88.392818804883163, 22.526959737916599 ], [ 88.392730899970417, 22.526930531248546 ], [ 88.39267787538337, 22.526930993517116 ], [ 88.392622737614175, 22.526950742587999 ], [ 88.392570140192774, 22.526994019760547 ], [ 88.39255201722689, 22.527026291738114 ], [ 88.392573130452419, 22.527293724328473 ], [ 88.392603528144264, 22.527336278000721 ], [ 88.392654461068929, 22.527357243314952 ], [ 88.392778804421766, 22.527341172733262 ], [ 88.392824784713937, 22.527327926246016 ], [ 88.392868331391142, 22.527301855367771 ], [ 88.392916702540916, 22.52729715174025 ], [ 88.392902677726411, 22.527278005632379 ], [ 88.392877807581471, 22.52709624318549 ], [ 88.392851379807411, 22.526989426963066 ], [ 88.392839681815445, 22.526972401492888 ], [ 88.392818804883163, 22.526959737916599 ] ] ] } },
{ "type": "Feature", "properties": { "source": "KMC ward sewerage network map (ArcMap GeoPDF), water raster", "extraction_method": "geopdf_raster_polygonised", "wards": "101,102,105,106,107,108,109" }, "geometry": { "type": "Polygon", "coordinates": [ [ [ 88.394127972552056, 22.527609866329225 ], [ 88.394127566266576, 22.5275691921671 ], [ 88.394103528387888, 22.527470919071849 ], [ 88.394063502263037, 22.527387772018628 ], [ 88.394000935120147, 22.527356204022343 ], [ 88.393897126961122, 22.527350687042098 ], [ 88.393765846133192, 22.527364678078918 ], [ 88.393729215890076, 22.527390688851398 ], [ 88.393713377201976, 22.5274208000877 ], [ 88.393727726116353, 22.527703277958675 ], [ 88.393670261411756, 22.527720906762859 ], [ 88.393653866893516, 22.527695358604632 ], [ 88.393559643567002, 22.52772615364669 ], [ 88.393590169904826, 22.527781551585168 ], [ 88.393590234030924, 22.527787973822601 ], [ 88.393565045298729, 22.527805321019695 ], [ 88.39360944699763, 22.527864879773524 ], [ 88.393633099843868, 22.527924619528999 ], [ 88.393686017903562, 22.527913453198185 ], [ 88.393933422389168, 22.527752865580059 ], [ 88.393976990350481, 22.52772893515235 ], [ 88.393983906636947, 22.527728874799617 ], [ 88.393995604833478, 22.527745900174732 ], [ 88.394062013241651, 22.527700361091018 ], [ 88.394050208129698, 22.527672631993749 ], [ 88.394121205955599, 22.527624911905463 ], [ 88.394127972552056, 22.527609866329225 ] ] ] } },
{ "type": "Feature", "properties": { "source": "KMC ward sewerage network map (ArcMap GeoPDF), water raster", "extraction_method": "geopdf_raster_polygonised", "wards": "101,102,105,106,107,108,109" }, "geometry": { "type": "Polygon", "coordinates": [ [ [ 88.394068908143765, 22.527698159989306 ], [ 88.394068993674423, 22.527706722970908 ], [ 88.394027731165934, 22.527730633304188 ], [ 88.393812731153147, 22.527903783922646 ], [ 88.393627230977287, 22.528029576407899 ], [ 88.393586117922638, 22.528068471855878 ], [ 88.393446426826543, 22.528163891457247 ], [ 88.393407426761314, 22.52818350004036 ], [ 88.393400595942026, 22.528192123352976 ], [ 88.393403072362517, 22.528209229210294 ], [ 88.39347977164401, 22.528270647199932 ], [ 88.393928344835558, 22.527937030042839 ], [ 88.393983162053004, 22.527885169335093 ], [ 88.394159717974233, 22.527787286633146 ], [ 88.394396022272318, 22.527669613843148 ], [ 88.394655765455738, 22.527590272863574 ], [ 88.394683254531799, 22.527341684799715 ], [ 88.394433204052348, 22.527468041699763 ], [ 88.394160419597355, 22.527626710614442 ], [ 88.394068908143765, 22.527698159989306 ] ] ] } },
{ "type": "Feature", "properties": { "source": "KMC ward sewerage network map (ArcMap GeoPDF), water raster", "extraction_method": "geopdf_raster_polygonised", "wards": "101,102,105,106,107,108,109" }, "geometry": { "type": "Polygon", "coordinates": [ [ [ 88.392764939713615, 22.528724336175227 ], [ 88.392772091054638, 22.528747824081449 ], [ 88.393447837486846, 22.528305180681706 ], [ 88.393357177337265, 22.528231038857012 ], [ 88.393336407025373, 22.528229079091396 ], [ 88.393306607306215, 22.528246466470257 ], [ 88.392766112888651, 22.528610856518664 ], [ 88.392764106533377, 22.528640847068392 ], [ 88.392750380679146, 22.528651671405076 ], [ 88.392755269294469, 22.528679460905995 ], [ 88.392748737497655, 22.528718054642432 ], [ 88.392764939713615, 22.528724336175227 ] ] ] } },
{ "type": "Feature", "properties": { "source": "KMC ward sewerage network map (ArcMap GeoPDF), water raster", "extraction_method": "geopdf_raster_polygonised", "wards": "101,102,105,106,107,108,109" }, "geometry": { "type": "Polygon", "coordinates": [ [ [ 88.395090168532093, 22.530221965903582 ], [ 88.39505772076005, 22.530205121847569 ], [ 88.395043887946912, 22.530205242657463 ], [ 88.394714847731592, 22.530272343932367 ], [ 88.394362944953045, 22.53035891250375 ], [ 88.394296556819484, 22.530406592500913 ], [ 88.394282895092374, 22.530423839202264 ], [ 88.394278626366471, 22.530458131362224 ], [ 88.394300145640926, 22.530535017043714 ], [ 88.394368672864204, 22.530701411478539 ], [ 88.394405988329012, 22.530743904350029 ], [ 88.394415081895474, 22.530730979379328 ], [ 88.394461362594484, 22.530747702800241 ], [ 88.394463860600723, 22.530766949371277 ], [ 88.394429171461809, 22.53075654755197 ], [ 88.394457029731981, 22.530775572729173 ], [ 88.394535651337577, 22.530798436579296 ], [ 88.394533260286025, 22.53078989373077 ], [ 88.394514752275001, 22.530783632521672 ], [ 88.394523824440441, 22.530768566801083 ], [ 88.394549291672845, 22.530779049112837 ], [ 88.394554116564578, 22.530800416297566 ], [ 88.394574887271247, 22.530802375885045 ], [ 88.394625565024768, 22.53079765155826 ], [ 88.394922287038369, 22.530726550790767 ], [ 88.395076540020312, 22.530703794330133 ], [ 88.39509713950244, 22.530688627901217 ], [ 88.395179858428705, 22.530660073315261 ], [ 88.395193584270757, 22.530649248773461 ], [ 88.395197424710105, 22.530572141729181 ], [ 88.395163435863736, 22.530401164156714 ], [ 88.395118240789813, 22.530262398406038 ], [ 88.395090168532093, 22.530221965903582 ] ], [ [ 88.394507793052668, 22.530779411416528 ], [ 88.394507814445348, 22.530781552160715 ], [ 88.394503203487432, 22.530781592416023 ], [ 88.394503182094809, 22.530779451671837 ], [ 88.394507793052668, 22.530779411416528 ] ], [ [ 88.394482197469372, 22.530756084632806 ], [ 88.394503032346634, 22.530764466462536 ], [ 88.39449626565802, 22.530779512054551 ], [ 88.394480041736443, 22.530771089969566 ], [ 88.394482197469372, 22.530756084632806 ] ] ] } },
{ "type": "Feature", "properties": { "source": "KMC ward sewerage network map (ArcMap GeoPDF), water raster", "extraction_method": "geopdf_raster_polygonised", "wards": "101,102,105,106,107,108,109" }, "geometry": { "type": "Polygon", "coordinates": [ [ [ 88.40074627913981, 22.472800502986086 ], [ 88.400700415292121, 22.47302459746787 ], [ 88.400694441358439, 22.473165751741057 ], [ 88.400669954792932, 22.473307065387569 ], [ 88.400672572665513, 22.473565157799268 ], [ 88.400694752954621, 22.473561525314089 ], [ 88.400692169946694, 22.473306874136906 ], [ 88.400716656489422, 22.473165560488159 ], [ 88.40072636782422, 22.473027815571825 ], [ 88.400779008337622, 22.472741715150583 ], [ 88.400778589460813, 22.472700420362958 ], [ 88.400767481932718, 22.472700515992159 ], [ 88.400767935712409, 22.472745252012295 ], [ 88.40074627913981, 22.472800502986086 ] ] ] } },
{ "type": "Feature", "properties": { "source": "KMC ward sewerage network map (ArcMap GeoPDF), water raster", "extraction_method": "geopdf_raster_polygonised", "wards": "101,102,105,106,107,108,109" }, "geometry": { "type": "Polygon", "coordinates": [ [ [ 88.400695171824268, 22.473602820098783 ], [ 88.400680361690334, 22.473602947601456 ], [ 88.400719516327428, 22.473812543992452 ], [ 88.400746062435346, 22.47387426302733 ], [ 88.400865800513174, 22.4739971272476 ], [ 88.40094840859669, 22.474109986499709 ], [ 88.40101198034948, 22.474171386652095 ], [ 88.401030423259598, 22.47416434476899 ], [ 88.401030318514373, 22.474154021075059 ], [ 88.400974361335955, 22.474113204552705 ], [ 88.400861748863406, 22.473962746811409 ], [ 88.400805687083817, 22.473911606527906 ], [ 88.400745713360024, 22.473839850708661 ], [ 88.400730414502064, 22.473791800970567 ], [ 88.400699013981509, 22.473616553151071 ], [ 88.400695171824268, 22.473602820098783 ] ] ] } },
{ "type": "Feature", "properties": { "source": "KMC ward sewerage network map (ArcMap GeoPDF), water raster", "extraction_method": "geopdf_raster_polygonised", "wards": "101,102,105,106,107,108,109" }, "geometry": { "type": "Polygon", "coordinates": [ [ [ 88.40036475151264, 22.476073243152225 ], [ 88.400352945682357, 22.476004514136296 ], [ 88.400134911151198, 22.476047689172947 ], [ 88.400150454377552, 22.476119827574895 ], [ 88.40036475151264, 22.476073243152225 ] ] ] } },
{ "type": "Feature", "properties": { "source": "KMC ward sewerage network map (ArcMap GeoPDF), water raster", "extraction_method": "geopdf_raster_polygonised", "wards": "101,102,105,106,107,108,109" }, "geometry": { "type": "Polygon", "coordinates": [ [ [ 88.399560654267447, 22.476383017609518 ], [ 88.399828328044535, 22.476122599659206 ], [ 88.399986283784926, 22.475997345275207 ], [ 88.400125551787042, 22.475855043919601 ], [ 88.400176725065734, 22.475789214384513 ], [ 88.400180113586629, 22.475758211430616 ], [ 88.400112943510507, 22.475707166541511 ], [ 88.399888624938228, 22.475495721899478 ], [ 88.399888555159933, 22.475488839434611 ], [ 88.399630739652608, 22.475260474961338 ], [ 88.399567726043315, 22.475254133994913 ], [ 88.399468314458261, 22.475310053703243 ], [ 88.398312491227742, 22.476355893852013 ], [ 88.398301801613854, 22.476397284138994 ], [ 88.398342948570843, 22.476438228874422 ], [ 88.398425556250757, 22.476551089416805 ], [ 88.398462930962353, 22.476585183476249 ], [ 88.398620288410299, 22.476766231991018 ], [ 88.398743451061364, 22.476861536012855 ], [ 88.398851350119344, 22.4769122312502 ], [ 88.398914294732506, 22.476911689992303 ], [ 88.398980628145779, 22.476880145770359 ], [ 88.399090939663182, 22.476803483378234 ], [ 88.399200902314703, 22.476692408586779 ], [ 88.399208307550609, 22.476692344895191 ], [ 88.399377093317383, 22.476539465655716 ], [ 88.399472593895908, 22.476462930421224 ], [ 88.399553249049092, 22.476383081316442 ], [ 88.399560654267447, 22.476383017609518 ] ] ] } },
{ "type": "Feature", "properties": { "source": "KMC ward sewerage network map (ArcMap GeoPDF), water raster", "extraction_method": "geopdf_raster_polygonised", "wards": "101,102,105,106,107,108,109" }, "geometry": { "type": "Polygon", "coordinates": [ [ [ 88.400361607342887, 22.476128334727406 ], [ 88.400346936544594, 22.476142227139057 ], [ 88.400339775651517, 22.476166379501837 ], [ 88.400347390265779, 22.476186963148177 ], [ 88.400384660610783, 22.476210733050266 ], [ 88.400414211630107, 22.47620359560695 ], [ 88.400439815715615, 22.476172401412637 ], [ 88.400491407809113, 22.476147866557206 ], [ 88.400569162437904, 22.476147197171862 ], [ 88.40059113369233, 22.476122917294159 ], [ 88.400590994062057, 22.47610915236962 ], [ 88.400476213450929, 22.476110140510681 ], [ 88.40043932706125, 22.476124224173859 ], [ 88.400361607342887, 22.476128334727406 ] ] ] } },
{ "type": "Feature", "properties": { "source": "KMC ward sewerage network map (ArcMap GeoPDF), water raster", "extraction_method": "geopdf_raster_polygonised", "wards": "101,102,105,106,107,108,109" }, "geometry": { "type": "Polygon", "coordinates": [ [ [ 88.40165496798349, 22.476595569162701 ], [ 88.401617487729823, 22.476551152195228 ], [ 88.401613645385169, 22.476537419178431 ], [ 88.401561738979737, 22.476530983323588 ], [ 88.40149523172245, 22.476545322422776 ], [ 88.401451079833578, 22.476573235032276 ], [ 88.401388345010147, 22.4765944246511 ], [ 88.401362636291552, 22.476615295298313 ], [ 88.401318309720452, 22.476626001724551 ], [ 88.401262805452134, 22.476629921358416 ], [ 88.401203458872018, 22.476620107944946 ], [ 88.401136811839336, 22.476620681979767 ], [ 88.401118368617247, 22.476627723889266 ], [ 88.401096397384549, 22.47665200383674 ], [ 88.40108190121471, 22.476683102464289 ], [ 88.401078687488692, 22.476731311575371 ], [ 88.401128602520032, 22.476906399744809 ], [ 88.401129650189191, 22.477009636644137 ], [ 88.401145403599813, 22.477102422289398 ], [ 88.401183128336015, 22.477170927972519 ], [ 88.401242754556364, 22.477208271218583 ], [ 88.401450136669112, 22.477209926290673 ], [ 88.401550212426287, 22.477219388700075 ], [ 88.401594888504718, 22.477243094493829 ], [ 88.401672678644417, 22.477245865774346 ], [ 88.401731920703654, 22.477245355312117 ], [ 88.401783652687214, 22.477234584953159 ], [ 88.401812994196007, 22.47720679987367 ], [ 88.401823857499309, 22.477182615552213 ], [ 88.401822494850094, 22.47704840762573 ], [ 88.401802793807008, 22.4769315653717 ], [ 88.4017680727071, 22.476794203357311 ], [ 88.401719205023142, 22.476722352299394 ], [ 88.40165496798349, 22.476595569162701 ] ] ] } },
{ "type": "Feature", "properties": { "source": "KMC ward sewerage network map (ArcMap GeoPDF), water raster", "extraction_method": "geopdf_raster_polygonised", "wards": "101,102,105,106,107,108,109" }, "geometry": { "type": "Polygon", "coordinates": [ [ [ 88.402253888585122, 22.477595334336176 ], [ 88.402189895267085, 22.477492640068625 ], [ 88.402152519436953, 22.477458546936138 ], [ 88.402040042601627, 22.477321855195566 ], [ 88.402012691459191, 22.477180988205369 ], [ 88.402012237181026, 22.477136252233748 ], [ 88.401990021429086, 22.477136443697372 ], [ 88.402017791875465, 22.477318605436 ], [ 88.402085417722304, 22.477414385414974 ], [ 88.402134041216613, 22.477462147735935 ], [ 88.402227865273474, 22.477585234069053 ], [ 88.40227331051571, 22.477684646677854 ], [ 88.402280960458825, 22.477708671438208 ], [ 88.402286865097238, 22.477925436878117 ], [ 88.40229451505833, 22.477949461636339 ], [ 88.402292979492628, 22.478162849677688 ], [ 88.402323509512172, 22.478252066245069 ], [ 88.402365042678653, 22.478330863359638 ], [ 88.40241006881412, 22.478388981173865 ], [ 88.402444161796311, 22.478464400878185 ], [ 88.402462710053712, 22.478467682491608 ], [ 88.402473783075521, 22.478464145494875 ], [ 88.402454815327175, 22.478419569154077 ], [ 88.402345550666084, 22.478234668588303 ], [ 88.402314985683489, 22.478142010797708 ], [ 88.402325394561345, 22.478073090485466 ], [ 88.402323821648437, 22.47791823523594 ], [ 88.402310896154674, 22.477739387144201 ], [ 88.40229929889675, 22.477691305708486 ], [ 88.402253888585122, 22.477595334336176 ] ] ] } },
{ "type": "Feature", "properties": { "source": "KMC ward sewerage network map (ArcMap GeoPDF), water raster", "extraction_method": "geopdf_raster_polygonised", "wards": "101,102,105,106,107,108,109" }, "geometry": { "type": "Polygon", "coordinates": [ [ [ 88.401034493245277, 22.479674200650976 ], [ 88.401395401246504, 22.479843168162059 ], [ 88.401492020761125, 22.479876751006053 ], [ 88.401599364090146, 22.479872384566224 ], [ 88.40163974437661, 22.479837621325306 ], [ 88.401691372497311, 22.479816527265978 ], [ 88.401727770512707, 22.479754266088591 ], [ 88.401778315354633, 22.479626493939577 ], [ 88.401803779932024, 22.47958153461343 ], [ 88.401792007940614, 22.479516247011244 ], [ 88.401706287038934, 22.479461921247598 ], [ 88.401256410518243, 22.479283396246093 ], [ 88.401034493245277, 22.479674200650976 ] ] ] } },
{ "type": "Feature", "properties": { "source": "KMC ward sewerage network map (ArcMap GeoPDF), water raster", "extraction_method": "geopdf_raster_polygonised", "wards": "101,102,105,106,107,108,109" }, "geometry": { "type": "Polygon", "coordinates": [ [ [ 88.400199324647843, 22.4798431438543 ], [ 88.39990279094097, 22.480179524637194 ], [ 88.400123205366938, 22.480370353246418 ], [ 88.400208961186379, 22.480428121079022 ], [ 88.400850579605958, 22.48016104033174 ], [ 88.400820364303257, 22.48010279454089 ], [ 88.40075668501207, 22.480031070802962 ], [ 88.400595338955029, 22.479822526820659 ], [ 88.400349529586677, 22.479683540417422 ], [ 88.400334788618636, 22.479690550381221 ], [ 88.400298250350346, 22.479739046355348 ], [ 88.400276208696894, 22.479756443754205 ], [ 88.400221366324615, 22.479825746464957 ], [ 88.400199324647843, 22.4798431438543 ] ] ] } },
{ "type": "Feature", "properties": { "source": "KMC ward sewerage network map (ArcMap GeoPDF), water raster", "extraction_method": "geopdf_raster_polygonised", "wards": "101,102,105,106,107,108,109" }, "geometry": { "type": "Polygon", "coordinates": [ [ [ 88.400910940445385, 22.480270649433592 ], [ 88.400858054863278, 22.480167859013029 ], [ 88.400220104239182, 22.48043146668676 ], [ 88.400299467030266, 22.480589093876276 ], [ 88.400882331498622, 22.480370700187706 ], [ 88.400904233473952, 22.48033953779068 ], [ 88.400910940445385, 22.480270649433592 ] ] ] } },
{ "type": "Feature", "properties": { "source": "KMC ward sewerage network map (ArcMap GeoPDF), water raster", "extraction_method": "geopdf_raster_polygonised", "wards": "101,102,105,106,107,108,109" }, "geometry": { "type": "Polygon", "coordinates": [ [ [ 88.400745924727858, 22.480430380927558 ], [ 88.400768839405004, 22.480499014188897 ], [ 88.400901648283394, 22.480449689003553 ], [ 88.400875065759919, 22.480384528881697 ], [ 88.400860254905993, 22.480384656437593 ], [ 88.400745924727858, 22.480430380927558 ] ] ] } },
{ "type": "Feature", "properties": { "source": "KMC ward sewerage network map (ArcMap GeoPDF), water raster", "extraction_method": "geopdf_raster_polygonised", "wards": "101,102,105,106,107,108,109" }, "geometry": { "type": "Polygon", "coordinates": [ [ [ 88.400761468890906, 22.480502519191443 ], [ 88.400738554216659, 22.480433885928939 ], [ 88.400609448003806, 22.480483179099007 ], [ 88.400632327708863, 22.48054837115312 ], [ 88.400761468890906, 22.480502519191443 ] ] ] } },
{ "type": "Feature", "properties": { "source": "KMC ward sewerage network map (ArcMap GeoPDF), water raster", "extraction_method": "geopdf_raster_polygonised", "wards": "101,102,105,106,107,108,109" }, "geometry": { "type": "Polygon", "coordinates": [ [ [ 88.40021654114625, 22.480445263480242 ], [ 88.400102350293039, 22.480504752446482 ], [ 88.400125055250641, 22.480552738434721 ], [ 88.400242983755192, 22.480496658806288 ], [ 88.40021654114625, 22.480445263480242 ] ] ] } },
{ "type": "Feature", "properties": { "source": "KMC ward sewerage network map (ArcMap GeoPDF), water raster", "extraction_method": "geopdf_raster_polygonised", "wards": "101,102,105,106,107,108,109" }, "geometry": { "type": "Polygon", "coordinates": [ [ [ 88.400602077486084, 22.480486684094448 ], [ 88.400469233540321, 22.480532567810467 ], [ 88.400492148103154, 22.480601201116407 ], [ 88.400624957188413, 22.480551876149725 ], [ 88.400602077486084, 22.480486684094448 ] ] ] } },
{ "type": "Feature", "properties": { "source": "KMC ward sewerage network map (ArcMap GeoPDF), water raster", "extraction_method": "geopdf_raster_polygonised", "wards": "101,102,105,106,107,108,109" }, "geometry": { "type": "Polygon", "coordinates": [ [ [ 88.400273198917915, 22.480554904710591 ], [ 88.400246756285767, 22.480503509391003 ], [ 88.400132530496563, 22.480559557150087 ], [ 88.400155200569898, 22.480604101902923 ], [ 88.400273198917915, 22.480554904710591 ] ] ] } },
{ "type": "Feature", "properties": { "source": "KMC ward sewerage network map (ArcMap GeoPDF), water raster", "extraction_method": "geopdf_raster_polygonised", "wards": "101,102,105,106,107,108,109" }, "geometry": { "type": "Polygon", "coordinates": [ [ [ 88.400484777576082, 22.480604706106899 ], [ 88.400461863016147, 22.48053607279979 ], [ 88.400306942286321, 22.480595912582992 ], [ 88.40034089512973, 22.480657567824515 ], [ 88.400484777576082, 22.480604706106899 ] ] ] } },
{ "type": "Feature", "properties": { "source": "KMC ward sewerage network map (ArcMap GeoPDF), water raster", "extraction_method": "geopdf_raster_polygonised", "wards": "101,102,105,106,107,108,109" }, "geometry": { "type": "Polygon", "coordinates": [ [ [ 88.400310854456265, 22.480616528084351 ], [ 88.400280674170816, 22.480561723418703 ], [ 88.400162675820127, 22.48061092061663 ], [ 88.400189083539374, 22.480658874720113 ], [ 88.400310854456265, 22.480616528084351 ] ] ] } },
{ "type": "Feature", "properties": { "source": "KMC ward sewerage network map (ArcMap GeoPDF), water raster", "extraction_method": "geopdf_raster_polygonised", "wards": "101,102,105,106,107,108,109" }, "geometry": { "type": "Polygon", "coordinates": [ [ [ 88.402253951039611, 22.48161159757932 ], [ 88.402253461627339, 22.481563420410559 ], [ 88.40224591631096, 22.481549719349715 ], [ 88.402175494294383, 22.48154344340324 ], [ 88.402112302994581, 22.481519897454735 ], [ 88.40208991177505, 22.481502882834683 ], [ 88.402067310841574, 22.481465220851216 ], [ 88.402048762187178, 22.481461939213393 ], [ 88.402030038772224, 22.481441451439736 ], [ 88.401985431139181, 22.481424628304747 ], [ 88.401959511963454, 22.481424851715023 ], [ 88.401918956576907, 22.481442408914383 ], [ 88.401874733387615, 22.48146343924456 ], [ 88.401826947232465, 22.481498266383827 ], [ 88.401716319262235, 22.481543959673978 ], [ 88.401683239182333, 22.4815683354512 ], [ 88.401672410500439, 22.481595960996337 ], [ 88.401676427738963, 22.481626900131857 ], [ 88.401698993654293, 22.481661120946338 ], [ 88.401699308154519, 22.481692091990432 ], [ 88.401706818482438, 22.481702351851887 ], [ 88.401725332218319, 22.481702192300677 ], [ 88.401740422771326, 22.481729594474551 ], [ 88.401789012801558, 22.481773915576955 ], [ 88.401789467111243, 22.481818651527156 ], [ 88.401800785045111, 22.481839203151964 ], [ 88.401830511894374, 22.481849271530852 ], [ 88.401882874646475, 22.481900443141082 ], [ 88.40191263646426, 22.481913952730491 ], [ 88.401953366741282, 22.481913601659912 ], [ 88.402019876472593, 22.481899262252391 ], [ 88.402071435366764, 22.481871285587431 ], [ 88.402093372237118, 22.481843564262441 ], [ 88.402152336594128, 22.481815523734937 ], [ 88.402181678936998, 22.481787738558086 ], [ 88.402199878067378, 22.481756607914718 ], [ 88.402217762573798, 22.481694506232532 ], [ 88.402235996642617, 22.481666816812112 ], [ 88.402253951039611, 22.48161159757932 ] ] ] } },
{ "type": "Feature", "properties": { "source": "KMC ward sewerage network map (ArcMap GeoPDF), water raster", "extraction_method": "geopdf_raster_polygonised", "wards": "101,102,105,106,107,108,109" }, "geometry": { "type": "Polygon", "coordinates": [ [ [ 88.398639232930719, 22.481560123868434 ], [ 88.398564759562532, 22.481519465857449 ], [ 88.398497866054356, 22.481495950297397 ], [ 88.398408546912961, 22.481451978321303 ], [ 88.398371519454969, 22.481452296656485 ], [ 88.398356917640598, 22.481473071381071 ], [ 88.398278664321552, 22.481790365043729 ], [ 88.398228359547275, 22.481942224890627 ], [ 88.398228638420676, 22.481969754747659 ], [ 88.398447763666795, 22.482033260003579 ], [ 88.398633180670956, 22.482059197967875 ], [ 88.398688722093539, 22.482058720359497 ], [ 88.398733015743289, 22.482044573333653 ], [ 88.398762289106244, 22.482009906280272 ], [ 88.398791248596936, 22.481944268140502 ], [ 88.398853149250755, 22.481840489853475 ], [ 88.398892833300081, 22.481736902620309 ], [ 88.39889978542557, 22.481692102923112 ], [ 88.398881027544832, 22.481668173530803 ], [ 88.398728412725234, 22.481590330782673 ], [ 88.398639232930719, 22.481560123868434 ] ] ] } },
{ "type": "Feature", "properties": { "source": "KMC ward sewerage network map (ArcMap GeoPDF), water raster", "extraction_method": "geopdf_raster_polygonised", "wards": "101,102,105,106,107,108,109" }, "geometry": { "type": "Polygon", "coordinates": [ [ [ 88.402380486692778, 22.483131661683633 ], [ 88.402340525249983, 22.483207719842081 ], [ 88.402337416833177, 22.483266252602366 ], [ 88.402359563632729, 22.483259178590142 ], [ 88.402359248961503, 22.483228207560849 ], [ 88.402402808290532, 22.483141793793873 ], [ 88.402475954857692, 22.483051683358131 ], [ 88.402585954281847, 22.482944047451692 ], [ 88.402567230579209, 22.482923559758326 ], [ 88.40247204228038, 22.483031067935222 ], [ 88.40245730108613, 22.483038078102986 ], [ 88.402380486692778, 22.483131661683633 ] ] ] } },
{ "type": "Feature", "properties": { "source": "KMC ward sewerage network map (ArcMap GeoPDF), water raster", "extraction_method": "geopdf_raster_polygonised", "wards": "101,102,105,106,107,108,109" }, "geometry": { "type": "Polygon", "coordinates": [ [ [ 88.402359633559769, 22.483266061041078 ], [ 88.402341189547101, 22.483273103126692 ], [ 88.402337591648092, 22.483283458729847 ], [ 88.40238695164534, 22.483403486564978 ], [ 88.402459647427833, 22.483633442007868 ], [ 88.40248630132298, 22.483705484223535 ], [ 88.402535102116701, 22.483770452393138 ], [ 88.402557878430912, 22.483825320399667 ], [ 88.402558717697787, 22.483907909797669 ], [ 88.402548133823927, 22.483959623968591 ], [ 88.402581459076615, 22.483959336573491 ], [ 88.402592322701025, 22.483935152199773 ], [ 88.402587395938809, 22.483814741262677 ], [ 88.402534297838059, 22.483691304217913 ], [ 88.40248906000248, 22.483612539214949 ], [ 88.402465899121879, 22.48351981771701 ], [ 88.402382619497075, 22.483341576435912 ], [ 88.402367109062624, 22.483272879637553 ], [ 88.402359633559769, 22.483266061041078 ] ] ] } },
{ "type": "Feature", "properties": { "source": "KMC ward sewerage network map (ArcMap GeoPDF), water raster", "extraction_method": "geopdf_raster_polygonised", "wards": "101,102,105,106,107,108,109" }, "geometry": { "type": "Polygon", "coordinates": [ [ [ 88.402363346665169, 22.484360434520372 ], [ 88.402421962329868, 22.484297981601635 ], [ 88.402469294662936, 22.484218418332617 ], [ 88.402556029009958, 22.484007737251801 ], [ 88.402522703745319, 22.484008024642222 ], [ 88.40250855691815, 22.484073535642512 ], [ 88.40242136789486, 22.484239480777536 ], [ 88.402344517895955, 22.484329623137569 ], [ 88.402340919974549, 22.484339978740891 ], [ 88.402363346665169, 22.484360434520372 ] ] ] } },
{ "type": "Feature", "properties": { "source": "KMC ward sewerage network map (ArcMap GeoPDF), water raster", "extraction_method": "geopdf_raster_polygonised", "wards": "101,102,105,106,107,108,109" }, "geometry": { "type": "Polygon", "coordinates": [ [ [ 88.400409409157305, 22.484855643572669 ], [ 88.400379472236764, 22.484824927596414 ], [ 88.400331230667646, 22.484815018394794 ], [ 88.400290499513545, 22.484815369098762 ], [ 88.399700698720181, 22.485082002464139 ], [ 88.39970485527391, 22.485126706567456 ], [ 88.39973901849423, 22.485209009230601 ], [ 88.399761444971347, 22.485229465382456 ], [ 88.399784080874653, 22.485270568901349 ], [ 88.399832811237914, 22.485328655456836 ], [ 88.399844024492339, 22.485338883525685 ], [ 88.39987371707825, 22.485345511002166 ], [ 88.399943966447751, 22.485334581718121 ], [ 88.400220248446018, 22.48519110055614 ], [ 88.400415835624642, 22.485124027441511 ], [ 88.400452479911863, 22.485085855084666 ], [ 88.400456043072751, 22.485072058288793 ], [ 88.400454751053815, 22.484944732869845 ], [ 88.400462051966187, 22.484934345415688 ], [ 88.400461737691245, 22.48490337436758 ], [ 88.400450419673632, 22.484882822658907 ], [ 88.400409409157305, 22.484855643572669 ] ] ] } },
{ "type": "Feature", "properties": { "source": "KMC ward sewerage network map (ArcMap GeoPDF), water raster", "extraction_method": "geopdf_raster_polygonised", "wards": "101,102,105,106,107,108,109" }, "geometry": { "type": "Polygon", "coordinates": [ [ [ 88.401293516161957, 22.486221197577176 ], [ 88.401252505083718, 22.486194018738399 ], [ 88.401211773542244, 22.48619436969566 ], [ 88.401101001952867, 22.486226297834175 ], [ 88.401053144152655, 22.486254242365113 ], [ 88.401034944229337, 22.486285372905229 ], [ 88.401039171140724, 22.486336959396205 ], [ 88.401110294333037, 22.486412060234265 ], [ 88.401155567354081, 22.486494266817058 ], [ 88.401155707111258, 22.486508031720529 ], [ 88.401197347195932, 22.486597152643167 ], [ 88.401234690450323, 22.486627804620742 ], [ 88.401275387175758, 22.486624012425594 ], [ 88.401315839294298, 22.486596131641196 ], [ 88.401378543604096, 22.486571500619974 ], [ 88.401419030631672, 22.486547061036809 ], [ 88.401448339124173, 22.486515834725481 ], [ 88.40144777998016, 22.486460775118427 ], [ 88.401406384401895, 22.486395742843982 ], [ 88.401391153573016, 22.486354575774349 ], [ 88.401331173819486, 22.486282820569272 ], [ 88.401293516161957, 22.486221197577176 ] ] ] } },
{ "type": "Feature", "properties": { "source": "KMC ward sewerage network map (ArcMap GeoPDF), water raster", "extraction_method": "geopdf_raster_polygonised", "wards": "101,102,105,106,107,108,109" }, "geometry": { "type": "Polygon", "coordinates": [ [ [ 88.401286707692151, 22.487374167670552 ], [ 88.401249678704744, 22.487374486746866 ], [ 88.401139360428218, 22.487451150885843 ], [ 88.4011251078675, 22.487506338112194 ], [ 88.401125597031793, 22.487554515268815 ], [ 88.401144530840739, 22.487595650449865 ], [ 88.401144705545306, 22.487612856576938 ], [ 88.401189559712961, 22.487653768413423 ], [ 88.401200878086229, 22.487674320046274 ], [ 88.401245662403198, 22.48770834941454 ], [ 88.401297677834222, 22.487725108825991 ], [ 88.401382809770041, 22.487720933676499 ], [ 88.401419734003795, 22.487710290890043 ], [ 88.401441811654593, 22.487696334519384 ], [ 88.401441497119123, 22.487665363494909 ], [ 88.401362198450812, 22.487514619724042 ], [ 88.401361918881946, 22.487487089922961 ], [ 88.401320627843702, 22.487432381323686 ], [ 88.401301694008993, 22.487391246164037 ], [ 88.401286707692151, 22.487374167670552 ] ] ] } },
{ "type": "Feature", "properties": { "source": "KMC ward sewerage network map (ArcMap GeoPDF), water raster", "extraction_method": "geopdf_raster_polygonised", "wards": "101,102,105,106,107,108,109" }, "geometry": { "type": "Polygon", "coordinates": [ [ [ 88.40187704441189, 22.487888750009468 ], [ 88.401847525996359, 22.487899329058003 ], [ 88.401832854182913, 22.487913221640987 ], [ 88.401729452286574, 22.487941645200213 ], [ 88.401725994064606, 22.487965765689999 ], [ 88.401741190238866, 22.488003491481596 ], [ 88.401822622101406, 22.488364149694 ], [ 88.40188026359634, 22.488570144296375 ], [ 88.401899162817813, 22.488607838141419 ], [ 88.401947265951961, 22.488603981901111 ], [ 88.402043332350488, 22.488582504483134 ], [ 88.40210970535172, 22.488554399993468 ], [ 88.402117006309595, 22.488544012465461 ], [ 88.402116551744925, 22.488499276558876 ], [ 88.402003817465058, 22.487973695201788 ], [ 88.401958858077862, 22.487922459938826 ], [ 88.401925287142404, 22.487898658684628 ], [ 88.40187704441189, 22.487888750009468 ] ] ] } },
{ "type": "Feature", "properties": { "source": "KMC ward sewerage network map (ArcMap GeoPDF), water raster", "extraction_method": "geopdf_raster_polygonised", "wards": "101,102,105,106,107,108,109" }, "geometry": { "type": "Polygon", "coordinates": [ [ [ 88.398872326349064, 22.488847279514367 ], [ 88.398850004039687, 22.488837146955529 ], [ 88.398683441430308, 22.488845462759127 ], [ 88.398661328423302, 22.488855977544706 ], [ 88.398587409095583, 22.488870379437309 ], [ 88.398532178859654, 22.488901828207336 ], [ 88.398530917424225, 22.489142746061013 ], [ 88.398523999827049, 22.489190986955752 ], [ 88.39852826084217, 22.489246014766067 ], [ 88.398543072653609, 22.489245887376516 ], [ 88.398554321030886, 22.489259556747587 ], [ 88.398598965753649, 22.489279821938204 ], [ 88.398624921310613, 22.489283040222311 ], [ 88.398658247893707, 22.489282753573463 ], [ 88.398676658013557, 22.489272270636075 ], [ 88.398909874283504, 22.489263381419484 ], [ 88.398950292757846, 22.489232059946652 ], [ 88.398945508239251, 22.48912541373587 ], [ 88.39893024288962, 22.489080805197183 ], [ 88.398928812458891, 22.488939714845706 ], [ 88.398909739531888, 22.488884814474208 ], [ 88.398872326349064, 22.488847279514367 ] ] ] } },
{ "type": "Feature", "properties": { "source": "KMC ward sewerage network map (ArcMap GeoPDF), water raster", "extraction_method": "geopdf_raster_polygonised", "wards": "101,102,105,106,107,108,109" }, "geometry": { "type": "Polygon", "coordinates": [ [ [ 88.401114877125508, 22.48941647327927 ], [ 88.401288601395706, 22.489384002542455 ], [ 88.401399340455512, 22.489348632936778 ], [ 88.401520978586063, 22.489292520165076 ], [ 88.401620329017305, 22.48922971636912 ], [ 88.401793563471685, 22.489149067971479 ], [ 88.40197022094921, 22.489040857682415 ], [ 88.402187575502907, 22.48892885475464 ], [ 88.40225768654102, 22.488904159490591 ], [ 88.402412895155308, 22.488871847246557 ], [ 88.402575789387797, 22.488867000759527 ], [ 88.402683384426524, 22.488886721808353 ], [ 88.402783783519581, 22.488927154007492 ], [ 88.402787556424812, 22.488934004507733 ], [ 88.402806071113815, 22.488933844783453 ], [ 88.402828113816454, 22.488916446999699 ], [ 88.402864233563335, 22.488826655759386 ], [ 88.402864058635842, 22.488809449647615 ], [ 88.402811902696286, 22.488778925884606 ], [ 88.40271897953464, 22.488745312256984 ], [ 88.402629899265492, 22.48872543152363 ], [ 88.402566879455705, 22.488719092058275 ], [ 88.402392841622998, 22.48872059311072 ], [ 88.402285666396168, 22.488742166537804 ], [ 88.402171260104979, 22.488781009872884 ], [ 88.401994358366153, 22.488865131795659 ], [ 88.401626301736982, 22.489088562347 ], [ 88.401486358811738, 22.489165482110028 ], [ 88.401349943931507, 22.489225163724626 ], [ 88.401117112463325, 22.489271909934516 ], [ 88.400847146499231, 22.489308651150456 ], [ 88.400514474675134, 22.489370022693198 ], [ 88.399985720461302, 22.489450289505022 ], [ 88.399715998104966, 22.489511117444142 ], [ 88.399634777374402, 22.489535907258361 ], [ 88.399338889642252, 22.489572869101274 ], [ 88.398891633837309, 22.489655872540524 ], [ 88.398580654666702, 22.489665430611389 ], [ 88.398569720178784, 22.489682732299642 ], [ 88.39859689666612, 22.489806393573701 ], [ 88.398604442128999, 22.489820094787309 ], [ 88.398626764584421, 22.489830227371854 ], [ 88.399159014868914, 22.489729285683435 ], [ 88.399347796261267, 22.489720778138008 ], [ 88.39951795808615, 22.489702106045797 ], [ 88.399736014001746, 22.489658930814734 ], [ 88.399887416476119, 22.489616329129962 ], [ 88.400031622432437, 22.489594438429261 ], [ 88.400190465568301, 22.489555213929055 ], [ 88.400360627026387, 22.489536540962511 ], [ 88.400737664928855, 22.489467904491157 ], [ 88.401114877125508, 22.48941647327927 ] ] ] } },
{ "type": "Feature", "properties": { "source": "KMC ward sewerage network map (ArcMap GeoPDF), water raster", "extraction_method": "geopdf_raster_polygonised", "wards": "101,102,105,106,107,108,109" }, "geometry": { "type": "Polygon", "coordinates": [ [ [ 88.401210215908705, 22.490781937339523 ], [ 88.40113950964529, 22.490748131390749 ], [ 88.400695220823494, 22.490758842336856 ], [ 88.400613824915112, 22.490766426545015 ], [ 88.400576899811469, 22.490777069187345 ], [ 88.400558559518927, 22.490794434792654 ], [ 88.400568166233967, 22.491011168166697 ], [ 88.400553738501259, 22.491049149224974 ], [ 88.400558000416368, 22.491104176925521 ], [ 88.40057703940532, 22.491155635813861 ], [ 88.400593458346918, 22.491313804560978 ], [ 88.400604916700132, 22.491348121114427 ], [ 88.400609877336336, 22.4914719733015 ], [ 88.400632584477677, 22.491519959054809 ], [ 88.400658540483363, 22.491523176986721 ], [ 88.400851096998522, 22.491521518111327 ], [ 88.400984300513613, 22.4915100458525 ], [ 88.40131750141208, 22.491500291457633 ], [ 88.401354426637738, 22.49148964863959 ], [ 88.401383875934911, 22.491472187198383 ], [ 88.401383351633982, 22.491420568847069 ], [ 88.401314458821048, 22.490836103381426 ], [ 88.401288293235723, 22.4908122382062 ], [ 88.401254756629285, 22.490791878074145 ], [ 88.401210215908705, 22.490781937339523 ] ] ] } },
{ "type": "Feature", "properties": { "source": "KMC ward sewerage network map (ArcMap GeoPDF), water raster", "extraction_method": "geopdf_raster_polygonised", "wards": "101,102,105,106,107,108,109" }, "geometry": { "type": "Polygon", "coordinates": [ [ [ 88.401011344664411, 22.493079148102979 ], [ 88.401014872980042, 22.493061910077113 ], [ 88.40128110810609, 22.493021758920332 ], [ 88.401284741247764, 22.493014844558925 ], [ 88.401254450834543, 22.492584915087544 ], [ 88.400936024538694, 22.492591100632211 ], [ 88.400921107554694, 22.49258090458892 ], [ 88.400909404400579, 22.492522499506602 ], [ 88.400735361688291, 22.492523999011354 ], [ 88.400727047202651, 22.492434590993206 ], [ 88.400586192155856, 22.492422038312835 ], [ 88.400552585372594, 22.492394795604621 ], [ 88.400474751803756, 22.492388582994803 ], [ 88.400455258043252, 22.493386793175183 ], [ 88.400462559325902, 22.493741207337759 ], [ 88.400906228697494, 22.493668554533834 ], [ 88.401353460774573, 22.493582103722719 ], [ 88.401294419357797, 22.49323846021187 ], [ 88.401212812343559, 22.49322539745538 ], [ 88.401197720510936, 22.493197995328273 ], [ 88.401182314122352, 22.493139622192466 ], [ 88.401171135063478, 22.493132835486435 ], [ 88.401052462652473, 22.493116650549144 ], [ 88.401011344664411, 22.493079148102979 ] ] ] } },
{ "type": "Feature", "properties": { "source": "KMC ward sewerage network map (ArcMap GeoPDF), water raster", "extraction_method": "geopdf_raster_polygonised", "wards": "101,102,105,106,107,108,109" }, "geometry": { "type": "Polygon", "coordinates": [ [ [ 88.399190518019793, 22.493931118860502 ], [ 88.399186500813656, 22.493900179698709 ], [ 88.3992009291767, 22.493862198741851 ], [ 88.399200684851962, 22.493838110162525 ], [ 88.399141470569333, 22.49384206127931 ], [ 88.39911547924703, 22.493835401898352 ], [ 88.399086133859953, 22.493863186637245 ], [ 88.399030552837289, 22.493860223395938 ], [ 88.399023600377205, 22.493905023062016 ], [ 88.399028001441351, 22.493973815713815 ], [ 88.399050534008936, 22.494004595553786 ], [ 88.399061643244863, 22.494004499956461 ], [ 88.399065206721772, 22.493990703187492 ], [ 88.399102202602748, 22.493986943297863 ], [ 88.399124281463784, 22.493972987192766 ], [ 88.3991687183957, 22.493972604779039 ], [ 88.399191041571811, 22.493982737244327 ], [ 88.399205818979297, 22.493979168542698 ], [ 88.399205574652314, 22.493955079963772 ], [ 88.399190518019793, 22.493931118860502 ] ] ] } },
{ "type": "Feature", "properties": { "source": "KMC ward sewerage network map (ArcMap GeoPDF), water raster", "extraction_method": "geopdf_raster_polygonised", "wards": "101,102,105,106,107,108,109" }, "geometry": { "type": "Polygon", "coordinates": [ [ [ 88.401556969348519, 22.49538714920465 ], [ 88.401597353920323, 22.495352385808982 ], [ 88.401708202455211, 22.495327339442014 ], [ 88.401763084680965, 22.495261477301757 ], [ 88.401770001324294, 22.495213236344991 ], [ 88.401799101624931, 22.495161362585961 ], [ 88.401805738492016, 22.495085591858068 ], [ 88.401786873280926, 22.495051339296324 ], [ 88.401749702384407, 22.495037893706076 ], [ 88.401686749651603, 22.495038436487931 ], [ 88.40159424202929, 22.495046117095026 ], [ 88.401516686655853, 22.495067434841985 ], [ 88.401387078045687, 22.495068552121221 ], [ 88.401249748613864, 22.49503876213301 ], [ 88.4010940784854, 22.49502633770707 ], [ 88.40099014696132, 22.495003142707983 ], [ 88.400897569405345, 22.495003940470568 ], [ 88.400864311377461, 22.495011110097423 ], [ 88.400783472124047, 22.495073754077829 ], [ 88.400691104167876, 22.495095199061421 ], [ 88.400647051262467, 22.495133435365521 ], [ 88.40059548729738, 22.495161411795248 ], [ 88.400525268017475, 22.495175782823832 ], [ 88.40044372977809, 22.495169602181399 ], [ 88.400376899168563, 22.495152970237253 ], [ 88.400262172708821, 22.495160841471378 ], [ 88.400180634482055, 22.495154660694713 ], [ 88.400117472083579, 22.495134555524036 ], [ 88.400039811613809, 22.495145548902293 ], [ 88.400017837450761, 22.495169828807278 ], [ 88.400003234572068, 22.495190603707588 ], [ 88.400003444126213, 22.495211251050744 ], [ 88.40000732186455, 22.495228425280736 ], [ 88.400029715154687, 22.495245440062508 ], [ 88.40010024888673, 22.495262040258947 ], [ 88.400159743160913, 22.495285618549744 ], [ 88.400182311129583, 22.495319839426518 ], [ 88.400227027923023, 22.495346986486968 ], [ 88.400293683947197, 22.495346412372264 ], [ 88.400390384093654, 22.495386877725405 ], [ 88.400450123025152, 22.49543454446518 ], [ 88.400505949250075, 22.495461595743578 ], [ 88.400532150569632, 22.495488902217744 ], [ 88.400558631419386, 22.495543738470229 ], [ 88.400625846595716, 22.495598223778057 ], [ 88.400704066352674, 22.495642289669682 ], [ 88.400719228272834, 22.495676574271616 ], [ 88.400748958071503, 22.495686642686529 ], [ 88.400834129846444, 22.495685908804219 ], [ 88.400955878471152, 22.495640119874743 ], [ 88.401132719371205, 22.495549116245471 ], [ 88.401217576441368, 22.49551741116731 ], [ 88.401298940105505, 22.495506385296562 ], [ 88.40138753518157, 22.495478089434325 ], [ 88.401472531993136, 22.495460149113136 ], [ 88.401538838395169, 22.495425162265658 ], [ 88.401556969348519, 22.49538714920465 ] ] ] } },
{ "type": "Feature", "properties": { "source": "KMC ward sewerage network map (ArcMap GeoPDF), water raster", "extraction_method": "geopdf_raster_polygonised", "wards": "101,102,105,106,107,108,109" }, "geometry": { "type": "Polygon", "coordinates": [ [ [ 88.400851815538346, 22.497791968554836 ], [ 88.400833194803354, 22.497781804449986 ], [ 88.400807272568741, 22.497782027829935 ], [ 88.4008038489917, 22.497809589513569 ], [ 88.400826487460932, 22.497850692703775 ], [ 88.400852689318128, 22.49787799909182 ], [ 88.400886891732398, 22.497963742412516 ], [ 88.400917006523741, 22.498011664202654 ], [ 88.400928220930879, 22.498021892124278 ], [ 88.400954213116947, 22.498028551165099 ], [ 88.400987541761253, 22.498028263928138 ], [ 88.401009655990919, 22.498017748769513 ], [ 88.401053569832015, 22.497965747453545 ], [ 88.401011506541863, 22.497835332129579 ], [ 88.40098911270394, 22.497818317516991 ], [ 88.400926158692627, 22.497818860065678 ], [ 88.40089663813167, 22.497829439038455 ], [ 88.400874384114687, 22.497826189294926 ], [ 88.400859431599386, 22.497812552059248 ], [ 88.400851815538346, 22.497791968554836 ] ] ] } },
{ "type": "Feature", "properties": { "source": "KMC ward sewerage network map (ArcMap GeoPDF), water raster", "extraction_method": "geopdf_raster_polygonised", "wards": "101,102,105,106,107,108,109" }, "geometry": { "type": "Polygon", "coordinates": [ [ [ 88.399784418392386, 22.501363139721537 ], [ 88.39975853040896, 22.501366804188258 ], [ 88.399740223619901, 22.501387610976202 ], [ 88.399659065938764, 22.501419283563553 ], [ 88.399633387503656, 22.501443595341261 ], [ 88.399607569353151, 22.501454142228184 ], [ 88.399596773862143, 22.501485208889388 ], [ 88.399601315376302, 22.501567766323088 ], [ 88.399594362862572, 22.501612565982519 ], [ 88.399628670353735, 22.501708633189562 ], [ 88.399633211901914, 22.501791190618807 ], [ 88.399663117610089, 22.501818465271924 ], [ 88.399741026329622, 22.501831560442827 ], [ 88.399818795331768, 22.501830890690069 ], [ 88.399892721308206, 22.501816487910666 ], [ 88.399933177963504, 22.501788607285189 ], [ 88.399962419943705, 22.501750498678593 ], [ 88.399961441741695, 22.501654144486551 ], [ 88.399882135763818, 22.501503400565351 ], [ 88.399866239733043, 22.501396850281093 ], [ 88.399836089558192, 22.501345487111394 ], [ 88.399817573194127, 22.501345646578439 ], [ 88.399784418392386, 22.501363139721537 ] ] ] } },
{ "type": "Feature", "properties": { "source": "KMC ward sewerage network map (ArcMap GeoPDF), water raster", "extraction_method": "geopdf_raster_polygonised", "wards": "101,102,105,106,107,108,109" }, "geometry": { "type": "Polygon", "coordinates": [ [ [ 88.4001097833074, 22.502403118474845 ], [ 88.400110517062373, 22.502475384107665 ], [ 88.400133575470846, 22.502557781990433 ], [ 88.40013644017931, 22.50247516079537 ], [ 88.400116386271222, 22.502323906597429 ], [ 88.400085187593476, 22.502169306873029 ], [ 88.400084803257883, 22.502131453444541 ], [ 88.400069396119221, 22.502073080291641 ], [ 88.400058111549868, 22.502055969886925 ], [ 88.400046966737264, 22.50205262436473 ], [ 88.400086759883806, 22.502324161805802 ], [ 88.4001097833074, 22.502403118474845 ] ] ] } },
{ "type": "Feature", "properties": { "source": "KMC ward sewerage network map (ArcMap GeoPDF), water raster", "extraction_method": "geopdf_raster_polygonised", "wards": "101,102,105,106,107,108,109" }, "geometry": { "type": "Polygon", "coordinates": [ [ [ 88.400906795887735, 22.503778796925932 ], [ 88.400902169114445, 22.503811003651208 ], [ 88.400912092354815, 22.503817805752327 ], [ 88.400919896640673, 22.50386138669807 ], [ 88.400915205059036, 22.503886701595885 ], [ 88.400925128305616, 22.503893503695842 ], [ 88.40092300935099, 22.503930282540864 ], [ 88.400932867790374, 22.503930192812721 ], [ 88.400938164273001, 22.503969201636885 ], [ 88.400933451088562, 22.503992219259143 ], [ 88.400936045321856, 22.504005980481626 ], [ 88.400945903766527, 22.504005890752406 ], [ 88.400941255394059, 22.504035800202079 ], [ 88.400951178652889, 22.504042602299705 ], [ 88.400958961363457, 22.504083885965361 ], [ 88.400954291388047, 22.504111498139395 ], [ 88.400964193048765, 22.504116002960121 ], [ 88.400964322674767, 22.504129786614413 ], [ 88.401115614785923, 22.504229498269513 ], [ 88.401756889795848, 22.504798027448501 ], [ 88.402570912176955, 22.505649866171613 ], [ 88.404768726824571, 22.507913508059218 ], [ 88.404917880012604, 22.507785785937816 ], [ 88.404131765000145, 22.507021009680997 ], [ 88.402956823932868, 22.505797982191599 ], [ 88.401859517601977, 22.504702896443025 ], [ 88.40131946467659, 22.504151825933398 ], [ 88.400899034817755, 22.503739810530469 ], [ 88.400894343235095, 22.503765125428043 ], [ 88.400896937458981, 22.50377888665194 ], [ 88.400906795887735, 22.503778796925932 ] ] ] } },
{ "type": "Feature", "properties": { "source": "KMC ward sewerage network map (ArcMap GeoPDF), water raster", "extraction_method": "geopdf_raster_polygonised", "wards": "101,102,105,106,107,108,109" }, "geometry": { "type": "Polygon", "coordinates": [ [ [ 88.403337568811608, 22.507751955766668 ], [ 88.403386559232871, 22.507719344499709 ], [ 88.403472844483773, 22.507720855191575 ], [ 88.403524537691368, 22.507713491404569 ], [ 88.403598153135249, 22.507678358050548 ], [ 88.403664569398657, 22.50766396754522 ], [ 88.403753232664741, 22.507656266523163 ], [ 88.40380483920741, 22.507639713560287 ], [ 88.403848921784785, 22.507609444390354 ], [ 88.403878043063614, 22.507560931917567 ], [ 88.403904894563425, 22.507533117367956 ], [ 88.403912158633688, 22.507519266294096 ], [ 88.403913973597923, 22.507450325656766 ], [ 88.403886255860982, 22.507386249330395 ], [ 88.403826692379269, 22.507343140681396 ], [ 88.403692171248707, 22.507192734554895 ], [ 88.403595161622718, 22.507099422975827 ], [ 88.403388862757026, 22.506917506526722 ], [ 88.403359092011556, 22.506897100739263 ], [ 88.403289843430642, 22.506872459938528 ], [ 88.403240290500463, 22.506845342074833 ], [ 88.403197850189429, 22.50678829224081 ], [ 88.403150675390421, 22.506751962786176 ], [ 88.403041840909665, 22.506711600454356 ], [ 88.403019485868043, 22.506693424470964 ], [ 88.402970171095504, 22.506691576520868 ], [ 88.402940465376858, 22.506678062469014 ], [ 88.402793665852826, 22.506532362369853 ], [ 88.402739443464867, 22.506532856545068 ], [ 88.402692939572191, 22.506567742418149 ], [ 88.402663471891444, 22.506579498319208 ], [ 88.402631409742341, 22.506577493035309 ], [ 88.402549686728747, 22.506536883288124 ], [ 88.402537147126864, 22.506514022848641 ], [ 88.402512327526779, 22.506495869248361 ], [ 88.402477714215792, 22.506484697297047 ], [ 88.402410173552852, 22.506379629062764 ], [ 88.402376792011736, 22.50623749002915 ], [ 88.40235560400329, 22.506081455061217 ], [ 88.402312883119635, 22.505994540398135 ], [ 88.402302613597669, 22.505950982014362 ], [ 88.40230920727295, 22.505865915515372 ], [ 88.40229413824953, 22.505836185683119 ], [ 88.402199508647158, 22.505733661601063 ], [ 88.402124120541501, 22.505580417809615 ], [ 88.402099344414921, 22.505566858680773 ], [ 88.402049619184993, 22.505521362216811 ], [ 88.401940137305957, 22.505412080837704 ], [ 88.40189304978658, 22.505384940065799 ], [ 88.401771115260473, 22.505261987150302 ], [ 88.401746382460772, 22.505253022511241 ], [ 88.401719271504064, 22.505253269412208 ], [ 88.401684961207309, 22.505274259115382 ], [ 88.401559264927968, 22.505275403752631 ], [ 88.401542077342413, 22.505282452676525 ], [ 88.401507875082999, 22.505314928717862 ], [ 88.401480764111454, 22.505315175579288 ], [ 88.401478450776921, 22.505331278945125 ], [ 88.401503248419857, 22.505347135449959 ], [ 88.401513928321066, 22.505434342124389 ], [ 88.401517041406336, 22.505503237925872 ], [ 88.401497540456688, 22.505526390212395 ], [ 88.401497756604115, 22.505549362960345 ], [ 88.401505258592309, 22.505560782007446 ], [ 88.401510728243878, 22.50561816899187 ], [ 88.401538120275859, 22.505647786693846 ], [ 88.401558183246934, 22.505684363544482 ], [ 88.401553707899438, 22.505732651199445 ], [ 88.401558766877542, 22.505746389960958 ], [ 88.401581099964147, 22.505762268892084 ], [ 88.401581380977277, 22.505792133462467 ], [ 88.401566787670035, 22.505812943595913 ], [ 88.401574830088478, 22.505881794504159 ], [ 88.401582418568566, 22.505902402644409 ], [ 88.401614653495372, 22.505922786342666 ], [ 88.401619755721825, 22.505941119650419 ], [ 88.401619928659656, 22.505959497846884 ], [ 88.401590612319936, 22.505987334472529 ], [ 88.401593487685759, 22.506030960245248 ], [ 88.401676485626126, 22.506207109702135 ], [ 88.401677199036726, 22.506282919757936 ], [ 88.401692462555303, 22.506333325120032 ], [ 88.401692916552022, 22.506381567881814 ], [ 88.40175918114825, 22.506613008975432 ], [ 88.401769515424633, 22.506663459219208 ], [ 88.401770120799981, 22.506727782896792 ], [ 88.401835218141144, 22.506835171133837 ], [ 88.401835455980972, 22.506860441148852 ], [ 88.401828191728796, 22.506874292138921 ], [ 88.401810982344216, 22.506879043825432 ], [ 88.401793881064179, 22.506895281880773 ], [ 88.401794075654848, 22.506915957347818 ], [ 88.401841963709174, 22.507028097257948 ], [ 88.401842633996196, 22.507099312752686 ], [ 88.40185536814765, 22.507142848713698 ], [ 88.40185623304869, 22.507234739672707 ], [ 88.401874004670233, 22.507289717101749 ], [ 88.401867237728126, 22.507356405394056 ], [ 88.40187048082565, 22.507439084805 ], [ 88.401931081745744, 22.507592463348573 ], [ 88.401933957281031, 22.507636089099652 ], [ 88.401921763653576, 22.507649984995695 ], [ 88.401939686734934, 22.507721043326949 ], [ 88.401959706890381, 22.507753025550361 ], [ 88.401959901514445, 22.507773701013747 ], [ 88.401947794377335, 22.507796786006864 ], [ 88.401948075499121, 22.507826650565061 ], [ 88.401965501244248, 22.507844871595548 ], [ 88.401965652619864, 22.507860952511297 ], [ 88.401951102423055, 22.507886357229896 ], [ 88.40194887561772, 22.507911649691636 ], [ 88.401973933291671, 22.507955073376657 ], [ 88.401979251909935, 22.507996379398602 ], [ 88.401994407632273, 22.508035298338505 ], [ 88.402026686380381, 22.50806027646788 ], [ 88.402063786369681, 22.508073723316283 ], [ 88.402145055991056, 22.508066090521613 ], [ 88.402297606689487, 22.508037130997881 ], [ 88.402683414828445, 22.50791184936697 ], [ 88.402850688365035, 22.507875862739109 ], [ 88.402951285679833, 22.507826698915096 ], [ 88.40301534563153, 22.507823817500622 ], [ 88.403128547598556, 22.507804405776252 ], [ 88.403180110991244, 22.507783258462272 ], [ 88.403337568811608, 22.507751955766668 ] ] ] } },
{ "type": "Feature", "properties": { "source": "KMC ward sewerage network map (ArcMap GeoPDF), water raster", "extraction_method": "geopdf_raster_polygonised", "wards": "101,102,105,106,107,108,109" }, "geometry": { "type": "Polygon", "coordinates": [ [ [ 88.401671664123924, 22.508313934545761 ], [ 88.401683965936598, 22.50831152503466 ], [ 88.401689025036248, 22.508325263782382 ], [ 88.401674301777135, 22.508332290289019 ], [ 88.401674431502116, 22.508346073931975 ], [ 88.401694170621582, 22.508348191625103 ], [ 88.401702105216685, 22.508405556126405 ], [ 88.401684874019438, 22.508408010534648 ], [ 88.401685046988192, 22.508426388724992 ], [ 88.401707207564996, 22.508423889420673 ], [ 88.401707380536834, 22.50844226761081 ], [ 88.401687684646149, 22.508444744467589 ], [ 88.401690365547438, 22.508467694757606 ], [ 88.401710018198173, 22.508460623352839 ], [ 88.401712612617089, 22.508474384547238 ], [ 88.403896296183433, 22.507928360526186 ], [ 88.403880035460745, 22.507772280928872 ], [ 88.403865139130133, 22.507760929452939 ], [ 88.40384542173328, 22.507761109295132 ], [ 88.40372990683511, 22.507796624898951 ], [ 88.402586515254185, 22.508091935132438 ], [ 88.40197910116801, 22.508242210124617 ], [ 88.401683728106235, 22.508286255022576 ], [ 88.401669069712938, 22.508300173350076 ], [ 88.401671664123924, 22.508313934545761 ] ] ] } },
{ "type": "Feature", "properties": { "source": "KMC ward sewerage network map (ArcMap GeoPDF), water raster", "extraction_method": "geopdf_raster_polygonised", "wards": "101,102,105,106,107,108,109" }, "geometry": { "type": "Polygon", "coordinates": [ [ [ 88.398981998118686, 22.508213908125306 ], [ 88.398942759564974, 22.508214262384548 ], [ 88.398866809244396, 22.508234257606105 ], [ 88.398855560007789, 22.508260105218362 ], [ 88.398924318453723, 22.508420397326102 ], [ 88.399050878162328, 22.508384926599909 ], [ 88.399000609091772, 22.508226613123767 ], [ 88.398981998118686, 22.508213908125306 ] ] ] } },
{ "type": "Feature", "properties": { "source": "KMC ward sewerage network map (ArcMap GeoPDF), water raster", "extraction_method": "geopdf_raster_polygonised", "wards": "101,102,105,106,107,108,109" }, "geometry": { "type": "Polygon", "coordinates": [ [ [ 88.401116294472189, 22.508537270058326 ], [ 88.401114096722978, 22.50854799398212 ], [ 88.401093350789978, 22.5085481758131 ], [ 88.401031306216126, 22.508567987987028 ], [ 88.401010517340879, 22.508563888319248 ], [ 88.401003709374692, 22.508574652646132 ], [ 88.40091633009159, 22.508596827741712 ], [ 88.400909350374363, 22.508590466111315 ], [ 88.40089554121451, 22.508592728059124 ], [ 88.400888733237849, 22.508603492381635 ], [ 88.40085878834229, 22.508605895728479 ], [ 88.400803659020113, 22.508625647217389 ], [ 88.400789763990772, 22.508619346179138 ], [ 88.400776062154193, 22.508632311838564 ], [ 88.400693271538969, 22.508652305674477 ], [ 88.40068398672274, 22.508645964231626 ], [ 88.400665674661411, 22.508658970277249 ], [ 88.400592104436697, 22.508678883273287 ], [ 88.400578295261354, 22.508681145194565 ], [ 88.400571315554274, 22.508674783549029 ], [ 88.400555308584515, 22.508687769386828 ], [ 88.400534562625751, 22.508687951146904 ], [ 88.400472517898294, 22.50870776311238 ], [ 88.400465538194354, 22.508701401462098 ], [ 88.400451729014122, 22.508703663372742 ], [ 88.40044492099706, 22.508714427678363 ], [ 88.400424175033294, 22.50871460942443 ], [ 88.400362130275937, 22.508734421348706 ], [ 88.400348235253219, 22.508728120271964 ], [ 88.40033451190402, 22.508738945151585 ], [ 88.400251721149289, 22.508758938766647 ], [ 88.400226343503704, 22.508757020125568 ], [ 88.400221819117078, 22.508765623486827 ], [ 88.400139049783149, 22.508787757790369 ], [ 88.400125176219788, 22.508783597439049 ], [ 88.400111474302591, 22.508796563045642 ], [ 88.400037925366419, 22.508818616540804 ], [ 88.400024116165525, 22.50882087841568 ], [ 88.400017136475, 22.508814516745296 ], [ 88.400001129434898, 22.508827502531222 ], [ 88.399927580462176, 22.508849555977609 ], [ 88.399913771255882, 22.508851817843258 ], [ 88.399909096678257, 22.508845435981346 ], [ 88.399881606978411, 22.508862804178847 ], [ 88.399808036514045, 22.508882716827312 ], [ 88.399794162949277, 22.508878556447488 ], [ 88.399780460990684, 22.508891522027813 ], [ 88.399755126223511, 22.508893884803754 ], [ 88.399706911943738, 22.508913575376731 ], [ 88.399693102726431, 22.508915837223945 ], [ 88.3996861230452, 22.508909475538747 ], [ 88.399670115961811, 22.508922461293743 ], [ 88.399589672990899, 22.508946715885696 ], [ 88.399580388200818, 22.508940374377868 ], [ 88.399566578978181, 22.508942636214467 ], [ 88.399559770879748, 22.508953400486423 ], [ 88.399477001310245, 22.508975534460181 ], [ 88.399470021635182, 22.508969172765301 ], [ 88.399456212407358, 22.508971434592652 ], [ 88.399449404298821, 22.508982198860437 ], [ 88.399366634691532, 22.509004332779124 ], [ 88.399359655019694, 22.508997971079296 ], [ 88.399345845786698, 22.509000232897435 ], [ 88.399343626450118, 22.509008816058238 ], [ 88.399299957962398, 22.509022043919966 ], [ 88.399253962909427, 22.509033151202029 ], [ 88.399244678127516, 22.509026809674413 ], [ 88.399226365873773, 22.509039815565131 ], [ 88.399189591263465, 22.509050842121123 ], [ 88.399143596190427, 22.509061949372551 ], [ 88.399134311411174, 22.509055607838441 ], [ 88.399115999142722, 22.509068613717282 ], [ 88.399090664325996, 22.509070976390831 ], [ 88.399079224514693, 22.509079640248846 ], [ 88.39903322942159, 22.509090747469646 ], [ 88.399023944644995, 22.50908440592903 ], [ 88.399005632361849, 22.509097411795992 ], [ 88.398980297536994, 22.509099774452537 ], [ 88.398966552601024, 22.509108458476497 ], [ 88.398920557487614, 22.509119565666001 ], [ 88.398897484897205, 22.509117626645253 ], [ 88.398892981852967, 22.509128370719488 ], [ 88.398810212054542, 22.509150504360662 ], [ 88.398798622167391, 22.509144182977884 ], [ 88.398782614970145, 22.509157168649878 ], [ 88.398702150250429, 22.509179282066398 ], [ 88.398683666450111, 22.509175161929996 ], [ 88.398674553154137, 22.509185946337631 ], [ 88.398589478163458, 22.509208100037892 ], [ 88.398575604595919, 22.509203939553021 ], [ 88.398561902487273, 22.509216905036528 ], [ 88.398479132574195, 22.509239038512614 ], [ 88.398467542693069, 22.509232717105693 ], [ 88.398451535453262, 22.509245702746711 ], [ 88.398426200586968, 22.509248065317866 ], [ 88.398414760717543, 22.509256729131323 ], [ 88.398368765502383, 22.509267836167734 ], [ 88.398361785859748, 22.509261474423202 ], [ 88.398350281697788, 22.5092637159932 ], [ 88.398345778606284, 22.509274460054325 ], [ 88.398267618856266, 22.509296553095737 ], [ 88.398237630883315, 22.509294674471793 ], [ 88.398230822662995, 22.509305438693222 ], [ 88.398148052635278, 22.509327572004199 ], [ 88.398141072999024, 22.509321210249794 ], [ 88.398129568827684, 22.509323451804445 ], [ 88.398125044291419, 22.509332055113717 ], [ 88.398088226652746, 22.509338799932912 ], [ 88.398083680688373, 22.509345262494577 ], [ 88.398037685412291, 22.509356369439107 ], [ 88.398028400659285, 22.509350027839879 ], [ 88.398010088242771, 22.509363033599687 ], [ 88.397938822319972, 22.509382925259981 ], [ 88.397911139449789, 22.509381026417099 ], [ 88.397902026078725, 22.509391810784461 ], [ 88.397867492109754, 22.509396394649357 ], [ 88.397862946133017, 22.509402857205352 ], [ 88.397816950816804, 22.509413964088601 ], [ 88.397793878183364, 22.50941202491147 ], [ 88.397796247566703, 22.509418426995193 ], [ 88.397780175978482, 22.509424990332871 ], [ 88.397757124763501, 22.509425191897407 ], [ 88.397752578780583, 22.509431654450584 ], [ 88.397706583444304, 22.509442761303198 ], [ 88.397688099631281, 22.50943864105291 ], [ 88.39767898623866, 22.509449425408629 ], [ 88.397596216021952, 22.50947155844435 ], [ 88.397575427085201, 22.509467458335177 ], [ 88.397566313681708, 22.509478242685024 ], [ 88.397524907141218, 22.509487168432859 ], [ 88.397537225177416, 22.509566275308426 ], [ 88.398079648923982, 22.509403102974495 ], [ 88.399070733016615, 22.509152506304112 ], [ 88.399896145570423, 22.50893332764797 ], [ 88.401163276878279, 22.508624636482793 ], [ 88.401170170721088, 22.508622435125606 ], [ 88.401170020418576, 22.508607449917832 ], [ 88.401160134380774, 22.508541167671712 ], [ 88.401125493415037, 22.508535048499585 ], [ 88.401116294472189, 22.508537270058326 ] ] ] } },
{ "type": "Feature", "properties": { "source": "KMC ward sewerage network map (ArcMap GeoPDF), water raster", "extraction_method": "geopdf_raster_polygonised", "wards": "101,102,105,106,107,108,109" }, "geometry": { "type": "Polygon", "coordinates": [ [ [ 88.402989403649272, 22.512134106557017 ], [ 88.403018049852705, 22.51203505423047 ], [ 88.403071841418026, 22.511988614424045 ], [ 88.403118087157495, 22.511926161119952 ], [ 88.403194429431849, 22.511918572632609 ], [ 88.403208828221977, 22.511877086904814 ], [ 88.403233389102013, 22.511867673076789 ], [ 88.403267527505406, 22.511828304819026 ], [ 88.403345251845067, 22.511705830226834 ], [ 88.403400750060356, 22.511578963352306 ], [ 88.403407559654894, 22.511516869598939 ], [ 88.403380209317916, 22.511491846857737 ], [ 88.403382262659875, 22.511448176227294 ], [ 88.403411774586075, 22.511441014694508 ], [ 88.403421720160139, 22.511450113871909 ], [ 88.403441438083689, 22.511449934054962 ], [ 88.403463469170148, 22.511433650859651 ], [ 88.403470430310819, 22.51138763800278 ], [ 88.403506686800924, 22.511311490884793 ], [ 88.403506491910832, 22.511290815444063 ], [ 88.403486644085774, 22.511277211640518 ], [ 88.403483919499976, 22.511249666863606 ], [ 88.403498513032687, 22.51122885655553 ], [ 88.403552369097071, 22.511189308421709 ], [ 88.40355431411065, 22.511134151434508 ], [ 88.403585749306529, 22.511069535615263 ], [ 88.403572970878258, 22.511021405315258 ], [ 88.403569315114424, 22.510895077876594 ], [ 88.403559153024702, 22.510863005993535 ], [ 88.403573768163596, 22.51084449295157 ], [ 88.403576059652551, 22.51082609230275 ], [ 88.403541293589313, 22.510798839746212 ], [ 88.403533661205429, 22.510773637196245 ], [ 88.403518786219081, 22.510764582978652 ], [ 88.403518612986801, 22.510746204807973 ], [ 88.40349364090396, 22.510711970513722 ], [ 88.403493294447202, 22.51067521417168 ], [ 88.403475543336853, 22.510622534269899 ], [ 88.403502438783647, 22.510599314306209 ], [ 88.403502265555019, 22.510580936135014 ], [ 88.40347251563071, 22.510562827689824 ], [ 88.403445403659092, 22.510563074933941 ], [ 88.403425772470499, 22.510572443830885 ], [ 88.403413405541812, 22.510567961668627 ], [ 88.403407999748794, 22.510517466647546 ], [ 88.403397967638924, 22.510499178378712 ], [ 88.403410031433779, 22.510471498741282 ], [ 88.403427197886771, 22.51046215232299 ], [ 88.403439348282348, 22.510443661769727 ], [ 88.403438958540136, 22.510402310882569 ], [ 88.403423715515999, 22.510354203037355 ], [ 88.403435649381706, 22.510312739769173 ], [ 88.403435237991147, 22.510269091609729 ], [ 88.403410136110892, 22.510221073665623 ], [ 88.403434090433691, 22.510147336216324 ], [ 88.403425960121211, 22.510069296409345 ], [ 88.403435559162631, 22.510041639246495 ], [ 88.403435256036971, 22.510009477443752 ], [ 88.403402825020308, 22.509968418736943 ], [ 88.403404445337216, 22.509878802665913 ], [ 88.403396921293194, 22.509865086461364 ], [ 88.403406541979933, 22.509839726571702 ], [ 88.403391515548591, 22.509814591433752 ], [ 88.403415274963592, 22.509720178541141 ], [ 88.403416873627933, 22.509628265196117 ], [ 88.403376940337836, 22.509575787543834 ], [ 88.40336649695449, 22.509513851102533 ], [ 88.403368636908709, 22.509479369550522 ], [ 88.403393045808826, 22.509453874814785 ], [ 88.403407032964409, 22.509368740908133 ], [ 88.403481641677899, 22.509177370610363 ], [ 88.403483478480609, 22.509110727251478 ], [ 88.403468387168445, 22.509078700299625 ], [ 88.403469076466365, 22.508890301529302 ], [ 88.403516356750899, 22.50867620572755 ], [ 88.40355032112285, 22.508618459263449 ], [ 88.403550082949508, 22.508593189272368 ], [ 88.403525111277403, 22.5085589549548 ], [ 88.403519965383623, 22.508536027186974 ], [ 88.40348526488286, 22.508515666397059 ], [ 88.403470108691039, 22.508476747623707 ], [ 88.403430262337906, 22.508433459049861 ], [ 88.403382697214639, 22.50835577880347 ], [ 88.403323220037038, 22.50832185907532 ], [ 88.403286249759987, 22.508322196160677 ], [ 88.403249431010138, 22.508338614143561 ], [ 88.403091864286651, 22.50835843042351 ], [ 88.403043003435585, 22.508404825248142 ], [ 88.402993926124466, 22.508428247334276 ], [ 88.402959442143427, 22.508430859150895 ], [ 88.402932200731229, 22.508417322652061 ], [ 88.402875512924311, 22.508417839377177 ], [ 88.40277223408512, 22.508444052910715 ], [ 88.40271576264503, 22.508467542307837 ], [ 88.402381235615763, 22.508541812457768 ], [ 88.402324785694589, 22.508567598995977 ], [ 88.402150333383616, 22.508626625221652 ], [ 88.402096348073584, 22.508652389228438 ], [ 88.402074382120986, 22.50867556404781 ], [ 88.402077690302491, 22.508765135253554 ], [ 88.402090273312311, 22.508792590262708 ], [ 88.402100240233281, 22.508803986811998 ], [ 88.402127351877695, 22.508803739811743 ], [ 88.402142291450858, 22.508819685995039 ], [ 88.402142486112922, 22.508840361454094 ], [ 88.402108283174911, 22.508872837646525 ], [ 88.402089084684917, 22.50892815183996 ], [ 88.402101927256837, 22.508983174125554 ], [ 88.402100500734022, 22.509093465694193 ], [ 88.402110813741643, 22.509141618612123 ], [ 88.402119354189324, 22.509263306724186 ], [ 88.402142250295142, 22.509338914639169 ], [ 88.40219011794386, 22.509448757083184 ], [ 88.402208019815916, 22.509517518077406 ], [ 88.40220129625142, 22.509588800909128 ], [ 88.402214398518609, 22.5096713904511 ], [ 88.402207437011285, 22.509717403279978 ], [ 88.402267606790716, 22.509824836128768 ], [ 88.402266029003442, 22.509919046771881 ], [ 88.402301573392421, 22.51002900144945 ], [ 88.402299952367684, 22.510118617544098 ], [ 88.402329961658012, 22.510164293491609 ], [ 88.402330286164243, 22.510198752581527 ], [ 88.402313422531307, 22.51024026070256 ], [ 88.402321876744793, 22.510352759684825 ], [ 88.402339670653163, 22.510410034284735 ], [ 88.402337876589257, 22.510481272194124 ], [ 88.402345573643572, 22.510513366631194 ], [ 88.402358027076076, 22.510527037967677 ], [ 88.402355778696588, 22.510550033152853 ], [ 88.402383150299073, 22.510577353362279 ], [ 88.40234989893959, 22.510710909608228 ], [ 88.402352471841709, 22.510722373510745 ], [ 88.402379692033108, 22.510733612811311 ], [ 88.402389745666866, 22.510754198421473 ], [ 88.402393638340385, 22.510905795940293 ], [ 88.402386655219601, 22.510949511497834 ], [ 88.402394222503119, 22.510967822294649 ], [ 88.402394720124946, 22.511020659559087 ], [ 88.402387672093766, 22.511057483299282 ], [ 88.402413141613437, 22.51114455503761 ], [ 88.402401272289609, 22.511192910061947 ], [ 88.402399824449191, 22.511300904320677 ], [ 88.402390225125828, 22.511328561432514 ], [ 88.402396106596782, 22.51142959648956 ], [ 88.402376648298514, 22.511457343445475 ], [ 88.402357060178687, 22.511471306765742 ], [ 88.402349947214915, 22.51150123868716 ], [ 88.402352628313679, 22.511524188949142 ], [ 88.402370141145269, 22.51155159899033 ], [ 88.40241718763636, 22.511574144946962 ], [ 88.402459456116418, 22.511612816718753 ], [ 88.402477033894087, 22.511647118562692 ], [ 88.402487606929398, 22.511722838690254 ], [ 88.40247119758213, 22.511812589540568 ], [ 88.402475566482451, 22.512014727016179 ], [ 88.402466573001419, 22.512106707747595 ], [ 88.402422532006938, 22.512141571154736 ], [ 88.402417862148511, 22.512169183343428 ], [ 88.402455612434281, 22.512251548195991 ], [ 88.402451007494449, 22.512286052200963 ], [ 88.402458531592913, 22.512299768443803 ], [ 88.402493124739621, 22.512308643045788 ], [ 88.402517945420271, 22.51232679658354 ], [ 88.40258449385712, 22.512326190043748 ], [ 88.402644080849029, 22.512371596308959 ], [ 88.402759816237264, 22.512359054011998 ], [ 88.402828894373158, 22.512365316717453 ], [ 88.402846104384778, 22.512360564892411 ], [ 88.402850817451124, 22.512337547239021 ], [ 88.40284307686639, 22.512300858301124 ], [ 88.402862535176368, 22.512273111290376 ], [ 88.402899225119114, 22.51224290971917 ], [ 88.402918553535457, 22.512201379073367 ], [ 88.402989403649272, 22.512134106557017 ] ] ] } },
{ "type": "Feature", "properties": { "source": "KMC ward sewerage network map (ArcMap GeoPDF), water raster", "extraction_method": "geopdf_raster_polygonised", "wards": "101,102,105,106,107,108,109" }, "geometry": { "type": "Polygon", "coordinates": [ [ [ 88.403012457662513, 22.517719041204781 ], [ 88.402980414585755, 22.517719333394236 ], [ 88.402943593371234, 22.517735751417387 ], [ 88.402911550289673, 22.517736043593327 ], [ 88.402842815880192, 22.517766537383793 ], [ 88.402833432782757, 22.517817167218805 ], [ 88.40288465685866, 22.518021174759955 ], [ 88.402885856086513, 22.518032169167974 ], [ 88.402867182626068, 22.51803230341449 ], [ 88.402880620220657, 22.518193146149962 ], [ 88.402903743948642, 22.518196163138452 ], [ 88.402908940848917, 22.518243807660326 ], [ 88.402982994959515, 22.518254619734659 ], [ 88.403012703223126, 22.518268133633448 ], [ 88.403084140902621, 22.518262887249548 ], [ 88.403123362127999, 22.518239554901704 ], [ 88.403130691743158, 22.518232595657214 ], [ 88.403130085373775, 22.518168272108468 ], [ 88.403104787108148, 22.518099578802961 ], [ 88.403096179834876, 22.517970999135191 ], [ 88.403060394225292, 22.517835774906363 ], [ 88.403054511726523, 22.517734739989926 ], [ 88.403012457662513, 22.517719041204781 ] ] ] } },
{ "type": "Feature", "properties": { "source": "KMC ward sewerage network map (ArcMap GeoPDF), water raster", "extraction_method": "geopdf_raster_polygonised", "wards": "101,102,105,106,107,108,109" }, "geometry": { "type": "Polygon", "coordinates": [ [ [ 88.402638384597751, 22.517784483470923 ], [ 88.402581692964191, 22.517785000286814 ], [ 88.402557109365688, 22.517792116793977 ], [ 88.402505780340547, 22.517838534050522 ], [ 88.402491294243603, 22.517870830646583 ], [ 88.402489175709846, 22.517907609440087 ], [ 88.402494754779099, 22.517976482611761 ], [ 88.40251010421656, 22.518034870092027 ], [ 88.40249829320642, 22.518034954975963 ], [ 88.402561805580163, 22.518286636835651 ], [ 88.402577091366041, 22.518289680776324 ], [ 88.402589353075228, 22.518336322657472 ], [ 88.402616509868253, 22.51834067002051 ], [ 88.402744466267137, 22.518316528785629 ], [ 88.402773763168426, 22.518286394600469 ], [ 88.40278068144795, 22.518235787242372 ], [ 88.402729998656753, 22.518089211420371 ], [ 88.402729240932871, 22.518008806969245 ], [ 88.402713369343758, 22.517894078298472 ], [ 88.402698190537237, 22.517852862267382 ], [ 88.402670644174151, 22.517807164050396 ], [ 88.402638384597751, 22.517784483470923 ] ] ] } },
{ "type": "Feature", "properties": { "source": "KMC ward sewerage network map (ArcMap GeoPDF), water raster", "extraction_method": "geopdf_raster_polygonised", "wards": "101,102,105,106,107,108,109" }, "geometry": { "type": "Polygon", "coordinates": [ [ [ 88.401460124704911, 22.518042412750358 ], [ 88.401451990163579, 22.517972199855368 ], [ 88.401168834179188, 22.518006943468443 ], [ 88.401159147728791, 22.518025411434333 ], [ 88.401159328082201, 22.518044572298415 ], [ 88.401138012918764, 22.518044725307796 ], [ 88.401160221571814, 22.518216234606779 ], [ 88.401183950528662, 22.518212967543871 ], [ 88.40118437449631, 22.518218098848518 ], [ 88.401160285165801, 22.51822159879778 ], [ 88.401188067016506, 22.518376974136917 ], [ 88.401205931127592, 22.518425127719357 ], [ 88.401212394607441, 22.518484092438591 ], [ 88.401231944834905, 22.518481467080193 ], [ 88.401242845582715, 22.518536984597397 ], [ 88.401368402477516, 22.518519758699458 ], [ 88.401530499749967, 22.518456250471957 ], [ 88.401599516016105, 22.518455621735747 ], [ 88.401619321474314, 22.518464631175402 ], [ 88.401656294475131, 22.51846429433559 ], [ 88.4016710187786, 22.518457267784449 ], [ 88.401703062043609, 22.51845697584691 ], [ 88.401764445734401, 22.518431144431165 ], [ 88.401769159128378, 22.518408126806655 ], [ 88.401759083329949, 22.518385243929316 ], [ 88.401758802093497, 22.518355379407758 ], [ 88.401765850548998, 22.518318555700105 ], [ 88.401765093373783, 22.518238151218288 ], [ 88.401752336395035, 22.518192318087682 ], [ 88.401732866649468, 22.518195125431411 ], [ 88.401732993173496, 22.518190101880901 ], [ 88.40174982826683, 22.51818774600325 ], [ 88.401734649703585, 22.518146529869821 ], [ 88.401731881982613, 22.518114390533221 ], [ 88.401741265498941, 22.518063760742777 ], [ 88.401740616512228, 22.517994842612655 ], [ 88.401708054179522, 22.51794000004698 ], [ 88.401456898251809, 22.517969857678587 ], [ 88.401465299844347, 22.518042375590895 ], [ 88.401460124704911, 22.518042412750358 ] ], [ [ 88.401480151256749, 22.518170564554982 ], [ 88.401480670865084, 22.518175049513857 ], [ 88.401475577157683, 22.518175789590885 ], [ 88.401475054680674, 22.518171279869907 ], [ 88.401480151256749, 22.518170564554982 ] ] ] } },
{ "type": "Feature", "properties": { "source": "KMC ward sewerage network map (ArcMap GeoPDF), water raster", "extraction_method": "geopdf_raster_polygonised", "wards": "101,102,105,106,107,108,109" }, "geometry": { "type": "Polygon", "coordinates": [ [ [ 88.402272636281992, 22.517948640122281 ], [ 88.402257912064599, 22.517955666724596 ], [ 88.402257588728943, 22.518036684693826 ], [ 88.402227389998131, 22.518036901678432 ], [ 88.402228185432776, 22.518103954035698 ], [ 88.402219794119276, 22.518125472911542 ], [ 88.402220271379377, 22.518165704325657 ], [ 88.402211816426998, 22.518181859012635 ], [ 88.402256063890263, 22.518267375415668 ], [ 88.402259186313032, 22.518268941706619 ], [ 88.402283515206193, 22.518318433268192 ], [ 88.402340488425438, 22.518347781060534 ], [ 88.402392142346713, 22.518335822901438 ], [ 88.402401828648024, 22.518317354869286 ], [ 88.402398476379162, 22.518223189254819 ], [ 88.402407881299354, 22.518174856708487 ], [ 88.402360074998541, 22.518071906417696 ], [ 88.402352139346249, 22.518014542057522 ], [ 88.402332052557668, 22.517975668191024 ], [ 88.40230467942142, 22.517948348070981 ], [ 88.402272636281992, 22.517948640122281 ] ] ] } },
{ "type": "Feature", "properties": { "source": "KMC ward sewerage network map (ArcMap GeoPDF), water raster", "extraction_method": "geopdf_raster_polygonised", "wards": "101,102,105,106,107,108,109" }, "geometry": { "type": "Polygon", "coordinates": [ [ [ 88.402001696739021, 22.517971786507385 ], [ 88.401979513020521, 22.517971988655869 ], [ 88.401952464495452, 22.517979127534545 ], [ 88.401920724245556, 22.518011581307835 ], [ 88.401906874406947, 22.518039204305307 ], [ 88.401867146316661, 22.51803948967277 ], [ 88.401874055396675, 22.518136003680532 ], [ 88.401892142382678, 22.518202931840211 ], [ 88.401924543724519, 22.518261710203319 ], [ 88.401926170606671, 22.518263097348701 ], [ 88.401953136930643, 22.518312254255804 ], [ 88.401995407449277, 22.518350926020243 ], [ 88.402034996744987, 22.518366647528044 ], [ 88.402059645390466, 22.518366422906364 ], [ 88.402086542510432, 22.51834320311244 ], [ 88.402088855901596, 22.518327099755645 ], [ 88.402088379844812, 22.518276559802729 ], [ 88.40206055228488, 22.518200996959472 ], [ 88.402050043693677, 22.518132168688172 ], [ 88.402061827038523, 22.518074624610993 ], [ 88.40206128608331, 22.518017192843843 ], [ 88.402028939997948, 22.517985323057285 ], [ 88.402001696739021, 22.517971786507385 ] ] ] } },
{ "type": "Feature", "properties": { "source": "KMC ward sewerage network map (ArcMap GeoPDF), water raster", "extraction_method": "geopdf_raster_polygonised", "wards": "101,102,105,106,107,108,109" }, "geometry": { "type": "Polygon", "coordinates": [ [ [ 88.401550633428926, 22.518570180549339 ], [ 88.401239922192957, 22.518618010996018 ], [ 88.401303814253126, 22.518901878578429 ], [ 88.401320143647382, 22.518899342430839 ], [ 88.401321464448216, 22.51890496595912 ], [ 88.401306759822887, 22.518907222077054 ], [ 88.401343315139627, 22.51907326366571 ], [ 88.401360023157082, 22.51907085313627 ], [ 88.40136124483503, 22.519076445346897 ], [ 88.401346260714888, 22.519078607163227 ], [ 88.401385888927308, 22.519260720610756 ], [ 88.401679277867018, 22.519210331913367 ], [ 88.401667398989147, 22.519158028485329 ], [ 88.401673736558308, 22.519157970744764 ], [ 88.401685010006943, 22.5192076084215 ], [ 88.401976263181211, 22.519155214183556 ], [ 88.402002747913144, 22.519154972832986 ], [ 88.402063166364186, 22.519499947500794 ], [ 88.40272173915622, 22.519377192422141 ], [ 88.402683247277139, 22.51914877007134 ], [ 88.402690669069955, 22.519148702405733 ], [ 88.402727471280201, 22.519374468893904 ], [ 88.40378023602247, 22.519195228929856 ], [ 88.403766851281659, 22.519138887068188 ], [ 88.403773216594416, 22.519138828991853 ], [ 88.403785968116182, 22.519192505365293 ], [ 88.404140692336156, 22.519135475761175 ], [ 88.404305574885313, 22.519133970928788 ], [ 88.403760380708007, 22.519222195002936 ], [ 88.404185951395633, 22.521322071763223 ], [ 88.404815518996358, 22.521183422709694 ], [ 88.406722526486718, 22.520853163218295 ], [ 88.406826150923052, 22.520841686371121 ], [ 88.406464729614029, 22.519114249402428 ], [ 88.40646921740489, 22.51911420838119 ], [ 88.40683188301665, 22.520838962698189 ], [ 88.407485203481926, 22.520759143019035 ], [ 88.40715759147291, 22.519107914727094 ], [ 88.407161964973099, 22.519107874731723 ], [ 88.407134657081016, 22.518968513074668 ], [ 88.407490935557917, 22.520756419323437 ], [ 88.408414843379148, 22.52064781922596 ], [ 88.408788831912545, 22.520588788301456 ], [ 88.408502438101806, 22.519095610595308 ], [ 88.408505319891376, 22.519095584217467 ], [ 88.408409992426641, 22.518587444342337 ], [ 88.408555011094663, 22.519348565138124 ], [ 88.409064224875834, 22.519269780465809 ], [ 88.409033486349486, 22.519090748889678 ], [ 88.409037731866235, 22.519090710015238 ], [ 88.408982880581064, 22.518764972533891 ], [ 88.408982706553758, 22.518746594424233 ], [ 88.40902849477007, 22.51863589695601 ], [ 88.409024920458592, 22.518518759075704 ], [ 88.409014728148847, 22.518502019595829 ], [ 88.409014580029222, 22.518489585072551 ], [ 88.408967382592238, 22.518398727401831 ], [ 88.408866482444154, 22.518396774270879 ], [ 88.408855560543358, 22.5183848149134 ], [ 88.408850270433504, 22.518297504219245 ], [ 88.408841903655187, 22.518286035771176 ], [ 88.408836033749253, 22.518260196126775 ], [ 88.408833746525914, 22.518256865945119 ], [ 88.408824034109273, 22.518130029606468 ], [ 88.408806171144377, 22.518065864171419 ], [ 88.408808027004596, 22.518001518211687 ], [ 88.408782595524499, 22.517919042354325 ], [ 88.408782073545737, 22.517863908014718 ], [ 88.408754612234958, 22.517827399998183 ], [ 88.408754416497786, 22.517806724620396 ], [ 88.408778782235942, 22.517776634540883 ], [ 88.40875522846035, 22.517632109974926 ], [ 88.40869077280199, 22.517593643137406 ], [ 88.408625142890401, 22.517431123993521 ], [ 88.408558287755739, 22.517399571450859 ], [ 88.408481877700339, 22.517400270822325 ], [ 88.408356605659534, 22.517447366616356 ], [ 88.408272888007119, 22.517457322622619 ], [ 88.408201320638184, 22.517448787689879 ], [ 88.408303437744266, 22.517993129833016 ], [ 88.40829850626038, 22.517993165452413 ], [ 88.408196390954771, 22.517448832800874 ], [ 88.408161796217129, 22.517439959514068 ], [ 88.408080478179983, 22.51744300107093 ], [ 88.407620204606275, 22.517516135912015 ], [ 88.407563665304394, 22.51753273533431 ], [ 88.406881967585221, 22.517651545127183 ], [ 88.406950709711083, 22.518002894728692 ], [ 88.406945453544566, 22.518002932649047 ], [ 88.406877059609144, 22.517653887464235 ], [ 88.406200290241443, 22.517772649357276 ], [ 88.406248779547695, 22.518007957250941 ], [ 88.406243475339693, 22.518007995494763 ], [ 88.406195382248484, 22.517774991674315 ], [ 88.40556291380075, 22.517886453683339 ], [ 88.404753135636867, 22.518018734057268 ], [ 88.404423434160421, 22.518021107839871 ], [ 88.404216411857391, 22.518062832831102 ], [ 88.404226851917869, 22.518114174878104 ], [ 88.404221017199717, 22.518115366617742 ], [ 88.40421067981832, 22.518065556408558 ], [ 88.40355224222381, 22.518199045586123 ], [ 88.40356411114135, 22.518250870845314 ], [ 88.403558038188052, 22.51825210590426 ], [ 88.403546510164873, 22.518201769140838 ], [ 88.402563142197252, 22.518399284775416 ], [ 88.402572028254539, 22.518453435287586 ], [ 88.402566235680524, 22.518454382640137 ], [ 88.402557410108813, 22.518402008296249 ], [ 88.40189003676754, 22.518511414121303 ], [ 88.40191988993169, 22.518681870573598 ], [ 88.40191403974903, 22.518682757497512 ], [ 88.40190587809785, 22.51863200486514 ], [ 88.401591143754928, 22.518675807422614 ], [ 88.401578868001451, 22.51861893007505 ], [ 88.401561712861493, 22.518621734225494 ], [ 88.401550633428926, 22.518570180549339 ] ], [ [ 88.402683097576571, 22.519042863914642 ], [ 88.40268649016366, 22.519042245700373 ], [ 88.402687409681135, 22.519047958378231 ], [ 88.402684039241549, 22.519048572556677 ], [ 88.402683097576571, 22.519042863914642 ] ], [ [ 88.402623388240485, 22.518680887719448 ], [ 88.402626685017296, 22.518680310610453 ], [ 88.402627578807568, 22.518686013259543 ], [ 88.402624327595319, 22.518686582392348 ], [ 88.402623388240485, 22.518680887719448 ] ], [ [ 88.401634375133227, 22.518848918124821 ], [ 88.40163567079405, 22.51885516407971 ], [ 88.401630030614299, 22.518855981861755 ], [ 88.401628681505827, 22.51884973104826 ], [ 88.401634375133227, 22.518848918124821 ] ], [ [ 88.401616758865671, 22.518909348132436 ], [ 88.401617819289626, 22.518914238295245 ], [ 88.40161170620712, 22.518915205013354 ], [ 88.401610646186001, 22.518910316707338 ], [ 88.401616758865671, 22.518909348132436 ] ], [ [ 88.401656296686255, 22.519081181851046 ], [ 88.401657073811009, 22.51908460358413 ], [ 88.401654740585286, 22.519084624841508 ], [ 88.401650865674441, 22.519085231209857 ], [ 88.40165015561378, 22.519082104763953 ], [ 88.401656296686255, 22.519081181851046 ] ], [ [ 88.401654271538348, 22.519032233669595 ], [ 88.401653063805526, 22.519026631777354 ], [ 88.401658308751465, 22.519025851907568 ], [ 88.4016595164845, 22.519031453799762 ], [ 88.401654271538348, 22.519032233669595 ] ], [ [ 88.40195160941262, 22.518862982827429 ], [ 88.401945502327024, 22.518863889191696 ], [ 88.401944701463307, 22.51885905150413 ], [ 88.401950764117416, 22.518858156358544 ], [ 88.40195160941262, 22.518862982827429 ] ], [ [ 88.401975735639567, 22.519033350884872 ], [ 88.401981306323052, 22.519032546073952 ], [ 88.401982149203292, 22.519037358739336 ], [ 88.401976545117321, 22.519038168376021 ], [ 88.401975735639567, 22.519033350884872 ] ], [ [ 88.403635530273334, 22.518555244512186 ], [ 88.403636633582323, 22.518560066679626 ], [ 88.403630527102521, 22.51856115383389 ], [ 88.403629423793745, 22.518556331666396 ], [ 88.403635530273334, 22.518555244512186 ] ], [ [ 88.403715113906557, 22.518853078216669 ], [ 88.40371637563328, 22.518858735283295 ], [ 88.403711161729547, 22.51885970632452 ], [ 88.403709900003037, 22.518854049257847 ], [ 88.403715113906557, 22.518853078216669 ] ], [ [ 88.40436284009192, 22.518782932367738 ], [ 88.404363827916157, 22.518787790224572 ], [ 88.404360580077096, 22.518788400782558 ], [ 88.404359635324894, 22.51878353482865 ], [ 88.40436284009192, 22.518782932367738 ] ], [ [ 88.404290739683361, 22.518444687219155 ], [ 88.404289779698587, 22.51843984567056 ], [ 88.40429296243785, 22.518439291634593 ], [ 88.404293946101959, 22.518444129061198 ], [ 88.404290739683361, 22.518444687219155 ] ], [ [ 88.403631154449698, 22.518508612397383 ], [ 88.403629871524743, 22.518502978143072 ], [ 88.403635104523431, 22.518502062916731 ], [ 88.403636387448586, 22.518507697171 ], [ 88.403631154449698, 22.518508612397383 ] ], [ [ 88.403718755456978, 22.518909579234016 ], [ 88.403713903957822, 22.518909623496551 ], [ 88.403712451461061, 22.518909895372953 ], [ 88.40371170150506, 22.518906738487019 ], [ 88.403717810661362, 22.518905602185466 ], [ 88.403718755456978, 22.518909579234016 ] ], [ [ 88.404534628996728, 22.519374879316992 ], [ 88.404563608059476, 22.519388082271 ], [ 88.404624129521167, 22.519387646500824 ], [ 88.405122009771077, 22.51932504972962 ], [ 88.405145065550371, 22.519324883645183 ], [ 88.405148234401963, 22.519349001698124 ], [ 88.404604242486315, 22.519411930579416 ], [ 88.40454080717474, 22.51940970500161 ], [ 88.404508850545014, 22.519388476519666 ], [ 88.404376357964097, 22.519153386153651 ], [ 88.404361788815024, 22.519140079430059 ], [ 88.404344016548521, 22.519133620059257 ], [ 88.404393871130893, 22.519133165006647 ], [ 88.404446449227308, 22.519230668862626 ], [ 88.40442745865532, 22.519132858424495 ], [ 88.404433984141434, 22.519132798859982 ], [ 88.404458232008608, 22.5192520425997 ], [ 88.40452002794548, 22.519358890518905 ], [ 88.404534628996728, 22.519374879316992 ] ] ] } },
{ "type": "Feature", "properties": { "source": "KMC ward sewerage network map (ArcMap GeoPDF), water raster", "extraction_method": "geopdf_raster_polygonised", "wards": "101,102,105,106,107,108,109" }, "geometry": { "type": "Polygon", "coordinates": [ [ [ 88.402026546423855, 22.51932854194548 ], [ 88.401998572504041, 22.519157074261159 ], [ 88.401687955598135, 22.519212951911864 ], [ 88.401727393445043, 22.519378972680915 ], [ 88.402026546423855, 22.51932854194548 ] ] ] } },
{ "type": "Feature", "properties": { "source": "KMC ward sewerage network map (ArcMap GeoPDF), water raster", "extraction_method": "geopdf_raster_polygonised", "wards": "101,102,105,106,107,108,109" }, "geometry": { "type": "Polygon", "coordinates": [ [ [ 88.401721661299163, 22.519381696174552 ], [ 88.401682223458053, 22.519215675403839 ], [ 88.401388834508552, 22.5192660641071 ], [ 88.401416744104679, 22.519432167742778 ], [ 88.401721661299163, 22.519381696174552 ] ] ] } },
{ "type": "Feature", "properties": { "source": "KMC ward sewerage network map (ArcMap GeoPDF), water raster", "extraction_method": "geopdf_raster_polygonised", "wards": "101,102,105,106,107,108,109" }, "geometry": { "type": "Polygon", "coordinates": [ [ [ 88.40202949203065, 22.519333885428722 ], [ 88.401730339041862, 22.519384316170129 ], [ 88.401766958639428, 22.519555721809542 ], [ 88.402057434220751, 22.519502671006258 ], [ 88.40202949203065, 22.519333885428722 ] ] ] } },
{ "type": "Feature", "properties": { "source": "KMC ward sewerage network map (ArcMap GeoPDF), water raster", "extraction_method": "geopdf_raster_polygonised", "wards": "101,102,105,106,107,108,109" }, "geometry": { "type": "Polygon", "coordinates": [ [ [ 88.401724606895826, 22.519387039663872 ], [ 88.401419689691124, 22.519437511238184 ], [ 88.401453522358381, 22.51961698394506 ], [ 88.401761226487309, 22.519558445304856 ], [ 88.401724606895826, 22.519387039663872 ] ] ] } },
{ "type": "Feature", "properties": { "source": "KMC ward sewerage network map (ArcMap GeoPDF), water raster", "extraction_method": "geopdf_raster_polygonised", "wards": "101,102,105,106,107,108,109" }, "geometry": { "type": "Polygon", "coordinates": [ [ [ 88.401478804582439, 22.519804565007412 ], [ 88.40151158784029, 22.519895528566646 ], [ 88.401518369617278, 22.519981314198024 ], [ 88.401548716255462, 22.520109847762861 ], [ 88.401566338784718, 22.520380635805058 ], [ 88.401590189980467, 22.520447522577403 ], [ 88.401610745685133, 22.520479562818579 ], [ 88.401611509096966, 22.520543933079431 ], [ 88.40165113818459, 22.520726046390536 ], [ 88.401646773807727, 22.520844099928869 ], [ 88.401710127185524, 22.52108237158318 ], [ 88.401735282888126, 22.521259224165693 ], [ 88.401789863328062, 22.521486829490442 ], [ 88.401816501430886, 22.521545649221249 ], [ 88.401822997206196, 22.521607295966813 ], [ 88.401896638593939, 22.521740883032006 ], [ 88.40248070323257, 22.521653533945646 ], [ 88.403116165809749, 22.521525578320468 ], [ 88.403901396394303, 22.521388495524032 ], [ 88.404180219225182, 22.521324795345404 ], [ 88.403754616764132, 22.519222236474572 ], [ 88.403139020796132, 22.519323228088492 ], [ 88.401485446806433, 22.519635530959562 ], [ 88.401472372700766, 22.519748282411754 ], [ 88.401478804582439, 22.519804565007412 ] ] ] } },
{ "type": "Feature", "properties": { "source": "KMC ward sewerage network map (ArcMap GeoPDF), water raster", "extraction_method": "geopdf_raster_polygonised", "wards": "101,102,105,106,107,108,109" }, "geometry": { "type": "Polygon", "coordinates": [ [ [ 88.399789450485429, 22.522206638165432 ], [ 88.399592119035731, 22.521607212607208 ], [ 88.399516510163863, 22.521307334393544 ], [ 88.39935858519236, 22.520871247656228 ], [ 88.399222359911505, 22.520563756757888 ], [ 88.399171777734594, 22.5204300030491 ], [ 88.399190427179505, 22.520301117801772 ], [ 88.399229949350286, 22.520231094099501 ], [ 88.399157295930877, 22.520180650632486 ], [ 88.39897646847065, 22.520487731513921 ], [ 88.399073257873511, 22.520629201134714 ], [ 88.399171127391554, 22.520861861982134 ], [ 88.399473678997111, 22.521828012338222 ], [ 88.399693717141929, 22.522397769651707 ], [ 88.399895034831445, 22.522846956264175 ], [ 88.399545426138161, 22.52301844971775 ], [ 88.399069196498104, 22.52320694394675 ], [ 88.399049339707247, 22.523233909501268 ], [ 88.39841054541813, 22.523568412385622 ], [ 88.398407822105554, 22.52358184351505 ], [ 88.398454760761766, 22.523651247713239 ], [ 88.398478007839117, 22.52366717512821 ], [ 88.398498182332446, 22.52366703060504 ], [ 88.399056691995199, 22.523367973003761 ], [ 88.399664289464368, 22.523076608537721 ], [ 88.399824540639102, 22.522978895690233 ], [ 88.399956288860508, 22.522908210365809 ], [ 88.399973549397757, 22.522905404239623 ], [ 88.400272477466402, 22.523321702238061 ], [ 88.400460394551189, 22.523612727064936 ], [ 88.401008511903271, 22.524625392946191 ], [ 88.401169081834269, 22.524554499669204 ], [ 88.401171868502303, 22.524546432693974 ], [ 88.400797671462257, 22.523859762423111 ], [ 88.400676644948504, 22.523619222096162 ], [ 88.400424845225615, 22.523288421108887 ], [ 88.400232213509668, 22.523085946690912 ], [ 88.400065044097062, 22.522843054520088 ], [ 88.399905282054476, 22.522495498401931 ], [ 88.399789450485429, 22.522206638165432 ] ] ] } },
{ "type": "Feature", "properties": { "source": "KMC ward sewerage network map (ArcMap GeoPDF), water raster", "extraction_method": "geopdf_raster_polygonised", "wards": "101,102,105,106,107,108,109" }, "geometry": { "type": "Polygon", "coordinates": [ [ [ 88.401986886045123, 22.529347296306163 ], [ 88.402024036149484, 22.529320206101879 ], [ 88.402061472705071, 22.529317254706214 ], [ 88.402087253205167, 22.52930365780578 ], [ 88.402219769957483, 22.529297340609087 ], [ 88.402291442518475, 22.529264637534652 ], [ 88.402325996867873, 22.529261706798593 ], [ 88.402371729752588, 22.529229190175023 ], [ 88.402478529641499, 22.529241833893291 ], [ 88.402487016997114, 22.529228361271365 ], [ 88.402596444354316, 22.529219527466065 ], [ 88.402656715421287, 22.529197635497194 ], [ 88.402864232385028, 22.529196143046146 ], [ 88.40286670058093, 22.529161255148136 ], [ 88.402842751504366, 22.529086322473066 ], [ 88.402818261112429, 22.528965794263478 ], [ 88.402829216623346, 22.528917433726996 ], [ 88.40284622307091, 22.528893170540115 ], [ 88.402874790049808, 22.528871506521259 ], [ 88.403104153627439, 22.528767928533902 ], [ 88.40313838933055, 22.528738176733889 ], [ 88.40315248168271, 22.52871125216306 ], [ 88.403157481625144, 22.528646840541558 ], [ 88.403139710874527, 22.52860673360551 ], [ 88.40311848468771, 22.528518369785861 ], [ 88.403084185184397, 22.528057257669737 ], [ 88.403027226819248, 22.527872587376628 ], [ 88.402990793956448, 22.527717274927532 ], [ 88.402996048728326, 22.527674320022733 ], [ 88.403018787455807, 22.527647333270821 ], [ 88.40309036343757, 22.527606583616631 ], [ 88.403210904003586, 22.527562799357895 ], [ 88.403230887924323, 22.527546561673233 ], [ 88.403230696826114, 22.527530469133612 ], [ 88.403042338548516, 22.526960490121539 ], [ 88.402892309248443, 22.526462657762266 ], [ 88.402816976639343, 22.526186920589694 ], [ 88.402816085124812, 22.526111822044726 ], [ 88.402824604113107, 22.526101031502218 ], [ 88.402818617003234, 22.526082298318489 ], [ 88.399624233299392, 22.526507586863339 ], [ 88.395961844781795, 22.527089051777818 ], [ 88.395818181436312, 22.527127631323349 ], [ 88.395726396639475, 22.527165839945706 ], [ 88.395683481478613, 22.527192969935367 ], [ 88.395609369911526, 22.527263240083638 ], [ 88.395544285132516, 22.527365633598023 ], [ 88.395519423598216, 22.527457010340406 ], [ 88.395514261605499, 22.527508011416277 ], [ 88.395509704549113, 22.52785406397701 ], [ 88.395558923198422, 22.527872488508628 ], [ 88.395579098326976, 22.527872344320407 ], [ 88.395617010267244, 22.527909625918682 ], [ 88.395707086500607, 22.527970675587635 ], [ 88.395715891516062, 22.527984024277963 ], [ 88.395725298937236, 22.528048332841546 ], [ 88.395792793585187, 22.528149778741689 ], [ 88.395830737367717, 22.528189742380057 ], [ 88.395929365253735, 22.528242683803121 ], [ 88.395992646115459, 22.528231502084189 ], [ 88.396121645984579, 22.528171568591194 ], [ 88.396176407152439, 22.528171177019846 ], [ 88.396216884346458, 22.528181616873646 ], [ 88.396300467183792, 22.528181019154889 ], [ 88.396361151274519, 22.528193996786072 ], [ 88.396413347468965, 22.528220446724124 ], [ 88.396430640473497, 22.528220323040369 ], [ 88.396433173727516, 22.528190799351222 ], [ 88.39648457692401, 22.528150196823375 ], [ 88.396689401037861, 22.528164825612706 ], [ 88.396712616988964, 22.52817807114862 ], [ 88.396733141129019, 22.528207429884734 ], [ 88.396739444793255, 22.528252984300728 ], [ 88.39675125899457, 22.528277040697631 ], [ 88.396774570148779, 22.528298332515082 ], [ 88.396870094174531, 22.528332519278674 ], [ 88.396945252678833, 22.528350757766226 ], [ 88.397028962516956, 22.528360888051996 ], [ 88.397066652844387, 22.52837939460148 ], [ 88.39709886443363, 22.528422081266118 ], [ 88.397174149946963, 22.528451048029734 ], [ 88.397229006406263, 22.528458702384857 ], [ 88.397329882402673, 22.528457980350218 ], [ 88.397364309768975, 22.528444322298171 ], [ 88.397439087516275, 22.528430375390677 ], [ 88.397556653419926, 22.528378569588856 ], [ 88.397642991526396, 22.528367222147384 ], [ 88.397688884022969, 22.52834811729177 ], [ 88.397858963707606, 22.52834958172815 ], [ 88.397904856165141, 22.528330476812684 ], [ 88.397930763927803, 22.528327608949034 ], [ 88.397993822372783, 22.528297651778228 ], [ 88.398060112215816, 22.528297176994332 ], [ 88.398103630487057, 22.528321006199526 ], [ 88.398138216496605, 22.528320758465707 ], [ 88.398164124250442, 22.528317890564804 ], [ 88.398209984896852, 22.528296103469302 ], [ 88.398273392566423, 22.528295649243638 ], [ 88.398331162925416, 22.528305964671404 ], [ 88.39848629178617, 22.528261936066979 ], [ 88.398613043554519, 22.528255663184282 ], [ 88.398667645885709, 22.528241860288208 ], [ 88.3987916107492, 22.528243654205209 ], [ 88.398860687410476, 22.528235112151851 ], [ 88.398889318457179, 22.528218813003878 ], [ 88.399050846738447, 22.528228384445903 ], [ 88.399091038186398, 22.528214684713316 ], [ 88.399278347069867, 22.528210659496576 ], [ 88.399315974074028, 22.52822380131763 ], [ 88.399333711914068, 22.52826122664225 ], [ 88.399360032708671, 22.528293225776018 ], [ 88.399394904683476, 22.52831711662045 ], [ 88.39940671933951, 22.528341172798541 ], [ 88.399438582057002, 22.528354355923298 ], [ 88.399533725331224, 22.528356355941447 ], [ 88.399559982629327, 22.528382990850901 ], [ 88.399615125174961, 22.528414783232545 ], [ 88.399690061531601, 22.528414245760278 ], [ 88.399739185512772, 22.528424622692306 ], [ 88.399765252157707, 22.528435165002996 ], [ 88.399768325030152, 22.52845123689125 ], [ 88.399791604867517, 22.528469846152461 ], [ 88.399857894742993, 22.528469370623981 ], [ 88.399901476923333, 22.528498563511086 ], [ 88.399973753664369, 22.528516821235279 ], [ 88.400002988610922, 22.528551481668412 ], [ 88.400043625096501, 22.52857533100557 ], [ 88.40007887873783, 22.528631406811037 ], [ 88.400079260222384, 22.528663591930489 ], [ 88.400065485164617, 22.528717337195179 ], [ 88.400025897684984, 22.528781996945835 ], [ 88.400023460563389, 22.528819566931112 ], [ 88.400055609556418, 22.528856888763656 ], [ 88.400081708096195, 22.528870113110397 ], [ 88.400128713086829, 22.528944880828988 ], [ 88.400192693275855, 22.528992703507264 ], [ 88.400235989546829, 22.52899775745308 ], [ 88.400267502748264, 22.528981437378484 ], [ 88.400293410560408, 22.528978569130906 ], [ 88.400373507423524, 22.528927030192563 ], [ 88.400500355021137, 22.528928802075132 ], [ 88.400563953719669, 22.528944439488253 ], [ 88.400575609630991, 22.528955085102677 ], [ 88.400595784874568, 22.528954940277671 ], [ 88.400604304203753, 22.528944149838757 ], [ 88.400670276261252, 22.528916853039149 ], [ 88.400733684149046, 22.528916397829889 ], [ 88.400768397485109, 22.528926877892932 ], [ 88.40079753729988, 22.528953491888476 ], [ 88.400855467098623, 22.52897721684695 ], [ 88.400896326493395, 22.529019840599201 ], [ 88.400917169692761, 22.52907601966896 ], [ 88.40096065685276, 22.529097165969684 ], [ 88.400978172592133, 22.529115816436367 ], [ 88.400998920414125, 22.529163949216386 ], [ 88.40102530537861, 22.529201312230022 ], [ 88.401043330097025, 22.529262876159528 ], [ 88.401106960810395, 22.529281195438351 ], [ 88.40115637149114, 22.529315710741855 ], [ 88.401312391227222, 22.52934677797198 ], [ 88.401327024859782, 22.529365449098819 ], [ 88.401408107850443, 22.52939705449241 ], [ 88.401455304636102, 22.529487914321656 ], [ 88.401487326887448, 22.529514507472296 ], [ 88.401562136497986, 22.52950324073327 ], [ 88.401700004168205, 22.529462015354575 ], [ 88.401737186185287, 22.52943760730356 ], [ 88.401777441320121, 22.529429271079621 ], [ 88.401828875115683, 22.529391348997411 ], [ 88.401923828090489, 22.529377255018701 ], [ 88.401932251854873, 22.529358418241365 ], [ 88.401955182019734, 22.529347524165761 ], [ 88.401986886045123, 22.529347296306163 ] ] ] } },
{ "type": "Feature", "properties": { "source": "KMC ward sewerage network map (ArcMap GeoPDF), water raster", "extraction_method": "geopdf_raster_polygonised", "wards": "101,102,105,106,107,108,109" }, "geometry": { "type": "Polygon", "coordinates": [ [ [ 88.403130379809056, 22.528791880730893 ], [ 88.402949758396815, 22.528873649608684 ], [ 88.402892465228902, 22.528903567217821 ], [ 88.402864057469301, 22.528938641689464 ], [ 88.402855888611668, 22.528978935228015 ], [ 88.402904455520741, 22.529185124457186 ], [ 88.40298643044099, 22.529291827553813 ], [ 88.403230396610127, 22.529204238233923 ], [ 88.403261782060227, 22.529177189231334 ], [ 88.403284361698056, 22.529136791990137 ], [ 88.403292625995761, 22.529104544704477 ], [ 88.403291861524011, 22.529040174560045 ], [ 88.403276781738228, 22.528983954371405 ], [ 88.403231765422134, 22.528834068417524 ], [ 88.403217067901537, 22.52881003329389 ], [ 88.403185109210668, 22.52878880467302 ], [ 88.403130379809056, 22.528791880730893 ] ] ] } },
{ "type": "Feature", "properties": { "source": "KMC ward sewerage network map (ArcMap GeoPDF), water raster", "extraction_method": "geopdf_raster_polygonised", "wards": "101,102,105,106,107,108,109" }, "geometry": { "type": "Polygon", "coordinates": [ [ [ 88.400207382118765, 22.530231830390889 ], [ 88.400195503557796, 22.530202410107023 ], [ 88.40016629998749, 22.530170431828552 ], [ 88.40013434140198, 22.530149202597332 ], [ 88.400082270992854, 22.5301334823166 ], [ 88.400044548023402, 22.530112294429248 ], [ 88.40001518555097, 22.530066905655872 ], [ 88.400000297682226, 22.530026777662766 ], [ 88.399959597184136, 22.529997564154087 ], [ 88.399812446041636, 22.529985208259092 ], [ 88.39976028036736, 22.529961441589215 ], [ 88.399705359650795, 22.529948423949207 ], [ 88.399670677905803, 22.529940625760322 ], [ 88.399615916120169, 22.529941018555864 ], [ 88.399575819589401, 22.529962764719798 ], [ 88.399561631065822, 22.529981642734644 ], [ 88.399562298493223, 22.530037966696906 ], [ 88.399613298268818, 22.530206587144395 ], [ 88.399614601396578, 22.530316552969516 ], [ 88.399595029830479, 22.530367657454104 ], [ 88.399598070955889, 22.530381047247431 ], [ 88.399601048514896, 22.53038907285411 ], [ 88.399627115528247, 22.530399615166473 ], [ 88.399661733818093, 22.530402049172253 ], [ 88.399772211356279, 22.530481726304409 ], [ 88.39980968009003, 22.530481457507783 ], [ 88.399826846199488, 22.530470605072981 ], [ 88.399855318625583, 22.530440895275056 ], [ 88.399869348207233, 22.530408606770266 ], [ 88.400056691763098, 22.530407262591936 ], [ 88.400128460829009, 22.530382606708436 ], [ 88.400165516203245, 22.530347470626303 ], [ 88.400190915554376, 22.530301688901066 ], [ 88.400207668274135, 22.530255969224289 ], [ 88.400207382118765, 22.530231830390889 ] ] ] } },
{ "type": "Feature", "properties": { "source": "KMC ward sewerage network map (ArcMap GeoPDF), water raster", "extraction_method": "geopdf_raster_polygonised", "wards": "101,102,105,106,107,108,109" }, "geometry": { "type": "Polygon", "coordinates": [ [ [ 88.404242265379693, 22.475399695086754 ], [ 88.40406834929594, 22.475411520777946 ], [ 88.403413762680756, 22.475492882610251 ], [ 88.403402794846471, 22.475506743341242 ], [ 88.403376946738589, 22.475513849377734 ], [ 88.403389453509689, 22.475651402646232 ], [ 88.403437207359389, 22.475977935924561 ], [ 88.403445032278384, 22.476019166763908 ], [ 88.40346728281672, 22.476022416335855 ], [ 88.403511713936851, 22.476022033016655 ], [ 88.403774213198105, 22.475981911303183 ], [ 88.4040035639281, 22.475959282898561 ], [ 88.404162460368909, 22.475926937722395 ], [ 88.404236442167758, 22.475919416081993 ], [ 88.404288068427661, 22.475898321275285 ], [ 88.404309898970709, 22.475860276022104 ], [ 88.404309583979853, 22.475829304990398 ], [ 88.404242265379693, 22.475399695086754 ] ] ] } },
{ "type": "Feature", "properties": { "source": "KMC ward sewerage network map (ArcMap GeoPDF), water raster", "extraction_method": "geopdf_raster_polygonised", "wards": "101,102,105,106,107,108,109" }, "geometry": { "type": "Polygon", "coordinates": [ [ [ 88.405820400998039, 22.477650589405872 ], [ 88.405539421266212, 22.477694315761813 ], [ 88.40552848852397, 22.477711617854983 ], [ 88.405518186357213, 22.477790861963989 ], [ 88.405517566569927, 22.478093721585761 ], [ 88.405536219928408, 22.478107326513342 ], [ 88.405662320089945, 22.478126886035795 ], [ 88.405758869189256, 22.478153583891711 ], [ 88.405870088744109, 22.478166388795302 ], [ 88.405933033734627, 22.4781658447688 ], [ 88.405977395403141, 22.478158578290738 ], [ 88.405984695562509, 22.478148190617151 ], [ 88.405979170625969, 22.477969279059629 ], [ 88.405984473276988, 22.477762741709341 ], [ 88.405980385162579, 22.477724920265167 ], [ 88.405957538582825, 22.477663170275001 ], [ 88.405935182615451, 22.477649597396187 ], [ 88.405820400998039, 22.477650589405872 ] ] ] } },
{ "type": "Feature", "properties": { "source": "KMC ward sewerage network map (ArcMap GeoPDF), water raster", "extraction_method": "geopdf_raster_polygonised", "wards": "101,102,105,106,107,108,109" }, "geometry": { "type": "Polygon", "coordinates": [ [ [ 88.40255992630793, 22.478924567597385 ], [ 88.402529361006401, 22.478831909870177 ], [ 88.402523316030624, 22.478601379575181 ], [ 88.402511473896595, 22.478529209576347 ], [ 88.402481817645594, 22.478526023739981 ], [ 88.402505956367648, 22.478715099695169 ], [ 88.402507040110223, 22.478821777737387 ], [ 88.402529990289509, 22.478893851957864 ], [ 88.402620847265993, 22.479089235663977 ], [ 88.402793548139826, 22.479321770316123 ], [ 88.402854119878356, 22.479452025999976 ], [ 88.40288884285421, 22.479589387647909 ], [ 88.402919303673585, 22.479671721599289 ], [ 88.402931670724357, 22.479795509934171 ], [ 88.402936077212772, 22.480229104410856 ], [ 88.402947220303744, 22.480232449827575 ], [ 88.402958328422145, 22.48023235401763 ], [ 88.402954901089672, 22.479895113874552 ], [ 88.402939076113427, 22.479795446062859 ], [ 88.402941589764595, 22.479678412439309 ], [ 88.402910744251585, 22.479558225004489 ], [ 88.402838330011463, 22.479355799393247 ], [ 88.402781600882307, 22.479239276673994 ], [ 88.402665349308478, 22.479095734981716 ], [ 88.40255992630793, 22.478924567597385 ] ] ] } },
{ "type": "Feature", "properties": { "source": "KMC ward sewerage network map (ArcMap GeoPDF), water raster", "extraction_method": "geopdf_raster_polygonised", "wards": "101,102,105,106,107,108,109" }, "geometry": { "type": "Polygon", "coordinates": [ [ [ 88.40339845506638, 22.47981557395531 ], [ 88.403364815975308, 22.479784890439618 ], [ 88.403294080009388, 22.479747643907519 ], [ 88.40327161899306, 22.47972374698961 ], [ 88.403249297902079, 22.47971361497077 ], [ 88.403230784442684, 22.479713774683486 ], [ 88.403171891146727, 22.479748698007622 ], [ 88.403131231477332, 22.479755931805403 ], [ 88.403123896043738, 22.479762878137105 ], [ 88.403127913525793, 22.479793817229485 ], [ 88.403150724302478, 22.479852126425516 ], [ 88.403147581241598, 22.479907217978081 ], [ 88.403170077246969, 22.479934556138023 ], [ 88.403188695671105, 22.479944720107763 ], [ 88.403214614557669, 22.479944496513944 ], [ 88.403247624022214, 22.479913237999874 ], [ 88.403277245599398, 22.479912982453257 ], [ 88.403292196311128, 22.479926619579967 ], [ 88.403314412495746, 22.479926427914261 ], [ 88.403380816167129, 22.479901764321095 ], [ 88.403417563262394, 22.479873915053808 ], [ 88.403417318375631, 22.479849826476332 ], [ 88.40339845506638, 22.47981557395531 ] ] ] } },
{ "type": "Feature", "properties": { "source": "KMC ward sewerage network map (ArcMap GeoPDF), water raster", "extraction_method": "geopdf_raster_polygonised", "wards": "101,102,105,106,107,108,109" }, "geometry": { "type": "Polygon", "coordinates": [ [ [ 88.403146047140083, 22.480120605911651 ], [ 88.403123830922866, 22.480120797555724 ], [ 88.403109439831482, 22.480162220025047 ], [ 88.403124390555888, 22.480175857166387 ], [ 88.403142904077569, 22.480175697462755 ], [ 88.403150449397288, 22.480189398483155 ], [ 88.403147516203518, 22.480265137387402 ], [ 88.4032588072848, 22.480284826466676 ], [ 88.403281023526915, 22.480284634802661 ], [ 88.40326939069314, 22.480233112254002 ], [ 88.403321018679137, 22.480212017678735 ], [ 88.403312843669923, 22.480136374610471 ], [ 88.403286924748727, 22.4801365982219 ], [ 88.403242667211572, 22.480154187673541 ], [ 88.403183284039201, 22.480140933851544 ], [ 88.403153662412336, 22.480141189383374 ], [ 88.403146047140083, 22.480120605911651 ] ] ] } },
{ "type": "Feature", "properties": { "source": "KMC ward sewerage network map (ArcMap GeoPDF), water raster", "extraction_method": "geopdf_raster_polygonised", "wards": "101,102,105,106,107,108,109" }, "geometry": { "type": "Polygon", "coordinates": [ [ [ 88.404518252464442, 22.48032557903333 ], [ 88.404432845154091, 22.480302225817926 ], [ 88.404384254870621, 22.480257905521608 ], [ 88.404339542357633, 22.480230759359557 ], [ 88.404317046080919, 22.480203421378029 ], [ 88.404283581728706, 22.480189944190318 ], [ 88.404227516119207, 22.48013880532767 ], [ 88.404197894506069, 22.480139061051311 ], [ 88.404179486007052, 22.480149544548148 ], [ 88.404153567093061, 22.480149768299004 ], [ 88.404146266696003, 22.480160155899512 ], [ 88.404150284420496, 22.480191094952723 ], [ 88.404135473607937, 22.480191222808426 ], [ 88.404102394288586, 22.480215599048101 ], [ 88.404081158090548, 22.480312145102339 ], [ 88.40409268622561, 22.480353343903772 ], [ 88.404141661485866, 22.480435517755048 ], [ 88.404164437796467, 22.48049038555202 ], [ 88.404186899090234, 22.480514282329139 ], [ 88.404249880193049, 22.480517180129389 ], [ 88.404283169591181, 22.480513451200757 ], [ 88.404282854534472, 22.480482480186552 ], [ 88.404330709713065, 22.480454534811514 ], [ 88.404378774923302, 22.480447236765258 ], [ 88.404401131217199, 22.480460809840189 ], [ 88.404434420596047, 22.48045708088118 ], [ 88.404544871657649, 22.480394179691611 ], [ 88.404548294264274, 22.480366617930486 ], [ 88.404518252464442, 22.48032557903333 ] ] ] } },
{ "type": "Feature", "properties": { "source": "KMC ward sewerage network map (ArcMap GeoPDF), water raster", "extraction_method": "geopdf_raster_polygonised", "wards": "101,102,105,106,107,108,109" }, "geometry": { "type": "Polygon", "coordinates": [ [ [ 88.402922070750591, 22.480308380351239 ], [ 88.402904676313426, 22.480418659259186 ], [ 88.402901847904715, 22.480504721841491 ], [ 88.402933183293001, 22.480673086414313 ], [ 88.403001021363934, 22.480789513208634 ], [ 88.403026870458319, 22.480782407185888 ], [ 88.40298928365516, 22.480727666962892 ], [ 88.402959032370234, 22.480665980403288 ], [ 88.402931574530882, 22.480514790029375 ], [ 88.402930700209623, 22.480428759384044 ], [ 88.402951552523703, 22.480294359956712 ], [ 88.402951342685512, 22.480273712601537 ], [ 88.402936531856554, 22.480273840347543 ], [ 88.402922070750591, 22.480308380351239 ] ] ] } },
{ "type": "Feature", "properties": { "source": "KMC ward sewerage network map (ArcMap GeoPDF), water raster", "extraction_method": "geopdf_raster_polygonised", "wards": "101,102,105,106,107,108,109" }, "geometry": { "type": "Polygon", "coordinates": [ [ [ 88.403090901007772, 22.480888542197086 ], [ 88.403056876964868, 22.480820005150761 ], [ 88.403027255191958, 22.480820260666729 ], [ 88.403095303284545, 22.480957334763897 ], [ 88.403141100165968, 22.481091159252376 ], [ 88.403170721995053, 22.481090903712563 ], [ 88.403170652035413, 22.481084021262177 ], [ 88.403090901007772, 22.480888542197086 ] ] ] } },
{ "type": "Feature", "properties": { "source": "KMC ward sewerage network map (ArcMap GeoPDF), water raster", "extraction_method": "geopdf_raster_polygonised", "wards": "101,102,105,106,107,108,109" }, "geometry": { "type": "Polygon", "coordinates": [ [ [ 88.403156295855098, 22.481128884960455 ], [ 88.403157939900964, 22.481290622543163 ], [ 88.403140790432943, 22.481424990035997 ], [ 88.403170412333083, 22.481424734492617 ], [ 88.403184733552962, 22.4813764295683 ], [ 88.403185917692028, 22.481128629417427 ], [ 88.403156295855098, 22.481128884960455 ] ] ] } },
{ "type": "Feature", "properties": { "source": "KMC ward sewerage network map (ArcMap GeoPDF), water raster", "extraction_method": "geopdf_raster_polygonised", "wards": "101,102,105,106,107,108,109" }, "geometry": { "type": "Polygon", "coordinates": [ [ [ 88.404314872973345, 22.481445830977133 ], [ 88.404277845610721, 22.481446150668621 ], [ 88.404218741854507, 22.481460427051285 ], [ 88.404192997725644, 22.481477856938508 ], [ 88.404178606841711, 22.481519279487443 ], [ 88.404172146510206, 22.481612256455133 ], [ 88.404191220310295, 22.481667156196657 ], [ 88.404228702824042, 22.481711572425919 ], [ 88.404291754487247, 22.481721352628192 ], [ 88.404328781922842, 22.481721032929777 ], [ 88.404354561086734, 22.48170704424313 ], [ 88.404402591712639, 22.481696304945697 ], [ 88.404417227625288, 22.481678970941825 ], [ 88.404416877509178, 22.481644558710769 ], [ 88.404378834788943, 22.481545082955872 ], [ 88.40435623324754, 22.481507421325631 ], [ 88.404344669910301, 22.481462781334333 ], [ 88.404314872973345, 22.481445830977133 ] ] ] } },
{ "type": "Feature", "properties": { "source": "KMC ward sewerage network map (ArcMap GeoPDF), water raster", "extraction_method": "geopdf_raster_polygonised", "wards": "101,102,105,106,107,108,109" }, "geometry": { "type": "Polygon", "coordinates": [ [ [ 88.403154312277451, 22.481662338734782 ], [ 88.403163356660542, 22.481459210629531 ], [ 88.403133699773463, 22.481456024946905 ], [ 88.403123640939398, 22.481559357526528 ], [ 88.403135623658528, 22.481645292324753 ], [ 88.403145302865951, 22.481868908060804 ], [ 88.403163816612562, 22.481868748343306 ], [ 88.403154312277451, 22.481662338734782 ] ] ] } },
{ "type": "Feature", "properties": { "source": "KMC ward sewerage network map (ArcMap GeoPDF), water raster", "extraction_method": "geopdf_raster_polygonised", "wards": "101,102,105,106,107,108,109" }, "geometry": { "type": "Polygon", "coordinates": [ [ [ 88.404696745023784, 22.481490714779014 ], [ 88.404637536250632, 22.48149466764546 ], [ 88.404615424877122, 22.481505183174885 ], [ 88.404600789007247, 22.481522517194911 ], [ 88.404508430641656, 22.481543963912603 ], [ 88.404519888996987, 22.481578280219729 ], [ 88.404542315520871, 22.481598735709131 ], [ 88.404542875755311, 22.481653795276088 ], [ 88.404495475401959, 22.481726476627639 ], [ 88.404473959204992, 22.48179549293031 ], [ 88.404433579129304, 22.481830256866061 ], [ 88.404430156480998, 22.481857818622906 ], [ 88.404456565891266, 22.481905771932702 ], [ 88.404501384025139, 22.481943241696719 ], [ 88.404520458005891, 22.481998141388132 ], [ 88.404528493776823, 22.482060019447996 ], [ 88.404856392615557, 22.481895435859503 ], [ 88.404859114722626, 22.481799049650458 ], [ 88.404836232832949, 22.481733858317906 ], [ 88.4048045096187, 22.481527640818101 ], [ 88.40478941850364, 22.481500238960205 ], [ 88.404781452704995, 22.481445243358799 ], [ 88.404762939027549, 22.481445403259176 ], [ 88.404722559124735, 22.48148016725991 ], [ 88.404696745023784, 22.481490714779014 ] ] ] } },
{ "type": "Feature", "properties": { "source": "KMC ward sewerage network map (ArcMap GeoPDF), water raster", "extraction_method": "geopdf_raster_polygonised", "wards": "101,102,105,106,107,108,109" }, "geometry": { "type": "Polygon", "coordinates": [ [ [ 88.403134649361888, 22.481913739814086 ], [ 88.403135139087468, 22.481961916962486 ], [ 88.40311372711578, 22.482041256792538 ], [ 88.40310719610666, 22.482127351299606 ], [ 88.403082571054952, 22.482254900216574 ], [ 88.403108490372702, 22.482254676617888 ], [ 88.403156865865057, 22.48191354815393 ], [ 88.403134649361888, 22.481913739814086 ] ] ] } },
{ "type": "Feature", "properties": { "source": "KMC ward sewerage network map (ArcMap GeoPDF), water raster", "extraction_method": "geopdf_raster_polygonised", "wards": "101,102,105,106,107,108,109" }, "geometry": { "type": "Polygon", "coordinates": [ [ [ 88.404963747245489, 22.482255868635598 ], [ 88.404978523245873, 22.482252299470598 ], [ 88.404996826867261, 22.482231492207998 ], [ 88.404996476598427, 22.482197079987888 ], [ 88.404977437427618, 22.482145621587208 ], [ 88.404924373002771, 22.48202562660321 ], [ 88.404867991182172, 22.481943517023847 ], [ 88.404863973225531, 22.48191257800579 ], [ 88.40453237160483, 22.482077193586449 ], [ 88.404574607585801, 22.482224814426193 ], [ 88.404667876873475, 22.482292839434336 ], [ 88.404690688753988, 22.482351148340953 ], [ 88.404720626014281, 22.482381863503974 ], [ 88.404757723661234, 22.482388426142677 ], [ 88.404783642985194, 22.482388202273427 ], [ 88.404809387196138, 22.482370772288931 ], [ 88.404846414796182, 22.482370452462831 ], [ 88.404886759886992, 22.482332247201029 ], [ 88.404886689838264, 22.482325364756775 ], [ 88.404841871477842, 22.482287895113242 ], [ 88.404845259026416, 22.482256892130483 ], [ 88.404863702763777, 22.482249849770771 ], [ 88.404922946870698, 22.482249338027586 ], [ 88.404963747245489, 22.482255868635598 ] ] ] } },
{ "type": "Feature", "properties": { "source": "KMC ward sewerage network map (ArcMap GeoPDF), water raster", "extraction_method": "geopdf_raster_polygonised", "wards": "101,102,105,106,107,108,109" }, "geometry": { "type": "Polygon", "coordinates": [ [ [ 88.404404560876571, 22.482253815042696 ], [ 88.40437822143376, 22.482212744174703 ], [ 88.404341228878891, 22.482216505114121 ], [ 88.404318942318412, 22.482209814493913 ], [ 88.404274509239471, 22.482210198136233 ], [ 88.404245062227858, 22.482227660006604 ], [ 88.404226933529145, 22.482265673305211 ], [ 88.404234969192927, 22.482327551383605 ], [ 88.404283595202656, 22.482375312902398 ], [ 88.404317550238929, 22.482436967180764 ], [ 88.404366351374875, 22.482501934784725 ], [ 88.404373826927312, 22.482508753285792 ], [ 88.404403484055038, 22.482511938726883 ], [ 88.404492315384687, 22.482507730126454 ], [ 88.404525430167752, 22.48248679501167 ], [ 88.404573566093646, 22.482486379318807 ], [ 88.404588237078571, 22.4824724865204 ], [ 88.404584149127317, 22.482434665049894 ], [ 88.404557704546846, 22.482383270548841 ], [ 88.404512711174334, 22.482328594697112 ], [ 88.404505095566051, 22.482308011311414 ], [ 88.404404560876571, 22.482253815042696 ] ] ] } },
{ "type": "Feature", "properties": { "source": "KMC ward sewerage network map (ArcMap GeoPDF), water raster", "extraction_method": "geopdf_raster_polygonised", "wards": "101,102,105,106,107,108,109" }, "geometry": { "type": "Polygon", "coordinates": [ [ [ 88.406489983726942, 22.482311507760556 ], [ 88.406475102576564, 22.482304753403124 ], [ 88.40647492725877, 22.482287547304214 ], [ 88.406459870795942, 22.482263586846113 ], [ 88.406393186151249, 22.482260721971443 ], [ 88.406378515377327, 22.482274614924155 ], [ 88.406386411746439, 22.482322727966601 ], [ 88.406401433142207, 22.482343247211844 ], [ 88.406397905694163, 22.482360485329878 ], [ 88.406409224338205, 22.482381036592642 ], [ 88.406409469772939, 22.482405125131507 ], [ 88.406424491181582, 22.482425644373759 ], [ 88.406446672671947, 22.482422011036338 ], [ 88.406446532419707, 22.482408246157249 ], [ 88.40643528389333, 22.482394577337171 ], [ 88.40643881133731, 22.482377339218576 ], [ 88.406446181789548, 22.482373833959389 ], [ 88.406434617702359, 22.48232919416068 ], [ 88.406449288475812, 22.482315301202942 ], [ 88.406490088918844, 22.482321831419817 ], [ 88.406489983726942, 22.482311507760556 ] ] ] } },
{ "type": "Feature", "properties": { "source": "KMC ward sewerage network map (ArcMap GeoPDF), water raster", "extraction_method": "geopdf_raster_polygonised", "wards": "101,102,105,106,107,108,109" }, "geometry": { "type": "Polygon", "coordinates": [ [ [ 88.403026474962871, 22.482565121519929 ], [ 88.403062453254748, 22.482461565358218 ], [ 88.403097801854358, 22.482296067143984 ], [ 88.403071917508257, 22.482299731966158 ], [ 88.403043099933313, 22.482379135672513 ], [ 88.403029233303485, 22.482472176508928 ], [ 88.403000450651987, 22.4825550214339 ], [ 88.403011663890652, 22.482565249285258 ], [ 88.403026474962871, 22.482565121519929 ] ] ] } },
{ "type": "Feature", "properties": { "source": "KMC ward sewerage network map (ArcMap GeoPDF), water raster", "extraction_method": "geopdf_raster_polygonised", "wards": "101,102,105,106,107,108,109" }, "geometry": { "type": "Polygon", "coordinates": [ [ [ 88.406792587252312, 22.482935247722843 ], [ 88.406733062333018, 22.482908230414871 ], [ 88.406688067959891, 22.482853555226416 ], [ 88.406624594848182, 22.482802481365912 ], [ 88.406609292825621, 22.482754432391776 ], [ 88.406590498451195, 22.482727062755551 ], [ 88.406586515148248, 22.482699565023566 ], [ 88.406567685719679, 22.482668754164401 ], [ 88.406537818138005, 22.482644921808706 ], [ 88.406504002348768, 22.482597032931121 ], [ 88.406433018709819, 22.482535699367457 ], [ 88.406432738206576, 22.482508169609467 ], [ 88.406380408688662, 22.482460440798484 ], [ 88.406312812395257, 22.482368104176423 ], [ 88.406249234470437, 22.482306706486405 ], [ 88.406174758674695, 22.482266052129933 ], [ 88.406091720634706, 22.482111901486331 ], [ 88.405971234708474, 22.481916776226889 ], [ 88.405918800427145, 22.481858723580785 ], [ 88.405806105960892, 22.481701387585868 ], [ 88.405753812010232, 22.481657099761374 ], [ 88.405716294002829, 22.481609242689505 ], [ 88.405701377919641, 22.481599047033072 ], [ 88.405671756014627, 22.481599303043332 ], [ 88.405531577546299, 22.481652137339864 ], [ 88.405476351789019, 22.481683588291038 ], [ 88.405446799937366, 22.481690726704016 ], [ 88.405391539108621, 22.48171873640613 ], [ 88.405358249467341, 22.481722465576404 ], [ 88.405262363533978, 22.481761150829357 ], [ 88.405258800921231, 22.481774947708335 ], [ 88.405300932449066, 22.481912244663288 ], [ 88.405702289842154, 22.482779481835198 ], [ 88.405789696585799, 22.482998983853182 ], [ 88.40580094510382, 22.48301265271806 ], [ 88.405839129480967, 22.483125892928651 ], [ 88.405839339776705, 22.483146540250861 ], [ 88.405883948376697, 22.483163362263486 ], [ 88.405906340308064, 22.483180376315598 ], [ 88.405924854207086, 22.483180216272149 ], [ 88.405939805533649, 22.483193853116649 ], [ 88.406006525681931, 22.483200159376295 ], [ 88.40616944800378, 22.48319875081857 ], [ 88.406228867776392, 22.483215444673764 ], [ 88.406251084457722, 22.483215252576631 ], [ 88.406269703538882, 22.483225416152429 ], [ 88.406299325782186, 22.483225160014651 ], [ 88.406351340017522, 22.483241917858251 ], [ 88.40639975667348, 22.483269031362799 ], [ 88.406500082427442, 22.48330257898694 ], [ 88.40670415628604, 22.483342112261038 ], [ 88.406804131420657, 22.483341247500487 ], [ 88.406807764056168, 22.483334333033451 ], [ 88.406852092221513, 22.483323625018301 ], [ 88.40688880436268, 22.483292333741456 ], [ 88.40687290591184, 22.483185784083069 ], [ 88.406823191480569, 22.483031345623417 ], [ 88.406822875820012, 22.483000374652775 ], [ 88.406811697353064, 22.482993588302268 ], [ 88.406811416768647, 22.482966058550332 ], [ 88.406792587252312, 22.482935247722843 ] ] ] } },
{ "type": "Feature", "properties": { "source": "KMC ward sewerage network map (ArcMap GeoPDF), water raster", "extraction_method": "geopdf_raster_polygonised", "wards": "101,102,105,106,107,108,109" }, "geometry": { "type": "Polygon", "coordinates": [ [ [ 88.406623472671598, 22.482692362346064 ], [ 88.406682751991369, 22.482695291165925 ], [ 88.406690227661869, 22.482702109553045 ], [ 88.406723482413526, 22.482694938878637 ], [ 88.406715761250737, 22.482664031958279 ], [ 88.406674715215544, 22.482633413269131 ], [ 88.40660030926098, 22.482599641565162 ], [ 88.406562545237861, 22.482527696186864 ], [ 88.406536660973231, 22.482531361563005 ], [ 88.406525938406276, 22.482569311044443 ], [ 88.406552138271849, 22.482596616645594 ], [ 88.406593640142816, 22.482671971220974 ], [ 88.406623472671598, 22.482692362346064 ] ] ] } },
{ "type": "Feature", "properties": { "source": "KMC ward sewerage network map (ArcMap GeoPDF), water raster", "extraction_method": "geopdf_raster_polygonised", "wards": "101,102,105,106,107,108,109" }, "geometry": { "type": "Polygon", "coordinates": [ [ [ 88.402589132531716, 22.482892397140613 ], [ 88.402585499691199, 22.482899311523067 ], [ 88.402604223392927, 22.4829197992144 ], [ 88.402769484457579, 22.482784154399063 ], [ 88.402857791438876, 22.482728328313893 ], [ 88.402986059314372, 22.48259644389481 ], [ 88.402967440537452, 22.482586279922263 ], [ 88.40293086754464, 22.482631335243497 ], [ 88.40285384384272, 22.482704271676909 ], [ 88.402743460120988, 22.482774054272937 ], [ 88.40263328610358, 22.482864484149868 ], [ 88.402589132531716, 22.482892397140613 ] ] ] } },
{ "type": "Feature", "properties": { "source": "KMC ward sewerage network map (ArcMap GeoPDF), water raster", "extraction_method": "geopdf_raster_polygonised", "wards": "101,102,105,106,107,108,109" }, "geometry": { "type": "Polygon", "coordinates": [ [ [ 88.405707429478085, 22.48292053988008 ], [ 88.40555186632416, 22.482553641311565 ], [ 88.405510645360948, 22.482505816205158 ], [ 88.405418111333788, 22.482510057361715 ], [ 88.405167374400207, 22.482615469565626 ], [ 88.405148965664267, 22.482625953183096 ], [ 88.405141700256422, 22.482639782050061 ], [ 88.40514198050623, 22.482667311822929 ], [ 88.405183341528925, 22.482728901912807 ], [ 88.405202556031782, 22.482797566384892 ], [ 88.405225228092604, 22.482842110310973 ], [ 88.405232913906957, 22.482869576097144 ], [ 88.405234034993526, 22.482979695180571 ], [ 88.405249161405834, 22.483010538200567 ], [ 88.405353855218394, 22.483109437771461 ], [ 88.405372474225544, 22.483119601455144 ], [ 88.405420645391629, 22.483122626719219 ], [ 88.405494630890004, 22.483115104315548 ], [ 88.405698283710677, 22.483113344245638 ], [ 88.405738874085316, 22.483099227318686 ], [ 88.405742436675965, 22.483085430432006 ], [ 88.405742051161454, 22.483047577006033 ], [ 88.405734260096665, 22.483009787588653 ], [ 88.40572297653901, 22.48299267749816 ], [ 88.40571867798154, 22.482934208751576 ], [ 88.405707429478085, 22.48292053988008 ] ] ] } },
{ "type": "Feature", "properties": { "source": "KMC ward sewerage network map (ArcMap GeoPDF), water raster", "extraction_method": "geopdf_raster_polygonised", "wards": "101,102,105,106,107,108,109" }, "geometry": { "type": "Polygon", "coordinates": [ [ [ 88.403992597302775, 22.483255414131325 ], [ 88.404048069064515, 22.483248052206406 ], [ 88.404077551317215, 22.483234031584825 ], [ 88.40406955065238, 22.48317559472741 ], [ 88.404047053916202, 22.483148256739483 ], [ 88.404028434992838, 22.483138092897935 ], [ 88.403995109957378, 22.483138380582115 ], [ 88.403973068282696, 22.483155778483383 ], [ 88.403973838354759, 22.483231485391787 ], [ 88.403992597302775, 22.483255414131325 ] ] ] } },
{ "type": "Feature", "properties": { "source": "KMC ward sewerage network map (ArcMap GeoPDF), water raster", "extraction_method": "geopdf_raster_polygonised", "wards": "101,102,105,106,107,108,109" }, "geometry": { "type": "Polygon", "coordinates": [ [ [ 88.405477343410141, 22.483235707040276 ], [ 88.405466094903275, 22.483222038152476 ], [ 88.405465849621919, 22.483197949606236 ], [ 88.405454671199138, 22.483191163159173 ], [ 88.405358714233088, 22.483222966071008 ], [ 88.405336707764221, 22.483243805371657 ], [ 88.405333670685309, 22.483309220567218 ], [ 88.405375277265236, 22.4833948991357 ], [ 88.405393931351981, 22.483408504035449 ], [ 88.405419955976953, 22.483418603716828 ], [ 88.405575437978953, 22.483413818520745 ], [ 88.405694207514969, 22.483440324202657 ], [ 88.405753452107291, 22.483439812128442 ], [ 88.405760752537617, 22.483429424456563 ], [ 88.405760402059428, 22.483395012252881 ], [ 88.405752891345116, 22.483384752602387 ], [ 88.405755963273592, 22.483322778629937 ], [ 88.405733290959887, 22.483278234793797 ], [ 88.405699825730977, 22.48326475795001 ], [ 88.405570228342967, 22.483265878032679 ], [ 88.405514581478286, 22.483256034373849 ], [ 88.405477343410141, 22.483235707040276 ] ] ] } },
{ "type": "Feature", "properties": { "source": "KMC ward sewerage network map (ArcMap GeoPDF), water raster", "extraction_method": "geopdf_raster_polygonised", "wards": "101,102,105,106,107,108,109" }, "geometry": { "type": "Polygon", "coordinates": [ [ [ 88.408106290387352, 22.486114168412239 ], [ 88.408368912093621, 22.486084362002607 ], [ 88.408457359138453, 22.486042297739669 ], [ 88.40847552220356, 22.486007725231584 ], [ 88.408474995413528, 22.485956107002966 ], [ 88.408436737778857, 22.485835985174493 ], [ 88.408383774192544, 22.485726315254258 ], [ 88.408334021922045, 22.485568436224728 ], [ 88.408250663353513, 22.485383316036142 ], [ 88.408147878013764, 22.485108884485534 ], [ 88.408091352568192, 22.485013011360998 ], [ 88.407985496927978, 22.484800553621568 ], [ 88.407962367291674, 22.48471127434096 ], [ 88.407962261978298, 22.484700950691312 ], [ 88.407980776063155, 22.48470079040143 ], [ 88.408058851179447, 22.484731088108326 ], [ 88.408221775148888, 22.484729677385022 ], [ 88.408299288521818, 22.484704915514946 ], [ 88.408298832056133, 22.484660179706207 ], [ 88.408260645216885, 22.484546940223474 ], [ 88.408128203023239, 22.484269323895173 ], [ 88.408105108512231, 22.484183485846081 ], [ 88.408040546012757, 22.484025734891997 ], [ 88.408002184064443, 22.483895289235569 ], [ 88.40795137992437, 22.483634173487768 ], [ 88.407942815979339, 22.483520677436847 ], [ 88.407950010937967, 22.48349996602278 ], [ 88.407948992980394, 22.483400170726807 ], [ 88.407937112399296, 22.483324560116021 ], [ 88.40788411517039, 22.483211448711977 ], [ 88.40782423895773, 22.483150019650942 ], [ 88.407790738486128, 22.483133102032507 ], [ 88.407756606283641, 22.483054242490866 ], [ 88.40765761403263, 22.483151461926685 ], [ 88.407646505703809, 22.483151558072283 ], [ 88.407602388224134, 22.483182913606672 ], [ 88.407513872477494, 22.483218094899172 ], [ 88.407454698203097, 22.483225490051357 ], [ 88.407474896415295, 22.483390508287517 ], [ 88.407509660196951, 22.483531309808818 ], [ 88.407570413774835, 22.483678769422326 ], [ 88.407605177741218, 22.4838195709095 ], [ 88.407635572182102, 22.483895021302573 ], [ 88.407624463793837, 22.483895117449691 ], [ 88.407553619365771, 22.48384754931848 ], [ 88.407438481819156, 22.483814130564404 ], [ 88.407205170684563, 22.483812707982921 ], [ 88.407064218920993, 22.483789836882046 ], [ 88.40693800821677, 22.48375995508729 ], [ 88.406815745875505, 22.483754129691363 ], [ 88.406674759144664, 22.483727817024491 ], [ 88.406500201859643, 22.483677703906316 ], [ 88.406118568837343, 22.483656913264994 ], [ 88.405766102585204, 22.483591129806022 ], [ 88.405573312141257, 22.483568705449457 ], [ 88.405417479570389, 22.483539078444121 ], [ 88.405109937773815, 22.48352108663585 ], [ 88.404947085056406, 22.483529376585196 ], [ 88.404829051078167, 22.483575136005083 ], [ 88.404748360160795, 22.483651546517709 ], [ 88.404508974167328, 22.483780950419529 ], [ 88.404490670279671, 22.483801757636989 ], [ 88.404258444297639, 22.483907008679346 ], [ 88.40405615544924, 22.484042974673198 ], [ 88.403769086574144, 22.484217529003356 ], [ 88.403739744081676, 22.484245314471117 ], [ 88.403699223143676, 22.484266313366124 ], [ 88.403419838907695, 22.484468332983276 ], [ 88.403243223234284, 22.484579985790894 ], [ 88.403173429403452, 22.484635652389631 ], [ 88.403070380062914, 22.484698488920174 ], [ 88.40299321543101, 22.484757660561289 ], [ 88.402908540137332, 22.484806572380251 ], [ 88.402947632284608, 22.485009285167681 ], [ 88.402992975819842, 22.485098373663483 ], [ 88.403027560735836, 22.485221970214731 ], [ 88.403087925672409, 22.485331578234838 ], [ 88.403159364253838, 22.485437649157703 ], [ 88.403186053892995, 22.485513132429137 ], [ 88.403201879937086, 22.485612800105827 ], [ 88.403228604627259, 22.485691724588865 ], [ 88.403304166261677, 22.485839058153402 ], [ 88.4034235674591, 22.485927507427906 ], [ 88.403512680997352, 22.485950829037446 ], [ 88.403572276694604, 22.485984729935627 ], [ 88.403606197400862, 22.486042943085785 ], [ 88.403800356275568, 22.486199577292631 ], [ 88.403845350721639, 22.486254253268154 ], [ 88.403890695269524, 22.486343341447895 ], [ 88.403995355807226, 22.486438800561281 ], [ 88.404099631355336, 22.486496406161706 ], [ 88.404163140378202, 22.486550922176779 ], [ 88.404208240127403, 22.486615921699499 ], [ 88.404220049054885, 22.48668465020209 ], [ 88.404279890352299, 22.486742639358802 ], [ 88.404446484796395, 22.486737759133856 ], [ 88.404760633807683, 22.486676539798282 ], [ 88.404975085219178, 22.486643713433292 ], [ 88.405163511291818, 22.486600787102859 ], [ 88.405466796311202, 22.486563750945642 ], [ 88.405673526130542, 22.48650001670071 ], [ 88.405995325074215, 22.486462819527375 ], [ 88.406187278067705, 22.486402653919928 ], [ 88.406660473089232, 22.48632284796124 ], [ 88.408106290387352, 22.486114168412239 ] ], [ [ 88.407869778872225, 22.484347274726883 ], [ 88.407899471538443, 22.484353900716481 ], [ 88.407955294485149, 22.484380949602802 ], [ 88.407992708721196, 22.48441848240984 ], [ 88.408019330495563, 22.484487082332635 ], [ 88.408019892184328, 22.484542141797334 ], [ 88.407994674596068, 22.48461119053847 ], [ 88.407954364885214, 22.484652837774668 ], [ 88.407902806287822, 22.484680816304795 ], [ 88.407873253959664, 22.484687955186423 ], [ 88.407806603256446, 22.484688532175294 ], [ 88.407776910521306, 22.48468190617228 ], [ 88.407724790297522, 22.484654825177348 ], [ 88.407683638150104, 22.484613883143016 ], [ 88.40765334879319, 22.484548756426136 ], [ 88.407652717056308, 22.484486814518561 ], [ 88.407674372376064, 22.484431562741573 ], [ 88.407718314728058, 22.484383001087505 ], [ 88.40777357606737, 22.484354990566239 ], [ 88.407803128331992, 22.484347851705973 ], [ 88.407869778872225, 22.484347274726883 ] ] ] } },
{ "type": "Feature", "properties": { "source": "KMC ward sewerage network map (ArcMap GeoPDF), water raster", "extraction_method": "geopdf_raster_polygonised", "wards": "101,102,105,106,107,108,109" }, "geometry": { "type": "Polygon", "coordinates": [ [ [ 88.403858225246452, 22.487155821411431 ], [ 88.403641672594858, 22.486982173025332 ], [ 88.403641567590185, 22.486971849359367 ], [ 88.403566179918968, 22.486841722133605 ], [ 88.403467245253651, 22.486581020157896 ], [ 88.40336516801527, 22.486375409611369 ], [ 88.403338758031097, 22.486327456172592 ], [ 88.403083184489674, 22.48595797673077 ], [ 88.403025962361298, 22.485793277210657 ], [ 88.402976006146744, 22.485614748877023 ], [ 88.402873580610532, 22.485374725684117 ], [ 88.402723648133161, 22.485197059636651 ], [ 88.402701186275237, 22.485173162694803 ], [ 88.402589471631103, 22.485112178745645 ], [ 88.402370479763761, 22.485062444387694 ], [ 88.402173600157752, 22.485002194498954 ], [ 88.402084102861394, 22.484941018627019 ], [ 88.402057448896073, 22.484868976356974 ], [ 88.402071176488832, 22.484762170684633 ], [ 88.402136463933545, 22.484627388282881 ], [ 88.402220510096257, 22.484516534808041 ], [ 88.402334178672547, 22.484405425872669 ], [ 88.402300538633682, 22.484374742196419 ], [ 88.402175866474536, 22.484496270558282 ], [ 88.402095697906503, 22.484624298214865 ], [ 88.402023004766647, 22.484759144445118 ], [ 88.402005749093604, 22.484883188163003 ], [ 88.402028770119102, 22.484962144815036 ], [ 88.402148029930956, 22.485036830223709 ], [ 88.402370654598144, 22.4850796505111 ], [ 88.402634710059544, 22.485190943678425 ], [ 88.402866874518779, 22.485443614043589 ], [ 88.402881930759335, 22.485467574842289 ], [ 88.40294662822717, 22.48563909299525 ], [ 88.40295871628571, 22.485735351422722 ], [ 88.402993441298023, 22.48587271285901 ], [ 88.403020095961764, 22.485944754930966 ], [ 88.403174432297817, 22.486191213137044 ], [ 88.4033510564078, 22.486444361881649 ], [ 88.403619945302466, 22.487030541901603 ], [ 88.403944406960747, 22.487254881573666 ], [ 88.404189638148182, 22.487335360743185 ], [ 88.404697329884229, 22.487733634161764 ], [ 88.404948297259963, 22.488013670862429 ], [ 88.405358327859801, 22.488639926170414 ], [ 88.405407832774841, 22.488773717646978 ], [ 88.405470361975631, 22.488731878933887 ], [ 88.405394901498155, 22.488594870290193 ], [ 88.405191754695892, 22.488283447451867 ], [ 88.404864941434454, 22.487828548821014 ], [ 88.404670498830171, 22.487644386343796 ], [ 88.404405736738582, 22.48746427245408 ], [ 88.404271206847213, 22.487344980942218 ], [ 88.404077641018063, 22.487246848194147 ], [ 88.403858225246452, 22.487155821411431 ] ] ] } },
{ "type": "Feature", "properties": { "source": "KMC ward sewerage network map (ArcMap GeoPDF), water raster", "extraction_method": "geopdf_raster_polygonised", "wards": "101,102,105,106,107,108,109" }, "geometry": { "type": "Polygon", "coordinates": [ [ [ 88.404795997992281, 22.488331606713547 ], [ 88.404751738125299, 22.488349196685828 ], [ 88.404726027875569, 22.488370067925299 ], [ 88.404681803016359, 22.4883910990992 ], [ 88.404670799343521, 22.488401518720657 ], [ 88.404670974490841, 22.488418724819912 ], [ 88.404787586731871, 22.488596676596622 ], [ 88.404889457629778, 22.488781638680141 ], [ 88.404904374459065, 22.488791834366591 ], [ 88.40496728924208, 22.488787849252684 ], [ 88.405007881323058, 22.488773732431053 ], [ 88.405040927379304, 22.48874591471548 ], [ 88.40505545877997, 22.488718256977034 ], [ 88.405055038306458, 22.488676962347135 ], [ 88.404960678235057, 22.488502260043717 ], [ 88.40488176070626, 22.488389371654353 ], [ 88.404829359292677, 22.488334760020063 ], [ 88.404795997992281, 22.488331606713547 ] ] ] } },
{ "type": "Feature", "properties": { "source": "KMC ward sewerage network map (ArcMap GeoPDF), water raster", "extraction_method": "geopdf_raster_polygonised", "wards": "101,102,105,106,107,108,109" }, "geometry": { "type": "Polygon", "coordinates": [ [ [ 88.406505653356362, 22.488936301401594 ], [ 88.406428102226528, 22.488957621316239 ], [ 88.406406095070338, 22.488978460786797 ], [ 88.406387931133153, 22.489013033095436 ], [ 88.406355972543111, 22.489147528804761 ], [ 88.40635325163224, 22.489243914908243 ], [ 88.406342423388949, 22.489271540724879 ], [ 88.406342984546086, 22.489326600196762 ], [ 88.406354303809891, 22.489347151417565 ], [ 88.406354549318905, 22.489371239936215 ], [ 88.406358322408337, 22.489378090342871 ], [ 88.406399195086877, 22.489391502905161 ], [ 88.406499455190044, 22.48941816784555 ], [ 88.406592063886507, 22.489420808271198 ], [ 88.406681109962349, 22.489437245543975 ], [ 88.406699624687334, 22.489437085369048 ], [ 88.40672159678374, 22.489412804641685 ], [ 88.406719597127406, 22.48921665530548 ], [ 88.406747045554724, 22.489003043598661 ], [ 88.406739499361549, 22.488989342803752 ], [ 88.406709805735559, 22.488982716651908 ], [ 88.406683674724121, 22.488962293593772 ], [ 88.406601929585193, 22.488935468591247 ], [ 88.406505653356362, 22.488936301401594 ] ] ] } },
{ "type": "Feature", "properties": { "source": "KMC ward sewerage network map (ArcMap GeoPDF), water raster", "extraction_method": "geopdf_raster_polygonised", "wards": "101,102,105,106,107,108,109" }, "geometry": { "type": "Polygon", "coordinates": [ [ [ 88.406304441304485, 22.489905108955163 ], [ 88.406244422415369, 22.48982991460068 ], [ 88.406150375637679, 22.48968618408858 ], [ 88.406094130013884, 22.489617840078598 ], [ 88.406030548678203, 22.489556442520403 ], [ 88.406004242325437, 22.489518813266933 ], [ 88.405940731200488, 22.489464298103233 ], [ 88.405914670323881, 22.489450757355513 ], [ 88.405787543078858, 22.489331403268498 ], [ 88.405727454609533, 22.489249326253436 ], [ 88.405675052536367, 22.489194714933404 ], [ 88.405584849944688, 22.489064716889747 ], [ 88.405528674959712, 22.489003255086804 ], [ 88.405479730640536, 22.48892452315631 ], [ 88.405475361753702, 22.488859172012155 ], [ 88.405496773179252, 22.488779831948513 ], [ 88.405470467125014, 22.488742202589467 ], [ 88.405411605801035, 22.488780568079498 ], [ 88.40543068123155, 22.488835467551727 ], [ 88.405458284137794, 22.489000421999499 ], [ 88.405469708396026, 22.489031296946532 ], [ 88.40558251408352, 22.489198956408284 ], [ 88.405904963958477, 22.489588502108631 ], [ 88.406246000608334, 22.489984769360163 ], [ 88.406302597189139, 22.490087525469928 ], [ 88.406295401698415, 22.490108236824014 ], [ 88.406222184126506, 22.490191466546893 ], [ 88.406000882802502, 22.490279418336613 ], [ 88.406016676524871, 22.490375644331838 ], [ 88.406039104751031, 22.490396099507468 ], [ 88.406279026290662, 22.490318311175674 ], [ 88.406293627729909, 22.490297535768246 ], [ 88.406323076110183, 22.490280073466206 ], [ 88.406378445255115, 22.490262386958634 ], [ 88.40639643396328, 22.490210608565189 ], [ 88.406396188436943, 22.490186520049477 ], [ 88.406388677281228, 22.49017626045816 ], [ 88.40638780040922, 22.490090230043936 ], [ 88.406372322144819, 22.490024975043081 ], [ 88.406304441304485, 22.489905108955163 ] ] ] } },
{ "type": "Feature", "properties": { "source": "KMC ward sewerage network map (ArcMap GeoPDF), water raster", "extraction_method": "geopdf_raster_polygonised", "wards": "101,102,105,106,107,108,109" }, "geometry": { "type": "Polygon", "coordinates": [ [ [ 88.404531108934535, 22.48995829343021 ], [ 88.404453066511081, 22.48993143536315 ], [ 88.404073543488522, 22.489755753868906 ], [ 88.403801512065286, 22.489589468030079 ], [ 88.403514179442283, 22.489375132448114 ], [ 88.403274985954297, 22.489160380880179 ], [ 88.403267580068146, 22.489160444792319 ], [ 88.402938607145188, 22.48885698781724 ], [ 88.402923795403012, 22.48885711560861 ], [ 88.40289137862662, 22.488946874913392 ], [ 88.402876776790848, 22.488967650034546 ], [ 88.402877091665729, 22.488998621034906 ], [ 88.403041490584968, 22.489141746617165 ], [ 88.40304889647085, 22.489141682715477 ], [ 88.403254553084864, 22.489336074916739 ], [ 88.403261958980394, 22.48933601100472 ], [ 88.403306849318739, 22.48938036340461 ], [ 88.403314255216458, 22.489380299490087 ], [ 88.403530916404918, 22.489564271759548 ], [ 88.40378079975568, 22.489737632328826 ], [ 88.404179292465898, 22.489957890504968 ], [ 88.404421140895479, 22.490069371999759 ], [ 88.404551270122141, 22.49011987080738 ], [ 88.40478155473977, 22.490186711843076 ], [ 88.404993009348956, 22.490222741556995 ], [ 88.405159853197105, 22.490241948913372 ], [ 88.405293230167104, 22.490247679261543 ], [ 88.405593591281942, 22.490286381271769 ], [ 88.405897760690536, 22.490335374346948 ], [ 88.405931227677399, 22.490348851050172 ], [ 88.405949707465211, 22.490345249738059 ], [ 88.405953340306581, 22.490338335284569 ], [ 88.405941284665047, 22.490245518478606 ], [ 88.405929895252157, 22.490218084797188 ], [ 88.405885144084806, 22.490187498058418 ], [ 88.405840673427988, 22.49018444104501 ], [ 88.405606860707863, 22.490134839648789 ], [ 88.404932044944033, 22.490054633781543 ], [ 88.404820710762493, 22.490031505073649 ], [ 88.404531108934535, 22.48995829343021 ] ] ] } },
{ "type": "Feature", "properties": { "source": "KMC ward sewerage network map (ArcMap GeoPDF), water raster", "extraction_method": "geopdf_raster_polygonised", "wards": "101,102,105,106,107,108,109" }, "geometry": { "type": "Polygon", "coordinates": [ [ [ 88.40317228980399, 22.489622431274473 ], [ 88.403098125714251, 22.489612746680795 ], [ 88.403042756339204, 22.489630432070438 ], [ 88.402994862842377, 22.48965493598477 ], [ 88.402924611629771, 22.489665866692423 ], [ 88.402876718098227, 22.489690370573218 ], [ 88.402843426464244, 22.489694099321248 ], [ 88.402855934813914, 22.489831652358472 ], [ 88.402863410711518, 22.489838470907284 ], [ 88.402878508215991, 22.490230674350929 ], [ 88.402900726048898, 22.490230482658454 ], [ 88.402904533987794, 22.490240774374467 ], [ 88.402923118828497, 22.490247497071199 ], [ 88.403015693140077, 22.490246698306162 ], [ 88.403397449270898, 22.490277819043143 ], [ 88.403578789903278, 22.49026592921566 ], [ 88.403634194454412, 22.490251684854307 ], [ 88.40367464707704, 22.490223803460111 ], [ 88.403672196537485, 22.489982918017716 ], [ 88.403612459024075, 22.489935252378459 ], [ 88.403478347288043, 22.489857254979061 ], [ 88.403355099581759, 22.489755073034956 ], [ 88.403273109529735, 22.489704157787525 ], [ 88.40317228980399, 22.489622431274473 ] ] ] } },
{ "type": "Feature", "properties": { "source": "KMC ward sewerage network map (ArcMap GeoPDF), water raster", "extraction_method": "geopdf_raster_polygonised", "wards": "101,102,105,106,107,108,109" }, "geometry": { "type": "Polygon", "coordinates": [ [ [ 88.404283284149145, 22.491078928596295 ], [ 88.404275422849096, 22.491034256708968 ], [ 88.404264138755593, 22.491017146556921 ], [ 88.403657443310436, 22.491080891105373 ], [ 88.403583558473926, 22.491098736540728 ], [ 88.403550546583915, 22.491129995213289 ], [ 88.403539857673167, 22.491171385752629 ], [ 88.403533606884338, 22.491285009953394 ], [ 88.403540845561309, 22.491632541231208 ], [ 88.40353539993977, 22.491825313488853 ], [ 88.40356076875014, 22.492134831490517 ], [ 88.403563604453268, 22.492413570297877 ], [ 88.403634347124125, 22.492450816322297 ], [ 88.40371200571542, 22.492439821298717 ], [ 88.403904563246726, 22.492438158710748 ], [ 88.404245031756361, 22.492414569333047 ], [ 88.404311546151405, 22.492400228753301 ], [ 88.404348331229002, 22.49237582037507 ], [ 88.404362863107508, 22.49234816268476 ], [ 88.404377254864897, 22.492306740118856 ], [ 88.404376589317209, 22.492241356964751 ], [ 88.404283284149145, 22.491078928596295 ] ] ] } },
{ "type": "Feature", "properties": { "source": "KMC ward sewerage network map (ArcMap GeoPDF), water raster", "extraction_method": "geopdf_raster_polygonised", "wards": "101,102,105,106,107,108,109" }, "geometry": { "type": "Polygon", "coordinates": [ [ [ 88.404400204184242, 22.493469775963391 ], [ 88.404442479233879, 22.493620837683917 ], [ 88.404645832177636, 22.49358810720015 ], [ 88.404551458271783, 22.493048603808383 ], [ 88.404447948183133, 22.493066705606967 ], [ 88.40439998374967, 22.49308432754021 ], [ 88.404370499504296, 22.493098348309214 ], [ 88.404363373651492, 22.493125942028751 ], [ 88.404360020903582, 22.493160386198159 ], [ 88.404391501920003, 22.493342514868036 ], [ 88.404400204184242, 22.493469775963391 ] ] ] } },
{ "type": "Feature", "properties": { "source": "KMC ward sewerage network map (ArcMap GeoPDF), water raster", "extraction_method": "geopdf_raster_polygonised", "wards": "101,102,105,106,107,108,109" }, "geometry": { "type": "Polygon", "coordinates": [ [ [ 88.404606815339164, 22.493757078792488 ], [ 88.404606009488688, 22.493677930785815 ], [ 88.404591057097974, 22.493664293885661 ], [ 88.40453180812419, 22.493664805754658 ], [ 88.404472769350278, 22.493685964909279 ], [ 88.4044804907779, 22.493716871890374 ], [ 88.404525733331866, 22.493795636013015 ], [ 88.404555322811049, 22.493791938863218 ], [ 88.404606815339164, 22.493757078792488 ] ] ] } },
{ "type": "Feature", "properties": { "source": "KMC ward sewerage network map (ArcMap GeoPDF), water raster", "extraction_method": "geopdf_raster_polygonised", "wards": "101,102,105,106,107,108,109" }, "geometry": { "type": "Polygon", "coordinates": [ [ [ 88.406127861826818, 22.49365445089343 ], [ 88.40611336526176, 22.49368554994312 ], [ 88.406113645855442, 22.493713079666758 ], [ 88.406136214961649, 22.493747299654043 ], [ 88.406188548875377, 22.493795028266575 ], [ 88.406273999920629, 22.493821821289806 ], [ 88.406322139730236, 22.493821404874733 ], [ 88.406355326968495, 22.493807351718768 ], [ 88.406384460327843, 22.493758918440008 ], [ 88.406387672253473, 22.493710709395689 ], [ 88.406353958838878, 22.493673144330664 ], [ 88.406320420838853, 22.493652785333339 ], [ 88.406216349376123, 22.493615828833338 ], [ 88.406179318806451, 22.493616149126794 ], [ 88.406142498684943, 22.493637116704416 ], [ 88.406127861826818, 22.49365445089343 ] ] ] } },
{ "type": "Feature", "properties": { "source": "KMC ward sewerage network map (ArcMap GeoPDF), water raster", "extraction_method": "geopdf_raster_polygonised", "wards": "101,102,105,106,107,108,109" }, "geometry": { "type": "Polygon", "coordinates": [ [ [ 88.403939187336135, 22.494020959523777 ], [ 88.403927167585564, 22.493931583774398 ], [ 88.403929574895514, 22.493804226707859 ], [ 88.403872873287185, 22.493691146141664 ], [ 88.403820855321754, 22.493674387703418 ], [ 88.403735649871692, 22.49367168188255 ], [ 88.403528663481808, 22.493711325640884 ], [ 88.403428960821131, 22.493739718505196 ], [ 88.403281118263394, 22.493768526829943 ], [ 88.403203598899751, 22.49379328656256 ], [ 88.403159722123902, 22.493848729602377 ], [ 88.403160317149158, 22.493907230338216 ], [ 88.403186798671626, 22.493962066131559 ], [ 88.403202626035352, 22.494061733657784 ], [ 88.403214995373105, 22.494185521678521 ], [ 88.40321737561807, 22.494419524603877 ], [ 88.403229219955037, 22.49449169432518 ], [ 88.403247980413013, 22.494515623048006 ], [ 88.403285116285687, 22.494525627073784 ], [ 88.403336959486268, 22.494525179574289 ], [ 88.403433099675098, 22.494510583583288 ], [ 88.403843406679655, 22.49443476913034 ], [ 88.403954043865042, 22.494389073962751 ], [ 88.403979720274336, 22.494364761580488 ], [ 88.404001518479532, 22.49432327508287 ], [ 88.404000818019725, 22.494254450716181 ], [ 88.403969652430078, 22.494103292940551 ], [ 88.403939187336135, 22.494020959523777 ] ] ] } },
{ "type": "Feature", "properties": { "source": "KMC ward sewerage network map (ArcMap GeoPDF), water raster", "extraction_method": "geopdf_raster_polygonised", "wards": "101,102,105,106,107,108,109" }, "geometry": { "type": "Polygon", "coordinates": [ [ [ 88.405823593894297, 22.493959935901088 ], [ 88.405786913892939, 22.49399466826717 ], [ 88.405765361743676, 22.494060243488953 ], [ 88.405755023987751, 22.494136046296582 ], [ 88.405744125168255, 22.494156789650706 ], [ 88.40574472128894, 22.494215290319218 ], [ 88.40576414838668, 22.494304601828496 ], [ 88.405768517731289, 22.494369952906336 ], [ 88.405787208456289, 22.494386998880987 ], [ 88.405990772526494, 22.494374913953639 ], [ 88.406049846396542, 22.494357195456526 ], [ 88.40606448333358, 22.494339861271772 ], [ 88.406075276893773, 22.494308794252401 ], [ 88.406075507636373, 22.493968081908086 ], [ 88.406056746790867, 22.493944153534095 ], [ 88.406034458249849, 22.493937463260917 ], [ 88.405901182946806, 22.493942057358517 ], [ 88.405823593894297, 22.493959935901088 ] ] ] } },
{ "type": "Feature", "properties": { "source": "KMC ward sewerage network map (ArcMap GeoPDF), water raster", "extraction_method": "geopdf_raster_polygonised", "wards": "101,102,105,106,107,108,109" }, "geometry": { "type": "Polygon", "coordinates": [ [ [ 88.406701691028772, 22.495088041307966 ], [ 88.40675318343888, 22.495053180559506 ], [ 88.406778683983489, 22.495011661682224 ], [ 88.406800165581174, 22.494939203921451 ], [ 88.406799814648252, 22.494904791782304 ], [ 88.406784335523312, 22.494839536896134 ], [ 88.406742969897934, 22.494777947527478 ], [ 88.406698252129189, 22.494750802329694 ], [ 88.406509464887392, 22.494759318809606 ], [ 88.406431980732592, 22.494787521306296 ], [ 88.40638017258587, 22.494791411021009 ], [ 88.406339403536307, 22.494788322187652 ], [ 88.40631323635354, 22.494764457922024 ], [ 88.406283471333637, 22.494750949328768 ], [ 88.406224116704038, 22.494741138199029 ], [ 88.406064883962657, 22.494742515473966 ], [ 88.406031626325969, 22.49474968615117 ], [ 88.405972657507206, 22.494777728295031 ], [ 88.405910301214604, 22.49483677338031 ], [ 88.405884905643376, 22.494888615778475 ], [ 88.405867021450348, 22.494950717772223 ], [ 88.405856753853072, 22.495033403009352 ], [ 88.40586838919593, 22.495084925167234 ], [ 88.405883482149619, 22.49511232679307 ], [ 88.405920793697248, 22.495139536268319 ], [ 88.406010053861806, 22.495176621007495 ], [ 88.406062353225977, 22.49522090841263 ], [ 88.406096137118283, 22.49526535594616 ], [ 88.406138519878141, 22.495426740710933 ], [ 88.406190959696261, 22.495484792924444 ], [ 88.406235747779547, 22.495518820682644 ], [ 88.406276622287621, 22.495532233174419 ], [ 88.406332239069883, 22.495538635087161 ], [ 88.406447000326381, 22.495534200745691 ], [ 88.406495000377632, 22.49552001939227 ], [ 88.40653175074759, 22.495492169287921 ], [ 88.406553688680376, 22.495464447336644 ], [ 88.406578908645244, 22.49539539877382 ], [ 88.406574082711572, 22.49528531196405 ], [ 88.406617397062391, 22.495174808625112 ], [ 88.406657780235719, 22.495140044027579 ], [ 88.406701691028772, 22.495088041307966 ] ] ] } },
{ "type": "Feature", "properties": { "source": "KMC ward sewerage network map (ArcMap GeoPDF), water raster", "extraction_method": "geopdf_raster_polygonised", "wards": "101,102,105,106,107,108,109" }, "geometry": { "type": "Polygon", "coordinates": [ [ [ 88.403205406010201, 22.501049141142428 ], [ 88.403485651215604, 22.500970769923192 ], [ 88.404257767176858, 22.500777633811161 ], [ 88.404703482497808, 22.500734510649028 ], [ 88.405040562347097, 22.500671700498565 ], [ 88.40518292101828, 22.500608369538938 ], [ 88.40539385334948, 22.50049846310165 ], [ 88.406127911172291, 22.500190792139851 ], [ 88.406515637902274, 22.500010345472891 ], [ 88.406591517846294, 22.499954513008248 ], [ 88.406613221403063, 22.499903770400497 ], [ 88.406659505179292, 22.499845910817793 ], [ 88.406713421146762, 22.49981325365771 ], [ 88.406927227767824, 22.499746970960487 ], [ 88.407005767217782, 22.499711791234393 ], [ 88.407174929909274, 22.499616049074639 ], [ 88.40737161452877, 22.499563707101849 ], [ 88.407449784746973, 22.49948947356765 ], [ 88.407888176944667, 22.499193687161466 ], [ 88.408113631345628, 22.499056074914741 ], [ 88.408579716872836, 22.49882206512633 ], [ 88.408549664819887, 22.498771795721417 ], [ 88.408495662818709, 22.498795264378128 ], [ 88.408130209732363, 22.498984701776102 ], [ 88.407885039322863, 22.49912249431457 ], [ 88.407765081282264, 22.499208597448479 ], [ 88.407215763445095, 22.499503099892198 ], [ 88.406700425974378, 22.499742150829707 ], [ 88.406374118364056, 22.499901359670741 ], [ 88.406182838982517, 22.500004195428701 ], [ 88.406047658192392, 22.500044486982453 ], [ 88.405996141456541, 22.500070229609392 ], [ 88.405988704482937, 22.500065702583552 ], [ 88.405976425168035, 22.500070409656828 ], [ 88.405974069044419, 22.500081918522447 ], [ 88.405959325191176, 22.500086648100257 ], [ 88.405951888217757, 22.500082121072698 ], [ 88.405934723190938, 22.500091467697708 ], [ 88.405934788236507, 22.500098359513714 ], [ 88.405885714314294, 22.500121782330002 ], [ 88.405875812804112, 22.500117277803348 ], [ 88.405861090624001, 22.500124304644572 ], [ 88.405861177346736, 22.500133493732832 ], [ 88.405846433483703, 22.500138223300759 ], [ 88.405838996510781, 22.500133696267977 ], [ 88.405804731465167, 22.500159281309841 ], [ 88.405772822548698, 22.50017335748154 ], [ 88.40576292103799, 22.500168852947976 ], [ 88.405738449087082, 22.500187456149497 ], [ 88.405731012114657, 22.500182929111702 ], [ 88.405716289919681, 22.500189955940368 ], [ 88.405716376633166, 22.500199145029118 ], [ 88.40566728095807, 22.500220270510052 ], [ 88.405659843985944, 22.500215743468956 ], [ 88.405628021748299, 22.500239008702319 ], [ 88.405618120236952, 22.500234504159895 ], [ 88.405603398030365, 22.500241530978748 ], [ 88.405603484736631, 22.500250720067903 ], [ 88.40555194616023, 22.500274165287902 ], [ 88.405542044648485, 22.500269660740798 ], [ 88.405529852000399, 22.500283556870993 ], [ 88.405517572649089, 22.500288263910953 ], [ 88.405510135677687, 22.500283736862926 ], [ 88.405495413459974, 22.500290763672425 ], [ 88.405495500159319, 22.500299952761932 ], [ 88.405446426086044, 22.50032337545121 ], [ 88.405431617165434, 22.500321213165503 ], [ 88.405421824021971, 22.500328194973225 ], [ 88.405421910716626, 22.50033738406297 ], [ 88.405387472156079, 22.500344590842236 ], [ 88.405385115979882, 22.500356099701573 ], [ 88.405338506408995, 22.500379499862749 ], [ 88.405328604895729, 22.500374995302614 ], [ 88.405313969346224, 22.500391211186514 ], [ 88.405279552436951, 22.50040071521618 ], [ 88.40527963912254, 22.500409904306405 ], [ 88.405233029514577, 22.500433304438729 ], [ 88.405208427421982, 22.500438123929442 ], [ 88.405208514103009, 22.500447313019905 ], [ 88.405176540045559, 22.500454497261522 ], [ 88.405164369013733, 22.500470690639084 ], [ 88.405120158902577, 22.500487176428784 ], [ 88.405107814512021, 22.500484991620901 ], [ 88.405088249835487, 22.500501252471683 ], [ 88.405068533478143, 22.500501432411141 ], [ 88.405051433339509, 22.500517670765451 ], [ 88.405004780320183, 22.500536476289643 ], [ 88.404997343350303, 22.500531949217901 ], [ 88.404985063957142, 22.50053665621915 ], [ 88.404982686078313, 22.500545867801407 ], [ 88.404967963804154, 22.500552894565246 ], [ 88.404958062288827, 22.500548389982441 ], [ 88.404948247438455, 22.500553074490359 ], [ 88.404940962131164, 22.500564628325879 ], [ 88.404891757872562, 22.500574267217662 ], [ 88.404884320903946, 22.500569740140634 ], [ 88.404862248312511, 22.500581428909417 ], [ 88.404844974823803, 22.500579289059967 ], [ 88.404773719612393, 22.500602913953173 ], [ 88.404763818099013, 22.500598409358322 ], [ 88.404734373513804, 22.500612462846313 ], [ 88.404724472000851, 22.500607958249017 ], [ 88.404704863935976, 22.500619624510037 ], [ 88.404655681298834, 22.500631560604553 ], [ 88.404633478710906, 22.500629465704669 ], [ 88.404628636259687, 22.50063869976859 ], [ 88.404603947462732, 22.50063433007718 ], [ 88.40458918183775, 22.500636762261454 ], [ 88.404589268478787, 22.500645951354105 ], [ 88.404544971597403, 22.500653247899102 ], [ 88.404517818251819, 22.500648900678875 ], [ 88.404493281066323, 22.500660611883195 ], [ 88.404466149378635, 22.50065856192753 ], [ 88.404466214353405, 22.500665453747377 ], [ 88.404389856670861, 22.500670745255718 ], [ 88.40438501420175, 22.500679979313173 ], [ 88.404345559767933, 22.500678041746767 ], [ 88.404345646393068, 22.500687230840342 ], [ 88.404298884932984, 22.500694549800322 ], [ 88.404274196133372, 22.500690180058363 ], [ 88.40424965891809, 22.50070189122691 ], [ 88.404229899216361, 22.500697476518205 ], [ 88.404217663087863, 22.500706778009949 ], [ 88.404170923265781, 22.500716394206972 ], [ 88.404163529617406, 22.500716461643048 ], [ 88.404163464657472, 22.500709569822355 ], [ 88.404148699014485, 22.50071200196702 ], [ 88.404146321077235, 22.500721213539705 ], [ 88.404111795730657, 22.50071923095966 ], [ 88.404097095042147, 22.500728554920549 ], [ 88.40404789065245, 22.500738193560252 ], [ 88.404037989150041, 22.500733688920135 ], [ 88.404008522805, 22.5007454450067 ], [ 88.403986320203273, 22.500743350018052 ], [ 88.403983942254683, 22.500752561588893 ], [ 88.403910049043091, 22.500757830397113 ], [ 88.403885511782249, 22.500769541512266 ], [ 88.403873145731595, 22.500765059336278 ], [ 88.403806776043524, 22.500784044318063 ], [ 88.403784573436965, 22.500781949301771 ], [ 88.403782195474335, 22.500791160870307 ], [ 88.403757506668953, 22.500786791049233 ], [ 88.403735433940284, 22.500798479669861 ], [ 88.403686229494525, 22.500808118201547 ], [ 88.403668934342832, 22.500803680952501 ], [ 88.403656719810414, 22.500815279677916 ], [ 88.403636960106894, 22.500810864896373 ], [ 88.403617351915329, 22.500822531030828 ], [ 88.403568169094456, 22.500834466801344 ], [ 88.403555803046686, 22.500829984600809 ], [ 88.403528822831078, 22.500844015407253 ], [ 88.403523850440493, 22.500839465796961 ], [ 88.403501712754576, 22.500844262564421 ], [ 88.403496848577092, 22.500851199324124 ], [ 88.403192347549336, 22.500971146132862 ], [ 88.402808525870114, 22.501043568303846 ], [ 88.402675807499563, 22.501083834665458 ], [ 88.402461758617392, 22.501124841890025 ], [ 88.402294622713882, 22.50117461138559 ], [ 88.401751100521693, 22.501301327633097 ], [ 88.401647740185851, 22.501318351105798 ], [ 88.401539212977127, 22.501310149356122 ], [ 88.401487241060508, 22.501287647807313 ], [ 88.401467222029126, 22.501255665447292 ], [ 88.40141767148809, 22.501228546884199 ], [ 88.401422557393744, 22.501223907457746 ], [ 88.401417563445378, 22.501217060503709 ], [ 88.401405197422449, 22.501212578136428 ], [ 88.401397846955291, 22.501217239999171 ], [ 88.401382973155748, 22.501208185514635 ], [ 88.401267138779332, 22.501209239990718 ], [ 88.401013677786182, 22.501252901549606 ], [ 88.401011278029486, 22.501259815809988 ], [ 88.400935006196136, 22.501274294809374 ], [ 88.400935070998045, 22.501281186639041 ], [ 88.400920326821378, 22.501285915770058 ], [ 88.400900588717221, 22.501283797928586 ], [ 88.400893281428097, 22.501293054322488 ], [ 88.40084165519589, 22.501307308985812 ], [ 88.400821917089303, 22.501305191134797 ], [ 88.400817074357292, 22.501314425097465 ], [ 88.400802330172525, 22.501319154218052 ], [ 88.400787499593704, 22.50131469423059 ], [ 88.400775284765643, 22.501326292751283 ], [ 88.40071872937861, 22.501340592231049 ], [ 88.400729429932127, 22.501430096317009 ], [ 88.400874428910612, 22.501385124818221 ], [ 88.401071270040561, 22.501348871237518 ], [ 88.401231077790669, 22.501306062111535 ], [ 88.401344555723796, 22.501316516474073 ], [ 88.401468453769667, 22.501386610180564 ], [ 88.401589260634921, 22.50139010522437 ], [ 88.401675477151741, 22.50138472525439 ], [ 88.40234704880406, 22.501245355448667 ], [ 88.402624895296682, 22.501173899960495 ], [ 88.403205406010201, 22.501049141142428 ] ] ] } },
{ "type": "Feature", "properties": { "source": "KMC ward sewerage network map (ArcMap GeoPDF), water raster", "extraction_method": "geopdf_raster_polygonised", "wards": "101,102,105,106,107,108,109" }, "geometry": { "type": "Polygon", "coordinates": [ [ [ 88.404485002039294, 22.507624318727199 ], [ 88.404275613264787, 22.507637716580238 ], [ 88.403921631729403, 22.507739736947027 ], [ 88.403907016940749, 22.507758250008461 ], [ 88.403920877986138, 22.507921243898533 ], [ 88.404248268456243, 22.507874605378735 ], [ 88.404696601102302, 22.507845242250568 ], [ 88.404485002039294, 22.507624318727199 ] ] ] } },
{ "type": "Feature", "properties": { "source": "KMC ward sewerage network map (ArcMap GeoPDF), water raster", "extraction_method": "geopdf_raster_polygonised", "wards": "101,102,105,106,107,108,109" }, "geometry": { "type": "Polygon", "coordinates": [ [ [ 88.406860355811006, 22.508062119893662 ], [ 88.406835926101479, 22.508085317845538 ], [ 88.406844253490945, 22.508184032826414 ], [ 88.406822483789384, 22.508227883670099 ], [ 88.406834894011737, 22.508236960114392 ], [ 88.406916141616293, 22.508227027651294 ], [ 88.406928334769276, 22.508213131400876 ], [ 88.406912808648727, 22.508135159428978 ], [ 88.406915099669348, 22.508116758751502 ], [ 88.406937151522939, 22.508102772390821 ], [ 88.406939485955093, 22.5080889662506 ], [ 88.406919703416406, 22.508082254665162 ], [ 88.406892353194863, 22.508057232508072 ], [ 88.406860355811006, 22.508062119893662 ] ] ] } },
{ "type": "Feature", "properties": { "source": "KMC ward sewerage network map (ArcMap GeoPDF), water raster", "extraction_method": "geopdf_raster_polygonised", "wards": "101,102,105,106,107,108,109" }, "geometry": { "type": "Polygon", "coordinates": [ [ [ 88.406840589136593, 22.509622280665038 ], [ 88.406121477077789, 22.508907447045118 ], [ 88.405885357400251, 22.508700534362184 ], [ 88.405467429890223, 22.508295401804769 ], [ 88.405044206979468, 22.507851259414238 ], [ 88.40500944142569, 22.507824007141707 ], [ 88.404952688888372, 22.507817632773193 ], [ 88.404886619490696, 22.507868780139763 ], [ 88.404803514029709, 22.507943057655588 ], [ 88.404815989119811, 22.507959026076442 ], [ 88.405567390796676, 22.508701140850281 ], [ 88.405592254550697, 22.508723888474115 ], [ 88.405626933700475, 22.508741951521127 ], [ 88.405748722878272, 22.508848820247294 ], [ 88.405795812297271, 22.508875959781946 ], [ 88.405810925797908, 22.508910283759775 ], [ 88.405811207765765, 22.508940148264763 ], [ 88.405928176328914, 22.509058548206553 ], [ 88.409157750442148, 22.512240872044863 ], [ 88.409319183991073, 22.512108438523274 ], [ 88.409318966477102, 22.512085465870552 ], [ 88.40929405801127, 22.512058124362877 ], [ 88.40882389431215, 22.511605233023904 ], [ 88.408522748230894, 22.511300128805143 ], [ 88.40818197225957, 22.510974709339088 ], [ 88.407736397890531, 22.510514697098582 ], [ 88.407034811767076, 22.509829574800207 ], [ 88.406840589136593, 22.509622280665038 ] ] ] } },
{ "type": "Feature", "properties": { "source": "KMC ward sewerage network map (ArcMap GeoPDF), water raster", "extraction_method": "geopdf_raster_polygonised", "wards": "101,102,105,106,107,108,109" }, "geometry": { "type": "Polygon", "coordinates": [ [ [ 88.407029184425085, 22.517057453219056 ], [ 88.407016816806973, 22.517052971372536 ], [ 88.406994676720515, 22.51705776873672 ], [ 88.406931047051401, 22.517106597268619 ], [ 88.406852432862095, 22.517134885589499 ], [ 88.40681057405412, 22.517139863204921 ], [ 88.406771071505261, 22.517133331944574 ], [ 88.406741363166262, 22.517119818743939 ], [ 88.406682163639971, 22.517115764989605 ], [ 88.40665018589219, 22.517122949701566 ], [ 88.406633084018125, 22.51713918828645 ], [ 88.406630814594635, 22.517159886215925 ], [ 88.406645842466972, 22.517185020958792 ], [ 88.406661413177844, 22.517267587360291 ], [ 88.406678884195244, 22.517290402300642 ], [ 88.406733349546414, 22.517315176515162 ], [ 88.40680997677174, 22.517337450638198 ], [ 88.406859230162112, 22.517332405415509 ], [ 88.406893477329888, 22.517304522729415 ], [ 88.406984459240746, 22.517280716233465 ], [ 88.406994210006516, 22.51726913975574 ], [ 88.407007761061521, 22.517138060366783 ], [ 88.407017468377802, 22.517121889355849 ], [ 88.407034722237938, 22.517121731595093 ], [ 88.407044451269471, 22.51710785784881 ], [ 88.407029184425085, 22.517057453219056 ] ] ] } },
{ "type": "Feature", "properties": { "source": "KMC ward sewerage network map (ArcMap GeoPDF), water raster", "extraction_method": "geopdf_raster_polygonised", "wards": "101,102,105,106,107,108,109" }, "geometry": { "type": "Polygon", "coordinates": [ [ [ 88.406283945287612, 22.517234278015984 ], [ 88.406269286488893, 22.517248196772059 ], [ 88.406197979766887, 22.517267228138781 ], [ 88.406178391274025, 22.517281191936508 ], [ 88.406163884395667, 22.517311191551883 ], [ 88.406271597218407, 22.517753617977451 ], [ 88.40651034019173, 22.517714676488755 ], [ 88.406516475475257, 22.517581367445345 ], [ 88.406451000031723, 22.517434928150248 ], [ 88.406430586574857, 22.517361595847809 ], [ 88.406419750282964, 22.517258308962486 ], [ 88.406404700732494, 22.517230876930387 ], [ 88.40637497069514, 22.517215066394815 ], [ 88.406325717319774, 22.517220111468156 ], [ 88.406283945287612, 22.517234278015984 ] ] ] } },
{ "type": "Feature", "properties": { "source": "KMC ward sewerage network map (ArcMap GeoPDF), water raster", "extraction_method": "geopdf_raster_polygonised", "wards": "101,102,105,106,107,108,109" }, "geometry": { "type": "Polygon", "coordinates": [ [ [ 88.40603579944883, 22.517321551828626 ], [ 88.406011020815086, 22.51730799344729 ], [ 88.405981464418431, 22.517310560974231 ], [ 88.405959389352702, 22.517322250001012 ], [ 88.405910092514958, 22.517322700415562 ], [ 88.405890460582214, 22.517332069645743 ], [ 88.405868559107518, 22.517362136797853 ], [ 88.405859003539845, 22.517394388616825 ], [ 88.405860262158413, 22.517527630110834 ], [ 88.405896223968668, 22.517681231723483 ], [ 88.405918798231411, 22.517722379843999 ], [ 88.405963469345707, 22.517754136200089 ], [ 88.406032463427351, 22.517751208314806 ], [ 88.40608653818235, 22.517734631940396 ], [ 88.406096289055768, 22.517723055512242 ], [ 88.406095833261304, 22.517674812908627 ], [ 88.406088286787067, 22.517658799611013 ], [ 88.406095138719891, 22.517601300369222 ], [ 88.406091783998136, 22.517507134950392 ], [ 88.40606836327882, 22.517376393443062 ], [ 88.40603579944883, 22.517321551828626 ] ] ] } },
{ "type": "Feature", "properties": { "source": "KMC ward sewerage network map (ArcMap GeoPDF), water raster", "extraction_method": "geopdf_raster_polygonised", "wards": "101,102,105,106,107,108,109" }, "geometry": { "type": "Polygon", "coordinates": [ [ [ 88.404428684916326, 22.517593544910529 ], [ 88.404403797992757, 22.517568499934043 ], [ 88.40438154933365, 22.517561810604484 ], [ 88.404339646920775, 22.517562193050949 ], [ 88.404305269099225, 22.517576291610435 ], [ 88.404260901832416, 22.517576696532608 ], [ 88.404233918543767, 22.517590727591205 ], [ 88.404207043615344, 22.517616244989089 ], [ 88.404199887472359, 22.517641582428428 ], [ 88.40421316534723, 22.517742549777747 ], [ 88.404224953713126, 22.517946916706475 ], [ 88.404250079095291, 22.51799723166188 ], [ 88.404279830761496, 22.518015339860796 ], [ 88.40430938735723, 22.518012772637306 ], [ 88.40434614343566, 22.517989462501312 ], [ 88.404427288567462, 22.517968044663768 ], [ 88.404446899019234, 22.517956378334777 ], [ 88.4044489736781, 22.517915005005328 ], [ 88.404477771519282, 22.517832033358939 ], [ 88.404469423142388, 22.517731021045506 ], [ 88.404446805940921, 22.517685278162986 ], [ 88.404428684916326, 22.517593544910529 ] ] ] } },
{ "type": "Feature", "properties": { "source": "KMC ward sewerage network map (ArcMap GeoPDF), water raster", "extraction_method": "geopdf_raster_polygonised", "wards": "101,102,105,106,107,108,109" }, "geometry": { "type": "Polygon", "coordinates": [ [ [ 88.403921467813504, 22.517655610406784 ], [ 88.403897339349186, 22.51771096976292 ], [ 88.403892691332686, 22.517740879239469 ], [ 88.403919831748553, 22.518004840264933 ], [ 88.403935119275886, 22.518057542505002 ], [ 88.403957541354544, 22.518082610043511 ], [ 88.404031422065117, 22.518075043485783 ], [ 88.404127226410623, 22.518039707228446 ], [ 88.404126922998117, 22.518007545467015 ], [ 88.404078963818748, 22.517888514865472 ], [ 88.40407355734321, 22.517838019938097 ], [ 88.404002959549047, 22.517670949091514 ], [ 88.403975499487046, 22.517634440192612 ], [ 88.403943478111984, 22.517637029841655 ], [ 88.403921467813504, 22.517655610406784 ] ] ] } },
{ "type": "Feature", "properties": { "source": "KMC ward sewerage network map (ArcMap GeoPDF), water raster", "extraction_method": "geopdf_raster_polygonised", "wards": "101,102,105,106,107,108,109" }, "geometry": { "type": "Polygon", "coordinates": [ [ [ 88.403541750912865, 22.517645289836331 ], [ 88.403509729522128, 22.517647879399618 ], [ 88.403575585733293, 22.518027209072898 ], [ 88.403570277669431, 22.518027247256395 ], [ 88.403504821483239, 22.517650221636735 ], [ 88.403391503345802, 22.51765814766155 ], [ 88.403275828629205, 22.51767758243561 ], [ 88.403229169716028, 22.517696387712636 ], [ 88.403197581436373, 22.517744922607985 ], [ 88.403203399069213, 22.517839065704845 ], [ 88.403246536070668, 22.517969627915257 ], [ 88.403250249116184, 22.518029713283845 ], [ 88.403230308086009, 22.518029692458562 ], [ 88.40325185071849, 22.51814487738373 ], [ 88.403272310908761, 22.518168871140315 ], [ 88.403272888511509, 22.518168828556565 ], [ 88.403275663710303, 22.518183026693929 ], [ 88.403298172332342, 22.518217283406678 ], [ 88.403396680110816, 22.518207195052018 ], [ 88.403524419590624, 22.518160080517454 ], [ 88.403590840809343, 22.518145689804793 ], [ 88.403581667811693, 22.518092853875643 ], [ 88.403586858419928, 22.51809213913964 ], [ 88.403595748863623, 22.518143347564376 ], [ 88.403741002207312, 22.518123642692206 ], [ 88.403765542459254, 22.518111931466585 ], [ 88.403792417563636, 22.51808641413492 ], [ 88.403792005893777, 22.518042766024131 ], [ 88.403741018815865, 22.517864028800719 ], [ 88.403731544366664, 22.5176435584264 ], [ 88.403713987106372, 22.517611554067877 ], [ 88.403699133015678, 22.517604797181548 ], [ 88.403667089974775, 22.517605089506297 ], [ 88.403541750912865, 22.517645289836331 ] ] ] } },
{ "type": "Feature", "properties": { "source": "KMC ward sewerage network map (ArcMap GeoPDF), water raster", "extraction_method": "geopdf_raster_polygonised", "wards": "101,102,105,106,107,108,109" }, "geometry": { "type": "Polygon", "coordinates": [ [ [ 88.404983348356041, 22.522936450715427 ], [ 88.405023473874635, 22.522917385421326 ], [ 88.405037597205762, 22.522893142804623 ], [ 88.405054761970703, 22.522882289870719 ], [ 88.405097036285596, 22.522801515742337 ], [ 88.404969532692235, 22.522016514754991 ], [ 88.404764088980201, 22.52122134558762 ], [ 88.40415174952345, 22.521354505799 ], [ 88.404540373451184, 22.523012063830382 ], [ 88.404983348356041, 22.522936450715427 ] ] ] } },
{ "type": "Feature", "properties": { "source": "KMC ward sewerage network map (ArcMap GeoPDF), water raster", "extraction_method": "geopdf_raster_polygonised", "wards": "101,102,105,106,107,108,109" }, "geometry": { "type": "Polygon", "coordinates": [ [ [ 88.403893037030883, 22.521412696566717 ], [ 88.402780019869553, 22.521616512050429 ], [ 88.402777424342474, 22.521640671603297 ], [ 88.402743476707911, 22.521694562099025 ], [ 88.402655120698256, 22.521778349272022 ], [ 88.402577847084302, 22.521824504234928 ], [ 88.402520270193193, 22.521830282758863 ], [ 88.402514633450423, 22.521841052562362 ], [ 88.40245148345393, 22.52186296505122 ], [ 88.402370818485778, 22.52186622715007 ], [ 88.402324610556775, 22.521858512285256 ], [ 88.402261205932263, 22.521858967957591 ], [ 88.40218351845013, 22.521870255529993 ], [ 88.402057441025661, 22.521932854882941 ], [ 88.402011869456842, 22.521978781793393 ], [ 88.401986058448045, 22.521989696531641 ], [ 88.40195470609406, 22.522019427332062 ], [ 88.401903624929417, 22.522086852374109 ], [ 88.401892733123958, 22.522140577062974 ], [ 88.401969734200009, 22.522314374760612 ], [ 88.401968252164821, 22.522432407566622 ], [ 88.401977343746438, 22.522469894748564 ], [ 88.402006736905662, 22.52251796534755 ], [ 88.402012787364512, 22.52254206276902 ], [ 88.40202882038578, 22.522678745971341 ], [ 88.402030379563655, 22.522810168526419 ], [ 88.402042703265792, 22.522877138014088 ], [ 88.402075010413313, 22.522927869976499 ], [ 88.402104976503153, 22.523024218218492 ], [ 88.402103240035714, 22.523120794268252 ], [ 88.402124400911958, 22.523203794168793 ], [ 88.402153985229177, 22.523267957282012 ], [ 88.402158490272086, 22.523404723293798 ], [ 88.402197325498719, 22.523519784017122 ], [ 88.40221595451284, 22.523632307625135 ], [ 88.402223978220576, 22.523822694759946 ], [ 88.402259454176246, 22.523897544782518 ], [ 88.402316218630318, 22.524066123017761 ], [ 88.402328478960925, 22.524127728276436 ], [ 88.402329561102391, 22.524218919408835 ], [ 88.402377743210124, 22.524392923935711 ], [ 88.402411355879508, 22.524553621566284 ], [ 88.402414333453237, 22.524561647124617 ], [ 88.402466561109904, 22.524590777213177 ], [ 88.402504488467642, 22.524872148221448 ], [ 88.402515999654895, 22.525113474310388 ], [ 88.402568896052557, 22.525198928274126 ], [ 88.402629802114802, 22.525230678222197 ], [ 88.402658909613493, 22.525254609822401 ], [ 88.402699354499461, 22.525262365976175 ], [ 88.40282898525021, 22.525256069195631 ], [ 88.402927135790705, 22.525268774952135 ], [ 88.403037037639834, 22.525300172367444 ], [ 88.403129232957127, 22.525296826911688 ], [ 88.403129073733808, 22.525283416457629 ], [ 88.402736956680741, 22.523330824830097 ], [ 88.403329768942655, 22.523251456473663 ], [ 88.403864811902906, 22.523161772452937 ], [ 88.403910829188192, 22.523153394304238 ], [ 88.403907628567438, 22.523126594140834 ], [ 88.404534641220664, 22.523014787427858 ], [ 88.404146017350968, 22.521357229380072 ], [ 88.403893037030883, 22.521412696566717 ] ] ] } },
{ "type": "Feature", "properties": { "source": "KMC ward sewerage network map (ArcMap GeoPDF), water raster", "extraction_method": "geopdf_raster_polygonised", "wards": "101,102,105,106,107,108,109" }, "geometry": { "type": "Polygon", "coordinates": [ [ [ 88.407221849765861, 22.52333338627561 ], [ 88.407106471885726, 22.523326172061072 ], [ 88.407019627289202, 22.523294610998509 ], [ 88.406958944607496, 22.523281637321183 ], [ 88.406907099580934, 22.523284693753279 ], [ 88.40682409449856, 22.523333574397583 ], [ 88.406757998739096, 22.523350145193188 ], [ 88.406729369668597, 22.523366445652687 ], [ 88.406625870987426, 22.523388650879923 ], [ 88.406840731604959, 22.524489533051057 ], [ 88.406871818409044, 22.524679753232661 ], [ 88.407007180473144, 22.524670729441787 ], [ 88.40705060320505, 22.524686509958038 ], [ 88.407197748957827, 22.524698859494382 ], [ 88.407235790631887, 22.524746866599102 ], [ 88.407264866844955, 22.524768115246069 ], [ 88.407322572348505, 22.524773063318548 ], [ 88.40744643804905, 22.524766804462551 ], [ 88.407477630110492, 22.52472366220108 ], [ 88.407485542012651, 22.524661911801541 ], [ 88.407458166562265, 22.524541405207938 ], [ 88.407410201598879, 22.524386177135209 ], [ 88.407385548726793, 22.524252239282017 ], [ 88.407384112088508, 22.524131545405677 ], [ 88.407311111589578, 22.523810194377035 ], [ 88.407221849765861, 22.52333338627561 ] ] ] } },
{ "type": "Feature", "properties": { "source": "KMC ward sewerage network map (ArcMap GeoPDF), water raster", "extraction_method": "geopdf_raster_polygonised", "wards": "101,102,105,106,107,108,109" }, "geometry": { "type": "Polygon", "coordinates": [ [ [ 88.406620138787076, 22.523391374550254 ], [ 88.406464731159218, 22.523411271826586 ], [ 88.406231986490937, 22.523471961473003 ], [ 88.406120351859954, 22.52353714214204 ], [ 88.406100432646767, 22.523558744322504 ], [ 88.406098156680542, 22.523609724774332 ], [ 88.406174642469878, 22.523982015391137 ], [ 88.406212226119251, 22.524233882208712 ], [ 88.406310259140795, 22.52472135695324 ], [ 88.406339430934224, 22.524750652036627 ], [ 88.406379843915957, 22.524755725175591 ], [ 88.406411546834661, 22.524755496497825 ], [ 88.406517928646878, 22.524733270567296 ], [ 88.406613037380723, 22.52473258443446 ], [ 88.406641985855146, 22.524743104851694 ], [ 88.406685217099167, 22.524742792946618 ], [ 88.406799989776374, 22.524699047756524 ], [ 88.406866086162253, 22.524682476913821 ], [ 88.406834967450038, 22.524489574644104 ], [ 88.406620138787076, 22.523391374550254 ] ] ] } },
{ "type": "Feature", "properties": { "source": "KMC ward sewerage network map (ArcMap GeoPDF), water raster", "extraction_method": "geopdf_raster_polygonised", "wards": "101,102,105,106,107,108,109" }, "geometry": { "type": "Polygon", "coordinates": [ [ [ 88.403913774955242, 22.523158737742691 ], [ 88.403335564900516, 22.523254097099979 ], [ 88.403672611626476, 22.525180260048071 ], [ 88.403689904200121, 22.525180135603645 ], [ 88.40374152706967, 22.525158305538216 ], [ 88.403885599959736, 22.525154586294121 ], [ 88.403989036760521, 22.52512701856498 ], [ 88.404095674240736, 22.525126250920586 ], [ 88.404216594723124, 22.525114651096558 ], [ 88.404256720969926, 22.525095585961189 ], [ 88.404014553635477, 22.523635465294557 ], [ 88.403913774955242, 22.523158737742691 ] ] ] } },
{ "type": "Feature", "properties": { "source": "KMC ward sewerage network map (ArcMap GeoPDF), water raster", "extraction_method": "geopdf_raster_polygonised", "wards": "101,102,105,106,107,108,109" }, "geometry": { "type": "Polygon", "coordinates": [ [ [ 88.403229947175944, 22.525282690842445 ], [ 88.403362523692607, 22.525281737080689 ], [ 88.403465928859177, 22.525251487587681 ], [ 88.403586308022867, 22.525194292693858 ], [ 88.403626529950188, 22.525183273981039 ], [ 88.403666879290128, 22.525182983619345 ], [ 88.403329832634114, 22.523256820656172 ], [ 88.402745634690447, 22.523333444756144 ], [ 88.403134965309718, 22.525294103358828 ], [ 88.403229947175944, 22.525282690842445 ] ] ] } },
{ "type": "Feature", "properties": { "source": "KMC ward sewerage network map (ArcMap GeoPDF), water raster", "extraction_method": "geopdf_raster_polygonised", "wards": "101,102,105,106,107,108,109" }, "geometry": { "type": "Polygon", "coordinates": [ [ [ 88.405857467001269, 22.523729482187274 ], [ 88.40582576430927, 22.523729710744004 ], [ 88.40576831441075, 22.523746218814939 ], [ 88.405615565048194, 22.523747319901709 ], [ 88.405575343717203, 22.523758339084356 ], [ 88.405532399760034, 22.523782789472044 ], [ 88.405495570688743, 22.52383670127908 ], [ 88.405438280136835, 22.523866619678959 ], [ 88.405427198291065, 22.52390425200165 ], [ 88.405425145289087, 22.5239740070745 ], [ 88.405447775123392, 22.524180382491021 ], [ 88.405572987935187, 22.524772272315357 ], [ 88.405593672793842, 22.524815040303846 ], [ 88.40561115665966, 22.524831008183547 ], [ 88.405634309024961, 22.524838888246524 ], [ 88.405732363741009, 22.524843546030755 ], [ 88.405818666843885, 22.524829512255504 ], [ 88.406005938610306, 22.524822797360127 ], [ 88.40615827439818, 22.524786828706631 ], [ 88.406198336451396, 22.524762398930029 ], [ 88.406043789906917, 22.524127804145675 ], [ 88.405984883820153, 22.523779527568973 ], [ 88.405970282116741, 22.52376353894309 ], [ 88.405906908615947, 22.523766678183552 ], [ 88.4058924345061, 22.523761417902261 ], [ 88.405857467001269, 22.523729482187274 ] ] ] } },
{ "type": "Feature", "properties": { "source": "KMC ward sewerage network map (ArcMap GeoPDF), water raster", "extraction_method": "geopdf_raster_polygonised", "wards": "101,102,105,106,107,108,109" }, "geometry": { "type": "Polygon", "coordinates": [ [ [ 88.406625878075829, 22.526296282512703 ], [ 88.406616912596732, 22.526269524032873 ], [ 88.406567310312539, 22.526218917889043 ], [ 88.406529555630499, 22.526195049421958 ], [ 88.406425416637958, 22.526163612890233 ], [ 88.406332455153716, 22.526102590177945 ], [ 88.406297486932019, 22.526070654602847 ], [ 88.406247629586957, 22.525998591654719 ], [ 88.406241259160183, 22.525947673578631 ], [ 88.406218010861522, 22.525931747354409 ], [ 88.406189189779994, 22.525931955221331 ], [ 88.406160592026538, 22.525950937692148 ], [ 88.406152200932169, 22.525972456745805 ], [ 88.406309100639319, 22.526320026304504 ], [ 88.406382780896649, 22.526456292979905 ], [ 88.406467255841264, 22.526530788455855 ], [ 88.406498959163869, 22.52653055974023 ], [ 88.406519006358138, 22.52651968584513 ], [ 88.406608128680816, 22.526500266634553 ], [ 88.406720116433647, 22.526464588488302 ], [ 88.40674580017216, 22.52644294462856 ], [ 88.406745608675948, 22.526426852111669 ], [ 88.406727932981283, 22.526394791858145 ], [ 88.406646372021612, 22.526322957812052 ], [ 88.406625878075829, 22.526296282512703 ] ] ] } },
{ "type": "Feature", "properties": { "source": "KMC ward sewerage network map (ArcMap GeoPDF), water raster", "extraction_method": "geopdf_raster_polygonised", "wards": "101,102,105,106,107,108,109" }, "geometry": { "type": "Polygon", "coordinates": [ [ [ 88.405510215906176, 22.525553279273815 ], [ 88.405049812963085, 22.525618290468088 ], [ 88.404212714117492, 22.525758435573447 ], [ 88.403077115718517, 22.526005334210318 ], [ 88.402936401625738, 22.526049263409806 ], [ 88.402879141424989, 22.526081863055996 ], [ 88.402847979442541, 22.526127686598265 ], [ 88.402845734133663, 22.526181349142185 ], [ 88.4029210667954, 22.526457086298716 ], [ 88.40323867441478, 22.527474083039191 ], [ 88.403276620040756, 22.527514044825288 ], [ 88.403314215324244, 22.527524503612902 ], [ 88.403788239846477, 22.52739234107867 ], [ 88.404034606337504, 22.527264498633347 ], [ 88.404589902714591, 22.527180030411653 ], [ 88.40637627244584, 22.526636055149847 ], [ 88.406378803567009, 22.526606531407573 ], [ 88.405900256480663, 22.525630936953299 ], [ 88.405830479977297, 22.525580476018412 ], [ 88.405706198774496, 22.5255518665309 ], [ 88.405510215906176, 22.525553279273815 ] ] ] } },
{ "type": "Feature", "properties": { "source": "KMC ward sewerage network map (ArcMap GeoPDF), water raster", "extraction_method": "geopdf_raster_polygonised", "wards": "101,102,105,106,107,108,109" }, "geometry": { "type": "Polygon", "coordinates": [ [ [ 88.406901864878208, 22.525266963786184 ], [ 88.406996973962109, 22.525266277407891 ], [ 88.408003303396001, 22.52529924627482 ], [ 88.40830358408914, 22.525342676337772 ], [ 88.408484996224388, 22.525327953922048 ], [ 88.408741438567702, 22.525320735955308 ], [ 88.40914525107415, 22.525344639878732 ], [ 88.409695698681489, 22.52533797665561 ], [ 88.410476489470113, 22.525310868137506 ], [ 88.410568492433285, 22.525291425935901 ], [ 88.4106894122299, 22.525279821268057 ], [ 88.411107315121669, 22.525276795109725 ], [ 88.411989682275959, 22.525307954437316 ], [ 88.411976745245966, 22.525190026460688 ], [ 88.411025336759025, 22.525170096296851 ], [ 88.409968122369861, 22.525220666250402 ], [ 88.409443678035046, 22.525232506954278 ], [ 88.408474912293613, 22.525207322600572 ], [ 88.407812191078577, 22.525225521778989 ], [ 88.407001908246016, 22.525196501564995 ], [ 88.406188966743642, 22.52518627264941 ], [ 88.405498221090895, 22.525271722358887 ], [ 88.404681076475185, 22.5253929497398 ], [ 88.403030030947477, 22.525681112186867 ], [ 88.401804830504275, 22.525907187787304 ], [ 88.401734641598964, 22.525821857809778 ], [ 88.401601574119113, 22.525538487749721 ], [ 88.401308007000949, 22.524845875097039 ], [ 88.401178046151344, 22.524581258517237 ], [ 88.401023240371032, 22.524652110419215 ], [ 88.401020453692453, 22.524660177392303 ], [ 88.401507622893362, 22.525879817410409 ], [ 88.401476969502752, 22.525968554189557 ], [ 88.401316589018862, 22.526055540393102 ], [ 88.399648170371975, 22.52633842887985 ], [ 88.398558226757615, 22.526547416195509 ], [ 88.397933756809479, 22.526632359023974 ], [ 88.396524366065492, 22.526883854946803 ], [ 88.396112505470512, 22.526910941163685 ], [ 88.395833349990752, 22.526947807089194 ], [ 88.395611963998121, 22.526994988981393 ], [ 88.395206279071274, 22.527056899000623 ], [ 88.395162858697049, 22.527285206913007 ], [ 88.395165867621301, 22.527295914720654 ], [ 88.395650826775551, 22.527112733558429 ], [ 88.396772356950393, 22.526892810309821 ], [ 88.3984410438526, 22.526631407793758 ], [ 88.399448137504692, 22.526484708753877 ], [ 88.400521072366558, 22.526299978456144 ], [ 88.401323434822956, 22.5261466901452 ], [ 88.40160518245689, 22.526085655311189 ], [ 88.402281779573642, 22.526021782310238 ], [ 88.402799477631902, 22.525926861399384 ], [ 88.403757596028413, 22.525783170285205 ], [ 88.404824562624398, 22.525582360794189 ], [ 88.405555372769669, 22.525472484249217 ], [ 88.405840349722354, 22.525440924347972 ], [ 88.405967162048526, 22.525440009992572 ], [ 88.406033609811587, 22.525452942430949 ], [ 88.40610075943593, 22.525524880760205 ], [ 88.406621432205284, 22.526164881075566 ], [ 88.40746928234735, 22.527169994652926 ], [ 88.408013663787258, 22.527863464892093 ], [ 88.408146075693665, 22.528090505026064 ], [ 88.408220486619754, 22.528529866980168 ], [ 88.408675394568604, 22.528244936328424 ], [ 88.40850688767604, 22.528133497072947 ], [ 88.408231429010101, 22.527754598979023 ], [ 88.40759728582691, 22.527026907620293 ], [ 88.407233867766124, 22.526522573861143 ], [ 88.406376611403843, 22.525453150958693 ], [ 88.40635519234101, 22.525348695091164 ], [ 88.406441272311596, 22.525315886361714 ], [ 88.406901864878208, 22.525266963786184 ] ] ] } },
{ "type": "Feature", "properties": { "source": "KMC ward sewerage network map (ArcMap GeoPDF), water raster", "extraction_method": "geopdf_raster_polygonised", "wards": "101,102,105,106,107,108,109" }, "geometry": { "type": "Polygon", "coordinates": [ [ [ 88.404138069937204, 22.528452020704883 ], [ 88.404111684319503, 22.528414658233764 ], [ 88.404071206579985, 22.528404220400116 ], [ 88.404053690540408, 22.528385570285167 ], [ 88.404038738002683, 22.528340078530459 ], [ 88.404046492222747, 22.528264917794733 ], [ 88.404034613057888, 22.528235497820205 ], [ 88.404014151155948, 22.528211504271926 ], [ 88.403978768632882, 22.528144701046003 ], [ 88.403896857435655, 22.528043362622569 ], [ 88.403873577158009, 22.528024753978784 ], [ 88.403867589810687, 22.528006020849872 ], [ 88.403921936508468, 22.527970759489904 ], [ 88.403921139918893, 22.527903707265214 ], [ 88.403877015487367, 22.527828919984241 ], [ 88.403862031215056, 22.527780746114949 ], [ 88.403832540627462, 22.527724629707304 ], [ 88.403771059703914, 22.527644602687207 ], [ 88.403744929225539, 22.527628696853846 ], [ 88.403701728889118, 22.527631690104307 ], [ 88.40369663363218, 22.527688055467866 ], [ 88.403613847783177, 22.527755709247874 ], [ 88.403591236587815, 22.527793424436261 ], [ 88.40345964517698, 22.5278775232849 ], [ 88.403416540314055, 22.527888562731739 ], [ 88.403379040483188, 22.527886150242846 ], [ 88.403303849714405, 22.527865232700208 ], [ 88.403289438955511, 22.527865336383623 ], [ 88.40327227344855, 22.52787618916113 ], [ 88.403247385147807, 22.527964884748464 ], [ 88.403227592273325, 22.527997214976057 ], [ 88.403227878925918, 22.528021353784112 ], [ 88.403280267338531, 22.528063893970018 ], [ 88.403274885242197, 22.528096120519571 ], [ 88.403243595578985, 22.52813121578486 ], [ 88.403255506420507, 22.528163317916842 ], [ 88.403273022328179, 22.528181968126077 ], [ 88.40335099986747, 22.528194818667117 ], [ 88.403337385392106, 22.528261974596017 ], [ 88.403352465106408, 22.528318194786607 ], [ 88.403381891937883, 22.528368947102727 ], [ 88.403382083060507, 22.528385039639595 ], [ 88.403402544885324, 22.52840903327203 ], [ 88.403460315564473, 22.528419346836142 ], [ 88.403495602354283, 22.528478103915088 ], [ 88.403490220297968, 22.52851033046851 ], [ 88.403475873184831, 22.52851579835065 ], [ 88.403464535657946, 22.528531973848544 ], [ 88.403464790502682, 22.528553430563147 ], [ 88.403473596279156, 22.5285667787882 ], [ 88.403490952988065, 22.528572018522286 ], [ 88.403542863836279, 22.528574327266806 ], [ 88.40355166962145, 22.528587675487103 ], [ 88.403538118931181, 22.528660195605216 ], [ 88.403521303776301, 22.528700551393555 ], [ 88.403478644653248, 22.528749140118034 ], [ 88.403412991842828, 22.528803258930669 ], [ 88.403384711657012, 22.528849061844173 ], [ 88.40339117680297, 22.528908026330072 ], [ 88.403406001784163, 22.528942789792513 ], [ 88.403455253589371, 22.528963893922423 ], [ 88.403484075332955, 22.528963686513006 ], [ 88.403627387563304, 22.528895597163526 ], [ 88.403745078720974, 22.528854515295528 ], [ 88.403805445014115, 22.528840669179154 ], [ 88.403842690198971, 22.528821624844621 ], [ 88.404078295245498, 22.528758235342732 ], [ 88.404181447815716, 22.528706528571043 ], [ 88.404229902874334, 22.528660580253181 ], [ 88.404229392946448, 22.528617666838983 ], [ 88.404138069937204, 22.528452020704883 ] ] ] } },
{ "type": "Feature", "properties": { "source": "KMC ward sewerage network map (ArcMap GeoPDF), water raster", "extraction_method": "geopdf_raster_polygonised", "wards": "101,102,105,106,107,108,109" }, "geometry": { "type": "Polygon", "coordinates": [ [ [ 88.405773271554565, 22.532160610863503 ], [ 88.405963052525635, 22.532121689711239 ], [ 88.406075364028155, 22.532112832648735 ], [ 88.40631673782832, 22.532049398079039 ], [ 88.406814023565971, 22.531933152203258 ], [ 88.407245049052506, 22.531820065594484 ], [ 88.407682093757259, 22.531728392892887 ], [ 88.407966571610402, 22.531653915290143 ], [ 88.408058611108984, 22.531637156388612 ], [ 88.408349364246476, 22.531605549797451 ], [ 88.408588109384766, 22.531563589403337 ], [ 88.408783557118952, 22.531516577085927 ], [ 88.409197637779528, 22.531433113317238 ], [ 88.409281190147482, 22.531429826676387 ], [ 88.409407656040784, 22.531399406436609 ], [ 88.40949706874008, 22.531404124228835 ], [ 88.409543056315442, 22.531393062274219 ], [ 88.409626224899327, 22.531357590482664 ], [ 88.409718359887478, 22.531348876894199 ], [ 88.409836146962974, 22.53131583681083 ], [ 88.409899555702225, 22.531315377934714 ], [ 88.40993692854876, 22.531307060526725 ], [ 88.409971259250483, 22.531285353566648 ], [ 88.41008360164524, 22.531279175833106 ], [ 88.410138235765473, 22.531268051126986 ], [ 88.410232581069877, 22.531202992696887 ], [ 88.410269857890185, 22.531186628972854 ], [ 88.410327534126239, 22.531188893741497 ], [ 88.41037352155108, 22.531177831556221 ], [ 88.410402055732206, 22.531153484162449 ], [ 88.410473887054806, 22.531134187900275 ], [ 88.410876980516264, 22.53109639874555 ], [ 88.410945897518545, 22.531074441073557 ], [ 88.4109858003862, 22.531036599675733 ], [ 88.41103454188513, 22.531014788110689 ], [ 88.411497360751966, 22.530909506988866 ], [ 88.411698666844529, 22.530870495686589 ], [ 88.411652264130836, 22.530605283226194 ], [ 88.411163634625709, 22.530721480984649 ], [ 88.410269445087522, 22.530910353824314 ], [ 88.409476386039344, 22.531119948719724 ], [ 88.408190784701191, 22.531359922990198 ], [ 88.407532736753012, 22.531530980432837 ], [ 88.406242096927585, 22.531832669065661 ], [ 88.404726285581717, 22.532106464633205 ], [ 88.404186018482406, 22.532244472235309 ], [ 88.403506654934262, 22.532563194544156 ], [ 88.402618985200448, 22.53306044540723 ], [ 88.401943801198726, 22.533489106403902 ], [ 88.401482301598179, 22.533707008593272 ], [ 88.40148417924452, 22.533865251897996 ], [ 88.401851614768418, 22.533736542319783 ], [ 88.402083741948317, 22.533622216325938 ], [ 88.402424471565041, 22.533429321846864 ], [ 88.403323163625686, 22.532889075545565 ], [ 88.403612487059362, 22.532736783381814 ], [ 88.403916316691749, 22.532592433226402 ], [ 88.404174125358608, 22.532456460910666 ], [ 88.405197621244852, 22.532231819096715 ], [ 88.405430667997479, 22.532195269010309 ], [ 88.405773271554565, 22.532160610863503 ] ] ] } },
{ "type": "Feature", "properties": { "source": "KMC ward sewerage network map (ArcMap GeoPDF), water raster", "extraction_method": "geopdf_raster_polygonised", "wards": "101,102,105,106,107,108,109" }, "geometry": { "type": "Polygon", "coordinates": [ [ [ 88.407969628631776, 22.478161995538766 ], [ 88.407928478449193, 22.478121053440297 ], [ 88.407872728271883, 22.478100886834365 ], [ 88.407282078978724, 22.477916714067963 ], [ 88.407152311292236, 22.477900629064841 ], [ 88.407030124252671, 22.477901686005858 ], [ 88.407004310996086, 22.477912233856181 ], [ 88.40699316801323, 22.477908888714516 ], [ 88.406845918369925, 22.478357560451926 ], [ 88.406817138736415, 22.478440405939772 ], [ 88.406798941059307, 22.478471537041958 ], [ 88.406803239819922, 22.47853000577491 ], [ 88.406888821685286, 22.478570563878215 ], [ 88.407290041400358, 22.478697871071841 ], [ 88.407516570131918, 22.478761300005171 ], [ 88.407609522564655, 22.478798352407924 ], [ 88.407683645949959, 22.478804593997154 ], [ 88.407780160753049, 22.478827849376724 ], [ 88.407794936307198, 22.478824279974354 ], [ 88.407820468934972, 22.478786202238741 ], [ 88.407827488254682, 22.478748284733552 ], [ 88.407896013965654, 22.478568732433633 ], [ 88.407932443922505, 22.478509911223565 ], [ 88.407964188575704, 22.478354767917288 ], [ 88.407996564862941, 22.47826156655217 ], [ 88.407992265617963, 22.478203097874434 ], [ 88.407969628631776, 22.478161995538766 ] ] ] } },
{ "type": "Feature", "properties": { "source": "KMC ward sewerage network map (ArcMap GeoPDF), water raster", "extraction_method": "geopdf_raster_polygonised", "wards": "101,102,105,106,107,108,109" }, "geometry": { "type": "Polygon", "coordinates": [ [ [ 88.411916986679458, 22.478523554659731 ], [ 88.41190944062123, 22.478509854086646 ], [ 88.41189078662741, 22.478496249932082 ], [ 88.411857462815604, 22.478496539184444 ], [ 88.411802239826244, 22.478527992177725 ], [ 88.411791554147911, 22.478569383151722 ], [ 88.411837639841167, 22.478730734525655 ], [ 88.411864086264814, 22.478782127752378 ], [ 88.41189011041223, 22.478792226414829 ], [ 88.411971498403005, 22.47878463688976 ], [ 88.411997065036161, 22.478749999764428 ], [ 88.411996748291202, 22.478719028846584 ], [ 88.411955843160371, 22.478702176340597 ], [ 88.411940891786188, 22.478688540052378 ], [ 88.411929467104841, 22.478657665555851 ], [ 88.411925166191963, 22.478599197071276 ], [ 88.411913671139473, 22.478561440146169 ], [ 88.411916986679458, 22.478523554659731 ] ] ] } },
{ "type": "Feature", "properties": { "source": "KMC ward sewerage network map (ArcMap GeoPDF), water raster", "extraction_method": "geopdf_raster_polygonised", "wards": "101,102,105,106,107,108,109" }, "geometry": { "type": "Polygon", "coordinates": [ [ [ 88.411706009509402, 22.479981148285198 ], [ 88.411646590603695, 22.479964456405938 ], [ 88.41135781632147, 22.479970403963343 ], [ 88.411258090047639, 22.479995359919229 ], [ 88.41120646349394, 22.48001645697196 ], [ 88.411143517809919, 22.480017003099839 ], [ 88.411084521026382, 22.480041605577426 ], [ 88.411047529317727, 22.480045368018391 ], [ 88.411018118843245, 22.480066272277853 ], [ 88.411019138833964, 22.48016606748272 ], [ 88.411034406843797, 22.480210674775666 ], [ 88.411066455364235, 22.480447861547564 ], [ 88.411081406856823, 22.480461497908724 ], [ 88.411729027223444, 22.480421462844991 ], [ 88.412169155324747, 22.48036946079856 ], [ 88.41212134382765, 22.480039490195427 ], [ 88.412073068112008, 22.480026143248672 ], [ 88.412010122447157, 22.480026689715089 ], [ 88.411962093111441, 22.480037431222382 ], [ 88.4118177587128, 22.480045567170986 ], [ 88.411773150514875, 22.48002874678015 ], [ 88.411706009509402, 22.479981148285198 ] ] ] } },
{ "type": "Feature", "properties": { "source": "KMC ward sewerage network map (ArcMap GeoPDF), water raster", "extraction_method": "geopdf_raster_polygonised", "wards": "101,102,105,106,107,108,109" }, "geometry": { "type": "Polygon", "coordinates": [ [ [ 88.407895838935005, 22.484360815205882 ], [ 88.407866146267438, 22.484354189215683 ], [ 88.407806901339868, 22.484354702086168 ], [ 88.40777734907401, 22.484361840947187 ], [ 88.407722087732921, 22.484389851469825 ], [ 88.407685445709745, 22.484428025371756 ], [ 88.407660122679872, 22.484486750417666 ], [ 88.407660754420064, 22.484548692325053 ], [ 88.407687270770211, 22.484606968657737 ], [ 88.407728422916477, 22.484647910691212 ], [ 88.40778054313823, 22.4846749916851 ], [ 88.40781023587202, 22.484681617687503 ], [ 88.407869480938615, 22.484681104808701 ], [ 88.407899033265565, 22.484673965927819 ], [ 88.407950591861336, 22.484645987398967 ], [ 88.407990901571523, 22.484604340163713 ], [ 88.408012486558974, 22.484542205914909 ], [ 88.408011924873122, 22.484487146450036 ], [ 88.407989076121041, 22.484425396901123 ], [ 88.407951661883956, 22.484387864093328 ], [ 88.407895838935005, 22.484360815205882 ] ] ] } },
{ "type": "Feature", "properties": { "source": "KMC ward sewerage network map (ArcMap GeoPDF), water raster", "extraction_method": "geopdf_raster_polygonised", "wards": "101,102,105,106,107,108,109" }, "geometry": { "type": "Polygon", "coordinates": [ [ [ 88.409986307717944, 22.485271914082105 ], [ 88.410059872094067, 22.485223094979709 ], [ 88.410085299677533, 22.48517469324651 ], [ 88.410107340843254, 22.485157294536144 ], [ 88.410125784654255, 22.485150251570523 ], [ 88.410218320128322, 22.485146007629247 ], [ 88.410206227155498, 22.485049749994189 ], [ 88.410187291121773, 22.485008615984793 ], [ 88.410175655262094, 22.484957094115192 ], [ 88.410175198187844, 22.484912358344101 ], [ 88.410215472111148, 22.484867269370735 ], [ 88.410215155667544, 22.484836298452507 ], [ 88.410140431315284, 22.484771557577282 ], [ 88.410102559383091, 22.484689289531389 ], [ 88.410069093437457, 22.484675813636411 ], [ 88.41000614561618, 22.484676359428164 ], [ 88.409939670746255, 22.484694143366628 ], [ 88.409865192654522, 22.484653490848277 ], [ 88.409780027960849, 22.484654229158139 ], [ 88.40974307012884, 22.484661432576239 ], [ 88.409702690658634, 22.484696197795561 ], [ 88.409662170582152, 22.484717198149603 ], [ 88.409521674476579, 22.484739065053091 ], [ 88.4094919816676, 22.484732439370912 ], [ 88.409417925358525, 22.484733081212735 ], [ 88.409377334945376, 22.484747199068984 ], [ 88.409329514582438, 22.484778587166488 ], [ 88.4092542149954, 22.485020146040792 ], [ 88.409243668712534, 22.485075301735996 ], [ 88.409248144549991, 22.485150976366448 ], [ 88.409304846523113, 22.485264055111443 ], [ 88.409379254522918, 22.48529782544907 ], [ 88.409450065152853, 22.485341951485381 ], [ 88.409527859760573, 22.4853447187316 ], [ 88.409572469466283, 22.485361539659689 ], [ 88.40965022893657, 22.485360865632355 ], [ 88.409676078463448, 22.485353758520812 ], [ 88.409701857690351, 22.485339768977859 ], [ 88.409738499358355, 22.485301594637608 ], [ 88.409801166262241, 22.485273519227359 ], [ 88.409897404668058, 22.485269243364908 ], [ 88.409923429932732, 22.485279342282116 ], [ 88.409945646908071, 22.485279149659004 ], [ 88.409986307717944, 22.485271914082105 ] ] ] } },
{ "type": "Feature", "properties": { "source": "KMC ward sewerage network map (ArcMap GeoPDF), water raster", "extraction_method": "geopdf_raster_polygonised", "wards": "101,102,105,106,107,108,109" }, "geometry": { "type": "Polygon", "coordinates": [ [ [ 88.408793314470046, 22.48557822406314 ], [ 88.408778257231234, 22.485554263869862 ], [ 88.408759743039226, 22.485554424257128 ], [ 88.408729979832145, 22.485540916012148 ], [ 88.408699970761944, 22.485503319255614 ], [ 88.408665802271415, 22.485421018770051 ], [ 88.408639741936454, 22.485407478431355 ], [ 88.408583110666186, 22.485301281860277 ], [ 88.408552645129845, 22.485218949269875 ], [ 88.40853381490561, 22.485188138689583 ], [ 88.408485607891151, 22.485181673181458 ], [ 88.40844872007068, 22.485195758744084 ], [ 88.408386158244269, 22.485234157287881 ], [ 88.408353148805034, 22.485265416840072 ], [ 88.40830885528402, 22.485279566507241 ], [ 88.408309241538575, 22.485317419880825 ], [ 88.408346831707462, 22.485372158662127 ], [ 88.408362099546096, 22.485416766194984 ], [ 88.408355641993126, 22.485509743152971 ], [ 88.408389845445555, 22.485595484927238 ], [ 88.40847666135069, 22.485756484444771 ], [ 88.408517778957247, 22.485793985026397 ], [ 88.408610631063468, 22.485820712920496 ], [ 88.40867368481193, 22.485830491292219 ], [ 88.408696182883631, 22.485857828556604 ], [ 88.408774118293067, 22.485874361012012 ], [ 88.408844437254757, 22.485870310299791 ], [ 88.408873216933927, 22.485787464506981 ], [ 88.408869233059747, 22.485759966869146 ], [ 88.408835731826827, 22.48574304951201 ], [ 88.408824377404116, 22.485719057245557 ], [ 88.40882406125678, 22.485688086311985 ], [ 88.408801703697875, 22.485674513924319 ], [ 88.408793981874823, 22.485643607146741 ], [ 88.408793314470046, 22.48557822406314 ] ] ] } },
{ "type": "Feature", "properties": { "source": "KMC ward sewerage network map (ArcMap GeoPDF), water raster", "extraction_method": "geopdf_raster_polygonised", "wards": "101,102,105,106,107,108,109" }, "geometry": { "type": "Polygon", "coordinates": [ [ [ 88.411165742140824, 22.485450967017364 ], [ 88.411068342673104, 22.485341683657836 ], [ 88.411057163821781, 22.485334897624032 ], [ 88.411012765055304, 22.485338724386203 ], [ 88.410898680914144, 22.485408544572937 ], [ 88.410700170135158, 22.485551368960387 ], [ 88.410501869956548, 22.485714840395794 ], [ 88.41049135930561, 22.485773437357729 ], [ 88.41051050656084, 22.48583521859133 ], [ 88.410573947286309, 22.485882849546233 ], [ 88.410618451761195, 22.485889346531991 ], [ 88.410655480204426, 22.485889025323825 ], [ 88.410718217508759, 22.485867831978744 ], [ 88.410876595496035, 22.485783861544373 ], [ 88.411123524753052, 22.485668148923157 ], [ 88.4111712394173, 22.485626436667488 ], [ 88.411189472113278, 22.485598746311886 ], [ 88.411196561111439, 22.485567711143212 ], [ 88.411192189747652, 22.485502360259979 ], [ 88.411165742140824, 22.485450967017364 ] ] ] } },
{ "type": "Feature", "properties": { "source": "KMC ward sewerage network map (ArcMap GeoPDF), water raster", "extraction_method": "geopdf_raster_polygonised", "wards": "101,102,105,106,107,108,109" }, "geometry": { "type": "Polygon", "coordinates": [ [ [ 88.406977895738123, 22.487672619507599 ], [ 88.40701845218021, 22.487655060987894 ], [ 88.407088737047403, 22.487647569777454 ], [ 88.407177255666724, 22.487612388587387 ], [ 88.407366103337566, 22.487610754248585 ], [ 88.407443583365165, 22.487582551492615 ], [ 88.407573184667157, 22.487581429698665 ], [ 88.407706243133461, 22.487556187234858 ], [ 88.40775808363955, 22.48755573844581 ], [ 88.407847128608154, 22.487572175131888 ], [ 88.407925170238968, 22.487599031596641 ], [ 88.408210222835947, 22.487589680229032 ], [ 88.40825088443016, 22.48758244505283 ], [ 88.408461949329919, 22.487580617020932 ], [ 88.408495415855114, 22.487594093217172 ], [ 88.408562138178155, 22.487600398301222 ], [ 88.408802896479202, 22.487605195643127 ], [ 88.408921599847446, 22.487624816290129 ], [ 88.408962331672555, 22.487624463363446 ], [ 88.40902143741954, 22.487610185142238 ], [ 88.409036038174307, 22.487589409515049 ], [ 88.409084140633936, 22.487585551171559 ], [ 88.409098811651575, 22.487571657966519 ], [ 88.409139367765661, 22.487554098927937 ], [ 88.409305541000904, 22.487507919077622 ], [ 88.409379247346862, 22.487472865079322 ], [ 88.409419662812454, 22.487441541120393 ], [ 88.409441177224224, 22.48737252428511 ], [ 88.409440685186411, 22.487324347299989 ], [ 88.409417308099805, 22.487210979831588 ], [ 88.409419534904401, 22.487066416776521 ], [ 88.40941149655184, 22.487004539124051 ], [ 88.409396157890669, 22.486953049298414 ], [ 88.409391963005234, 22.486904904403499 ], [ 88.409353704282353, 22.486784782860425 ], [ 88.409270976085764, 22.486661605181478 ], [ 88.4091962511161, 22.486596863910336 ], [ 88.409151746456033, 22.486590366540504 ], [ 88.409118561212821, 22.486604420182072 ], [ 88.409077829688925, 22.486604773132953 ], [ 88.408970095250396, 22.486571291448083 ], [ 88.408943929270919, 22.486547427530116 ], [ 88.408847760179313, 22.486558585298138 ], [ 88.408799798575757, 22.486576208411694 ], [ 88.408736814733956, 22.4865733125372 ], [ 88.408644067470433, 22.486556908389463 ], [ 88.408447885841227, 22.486565490725429 ], [ 88.40840704896101, 22.486555519860996 ], [ 88.408210832188175, 22.486560660693637 ], [ 88.408155254084178, 22.486557700458633 ], [ 88.408114206554629, 22.486527082225582 ], [ 88.408058593354184, 22.486520680740814 ], [ 88.407936398797759, 22.486521738755421 ], [ 88.407862657433554, 22.486553350874573 ], [ 88.407836667159415, 22.486546692846552 ], [ 88.407714542771501, 22.486554633126357 ], [ 88.407680901065078, 22.486523950668627 ], [ 88.407662070834078, 22.48649313999044 ], [ 88.407617566253961, 22.486486642191387 ], [ 88.407572956383646, 22.486469820730715 ], [ 88.407547036330897, 22.486470045087216 ], [ 88.407455061326218, 22.486529347007561 ], [ 88.4073661223443, 22.486523233716163 ], [ 88.407302892884275, 22.486496248761142 ], [ 88.407236206209376, 22.486493384341589 ], [ 88.407132876834382, 22.486528693697029 ], [ 88.407036812800499, 22.486550174042282 ], [ 88.406959087661249, 22.48655428806023 ], [ 88.406874062021203, 22.48656878976378 ], [ 88.406841087005049, 22.486603490252218 ], [ 88.406778278538525, 22.48661779969806 ], [ 88.406712188110205, 22.486673435762661 ], [ 88.406645852101065, 22.486704983278962 ], [ 88.406361292001051, 22.486762508845207 ], [ 88.406276090822416, 22.486759804151777 ], [ 88.406209228693612, 22.48673973322132 ], [ 88.405920299328017, 22.486731906887535 ], [ 88.40589448437855, 22.486742454637046 ], [ 88.405813862454153, 22.486825748155827 ], [ 88.40576230260649, 22.486853726056967 ], [ 88.405684682379672, 22.486868163127568 ], [ 88.405617995519691, 22.486865298045778 ], [ 88.40557384137297, 22.48689321187527 ], [ 88.405507329738242, 22.486907552844396 ], [ 88.405392435333582, 22.486898221280867 ], [ 88.405340384759157, 22.486878021979603 ], [ 88.405292177246309, 22.486871555539736 ], [ 88.404966323870511, 22.486874371156237 ], [ 88.404870154094766, 22.486885526577566 ], [ 88.404799939493415, 22.486899899247902 ], [ 88.404755785158727, 22.486927812862049 ], [ 88.404689623677683, 22.486976565702996 ], [ 88.404649382338391, 22.487025094627146 ], [ 88.404631323257746, 22.487069990416604 ], [ 88.404629056448002, 22.487211112439692 ], [ 88.404647956188768, 22.487248805939839 ], [ 88.404700287043823, 22.487296535224264 ], [ 88.404711710974723, 22.487327410247119 ], [ 88.404711956175177, 22.487351498788847 ], [ 88.40469749488777, 22.48738603893754 ], [ 88.404694457532571, 22.487451454108463 ], [ 88.404720938265385, 22.487506289724088 ], [ 88.404773374337751, 22.487564342637267 ], [ 88.404862874483712, 22.487625516849519 ], [ 88.404877756148977, 22.487632271326408 ], [ 88.404959254979715, 22.487635008725885 ], [ 88.405011270759218, 22.487651766917114 ], [ 88.405055985862433, 22.487678912739927 ], [ 88.405093119986319, 22.487688916443748 ], [ 88.405181989609162, 22.487688148517183 ], [ 88.405292936457883, 22.487673423663171 ], [ 88.405374785764806, 22.487710573042101 ], [ 88.405419325718555, 22.487720512664062 ], [ 88.40547888757385, 22.48775097156836 ], [ 88.405538309255036, 22.487767665573845 ], [ 88.405586446985922, 22.487767249485373 ], [ 88.405638427827043, 22.487780566248773 ], [ 88.405701377170317, 22.487780022090803 ], [ 88.405734808456501, 22.487790057652834 ], [ 88.405883029734298, 22.487799100807877 ], [ 88.405931307707249, 22.487812449488867 ], [ 88.405964633833833, 22.48781216134735 ], [ 88.40612784207174, 22.487838282299887 ], [ 88.406268903074604, 22.487871477659816 ], [ 88.406361580883953, 22.487881000706551 ], [ 88.406420827349066, 22.487880488290568 ], [ 88.406450380435899, 22.487873349639539 ], [ 88.40648349612961, 22.487852414085584 ], [ 88.406549937935893, 22.487831190262529 ], [ 88.406668325578863, 22.487819841621103 ], [ 88.40670881194886, 22.487795400741252 ], [ 88.406763759105772, 22.48773641954465 ], [ 88.406808053576398, 22.487722270258313 ], [ 88.40683009556318, 22.487704871959902 ], [ 88.406977895738123, 22.487672619507599 ] ] ] } },
{ "type": "Feature", "properties": { "source": "KMC ward sewerage network map (ArcMap GeoPDF), water raster", "extraction_method": "geopdf_raster_polygonised", "wards": "101,102,105,106,107,108,109" }, "geometry": { "type": "Polygon", "coordinates": [ [ [ 88.41222736521776, 22.487506660145627 ], [ 88.412267850440372, 22.487482217922729 ], [ 88.412315142730279, 22.487399210815983 ], [ 88.412381266327316, 22.487347013764055 ], [ 88.412392198875736, 22.487329711230878 ], [ 88.412398583296991, 22.487229851847882 ], [ 88.412387298574572, 22.487212742292375 ], [ 88.412324103153097, 22.487189200585167 ], [ 88.41227938691469, 22.487162056842578 ], [ 88.412275226240652, 22.487117353284596 ], [ 88.412264011972681, 22.487107126137204 ], [ 88.411797449779868, 22.487111177603449 ], [ 88.411779780277556, 22.487193927383924 ], [ 88.411836414777, 22.487300122642452 ], [ 88.411811832376131, 22.487431113660588 ], [ 88.411894844895386, 22.487581819560326 ], [ 88.411899251918342, 22.487650611597289 ], [ 88.411928875031407, 22.487650354376868 ], [ 88.411947248644765, 22.487636428773889 ], [ 88.412039891280884, 22.487642507333394 ], [ 88.412065741079829, 22.487635399824896 ], [ 88.412076603266954, 22.48761121489218 ], [ 88.412124494321816, 22.487586708390122 ], [ 88.412153554010644, 22.487531391783481 ], [ 88.412175630470145, 22.487517433998288 ], [ 88.412201550666211, 22.487517208887542 ], [ 88.41222736521776, 22.487506660145627 ] ] ] } },
{ "type": "Feature", "properties": { "source": "KMC ward sewerage network map (ArcMap GeoPDF), water raster", "extraction_method": "geopdf_raster_polygonised", "wards": "101,102,105,106,107,108,109" }, "geometry": { "type": "Polygon", "coordinates": [ [ [ 88.409012242199239, 22.489248427326427 ], [ 88.408673132058638, 22.489041432959326 ], [ 88.408304610212369, 22.488855341679869 ], [ 88.408129203128908, 22.488722641568319 ], [ 88.407096947807688, 22.488452814417872 ], [ 88.406396394711237, 22.488390044678415 ], [ 88.406329742193179, 22.488390621147214 ], [ 88.406030086339342, 22.488420744658644 ], [ 88.40565382577482, 22.488565100049605 ], [ 88.405458902696353, 22.488697562765989 ], [ 88.405474064903814, 22.488731846927855 ], [ 88.405481470760137, 22.488731782915504 ], [ 88.405761210551972, 22.48856417172416 ], [ 88.406104495367615, 22.488454516450034 ], [ 88.406441425967174, 22.488448161043348 ], [ 88.406897446317046, 22.488499280430027 ], [ 88.40735000967797, 22.488574519068138 ], [ 88.407840164410061, 22.488704495250875 ], [ 88.408260596516541, 22.488897021101 ], [ 88.40860690082863, 22.489083304950281 ], [ 88.408849207594017, 22.489239515479284 ], [ 88.409351669647847, 22.489486391834912 ], [ 88.409653611747103, 22.489679940846042 ], [ 88.410077787227024, 22.489875870759068 ], [ 88.410085193129561, 22.489875806532094 ], [ 88.410096126152794, 22.489858504135125 ], [ 88.410114289241548, 22.48982393145349 ], [ 88.410110515958991, 22.489817081145265 ], [ 88.409969241262104, 22.48976324203635 ], [ 88.409678548023535, 22.489583362187169 ], [ 88.409406862294333, 22.489451498258806 ], [ 88.409272748078052, 22.489373505820883 ], [ 88.409012242199239, 22.489248427326427 ] ] ] } },
{ "type": "Feature", "properties": { "source": "KMC ward sewerage network map (ArcMap GeoPDF), water raster", "extraction_method": "geopdf_raster_polygonised", "wards": "101,102,105,106,107,108,109" }, "geometry": { "type": "Polygon", "coordinates": [ [ [ 88.407839937234158, 22.489045207591641 ], [ 88.407832601586122, 22.489052154142975 ], [ 88.407833970831746, 22.489186361522368 ], [ 88.407791290996556, 22.489358806989991 ], [ 88.40782323173228, 22.489585670677592 ], [ 88.407845660074926, 22.489606125596595 ], [ 88.408074997006722, 22.489580049104259 ], [ 88.408084666100052, 22.489438863115964 ], [ 88.408106181434704, 22.489369846425742 ], [ 88.408148579943031, 22.489169871179879 ], [ 88.408148193659258, 22.48913201782176 ], [ 88.408133241455829, 22.489118381235681 ], [ 88.408099879932138, 22.489115228627075 ], [ 88.407858451897781, 22.489045047286268 ], [ 88.407839937234158, 22.489045207591641 ] ] ] } },
{ "type": "Feature", "properties": { "source": "KMC ward sewerage network map (ArcMap GeoPDF), water raster", "extraction_method": "geopdf_raster_polygonised", "wards": "101,102,105,106,107,108,109" }, "geometry": { "type": "Polygon", "coordinates": [ [ [ 88.411783896432382, 22.489768144811578 ], [ 88.411795005269369, 22.489768048353849 ], [ 88.411894315803309, 22.489701797237306 ], [ 88.412027093570686, 22.489649021480236 ], [ 88.412160117748698, 22.489620334076061 ], [ 88.412223067747121, 22.489619787328618 ], [ 88.41221093760555, 22.489520088778843 ], [ 88.411900348488459, 22.489567525792467 ], [ 88.411826747393249, 22.489612904585798 ], [ 88.411494785045264, 22.489743122770907 ], [ 88.411048347312743, 22.489905307436814 ], [ 88.410752498257764, 22.489945731335727 ], [ 88.410170185166933, 22.489857861842136 ], [ 88.410115695905716, 22.489961579898889 ], [ 88.410123558983244, 22.490006251414027 ], [ 88.410157096582054, 22.490026609645032 ], [ 88.410383117527488, 22.490038415288364 ], [ 88.410553734876814, 22.490064467332395 ], [ 88.410635235076455, 22.490067201781081 ], [ 88.410883333077479, 22.490065049116815 ], [ 88.410949880704024, 22.490054147094604 ], [ 88.411093838445282, 22.490008158091385 ], [ 88.411329912317811, 22.48991662971239 ], [ 88.41143331333123, 22.489888200023472 ], [ 88.41162868954261, 22.489800466019837 ], [ 88.411761502722797, 22.489751131681039 ], [ 88.411776314503769, 22.489751003072708 ], [ 88.411783896432382, 22.489768144811578 ] ] ] } },
{ "type": "Feature", "properties": { "source": "KMC ward sewerage network map (ArcMap GeoPDF), water raster", "extraction_method": "geopdf_raster_polygonised", "wards": "101,102,105,106,107,108,109" }, "geometry": { "type": "Polygon", "coordinates": [ [ [ 88.406840525345132, 22.490544035626495 ], [ 88.406811147153675, 22.49056838045362 ], [ 88.406811568187152, 22.490609675042563 ], [ 88.406826941476453, 22.490664606335692 ], [ 88.406849229515316, 22.490671296526735 ], [ 88.407271017939237, 22.490633231228269 ], [ 88.407296763279376, 22.490615800801475 ], [ 88.407292288147872, 22.490540126121143 ], [ 88.407284671614732, 22.490519542931182 ], [ 88.407265911069842, 22.490495614674924 ], [ 88.407169633789366, 22.49049644793698 ], [ 88.407099452777757, 22.490514262899673 ], [ 88.407010616514725, 22.490518473191003 ], [ 88.406962618220874, 22.490532654615574 ], [ 88.406840525345132, 22.490544035626495 ] ] ] } },
{ "type": "Feature", "properties": { "source": "KMC ward sewerage network map (ArcMap GeoPDF), water raster", "extraction_method": "geopdf_raster_polygonised", "wards": "101,102,105,106,107,108,109" }, "geometry": { "type": "Polygon", "coordinates": [ [ [ 88.409479044392711, 22.49180486984622 ], [ 88.409490258866683, 22.491815097172765 ], [ 88.409793869993393, 22.49180902326745 ], [ 88.409804908678353, 22.491802044516977 ], [ 88.409804557056432, 22.491767632409083 ], [ 88.40972225839829, 22.491324390473732 ], [ 88.40967411952289, 22.491324807860231 ], [ 88.409507731023893, 22.491350341028635 ], [ 88.409371036694012, 22.491382499660528 ], [ 88.409367544605757, 22.49140317902933 ], [ 88.409425233791097, 22.491612611432181 ], [ 88.409479044392711, 22.49180486984622 ] ] ] } },
{ "type": "Feature", "properties": { "source": "KMC ward sewerage network map (ArcMap GeoPDF), water raster", "extraction_method": "geopdf_raster_polygonised", "wards": "101,102,105,106,107,108,109" }, "geometry": { "type": "Polygon", "coordinates": [ [ [ 88.408368263131166, 22.491463460900356 ], [ 88.408368333383422, 22.491470343326466 ], [ 88.408209209897962, 22.491482046168592 ], [ 88.408172285291769, 22.491492690530958 ], [ 88.408028043979925, 22.491511147335217 ], [ 88.408017005220842, 22.491518125967566 ], [ 88.40801347780986, 22.491535364103626 ], [ 88.408070813859709, 22.491710384955823 ], [ 88.40809412059447, 22.491816870149147 ], [ 88.408105475454406, 22.491840862430433 ], [ 88.408124130970762, 22.491854466928586 ], [ 88.408475846348722, 22.491844537354371 ], [ 88.408546168334112, 22.491840486620106 ], [ 88.408557207089146, 22.491833507951817 ], [ 88.408561767462317, 22.49155470556282 ], [ 88.408538390168829, 22.491441338024263 ], [ 88.40852347279754, 22.491431142705718 ], [ 88.408479001726761, 22.491428086444408 ], [ 88.408420034822967, 22.491456129398017 ], [ 88.408368263131166, 22.491463460900356 ] ] ] } },
{ "type": "Feature", "properties": { "source": "KMC ward sewerage network map (ArcMap GeoPDF), water raster", "extraction_method": "geopdf_raster_polygonised", "wards": "101,102,105,106,107,108,109" }, "geometry": { "type": "Polygon", "coordinates": [ [ [ 88.409766782754275, 22.494232084869253 ], [ 88.409795809470992, 22.494173327402937 ], [ 88.409865183028487, 22.494076363373253 ], [ 88.410011828369448, 22.493930547935317 ], [ 88.410048401727224, 22.493885491033211 ], [ 88.410040608723435, 22.493847701964363 ], [ 88.409946801375256, 22.493728062546442 ], [ 88.409927899251187, 22.493690369815944 ], [ 88.409911926493805, 22.493576938351154 ], [ 88.409911117633214, 22.493497790523858 ], [ 88.409917785203419, 22.493425460886673 ], [ 88.409915217971161, 22.493174252558394 ], [ 88.409924674219695, 22.49301241934312 ], [ 88.409883483673823, 22.492968036861644 ], [ 88.409838871441863, 22.492951216162123 ], [ 88.409727604623285, 22.492934973434835 ], [ 88.409498051707445, 22.492940405272513 ], [ 88.409464829870984, 22.492951017839765 ], [ 88.409428080769288, 22.492978868557344 ], [ 88.40942116686675, 22.493027109714337 ], [ 88.409422713686581, 22.493178522989346 ], [ 88.409458255887529, 22.493395030332184 ], [ 88.409459943402467, 22.493560208440059 ], [ 88.409430776028472, 22.493605201008648 ], [ 88.4094541193531, 22.493715127121781 ], [ 88.409463002063163, 22.493859593751655 ], [ 88.409455912361125, 22.493890628854636 ], [ 88.409456861607822, 22.493983541535137 ], [ 88.409439014282668, 22.494049085054957 ], [ 88.409432381608696, 22.494124855891549 ], [ 88.409371011499303, 22.494280256121517 ], [ 88.409320188007356, 22.494380500659709 ], [ 88.409294582887483, 22.494411696266436 ], [ 88.409243653837592, 22.494501617152853 ], [ 88.409166803177129, 22.494591762719878 ], [ 88.409030914014338, 22.494703069063664 ], [ 88.408998183786039, 22.494761858505939 ], [ 88.408976211315888, 22.49478613955112 ], [ 88.408969121469013, 22.494817174637205 ], [ 88.408928844434229, 22.494862263413513 ], [ 88.408932688103761, 22.494875996162762 ], [ 88.409011226165944, 22.494951028806081 ], [ 88.409086623624034, 22.495081152871165 ], [ 88.409101400838907, 22.495077583269197 ], [ 88.409222442784369, 22.494962964048195 ], [ 88.409222372477856, 22.494956081627599 ], [ 88.409299434218127, 22.494886583290857 ], [ 88.409299363908062, 22.494879700870417 ], [ 88.409500994336554, 22.494678344935849 ], [ 88.409643164017169, 22.494456855280518 ], [ 88.409741177764147, 22.494263280540988 ], [ 88.409766782754275, 22.494232084869253 ] ] ] } },
{ "type": "Feature", "properties": { "source": "KMC ward sewerage network map (ArcMap GeoPDF), water raster", "extraction_method": "geopdf_raster_polygonised", "wards": "101,102,105,106,107,108,109" }, "geometry": { "type": "Polygon", "coordinates": [ [ [ 88.4088988811815, 22.494466748814013 ], [ 88.408894615797948, 22.49441172153039 ], [ 88.408875608416793, 22.494363705036463 ], [ 88.408823554545691, 22.494343507047684 ], [ 88.408805039184898, 22.494343667499962 ], [ 88.408793824543565, 22.494333440136696 ], [ 88.408767903039973, 22.494333664764405 ], [ 88.408753196173805, 22.494344116755006 ], [ 88.408727239527821, 22.494340900164985 ], [ 88.408661076163597, 22.494389654702758 ], [ 88.408654232228614, 22.4944447782586 ], [ 88.408669922998314, 22.494530680193346 ], [ 88.408685016421771, 22.494558081533317 ], [ 88.408707445729135, 22.494578536272527 ], [ 88.408725961121959, 22.494578375829871 ], [ 88.408759113122912, 22.494560880971957 ], [ 88.408799495559919, 22.494526115871444 ], [ 88.408862447868572, 22.494525570322985 ], [ 88.408880857820918, 22.494515086229903 ], [ 88.408903076280481, 22.494514893675071 ], [ 88.40891408007559, 22.494504473763648 ], [ 88.408913869206614, 22.494483826497905 ], [ 88.4088988811815, 22.494466748814013 ] ] ] } },
{ "type": "Feature", "properties": { "source": "KMC ward sewerage network map (ArcMap GeoPDF), water raster", "extraction_method": "geopdf_raster_polygonised", "wards": "101,102,105,106,107,108,109" }, "geometry": { "type": "Polygon", "coordinates": [ [ [ 88.408348731566875, 22.497531023035261 ], [ 88.407954144594328, 22.497696192465696 ], [ 88.408124018966504, 22.498011340377779 ], [ 88.408518184895257, 22.497804875980453 ], [ 88.408476641870564, 22.497726081112422 ], [ 88.40835261040553, 22.497548197003589 ], [ 88.408348731566875, 22.497531023035261 ] ] ] } },
{ "type": "Feature", "properties": { "source": "KMC ward sewerage network map (ArcMap GeoPDF), water raster", "extraction_method": "geopdf_raster_polygonised", "wards": "101,102,105,106,107,108,109" }, "geometry": { "type": "Polygon", "coordinates": [ [ [ 88.408633957843023, 22.49882386640866 ], [ 88.408771275191697, 22.498749091185875 ], [ 88.409267019501584, 22.498523998018083 ], [ 88.409527061368465, 22.498395257215318 ], [ 88.409848650002942, 22.498259060136821 ], [ 88.409813864335163, 22.498229511526791 ], [ 88.409796656326591, 22.498234264002985 ], [ 88.409215025815939, 22.498499201697054 ], [ 88.40876824577758, 22.498689384723164 ], [ 88.408596316721017, 22.49875298922116 ], [ 88.408633957843023, 22.49882386640866 ] ] ] } },
{ "type": "Feature", "properties": { "source": "KMC ward sewerage network map (ArcMap GeoPDF), water raster", "extraction_method": "geopdf_raster_polygonised", "wards": "101,102,105,106,107,108,109" }, "geometry": { "type": "Polygon", "coordinates": [ [ [ 88.412458685454411, 22.503186180904287 ], [ 88.41236743045711, 22.503180125570971 ], [ 88.412330614228878, 22.503196545515934 ], [ 88.412301039212778, 22.503196816782879 ], [ 88.412268803501661, 22.503176435265111 ], [ 88.412241388020391, 22.503144522206888 ], [ 88.412204266740559, 22.50312878041365 ], [ 88.412162347030915, 22.503126867407943 ], [ 88.412140122202786, 22.503122476304821 ], [ 88.412130154930509, 22.5031110803905 ], [ 88.41208577064269, 22.503109189967173 ], [ 88.412056108496515, 22.503100272127657 ], [ 88.411929434456695, 22.502998047818494 ], [ 88.411833054382456, 22.502971361985125 ], [ 88.411798267079973, 22.502941813902623 ], [ 88.411778485089343, 22.502935102884479 ], [ 88.411741429255827, 22.502926252775065 ], [ 88.411687208484096, 22.502926749889959 ], [ 88.411650370452136, 22.502940872415 ], [ 88.411584262336305, 22.502987427783651 ], [ 88.411584937469669, 22.503058643018065 ], [ 88.411511631521492, 22.50312594153398 ], [ 88.411504738646983, 22.503178846423815 ], [ 88.411492568160938, 22.503195040248819 ], [ 88.411468074742913, 22.503211347036601 ], [ 88.411418891905342, 22.503223285210197 ], [ 88.411376993941033, 22.503223669266742 ], [ 88.411357386126554, 22.503235336324423 ], [ 88.411347701979651, 22.503253804814296 ], [ 88.411254243641721, 22.503275338631227 ], [ 88.411200327536761, 22.503307997312124 ], [ 88.411190839315083, 22.503347141187053 ], [ 88.411156770511553, 22.50339340274142 ], [ 88.411147238729569, 22.503427952082419 ], [ 88.411145274889265, 22.503480811786826 ], [ 88.411208261353366, 22.503624974825154 ], [ 88.411325991667852, 22.503823775213775 ], [ 88.411444615202925, 22.504116763378434 ], [ 88.411443021698943, 22.504208676589176 ], [ 88.411431286669497, 22.504270815721089 ], [ 88.41267730960017, 22.503887199407313 ], [ 88.412681846436698, 22.503845803426231 ], [ 88.412701236235009, 22.503811163566404 ], [ 88.412742676583662, 22.503762536606757 ], [ 88.412769678125642, 22.503750801544378 ], [ 88.412754258401804, 22.503684316557781 ], [ 88.412722459898859, 22.503450266943954 ], [ 88.412701893090585, 22.503360854526679 ], [ 88.412458685454411, 22.503186180904287 ] ] ] } },
{ "type": "Feature", "properties": { "source": "KMC ward sewerage network map (ArcMap GeoPDF), water raster", "extraction_method": "geopdf_raster_polygonised", "wards": "101,102,105,106,107,108,109" }, "geometry": { "type": "Polygon", "coordinates": [ [ [ 88.412589166315001, 22.504988493418043 ], [ 88.412655492965314, 22.504964910256703 ], [ 88.412709714508694, 22.504964412775248 ], [ 88.412759181220508, 22.504982338614866 ], [ 88.412830655078565, 22.504981682793563 ], [ 88.412950854361853, 22.504920845752611 ], [ 88.413061129667881, 22.504853207310184 ], [ 88.413100236395167, 22.504818386455323 ], [ 88.413051947840771, 22.50466489954302 ], [ 88.413002612034575, 22.504660757371383 ], [ 88.412975392309079, 22.504649519841678 ], [ 88.412948085376357, 22.504629093251829 ], [ 88.412908171978358, 22.504578915306574 ], [ 88.412892861082753, 22.504523916667548 ], [ 88.41286280616319, 22.504473648245277 ], [ 88.412857593534682, 22.504443829043851 ], [ 88.412859731123504, 22.504409347469238 ], [ 88.41287920815212, 22.504383896644459 ], [ 88.412876394725174, 22.504347163036133 ], [ 88.412861607098378, 22.504347298726639 ], [ 88.412839709067711, 22.504377366692001 ], [ 88.412817593023505, 22.504384462014535 ], [ 88.412765531120499, 22.504352775210055 ], [ 88.412707624496306, 22.50422464851771 ], [ 88.412657482342212, 22.504135507454844 ], [ 88.412639837786415, 22.50409431497852 ], [ 88.412636980838784, 22.504052986832587 ], [ 88.412651136315446, 22.50398623049978 ], [ 88.412665662336011, 22.503958527659037 ], [ 88.412674888598616, 22.50389181654764 ], [ 88.411428865619527, 22.504275432844938 ], [ 88.411414949077653, 22.504367459019182 ], [ 88.411415515286507, 22.504427187919639 ], [ 88.411445939911701, 22.504516510150559 ], [ 88.411541380976374, 22.504704027319484 ], [ 88.411631566358579, 22.504857130631965 ], [ 88.411816039161039, 22.505075995804471 ], [ 88.411997416081888, 22.505228262659781 ], [ 88.41204980499549, 22.505294408669346 ], [ 88.412094168193349, 22.505294001801818 ], [ 88.412118705464451, 22.505282289436742 ], [ 88.412189111737675, 22.505169067935835 ], [ 88.412215961058578, 22.505141252101033 ], [ 88.412286999165474, 22.505094651229744 ], [ 88.41242264034814, 22.505102596852321 ], [ 88.412491475293535, 22.50508358567399 ], [ 88.412547529400186, 22.505016444975571 ], [ 88.412589166315001, 22.504988493418043 ] ] ] } },
{ "type": "Feature", "properties": { "source": "KMC ward sewerage network map (ArcMap GeoPDF), water raster", "extraction_method": "geopdf_raster_polygonised", "wards": "101,102,105,106,107,108,109" }, "geometry": { "type": "Polygon", "coordinates": [ [ [ 88.408636317381948, 22.507411777623894 ], [ 88.408663385207703, 22.507406935002926 ], [ 88.408697673134284, 22.507383646577793 ], [ 88.408727249087008, 22.507383375926825 ], [ 88.408749257158348, 22.507364794797635 ], [ 88.408746553393996, 22.507339547413402 ], [ 88.408699268366902, 22.507291733334416 ], [ 88.408669757638933, 22.507298895781084 ], [ 88.408642798508183, 22.507315224738573 ], [ 88.408636317381948, 22.507411777623894 ] ] ] } },
{ "type": "Feature", "properties": { "source": "KMC ward sewerage network map (ArcMap GeoPDF), water raster", "extraction_method": "geopdf_raster_polygonised", "wards": "101,102,105,106,107,108,109" }, "geometry": { "type": "Polygon", "coordinates": [ [ [ 88.408784805818726, 22.507474747848939 ], [ 88.408805023099262, 22.507527404547165 ], [ 88.408790517695437, 22.507557404353374 ], [ 88.408770952529849, 22.507573665666648 ], [ 88.408751256938345, 22.507576143375076 ], [ 88.408741550430989, 22.507592314464691 ], [ 88.408751648202596, 22.507617494183041 ], [ 88.408783949720856, 22.507644768168902 ], [ 88.408803580107758, 22.507635398654887 ], [ 88.408828226778553, 22.507635173094311 ], [ 88.408852960403536, 22.507644136597946 ], [ 88.408914577082484, 22.507643572670343 ], [ 88.408931916712021, 22.507652603834075 ], [ 88.409025661031762, 22.507660935675901 ], [ 88.409050438156228, 22.507674493681883 ], [ 88.40908036204533, 22.507710979231131 ], [ 88.409137419049941, 22.507749513870959 ], [ 88.409216331938197, 22.507753386430302 ], [ 88.409236136268404, 22.507762394997116 ], [ 88.409243639001176, 22.507773813642025 ], [ 88.409401943260619, 22.507832098476985 ], [ 88.409550084456015, 22.50785831169204 ], [ 88.409591962098659, 22.507855630773005 ], [ 88.409653187314234, 22.507813715767131 ], [ 88.409660124527377, 22.507765405470465 ], [ 88.409693759781206, 22.507673198853528 ], [ 88.409693564008322, 22.507652523458056 ], [ 88.409555064177866, 22.507603247432211 ], [ 88.408865465840918, 22.507402788220709 ], [ 88.408811308469296, 22.507410176258219 ], [ 88.408786879211078, 22.507433374485423 ], [ 88.408784805818726, 22.507474747848939 ] ] ] } },
{ "type": "Feature", "properties": { "source": "KMC ward sewerage network map (ArcMap GeoPDF), water raster", "extraction_method": "geopdf_raster_polygonised", "wards": "101,102,105,106,107,108,109" }, "geometry": { "type": "Polygon", "coordinates": [ [ [ 88.408597613049807, 22.507749859309381 ], [ 88.40861514828805, 22.507779565912237 ], [ 88.408662107428498, 22.507792920999069 ], [ 88.408718599209394, 22.507771726846816 ], [ 88.408735851896523, 22.507771568963044 ], [ 88.4087383817768, 22.507778438209279 ], [ 88.408765471405943, 22.507775892834939 ], [ 88.408762332881537, 22.507704700111567 ], [ 88.408739911761074, 22.507679633169712 ], [ 88.408712735204418, 22.507672989470365 ], [ 88.408633909301543, 22.507678305729904 ], [ 88.408624333183212, 22.507708260416539 ], [ 88.408597613049807, 22.507749859309381 ] ] ] } },
{ "type": "Feature", "properties": { "source": "KMC ward sewerage network map (ArcMap GeoPDF), water raster", "extraction_method": "geopdf_raster_polygonised", "wards": "101,102,105,106,107,108,109" }, "geometry": { "type": "Polygon", "coordinates": [ [ [ 88.410232906805703, 22.507863545378459 ], [ 88.410196176133198, 22.507889153965127 ], [ 88.41017397234144, 22.507887059894625 ], [ 88.410139184078062, 22.50785751151615 ], [ 88.410114189226817, 22.50782098102809 ], [ 88.410081974456801, 22.507802896388142 ], [ 88.41004989024637, 22.507798595335952 ], [ 88.410013050764121, 22.507812717552881 ], [ 88.409981554005071, 22.507870442664434 ], [ 88.409974399326785, 22.507895780310683 ], [ 88.409981989156378, 22.507916387980774 ], [ 88.409994377783775, 22.507923166906924 ], [ 88.410058459226647, 22.507922579961093 ], [ 88.41017722040128, 22.507969738879691 ], [ 88.410219054532462, 22.507962463265336 ], [ 88.410305318028705, 22.507961673018468 ], [ 88.410327391253276, 22.507949983477364 ], [ 88.410351776798763, 22.507922190495499 ], [ 88.410371450634756, 22.507917415324901 ], [ 88.410373567080427, 22.507880636497884 ], [ 88.410358692006724, 22.507871582916081 ], [ 88.410262439316426, 22.507858679909319 ], [ 88.410232906805703, 22.507863545378459 ] ] ] } },
{ "type": "Feature", "properties": { "source": "KMC ward sewerage network map (ArcMap GeoPDF), water raster", "extraction_method": "geopdf_raster_polygonised", "wards": "101,102,105,106,107,108,109" }, "geometry": { "type": "Polygon", "coordinates": [ [ [ 88.413252457948616, 22.512802969269678 ], [ 88.41315860095672, 22.512783153778706 ], [ 88.413064853058799, 22.512774824538567 ], [ 88.412919410778088, 22.512773862129684 ], [ 88.412525464435504, 22.512821129384719 ], [ 88.412296743638606, 22.512876069680175 ], [ 88.412050703948097, 22.512924276145938 ], [ 88.41189579474225, 22.51296475398561 ], [ 88.411578167749397, 22.513002129047916 ], [ 88.411474647858313, 22.513003078348572 ], [ 88.411403256982652, 22.513012922831116 ], [ 88.411346523938548, 22.513008848107113 ], [ 88.411346894299882, 22.513047901578371 ], [ 88.411393746531928, 22.5130497694404 ], [ 88.411622903854095, 22.513040775651081 ], [ 88.411775501030618, 22.513016401510395 ], [ 88.412311771995221, 22.512901203878233 ], [ 88.412449449499746, 22.512863181225459 ], [ 88.41264390351607, 22.512833827271066 ], [ 88.412897511541175, 22.512803930139963 ], [ 88.4131047690408, 22.512825002271722 ], [ 88.413252654303506, 22.512823644620493 ], [ 88.413252457948616, 22.512802969269678 ] ] ] } },
{ "type": "Feature", "properties": { "source": "KMC ward sewerage network map (ArcMap GeoPDF), water raster", "extraction_method": "geopdf_raster_polygonised", "wards": "101,102,105,106,107,108,109" }, "geometry": { "type": "Polygon", "coordinates": [ [ [ 88.410621666740653, 22.512992518137484 ], [ 88.410821312298978, 22.512990688341912 ], [ 88.410821203412837, 22.512979202024194 ], [ 88.410540264337826, 22.512986371747402 ], [ 88.410505844784495, 22.512995877021183 ], [ 88.410513391470474, 22.513011890107581 ], [ 88.410565020803489, 22.512997632191571 ], [ 88.410621666740653, 22.512992518137484 ] ] ] } },
{ "type": "Feature", "properties": { "source": "KMC ward sewerage network map (ArcMap GeoPDF), water raster", "extraction_method": "geopdf_raster_polygonised", "wards": "101,102,105,106,107,108,109" }, "geometry": { "type": "Polygon", "coordinates": [ [ [ 88.411164284199231, 22.513026601220346 ], [ 88.411184002280137, 22.513026420444117 ], [ 88.411183675531419, 22.512991961496414 ], [ 88.410840943267502, 22.512981318553845 ], [ 88.410841095710438, 22.5129973993985 ], [ 88.411164284199231, 22.513026601220346 ] ] ] } },
{ "type": "Feature", "properties": { "source": "KMC ward sewerage network map (ArcMap GeoPDF), water raster", "extraction_method": "geopdf_raster_polygonised", "wards": "101,102,105,106,107,108,109" }, "geometry": { "type": "Polygon", "coordinates": [ [ [ 88.411307414563922, 22.513043668642492 ], [ 88.411327132646008, 22.513043487848631 ], [ 88.411326914789612, 22.513020515218294 ], [ 88.411203480741477, 22.513000969770737 ], [ 88.411203785711649, 22.513033131454957 ], [ 88.411307414563922, 22.513043668642492 ] ] ] } },
{ "type": "Feature", "properties": { "source": "KMC ward sewerage network map (ArcMap GeoPDF), water raster", "extraction_method": "geopdf_raster_polygonised", "wards": "101,102,105,106,107,108,109" }, "geometry": { "type": "Polygon", "coordinates": [ [ [ 88.411434745932937, 22.513734037353831 ], [ 88.41145904503891, 22.51369705513202 ], [ 88.411458892518937, 22.513680974293003 ], [ 88.4114489680681, 22.513674172912424 ], [ 88.411426785126267, 22.513674376327288 ], [ 88.411397425745591, 22.513697620170138 ], [ 88.411274753577899, 22.513758479010736 ], [ 88.411297328682551, 22.513799626347428 ], [ 88.411302585021829, 22.513834040090654 ], [ 88.411322477507952, 22.513852237394101 ], [ 88.411369330011951, 22.513854105249159 ], [ 88.411381806397216, 22.513870073084075 ], [ 88.411392079462686, 22.513913630671659 ], [ 88.411416923311847, 22.513934080022331 ], [ 88.411458759135925, 22.513926804002313 ], [ 88.411517347219359, 22.513866532711056 ], [ 88.411517238270719, 22.513855046398003 ], [ 88.411504827240464, 22.513845970362176 ], [ 88.41148273142835, 22.513855362836733 ], [ 88.411467920992536, 22.51385320118839 ], [ 88.411433087325207, 22.513819058676017 ], [ 88.411447636294795, 22.513793653175448 ], [ 88.411434745932937, 22.513734037353831 ] ] ] } },
{ "type": "Feature", "properties": { "source": "KMC ward sewerage network map (ArcMap GeoPDF), water raster", "extraction_method": "geopdf_raster_polygonised", "wards": "101,102,105,106,107,108,109" }, "geometry": { "type": "Polygon", "coordinates": [ [ [ 88.410635698061483, 22.513952729141799 ], [ 88.410605685241009, 22.513907054944873 ], [ 88.410593296035785, 22.51390027609952 ], [ 88.410563718720852, 22.513900547163967 ], [ 88.410443684930783, 22.513979760918026 ], [ 88.410434130627294, 22.51401201295549 ], [ 88.410436791354172, 22.514032665741517 ], [ 88.410446889963836, 22.5140578452943 ], [ 88.410531345664836, 22.514125995225623 ], [ 88.410553550461486, 22.514128089193893 ], [ 88.410565721942874, 22.514111895406472 ], [ 88.410602758967372, 22.514118448362041 ], [ 88.410610850110103, 22.51419189302343 ], [ 88.410623348219687, 22.514210158182784 ], [ 88.410653012703122, 22.514219076157453 ], [ 88.410697313445525, 22.514211777738996 ], [ 88.410724121165288, 22.514179367551723 ], [ 88.410768291224088, 22.514158285534943 ], [ 88.410768182335673, 22.514146799218629 ], [ 88.410718320529512, 22.514087522201315 ], [ 88.410715703312974, 22.514071463948941 ], [ 88.410643767431225, 22.514023876539177 ], [ 88.410631073360122, 22.513984936009287 ], [ 88.410635698061483, 22.513952729141799 ] ] ] } },
{ "type": "Feature", "properties": { "source": "KMC ward sewerage network map (ArcMap GeoPDF), water raster", "extraction_method": "geopdf_raster_polygonised", "wards": "101,102,105,106,107,108,109" }, "geometry": { "type": "Polygon", "coordinates": [ [ [ 88.410662954858083, 22.514487788194327 ], [ 88.410690524822996, 22.514535782224229 ], [ 88.410705400655615, 22.514544835730444 ], [ 88.410722610613519, 22.514540083064507 ], [ 88.410742067580742, 22.514512335173183 ], [ 88.410776465706192, 22.514500532569041 ], [ 88.410776313258765, 22.514484451726936 ], [ 88.410748808609384, 22.514443349502027 ], [ 88.410755963410665, 22.514418011831289 ], [ 88.410780524150084, 22.514408596857788 ], [ 88.410767459775499, 22.51433060286972 ], [ 88.410779674803464, 22.5143190035933 ], [ 88.410779391688919, 22.514289139171574 ], [ 88.410769401890121, 22.514275445960447 ], [ 88.410680865698851, 22.514296934616581 ], [ 88.41038844911715, 22.514393810441533 ], [ 88.410373965206318, 22.514426107648408 ], [ 88.410401513288861, 22.514471804470375 ], [ 88.410401665692831, 22.514487885315091 ], [ 88.410377300855231, 22.51451797560464 ], [ 88.410340503212069, 22.514536692501796 ], [ 88.410340699151647, 22.514557367873945 ], [ 88.41036303464503, 22.514573245446289 ], [ 88.410424567264258, 22.514563491730144 ], [ 88.410442299782687, 22.514613873416714 ], [ 88.410489196094673, 22.514620336042061 ], [ 88.410504071924663, 22.514629389567002 ], [ 88.410526255027776, 22.514629186271435 ], [ 88.410555680075277, 22.514612834362552 ], [ 88.410555527652491, 22.51459675351915 ], [ 88.410572519873455, 22.514569028235332 ], [ 88.41057467981237, 22.514536843959338 ], [ 88.410609056184626, 22.514522744126644 ], [ 88.410613789779234, 22.51450202357729 ], [ 88.41063091263247, 22.514488081868016 ], [ 88.410662954858083, 22.514487788194327 ] ] ] } },
{ "type": "Feature", "properties": { "source": "KMC ward sewerage network map (ArcMap GeoPDF), water raster", "extraction_method": "geopdf_raster_polygonised", "wards": "101,102,105,106,107,108,109" }, "geometry": { "type": "Polygon", "coordinates": [ [ [ 88.409051810980571, 22.515370988103328 ], [ 88.40902125457626, 22.515267881991541 ], [ 88.409006204765447, 22.515240450211348 ], [ 88.408922205770708, 22.515220542045718 ], [ 88.408879608221227, 22.515147413163245 ], [ 88.408869379314453, 22.515108449915807 ], [ 88.408829529334682, 22.515065162896118 ], [ 88.408741630489985, 22.514893657701418 ], [ 88.408691051669109, 22.514758570282151 ], [ 88.408681127263534, 22.514751768728811 ], [ 88.408641712312445, 22.514754426956163 ], [ 88.408631896624712, 22.514759111725589 ], [ 88.408634774537873, 22.51480273720431 ], [ 88.408618021064569, 22.514855732221015 ], [ 88.408621377324948, 22.514949897532951 ], [ 88.408605167405312, 22.515060324176954 ], [ 88.40861077103915, 22.515131494276311 ], [ 88.408630728618803, 22.51515658371336 ], [ 88.408631076515206, 22.515193339954511 ], [ 88.40858230231602, 22.51524892551096 ], [ 88.408587688521877, 22.515297122958952 ], [ 88.408605203062805, 22.515324532222227 ], [ 88.408634998143597, 22.515347234152198 ], [ 88.408679299381149, 22.515339936266294 ], [ 88.408770779818155, 22.51536896592911 ], [ 88.408780813004853, 22.515387253798284 ], [ 88.408781008721164, 22.515407929182025 ], [ 88.408756491147287, 22.515421938395033 ], [ 88.408751713757596, 22.515438064373519 ], [ 88.408774049230018, 22.515453942166712 ], [ 88.408803626898447, 22.515453671414058 ], [ 88.408811108302771, 22.515462792784305 ], [ 88.408833878730576, 22.515524615864262 ], [ 88.408858766024224, 22.515549660139822 ], [ 88.408864195839001, 22.515602452100769 ], [ 88.408906510802098, 22.515645716535964 ], [ 88.408916892009486, 22.515700760628459 ], [ 88.408926838245293, 22.515709859427069 ], [ 88.408953929406678, 22.515707313944461 ], [ 88.408971074328022, 22.51569566966225 ], [ 88.409042510308964, 22.515690420711191 ], [ 88.409089037168002, 22.515657830232119 ], [ 88.409123174706465, 22.515618460787646 ], [ 88.409152252095168, 22.515565352886927 ], [ 88.409176682638162, 22.515542154556911 ], [ 88.409183946540253, 22.515528303263967 ], [ 88.409183685503677, 22.515500736090772 ], [ 88.409051810980571, 22.515370988103328 ] ] ] } },
{ "type": "Feature", "properties": { "source": "KMC ward sewerage network map (ArcMap GeoPDF), water raster", "extraction_method": "geopdf_raster_polygonised", "wards": "101,102,105,106,107,108,109" }, "geometry": { "type": "Polygon", "coordinates": [ [ [ 88.41038170945032, 22.513162431901911 ], [ 88.409542642742011, 22.512278702144744 ], [ 88.409408415155781, 22.512160463156718 ], [ 88.409378794690809, 22.512156139454277 ], [ 88.409361650225364, 22.512167783760756 ], [ 88.40919779540377, 22.512304834422263 ], [ 88.409359069975778, 22.512415933536982 ], [ 88.409642423133917, 22.512663762326937 ], [ 88.410160294298635, 22.513208112419985 ], [ 88.410583310576712, 22.513626969503097 ], [ 88.411499301775976, 22.514562829286429 ], [ 88.41210378225442, 22.515140840033713 ], [ 88.412596522721827, 22.515632570287945 ], [ 88.412611529648913, 22.515655407170584 ], [ 88.412272411307626, 22.515766499849299 ], [ 88.41202658455164, 22.515837679139629 ], [ 88.41128892834405, 22.516032836734084 ], [ 88.410885156340953, 22.516084785389481 ], [ 88.410488517121252, 22.516109098123493 ], [ 88.409675149602336, 22.516118847812852 ], [ 88.409584125470985, 22.516138061242852 ], [ 88.409458528592424, 22.516150698864916 ], [ 88.409357666888781, 22.516172299727621 ], [ 88.409308718625596, 22.516209507387522 ], [ 88.409291725963328, 22.516237232555639 ], [ 88.409289565723142, 22.516269416824414 ], [ 88.40931918707075, 22.516273740496381 ], [ 88.409964099050356, 22.51617593490943 ], [ 88.41023267702775, 22.516164284263997 ], [ 88.410494056463719, 22.516173376307865 ], [ 88.411023752343709, 22.516143248813052 ], [ 88.411380780133072, 22.516100918315921 ], [ 88.411848092120209, 22.515990949033 ], [ 88.41274303680207, 22.515746098618138 ], [ 88.413252991751023, 22.51623307371149 ], [ 88.414180490744542, 22.517079209867003 ], [ 88.414670675181782, 22.517819082136846 ], [ 88.415090603392358, 22.518428643437606 ], [ 88.41511319934655, 22.518420196828501 ], [ 88.415103875902744, 22.518424001363723 ], [ 88.415116358910936, 22.51844396050825 ], [ 88.415103124338671, 22.518449205447766 ], [ 88.415335940319139, 22.51882384793986 ], [ 88.415438988800105, 22.519031969017714 ], [ 88.415454261244506, 22.519031828566114 ], [ 88.415545661389316, 22.519214755234692 ], [ 88.415677311399079, 22.519618827285644 ], [ 88.415735822146232, 22.519932232324194 ], [ 88.415802786640114, 22.520229481994001 ], [ 88.415825147618065, 22.52065312450188 ], [ 88.415826078035806, 22.52073090474294 ], [ 88.415815352163008, 22.520798040487971 ], [ 88.415742190340566, 22.521187507414467 ], [ 88.415602998666614, 22.521598912800105 ], [ 88.415518532449425, 22.522007237982777 ], [ 88.415518660766523, 22.522017966291575 ], [ 88.415689084674909, 22.522048915116386 ], [ 88.415706344688502, 22.522046107324122 ], [ 88.415759434630274, 22.521906241213326 ], [ 88.415869549360323, 22.521473588652881 ], [ 88.415915302738384, 22.521202342637938 ], [ 88.415962301561891, 22.520794289724314 ], [ 88.415954670877611, 22.520397363261512 ], [ 88.415898592183254, 22.520046388317898 ], [ 88.41585878445737, 22.519850869059251 ], [ 88.41578019597614, 22.519545656968727 ], [ 88.415731229445669, 22.51930728725862 ], [ 88.415686396122638, 22.519173497609849 ], [ 88.415568102701599, 22.518922220195538 ], [ 88.415426593795232, 22.518657699827006 ], [ 88.415253063410233, 22.518366588861468 ], [ 88.415244417589435, 22.518366651683248 ], [ 88.415233269113273, 22.518371200955546 ], [ 88.415221546231578, 22.518354230862531 ], [ 88.415238429227131, 22.518347919012861 ], [ 88.414954039512764, 22.517944956034139 ], [ 88.414937685091317, 22.517945074834763 ], [ 88.414485936284095, 22.517315338944595 ], [ 88.414227996594406, 22.516890381682753 ], [ 88.413501588820296, 22.51619403155231 ], [ 88.412981468551337, 22.515674986141395 ], [ 88.411812722018269, 22.514601309069043 ], [ 88.411150923546259, 22.513957196138108 ], [ 88.410672677981765, 22.513433163564812 ], [ 88.41038170945032, 22.513162431901911 ] ] ] } },
{ "type": "Feature", "properties": { "source": "KMC ward sewerage network map (ArcMap GeoPDF), water raster", "extraction_method": "geopdf_raster_polygonised", "wards": "101,102,105,106,107,108,109" }, "geometry": { "type": "Polygon", "coordinates": [ [ [ 88.410413845536596, 22.515252828858003 ], [ 88.410391640560178, 22.515250734879835 ], [ 88.410372031018952, 22.515262401891874 ], [ 88.410337959247229, 22.515308663370377 ], [ 88.410321097526193, 22.515350172214184 ], [ 88.41027483232736, 22.515410330191276 ], [ 88.410320222059823, 22.5155178950241 ], [ 88.410374317137126, 22.515503614538598 ], [ 88.410492497120288, 22.51548874673869 ], [ 88.410548969867222, 22.515465254554648 ], [ 88.410541314150223, 22.515437755166086 ], [ 88.410504080799555, 22.515410526846825 ], [ 88.410496033152796, 22.515341676717973 ], [ 88.410485999750307, 22.515323388967026 ], [ 88.410436333568569, 22.515284787255592 ], [ 88.410413845536596, 22.515252828858003 ] ] ] } },
{ "type": "Feature", "properties": { "source": "KMC ward sewerage network map (ArcMap GeoPDF), water raster", "extraction_method": "geopdf_raster_polygonised", "wards": "101,102,105,106,107,108,109" }, "geometry": { "type": "Polygon", "coordinates": [ [ [ 88.410190789546888, 22.515385828175692 ], [ 88.410163654944654, 22.515383779335192 ], [ 88.410146444861283, 22.51538853194721 ], [ 88.410132026108784, 22.515427720927224 ], [ 88.410132483250464, 22.515475963461114 ], [ 88.410120703440029, 22.515533507965074 ], [ 88.410138218306059, 22.51556091704375 ], [ 88.410170543788311, 22.515590487880235 ], [ 88.410165810099372, 22.515611208419141 ], [ 88.41015104302636, 22.515613641185556 ], [ 88.410151217179617, 22.515632019293179 ], [ 88.410188515837348, 22.515666139484029 ], [ 88.410215759346514, 22.515679674634306 ], [ 88.410237942619986, 22.515679471369882 ], [ 88.410250157806445, 22.515667872127189 ], [ 88.410252121884781, 22.515615012484911 ], [ 88.410315270677671, 22.515515642933135 ], [ 88.410272432836777, 22.515417244566859 ], [ 88.410247893654613, 22.515428956735985 ], [ 88.410223223847353, 22.515426885320963 ], [ 88.410205839602455, 22.51541325983186 ], [ 88.410190789546888, 22.515385828175692 ] ] ] } },
{ "type": "Feature", "properties": { "source": "KMC ward sewerage network map (ArcMap GeoPDF), water raster", "extraction_method": "geopdf_raster_polygonised", "wards": "101,102,105,106,107,108,109" }, "geometry": { "type": "Polygon", "coordinates": [ [ [ 88.411035665719936, 22.515839874580152 ], [ 88.411015489781732, 22.515791812845116 ], [ 88.410978038415934, 22.515741612020321 ], [ 88.410965344067193, 22.515702671537685 ], [ 88.410943051885369, 22.515691388589232 ], [ 88.410920868616785, 22.515691591950869 ], [ 88.410837282961324, 22.515715332805925 ], [ 88.410682108932392, 22.51572824248715 ], [ 88.410670198669308, 22.515772003441629 ], [ 88.410678202883219, 22.51583625902677 ], [ 88.410675146183848, 22.516033868815697 ], [ 88.410694951809944, 22.516042877128751 ], [ 88.410741761498002, 22.51604015060304 ], [ 88.410810558483803, 22.516016545353391 ], [ 88.410837497184758, 22.515997918713843 ], [ 88.410874360474097, 22.515986093477888 ], [ 88.410940845073597, 22.5159785916081 ], [ 88.410977642998091, 22.515959874561513 ], [ 88.410999434205223, 22.515918320464365 ], [ 88.411033571237908, 22.515878950640403 ], [ 88.411035665719936, 22.515839874580152 ] ] ] } },
{ "type": "Feature", "properties": { "source": "KMC ward sewerage network map (ArcMap GeoPDF), water raster", "extraction_method": "geopdf_raster_polygonised", "wards": "101,102,105,106,107,108,109" }, "geometry": { "type": "Polygon", "coordinates": [ [ [ 88.408118010864982, 22.515678205228152 ], [ 88.408105904167272, 22.515701290645382 ], [ 88.408091137037488, 22.515703723225105 ], [ 88.408131834695865, 22.515836603776759 ], [ 88.40813400831361, 22.516066330310707 ], [ 88.408146723657893, 22.516107568319146 ], [ 88.408166463938571, 22.516109685155318 ], [ 88.408191938138643, 22.516196755694075 ], [ 88.408209474465721, 22.516226462260821 ], [ 88.408236587485803, 22.516226214158447 ], [ 88.408266013154659, 22.516209862640185 ], [ 88.408372000397534, 22.516208892722954 ], [ 88.4084759359164, 22.516251593328192 ], [ 88.40850056237548, 22.516249070474867 ], [ 88.408510160743049, 22.516221413059785 ], [ 88.408403964195102, 22.515939796911514 ], [ 88.408292425456906, 22.515614577732144 ], [ 88.408249893308877, 22.51554834047171 ], [ 88.408190737917081, 22.515548881770265 ], [ 88.408114502750166, 22.515567959039171 ], [ 88.408089985075776, 22.51558196815526 ], [ 88.408090202426408, 22.515604940810089 ], [ 88.408118010864982, 22.515678205228152 ] ] ] } },
{ "type": "Feature", "properties": { "source": "KMC ward sewerage network map (ArcMap GeoPDF), water raster", "extraction_method": "geopdf_raster_polygonised", "wards": "101,102,105,106,107,108,109" }, "geometry": { "type": "Polygon", "coordinates": [ [ [ 88.40986935312371, 22.515802316423571 ], [ 88.409847213355746, 22.515807114165611 ], [ 88.409763300970923, 22.515796395519065 ], [ 88.409709140420205, 22.515803784016256 ], [ 88.409704363132278, 22.515819910017292 ], [ 88.409716795999344, 22.515831283450602 ], [ 88.409756298269983, 22.515837814000854 ], [ 88.409756646476396, 22.515874570221229 ], [ 88.409737276181247, 22.515911507063851 ], [ 88.409747396586368, 22.51593898391809 ], [ 88.409831613756964, 22.515981864259746 ], [ 88.409856174837543, 22.515972449411706 ], [ 88.409883287788659, 22.515972201034629 ], [ 88.409891378719351, 22.516045645729761 ], [ 88.409901390338021, 22.516061636253944 ], [ 88.409980090291114, 22.516042535557066 ], [ 88.409992109627538, 22.51601026096025 ], [ 88.410041297073633, 22.515998323002623 ], [ 88.410055933581646, 22.515982106663557 ], [ 88.410040404597581, 22.515904135200479 ], [ 88.409997936847418, 22.515844790242078 ], [ 88.409980269603224, 22.515801300304542 ], [ 88.409938237227777, 22.515787900599015 ], [ 88.409884033163294, 22.515790694627107 ], [ 88.40986935312371, 22.515802316423571 ] ] ] } },
{ "type": "Feature", "properties": { "source": "KMC ward sewerage network map (ArcMap GeoPDF), water raster", "extraction_method": "geopdf_raster_polygonised", "wards": "101,102,105,106,107,108,109" }, "geometry": { "type": "Polygon", "coordinates": [ [ [ 88.409021523306777, 22.515816973359879 ], [ 88.409061395324485, 22.51586255757848 ], [ 88.409069029029595, 22.515887759785393 ], [ 88.409069507564979, 22.51593829960289 ], [ 88.409089791628958, 22.51599784793633 ], [ 88.40913721044106, 22.516059445277925 ], [ 88.409145018197165, 22.516103025593825 ], [ 88.409152499660465, 22.516112146944558 ], [ 88.409174726520362, 22.516116538351625 ], [ 88.409206769141619, 22.516116244948474 ], [ 88.409290290096678, 22.516085613122176 ], [ 88.409213234778917, 22.515757781441323 ], [ 88.409168802927724, 22.51575129589293 ], [ 88.409141777021787, 22.515760733205141 ], [ 88.40905308733457, 22.515766140172136 ], [ 88.409021175295791, 22.515780217127695 ], [ 88.409016332675662, 22.515789451318842 ], [ 88.409021523306777, 22.515816973359879 ] ] ] } },
{ "type": "Feature", "properties": { "source": "KMC ward sewerage network map (ArcMap GeoPDF), water raster", "extraction_method": "geopdf_raster_polygonised", "wards": "101,102,105,106,107,108,109" }, "geometry": { "type": "Polygon", "coordinates": [ [ [ 88.408110338260187, 22.516169932780528 ], [ 88.408117211050211, 22.516114730754197 ], [ 88.408141794021944, 22.516107613426048 ], [ 88.408129078679096, 22.51606637541715 ], [ 88.408129608978726, 22.51586189624884 ], [ 88.408116611101548, 22.515790793786266 ], [ 88.408086185680602, 22.515701471064116 ], [ 88.408051678328476, 22.515701786791105 ], [ 88.407975073590009, 22.515681810484448 ], [ 88.407915918134364, 22.515682351684955 ], [ 88.407822472633555, 22.5157061811985 ], [ 88.407711925518342, 22.515746249346403 ], [ 88.407509789195245, 22.515745800766958 ], [ 88.407421121124926, 22.515753504103564 ], [ 88.407364560776685, 22.515767806157864 ], [ 88.407362530429069, 22.515813774021876 ], [ 88.407404704686513, 22.516102868880246 ], [ 88.407454717990589, 22.516178227806606 ], [ 88.407526979921144, 22.51626027561586 ], [ 88.407542268565422, 22.516312977464292 ], [ 88.407541476714485, 22.516489889474713 ], [ 88.407556700212623, 22.516535699521523 ], [ 88.407576484005105, 22.516542410958721 ], [ 88.407628223628251, 22.51653964023658 ], [ 88.407736436944887, 22.516513378257478 ], [ 88.407899158894779, 22.516516484566342 ], [ 88.408007089580593, 22.516460357959481 ], [ 88.408169289762185, 22.516408329633631 ], [ 88.408171167678404, 22.516346280919635 ], [ 88.408140655133579, 22.516247769160795 ], [ 88.408123184026778, 22.51622495438183 ], [ 88.408110338260187, 22.516169932780528 ] ] ] } },
{ "type": "Feature", "properties": { "source": "KMC ward sewerage network map (ArcMap GeoPDF), water raster", "extraction_method": "geopdf_raster_polygonised", "wards": "101,102,105,106,107,108,109" }, "geometry": { "type": "Polygon", "coordinates": [ [ [ 88.412830287431689, 22.516887135802392 ], [ 88.41264389872029, 22.51646841130616 ], [ 88.412600928070262, 22.516356230105561 ], [ 88.412536341195292, 22.516303981260982 ], [ 88.412429067428462, 22.516169415521418 ], [ 88.412403372549946, 22.516059373177701 ], [ 88.412267131911904, 22.515989402044227 ], [ 88.41220304681265, 22.515989990059005 ], [ 88.41187893415875, 22.516123918884499 ], [ 88.411807541732003, 22.51613376362344 ], [ 88.411731372234854, 22.516159734380295 ], [ 88.411576263226308, 22.51617953672967 ], [ 88.411367276848779, 22.516236592397139 ], [ 88.411099112865116, 22.516291892922411 ], [ 88.411221847061739, 22.51675715235023 ], [ 88.411251533919184, 22.516768367444044 ], [ 88.411315575824432, 22.51676318526561 ], [ 88.411566530411946, 22.51671263710962 ], [ 88.411628172831968, 22.516714369200123 ], [ 88.411663029108297, 22.516750808880349 ], [ 88.411696139846597, 22.516863080792895 ], [ 88.41176133530297, 22.517239266448957 ], [ 88.411771369021906, 22.517257554100496 ], [ 88.411798634788894, 22.517273386217713 ], [ 88.412389388143637, 22.51718295997745 ], [ 88.412770673648623, 22.517099049402379 ], [ 88.412767837978905, 22.517060018599622 ], [ 88.412752634537753, 22.517016506400076 ], [ 88.412752176449885, 22.516968263929481 ], [ 88.412764173383508, 22.516933691897655 ], [ 88.412783652049271, 22.516908241031757 ], [ 88.412808147619529, 22.516891933954717 ], [ 88.412830287431689, 22.516887135802392 ] ] ] } },
{ "type": "Feature", "properties": { "source": "KMC ward sewerage network map (ArcMap GeoPDF), water raster", "extraction_method": "geopdf_raster_polygonised", "wards": "101,102,105,106,107,108,109" }, "geometry": { "type": "Polygon", "coordinates": [ [ [ 88.411569213175454, 22.516735587120682 ], [ 88.411320723374814, 22.516786112680123 ], [ 88.411246822152236, 22.516791385267652 ], [ 88.411214714039588, 22.516784787298441 ], [ 88.411192225571753, 22.516752829036978 ], [ 88.411061661324723, 22.516241692128542 ], [ 88.410685001604776, 22.516293391732734 ], [ 88.410295647323977, 22.516306149930092 ], [ 88.410246394482371, 22.516311196179995 ], [ 88.410187412981657, 22.516330116334238 ], [ 88.410145859363908, 22.516367256484457 ], [ 88.410111983189694, 22.516434193296032 ], [ 88.410070277139681, 22.516455252585889 ], [ 88.410018907698131, 22.516497077565756 ], [ 88.409943825961832, 22.516637910671545 ], [ 88.409944413668882, 22.516699936782221 ], [ 88.409962037498403, 22.516738832187066 ], [ 88.409960269225067, 22.516812367194873 ], [ 88.410025290810609, 22.516910562371841 ], [ 88.410025508496176, 22.516933535003901 ], [ 88.410008472364808, 22.516956665716069 ], [ 88.410008690048144, 22.516979638348168 ], [ 88.410021253659593, 22.517004795328919 ], [ 88.410048540962478, 22.51702292501901 ], [ 88.410149969181859, 22.517061052538828 ], [ 88.410189841934468, 22.517106636433816 ], [ 88.410218566234107, 22.517276385446838 ], [ 88.410251349381127, 22.51735419876 ], [ 88.410298573223926, 22.517395120334037 ], [ 88.410330768543304, 22.517410907531602 ], [ 88.410439352101264, 22.5174236971949 ], [ 88.410506207628728, 22.517455248933629 ], [ 88.410612369948993, 22.517472655593323 ], [ 88.410639657418571, 22.517490785173532 ], [ 88.411122003413439, 22.517405952072636 ], [ 88.411697750934835, 22.517292691305613 ], [ 88.411724689745313, 22.517274064513863 ], [ 88.411734396504244, 22.517257893246327 ], [ 88.411736599772269, 22.517230303499687 ], [ 88.411673999989787, 22.516867878791032 ], [ 88.411640954652952, 22.516762498658135 ], [ 88.411616044858448, 22.516735157591558 ], [ 88.411569213175454, 22.516735587120682 ] ] ] } },
{ "type": "Feature", "properties": { "source": "KMC ward sewerage network map (ArcMap GeoPDF), water raster", "extraction_method": "geopdf_raster_polygonised", "wards": "101,102,105,106,107,108,109" }, "geometry": { "type": "Polygon", "coordinates": [ [ [ 88.408322432111461, 22.517222527919625 ], [ 88.408306947391239, 22.517149150787894 ], [ 88.408289193515017, 22.517096471593522 ], [ 88.408266705641196, 22.517064512892627 ], [ 88.408201967778325, 22.516996181391825 ], [ 88.408100431385307, 22.516946566288905 ], [ 88.408073122596335, 22.516926138989458 ], [ 88.408055607936333, 22.516898729678537 ], [ 88.408032707173732, 22.516823122901368 ], [ 88.408012727705284, 22.516795736136707 ], [ 88.407913743286883, 22.516755287413083 ], [ 88.407702354630374, 22.516819252786291 ], [ 88.407739739979206, 22.516862562616097 ], [ 88.407772021836251, 22.516887539409442 ], [ 88.407794661691185, 22.516935579045182 ], [ 88.407795052862383, 22.516976929822111 ], [ 88.407781046196121, 22.517059766668499 ], [ 88.407749503153454, 22.517112896903104 ], [ 88.407641398026598, 22.51715064524025 ], [ 88.407609615891971, 22.5171785055302 ], [ 88.407597465534053, 22.517196996385 ], [ 88.40757857251289, 22.517284472841947 ], [ 88.407588866445124, 22.517330327967969 ], [ 88.407664006804609, 22.517456001165861 ], [ 88.407676700432802, 22.517494941939805 ], [ 88.408075418075029, 22.517429262588369 ], [ 88.40813457426998, 22.517428721291338 ], [ 88.408136778256534, 22.517401131557804 ], [ 88.408188192095835, 22.517363901666855 ], [ 88.408227520842161, 22.517352054453681 ], [ 88.408313768498189, 22.51734896771114 ], [ 88.40834810232478, 22.517330273789241 ], [ 88.408345137437138, 22.517277459257734 ], [ 88.408322432111461, 22.517222527919625 ] ] ] } },
{ "type": "Feature", "properties": { "source": "KMC ward sewerage network map (ArcMap GeoPDF), water raster", "extraction_method": "geopdf_raster_polygonised", "wards": "101,102,105,106,107,108,109" }, "geometry": { "type": "Polygon", "coordinates": [ [ [ 88.413238358575924, 22.51702812940179 ], [ 88.412832381673454, 22.517107672803256 ], [ 88.41239451408083, 22.517203590085781 ], [ 88.411830852030704, 22.517291470369475 ], [ 88.41179893996491, 22.517305547876738 ], [ 88.411781969492182, 22.517335570546862 ], [ 88.41178216567485, 22.517356245899091 ], [ 88.411906516535979, 22.517991501900685 ], [ 88.411921545432463, 22.518016636094959 ], [ 88.411948363722445, 22.518031689593087 ], [ 88.411931850933641, 22.51804735082942 ], [ 88.411926503116845, 22.518082259667484 ], [ 88.411932674221973, 22.518111171189091 ], [ 88.411932342282526, 22.518115327865971 ], [ 88.411948889213249, 22.518187138077582 ], [ 88.412050031356586, 22.518660984664407 ], [ 88.412074297606068, 22.518787181483098 ], [ 88.412089283016982, 22.518807721132038 ], [ 88.412114985652352, 22.518819411066985 ], [ 88.412111135704194, 22.518821240598871 ], [ 88.412094100053423, 22.518842822566192 ], [ 88.41209150617847, 22.518866982191856 ], [ 88.412166178891653, 22.5193277990799 ], [ 88.412184142911613, 22.519383997483615 ], [ 88.412269607896008, 22.51978304283346 ], [ 88.412269799977068, 22.519799135324327 ], [ 88.412261186069614, 22.519801880072311 ], [ 88.412243862214538, 22.519799323321404 ], [ 88.412182925536996, 22.519523486636011 ], [ 88.41214315519035, 22.519330648251877 ], [ 88.412096393341415, 22.519037412116671 ], [ 88.412096393245008, 22.519037401959633 ], [ 88.412096381550398, 22.519037338176904 ], [ 88.412068386525775, 22.518861785102391 ], [ 88.41205368868124, 22.518837750781255 ], [ 88.41203630093456, 22.518829829836534 ], [ 88.412036184492791, 22.518829830680303 ], [ 88.412052288287867, 22.518805763111281 ], [ 88.412046944286814, 22.518762160389542 ], [ 88.412046701700476, 22.518761013613432 ], [ 88.41204699654557, 22.518760012159078 ], [ 88.412007130646913, 22.518559127455145 ], [ 88.411903447609419, 22.518082426712464 ], [ 88.411885803937636, 22.518053049082713 ], [ 88.411864235200525, 22.518043223405694 ], [ 88.4118700016313, 22.518040083570263 ], [ 88.411884550914763, 22.518014678024528 ], [ 88.411884376510628, 22.517996299935966 ], [ 88.411762468782698, 22.517358724041344 ], [ 88.411747352802408, 22.517324400779511 ], [ 88.411725060295481, 22.517313117958171 ], [ 88.411693017433407, 22.51731341187649 ], [ 88.411114826771239, 22.517428992493009 ], [ 88.410605411006216, 22.517518668620003 ], [ 88.410568547291433, 22.517530493814196 ], [ 88.410549089901409, 22.517558241697898 ], [ 88.410562565156965, 22.517976796598962 ], [ 88.410556206871419, 22.51797684261313 ], [ 88.410564057433703, 22.517997314867923 ], [ 88.410570830166179, 22.518031319615339 ], [ 88.410601018182163, 22.518095371849505 ], [ 88.410650837919718, 22.518150054278937 ], [ 88.410685563649437, 22.518172710586011 ], [ 88.410743784905918, 22.518184406413578 ], [ 88.410731681654298, 22.518190157886156 ], [ 88.410711795890862, 22.518214442659556 ], [ 88.410709297723201, 22.518246648529043 ], [ 88.410729179907364, 22.518463772187097 ], [ 88.410756972427023, 22.518619145320578 ], [ 88.410827946422657, 22.518913931428877 ], [ 88.410846226683077, 22.518998323967082 ], [ 88.410863676810536, 22.519018841140308 ], [ 88.410874375907653, 22.519023157910205 ], [ 88.410862798381388, 22.519034138163597 ], [ 88.410860172304211, 22.519055615696281 ], [ 88.410939773370743, 22.519446657449127 ], [ 88.410953156530184, 22.51960213483148 ], [ 88.410970992156464, 22.519647605058466 ], [ 88.41108021354357, 22.520105490098793 ], [ 88.411201128785478, 22.520093885272694 ], [ 88.411287236269516, 22.5200637562384 ], [ 88.411382085642629, 22.520041610788965 ], [ 88.411534862561169, 22.520043186521548 ], [ 88.411578252256632, 22.520056283790016 ], [ 88.411609954033878, 22.520056054143311 ], [ 88.411684661487456, 22.520036736740256 ], [ 88.411831034321693, 22.519984712302985 ], [ 88.411891459838998, 22.519976227541122 ], [ 88.412047150649684, 22.519980463990599 ], [ 88.412176487507537, 22.519950021212754 ], [ 88.412230956950097, 22.519925485608749 ], [ 88.412323116159172, 22.519919452995435 ], [ 88.412357507779006, 22.519903109823186 ], [ 88.412463980788289, 22.519888926432571 ], [ 88.412633985299053, 22.519885011611859 ], [ 88.412720156344562, 22.519860245995243 ], [ 88.412763065727788, 22.519833111723532 ], [ 88.412836876186731, 22.519738695527025 ], [ 88.412896885182406, 22.519695343341663 ], [ 88.412939922584428, 22.519678937350907 ], [ 88.413055233421503, 22.51968078336408 ], [ 88.413089624888443, 22.519664440042352 ], [ 88.413158696071307, 22.519655892105259 ], [ 88.413187227487441, 22.519631544330196 ], [ 88.413215951082705, 22.519623289035007 ], [ 88.413250534708055, 22.519623038164756 ], [ 88.413311280284759, 22.519641373688351 ], [ 88.413357423823555, 22.519643721246002 ], [ 88.413371737565058, 22.519635570463198 ], [ 88.413388709029476, 22.519608624206807 ], [ 88.413426046474626, 22.519597624068371 ], [ 88.413477921898263, 22.519597247693024 ], [ 88.413506997874563, 22.519618495231605 ], [ 88.41354446346277, 22.519618223387514 ], [ 88.413587340561307, 22.519588406827022 ], [ 88.413647861880648, 22.519587967660399 ], [ 88.413713794681271, 22.519557983760432 ], [ 88.413817545485074, 22.519557230809113 ], [ 88.413840473044601, 22.519546335157415 ], [ 88.41386621847866, 22.519530054425566 ], [ 88.413886071797847, 22.519503087204878 ], [ 88.413893916583916, 22.519435972452726 ], [ 88.413870380212757, 22.519395908590404 ], [ 88.413849437427743, 22.519331685086421 ], [ 88.413847675049482, 22.519184170680184 ], [ 88.413811873931863, 22.51908250262559 ], [ 88.4138120370216, 22.519046922829666 ], [ 88.413812179205053, 22.519046921523532 ], [ 88.413813574225856, 22.518934333194988 ], [ 88.41381256047606, 22.518932726230776 ], [ 88.413812673145316, 22.518908146494152 ], [ 88.413765754769699, 22.51883090177553 ], [ 88.413765672048555, 22.518822197711586 ], [ 88.413762961386297, 22.518814572975799 ], [ 88.413753207752166, 22.518755686212163 ], [ 88.413750340703558, 22.518749216313427 ], [ 88.413752627282477, 22.518746501373535 ], [ 88.414082850030667, 22.518476962389606 ], [ 88.414220881829209, 22.518475694126867 ], [ 88.414255258735963, 22.518461593491075 ], [ 88.41437588364235, 22.518444402829584 ], [ 88.414437286527857, 22.518420863959719 ], [ 88.414540788475009, 22.5184176152897 ], [ 88.414602169471394, 22.518391779100593 ], [ 88.414698298680008, 22.518390895551697 ], [ 88.414722837954969, 22.518379182700617 ], [ 88.414766812002114, 22.518337424236517 ], [ 88.414786246770419, 22.518307378625025 ], [ 88.414790673946129, 22.518254496373732 ], [ 88.414785713090524, 22.518234532312611 ], [ 88.414784201317246, 22.518203691655664 ], [ 88.414588034131498, 22.51794761434693 ], [ 88.414566888017461, 22.517947767906641 ], [ 88.41447368445337, 22.517841569734767 ], [ 88.41409132283097, 22.517293692869046 ], [ 88.413956518822445, 22.517115729451525 ], [ 88.413911693395931, 22.517067894579174 ], [ 88.413837137242382, 22.517004250576132 ], [ 88.413775189087787, 22.516970357706704 ], [ 88.413693762470047, 22.516961915781533 ], [ 88.413543691754157, 22.516993161076702 ], [ 88.413450464797222, 22.517039966447619 ], [ 88.413396805997735, 22.517100193175736 ], [ 88.41334295073942, 22.517139744549013 ], [ 88.413343038033958, 22.51714893358853 ], [ 88.413507442737995, 22.517588536155394 ], [ 88.413540904425233, 22.517737563742799 ], [ 88.413608677545128, 22.517865599044065 ], [ 88.413652064296954, 22.518021427816826 ], [ 88.413711578913194, 22.518495666270276 ], [ 88.413710137071064, 22.518528002165432 ], [ 88.413684551991466, 22.518557693268406 ], [ 88.41367281570767, 22.518559467478966 ], [ 88.413686597990164, 22.518542633983404 ], [ 88.413688866366883, 22.518521936010586 ], [ 88.413686803323813, 22.518504881992431 ], [ 88.413686664998849, 22.518493302422357 ], [ 88.413645954649496, 22.518167207860252 ], [ 88.413630011659066, 22.518035415126732 ], [ 88.413629041878224, 22.518031734059154 ], [ 88.413626109238464, 22.518008243146877 ], [ 88.413611058826248, 22.517954706085622 ], [ 88.413608753204286, 22.517954722814828 ], [ 88.413586537612304, 22.51787039730953 ], [ 88.413538832480484, 22.517778937051535 ], [ 88.413523912465308, 22.517765289318909 ], [ 88.413489361028923, 22.517761011718168 ], [ 88.412568649159866, 22.517962266266377 ], [ 88.412454131153339, 22.517963096408241 ], [ 88.41349160760258, 22.517738016485776 ], [ 88.413506243860439, 22.517721799847603 ], [ 88.413508490431056, 22.517698804615026 ], [ 88.413485302844421, 22.517593334404996 ], [ 88.413320985495702, 22.517162920852059 ], [ 88.413287764265263, 22.517039163049063 ], [ 88.413265471693052, 22.517027880444754 ], [ 88.413238358575924, 22.51702812940179 ] ] ] } },
{ "type": "Feature", "properties": { "source": "KMC ward sewerage network map (ArcMap GeoPDF), water raster", "extraction_method": "geopdf_raster_polygonised", "wards": "101,102,105,106,107,108,109" }, "geometry": { "type": "Polygon", "coordinates": [ [ [ 88.410613202231588, 22.5181641922414 ], [ 88.410578427059065, 22.518148350020372 ], [ 88.410319020341802, 22.518147544836047 ], [ 88.410254206413015, 22.518271400319286 ], [ 88.410237682080677, 22.518335895458375 ], [ 88.410172580258731, 22.518435612151457 ], [ 88.410174114880306, 22.518564352218831 ], [ 88.41020974892426, 22.5188940192742 ], [ 88.410214133597734, 22.519020056396435 ], [ 88.410222235123328, 22.519032942001541 ], [ 88.410223094431956, 22.519054579681317 ], [ 88.410233193422741, 22.519079759215572 ], [ 88.410467312355252, 22.519073018650364 ], [ 88.410504198260469, 22.519063490722257 ], [ 88.410619524308231, 22.51900729455652 ], [ 88.410663891909266, 22.51900688785911 ], [ 88.410698661427602, 22.519034138673824 ], [ 88.410728305180854, 22.519040759314489 ], [ 88.410755418720186, 22.519040510759986 ], [ 88.410797147192355, 22.519021748526548 ], [ 88.410788946814591, 22.51898692674078 ], [ 88.41079017368402, 22.518986382208443 ], [ 88.41071035676039, 22.518649369125708 ], [ 88.410680978837902, 22.51846912518781 ], [ 88.410659234376496, 22.518255660559877 ], [ 88.410654929657653, 22.518240198414951 ], [ 88.410654380898762, 22.518233634423577 ], [ 88.410642373427208, 22.518193486591905 ], [ 88.410613202231588, 22.5181641922414 ] ] ] } },
{ "type": "Feature", "properties": { "source": "KMC ward sewerage network map (ArcMap GeoPDF), water raster", "extraction_method": "geopdf_raster_polygonised", "wards": "101,102,105,106,107,108,109" }, "geometry": { "type": "Polygon", "coordinates": [ [ [ 88.410173585413347, 22.519487072709481 ], [ 88.410166990189566, 22.519417380216186 ], [ 88.410120527010704, 22.519388210892121 ], [ 88.410100353236814, 22.519388356840061 ], [ 88.410054497514693, 22.519410147102505 ], [ 88.409973930277758, 22.519421459185367 ], [ 88.409974122090048, 22.519437551693336 ], [ 88.409982831934485, 22.519442853320449 ], [ 88.410023147530225, 22.519439879366068 ], [ 88.41004088692398, 22.519477303459976 ], [ 88.410067144356432, 22.519503936666208 ], [ 88.410076717421333, 22.519581654569414 ], [ 88.410088501077468, 22.519603027847545 ], [ 88.410117512629483, 22.519618911856135 ], [ 88.410137718408805, 22.519621447988726 ], [ 88.410155010243756, 22.519621322885143 ], [ 88.410166442215569, 22.519613193228619 ], [ 88.410166250379561, 22.519597100722365 ], [ 88.410139992910402, 22.519570467534482 ], [ 88.410139737133647, 22.519549010859105 ], [ 88.410148223185459, 22.519535537885581 ], [ 88.410147903463439, 22.51950871704133 ], [ 88.410159239509682, 22.519492541132383 ], [ 88.410173585413347, 22.519487072709481 ] ] ] } },
{ "type": "Feature", "properties": { "source": "KMC ward sewerage network map (ArcMap GeoPDF), water raster", "extraction_method": "geopdf_raster_polygonised", "wards": "101,102,105,106,107,108,109" }, "geometry": { "type": "Polygon", "coordinates": [ [ [ 88.409243132393811, 22.520496988130756 ], [ 88.409274610606019, 22.52047798434273 ], [ 88.40929151907018, 22.520445674304881 ], [ 88.409281978310247, 22.520370638428776 ], [ 88.409098386789481, 22.519476071923918 ], [ 88.409067170744351, 22.519275123806516 ], [ 88.408557956945984, 22.51935390848902 ], [ 88.408794563953393, 22.52058606456103 ], [ 88.409243132393811, 22.520496988130756 ] ] ] } },
{ "type": "Feature", "properties": { "source": "KMC ward sewerage network map (ArcMap GeoPDF), water raster", "extraction_method": "geopdf_raster_polygonised", "wards": "101,102,105,106,107,108,109" }, "geometry": { "type": "Polygon", "coordinates": [ [ [ 88.41085695752632, 22.519994449265539 ], [ 88.410879821439352, 22.519978189853791 ], [ 88.410864643865438, 22.519913924171306 ], [ 88.410823816391101, 22.519873985006488 ], [ 88.410846488372499, 22.519841633099119 ], [ 88.410846264469782, 22.519822858514672 ], [ 88.410820166759379, 22.519809635865002 ], [ 88.410727943538916, 22.519810303450036 ], [ 88.41069367966162, 22.519837374617577 ], [ 88.4106590319807, 22.519832260773914 ], [ 88.410647568040247, 22.519837708380937 ], [ 88.410645101833069, 22.519872596329122 ], [ 88.410622365834698, 22.519899584043202 ], [ 88.410614039718908, 22.519926467458614 ], [ 88.410620507277386, 22.519985431581752 ], [ 88.410652400946717, 22.520001294626464 ], [ 88.410681604542162, 22.520033271026826 ], [ 88.41072486623149, 22.520035640195363 ], [ 88.410754101835167, 22.520070298664734 ], [ 88.410841041060522, 22.520109904034172 ], [ 88.410866946909465, 22.52010703417675 ], [ 88.410878314900742, 22.520093540303481 ], [ 88.410915620719578, 22.520079858647918 ], [ 88.410921288718043, 22.520071770668142 ], [ 88.410915268854254, 22.520050355731271 ], [ 88.410903740932412, 22.520050439190111 ], [ 88.410883343159298, 22.520031810657471 ], [ 88.410863169298452, 22.520031956705768 ], [ 88.410848599465666, 22.520018650607316 ], [ 88.41085695752632, 22.519994449265539 ] ] ] } },
{ "type": "Feature", "properties": { "source": "KMC ward sewerage network map (ArcMap GeoPDF), water raster", "extraction_method": "geopdf_raster_polygonised", "wards": "101,102,105,106,107,108,109" }, "geometry": { "type": "Polygon", "coordinates": [ [ [ 88.409766479130226, 22.521603682396197 ], [ 88.409853035458426, 22.521611103248297 ], [ 88.40998358933183, 22.521682581326171 ], [ 88.410061659535273, 22.521703475031345 ], [ 88.410217160475185, 22.52169162065216 ], [ 88.410317551333137, 22.521650659475938 ], [ 88.410576069059985, 22.521576365997099 ], [ 88.410607451358601, 22.521549315698032 ], [ 88.410687763866008, 22.521516546575427 ], [ 88.41083442654714, 22.52148866170171 ], [ 88.411112349870422, 22.521349851349559 ], [ 88.411158046060123, 22.521314650353357 ], [ 88.411197786246035, 22.521263398592136 ], [ 88.411243642364013, 22.521241607986639 ], [ 88.411249150407102, 22.521220109582245 ], [ 88.41115097545655, 22.520721910070293 ], [ 88.411122382129861, 22.520499485015073 ], [ 88.411061575227549, 22.520234376162275 ], [ 88.411049759376056, 22.52021032088431 ], [ 88.411009347625637, 22.520205248856403 ], [ 88.410554857663485, 22.520280961405518 ], [ 88.40992779951776, 22.520387426564589 ], [ 88.409421688036275, 22.520484967899673 ], [ 88.409417426150171, 22.520611067569302 ], [ 88.409432379438172, 22.520656558819017 ], [ 88.409436891398954, 22.520793324308343 ], [ 88.409506757059532, 22.521093238482386 ], [ 88.409528689023176, 22.521240607249783 ], [ 88.40953012734515, 22.521361301055173 ], [ 88.409533648612566, 22.521414921904352 ], [ 88.409545560212607, 22.521447023551847 ], [ 88.409546359294524, 22.521514075663966 ], [ 88.409532077084364, 22.521524908210584 ], [ 88.409506011119547, 22.521514367444983 ], [ 88.409468097491214, 22.52147708919145 ], [ 88.409409019029255, 22.521356812179537 ], [ 88.409402743645416, 22.521313940502655 ], [ 88.409422534177011, 22.521281609611524 ], [ 88.409421575360312, 22.52120114707018 ], [ 88.409385553098716, 22.521080703322582 ], [ 88.409354400060721, 22.520885119509213 ], [ 88.409345658185956, 22.520877135767499 ], [ 88.409270726197562, 22.520877677527526 ], [ 88.40918125638629, 22.520867595086141 ], [ 88.40899114026567, 22.520877016316231 ], [ 88.408953770119311, 22.520885333374263 ], [ 88.40892542937523, 22.520925772958766 ], [ 88.408943168693924, 22.520963197172421 ], [ 88.408938459069816, 22.521051747650308 ], [ 88.409003780287406, 22.521212214481789 ], [ 88.409040792818431, 22.521415802966864 ], [ 88.409041304074009, 22.521458716328443 ], [ 88.409030447046192, 22.521515123446072 ], [ 88.409039444574773, 22.521544563883726 ], [ 88.409068680115979, 22.521579222658247 ], [ 88.409080751399372, 22.521624734769251 ], [ 88.409164937009123, 22.521675090184615 ], [ 88.40921703700181, 22.521693489736212 ], [ 88.409271859232874, 22.5216984580094 ], [ 88.40929770150602, 22.52169022421889 ], [ 88.409340931751956, 22.521689911649123 ], [ 88.409398859725115, 22.521713633632654 ], [ 88.409427711854107, 22.521716107320287 ], [ 88.409496848293614, 22.521712925062111 ], [ 88.409525476680813, 22.521696624141065 ], [ 88.409542385216582, 22.521664314076975 ], [ 88.409542065582201, 22.52163749323266 ], [ 88.409561824158232, 22.521602480240535 ], [ 88.409596184578547, 22.521583455539314 ], [ 88.409616007063107, 22.521553806710177 ], [ 88.409630321234118, 22.521545656240686 ], [ 88.409673583394834, 22.521548025668213 ], [ 88.409766479130226, 22.521603682396197 ] ] ] } },
{ "type": "Feature", "properties": { "source": "KMC ward sewerage network map (ArcMap GeoPDF), water raster", "extraction_method": "geopdf_raster_polygonised", "wards": "101,102,105,106,107,108,109" }, "geometry": { "type": "Polygon", "coordinates": [ [ [ 88.408906443775763, 22.521993472019741 ], [ 88.408932222223655, 22.521979874114209 ], [ 88.408955278406523, 22.521979707461654 ], [ 88.408980960987577, 22.521958063293678 ], [ 88.409031974632228, 22.521885272011954 ], [ 88.409031399462492, 22.521836994482538 ], [ 88.408949782629207, 22.521518388824614 ], [ 88.408920674934947, 22.521494458366959 ], [ 88.408897139570982, 22.521454393731592 ], [ 88.408887726722895, 22.521390086175046 ], [ 88.408875975028579, 22.521371394897205 ], [ 88.408878345835404, 22.521328460702353 ], [ 88.408857532774263, 22.521274964801815 ], [ 88.408831147410496, 22.521237603067522 ], [ 88.408818756760624, 22.521165270075269 ], [ 88.408838355718473, 22.521116846736852 ], [ 88.408843704388985, 22.521081937968432 ], [ 88.408831888831102, 22.521057882514096 ], [ 88.408831633239913, 22.521036425830285 ], [ 88.408814053682519, 22.521012412031176 ], [ 88.408801886705817, 22.520958853632997 ], [ 88.408787221113244, 22.520937501087584 ], [ 88.40879205862592, 22.520859678950526 ], [ 88.408754432892323, 22.520846539277663 ], [ 88.408728239323011, 22.520825270033015 ], [ 88.408699451277101, 22.520828160381015 ], [ 88.408679532847486, 22.520849762847398 ], [ 88.408656604630437, 22.520860657793886 ], [ 88.408593168685528, 22.520858433850929 ], [ 88.408555958231489, 22.52088016124684 ], [ 88.408455152093609, 22.520886254208364 ], [ 88.408369203105124, 22.520929792212232 ], [ 88.40828271111188, 22.520927734707996 ], [ 88.408256996658736, 22.520946696676862 ], [ 88.408269482806446, 22.521027075988673 ], [ 88.40828709421362, 22.521053771938067 ], [ 88.408302047193914, 22.521099263306905 ], [ 88.408302909541661, 22.521171679630942 ], [ 88.408291573146059, 22.521187855423925 ], [ 88.408300730189609, 22.521230706343381 ], [ 88.408301400907533, 22.521287030150145 ], [ 88.408292978451598, 22.521305867210142 ], [ 88.408347888930862, 22.521560290618879 ], [ 88.408345454079353, 22.521597860641588 ], [ 88.408366075358543, 22.521635264098901 ], [ 88.408357748715048, 22.521662147419629 ], [ 88.408361397308894, 22.521726496658527 ], [ 88.408390824377491, 22.521777248076731 ], [ 88.408414966556947, 22.521868272417681 ], [ 88.408471130456704, 22.521985888557591 ], [ 88.40852050818701, 22.522017719583527 ], [ 88.408569598432678, 22.522025411823925 ], [ 88.40858413633579, 22.522036036040458 ], [ 88.408607192531363, 22.522035869437278 ], [ 88.408641457358556, 22.52200879867258 ], [ 88.408681709849773, 22.522000460844886 ], [ 88.408718856676174, 22.521973369237884 ], [ 88.408753313157277, 22.521962390962695 ], [ 88.408793693424514, 22.52196478144889 ], [ 88.408825619324659, 22.521983326924463 ], [ 88.408863213427495, 22.521993784477662 ], [ 88.408906443775763, 22.521993472019741 ] ] ] } },
{ "type": "Feature", "properties": { "source": "KMC ward sewerage network map (ArcMap GeoPDF), water raster", "extraction_method": "geopdf_raster_polygonised", "wards": "101,102,105,106,107,108,109" }, "geometry": { "type": "Polygon", "coordinates": [ [ [ 88.407739886191507, 22.522299636711701 ], [ 88.407718754101907, 22.522219319791198 ], [ 88.407684497519526, 22.522004981778487 ], [ 88.407635607471676, 22.521771973181433 ], [ 88.407617772601313, 22.52172650255449 ], [ 88.407581304759461, 22.521568509122801 ], [ 88.407551590703179, 22.521493618756324 ], [ 88.40751323951072, 22.521177382167021 ], [ 88.40748384481634, 22.521129312648824 ], [ 88.407467423658403, 22.520960445183881 ], [ 88.407449237819705, 22.520885471566906 ], [ 88.40744043220468, 22.520872123541722 ], [ 88.40737683664274, 22.520856488682313 ], [ 88.407273084587658, 22.520857237532748 ], [ 88.407155114016518, 22.520874182833946 ], [ 88.406916641799228, 22.52093759694106 ], [ 88.406891022878909, 22.520964604964668 ], [ 88.406891278169709, 22.520986061667084 ], [ 88.406949770042019, 22.521299470834506 ], [ 88.407016684869177, 22.521594042953431 ], [ 88.407078123215072, 22.521912795401263 ], [ 88.407171806832352, 22.522276914480692 ], [ 88.407197936627099, 22.522292819799151 ], [ 88.407333519788452, 22.522302570459161 ], [ 88.40736842339021, 22.522329141686331 ], [ 88.40738622634683, 22.522371930251069 ], [ 88.407403773929403, 22.522393262119326 ], [ 88.40742980800006, 22.522401121137367 ], [ 88.407456065543016, 22.52242775475759 ], [ 88.407487735991381, 22.522424843808352 ], [ 88.407507750602093, 22.522411287732321 ], [ 88.407550981104876, 22.522410975631757 ], [ 88.407617651002397, 22.522442682092485 ], [ 88.407637825240769, 22.52244253643299 ], [ 88.407657712125626, 22.522418251993308 ], [ 88.407689350636545, 22.522412658918334 ], [ 88.407665751589377, 22.522367229924274 ], [ 88.407668154698314, 22.522326977818814 ], [ 88.407699825116907, 22.522324066829199 ], [ 88.407725859188261, 22.522331925799215 ], [ 88.407737291526161, 22.522323796299201 ], [ 88.407739886191507, 22.522299636711701 ] ] ] } },
{ "type": "Feature", "properties": { "source": "KMC ward sewerage network map (ArcMap GeoPDF), water raster", "extraction_method": "geopdf_raster_polygonised", "wards": "101,102,105,106,107,108,109" }, "geometry": { "type": "Polygon", "coordinates": [ [ [ 88.412012803013752, 22.525313151479189 ], [ 88.412514510495654, 22.525328290387822 ], [ 88.412531642892546, 22.525314754594362 ], [ 88.412530329822886, 22.525204789327759 ], [ 88.411991123659178, 22.525187239933352 ], [ 88.412012803013752, 22.525313151479189 ] ] ] } },
{ "type": "Feature", "properties": { "source": "KMC ward sewerage network map (ArcMap GeoPDF), water raster", "extraction_method": "geopdf_raster_polygonised", "wards": "101,102,105,106,107,108,109" }, "geometry": { "type": "Polygon", "coordinates": [ [ [ 88.410224205039, 22.525666759568079 ], [ 88.410200832202349, 22.525398697340687 ], [ 88.410188952041651, 22.525369277864495 ], [ 88.410062140004996, 22.525370195542468 ], [ 88.410063131343293, 22.525453340101709 ], [ 88.410078788995321, 22.525557837042346 ], [ 88.41007942857955, 22.525611478691907 ], [ 88.410109528743376, 22.525718553428497 ], [ 88.410122240409862, 22.525817707050034 ], [ 88.4101083096064, 22.525858042568444 ], [ 88.410028026473938, 22.52589349360272 ], [ 88.410005001630211, 22.525896342524547 ], [ 88.409982136674245, 22.525912601855559 ], [ 88.409979702259804, 22.525950171864586 ], [ 88.409962601500794, 22.525966389484534 ], [ 88.409959943238619, 22.525985184915964 ], [ 88.409997986207571, 22.52603319129334 ], [ 88.410042209146098, 22.526116023019604 ], [ 88.410042496959349, 22.526140161760662 ], [ 88.410054313206217, 22.526164217078531 ], [ 88.410046210531078, 22.526209875045325 ], [ 88.410113650351747, 22.52630595030822 ], [ 88.410111439838644, 22.526362294891278 ], [ 88.410140644739798, 22.526394271303204 ], [ 88.410129500063647, 22.526426539719196 ], [ 88.410144070540085, 22.526439845841594 ], [ 88.410164245337413, 22.526439699835837 ], [ 88.410201456955789, 22.526417972019193 ], [ 88.410267745562862, 22.526417492253426 ], [ 88.410319335736915, 22.526392978028269 ], [ 88.410330544336219, 22.526366073765228 ], [ 88.410329808679137, 22.52630438588087 ], [ 88.410244631927284, 22.525929478473564 ], [ 88.410217829475528, 22.525857249983201 ], [ 88.410226028027125, 22.525819638256444 ], [ 88.410224205039, 22.525666759568079 ] ] ] } },
{ "type": "Feature", "properties": { "source": "KMC ward sewerage network map (ArcMap GeoPDF), water raster", "extraction_method": "geopdf_raster_polygonised", "wards": "101,102,105,106,107,108,109" }, "geometry": { "type": "Polygon", "coordinates": [ [ [ 88.409368717820144, 22.526440090553056 ], [ 88.409451979466908, 22.526412665228815 ], [ 88.409520542785216, 22.526361205350675 ], [ 88.409555128141463, 22.526360955188522 ], [ 88.409584109124907, 22.526374157128416 ], [ 88.409655938149754, 22.526354861341069 ], [ 88.409670540547808, 22.526370849591864 ], [ 88.409673646468221, 22.526389603321466 ], [ 88.409702659440882, 22.526405487321732 ], [ 88.409714411709004, 22.526424178500385 ], [ 88.409754729332136, 22.526421204511706 ], [ 88.409780092815893, 22.526372739366384 ], [ 88.40979114164702, 22.526332424722735 ], [ 88.409869054601387, 22.526339907964903 ], [ 88.409900565974354, 22.52632358608685 ], [ 88.409894258147958, 22.526278032391566 ], [ 88.409899318883149, 22.526218984870848 ], [ 88.409893330828439, 22.526200251999665 ], [ 88.409875878292212, 22.526186966704394 ], [ 88.409875302722796, 22.526138689218921 ], [ 88.409857786244899, 22.526120039755988 ], [ 88.409825891210389, 22.526104176632767 ], [ 88.40975877142418, 22.526034922058841 ], [ 88.409639997620204, 22.525984817309901 ], [ 88.409576591307243, 22.525985275959481 ], [ 88.409542229830706, 22.526004300702315 ], [ 88.409459735674403, 22.526096096054445 ], [ 88.409425246284599, 22.526104392441976 ], [ 88.409370262471427, 22.526086013897224 ], [ 88.409321298608347, 22.526089050313388 ], [ 88.409177704621953, 22.526133005716886 ], [ 88.409085956553028, 22.52617390382747 ], [ 88.409037472046847, 22.526217171411641 ], [ 88.408980245298821, 22.526252455242357 ], [ 88.408966058452165, 22.526271334010453 ], [ 88.408949372990179, 22.526322418616651 ], [ 88.408949852366959, 22.526362649870141 ], [ 88.408938643494707, 22.526389554050684 ], [ 88.408933422555933, 22.526435191143413 ], [ 88.408943027656761, 22.526515591140747 ], [ 88.408957757830066, 22.526542307793253 ], [ 88.408975242290282, 22.52655827527321 ], [ 88.408995449074382, 22.526560811496516 ], [ 88.409030258210194, 22.526579336028405 ], [ 88.409056484921194, 22.526603287234618 ], [ 88.409085242184446, 22.52659771468058 ], [ 88.409125176334541, 22.526562555847029 ], [ 88.409159569969887, 22.526546213267789 ], [ 88.409182115497174, 22.526503133212341 ], [ 88.409228133466939, 22.526494753506157 ], [ 88.409245266342083, 22.526481218040747 ], [ 88.409268291304102, 22.52647836922208 ], [ 88.409302684900524, 22.526462026614023 ], [ 88.409354467077819, 22.526453605187164 ], [ 88.409368717820144, 22.526440090553056 ] ] ] } },
{ "type": "Feature", "properties": { "source": "KMC ward sewerage network map (ArcMap GeoPDF), water raster", "extraction_method": "geopdf_raster_polygonised", "wards": "101,102,105,106,107,108,109" }, "geometry": { "type": "Polygon", "coordinates": [ [ [ 88.409407274398518, 22.527982142221482 ], [ 88.409398308264528, 22.527955383935037 ], [ 88.409400902686485, 22.527931224346521 ], [ 88.409411855817936, 22.527882863477011 ], [ 88.409428828988283, 22.527855917574023 ], [ 88.409491596739713, 22.527801817290538 ], [ 88.409556990807005, 22.527726239477069 ], [ 88.409568135704944, 22.527693971093623 ], [ 88.409555935730737, 22.527637730757966 ], [ 88.409517924407069, 22.527592406382478 ], [ 88.409463035892841, 22.527582074151098 ], [ 88.409425344307436, 22.527563570577016 ], [ 88.409378175141583, 22.52747539538024 ], [ 88.409331645384029, 22.527440861820718 ], [ 88.409291071718428, 22.527422379056254 ], [ 88.409281945817455, 22.527382210344445 ], [ 88.409252581055128, 22.5273368233666 ], [ 88.40919487445305, 22.527331876045839 ], [ 88.409169031142852, 22.527340109868263 ], [ 88.409134445537219, 22.527340359959904 ], [ 88.409079557144494, 22.527330027590818 ], [ 88.409044683885398, 22.527306138914966 ], [ 88.409010034364513, 22.527301024813102 ], [ 88.408972374871894, 22.527285203208514 ], [ 88.408957165211064, 22.52721825531507 ], [ 88.408945540806272, 22.527210292414246 ], [ 88.408887994053742, 22.527218755396763 ], [ 88.408864873084781, 22.527213557917307 ], [ 88.408856130816645, 22.527205574174019 ], [ 88.40885254561519, 22.527146589174698 ], [ 88.408872241155507, 22.527106212074663 ], [ 88.408874484124368, 22.527052549570772 ], [ 88.408862572118906, 22.527020447911916 ], [ 88.408842077653247, 22.526993772924129 ], [ 88.408833335400956, 22.52698578917861 ], [ 88.408792921712276, 22.526980716694979 ], [ 88.408772427265788, 22.526954041697209 ], [ 88.408774350716101, 22.526873558355959 ], [ 88.408795618169677, 22.526723195003267 ], [ 88.408794979050498, 22.526669553330667 ], [ 88.40877691939572, 22.52660530832485 ], [ 88.408753734623403, 22.526594746656201 ], [ 88.408729846855294, 22.526525179141409 ], [ 88.408711531620895, 22.526439477454165 ], [ 88.408709646342984, 22.526281234507426 ], [ 88.408700520702794, 22.52624106574466 ], [ 88.40867400654534, 22.526192975717294 ], [ 88.408653735913589, 22.526185075282548 ], [ 88.408652777339782, 22.526104612763042 ], [ 88.408663954296301, 22.526075026515837 ], [ 88.408698060295691, 22.526034545281984 ], [ 88.408752277111716, 22.525988554048393 ], [ 88.408800921411441, 22.525958696967866 ], [ 88.408898849084551, 22.525952624440894 ], [ 88.408953449295041, 22.525938818148642 ], [ 88.408960050297907, 22.52576710228281 ], [ 88.408945416087874, 22.525748431875154 ], [ 88.40893856533522, 22.525657282697306 ], [ 88.408920377946984, 22.525582309361038 ], [ 88.408919834681285, 22.52553671393537 ], [ 88.408901359715998, 22.525437601839279 ], [ 88.408852076508836, 22.525413817261949 ], [ 88.408687829085153, 22.525417686775487 ], [ 88.408549871939414, 22.525450871598299 ], [ 88.408492805103776, 22.525499565670991 ], [ 88.408485021420432, 22.525572044430877 ], [ 88.408524213953456, 22.525716606225913 ], [ 88.40853682864595, 22.525807713777933 ], [ 88.40856062032347, 22.525869235086105 ], [ 88.408558984281996, 22.52597385719756 ], [ 88.408539192939202, 22.526006188008701 ], [ 88.408513541523519, 22.526030514221638 ], [ 88.408430503523647, 22.526076713649196 ], [ 88.408336575955758, 22.52617663802431 ], [ 88.408293663751365, 22.526203771239587 ], [ 88.408218856633781, 22.526215040994511 ], [ 88.408201468132674, 22.526207119678542 ], [ 88.408206880972514, 22.526177575103464 ], [ 88.408197851315663, 22.526145452557483 ], [ 88.408174538888488, 22.526124162460398 ], [ 88.408168487181428, 22.526100065343538 ], [ 88.408150938984235, 22.526078733598141 ], [ 88.408141781578138, 22.526035882709152 ], [ 88.408152958640969, 22.526006296491911 ], [ 88.408158020116744, 22.525947248986682 ], [ 88.408130931247754, 22.525850881331287 ], [ 88.408087348332913, 22.525821690709865 ], [ 88.407998777230816, 22.525645297692638 ], [ 88.407885097850965, 22.525538826172987 ], [ 88.407860987169713, 22.525450483892794 ], [ 88.407814745889382, 22.525440088599073 ], [ 88.407466108030164, 22.52545065309565 ], [ 88.407417367807966, 22.525472463523005 ], [ 88.407409232357267, 22.525515439317413 ], [ 88.407451416579079, 22.526153525972649 ], [ 88.407464381855704, 22.526274136576845 ], [ 88.407473315565767, 22.526298212915748 ], [ 88.407473922234558, 22.526349172536857 ], [ 88.407454130582906, 22.52638150322873 ], [ 88.407446346332307, 22.52645398196092 ], [ 88.407472892061946, 22.526504754293519 ], [ 88.407496970791755, 22.526590414538727 ], [ 88.407529248879541, 22.526638463152452 ], [ 88.407582021170754, 22.526713186925083 ], [ 88.407637228572341, 22.526750340673871 ], [ 88.407689713552614, 22.526800925640828 ], [ 88.407695861020173, 22.526833069031007 ], [ 88.407707581131291, 22.526849078282368 ], [ 88.407708060159379, 22.526889309555305 ], [ 88.407716993956768, 22.526913385874703 ], [ 88.40792148961394, 22.527142587982325 ], [ 88.408100046731747, 22.527371977190839 ], [ 88.408187596939172, 22.527462543362233 ], [ 88.408214143147219, 22.527513315542667 ], [ 88.408240401857697, 22.527539948961405 ], [ 88.408272872116726, 22.527604089899761 ], [ 88.408446471490777, 22.527659164034542 ], [ 88.408506868649837, 22.527647998286294 ], [ 88.408533031583914, 22.527666585401807 ], [ 88.408550324431772, 22.527666460419464 ], [ 88.408596246971413, 22.527650034622848 ], [ 88.408679797100916, 22.527646748408529 ], [ 88.408705672456293, 22.52764119674401 ], [ 88.408722805520497, 22.527627661326267 ], [ 88.4087225498739, 22.527606204658998 ], [ 88.408707659842207, 22.527566077574633 ], [ 88.408733247577942, 22.527536387155649 ], [ 88.408776192042609, 22.527511935894196 ], [ 88.408830888744973, 22.527506175864147 ], [ 88.408868420450844, 22.527511269166123 ], [ 88.40894373954913, 22.527542912408787 ], [ 88.409036735055125, 22.527606615576861 ], [ 88.409066131774026, 22.527654684676296 ], [ 88.409066355511655, 22.527673459257191 ], [ 88.409125212948993, 22.527774961601025 ], [ 88.409172573860786, 22.527879229368526 ], [ 88.409180000335482, 22.528018655987886 ], [ 88.409222076574252, 22.528163196655644 ], [ 88.409239561278312, 22.528179164091771 ], [ 88.409262682421058, 22.528184361507833 ], [ 88.409372332039723, 22.528194297734053 ], [ 88.40940403570329, 22.528194068426856 ], [ 88.409487138516525, 22.528153232625098 ], [ 88.409492774931351, 22.528142462600044 ], [ 88.409489732924584, 22.528129073036325 ], [ 88.409455019244561, 22.528118594877419 ], [ 88.40944336276452, 22.528107949936366 ], [ 88.409439873179167, 22.528057011217722 ], [ 88.409453676481036, 22.528005947417011 ], [ 88.409407274398518, 22.527982142221482 ] ] ] } },
{ "type": "Feature", "properties": { "source": "KMC ward sewerage network map (ArcMap GeoPDF), water raster", "extraction_method": "geopdf_raster_polygonised", "wards": "101,102,105,106,107,108,109" }, "geometry": { "type": "Polygon", "coordinates": [ [ [ 88.409149090804149, 22.526876213703037 ], [ 88.409140668171801, 22.526895050806203 ], [ 88.409167470306244, 22.52696727948539 ], [ 88.409196802992241, 22.527009984403151 ], [ 88.409225720155092, 22.527017822235344 ], [ 88.409266069933054, 22.527017530442944 ], [ 88.40929473137237, 22.52700391159896 ], [ 88.409380683687644, 22.526960372955095 ], [ 88.40944636516808, 22.52690893394135 ], [ 88.409457669882855, 22.526890075978358 ], [ 88.409457222317101, 22.526852526819344 ], [ 88.409438938552043, 22.526769507326314 ], [ 88.40940713931046, 22.526761690375128 ], [ 88.409149090804149, 22.526876213703037 ] ] ] } },
{ "type": "Feature", "properties": { "source": "KMC ward sewerage network map (ArcMap GeoPDF), water raster", "extraction_method": "geopdf_raster_polygonised", "wards": "101,102,105,106,107,108,109" }, "geometry": { "type": "Polygon", "coordinates": [ [ [ 88.408830754985829, 22.527736855861608 ], [ 88.408813302342594, 22.527723570458214 ], [ 88.408770102166542, 22.527726565065468 ], [ 88.408629356503056, 22.527767817148391 ], [ 88.408571777542377, 22.527773597946517 ], [ 88.408528801007961, 22.527795367075029 ], [ 88.408532130485739, 22.527832895414665 ], [ 88.408564249468085, 22.527867533362919 ], [ 88.408584935742709, 22.527910300880293 ], [ 88.4086371658763, 22.527939428823778 ], [ 88.408672103146685, 22.52796868174828 ], [ 88.408689683632304, 22.527992695499012 ], [ 88.408693013161255, 22.528030223831962 ], [ 88.408707615641248, 22.528046212163606 ], [ 88.408779349789782, 22.528018870471335 ], [ 88.40884522373706, 22.527983524171479 ], [ 88.408873981293581, 22.527977951641059 ], [ 88.408902483169328, 22.527950922440986 ], [ 88.408933995021499, 22.52793460073088 ], [ 88.408899057708311, 22.527905347865506 ], [ 88.408869724905216, 22.527862642903063 ], [ 88.408842539222022, 22.527758229184407 ], [ 88.408830754985829, 22.527736855861608 ] ] ] } },
{ "type": "Feature", "properties": { "source": "KMC ward sewerage network map (ArcMap GeoPDF), water raster", "extraction_method": "geopdf_raster_polygonised", "wards": "101,102,105,106,107,108,109" }, "geometry": { "type": "Polygon", "coordinates": [ [ [ 88.408876927359543, 22.527983294970568 ], [ 88.40884816980207, 22.527988867501563 ], [ 88.408782295853186, 22.528024213802695 ], [ 88.408716294044481, 22.528048831745334 ], [ 88.408745467060214, 22.52807812631908 ], [ 88.408769003617536, 22.528118190889504 ], [ 88.408895914111241, 22.5281253203513 ], [ 88.408916344846133, 22.52814663115354 ], [ 88.408922428751993, 22.528173410308117 ], [ 88.408960216331323, 22.528199960242404 ], [ 88.408991920001696, 22.528199731016336 ], [ 88.409009053101855, 22.528186195566917 ], [ 88.409055071636729, 22.52817781588287 ], [ 88.40908943370637, 22.528158791218122 ], [ 88.409088794434268, 22.528105149562101 ], [ 88.409079764424575, 22.528073027089903 ], [ 88.409023916875796, 22.527982232230258 ], [ 88.409000635965683, 22.52796362436278 ], [ 88.4089369091283, 22.527937261976199 ], [ 88.408876927359543, 22.527983294970568 ] ] ] } },
{ "type": "Feature", "properties": { "source": "KMC ward sewerage network map (ArcMap GeoPDF), water raster", "extraction_method": "geopdf_raster_polygonised", "wards": "101,102,105,106,107,108,109" }, "geometry": { "type": "Polygon", "coordinates": [ [ [ 88.407845311682422, 22.528975159375669 ], [ 88.407862285287536, 22.52894821361911 ], [ 88.407857806074759, 22.52881413023816 ], [ 88.407845670541235, 22.528763253918136 ], [ 88.407825335686439, 22.52874998923004 ], [ 88.407787867545537, 22.528750259868932 ], [ 88.407695414710034, 22.528732151430063 ], [ 88.407652182242927, 22.528732463669751 ], [ 88.407626466315648, 22.528751425598312 ], [ 88.407606323096886, 22.528754253387454 ], [ 88.407571577440663, 22.528741092739295 ], [ 88.407531227133347, 22.528741384132449 ], [ 88.407511179715343, 22.528752258163106 ], [ 88.407511371319401, 22.528768350669889 ], [ 88.407491483564257, 22.528792635120684 ], [ 88.40744277413728, 22.528817127691212 ], [ 88.407442965733964, 22.528833220198347 ], [ 88.407469416168652, 22.528875946240376 ], [ 88.407550883302079, 22.528939733495751 ], [ 88.407545757663243, 22.5289934168107 ], [ 88.407560487866377, 22.529020133583455 ], [ 88.407558404078671, 22.529087206505395 ], [ 88.407598978039118, 22.529105689690041 ], [ 88.407605572728698, 22.529175382249676 ], [ 88.407698217483414, 22.529209583229274 ], [ 88.4077270392267, 22.529209375057484 ], [ 88.407772962377138, 22.529192949467866 ], [ 88.407815588116861, 22.529141677593088 ], [ 88.407849886720641, 22.529117289006528 ], [ 88.407875730446136, 22.529109055376857 ], [ 88.407898404519074, 22.529076703808549 ], [ 88.407892256875002, 22.529044560442255 ], [ 88.407868975920294, 22.529025952414756 ], [ 88.40784550332701, 22.528991251879606 ], [ 88.407845311682422, 22.528975159375669 ] ] ] } },
{ "type": "Feature", "properties": { "source": "KMC ward sewerage network map (ArcMap GeoPDF), water raster", "extraction_method": "geopdf_raster_polygonised", "wards": "101,102,105,106,107,108,109" }, "geometry": { "type": "Polygon", "coordinates": [ [ [ 88.410925736168906, 22.529384730732652 ], [ 88.410940147039199, 22.529384626357476 ], [ 88.410948249541065, 22.52933896836868 ], [ 88.411014507518743, 22.529335806144012 ], [ 88.411017229679317, 22.52932237486699 ], [ 88.411051431713744, 22.52928993938464 ], [ 88.411120251791161, 22.529259935440439 ], [ 88.411183563540831, 22.529251429866555 ], [ 88.411189007826138, 22.529224567308336 ], [ 88.411203226642755, 22.529208370430887 ], [ 88.411202490508245, 22.529146682592241 ], [ 88.411181611208576, 22.529087822988526 ], [ 88.411172068563289, 22.529012787385255 ], [ 88.411186191345934, 22.52898854426984 ], [ 88.411211970806804, 22.528974945955444 ], [ 88.41122000919087, 22.528923923796505 ], [ 88.411221419088804, 22.528800527235703 ], [ 88.411154041223753, 22.528709816727599 ], [ 88.411127909762996, 22.528693912148857 ], [ 88.411104724473802, 22.528683350848649 ], [ 88.411012495374152, 22.528684018897874 ], [ 88.410991936245125, 22.528651980062261 ], [ 88.410943099545776, 22.528665745337218 ], [ 88.410848116285493, 22.52867716248814 ], [ 88.410756143152398, 22.528699287035209 ], [ 88.410552309595445, 22.528767820777606 ], [ 88.410489189960259, 22.52879241857978 ], [ 88.410426262243718, 22.528833108844143 ], [ 88.41036586477189, 22.528844275329813 ], [ 88.410346585316333, 22.528919519648298 ], [ 88.41034972339375, 22.528940955432528 ], [ 88.410373388519375, 22.528991748056889 ], [ 88.410393851595288, 22.52901574073211 ], [ 88.410429941166242, 22.529141548150527 ], [ 88.410482524041271, 22.529200178335969 ], [ 88.410514259912219, 22.529202630879126 ], [ 88.410525980552279, 22.529218639893752 ], [ 88.410523610266267, 22.529261574052928 ], [ 88.410512177556114, 22.529269703765006 ], [ 88.410506637159571, 22.529288520064792 ], [ 88.410512657446233, 22.529309934975867 ], [ 88.410553615745144, 22.529360602359372 ], [ 88.410557585704836, 22.529451772232619 ], [ 88.410606902642087, 22.529478238268208 ], [ 88.410644370934918, 22.529477966963054 ], [ 88.4106473490979, 22.529485992334564 ], [ 88.41066467415277, 22.52948854919396 ], [ 88.410730804226418, 22.529474658760531 ], [ 88.410779801220812, 22.529474303937469 ], [ 88.410788319756108, 22.529463512998728 ], [ 88.410796358314755, 22.529412490854533 ], [ 88.410827774247096, 22.529388122529834 ], [ 88.410859414164719, 22.529382528761474 ], [ 88.410870782862531, 22.529369034864864 ], [ 88.410911165296014, 22.529371424705406 ], [ 88.410925736168906, 22.529384730732652 ] ] ] } },
{ "type": "Feature", "properties": { "source": "KMC ward sewerage network map (ArcMap GeoPDF), water raster", "extraction_method": "geopdf_raster_polygonised", "wards": "101,102,105,106,107,108,109" }, "geometry": { "type": "Polygon", "coordinates": [ [ [ 88.411428258734702, 22.529466924265524 ], [ 88.411416473951121, 22.529445551164315 ], [ 88.411376091494859, 22.529443161452178 ], [ 88.411298624864415, 22.529473228152234 ], [ 88.411022512053137, 22.529523509996078 ], [ 88.411010149341976, 22.529695267501058 ], [ 88.411016265735526, 22.529724728627301 ], [ 88.411047745701282, 22.529705724418836 ], [ 88.411191758706465, 22.529696634243596 ], [ 88.411194256810148, 22.529664428406186 ], [ 88.411225576701668, 22.529632013765898 ], [ 88.411366291306365, 22.529588077284153 ], [ 88.41139482499274, 22.52956372973529 ], [ 88.411391686735413, 22.529542293982018 ], [ 88.411425888728772, 22.529509858422642 ], [ 88.411428258734702, 22.529466924265524 ] ] ] } },
{ "type": "Feature", "properties": { "source": "KMC ward sewerage network map (ArcMap GeoPDF), water raster", "extraction_method": "geopdf_raster_polygonised", "wards": "101,102,105,106,107,108,109" }, "geometry": { "type": "Polygon", "coordinates": [ [ [ 88.410772754594021, 22.529608470570945 ], [ 88.410772946582938, 22.529624563052771 ], [ 88.410799462172562, 22.529672652643633 ], [ 88.410848843231932, 22.529704482758369 ], [ 88.410855183591565, 22.529752718453597 ], [ 88.410878337046896, 22.529760597700104 ], [ 88.41092419594716, 22.529738807061619 ], [ 88.410970310849379, 22.529738473051001 ], [ 88.410981967584235, 22.529749117866348 ], [ 88.411010565379271, 22.529730134540934 ], [ 88.41100438498114, 22.529695309254446 ], [ 88.411016779702209, 22.529526233829589 ], [ 88.410967814696178, 22.529529270805849 ], [ 88.410852815608607, 22.529554244519066 ], [ 88.410772754594021, 22.529608470570945 ] ] ] } },
{ "type": "Feature", "properties": { "source": "KMC ward sewerage network map (ArcMap GeoPDF), water raster", "extraction_method": "geopdf_raster_polygonised", "wards": "101,102,105,106,107,108,109" }, "geometry": { "type": "Polygon", "coordinates": [ [ [ 88.411043197475124, 22.529807685211214 ], [ 88.411052196065285, 22.529837125457572 ], [ 88.411052900151006, 22.529896131215118 ], [ 88.411067567107494, 22.529917483464729 ], [ 88.411070769335794, 22.529944283385156 ], [ 88.411135073573845, 22.530018922287706 ], [ 88.41121840093615, 22.52999686012846 ], [ 88.411324465663554, 22.529947810072251 ], [ 88.411277294424934, 22.529859635560804 ], [ 88.411216544521295, 22.529841299507279 ], [ 88.411198995368679, 22.529819968152101 ], [ 88.411191822719175, 22.529701998403162 ], [ 88.411050691889159, 22.52971106770126 ], [ 88.410987763949834, 22.529751758193651 ], [ 88.411016841790243, 22.529773006066783 ], [ 88.411043197475124, 22.529807685211214 ] ] ] } },
{ "type": "Feature", "properties": { "source": "KMC ward sewerage network map (ArcMap GeoPDF), water raster", "extraction_method": "geopdf_raster_polygonised", "wards": "101,102,105,106,107,108,109" }, "geometry": { "type": "Polygon", "coordinates": [ [ [ 88.411660559258763, 22.530334309693746 ], [ 88.411674906190001, 22.530328841089773 ], [ 88.411689061019246, 22.530307280010661 ], [ 88.411706226104442, 22.530296426356568 ], [ 88.411705969967699, 22.53027496972479 ], [ 88.411693416664264, 22.530189226755517 ], [ 88.411641121042749, 22.530154735730097 ], [ 88.411609416961525, 22.530154965500813 ], [ 88.411557793667356, 22.530176798109292 ], [ 88.411474242175743, 22.530180085891665 ], [ 88.411447694239797, 22.530129314352571 ], [ 88.411438599509438, 22.53009182789658 ], [ 88.411443339511223, 22.530005959587179 ], [ 88.411420057942223, 22.529987352108321 ], [ 88.411379547286344, 22.529974234087472 ], [ 88.411347587164997, 22.529953007168501 ], [ 88.411327379858136, 22.529950471269132 ], [ 88.411221347137229, 22.530002203406923 ], [ 88.411138019772338, 22.530024265567821 ], [ 88.411138307824373, 22.530048404285392 ], [ 88.411115570377376, 22.53007539211654 ], [ 88.411115890431589, 22.530102212913931 ], [ 88.411150988794361, 22.530144875636381 ], [ 88.411182980940694, 22.530168784672817 ], [ 88.411189161411343, 22.530203609947087 ], [ 88.411212378974426, 22.53021685329945 ], [ 88.4112241638, 22.530238226411882 ], [ 88.411213979353036, 22.530350957277381 ], [ 88.411234730855256, 22.530399088539532 ], [ 88.41124401760662, 22.530452667484258 ], [ 88.411292950916703, 22.530446948328485 ], [ 88.411350946944452, 22.530476033538765 ], [ 88.411376854699085, 22.530473163504297 ], [ 88.411382202947337, 22.530438254705025 ], [ 88.411416597221347, 22.530421911615363 ], [ 88.411441928745333, 22.530370764144415 ], [ 88.411516865785529, 22.530370221111976 ], [ 88.411539667223963, 22.530348597384886 ], [ 88.41157137135032, 22.530348367625663 ], [ 88.411580113974395, 22.530356351200275 ], [ 88.411608743816771, 22.530340049846764 ], [ 88.411660559258763, 22.530334309693746 ] ] ] } },
{ "type": "Feature", "properties": { "source": "KMC ward sewerage network map (ArcMap GeoPDF), water raster", "extraction_method": "geopdf_raster_polygonised", "wards": "101,102,105,106,107,108,109" }, "geometry": { "type": "Polygon", "coordinates": [ [ [ 88.412979266050115, 22.48064807091313 ], [ 88.412979653486587, 22.480685924231995 ], [ 88.412990867258642, 22.480696151361368 ], [ 88.413301753323154, 22.480679684125377 ], [ 88.413245723393018, 22.480270630517854 ], [ 88.413227033804645, 22.480253585329098 ], [ 88.413123358473257, 22.480254486129017 ], [ 88.413056850933984, 22.480268830022947 ], [ 88.412960616186297, 22.480273107592172 ], [ 88.41293117075422, 22.480290570976848 ], [ 88.412971719762638, 22.480634370404584 ], [ 88.412979266050115, 22.48064807091313 ] ] ] } },
{ "type": "Feature", "properties": { "source": "KMC ward sewerage network map (ArcMap GeoPDF), water raster", "extraction_method": "geopdf_raster_polygonised", "wards": "101,102,105,106,107,108,109" }, "geometry": { "type": "Polygon", "coordinates": [ [ [ 88.414901850699309, 22.481801471809785 ], [ 88.414902626662197, 22.481877178373416 ], [ 88.414911372438056, 22.482007879827087 ], [ 88.41492664191064, 22.482052486666795 ], [ 88.414952949058019, 22.482090114445878 ], [ 88.414990188063499, 22.482110439537198 ], [ 88.415019915781471, 22.482120505430785 ], [ 88.415101411272119, 22.482123237857778 ], [ 88.415197647153676, 22.48211895894859 ], [ 88.41526397889028, 22.482087408106221 ], [ 88.41526574120887, 22.481898109508744 ], [ 88.415253327666676, 22.48177088151758 ], [ 88.41523100546496, 22.481760751222442 ], [ 88.415105112736939, 22.481761846676942 ], [ 88.414968111818112, 22.481763038677585 ], [ 88.414920082172003, 22.481773781083298 ], [ 88.414901850699309, 22.481801471809785 ] ] ] } },
{ "type": "Feature", "properties": { "source": "KMC ward sewerage network map (ArcMap GeoPDF), water raster", "extraction_method": "geopdf_raster_polygonised", "wards": "101,102,105,106,107,108,109" }, "geometry": { "type": "Polygon", "coordinates": [ [ [ 88.413172886984313, 22.481837153362605 ], [ 88.413220036083331, 22.481740381220387 ], [ 88.413219895166208, 22.481726616380413 ], [ 88.41320483764602, 22.481702656607425 ], [ 88.413182480359453, 22.481689084810142 ], [ 88.413119533973045, 22.481689631748257 ], [ 88.413086315092485, 22.481700244924394 ], [ 88.413049569602407, 22.481728096315777 ], [ 88.412990607713667, 22.481756140716385 ], [ 88.412942542659678, 22.481763441330074 ], [ 88.41289437193592, 22.48176041829829 ], [ 88.412764388951359, 22.481723690775045 ], [ 88.412590325413461, 22.481721761178132 ], [ 88.412545716585598, 22.481704941036948 ], [ 88.412464291734636, 22.481709089724429 ], [ 88.412412805603893, 22.481743952027276 ], [ 88.41237348389916, 22.481881954186431 ], [ 88.412374012029218, 22.481933572354119 ], [ 88.412389210274952, 22.481971297054663 ], [ 88.412402395855523, 22.482174232040105 ], [ 88.412417523718389, 22.482205074313164 ], [ 88.412447497776483, 22.482239229166296 ], [ 88.412499582683438, 22.482262867429952 ], [ 88.412551491538792, 22.482269299622011 ], [ 88.412766250736937, 22.4822674342076 ], [ 88.412847570232515, 22.482252961720519 ], [ 88.413017896453226, 22.482251481965605 ], [ 88.41311064118284, 22.4822678837252 ], [ 88.41315877685507, 22.482267465473033 ], [ 88.41316960325544, 22.482239839272491 ], [ 88.413180711485055, 22.482239742750068 ], [ 88.413182688001783, 22.482071091292323 ], [ 88.413175247295584, 22.482067714430393 ], [ 88.413167278162021, 22.482012719419 ], [ 88.4131587101581, 22.481899223836528 ], [ 88.413165516747384, 22.481840658919531 ], [ 88.413172886984313, 22.481837153362605 ] ] ] } },
{ "type": "Feature", "properties": { "source": "KMC ward sewerage network map (ArcMap GeoPDF), water raster", "extraction_method": "geopdf_raster_polygonised", "wards": "101,102,105,106,107,108,109" }, "geometry": { "type": "Polygon", "coordinates": [ [ [ 88.414267201477585, 22.482385166411127 ], [ 88.41424868775087, 22.482385327407119 ], [ 88.414219242063339, 22.482402791037419 ], [ 88.414087071269961, 22.482514068790948 ], [ 88.414047151806116, 22.4825935707292 ], [ 88.414029519320891, 22.482679761911363 ], [ 88.414022995084466, 22.482765856509239 ], [ 88.414024405126383, 22.482903504842191 ], [ 88.414028636655786, 22.482955090771753 ], [ 88.414036147932222, 22.482965350006904 ], [ 88.414102797631386, 22.482964770484937 ], [ 88.414269210325784, 22.482942674312095 ], [ 88.414268152609779, 22.482839438074066 ], [ 88.414278873051302, 22.482801488186077 ], [ 88.414281165517579, 22.482663807666501 ], [ 88.414288324222071, 22.482639654810047 ], [ 88.414283986842236, 22.482577745265683 ], [ 88.414260924185825, 22.482495349470213 ], [ 88.414267201477585, 22.482385166411127 ] ] ] } },
{ "type": "Feature", "properties": { "source": "KMC ward sewerage network map (ArcMap GeoPDF), water raster", "extraction_method": "geopdf_raster_polygonised", "wards": "101,102,105,106,107,108,109" }, "geometry": { "type": "Polygon", "coordinates": [ [ [ 88.415785191633333, 22.483080910359782 ], [ 88.415696572407668, 22.483105772420782 ], [ 88.415652351011474, 22.48312680644802 ], [ 88.415589509913147, 22.483137678001384 ], [ 88.415537671227383, 22.483138129224397 ], [ 88.415493414506656, 22.483155722003719 ], [ 88.415471374360365, 22.483173121404072 ], [ 88.41543812005412, 22.483180293866088 ], [ 88.415408356793691, 22.483166786858057 ], [ 88.415349112564257, 22.483167302474222 ], [ 88.415323299064582, 22.483177851668174 ], [ 88.415301082476162, 22.483178045015162 ], [ 88.415264337086853, 22.483205896903883 ], [ 88.415249878844762, 22.483240437860225 ], [ 88.415250372794191, 22.483288614748574 ], [ 88.415283944684901, 22.483312413179785 ], [ 88.415306796400273, 22.48337416154553 ], [ 88.415321642764127, 22.483377473852432 ], [ 88.415366076003977, 22.483377087146476 ], [ 88.41536953177733, 22.483352966477806 ], [ 88.415399048073695, 22.483342385048502 ], [ 88.415513939774797, 22.483351709597095 ], [ 88.415583868899589, 22.483309802754359 ], [ 88.41562445817938, 22.483295683386192 ], [ 88.415665188619997, 22.48329532883092 ], [ 88.415694846051281, 22.483298512171718 ], [ 88.415735752962362, 22.483315363626453 ], [ 88.41575828722145, 22.483346141068164 ], [ 88.415788085846941, 22.483363089213011 ], [ 88.416013919435898, 22.483357681473276 ], [ 88.416047314955094, 22.483364273712251 ], [ 88.416069743381328, 22.483384727491142 ], [ 88.416084589760288, 22.483388039726766 ], [ 88.416117808770522, 22.483377425925728 ], [ 88.416132408020957, 22.483356649722253 ], [ 88.416141821724935, 22.48319137515243 ], [ 88.416052849487215, 22.483181825358177 ], [ 88.415941484182369, 22.483155262922768 ], [ 88.415911685585897, 22.483138314804531 ], [ 88.415911367902069, 22.483107343956089 ], [ 88.415896345067708, 22.483086825675553 ], [ 88.415785191633333, 22.483080910359782 ] ] ] } },
{ "type": "Feature", "properties": { "source": "KMC ward sewerage network map (ArcMap GeoPDF), water raster", "extraction_method": "geopdf_raster_polygonised", "wards": "101,102,105,106,107,108,109" }, "geometry": { "type": "Polygon", "coordinates": [ [ [ 88.417577473410688, 22.484882414878246 ], [ 88.417547638908971, 22.484862025893229 ], [ 88.417469879982747, 22.484862703715507 ], [ 88.417455139437124, 22.484869715224928 ], [ 88.417433240648975, 22.484900879700788 ], [ 88.417426188422056, 22.484935356275294 ], [ 88.417422909678677, 22.484976682978807 ], [ 88.41743066868689, 22.485011030450924 ], [ 88.417456765055732, 22.485028010530527 ], [ 88.417493899182247, 22.485038011370062 ], [ 88.41752722447832, 22.485037720872256 ], [ 88.417605160217306, 22.485054249027453 ], [ 88.417649558603827, 22.485050420462628 ], [ 88.417679004363848, 22.485032956204353 ], [ 88.417723438086654, 22.485032568821488 ], [ 88.417726646048152, 22.484984359712918 ], [ 88.417744983358958, 22.484966992290495 ], [ 88.417748262006228, 22.484925665585312 ], [ 88.41768143474826, 22.484909040652781 ], [ 88.417655338377372, 22.484892060609575 ], [ 88.417577473410688, 22.484882414878246 ] ] ] } },
{ "type": "Feature", "properties": { "source": "KMC ward sewerage network map (ArcMap GeoPDF), water raster", "extraction_method": "geopdf_raster_polygonised", "wards": "101,102,105,106,107,108,109" }, "geometry": { "type": "Polygon", "coordinates": [ [ [ 88.417773916311972, 22.485620626910897 ], [ 88.417762701789869, 22.485610400158997 ], [ 88.417681062896079, 22.485593904380405 ], [ 88.417647737469082, 22.485594194916864 ], [ 88.417625661896878, 22.485608153411057 ], [ 88.417625803276437, 22.485621918218094 ], [ 88.417596604798504, 22.485663470884678 ], [ 88.41758588510109, 22.48570142094507 ], [ 88.417589693961745, 22.485711712270174 ], [ 88.417604540620104, 22.485715024350146 ], [ 88.417649363364404, 22.485752490194994 ], [ 88.417671544994818, 22.48574885530164 ], [ 88.417671332917422, 22.485728208091817 ], [ 88.417682193978507, 22.48570402283352 ], [ 88.417693231769434, 22.485697043582732 ], [ 88.417733927528388, 22.485693247267076 ], [ 88.417744894619773, 22.485679385609824 ], [ 88.417774446541117, 22.485672244933731 ], [ 88.417777795881079, 22.485637800634102 ], [ 88.417773916311972, 22.485620626910897 ] ] ] } },
{ "type": "Feature", "properties": { "source": "KMC ward sewerage network map (ArcMap GeoPDF), water raster", "extraction_method": "geopdf_raster_polygonised", "wards": "101,102,105,106,107,108,109" }, "geometry": { "type": "Polygon", "coordinates": [ [ [ 88.417544596711991, 22.486008075259345 ], [ 88.417538003938617, 22.486087287457675 ], [ 88.417579017918726, 22.486114461989896 ], [ 88.417608675977434, 22.486117644944102 ], [ 88.417616152346952, 22.486124462784524 ], [ 88.417645775061985, 22.486124204530238 ], [ 88.417660480379482, 22.486113751796573 ], [ 88.417727025436562, 22.486102847094525 ], [ 88.417737886513095, 22.486078661832543 ], [ 88.417733582753826, 22.486020193692703 ], [ 88.417662946088242, 22.485993277461084 ], [ 88.417633288055555, 22.485990094515522 ], [ 88.417603488644033, 22.485973146757868 ], [ 88.417573865960591, 22.485973405002724 ], [ 88.417544596711991, 22.486008075259345 ] ] ] } },
{ "type": "Feature", "properties": { "source": "KMC ward sewerage network map (ArcMap GeoPDF), water raster", "extraction_method": "geopdf_raster_polygonised", "wards": "101,102,105,106,107,108,109" }, "geometry": { "type": "Polygon", "coordinates": [ [ [ 88.416818558037036, 22.485986870814138 ], [ 88.416789394564177, 22.486031864551837 ], [ 88.416782836683623, 22.486114517944067 ], [ 88.416768307918261, 22.486142176615129 ], [ 88.416750606169145, 22.486221485589017 ], [ 88.416747680460105, 22.486297224312189 ], [ 88.416777550498878, 22.486321054634701 ], [ 88.41686306922746, 22.486354724601703 ], [ 88.41702997997551, 22.486380802233413 ], [ 88.417111442611528, 22.486380092309531 ], [ 88.417137079867601, 22.486352336798689 ], [ 88.417165571926674, 22.486241960161003 ], [ 88.417161445069837, 22.486200698005909 ], [ 88.417097719430629, 22.486125540151544 ], [ 88.417052896699545, 22.486088074153457 ], [ 88.416922484768264, 22.486010055837088 ], [ 88.416885138447981, 22.485979407662082 ], [ 88.416848004101581, 22.485969406694085 ], [ 88.416818558037036, 22.485986870814138 ] ] ] } },
{ "type": "Feature", "properties": { "source": "KMC ward sewerage network map (ArcMap GeoPDF), water raster", "extraction_method": "geopdf_raster_polygonised", "wards": "101,102,105,106,107,108,109" }, "geometry": { "type": "Polygon", "coordinates": [ [ [ 88.417549235124511, 22.486820231101781 ], [ 88.41748247764879, 22.486810488539128 ], [ 88.417467277444118, 22.486772764439294 ], [ 88.417459836387536, 22.486769387795444 ], [ 88.417430213532825, 22.486769646022623 ], [ 88.417404505583178, 22.486790519176498 ], [ 88.417405459804897, 22.486883431618796 ], [ 88.417442347033727, 22.486869344032115 ], [ 88.417509069191951, 22.48687564540861 ], [ 88.417527477455778, 22.486865160403376 ], [ 88.417571911766302, 22.486864773032174 ], [ 88.417583126381771, 22.486874999791315 ], [ 88.417635072454956, 22.486884871442591 ], [ 88.41765355140511, 22.486881268825744 ], [ 88.417660674340681, 22.48685367464952 ], [ 88.417675344382559, 22.486839780710344 ], [ 88.417675096945104, 22.48681569230218 ], [ 88.417652667713099, 22.486795238795867 ], [ 88.417623044855361, 22.486795497058775 ], [ 88.417589825178041, 22.486806111201954 ], [ 88.417575155130493, 22.486820005133655 ], [ 88.417549235124511, 22.486820231101781 ] ] ] } },
{ "type": "Feature", "properties": { "source": "KMC ward sewerage network map (ArcMap GeoPDF), water raster", "extraction_method": "geopdf_raster_polygonised", "wards": "101,102,105,106,107,108,109" }, "geometry": { "type": "Polygon", "coordinates": [ [ [ 88.417364905048473, 22.486900992675775 ], [ 88.417371427250316, 22.486814898081956 ], [ 88.417308231286853, 22.486791358362677 ], [ 88.417271202710126, 22.486791681111285 ], [ 88.41726016481276, 22.486798660337808 ], [ 88.417238442388737, 22.486847030806949 ], [ 88.417238937113638, 22.486895207632148 ], [ 88.417268772027299, 22.486915596649183 ], [ 88.417364905048473, 22.486900992675775 ] ] ] } },
{ "type": "Feature", "properties": { "source": "KMC ward sewerage network map (ArcMap GeoPDF), water raster", "extraction_method": "geopdf_raster_polygonised", "wards": "101,102,105,106,107,108,109" }, "geometry": { "type": "Polygon", "coordinates": [ [ [ 88.416927084221655, 22.486818770682248 ], [ 88.416880501515408, 22.486970603042849 ], [ 88.416900464336535, 22.487111531004885 ], [ 88.416953258406096, 22.487203991724403 ], [ 88.417130430753531, 22.487147383547697 ], [ 88.41715980634045, 22.48712303695882 ], [ 88.417181528829815, 22.48707466649827 ], [ 88.417180928111463, 22.487016166067463 ], [ 88.41716198976242, 22.486975033007404 ], [ 88.417079007434509, 22.486827771287672 ], [ 88.417034290467541, 22.486800628905353 ], [ 88.416967639016576, 22.486801209733699 ], [ 88.416927084221655, 22.486818770682248 ] ] ] } },
{ "type": "Feature", "properties": { "source": "KMC ward sewerage network map (ArcMap GeoPDF), water raster", "extraction_method": "geopdf_raster_polygonised", "wards": "101,102,105,106,107,108,109" }, "geometry": { "type": "Polygon", "coordinates": [ [ [ 88.415754289394286, 22.489093500298971 ], [ 88.415758310058536, 22.489124438883714 ], [ 88.415795551114471, 22.489144763668673 ], [ 88.415795798254891, 22.489168852089531 ], [ 88.41580331001947, 22.489179111210667 ], [ 88.415836671638161, 22.489182262214282 ], [ 88.41587017448866, 22.489199178022336 ], [ 88.415899797880414, 22.489198920055241 ], [ 88.41591453895856, 22.489191908664086 ], [ 88.415940176949405, 22.489164153314068 ], [ 88.415940000402699, 22.489146947300224 ], [ 88.415917606323788, 22.489129934767135 ], [ 88.415917429780166, 22.48911272875306 ], [ 88.41590610916478, 22.489092178275172 ], [ 88.415828065368785, 22.489065325803445 ], [ 88.415765115719253, 22.489065873945883 ], [ 88.415754289394286, 22.489093500298971 ] ] ] } },
{ "type": "Feature", "properties": { "source": "KMC ward sewerage network map (ArcMap GeoPDF), water raster", "extraction_method": "geopdf_raster_polygonised", "wards": "101,102,105,106,107,108,109" }, "geometry": { "type": "Polygon", "coordinates": [ [ [ 88.417035075746796, 22.489041044807813 ], [ 88.416875850269889, 22.489042432429109 ], [ 88.416868515097647, 22.489049379368666 ], [ 88.416872642003014, 22.489090641517265 ], [ 88.416906250943342, 22.489117880708736 ], [ 88.416921345292437, 22.489145281241594 ], [ 88.416925613553005, 22.489200308192522 ], [ 88.4169370403268, 22.489231182194025 ], [ 88.416988810579255, 22.489223848001973 ], [ 88.417092492416643, 22.489222944372852 ], [ 88.41709982758573, 22.489215997423358 ], [ 88.417106774033272, 22.489171197262461 ], [ 88.417102222999034, 22.489088640711376 ], [ 88.417113119726977, 22.489067896683622 ], [ 88.417112872359795, 22.489043808276232 ], [ 88.417105360510192, 22.489033549220593 ], [ 88.417053519662986, 22.48903400104399 ], [ 88.417035075746796, 22.489041044807813 ] ] ] } },
{ "type": "Feature", "properties": { "source": "KMC ward sewerage network map (ArcMap GeoPDF), water raster", "extraction_method": "geopdf_raster_polygonised", "wards": "101,102,105,106,107,108,109" }, "geometry": { "type": "Polygon", "coordinates": [ [ [ 88.415022028281697, 22.489189354002541 ], [ 88.415021745988284, 22.489161824369518 ], [ 88.41500675785943, 22.489144747252045 ], [ 88.414947299367057, 22.489124615625808 ], [ 88.414873276178781, 22.489128701298053 ], [ 88.414829088066583, 22.489153176393536 ], [ 88.414766702836076, 22.489208783420022 ], [ 88.414715496896847, 22.489271176176686 ], [ 88.41470096741719, 22.489298834688984 ], [ 88.414701214370055, 22.48932292312082 ], [ 88.414723643622352, 22.489343377033183 ], [ 88.414764411128928, 22.489346463819022 ], [ 88.414790543324173, 22.489366885500893 ], [ 88.414823869695596, 22.489366595508702 ], [ 88.414901172534897, 22.489321183178358 ], [ 88.414978898752238, 22.489317065262963 ], [ 88.414989831107306, 22.489299762566279 ], [ 88.41503405452076, 22.489278728630271 ], [ 88.415037298714537, 22.489233960750855 ], [ 88.415018607649742, 22.489216915861526 ], [ 88.415014693004565, 22.489196300862737 ], [ 88.415022028281697, 22.489189354002541 ] ] ] } },
{ "type": "Feature", "properties": { "source": "KMC ward sewerage network map (ArcMap GeoPDF), water raster", "extraction_method": "geopdf_raster_polygonised", "wards": "101,102,105,106,107,108,109" }, "geometry": { "type": "Polygon", "coordinates": [ [ [ 88.415977665212765, 22.48920856647381 ], [ 88.416007606405273, 22.489239279310596 ], [ 88.416008171384675, 22.48929433855248 ], [ 88.416023230271449, 22.48931829797446 ], [ 88.416071156443763, 22.48929723151231 ], [ 88.41610074454023, 22.489293532304742 ], [ 88.416107832569125, 22.489262496980455 ], [ 88.41607771478597, 22.489214578151124 ], [ 88.416010814973305, 22.489191070224898 ], [ 88.415977135558052, 22.489156948433322 ], [ 88.415962323867205, 22.489157077424434 ], [ 88.415951603505235, 22.48919502739701 ], [ 88.415977665212765, 22.48920856647381 ] ] ] } },
{ "type": "Feature", "properties": { "source": "KMC ward sewerage network map (ArcMap GeoPDF), water raster", "extraction_method": "geopdf_raster_polygonised", "wards": "101,102,105,106,107,108,109" }, "geometry": { "type": "Polygon", "coordinates": [ [ [ 88.415523087980176, 22.489298562421858 ], [ 88.415552534897543, 22.489281098501028 ], [ 88.41556343187618, 22.489260354565882 ], [ 88.415563008274106, 22.489219060126356 ], [ 88.415555531824197, 22.48921224219659 ], [ 88.415499987950682, 22.489212725762073 ], [ 88.415497096892366, 22.489291905677 ], [ 88.415508276271339, 22.48929869137201 ], [ 88.415523087980176, 22.489298562421858 ] ] ] } },
{ "type": "Feature", "properties": { "source": "KMC ward sewerage network map (ArcMap GeoPDF), water raster", "extraction_method": "geopdf_raster_polygonised", "wards": "101,102,105,106,107,108,109" }, "geometry": { "type": "Polygon", "coordinates": [ [ [ 88.415475440746832, 22.488985799753049 ], [ 88.415738736320435, 22.489021364003964 ], [ 88.415898279624543, 22.489050948333091 ], [ 88.416043399735031, 22.489118514727711 ], [ 88.416062196841352, 22.489145883100324 ], [ 88.416226891241777, 22.48931652413847 ], [ 88.416459475101988, 22.489607026391489 ], [ 88.416511846040407, 22.489658192773803 ], [ 88.416540939646183, 22.489606316658776 ], [ 88.416249002849185, 22.489306007006821 ], [ 88.416095028757795, 22.489097416012232 ], [ 88.416008943491732, 22.489008686482546 ], [ 88.415823338567662, 22.488965563160786 ], [ 88.415508308138683, 22.488940773978509 ], [ 88.415178889596945, 22.488957407540084 ], [ 88.415123451682561, 22.488968214582741 ], [ 88.414927585087625, 22.489007775799237 ], [ 88.41474744732804, 22.489136679224686 ], [ 88.414556412098193, 22.489286326339315 ], [ 88.414461829068031, 22.489452341747587 ], [ 88.414364248307777, 22.489687213418332 ], [ 88.414255417324711, 22.489908416849172 ], [ 88.41412320452406, 22.490016253692385 ], [ 88.414146021745964, 22.490074560937785 ], [ 88.414241522529508, 22.489998017015203 ], [ 88.414347461890401, 22.489855993514599 ], [ 88.414510425765371, 22.489496658626347 ], [ 88.41451779635878, 22.489493152991994 ], [ 88.414612167684268, 22.489306490325614 ], [ 88.414843511660081, 22.489115194258055 ], [ 88.414965072996651, 22.489052189214274 ], [ 88.415083213602813, 22.489016745944063 ], [ 88.415408788204587, 22.488986379990624 ], [ 88.415475440746832, 22.488985799753049 ] ] ] } },
{ "type": "Feature", "properties": { "source": "KMC ward sewerage network map (ArcMap GeoPDF), water raster", "extraction_method": "geopdf_raster_polygonised", "wards": "101,102,105,106,107,108,109" }, "geometry": { "type": "Polygon", "coordinates": [ [ [ 88.414193278281914, 22.489626753369933 ], [ 88.414290013171282, 22.489670651608652 ], [ 88.414297419049404, 22.489670587188705 ], [ 88.414315651584175, 22.489642896497518 ], [ 88.414322634218735, 22.489601537616693 ], [ 88.414155226188186, 22.489527280489497 ], [ 88.41413300857522, 22.489527473727563 ], [ 88.414107652262061, 22.489582758453402 ], [ 88.41410782858604, 22.489599964479975 ], [ 88.414115304991, 22.489606782479186 ], [ 88.414145104820804, 22.489623730856408 ], [ 88.414193278281914, 22.489626753369933 ] ] ] } },
{ "type": "Feature", "properties": { "source": "KMC ward sewerage network map (ArcMap GeoPDF), water raster", "extraction_method": "geopdf_raster_polygonised", "wards": "101,102,105,106,107,108,109" }, "geometry": { "type": "Polygon", "coordinates": [ [ [ 88.415017621810577, 22.489481920800372 ], [ 88.414991912999113, 22.489502793606945 ], [ 88.414996004085538, 22.489540614625344 ], [ 88.415048198047444, 22.489574575493254 ], [ 88.415063574403618, 22.489629505846029 ], [ 88.415064139020402, 22.489684565107801 ], [ 88.415075494857277, 22.489708556851131 ], [ 88.415101662455982, 22.48973241967958 ], [ 88.415120247733128, 22.489739140942909 ], [ 88.415160909485749, 22.489731904010778 ], [ 88.415204991835509, 22.489697105208624 ], [ 88.415208235975811, 22.489652337330352 ], [ 88.415193177185273, 22.489628377827781 ], [ 88.415188768418048, 22.489559585984303 ], [ 88.415169971416717, 22.489532217505168 ], [ 88.415125500918634, 22.489529163054225 ], [ 88.415054651139073, 22.489481598532645 ], [ 88.415017621810577, 22.489481920800372 ] ] ] } },
{ "type": "Feature", "properties": { "source": "KMC ward sewerage network map (ArcMap GeoPDF), water raster", "extraction_method": "geopdf_raster_polygonised", "wards": "101,102,105,106,107,108,109" }, "geometry": { "type": "Polygon", "coordinates": [ [ [ 88.416564358320429, 22.489723123943168 ], [ 88.416590738121826, 22.48976763372567 ], [ 88.416695091635304, 22.489832113157703 ], [ 88.416784421490107, 22.489876074380202 ], [ 88.416892195438564, 22.489912991798995 ], [ 88.417196720150713, 22.489996375386728 ], [ 88.41731542639458, 22.490015989677715 ], [ 88.41745247064425, 22.490018236464628 ], [ 88.417485903180392, 22.490028269514287 ], [ 88.417489394029019, 22.490007590029943 ], [ 88.417473769237759, 22.489928571561748 ], [ 88.417295922037567, 22.489919797464974 ], [ 88.417080550695076, 22.489863169107839 ], [ 88.416827973464152, 22.489789657135621 ], [ 88.416589854961714, 22.489681603686861 ], [ 88.416571304957401, 22.489678323797904 ], [ 88.416567672673324, 22.489685238463387 ], [ 88.416564358320429, 22.489723123943168 ] ] ] } },
{ "type": "Feature", "properties": { "source": "KMC ward sewerage network map (ArcMap GeoPDF), water raster", "extraction_method": "geopdf_raster_polygonised", "wards": "101,102,105,106,107,108,109" }, "geometry": { "type": "Polygon", "coordinates": [ [ [ 88.414136962265076, 22.494249192532607 ], [ 88.414092596075889, 22.494256461484717 ], [ 88.414073939680748, 22.494242857728228 ], [ 88.41405538910378, 22.494239577579602 ], [ 88.414018499575832, 22.494253664496604 ], [ 88.413963341615769, 22.494292000874591 ], [ 88.413904163149809, 22.494299398610064 ], [ 88.413863711593436, 22.494327282515055 ], [ 88.413863993729208, 22.49435481214427 ], [ 88.413912450979609, 22.49438536428471 ], [ 88.413935127865159, 22.494429906682985 ], [ 88.413958474888105, 22.494539831942483 ], [ 88.414209860265089, 22.494496347102359 ], [ 88.414220687259515, 22.494468720833563 ], [ 88.414223931737524, 22.494423952978767 ], [ 88.414256800729717, 22.494378927402014 ], [ 88.414249006559047, 22.494341138599189 ], [ 88.414248018819833, 22.4942447849124 ], [ 88.414240436317613, 22.494227643326898 ], [ 88.41419229653188, 22.494228062114399 ], [ 88.414136962265076, 22.494249192532607 ] ] ] } },
{ "type": "Feature", "properties": { "source": "KMC ward sewerage network map (ArcMap GeoPDF), water raster", "extraction_method": "geopdf_raster_polygonised", "wards": "101,102,105,106,107,108,109" }, "geometry": { "type": "Polygon", "coordinates": [ [ [ 88.413181831702957, 22.504066366932175 ], [ 88.413014456986502, 22.504090877618101 ], [ 88.41300248283801, 22.504127746925771 ], [ 88.413003093328015, 22.504192070315206 ], [ 88.413021086861093, 22.50427001896691 ], [ 88.413095155777043, 22.504283124012407 ], [ 88.413176487677305, 22.504282377581845 ], [ 88.413247895740511, 22.504274829802945 ], [ 88.413269989934349, 22.504265437159624 ], [ 88.413298889111289, 22.504193950531665 ], [ 88.413298627413766, 22.504166383368347 ], [ 88.413288529123307, 22.504141203954106 ], [ 88.413285475711476, 22.504079200457031 ], [ 88.413260633452254, 22.504058751294149 ], [ 88.413213762458781, 22.504054586555348 ], [ 88.413181831702957, 22.504066366932175 ] ] ] } },
{ "type": "Feature", "properties": { "source": "KMC ward sewerage network map (ArcMap GeoPDF), water raster", "extraction_method": "geopdf_raster_polygonised", "wards": "101,102,105,106,107,108,109" }, "geometry": { "type": "Polygon", "coordinates": [ [ [ 88.413711374127587, 22.505322813404732 ], [ 88.41366978099073, 22.505355359770682 ], [ 88.413660075212917, 22.505371531123824 ], [ 88.413662976145162, 22.505417453753836 ], [ 88.413683020364203, 22.505451731670142 ], [ 88.413752466153511, 22.505497043312158 ], [ 88.413779664286423, 22.50550598343483 ], [ 88.413806775150491, 22.505505734501806 ], [ 88.413826317595564, 22.505487175354993 ], [ 88.413826186685625, 22.505473391778665 ], [ 88.413798639471381, 22.505427695459488 ], [ 88.413800515013222, 22.505365646734379 ], [ 88.413743065130376, 22.505285763020748 ], [ 88.413737874090529, 22.505258241124867 ], [ 88.413744962515608, 22.505226011556918 ], [ 88.413702933094555, 22.505212612671784 ], [ 88.413711374127587, 22.505322813404732 ] ] ] } },
{ "type": "Feature", "properties": { "source": "KMC ward sewerage network map (ArcMap GeoPDF), water raster", "extraction_method": "geopdf_raster_polygonised", "wards": "101,102,105,106,107,108,109" }, "geometry": { "type": "Polygon", "coordinates": [ [ [ 88.414944843799233, 22.512433613873377 ], [ 88.414962577609273, 22.51248399500469 ], [ 88.415223731466568, 22.512470107118055 ], [ 88.415573266395967, 22.512418646792426 ], [ 88.415706318886052, 22.512412828374689 ], [ 88.41613177945213, 22.512310124507341 ], [ 88.416136031144731, 22.512238864148888 ], [ 88.415868117610714, 22.512319441997978 ], [ 88.41515175132615, 22.512417927231528 ], [ 88.415001445563504, 22.512423903778615 ], [ 88.414944843799233, 22.512433613873377 ] ] ] } },
{ "type": "Feature", "properties": { "source": "KMC ward sewerage network map (ArcMap GeoPDF), water raster", "extraction_method": "geopdf_raster_polygonised", "wards": "101,102,105,106,107,108,109" }, "geometry": { "type": "Polygon", "coordinates": [ [ [ 88.414735646194273, 22.512467700981404 ], [ 88.414474907149483, 22.512525236020121 ], [ 88.414246406101967, 22.512603151625662 ], [ 88.414081966474086, 22.512678181000073 ], [ 88.413853530407891, 22.512762987852518 ], [ 88.413858743666381, 22.512792806964857 ], [ 88.414170850327181, 22.51269344671439 ], [ 88.414335289919237, 22.512618417250867 ], [ 88.41457114150019, 22.512535839055051 ], [ 88.414753117835104, 22.512490515021497 ], [ 88.414809741482273, 22.512483102252109 ], [ 88.414918299550507, 22.512493591818373 ], [ 88.414898144696991, 22.512447827854356 ], [ 88.414878426730041, 22.51244800908108 ], [ 88.414735646194273, 22.512467700981404 ] ] ] } },
{ "type": "Feature", "properties": { "source": "KMC ward sewerage network map (ArcMap GeoPDF), water raster", "extraction_method": "geopdf_raster_polygonised", "wards": "101,102,105,106,107,108,109" }, "geometry": { "type": "Polygon", "coordinates": [ [ [ 88.414831075836659, 22.512652918252595 ], [ 88.41480941731713, 22.512708256357868 ], [ 88.414782698223746, 22.512749856206586 ], [ 88.414748431965293, 22.512775443188048 ], [ 88.414672133860378, 22.512787631665425 ], [ 88.41467076114175, 22.512902517305555 ], [ 88.414663541604313, 22.512920963334924 ], [ 88.41467632403527, 22.512969092537794 ], [ 88.414698397626807, 22.512957402382455 ], [ 88.414735325269305, 22.512952468095342 ], [ 88.414831166746438, 22.512921720284858 ], [ 88.415001300326594, 22.512927048923558 ], [ 88.415055328295125, 22.512905875158751 ], [ 88.41496622199702, 22.512608024368006 ], [ 88.414894766129777, 22.512610978597486 ], [ 88.414857947802744, 22.512627399214786 ], [ 88.414831075836659, 22.512652918252595 ] ] ] } },
{ "type": "Feature", "properties": { "source": "KMC ward sewerage network map (ArcMap GeoPDF), water raster", "extraction_method": "geopdf_raster_polygonised", "wards": "101,102,105,106,107,108,109" }, "geometry": { "type": "Polygon", "coordinates": [ [ [ 88.413802228954737, 22.512811705711869 ], [ 88.413839091122213, 22.512799879848718 ], [ 88.413839025641565, 22.512792988066828 ], [ 88.413831434941557, 22.512772380633702 ], [ 88.413811716919412, 22.512772561732188 ], [ 88.413644353783425, 22.512799370841016 ], [ 88.413607382481544, 22.512799710356131 ], [ 88.41360766618152, 22.512829574747204 ], [ 88.413632335544975, 22.512831645665234 ], [ 88.413802228954737, 22.512811705711869 ] ] ] } },
{ "type": "Feature", "properties": { "source": "KMC ward sewerage network map (ArcMap GeoPDF), water raster", "extraction_method": "geopdf_raster_polygonised", "wards": "101,102,105,106,107,108,109" }, "geometry": { "type": "Polygon", "coordinates": [ [ [ 88.413440084722069, 22.512833411039153 ], [ 88.413587969972099, 22.512832053079578 ], [ 88.413587686276315, 22.512802188688269 ], [ 88.41327217597987, 22.512802788239423 ], [ 88.413272415972784, 22.512828058112429 ], [ 88.413440084722069, 22.512833411039153 ] ] ] } },
{ "type": "Feature", "properties": { "source": "KMC ward sewerage network map (ArcMap GeoPDF), water raster", "extraction_method": "geopdf_raster_polygonised", "wards": "101,102,105,106,107,108,109" }, "geometry": { "type": "Polygon", "coordinates": [ [ [ 88.414563400859265, 22.512758763864984 ], [ 88.414519035327658, 22.512759171534608 ], [ 88.414450393504836, 22.512798859083595 ], [ 88.414413509561612, 22.512808387823974 ], [ 88.414401338651075, 22.512824581875996 ], [ 88.414408929437315, 22.512845189277638 ], [ 88.414441276948239, 22.512877056511932 ], [ 88.414464180365911, 22.512952662267725 ], [ 88.414469546626435, 22.512998562172157 ], [ 88.414523989643854, 22.513021036518452 ], [ 88.414568333419737, 22.513018331583336 ], [ 88.414671416365408, 22.512971435098617 ], [ 88.414658612095323, 22.512921008635502 ], [ 88.414665831633414, 22.512902562606325 ], [ 88.414667772211558, 22.512847405721001 ], [ 88.414659897461476, 22.512796933955951 ], [ 88.414667204356121, 22.512787676966038 ], [ 88.41464011392263, 22.51279022337652 ], [ 88.414563400859265, 22.512758763864984 ] ] ] } },
{ "type": "Feature", "properties": { "source": "KMC ward sewerage network map (ArcMap GeoPDF), water raster", "extraction_method": "geopdf_raster_polygonised", "wards": "101,102,105,106,107,108,109" }, "geometry": { "type": "Polygon", "coordinates": [ [ [ 88.414097630400335, 22.513029548628502 ], [ 88.414105483134421, 22.513077723169186 ], [ 88.414150067099186, 22.513100288210655 ], [ 88.414184551881135, 22.513097673949858 ], [ 88.414233650539813, 22.513076545737661 ], [ 88.414240913809934, 22.513062694244887 ], [ 88.414237488368869, 22.51296163744119 ], [ 88.414217748490046, 22.512959521330561 ], [ 88.414173513883298, 22.512973712469755 ], [ 88.414121754007496, 22.512974187961927 ], [ 88.414102188779296, 22.512990449919645 ], [ 88.414097630400335, 22.513029548628502 ] ] ] } },
{ "type": "Feature", "properties": { "source": "KMC ward sewerage network map (ArcMap GeoPDF), water raster", "extraction_method": "geopdf_raster_polygonised", "wards": "101,102,105,106,107,108,109" }, "geometry": { "type": "Polygon", "coordinates": [ [ [ 88.415034063076291, 22.513002563959116 ], [ 88.41497200727045, 22.512957185160023 ], [ 88.414935014102809, 22.512955227722557 ], [ 88.41490809840235, 22.512976152255703 ], [ 88.41489664841049, 22.513068155906769 ], [ 88.4148626005409, 22.513116715509785 ], [ 88.414820983623983, 22.513146964989133 ], [ 88.41475709648843, 22.513168229289576 ], [ 88.414774677441528, 22.513202529618688 ], [ 88.414809402506279, 22.513225185078497 ], [ 88.414826590293288, 22.513218134729097 ], [ 88.414900554924486, 22.513219752378692 ], [ 88.414944636602669, 22.513189480223954 ], [ 88.414974170017729, 22.513184613843915 ], [ 88.414993778856356, 22.513172946303197 ], [ 88.414993473007158, 22.513140784671766 ], [ 88.415044490122099, 22.513062202078238 ], [ 88.415044227957083, 22.513034634965802 ], [ 88.415034063076291, 22.513002563959116 ] ] ] } },
{ "type": "Feature", "properties": { "source": "KMC ward sewerage network map (ArcMap GeoPDF), water raster", "extraction_method": "geopdf_raster_polygonised", "wards": "101,102,105,106,107,108,109" }, "geometry": { "type": "Polygon", "coordinates": [ [ [ 88.412881850363732, 22.513491014928057 ], [ 88.412830133888235, 22.513496084537834 ], [ 88.412685323292024, 22.513561742540752 ], [ 88.412773531281346, 22.513765407062724 ], [ 88.412839949241857, 22.513751012682249 ], [ 88.412901328583089, 22.513725177216894 ], [ 88.412957909240276, 22.513713170546602 ], [ 88.412967681067656, 22.513703891001594 ], [ 88.412969862261846, 22.513674003980498 ], [ 88.412954397433737, 22.513602924631332 ], [ 88.412929226243634, 22.513548016606141 ], [ 88.412923991332264, 22.513515900196317 ], [ 88.41290658527781, 22.513499977735734 ], [ 88.412881850363732, 22.513491014928057 ] ] ] } },
{ "type": "Feature", "properties": { "source": "KMC ward sewerage network map (ArcMap GeoPDF), water raster", "extraction_method": "geopdf_raster_polygonised", "wards": "101,102,105,106,107,108,109" }, "geometry": { "type": "Polygon", "coordinates": [ [ [ 88.414350899829543, 22.514001345116654 ], [ 88.414424103476748, 22.514182171866572 ], [ 88.414449056987522, 22.51421410702136 ], [ 88.414496171674173, 22.514243541072762 ], [ 88.414523284233354, 22.514243291931791 ], [ 88.414592079609051, 22.514219685139395 ], [ 88.414665607934936, 22.514175357680983 ], [ 88.414795760524242, 22.514123617393754 ], [ 88.414819796632912, 22.514059067597163 ], [ 88.414814561261935, 22.514026951274229 ], [ 88.414628913647618, 22.513686335868424 ], [ 88.414272548491184, 22.513797591011013 ], [ 88.414295670356665, 22.513896169378043 ], [ 88.414350899829543, 22.514001345116654 ] ] ] } },
{ "type": "Feature", "properties": { "source": "KMC ward sewerage network map (ArcMap GeoPDF), water raster", "extraction_method": "geopdf_raster_polygonised", "wards": "101,102,105,106,107,108,109" }, "geometry": { "type": "Polygon", "coordinates": [ [ [ 88.415114594781002, 22.514472198062432 ], [ 88.415205643171888, 22.51471489175664 ], [ 88.415317765161163, 22.51509983410903 ], [ 88.415405803188804, 22.515285118835305 ], [ 88.41548439250721, 22.51525452921517 ], [ 88.415486726160751, 22.515240723000286 ], [ 88.415321308618275, 22.514435835722846 ], [ 88.415316182378632, 22.514415205717931 ], [ 88.415308788037763, 22.514415273702795 ], [ 88.415188254161066, 22.514441653921384 ], [ 88.415163781157247, 22.514460258587754 ], [ 88.415114529231403, 22.514465306285736 ], [ 88.415114594781002, 22.514472198062432 ] ] ] } },
{ "type": "Feature", "properties": { "source": "KMC ward sewerage network map (ArcMap GeoPDF), water raster", "extraction_method": "geopdf_raster_polygonised", "wards": "101,102,105,106,107,108,109" }, "geometry": { "type": "Polygon", "coordinates": [ [ [ 88.415312813722437, 22.515097582175081 ], [ 88.415244013508257, 22.514861576403927 ], [ 88.415064542795704, 22.514911472990313 ], [ 88.415148218904918, 22.515156531927879 ], [ 88.415312813722437, 22.515097582175081 ] ] ] } },
{ "type": "Feature", "properties": { "source": "KMC ward sewerage network map (ArcMap GeoPDF), water raster", "extraction_method": "geopdf_raster_polygonised", "wards": "101,102,105,106,107,108,109" }, "geometry": { "type": "Polygon", "coordinates": [ [ [ 88.414381924135512, 22.514671918469883 ], [ 88.414367288284708, 22.51468813517188 ], [ 88.414367397473583, 22.514699621469727 ], [ 88.414455259263988, 22.51486652872747 ], [ 88.414510751369548, 22.514999271485159 ], [ 88.41458583088658, 22.515118049452738 ], [ 88.414654062228294, 22.515294326812111 ], [ 88.414667806038636, 22.515443535390194 ], [ 88.414690644551669, 22.515512249285269 ], [ 88.414713286488677, 22.515560287844583 ], [ 88.414745481819622, 22.515576074158638 ], [ 88.414797177112433, 22.515568706639659 ], [ 88.415221752056013, 22.515371817083512 ], [ 88.415057148427621, 22.51491154096497 ], [ 88.41524150501516, 22.514857004547569 ], [ 88.415200713600441, 22.51471493707708 ], [ 88.415109621518397, 22.514467648861839 ], [ 88.414846392332763, 22.514522910072888 ], [ 88.414706271048345, 22.514563254730742 ], [ 88.414381924135512, 22.514671918469883 ] ] ] } },
{ "type": "Feature", "properties": { "source": "KMC ward sewerage network map (ArcMap GeoPDF), water raster", "extraction_method": "geopdf_raster_polygonised", "wards": "101,102,105,106,107,108,109" }, "geometry": { "type": "Polygon", "coordinates": [ [ [ 88.413336901304646, 22.515464951386896 ], [ 88.413336661266939, 22.515439681522842 ], [ 88.413289349998138, 22.51538957180064 ], [ 88.413247448402146, 22.515389956531429 ], [ 88.413178979480818, 22.515448021695242 ], [ 88.413157123552438, 22.515482684270989 ], [ 88.413207052348909, 22.515548852225226 ], [ 88.413253883598742, 22.515548422240272 ], [ 88.413336901304646, 22.515464951386896 ] ] ] } },
{ "type": "Feature", "properties": { "source": "KMC ward sewerage network map (ArcMap GeoPDF), water raster", "extraction_method": "geopdf_raster_polygonised", "wards": "101,102,105,106,107,108,109" }, "geometry": { "type": "Polygon", "coordinates": [ [ [ 88.413428978353366, 22.516854069482552 ], [ 88.413441171531559, 22.516840172747809 ], [ 88.413458359832944, 22.516833122521049 ], [ 88.41349286738479, 22.516832805621167 ], [ 88.413510230290768, 22.516844133467483 ], [ 88.413534878543544, 22.516843907103148 ], [ 88.413546984403212, 22.51682082132189 ], [ 88.413529184971196, 22.516763548283542 ], [ 88.413491885228424, 22.516729428928528 ], [ 88.413352938542019, 22.516634211557516 ], [ 88.413174118516437, 22.516493410949288 ], [ 88.413124603934349, 22.516470890954558 ], [ 88.413011331340073, 22.516483418196817 ], [ 88.412863245834117, 22.516464100480945 ], [ 88.412690206802054, 22.516412847211765 ], [ 88.412648130396164, 22.51639485371625 ], [ 88.412608387954918, 22.5163630540222 ], [ 88.41283526071517, 22.51689168507146 ], [ 88.412887065710194, 22.516895804438846 ], [ 88.412961337771151, 22.516929584524103 ], [ 88.412993249621394, 22.516915506796209 ], [ 88.413049918825649, 22.516912689072875 ], [ 88.413121027872705, 22.516872979385525 ], [ 88.41320236713635, 22.516872232564637 ], [ 88.413244029141453, 22.516846577962045 ], [ 88.413308114606565, 22.516845989512802 ], [ 88.413380074672659, 22.516895872853798 ], [ 88.413399815107653, 22.516897989038082 ], [ 88.413421889421528, 22.516886299025749 ], [ 88.413428978353366, 22.516854069482552 ] ] ] } },
{ "type": "Feature", "properties": { "source": "KMC ward sewerage network map (ArcMap GeoPDF), water raster", "extraction_method": "geopdf_raster_polygonised", "wards": "101,102,105,106,107,108,109" }, "geometry": { "type": "Polygon", "coordinates": [ [ [ 88.416086250049815, 22.519108897378711 ], [ 88.416040202945666, 22.519114596829219 ], [ 88.41602018968662, 22.519128153904703 ], [ 88.415969277014639, 22.519208993418701 ], [ 88.415975843034843, 22.519276003449434 ], [ 88.416026376421783, 22.51940438693379 ], [ 88.416070375906443, 22.519468442451494 ], [ 88.416081903754886, 22.519468358625186 ], [ 88.41619058400623, 22.519397828225269 ], [ 88.416262312117766, 22.519370483473452 ], [ 88.416324945046171, 22.519305652494015 ], [ 88.416324752499705, 22.51928956003113 ], [ 88.416289687646753, 22.519249580399439 ], [ 88.416231695518533, 22.519220496742363 ], [ 88.416132714281986, 22.519138064921929 ], [ 88.416086250049815, 22.519108897378711 ] ] ] } },
{ "type": "Feature", "properties": { "source": "KMC ward sewerage network map (ArcMap GeoPDF), water raster", "extraction_method": "geopdf_raster_polygonised", "wards": "101,102,105,106,107,108,109" }, "geometry": { "type": "Polygon", "coordinates": [ [ [ 88.417814756429422, 22.519281398462876 ], [ 88.417851643689815, 22.519232848264924 ], [ 88.417851161883561, 22.519192617134571 ], [ 88.417830988203875, 22.519192764049695 ], [ 88.417822759899209, 22.519227693992633 ], [ 88.41774245057816, 22.519260466530497 ], [ 88.417725319433771, 22.519274002824087 ], [ 88.417647667201337, 22.519287979802197 ], [ 88.417644849477952, 22.519293364937848 ], [ 88.417604309391095, 22.519277566261607 ], [ 88.417578468130046, 22.51928580134004 ], [ 88.417561529655359, 22.51931543007116 ], [ 88.417561722345226, 22.519331522525146 ], [ 88.417608186939049, 22.519360689621802 ], [ 88.417640466575335, 22.519408736155864 ], [ 88.417675114317234, 22.519413848488988 ], [ 88.417684145604142, 22.519445970439136 ], [ 88.417698619638102, 22.519451229662732 ], [ 88.417713029436939, 22.519451124734083 ], [ 88.417778672124115, 22.519397000538262 ], [ 88.417778029739623, 22.519343359030454 ], [ 88.417786579253928, 22.51933524984333 ], [ 88.4178355404066, 22.519332210980664 ], [ 88.417835411925523, 22.519321482679313 ], [ 88.417815109747536, 22.519310901291966 ], [ 88.417812067191889, 22.519297511902614 ], [ 88.417814756429422, 22.519281398462876 ] ] ] } },
{ "type": "Feature", "properties": { "source": "KMC ward sewerage network map (ArcMap GeoPDF), water raster", "extraction_method": "geopdf_raster_polygonised", "wards": "101,102,105,106,107,108,109" }, "geometry": { "type": "Polygon", "coordinates": [ [ [ 88.413768011020309, 22.519994807254761 ], [ 88.413796702605495, 22.519983869774258 ], [ 88.413796382173288, 22.519957048974884 ], [ 88.413767177911495, 22.519925073175422 ], [ 88.41374415415838, 22.519927922579633 ], [ 88.413715686871214, 22.519957634610751 ], [ 88.413718921305275, 22.519987116576196 ], [ 88.413736309285895, 22.519995037325671 ], [ 88.413768011020309, 22.519994807254761 ] ] ] } },
{ "type": "Feature", "properties": { "source": "KMC ward sewerage network map (ArcMap GeoPDF), water raster", "extraction_method": "geopdf_raster_polygonised", "wards": "101,102,105,106,107,108,109" }, "geometry": { "type": "Polygon", "coordinates": [ [ [ 88.413875124795453, 22.520034264531521 ], [ 88.413863821201645, 22.520053122761045 ], [ 88.413817901832815, 22.520069549915309 ], [ 88.413818062051703, 22.520082960314692 ], [ 88.413827028424308, 22.520109718362612 ], [ 88.413850340605052, 22.52013100766354 ], [ 88.413859210853346, 22.520149719469632 ], [ 88.413863118265922, 22.520235525105072 ], [ 88.413877688395232, 22.52024883091428 ], [ 88.413897926353059, 22.520254048646088 ], [ 88.413906732524936, 22.520267396289125 ], [ 88.413941220161249, 22.520259099023288 ], [ 88.413949737918273, 22.520248307946812 ], [ 88.413949513592456, 22.520229533389159 ], [ 88.413916273607825, 22.52010102367159 ], [ 88.4139154724664, 22.520033971677535 ], [ 88.413897764019381, 22.519999230150223 ], [ 88.413897411522299, 22.51996972727229 ], [ 88.413877205651318, 22.519967191617965 ], [ 88.413863020087177, 22.519986070765029 ], [ 88.413875124795453, 22.520034264531521 ] ] ] } },
{ "type": "Feature", "properties": { "source": "KMC ward sewerage network map (ArcMap GeoPDF), water raster", "extraction_method": "geopdf_raster_polygonised", "wards": "101,102,105,106,107,108,109" }, "geometry": { "type": "Polygon", "coordinates": [ [ [ 88.418258645418632, 22.520968019727285 ], [ 88.418240967911146, 22.520935960818104 ], [ 88.418159597489179, 22.520880225148012 ], [ 88.418077905861381, 22.520797668687536 ], [ 88.418022858970005, 22.520773928889277 ], [ 88.417965219232968, 22.520774348735255 ], [ 88.417885037570457, 22.520817849681531 ], [ 88.417808283917182, 22.520906924873639 ], [ 88.417753879439474, 22.520936826481424 ], [ 88.417716831125318, 22.520971966297452 ], [ 88.417702646008721, 22.520990845759144 ], [ 88.417694578191401, 22.521039186069789 ], [ 88.417654840557404, 22.521090439310278 ], [ 88.417658332818235, 22.521141377747739 ], [ 88.41768190269454, 22.521184123051153 ], [ 88.41773992806057, 22.521215888195773 ], [ 88.417751713016031, 22.521237260840895 ], [ 88.417789500193877, 22.521263808734115 ], [ 88.417804263526051, 22.521293206609617 ], [ 88.417919864683142, 22.521319187735912 ], [ 88.417977440395774, 22.521313403745562 ], [ 88.41800312136823, 22.521291758214485 ], [ 88.418069118164141, 22.521267136691904 ], [ 88.418106005818046, 22.521218586424656 ], [ 88.418160603094321, 22.521204777142998 ], [ 88.418189230271835, 22.521188474737293 ], [ 88.418228967726662, 22.521137221374151 ], [ 88.418259223771997, 22.521016297064225 ], [ 88.418258645418632, 22.520968019727285 ] ] ] } },
{ "type": "Feature", "properties": { "source": "KMC ward sewerage network map (ArcMap GeoPDF), water raster", "extraction_method": "geopdf_raster_polygonised", "wards": "101,102,105,106,107,108,109" }, "geometry": { "type": "Polygon", "coordinates": [ [ [ 88.413034650081258, 22.522060144159202 ], [ 88.413063534340594, 22.522065299267972 ], [ 88.413106732601861, 22.522062303600958 ], [ 88.413106444306891, 22.522038164880392 ], [ 88.413086013914878, 22.52201685458143 ], [ 88.413085373269112, 22.521963212979276 ], [ 88.413067953036503, 22.521952610091951 ], [ 88.413050660932697, 22.521952735523243 ], [ 88.413042207069182, 22.521968890719197 ], [ 88.413043007856004, 22.522035942723061 ], [ 88.413034650081258, 22.522060144159202 ] ] ] } },
{ "type": "Feature", "properties": { "source": "KMC ward sewerage network map (ArcMap GeoPDF), water raster", "extraction_method": "geopdf_raster_polygonised", "wards": "101,102,105,106,107,108,109" }, "geometry": { "type": "Polygon", "coordinates": [ [ [ 88.413317408348078, 22.522084916030618 ], [ 88.413331658260901, 22.52207140108117 ], [ 88.413331401963859, 22.522049944442845 ], [ 88.413307416750285, 22.521972331407461 ], [ 88.4132815747016, 22.521980565832106 ], [ 88.413244621038189, 22.522023750926284 ], [ 88.413242091408691, 22.522053274713834 ], [ 88.413265596064051, 22.522090656561549 ], [ 88.413317408348078, 22.522084916030618 ] ] ] } },
{ "type": "Feature", "properties": { "source": "KMC ward sewerage network map (ArcMap GeoPDF), water raster", "extraction_method": "geopdf_raster_polygonised", "wards": "101,102,105,106,107,108,109" }, "geometry": { "type": "Polygon", "coordinates": [ [ [ 88.417648669115991, 22.523944460398766 ], [ 88.417663464861334, 22.523976540338548 ], [ 88.417701156427597, 22.523995041984453 ], [ 88.417802156820017, 22.524005035581027 ], [ 88.417825213252669, 22.524004867640915 ], [ 88.417853680395368, 22.523975154899833 ], [ 88.417896686301091, 22.523956065480082 ], [ 88.417899022180279, 22.523910449232879 ], [ 88.41787574087239, 22.523891842666444 ], [ 88.417826713867171, 22.523889517474739 ], [ 88.417797764846895, 22.523878999102973 ], [ 88.417731541910698, 22.523884846055374 ], [ 88.417671404305395, 22.523917471741232 ], [ 88.417648669115991, 22.523944460398766 ] ] ] } },
{ "type": "Feature", "properties": { "source": "KMC ward sewerage network map (ArcMap GeoPDF), water raster", "extraction_method": "geopdf_raster_polygonised", "wards": "101,102,105,106,107,108,109" }, "geometry": { "type": "Polygon", "coordinates": [ [ [ 88.417392905098211, 22.524008015968651 ], [ 88.417381505351486, 22.524018828205417 ], [ 88.417382468893294, 22.524099290434254 ], [ 88.417385640013649, 22.524123408117802 ], [ 88.417403060830196, 22.524134010503996 ], [ 88.41753563545997, 22.524133045125669 ], [ 88.417607526273173, 22.524119110047735 ], [ 88.41762469012204, 22.524108255817183 ], [ 88.417627026090372, 22.52406263957003 ], [ 88.417608737963079, 22.523979621209381 ], [ 88.417599963313037, 22.52396895587934 ], [ 88.417562432373117, 22.523963864579201 ], [ 88.41750495190314, 22.523977694699202 ], [ 88.417453107051728, 22.523980754530314 ], [ 88.417392905098211, 22.524008015968651 ] ] ] } },
{ "type": "Feature", "properties": { "source": "KMC ward sewerage network map (ArcMap GeoPDF), water raster", "extraction_method": "geopdf_raster_polygonised", "wards": "101,102,105,106,107,108,109" }, "geometry": { "type": "Polygon", "coordinates": [ [ [ 88.417191193376709, 22.524012166865656 ], [ 88.417156705057465, 22.524020464862204 ], [ 88.41717159704298, 22.524060591076008 ], [ 88.417178067666526, 22.52411955475338 ], [ 88.417173395433821, 22.524210787249096 ], [ 88.417182330641069, 22.524234862975351 ], [ 88.417205419232815, 22.52423737719651 ], [ 88.417303312908132, 22.524228617560091 ], [ 88.417317562619587, 22.524215102269782 ], [ 88.417317337800483, 22.524196327749529 ], [ 88.41732864121461, 22.524177469293576 ], [ 88.417319481167951, 22.524134619055999 ], [ 88.417290082499491, 22.524086551552493 ], [ 88.417277783488615, 22.524022265698893 ], [ 88.417263212634552, 22.524008960240678 ], [ 88.417191193376709, 22.524012166865656 ] ] ] } },
{ "type": "Feature", "properties": { "source": "KMC ward sewerage network map (ArcMap GeoPDF), water raster", "extraction_method": "geopdf_raster_polygonised", "wards": "101,102,105,106,107,108,109" }, "geometry": { "type": "Polygon", "coordinates": [ [ [ 88.417172849492317, 22.524165191982565 ], [ 88.417165832930934, 22.524060633038061 ], [ 88.4171509730606, 22.524023188898223 ], [ 88.417015837568201, 22.524050995680042 ], [ 88.416946636113167, 22.524048817069058 ], [ 88.416880541473247, 22.524065391976642 ], [ 88.41684307473875, 22.524065664658611 ], [ 88.416794304524416, 22.524084795754518 ], [ 88.416777204821045, 22.524101014049709 ], [ 88.416780761115859, 22.524157316650388 ], [ 88.416807084927626, 22.524189312779974 ], [ 88.41680727757057, 22.524205405229587 ], [ 88.416795877760492, 22.524216217427778 ], [ 88.416801898736651, 22.524237632078094 ], [ 88.416833794044393, 22.52425349380318 ], [ 88.416892077430305, 22.524306715784277 ], [ 88.416926565838793, 22.524298417840274 ], [ 88.416949204898444, 22.52426338305149 ], [ 88.416966368820127, 22.524252528887803 ], [ 88.417078769166906, 22.524251710721877 ], [ 88.417116139608268, 22.524243391758834 ], [ 88.417127539394158, 22.524232579539152 ], [ 88.417176566521832, 22.524234904938162 ], [ 88.417164556572018, 22.524194757745629 ], [ 88.417172849492317, 22.524165191982565 ] ] ] } },
{ "type": "Feature", "properties": { "source": "KMC ward sewerage network map (ArcMap GeoPDF), water raster", "extraction_method": "geopdf_raster_polygonised", "wards": "101,102,105,106,107,108,109" }, "geometry": { "type": "Polygon", "coordinates": [ [ [ 88.414625152062328, 22.524910625009465 ], [ 88.414754809365448, 22.524665592857325 ], [ 88.414881167250769, 22.524385714554359 ], [ 88.415011845519658, 22.523985100813412 ], [ 88.415133331693625, 22.523538954506837 ], [ 88.415258404872233, 22.52315179287606 ], [ 88.415658184548889, 22.522116197514926 ], [ 88.415658120384691, 22.52211083336093 ], [ 88.415510784619414, 22.522082398992065 ], [ 88.415496438692202, 22.522087867892029 ], [ 88.415362849201259, 22.522485820824233 ], [ 88.414985256841575, 22.523448831955733 ], [ 88.414679675287275, 22.524167228970057 ], [ 88.414553733991454, 22.524481974140713 ], [ 88.414425551327696, 22.524850381714177 ], [ 88.414223722684909, 22.525809432314752 ], [ 88.414200412675896, 22.526029551036387 ], [ 88.414275959835564, 22.52632137419566 ], [ 88.414344848919782, 22.526779548868735 ], [ 88.414443365253547, 22.527545973864722 ], [ 88.414590289824417, 22.527539541911842 ], [ 88.414552112623852, 22.527239400597022 ], [ 88.414463079797912, 22.526784054711342 ], [ 88.414418914506669, 22.526465180643982 ], [ 88.414415547790298, 22.526183562551456 ], [ 88.414430082916496, 22.525952778312501 ], [ 88.414468825402693, 22.525576973489322 ], [ 88.41453097711333, 22.525230504022549 ], [ 88.414625152062328, 22.524910625009465 ] ] ] } },
{ "type": "Feature", "properties": { "source": "KMC ward sewerage network map (ArcMap GeoPDF), water raster", "extraction_method": "geopdf_raster_polygonised", "wards": "101,102,105,106,107,108,109" }, "geometry": { "type": "Polygon", "coordinates": [ [ [ 88.412576315081296, 22.525193726615431 ], [ 88.412574842180319, 22.525311759018873 ], [ 88.412598187127969, 22.525335730532497 ], [ 88.412967286572083, 22.525349147314007 ], [ 88.413100118907423, 22.525369642161085 ], [ 88.413181009606305, 22.525385149145933 ], [ 88.413377984927521, 22.52546687151289 ], [ 88.413543321557029, 22.52555418788058 ], [ 88.4136653308462, 22.525633771637775 ], [ 88.413778758090757, 22.525718782217094 ], [ 88.413881009669836, 22.525833379261588 ], [ 88.41419458435638, 22.52602422874136 ], [ 88.41421795849314, 22.525809474174963 ], [ 88.414237171372321, 22.525728865339158 ], [ 88.414046119692088, 22.525660512606802 ], [ 88.413996995890557, 22.525650140044135 ], [ 88.413875210778642, 22.525589331094846 ], [ 88.413640030749477, 22.525446193517858 ], [ 88.413364373814844, 22.525292620059485 ], [ 88.413251395729418, 22.525245158256403 ], [ 88.413124359707012, 22.525227303788302 ], [ 88.412576315081296, 22.525193726615431 ] ] ] } },
{ "type": "Feature", "properties": { "source": "KMC ward sewerage network map (ArcMap GeoPDF), water raster", "extraction_method": "geopdf_raster_polygonised", "wards": "101,102,105,106,107,108,109" }, "geometry": { "type": "Polygon", "coordinates": [ [ [ 88.417632082852307, 22.525688081198879 ], [ 88.417600379870663, 22.525688312097365 ], [ 88.417583183707606, 22.525696484259903 ], [ 88.417511195715704, 22.525702373145688 ], [ 88.417485449642612, 22.525718654485473 ], [ 88.417482953020439, 22.525750860357288 ], [ 88.417471713756896, 22.525775082973237 ], [ 88.417474852826018, 22.525796518573795 ], [ 88.417495284448833, 22.52581782824263 ], [ 88.417544440631744, 22.525830881794075 ], [ 88.417651110169416, 22.525832787215514 ], [ 88.41769174859833, 22.525856631988688 ], [ 88.417717591050888, 22.525848396835986 ], [ 88.417740390770774, 22.525826772306104 ], [ 88.417754094422207, 22.525767661727837 ], [ 88.417782401279197, 22.525724538619961 ], [ 88.417779230037254, 22.525700420954319 ], [ 88.417764723207597, 22.525692479702325 ], [ 88.417744548583471, 22.525692626655101 ], [ 88.417692863735638, 22.525709096962341 ], [ 88.417666892803396, 22.525706603816342 ], [ 88.417632082852307, 22.525688081198879 ] ] ] } },
{ "type": "Feature", "properties": { "source": "KMC ward sewerage network map (ArcMap GeoPDF), water raster", "extraction_method": "geopdf_raster_polygonised", "wards": "101,102,105,106,107,108,109" }, "geometry": { "type": "Polygon", "coordinates": [ [ [ 88.417261618704018, 22.526042161272827 ], [ 88.417261843533481, 22.526060935789236 ], [ 88.41727644673324, 22.52607692330696 ], [ 88.417319678198581, 22.526076608524608 ], [ 88.417342863460135, 22.526087168930612 ], [ 88.417371588076477, 22.52607891284412 ], [ 88.417374213208589, 22.526057435268225 ], [ 88.417402777210683, 22.526035768808498 ], [ 88.417405145367923, 22.525992834643336 ], [ 88.417384810093196, 22.525979571185065 ], [ 88.417324253965816, 22.525977329825693 ], [ 88.417307057750008, 22.525985501961099 ], [ 88.417290118483848, 22.526015130684794 ], [ 88.417261618704018, 22.526042161272827 ] ] ] } },
{ "type": "Feature", "properties": { "source": "KMC ward sewerage network map (ArcMap GeoPDF), water raster", "extraction_method": "geopdf_raster_polygonised", "wards": "101,102,105,106,107,108,109" }, "geometry": { "type": "Polygon", "coordinates": [ [ [ 88.416997653959228, 22.526143328396866 ], [ 88.416997750299828, 22.526151374619026 ], [ 88.417026667637955, 22.526159211036589 ], [ 88.417072781233145, 22.526158875338488 ], [ 88.417107013156837, 22.526129120743072 ], [ 88.417164590902772, 22.526123336942543 ], [ 88.417170194516316, 22.526109884606861 ], [ 88.417152709226286, 22.526093918062021 ], [ 88.417146559634119, 22.526061775140924 ], [ 88.417045878903096, 22.526078601950108 ], [ 88.417003225476378, 22.526127193992082 ], [ 88.416997653959228, 22.526143328396866 ] ] ] } },
{ "type": "Feature", "properties": { "source": "KMC ward sewerage network map (ArcMap GeoPDF), water raster", "extraction_method": "geopdf_raster_polygonised", "wards": "101,102,105,106,107,108,109" }, "geometry": { "type": "Polygon", "coordinates": [ [ [ 88.417605230723709, 22.526093305183547 ], [ 88.417533338900043, 22.526107240309759 ], [ 88.417501957053645, 22.526134291928336 ], [ 88.41749942831035, 22.526163815725521 ], [ 88.417508203101733, 22.526174481051484 ], [ 88.417620572852101, 22.526170980354063 ], [ 88.417643693898057, 22.526176176568054 ], [ 88.41768404328829, 22.526175882678022 ], [ 88.417732846208892, 22.526159433358945 ], [ 88.417735503413326, 22.526140637853349 ], [ 88.417749785393568, 22.526129804593104 ], [ 88.417749560497512, 22.526111030080944 ], [ 88.417723396724369, 22.526092444508915 ], [ 88.41770869709238, 22.52606841081483 ], [ 88.417668347733766, 22.526068704709434 ], [ 88.417605230723709, 22.526093305183547 ] ] ] } },
{ "type": "Feature", "properties": { "source": "KMC ward sewerage network map (ArcMap GeoPDF), water raster", "extraction_method": "geopdf_raster_polygonised", "wards": "101,102,105,106,107,108,109" }, "geometry": { "type": "Polygon", "coordinates": [ [ [ 88.416653093818496, 22.526494536294592 ], [ 88.416678679596444, 22.526464844705465 ], [ 88.416710222225589, 22.526451203607934 ], [ 88.416701030067699, 22.526405671270457 ], [ 88.416683737436188, 22.526405797120425 ], [ 88.416652323243156, 22.526430166509922 ], [ 88.416641083783347, 22.526454389076171 ], [ 88.416638619068593, 22.526489277017138 ], [ 88.416644447497049, 22.526494599217514 ], [ 88.416653093818496, 22.526494536294592 ] ] ] } },
{ "type": "Feature", "properties": { "source": "KMC ward sewerage network map (ArcMap GeoPDF), water raster", "extraction_method": "geopdf_raster_polygonised", "wards": "101,102,105,106,107,108,109" }, "geometry": { "type": "Polygon", "coordinates": [ [ [ 88.416611467542523, 22.526628954623465 ], [ 88.416657549194099, 22.52662593696202 ], [ 88.416672248714676, 22.526649970756861 ], [ 88.416715576695722, 22.526657702350285 ], [ 88.416730115684231, 22.52666832576806 ], [ 88.416758872571307, 22.526662751857646 ], [ 88.416766876707683, 22.526609047444708 ], [ 88.416740712958727, 22.526590461712065 ], [ 88.416720538195449, 22.526590608543199 ], [ 88.416706031324622, 22.526582667198266 ], [ 88.416676728616665, 22.526542645835498 ], [ 88.416648003857333, 22.526550901804544 ], [ 88.416611114368649, 22.526599451805506 ], [ 88.416605542789455, 22.526615586199107 ], [ 88.416611467542523, 22.526628954623465 ] ] ] } },
{ "type": "Feature", "properties": { "source": "KMC ward sewerage network map (ArcMap GeoPDF), water raster", "extraction_method": "geopdf_raster_polygonised", "wards": "101,102,105,106,107,108,109" }, "geometry": { "type": "Polygon", "coordinates": [ [ [ 88.41620996224998, 22.526798179085677 ], [ 88.416370846989906, 22.526754091671908 ], [ 88.416373087057153, 22.526700429210166 ], [ 88.416312241698961, 22.526674048813319 ], [ 88.416303402760008, 22.52665801927024 ], [ 88.416297028625124, 22.526607101786922 ], [ 88.41619372204714, 22.526645405654151 ], [ 88.416150875558913, 22.526677905041883 ], [ 88.416192476972753, 22.526782212436608 ], [ 88.41620996224998, 22.526798179085677 ] ] ] } },
{ "type": "Feature", "properties": { "source": "KMC ward sewerage network map (ArcMap GeoPDF), water raster", "extraction_method": "geopdf_raster_polygonised", "wards": "101,102,105,106,107,108,109" }, "geometry": { "type": "Polygon", "coordinates": [ [ [ 88.416773868902823, 22.526952331954497 ], [ 88.416727401834933, 22.526923164765247 ], [ 88.416675523747315, 22.52692354232801 ], [ 88.41656933494103, 22.526961867416947 ], [ 88.416546502747082, 22.526980809722598 ], [ 88.41654387747721, 22.52700228729007 ], [ 88.416558994404298, 22.527061188058791 ], [ 88.416576608185096, 22.527087882960501 ], [ 88.416596975664447, 22.527103828588995 ], [ 88.416637389557778, 22.527108899095843 ], [ 88.416678381410605, 22.527162246926256 ], [ 88.416715977420793, 22.527172702535943 ], [ 88.416736152268655, 22.527172555701039 ], [ 88.416845191188202, 22.527131527444659 ], [ 88.416835998928178, 22.527085995123212 ], [ 88.416838720488627, 22.527072563775228 ], [ 88.416864306324243, 22.527042872155217 ], [ 88.416864049426849, 22.527021415563873 ], [ 88.416831832346432, 22.526978733143252 ], [ 88.416802786400211, 22.526960168403612 ], [ 88.416773868902823, 22.526952331954497 ] ] ] } },
{ "type": "Feature", "properties": { "source": "KMC ward sewerage network map (ArcMap GeoPDF), water raster", "extraction_method": "geopdf_raster_polygonised", "wards": "101,102,105,106,107,108,109" }, "geometry": { "type": "Polygon", "coordinates": [ [ [ 88.417845019905769, 22.52686138067136 ], [ 88.417784463395904, 22.526859139505603 ], [ 88.417749717390592, 22.526845981077678 ], [ 88.417732199811283, 22.526827332532495 ], [ 88.417711350329597, 22.52677115595699 ], [ 88.417704525882911, 22.526682689534606 ], [ 88.417677944347489, 22.526629237011782 ], [ 88.417651844735047, 22.526616015580039 ], [ 88.417565349354788, 22.526613963255556 ], [ 88.417548088828468, 22.526616771272959 ], [ 88.417522374721244, 22.526635734698623 ], [ 88.417508221168717, 22.526657296234706 ], [ 88.417506624024028, 22.526764600154934 ], [ 88.417492663200875, 22.526802254129596 ], [ 88.417493048689067, 22.526834439008461 ], [ 88.417450877059252, 22.526923262267371 ], [ 88.417430798622618, 22.526931455409841 ], [ 88.417404827462647, 22.526928962233438 ], [ 88.417375813578673, 22.526913079673875 ], [ 88.417344110314048, 22.526913310536248 ], [ 88.417332774580444, 22.526929486925034 ], [ 88.417332967307004, 22.526945579365378 ], [ 88.41736524877075, 22.526993625824961 ], [ 88.417359805754515, 22.527020488533541 ], [ 88.417328327313072, 22.527039493907591 ], [ 88.417279363433082, 22.527042532753516 ], [ 88.417244970737116, 22.527058877024743 ], [ 88.417222363460041, 22.527096593936438 ], [ 88.417211381007149, 22.527142273125985 ], [ 88.417223969424384, 22.527230697608712 ], [ 88.417253529401407, 22.527292175439889 ], [ 88.41730268609615, 22.527305229037182 ], [ 88.41732593581024, 22.527321153580125 ], [ 88.417364367083323, 22.527401342937026 ], [ 88.417362577118453, 22.527492554413374 ], [ 88.417351305588312, 22.527514094951002 ], [ 88.417351530444122, 22.527532869463212 ], [ 88.417394955099908, 22.527548647076124 ], [ 88.417429893999014, 22.527577898010613 ], [ 88.417438733129188, 22.527593927480321 ], [ 88.41754761150581, 22.527539488378878 ], [ 88.417980852553811, 22.527372711652845 ], [ 88.418110066068166, 22.527331535556453 ], [ 88.418069899070659, 22.52710651448702 ], [ 88.418027814145219, 22.526961976571176 ], [ 88.418007125193128, 22.526919210405062 ], [ 88.417919954850234, 22.526860834754842 ], [ 88.417891326508709, 22.526877137163343 ], [ 88.417845019905769, 22.52686138067136 ] ] ] } },
{ "type": "Feature", "properties": { "source": "KMC ward sewerage network map (ArcMap GeoPDF), water raster", "extraction_method": "geopdf_raster_polygonised", "wards": "101,102,105,106,107,108,109" }, "geometry": { "type": "Polygon", "coordinates": [ [ [ 88.416021033055699, 22.527148253486747 ], [ 88.416021450304854, 22.527183120460172 ], [ 88.416077494516287, 22.52729000513003 ], [ 88.416112689871227, 22.527340712966865 ], [ 88.416162167487798, 22.527380587663711 ], [ 88.416173920687655, 22.527399278319489 ], [ 88.416188395519384, 22.52740453763419 ], [ 88.416403335060465, 22.52730104613585 ], [ 88.416400196107659, 22.527279610511521 ], [ 88.416287946795293, 22.527052431023165 ], [ 88.416253232963456, 22.527041954342192 ], [ 88.416204236940118, 22.5270423107875 ], [ 88.416181340482652, 22.527055888894946 ], [ 88.416158668710949, 22.527088241522538 ], [ 88.416049501207738, 22.527118541023121 ], [ 88.416029486842817, 22.527132098145966 ], [ 88.416021033055699, 22.527148253486747 ] ] ] } },
{ "type": "Feature", "properties": { "source": "KMC ward sewerage network map (ArcMap GeoPDF), water raster", "extraction_method": "geopdf_raster_polygonised", "wards": "101,102,105,106,107,108,109" }, "geometry": { "type": "Polygon", "coordinates": [ [ [ 88.416487976136054, 22.527388946412408 ], [ 88.416487783503698, 22.527372853966906 ], [ 88.416421334094181, 22.527359925945916 ], [ 88.416403880823168, 22.527346641400133 ], [ 88.416397923951294, 22.527330590895467 ], [ 88.416188748615724, 22.527434040454732 ], [ 88.416183497955174, 22.527476995582195 ], [ 88.416129283197364, 22.527522989215186 ], [ 88.416120765204028, 22.527533780411812 ], [ 88.41612098989377, 22.527552554934246 ], [ 88.416135689432039, 22.527576588775151 ], [ 88.416176263952366, 22.527595069764132 ], [ 88.416196856167346, 22.527629789962482 ], [ 88.416225934285208, 22.527651036881455 ], [ 88.416257637733196, 22.527650806230664 ], [ 88.416283416408476, 22.527637207139723 ], [ 88.416303270305804, 22.527610239611686 ], [ 88.416302885080327, 22.527578054718902 ], [ 88.416316942604681, 22.52754844705359 ], [ 88.416339710715135, 22.527524140626653 ], [ 88.416371189409332, 22.527505135434527 ], [ 88.416468732301993, 22.527466873371296 ], [ 88.416468058094949, 22.527410549811965 ], [ 88.416487976136054, 22.527388946412408 ] ] ] } },
{ "type": "Feature", "properties": { "source": "KMC ward sewerage network map (ArcMap GeoPDF), water raster", "extraction_method": "geopdf_raster_polygonised", "wards": "101,102,105,106,107,108,109" }, "geometry": { "type": "Polygon", "coordinates": [ [ [ 88.416893689543798, 22.527571072861058 ], [ 88.416936632452362, 22.527546619494753 ], [ 88.416947486563117, 22.527490212025246 ], [ 88.416941369051131, 22.527460751176129 ], [ 88.416924076290044, 22.527460877058655 ], [ 88.416903772947819, 22.527450295624348 ], [ 88.416880780160525, 22.527455827609369 ], [ 88.416884593570131, 22.527533586768289 ], [ 88.416873321960892, 22.527555127276312 ], [ 88.416893689543798, 22.527571072861058 ] ] ] } },
{ "type": "Feature", "properties": { "source": "KMC ward sewerage network map (ArcMap GeoPDF), water raster", "extraction_method": "geopdf_raster_polygonised", "wards": "101,102,105,106,107,108,109" }, "geometry": { "type": "Polygon", "coordinates": [ [ [ 88.417447411640353, 22.527596546584245 ], [ 88.417459550521542, 22.527647422011906 ], [ 88.417482800311902, 22.527663346527635 ], [ 88.417517514378844, 22.527673822929788 ], [ 88.417564046112915, 22.527708354012464 ], [ 88.417599081469646, 22.527745651124178 ], [ 88.417616856176963, 22.527785756258922 ], [ 88.417700052473236, 22.527752962567615 ], [ 88.418024640753529, 22.527659399404357 ], [ 88.418130797485347, 22.527618391279137 ], [ 88.41813553334336, 22.52753252296397 ], [ 88.418128515738303, 22.527427964149876 ], [ 88.418113012464289, 22.527336878699714 ], [ 88.417983798946082, 22.527378054798668 ], [ 88.417550557885804, 22.527544831533188 ], [ 88.417447411640353, 22.527596546584245 ] ] ] } },
{ "type": "Feature", "properties": { "source": "KMC ward sewerage network map (ArcMap GeoPDF), water raster", "extraction_method": "geopdf_raster_polygonised", "wards": "101,102,105,106,107,108,109" }, "geometry": { "type": "Polygon", "coordinates": [ [ [ 88.413265085775876, 22.527597445597529 ], [ 88.413267551344404, 22.52756255766835 ], [ 88.413255766464772, 22.527541184703182 ], [ 88.413203279268842, 22.527490601674643 ], [ 88.413151304768689, 22.527482931877874 ], [ 88.413128439957447, 22.527499191647401 ], [ 88.413080404903056, 22.527580009497516 ], [ 88.413063208217636, 22.527588181200791 ], [ 88.413042905121429, 22.527577599265275 ], [ 88.413016933876563, 22.52757510538293 ], [ 88.413005501455928, 22.527583235259225 ], [ 88.413014756592943, 22.527634132016221 ], [ 88.412994741837963, 22.527647688779748 ], [ 88.412986415813265, 22.527674572293115 ], [ 88.412998168626686, 22.527693263200895 ], [ 88.413078996606117, 22.527703406007397 ], [ 88.413139873926752, 22.527732469710219 ], [ 88.41317192989537, 22.52776174252519 ], [ 88.413198509983303, 22.527815195863152 ], [ 88.413221663221975, 22.527823074784003 ], [ 88.413244592159344, 22.527812179155625 ], [ 88.413258458110832, 22.527766479255863 ], [ 88.413258105631627, 22.52773697639816 ], [ 88.413249331047012, 22.527726310830708 ], [ 88.413254390365452, 22.527667263285185 ], [ 88.413231141022976, 22.527651338133552 ], [ 88.413230820594194, 22.527624517353104 ], [ 88.413245006966051, 22.527605638234657 ], [ 88.413265085775876, 22.527597445597529 ] ] ] } },
{ "type": "Feature", "properties": { "source": "KMC ward sewerage network map (ArcMap GeoPDF), water raster", "extraction_method": "geopdf_raster_polygonised", "wards": "101,102,105,106,107,108,109" }, "geometry": { "type": "Polygon", "coordinates": [ [ [ 88.413878021450543, 22.527753935116287 ], [ 88.413794375378245, 22.527749177794998 ], [ 88.413785568699623, 22.527735830181612 ], [ 88.413785344323699, 22.527717055640139 ], [ 88.413808080870396, 22.527690067470431 ], [ 88.413804365331529, 22.527620354383874 ], [ 88.413783933965533, 22.527599044235476 ], [ 88.413743327673842, 22.52757788054944 ], [ 88.413714538394174, 22.527580771858737 ], [ 88.413703106016897, 22.527588901782519 ], [ 88.413683475959473, 22.527634643558123 ], [ 88.413651996837785, 22.527653648244467 ], [ 88.413628971809501, 22.52765649769545 ], [ 88.413620197203045, 22.527645832149343 ], [ 88.413602968494814, 22.527651321831442 ], [ 88.413626410180115, 22.527683339392539 ], [ 88.413647803068201, 22.527785111886711 ], [ 88.413673998719389, 22.527806380206808 ], [ 88.413674255132833, 22.527827836826457 ], [ 88.413665768975235, 22.527841309980943 ], [ 88.413622665096909, 22.5278523521201 ], [ 88.413614114831617, 22.527860461117118 ], [ 88.413608542856153, 22.527876595424974 ], [ 88.413612194210174, 22.527940944363618 ], [ 88.413632849962198, 22.527981029073896 ], [ 88.41363614876937, 22.528015875158726 ], [ 88.413644955453492, 22.528029222779661 ], [ 88.41365952642515, 22.528042528555233 ], [ 88.41369424034923, 22.528053005791772 ], [ 88.413725911869832, 22.528050093557624 ], [ 88.413751562675131, 22.528025766547277 ], [ 88.413751113927063, 22.527988217465055 ], [ 88.413762482225621, 22.527974723382112 ], [ 88.413820189161669, 22.5279796690422 ], [ 88.413837353789816, 22.527968815180973 ], [ 88.413906589289184, 22.527973677107489 ], [ 88.413938036386028, 22.527951990293015 ], [ 88.413904409465076, 22.527791295860641 ], [ 88.413878021450543, 22.527753935116287 ] ] ] } },
{ "type": "Feature", "properties": { "source": "KMC ward sewerage network map (ArcMap GeoPDF), water raster", "extraction_method": "geopdf_raster_polygonised", "wards": "101,102,105,106,107,108,109" }, "geometry": { "type": "Polygon", "coordinates": [ [ [ 88.415033661696341, 22.527737493400405 ], [ 88.41497569823072, 22.527711091564967 ], [ 88.414946876886276, 22.527711301018854 ], [ 88.414889843621822, 22.527762679355835 ], [ 88.41484174539336, 22.527838133529194 ], [ 88.414831146993023, 22.527915997508039 ], [ 88.414838322542479, 22.528033966966198 ], [ 88.414853887942016, 22.528130416982602 ], [ 88.414866025942928, 22.528181292649101 ], [ 88.414883671639785, 22.528210669817874 ], [ 88.414892767135257, 22.528248156046207 ], [ 88.414904424022026, 22.528258800570242 ], [ 88.414956591340655, 22.528282562234747 ], [ 88.415066305372605, 22.528297858706669 ], [ 88.415103773276613, 22.528297586379711 ], [ 88.415169741831633, 22.528270283793912 ], [ 88.415233149038059, 22.528269822887683 ], [ 88.415256077872215, 22.528258926977529 ], [ 88.415278525454269, 22.52820779993316 ], [ 88.415278076290022, 22.528170250877253 ], [ 88.415235961756636, 22.528023030041297 ], [ 88.415152502906935, 22.52779295813184 ], [ 88.415102961249474, 22.527747718967582 ], [ 88.415033661696341, 22.527737493400405 ] ] ] } },
{ "type": "Feature", "properties": { "source": "KMC ward sewerage network map (ArcMap GeoPDF), water raster", "extraction_method": "geopdf_raster_polygonised", "wards": "101,102,105,106,107,108,109" }, "geometry": { "type": "Polygon", "coordinates": [ [ [ 88.417200176100351, 22.528132126060541 ], [ 88.417204471535442, 22.528250116292092 ], [ 88.417231535056487, 22.528343799971836 ], [ 88.41729218858552, 22.528354087531341 ], [ 88.417406896139994, 22.528304970666611 ], [ 88.417361961439241, 22.528163135643197 ], [ 88.417372686914888, 22.528095999863766 ], [ 88.417279848137966, 22.528045712096223 ], [ 88.417256694665909, 22.528037833773325 ], [ 88.417222109004527, 22.528038085611666 ], [ 88.417204912534075, 22.528046257747569 ], [ 88.417211319217571, 22.528099857238743 ], [ 88.417200176100351, 22.528132126060541 ] ] ] } },
{ "type": "Feature", "properties": { "source": "KMC ward sewerage network map (ArcMap GeoPDF), water raster", "extraction_method": "geopdf_raster_polygonised", "wards": "101,102,105,106,107,108,109" }, "geometry": { "type": "Polygon", "coordinates": [ [ [ 88.413502643046428, 22.528180465166653 ], [ 88.413484997636971, 22.528151087831127 ], [ 88.413424568725404, 22.528159573360522 ], [ 88.413272616113289, 22.528227733905755 ], [ 88.413255483450811, 22.528241269788115 ], [ 88.413250135729058, 22.528276178630399 ], [ 88.413227623286204, 22.528321941274601 ], [ 88.413207768675463, 22.528348908456685 ], [ 88.413173407176785, 22.528367933974078 ], [ 88.413218177528194, 22.52849635999134 ], [ 88.413278638647313, 22.528490556609349 ], [ 88.413350275860225, 22.528455166681962 ], [ 88.413473791752907, 22.52841940018164 ], [ 88.413496656665913, 22.528403140359138 ], [ 88.41350498262554, 22.528376256824536 ], [ 88.413489962946954, 22.528325401951538 ], [ 88.413489546312576, 22.528290534943885 ], [ 88.413503604514517, 22.528260927492418 ], [ 88.413502643046428, 22.528180465166653 ] ] ] } },
{ "type": "Feature", "properties": { "source": "KMC ward sewerage network map (ArcMap GeoPDF), water raster", "extraction_method": "geopdf_raster_polygonised", "wards": "101,102,105,106,107,108,109" }, "geometry": { "type": "Polygon", "coordinates": [ [ [ 88.414503769650366, 22.528017621533799 ], [ 88.414622138281374, 22.528515671100919 ], [ 88.414742753047477, 22.529201465810264 ], [ 88.414811416454711, 22.529399457701185 ], [ 88.415010537799049, 22.529178061279321 ], [ 88.415010757387478, 22.528955428069505 ], [ 88.414921084862755, 22.528687848910863 ], [ 88.41479964492018, 22.5284151359029 ], [ 88.414700845695762, 22.528107388252248 ], [ 88.414634295643594, 22.527845005471665 ], [ 88.414590834997739, 22.527585137211499 ], [ 88.414458321041721, 22.527591464486701 ], [ 88.414503769650366, 22.528017621533799 ] ] ] } },
{ "type": "Feature", "properties": { "source": "KMC ward sewerage network map (ArcMap GeoPDF), water raster", "extraction_method": "geopdf_raster_polygonised", "wards": "101,102,105,106,107,108,109" }, "geometry": { "type": "Polygon", "coordinates": [ [ [ 88.413286652016737, 22.529402483891261 ], [ 88.413260231784633, 22.529362440982581 ], [ 88.413239896361986, 22.529349177010804 ], [ 88.413159291717392, 22.529357808879801 ], [ 88.413127748054691, 22.529371449328202 ], [ 88.413117020447871, 22.529438584924801 ], [ 88.4131388298822, 22.52957522447814 ], [ 88.41313389866815, 22.529645000322514 ], [ 88.413139791197295, 22.529655686802879 ], [ 88.413168645011595, 22.529658159729369 ], [ 88.413183248165168, 22.529674147616461 ], [ 88.413183472478636, 22.529692922158382 ], [ 88.413198139727939, 22.529714274198575 ], [ 88.413227089691915, 22.529724793345956 ], [ 88.413273140451622, 22.529719094521166 ], [ 88.413296069688741, 22.529708198872072 ], [ 88.413327100646754, 22.52965164515216 ], [ 88.413358676397678, 22.529640686740091 ], [ 88.413357618812526, 22.52955217819126 ], [ 88.413340005288816, 22.529525482929316 ], [ 88.413336482164993, 22.529471862301662 ], [ 88.413318932750471, 22.529450531191088 ], [ 88.413312815889043, 22.52942107017585 ], [ 88.413286652016737, 22.529402483891261 ] ] ] } },
{ "type": "Feature", "properties": { "source": "KMC ward sewerage network map (ArcMap GeoPDF), water raster", "extraction_method": "geopdf_raster_polygonised", "wards": "101,102,105,106,107,108,109" }, "geometry": { "type": "Polygon", "coordinates": [ [ [ 88.415953956301962, 22.529973211647999 ], [ 88.416261482734342, 22.529898552047655 ], [ 88.416408634356486, 22.529910892827143 ], [ 88.416495067595335, 22.52990758152114 ], [ 88.416722085275907, 22.529849600784242 ], [ 88.417653468339523, 22.529638963340179 ], [ 88.418601819778345, 22.529401373860097 ], [ 88.419743014940138, 22.529140913325918 ], [ 88.420400872804024, 22.528956396898359 ], [ 88.420506965339001, 22.528910023058835 ], [ 88.420639254663627, 22.528884916270606 ], [ 88.420581661377142, 22.528649294116494 ], [ 88.420566735668018, 22.528606486247615 ], [ 88.42055520708324, 22.528606570434068 ], [ 88.419465510895378, 22.528834473116255 ], [ 88.417815846306283, 22.529238116781631 ], [ 88.416433603220668, 22.529588834265745 ], [ 88.415804429550946, 22.529762396960763 ], [ 88.415646134513366, 22.529782324350681 ], [ 88.415573438276994, 22.529729206840035 ], [ 88.415394577258084, 22.529475688105599 ], [ 88.415060336609315, 22.529244757042235 ], [ 88.415046214499924, 22.529269000463632 ], [ 88.414892502132318, 22.529431056140616 ], [ 88.414886898178523, 22.529444508409838 ], [ 88.4149544712471, 22.529551309655307 ], [ 88.41527628540527, 22.529707226617347 ], [ 88.415361216143111, 22.529819266095721 ], [ 88.415364258756199, 22.529832655514753 ], [ 88.414709238996878, 22.530014448866435 ], [ 88.413266132367738, 22.53033875894171 ], [ 88.41167804383241, 22.530591684826739 ], [ 88.411724510625291, 22.530862261435342 ], [ 88.4126359265193, 22.530667891028163 ], [ 88.413119110396948, 22.53057855147285 ], [ 88.413696989235902, 22.530453652981887 ], [ 88.414689260684383, 22.530272095656631 ], [ 88.414901868925526, 22.530214222136713 ], [ 88.415333137979133, 22.530122571043421 ], [ 88.415407785967588, 22.53009788753446 ], [ 88.415778656829275, 22.530017403639366 ], [ 88.415862175891405, 22.530011431557565 ], [ 88.415953956301962, 22.529973211647999 ] ] ] } },
{ "type": "Feature", "properties": { "source": "KMC ward sewerage network map (ArcMap GeoPDF), water raster", "extraction_method": "geopdf_raster_polygonised", "wards": "101,102,105,106,107,108,109" }, "geometry": { "type": "Polygon", "coordinates": [ [ [ 88.417719814539026, 22.485400841977661 ], [ 88.417712267512442, 22.485387141736275 ], [ 88.417660428036797, 22.485387593684951 ], [ 88.417642090662568, 22.485404961100301 ], [ 88.417620297874095, 22.48544644920727 ], [ 88.417613210330117, 22.485477484584898 ], [ 88.417595014314216, 22.485508616803003 ], [ 88.417595191033996, 22.485525822812242 ], [ 88.417628834548864, 22.485556503103549 ], [ 88.417706841284883, 22.485579913596261 ], [ 88.417714246934423, 22.485579849030515 ], [ 88.417713822770764, 22.485538554610731 ], [ 88.417728315939982, 22.485507454663708 ], [ 88.417802230998745, 22.485493044176987 ], [ 88.417802054253642, 22.485475838169233 ], [ 88.417794613261094, 22.485472461537153 ], [ 88.417790521603791, 22.485434640604392 ], [ 88.417779271748003, 22.485420972651092 ], [ 88.417719814539026, 22.485400841977661 ] ] ] } },
{ "type": "Feature", "properties": { "source": "KMC ward sewerage network map (ArcMap GeoPDF), water raster", "extraction_method": "geopdf_raster_polygonised", "wards": "101,102,105,106,107,108,109" }, "geometry": { "type": "Polygon", "coordinates": [ [ [ 88.420993358532343, 22.519242125456461 ], [ 88.421001922215439, 22.519475423591949 ], [ 88.421028213824542, 22.5195047369732 ], [ 88.421042687973411, 22.519509995889155 ], [ 88.421043202892449, 22.519552909032118 ], [ 88.421066805665006, 22.519598335879532 ], [ 88.421098507210644, 22.519598104369887 ], [ 88.421135811751483, 22.519584420403028 ], [ 88.421219517285479, 22.519594538295394 ], [ 88.421212661779805, 22.519023257107989 ], [ 88.420964782176256, 22.519022384977358 ], [ 88.420947715754167, 22.519041285740084 ], [ 88.420954895574496, 22.519159254807505 ], [ 88.420984326507394, 22.519210003729988 ], [ 88.420993358532343, 22.519242125456461 ] ] ] } },
{ "type": "Feature", "properties": { "source": "KMC ward sewerage network map (ArcMap GeoPDF), water raster", "extraction_method": "geopdf_raster_polygonised", "wards": "101,102,105,106,107,108,109" }, "geometry": { "type": "Polygon", "coordinates": [ [ [ 88.418844396497178, 22.519579680093518 ], [ 88.418826815473267, 22.519555667463415 ], [ 88.418823612116341, 22.519528867728457 ], [ 88.41879187841694, 22.51952641671523 ], [ 88.418772347469869, 22.519580205233577 ], [ 88.418815994700779, 22.51961475711639 ], [ 88.418844621477874, 22.519598454611831 ], [ 88.418844396497178, 22.519579680093518 ] ] ] } },
{ "type": "Feature", "properties": { "source": "KMC ward sewerage network map (ArcMap GeoPDF), water raster", "extraction_method": "geopdf_raster_polygonised", "wards": "101,102,105,106,107,108,109" }, "geometry": { "type": "Polygon", "coordinates": [ [ [ 88.420931206985415, 22.519827322108721 ], [ 88.420899762826025, 22.51984901016014 ], [ 88.420850994689744, 22.519868142390113 ], [ 88.420877929943657, 22.519951097222467 ], [ 88.420975852430857, 22.519945017586437 ], [ 88.421053375863067, 22.519920310716728 ], [ 88.421110693327762, 22.519893069071124 ], [ 88.421090262103519, 22.519871759829794 ], [ 88.421089940265475, 22.51984493911711 ], [ 88.421081101272449, 22.519828909829322 ], [ 88.421054938319443, 22.519810324746917 ], [ 88.420997266874167, 22.519808063586435 ], [ 88.420931206985415, 22.519827322108721 ] ] ] } },
{ "type": "Feature", "properties": { "source": "KMC ward sewerage network map (ArcMap GeoPDF), water raster", "extraction_method": "geopdf_raster_polygonised", "wards": "101,102,105,106,107,108,109" }, "geometry": { "type": "Polygon", "coordinates": [ [ [ 88.42039673803427, 22.519962656907836 ], [ 88.420397477958488, 22.520024344565059 ], [ 88.420409424053886, 22.520059127362849 ], [ 88.420438597631232, 22.520088419804299 ], [ 88.420450415055925, 22.520112474310167 ], [ 88.420451412384182, 22.520195618540146 ], [ 88.420464291506491, 22.520308181416315 ], [ 88.420527855805261, 22.520321128970345 ], [ 88.420654791377657, 22.52033093157139 ], [ 88.420905587498368, 22.520334465086336 ], [ 88.420914233420888, 22.520334401954266 ], [ 88.420905541023302, 22.520090375547706 ], [ 88.420872069471955, 22.519943093093953 ], [ 88.420845262939693, 22.519870866546498 ], [ 88.420799344574291, 22.519887295647525 ], [ 88.420511405432464, 22.519910856122127 ], [ 88.420430999926936, 22.51993558377054 ], [ 88.420402405456414, 22.519954568622676 ], [ 88.42039673803427, 22.519962656907836 ] ] ] } },
{ "type": "Feature", "properties": { "source": "KMC ward sewerage network map (ArcMap GeoPDF), water raster", "extraction_method": "geopdf_raster_polygonised", "wards": "101,102,105,106,107,108,109" }, "geometry": { "type": "Polygon", "coordinates": [ [ [ 88.420919997369225, 22.520334359865963 ], [ 88.421228368581637, 22.520332107840758 ], [ 88.421223283069551, 22.519908340619718 ], [ 88.421148351979411, 22.519908887880945 ], [ 88.42111360747684, 22.519895730095165 ], [ 88.421056322194957, 22.519925653813136 ], [ 88.42097879876043, 22.519950360684369 ], [ 88.420880876269706, 22.519956440322375 ], [ 88.420911304961535, 22.520090333460228 ], [ 88.420919997369225, 22.520334359865963 ] ] ] } },
{ "type": "Feature", "properties": { "source": "KMC ward sewerage network map (ArcMap GeoPDF), water raster", "extraction_method": "geopdf_raster_polygonised", "wards": "101,102,105,106,107,108,109" }, "geometry": { "type": "Polygon", "coordinates": [ [ [ 88.419229938188295, 22.520244764129501 ], [ 88.419243737235121, 22.520193699665807 ], [ 88.419286195247921, 22.52012901468947 ], [ 88.419302715487589, 22.520064518840268 ], [ 88.419370403841043, 22.519940639095456 ], [ 88.419361565034038, 22.519924609703502 ], [ 88.419278277313524, 22.519949357802787 ], [ 88.418789274713589, 22.520030709652232 ], [ 88.418757765872513, 22.520047033156246 ], [ 88.418875026909802, 22.520692614695701 ], [ 88.418883705004419, 22.520695233745155 ], [ 88.419004651900266, 22.520686305137335 ], [ 88.41901320141703, 22.520678195885782 ], [ 88.419012912113445, 22.520654057224437 ], [ 88.419032893123983, 22.52063781770952 ], [ 88.419052391947076, 22.520581347090477 ], [ 88.419080986740326, 22.520562362463483 ], [ 88.419157096417564, 22.520419645244885 ], [ 88.419201761403059, 22.520298615733289 ], [ 88.419229938188295, 22.520244764129501 ] ] ] } },
{ "type": "Feature", "properties": { "source": "KMC ward sewerage network map (ArcMap GeoPDF), water raster", "extraction_method": "geopdf_raster_polygonised", "wards": "101,102,105,106,107,108,109" }, "geometry": { "type": "Polygon", "coordinates": [ [ [ 88.420506215633054, 22.520439308424997 ], [ 88.420569715646337, 22.52044689181557 ], [ 88.420705232911644, 22.520451267113071 ], [ 88.420800563398785, 22.520469347248856 ], [ 88.420815230719114, 22.52049069860827 ], [ 88.420821895701494, 22.520565754521439 ], [ 88.420833681056564, 22.520587126920926 ], [ 88.420851101654378, 22.520597728947653 ], [ 88.420905923630613, 22.520602693259001 ], [ 88.420969327183983, 22.520602230273248 ], [ 88.421164625880351, 22.520544475578774 ], [ 88.42122952732106, 22.520428662394188 ], [ 88.4212284329559, 22.520337471982661 ], [ 88.42065197375527, 22.520336316754086 ], [ 88.420525038177985, 22.520326514151062 ], [ 88.420467237825477, 22.520313524524006 ], [ 88.420476881100427, 22.520396605642485 ], [ 88.420491709229623, 22.520431367393527 ], [ 88.420506215633054, 22.520439308424997 ] ] ] } },
{ "type": "Feature", "properties": { "source": "KMC ward sewerage network map (ArcMap GeoPDF), water raster", "extraction_method": "geopdf_raster_polygonised", "wards": "101,102,105,106,107,108,109" }, "geometry": { "type": "Polygon", "coordinates": [ [ [ 88.418699376068275, 22.520465898801621 ], [ 88.418713336023558, 22.520428244743201 ], [ 88.418712886081778, 22.52039069570823 ], [ 88.418701197477475, 22.520377369357103 ], [ 88.418675323953323, 22.520382922543774 ], [ 88.418638500985267, 22.520436837072747 ], [ 88.418610002561991, 22.520463867845283 ], [ 88.418558448285424, 22.52049106663171 ], [ 88.41848153457893, 22.520566731746193 ], [ 88.418473081438805, 22.520582887193317 ], [ 88.418473627722662, 22.52062848245383 ], [ 88.418488519659206, 22.520668608561273 ], [ 88.418514714597535, 22.520689876142445 ], [ 88.418523617634463, 22.520711269730061 ], [ 88.418570050756102, 22.520737754436002 ], [ 88.418622151454443, 22.520756150898833 ], [ 88.418679726890858, 22.520750366670356 ], [ 88.418722731697827, 22.520731277079715 ], [ 88.418768136374737, 22.520671935365577 ], [ 88.418776493063632, 22.520647733683305 ], [ 88.41877873224162, 22.520594071201561 ], [ 88.418769347075013, 22.520532446522214 ], [ 88.418749012510887, 22.520519183193155 ], [ 88.418711514623368, 22.520516774186952 ], [ 88.418699793869294, 22.520500765762549 ], [ 88.418699376068275, 22.520465898801621 ] ] ] } },
{ "type": "Feature", "properties": { "source": "KMC ward sewerage network map (ArcMap GeoPDF), water raster", "extraction_method": "geopdf_raster_polygonised", "wards": "101,102,105,106,107,108,109" }, "geometry": { "type": "Polygon", "coordinates": [ [ [ 88.420629152610871, 22.521076799930139 ], [ 88.420606482805582, 22.521109153104042 ], [ 88.420604340867555, 22.521170861786153 ], [ 88.420627525509374, 22.521181421754445 ], [ 88.420774667998316, 22.521193759009755 ], [ 88.420921681775752, 22.521195367845088 ], [ 88.420987935407339, 22.521192201721945 ], [ 88.421001347665992, 22.52110895229039 ], [ 88.421000800541606, 22.521063357083978 ], [ 88.420966216671161, 22.521063609637441 ], [ 88.420923179925893, 22.521080017745199 ], [ 88.42088574624205, 22.521082973397707 ], [ 88.42083675241615, 22.521083331144915 ], [ 88.420799190008822, 22.521075558492637 ], [ 88.420629152610871, 22.521076799930139 ] ] ] } },
{ "type": "Feature", "properties": { "source": "KMC ward sewerage network map (ArcMap GeoPDF), water raster", "extraction_method": "geopdf_raster_polygonised", "wards": "101,102,105,106,107,108,109" }, "geometry": { "type": "Polygon", "coordinates": [ [ [ 88.418161631228955, 22.521290603520779 ], [ 88.418153306528183, 22.521317487251046 ], [ 88.418188179671574, 22.521341373966813 ], [ 88.418194136448221, 22.521357424419346 ], [ 88.418217096046433, 22.521349210223068 ], [ 88.418331508403568, 22.521275954305473 ], [ 88.418474226426511, 22.521159575117817 ], [ 88.418439321150714, 22.521133006389704 ], [ 88.418387477395967, 22.52113606646715 ], [ 88.418367592636173, 22.521160352130817 ], [ 88.41830460647266, 22.521195681069131 ], [ 88.418216132135555, 22.521268747996505 ], [ 88.418161631228955, 22.521290603520779 ] ] ] } },
{ "type": "Feature", "properties": { "source": "KMC ward sewerage network map (ArcMap GeoPDF), water raster", "extraction_method": "geopdf_raster_polygonised", "wards": "101,102,105,106,107,108,109" }, "geometry": { "type": "Polygon", "coordinates": [ [ [ 88.419648644866257, 22.521271716579829 ], [ 88.419639805934196, 22.521255687211745 ], [ 88.419553410399658, 22.521261682001999 ], [ 88.419513223245062, 22.521275386650629 ], [ 88.419361184837271, 22.521335506242441 ], [ 88.41930690916881, 22.521376136656677 ], [ 88.419290067299031, 22.521413811775119 ], [ 88.419313637714467, 22.521456556809881 ], [ 88.419403751378098, 22.52152027501478 ], [ 88.419449927696206, 22.521525302860251 ], [ 88.419487393704387, 22.521525029606799 ], [ 88.419504589241399, 22.521516857269056 ], [ 88.419512720752422, 22.521473881046706 ], [ 88.419521270283653, 22.521465771767961 ], [ 88.419601548218708, 22.521430316234518 ], [ 88.419641060089859, 22.52136028803994 ], [ 88.419640577721509, 22.521320056952352 ], [ 88.419649030761931, 22.521303901450011 ], [ 88.419648644866257, 22.521271716579829 ] ] ] } },
{ "type": "Feature", "properties": { "source": "KMC ward sewerage network map (ArcMap GeoPDF), water raster", "extraction_method": "geopdf_raster_polygonised", "wards": "101,102,105,106,107,108,109" }, "geometry": { "type": "Polygon", "coordinates": [ [ [ 88.418192003155482, 22.521660540794965 ], [ 88.418209295185392, 22.521660414813319 ], [ 88.418235907986272, 22.52171654939281 ], [ 88.418256178423988, 22.521724448630216 ], [ 88.4182792344738, 22.521724280644541 ], [ 88.418442930386391, 22.521674806322281 ], [ 88.418488496152122, 22.52162887504074 ], [ 88.418359310098324, 22.521431325607512 ], [ 88.418321972627808, 22.521442326893343 ], [ 88.418287838471002, 22.521480127913367 ], [ 88.418247715373198, 22.521499196403514 ], [ 88.418135445824831, 22.521510743568186 ], [ 88.418170833092958, 22.521577543471967 ], [ 88.418192003155482, 22.521660540794965 ] ] ] } },
{ "type": "Feature", "properties": { "source": "KMC ward sewerage network map (ArcMap GeoPDF), water raster", "extraction_method": "geopdf_raster_polygonised", "wards": "101,102,105,106,107,108,109" }, "geometry": { "type": "Polygon", "coordinates": [ [ [ 88.418123188454175, 22.521690547519299 ], [ 88.418168914985472, 22.521658026693451 ], [ 88.418186207015211, 22.521657900714303 ], [ 88.418165069086342, 22.521577585464517 ], [ 88.418132628080912, 22.521516128712275 ], [ 88.418035154042997, 22.521559755721608 ], [ 88.418032464802863, 22.521575869161563 ], [ 88.418044571110485, 22.521624062523678 ], [ 88.418091582776682, 22.521698824690358 ], [ 88.418123188454175, 22.521690547519299 ] ] ] } },
{ "type": "Feature", "properties": { "source": "KMC ward sewerage network map (ArcMap GeoPDF), water raster", "extraction_method": "geopdf_raster_polygonised", "wards": "101,102,105,106,107,108,109" }, "geometry": { "type": "Polygon", "coordinates": [ [ [ 88.42098720670748, 22.521852054287482 ], [ 88.42094682644553, 22.521849666870065 ], [ 88.420929276944548, 22.52182833658058 ], [ 88.420934011083702, 22.521742468222591 ], [ 88.420959949113652, 22.521742278806862 ], [ 88.420983262614911, 22.521763566999926 ], [ 88.421032288862975, 22.521765891266472 ], [ 88.421049773999243, 22.521781857403134 ], [ 88.421064634623292, 22.521819301151218 ], [ 88.421076162642379, 22.521819216957287 ], [ 88.421101971938114, 22.521808299235495 ], [ 88.421107381892071, 22.521778754360714 ], [ 88.421104017087529, 22.521738544350544 ], [ 88.421083585575857, 22.521717235127067 ], [ 88.420991490227294, 22.521728636939283 ], [ 88.420953444880951, 22.521680633270929 ], [ 88.420910247032779, 22.521683631029628 ], [ 88.420887319745106, 22.521694527675365 ], [ 88.420853186261098, 22.521732329205584 ], [ 88.420836473509254, 22.52178073274855 ], [ 88.420790554524785, 22.521797161875927 ], [ 88.420710598514574, 22.521859438706834 ], [ 88.420713963210744, 22.521899648730372 ], [ 88.420757740377582, 22.521944928298339 ], [ 88.420804817938333, 22.522025053730378 ], [ 88.420827970558378, 22.522032931589699 ], [ 88.420879717997735, 22.522021824499465 ], [ 88.420902548789044, 22.522002881640095 ], [ 88.420910872982375, 22.521975997795135 ], [ 88.420936521402325, 22.521951669744162 ], [ 88.421011099563913, 22.521921619747413 ], [ 88.421028166307437, 22.521902718966697 ], [ 88.421027844453249, 22.521875898260063 ], [ 88.421019101879551, 22.52186791519113 ], [ 88.42098720670748, 22.521852054287482 ] ] ] } },
{ "type": "Feature", "properties": { "source": "KMC ward sewerage network map (ArcMap GeoPDF), water raster", "extraction_method": "geopdf_raster_polygonised", "wards": "101,102,105,106,107,108,109" }, "geometry": { "type": "Polygon", "coordinates": [ [ [ 88.419003722045474, 22.522051606491722 ], [ 88.41908685032088, 22.522013448108595 ], [ 88.419141190594317, 22.521978181901314 ], [ 88.419102952897887, 22.521914085329787 ], [ 88.41909055686466, 22.521841753412257 ], [ 88.419032530948797, 22.521809988786416 ], [ 88.418926893173733, 22.521893910463731 ], [ 88.418901340825983, 22.521926284431764 ], [ 88.418907458435484, 22.521955745217131 ], [ 88.419003722045474, 22.522051606491722 ] ] ] } },
{ "type": "Feature", "properties": { "source": "KMC ward sewerage network map (ArcMap GeoPDF), water raster", "extraction_method": "geopdf_raster_polygonised", "wards": "101,102,105,106,107,108,109" }, "geometry": { "type": "Polygon", "coordinates": [ [ [ 88.420663502939007, 22.522018038608834 ], [ 88.420602047598209, 22.52194070040397 ], [ 88.42059887599558, 22.521916582803705 ], [ 88.420560541136794, 22.521844440398162 ], [ 88.420537324209931, 22.521831198355247 ], [ 88.420485512456949, 22.521836941190728 ], [ 88.420376671860723, 22.521894064099211 ], [ 88.420253228106205, 22.521935199679518 ], [ 88.420241957436104, 22.521956740387708 ], [ 88.420242279139771, 22.521983561103475 ], [ 88.420271710480193, 22.522034310121612 ], [ 88.420272193046074, 22.522074541194304 ], [ 88.42026390089336, 22.522104107084097 ], [ 88.420269954456614, 22.522128203658752 ], [ 88.420290514600069, 22.522160241273635 ], [ 88.420325356131329, 22.52218144542255 ], [ 88.420351294249912, 22.522181256100666 ], [ 88.420374221662257, 22.522170359525639 ], [ 88.420396859508458, 22.522135324305516 ], [ 88.420448735726509, 22.522134945635404 ], [ 88.420486394935097, 22.522150764568401 ], [ 88.420535324792127, 22.522145042766102 ], [ 88.420561037664342, 22.522126078912752 ], [ 88.420656144050184, 22.522125384574789 ], [ 88.420663502939007, 22.522018038608834 ] ] ] } },
{ "type": "Feature", "properties": { "source": "KMC ward sewerage network map (ArcMap GeoPDF), water raster", "extraction_method": "geopdf_raster_polygonised", "wards": "101,102,105,106,107,108,109" }, "geometry": { "type": "Polygon", "coordinates": [ [ [ 88.421093501658419, 22.522063180135589 ], [ 88.421110793717133, 22.522063053839709 ], [ 88.421127957025405, 22.522052199260024 ], [ 88.421150659033586, 22.52202252808512 ], [ 88.421141819880148, 22.522006498812374 ], [ 88.421086643289598, 22.521972031835084 ], [ 88.42106640486152, 22.521966815035206 ], [ 88.421034863703412, 22.521980456919493 ], [ 88.421023625340041, 22.522004679746875 ], [ 88.421026700462107, 22.522020751122756 ], [ 88.421093501658419, 22.522063180135589 ] ] ] } },
{ "type": "Feature", "properties": { "source": "KMC ward sewerage network map (ArcMap GeoPDF), water raster", "extraction_method": "geopdf_raster_polygonised", "wards": "101,102,105,106,107,108,109" }, "geometry": { "type": "Polygon", "coordinates": [ [ [ 88.418809630798449, 22.521969869890714 ], [ 88.418758268874072, 22.522013161202981 ], [ 88.418715167263244, 22.522024204600232 ], [ 88.418669858575811, 22.522091592533958 ], [ 88.41864696316766, 22.52210517094592 ], [ 88.418638509964367, 22.522121326402583 ], [ 88.41864449897065, 22.522140058905958 ], [ 88.418696793059382, 22.52217454775413 ], [ 88.41871408514956, 22.522174421714961 ], [ 88.418748347911389, 22.522147348898095 ], [ 88.418817130539054, 22.522114659830144 ], [ 88.418886170287948, 22.5221034273196 ], [ 88.418966898805678, 22.522105521101224 ], [ 88.418986719289109, 22.522075871218622 ], [ 88.418986558557734, 22.522062460853395 ], [ 88.418893112672848, 22.521961214412425 ], [ 88.418846936219495, 22.521956186413874 ], [ 88.418809630798449, 22.521969869890714 ] ] ] } },
{ "type": "Feature", "properties": { "source": "KMC ward sewerage network map (ArcMap GeoPDF), water raster", "extraction_method": "geopdf_raster_polygonised", "wards": "101,102,105,106,107,108,109" }, "geometry": { "type": "Polygon", "coordinates": [ [ [ 88.419139723147424, 22.522096214121834 ], [ 88.419055598262915, 22.522051228272137 ], [ 88.419018389281007, 22.522072958016473 ], [ 88.418981501749428, 22.522121508483135 ], [ 88.418962034864137, 22.522180661168782 ], [ 88.418971002370071, 22.522207418865381 ], [ 88.419005747288637, 22.52222057709076 ], [ 88.419020446691036, 22.522244610686911 ], [ 88.419046513426466, 22.522255149866293 ], [ 88.419066912577009, 22.522273777286191 ], [ 88.419142166504216, 22.522300051655929 ], [ 88.419179954229563, 22.522326599190677 ], [ 88.419211656422959, 22.522326368020533 ], [ 88.419225970056971, 22.522318216723107 ], [ 88.419237305217749, 22.522302040222719 ], [ 88.419256707694302, 22.522237523364467 ], [ 88.41923051234356, 22.522216255928928 ], [ 88.419230190831925, 22.522189435201845 ], [ 88.419212577235811, 22.522162740569158 ], [ 88.419186478356892, 22.522149519343515 ], [ 88.419139723147424, 22.522096214121834 ] ] ] } },
{ "type": "Feature", "properties": { "source": "KMC ward sewerage network map (ArcMap GeoPDF), water raster", "extraction_method": "geopdf_raster_polygonised", "wards": "101,102,105,106,107,108,109" }, "geometry": { "type": "Polygon", "coordinates": [ [ [ 88.41957860520597, 22.52240147869923 ], [ 88.419578315782729, 22.522377340049157 ], [ 88.419549206182921, 22.522353411619815 ], [ 88.419525603371383, 22.52230798456343 ], [ 88.419490601137511, 22.522273369875151 ], [ 88.419444295946789, 22.52225761376496 ], [ 88.419380891597143, 22.522258076189011 ], [ 88.419303237928673, 22.522272054038318 ], [ 88.419288924304212, 22.522280205342174 ], [ 88.419287328384968, 22.522387509263144 ], [ 88.419354579430703, 22.522467488029143 ], [ 88.41937174293551, 22.522456633627641 ], [ 88.419368539373778, 22.522429833921745 ], [ 88.419379906680021, 22.522416339484369 ], [ 88.419423136967879, 22.522416024195696 ], [ 88.419451764224959, 22.522399721562532 ], [ 88.419497876525071, 22.522399385233889 ], [ 88.419549945807148, 22.522415099281947 ], [ 88.419567205763045, 22.522412291077377 ], [ 88.41957860520597, 22.52240147869923 ] ] ] } },
{ "type": "Feature", "properties": { "source": "KMC ward sewerage network map (ArcMap GeoPDF), water raster", "extraction_method": "geopdf_raster_polygonised", "wards": "101,102,105,106,107,108,109" }, "geometry": { "type": "Polygon", "coordinates": [ [ [ 88.42111425267062, 22.522591442761517 ], [ 88.421160204057159, 22.522577695602042 ], [ 88.421157032337106, 22.522553578020364 ], [ 88.42108171357016, 22.522521940479663 ], [ 88.420994480533679, 22.52245820224751 ], [ 88.420948239504654, 22.522447810723541 ], [ 88.420899245198797, 22.522448168514551 ], [ 88.420859315324535, 22.522483330073541 ], [ 88.420822685820127, 22.522553337497776 ], [ 88.42069748592516, 22.522688366961304 ], [ 88.42069223675982, 22.522731322179336 ], [ 88.420715646939229, 22.522760656614444 ], [ 88.420744595911003, 22.522771174463319 ], [ 88.420784944259395, 22.522770879846917 ], [ 88.420819399826968, 22.522759899028035 ], [ 88.420850490616942, 22.522708708188684 ], [ 88.420861503777786, 22.522665710876748 ], [ 88.420889680327491, 22.522611859006108 ], [ 88.420932492249278, 22.522576676391839 ], [ 88.420975690373211, 22.522573678613163 ], [ 88.42106237629676, 22.522591821654864 ], [ 88.42111425267062, 22.522591442761517 ] ] ] } },
{ "type": "Feature", "properties": { "source": "KMC ward sewerage network map (ArcMap GeoPDF), water raster", "extraction_method": "geopdf_raster_polygonised", "wards": "101,102,105,106,107,108,109" }, "geometry": { "type": "Polygon", "coordinates": [ [ [ 88.418771372211751, 22.522866039468152 ], [ 88.418771597214416, 22.522884813979378 ], [ 88.418795007032699, 22.522914148712928 ], [ 88.418927323250159, 22.522891725665414 ], [ 88.418917134153332, 22.52276304920106 ], [ 88.418862343495221, 22.522760766326734 ], [ 88.418842072872835, 22.522752867176244 ], [ 88.41882189868474, 22.522753014242092 ], [ 88.418807584981579, 22.522761165506676 ], [ 88.418808195714135, 22.522812124894028 ], [ 88.418796924750822, 22.52283366551395 ], [ 88.418774061381427, 22.522849926021475 ], [ 88.418771372211751, 22.522866039468152 ] ] ] } },
{ "type": "Feature", "properties": { "source": "KMC ward sewerage network map (ArcMap GeoPDF), water raster", "extraction_method": "geopdf_raster_polygonised", "wards": "101,102,105,106,107,108,109" }, "geometry": { "type": "Polygon", "coordinates": [ [ [ 88.418922833915275, 22.522757643033298 ], [ 88.418933055163052, 22.522889001569947 ], [ 88.418950958128661, 22.522939834884131 ], [ 88.418957525863775, 22.523006844679987 ], [ 88.419043247403039, 22.522944526627477 ], [ 88.419098038133114, 22.522946809436281 ], [ 88.419120965777225, 22.522935913029215 ], [ 88.419132236696271, 22.522914372389025 ], [ 88.419131432941256, 22.522847320574034 ], [ 88.419119133230438, 22.522783034889841 ], [ 88.419101165929234, 22.522726837450161 ], [ 88.419077627487326, 22.522686774471282 ], [ 88.419002759125718, 22.52269268495662 ], [ 88.418922833915275, 22.522757643033298 ] ] ] } },
{ "type": "Feature", "properties": { "source": "KMC ward sewerage network map (ArcMap GeoPDF), water raster", "extraction_method": "geopdf_raster_polygonised", "wards": "101,102,105,106,107,108,109" }, "geometry": { "type": "Polygon", "coordinates": [ [ [ 88.420849249935927, 22.522845514833833 ], [ 88.420852679079843, 22.522891088987471 ], [ 88.420884799772409, 22.522925724397744 ], [ 88.420928352040661, 22.52295222940111 ], [ 88.420974432309407, 22.52294921056971 ], [ 88.421028804604248, 22.522916625805141 ], [ 88.421042925058046, 22.522892381927182 ], [ 88.421048141930228, 22.522846744633512 ], [ 88.421044712724367, 22.522801170487039 ], [ 88.42094591923977, 22.522734834364027 ], [ 88.420908581665742, 22.522745836255808 ], [ 88.420886104782269, 22.52279428189647 ], [ 88.420849249935927, 22.522845514833833 ] ] ] } },
{ "type": "Feature", "properties": { "source": "KMC ward sewerage network map (ArcMap GeoPDF), water raster", "extraction_method": "geopdf_raster_polygonised", "wards": "101,102,105,106,107,108,109" }, "geometry": { "type": "Polygon", "coordinates": [ [ [ 88.418810027921168, 22.522965003054029 ], [ 88.418798724803253, 22.522983861601347 ], [ 88.418807885204188, 22.523026711741053 ], [ 88.418799624834548, 22.523058959643947 ], [ 88.41880836736695, 22.523066942835019 ], [ 88.418845833800972, 22.523066669709493 ], [ 88.418894506908927, 22.523039491803935 ], [ 88.418934726780435, 22.52302846935606 ], [ 88.41895182609359, 22.523012250849273 ], [ 88.418945194067433, 22.522939876907508 ], [ 88.418930269572442, 22.522897068799796 ], [ 88.418800835380921, 22.522919470840968 ], [ 88.418809674336259, 22.522935500251457 ], [ 88.418810027921168, 22.522965003054029 ] ] ] } },
{ "type": "Feature", "properties": { "source": "KMC ward sewerage network map (ArcMap GeoPDF), water raster", "extraction_method": "geopdf_raster_polygonised", "wards": "101,102,105,106,107,108,109" }, "geometry": { "type": "Polygon", "coordinates": [ [ [ 88.419652063296724, 22.522999097235889 ], [ 88.419634385190264, 22.522967038517503 ], [ 88.419565184302456, 22.522964861006649 ], [ 88.419527910855123, 22.522981226730749 ], [ 88.419525350403859, 22.52300806847375 ], [ 88.419563234874019, 22.523042662118641 ], [ 88.419629392968616, 22.523031450292574 ], [ 88.419652063296724, 22.522999097235889 ] ] ] } },
{ "type": "Feature", "properties": { "source": "KMC ward sewerage network map (ArcMap GeoPDF), water raster", "extraction_method": "geopdf_raster_polygonised", "wards": "101,102,105,106,107,108,109" }, "geometry": { "type": "Polygon", "coordinates": [ [ [ 88.420065332726537, 22.523331370181754 ], [ 88.420154965418149, 22.52335485680268 ], [ 88.420206777753634, 22.523349114044763 ], [ 88.420243246901791, 22.5232656963849 ], [ 88.420277380911429, 22.523227894963039 ], [ 88.420294576601748, 22.52321972253408 ], [ 88.420328646238801, 22.523176556960276 ], [ 88.420243973407324, 22.523085976581264 ], [ 88.420077201566485, 22.523119381383708 ], [ 88.420031217710346, 22.52313044617636 ], [ 88.420022668113845, 22.523138555484316 ], [ 88.420065332726537, 22.523331370181754 ] ] ] } },
{ "type": "Feature", "properties": { "source": "KMC ward sewerage network map (ArcMap GeoPDF), water raster", "extraction_method": "geopdf_raster_polygonised", "wards": "101,102,105,106,107,108,109" }, "geometry": { "type": "Polygon", "coordinates": [ [ [ 88.419873072508821, 22.523402513077428 ], [ 88.419999850056556, 22.523398905691554 ], [ 88.419995070135997, 22.523240684508771 ], [ 88.419985780686289, 22.523187106171456 ], [ 88.419853207096608, 22.52318807352118 ], [ 88.419813115921414, 22.523209824483736 ], [ 88.419813308904324, 22.52322591691377 ], [ 88.419827976394686, 22.523247268348907 ], [ 88.419837040638782, 22.52328207219654 ], [ 88.419837941242747, 22.523357170201603 ], [ 88.419873072508821, 22.523402513077428 ] ] ] } },
{ "type": "Feature", "properties": { "source": "KMC ward sewerage network map (ArcMap GeoPDF), water raster", "extraction_method": "geopdf_raster_polygonised", "wards": "101,102,105,106,107,108,109" }, "geometry": { "type": "Polygon", "coordinates": [ [ [ 88.418255316081044, 22.523336521953951 ], [ 88.418241355753949, 22.523374175980912 ], [ 88.418236491415101, 22.523449316037581 ], [ 88.418266468671632, 22.523545660683485 ], [ 88.418344187450543, 22.523537047441224 ], [ 88.418354815815491, 22.523461865381787 ], [ 88.41841207101271, 22.523429260459793 ], [ 88.418403103519651, 22.523402502734484 ], [ 88.418385650591802, 22.523389218381507 ], [ 88.418356155331551, 22.523333104859223 ], [ 88.41832134591121, 22.523314582359692 ], [ 88.418272383379417, 22.523317621440448 ], [ 88.418255316081044, 22.523336521953951 ] ] ] } },
{ "type": "Feature", "properties": { "source": "KMC ward sewerage network map (ArcMap GeoPDF), water raster", "extraction_method": "geopdf_raster_polygonised", "wards": "101,102,105,106,107,108,109" }, "geometry": { "type": "Polygon", "coordinates": [ [ [ 88.418993150257549, 22.523333826411498 ], [ 88.418987128995923, 22.523312411856224 ], [ 88.418816992296016, 22.52330560530217 ], [ 88.418796978749128, 22.523319162733291 ], [ 88.418788525498272, 22.523335318198381 ], [ 88.418774726038578, 22.523386382628452 ], [ 88.418778829556217, 22.523488280387124 ], [ 88.41876771925989, 22.523523231370412 ], [ 88.41879750402947, 22.523603483460164 ], [ 88.418797954056387, 22.523641032478686 ], [ 88.418818481971044, 22.523670388209052 ], [ 88.418887586778794, 22.523664519805447 ], [ 88.418947884703769, 22.523645304047239 ], [ 88.418926874558153, 22.523575717245436 ], [ 88.418934299092527, 22.523473735449716 ], [ 88.41891383547933, 22.52344974387853 ], [ 88.418907621343919, 22.523412236884088 ], [ 88.418913063957845, 22.523385374134179 ], [ 88.418927249128672, 22.523366494567121 ], [ 88.418993150257549, 22.523333826411498 ] ] ] } },
{ "type": "Feature", "properties": { "source": "KMC ward sewerage network map (ArcMap GeoPDF), water raster", "extraction_method": "geopdf_raster_polygonised", "wards": "101,102,105,106,107,108,109" }, "geometry": { "type": "Polygon", "coordinates": [ [ [ 88.419181266050728, 22.523638237726196 ], [ 88.41918165187748, 22.523670422593575 ], [ 88.419211565530119, 22.523761402880183 ], [ 88.419231900628091, 22.523774666118882 ], [ 88.419275195649703, 22.523779714992461 ], [ 88.419332804446128, 22.523776612541301 ], [ 88.41943620442305, 22.523746353015728 ], [ 88.4194386362676, 22.523708782987129 ], [ 88.41942595043291, 22.52361231248036 ], [ 88.419417079204024, 22.523593601038883 ], [ 88.419382301744534, 22.523577760852149 ], [ 88.419339038939313, 22.523575394076339 ], [ 88.41919836540437, 22.523622019192011 ], [ 88.419181266050728, 22.523638237726196 ] ] ] } },
{ "type": "Feature", "properties": { "source": "KMC ward sewerage network map (ArcMap GeoPDF), water raster", "extraction_method": "geopdf_raster_polygonised", "wards": "101,102,105,106,107,108,109" }, "geometry": { "type": "Polygon", "coordinates": [ [ [ 88.418890533117747, 22.523669862939293 ], [ 88.4188243103536, 22.523675710334061 ], [ 88.418862548458904, 22.523739806939869 ], [ 88.418871837528854, 22.523793385358893 ], [ 88.418823067724048, 22.523812517050999 ], [ 88.418811925272593, 22.52384478596408 ], [ 88.418815000194712, 22.52386085738976 ], [ 88.418847152788246, 22.523898175289961 ], [ 88.418853302644479, 22.523930318139101 ], [ 88.418902490398835, 22.523946053378982 ], [ 88.418940278548376, 22.523972600944031 ], [ 88.419014922555036, 22.52394791594633 ], [ 88.419000287253922, 22.523929246508676 ], [ 88.419008740511487, 22.523913091033013 ], [ 88.419008386869947, 22.523883588236536 ], [ 88.419025293376365, 22.523851277284223 ], [ 88.419036275029555, 22.523805597996912 ], [ 88.419036082131811, 22.523789505562466 ], [ 88.419003415134199, 22.523709274541343 ], [ 88.418956595135228, 22.52365060515481 ], [ 88.418890533117747, 22.523669862939293 ] ] ] } },
{ "type": "Feature", "properties": { "source": "KMC ward sewerage network map (ArcMap GeoPDF), water raster", "extraction_method": "geopdf_raster_polygonised", "wards": "101,102,105,106,107,108,109" }, "geometry": { "type": "Polygon", "coordinates": [ [ [ 88.420409352341466, 22.523897508088595 ], [ 88.420382802564404, 22.52384673809166 ], [ 88.42036227430269, 22.523817382579864 ], [ 88.420309850493084, 22.52377216604939 ], [ 88.420286633254719, 22.523758923988773 ], [ 88.420229056679901, 22.523764708850926 ], [ 88.42017474820436, 22.523802657510835 ], [ 88.420097254635039, 22.523830046136698 ], [ 88.41996830234298, 22.523892680218172 ], [ 88.419925521942858, 22.523930544675171 ], [ 88.419920047344846, 22.523954725377283 ], [ 88.419923765737622, 22.524024438200428 ], [ 88.419932926569658, 22.524067288249309 ], [ 88.41996536901334, 22.524128744547976 ], [ 88.419969023102297, 22.524193093224884 ], [ 88.42027384529321, 22.524134540130245 ], [ 88.42042079785341, 22.52413078512101 ], [ 88.420455479027709, 22.524138578857208 ], [ 88.420483527291992, 22.524073998761342 ], [ 88.420483012445501, 22.524031085631876 ], [ 88.420468216057813, 22.523999005985416 ], [ 88.420476250834284, 22.523947983523186 ], [ 88.420447526868813, 22.523956240133824 ], [ 88.42041844895796, 22.523934993961756 ], [ 88.420409352341466, 22.523897508088595 ] ] ] } },
{ "type": "Feature", "properties": { "source": "KMC ward sewerage network map (ArcMap GeoPDF), water raster", "extraction_method": "geopdf_raster_polygonised", "wards": "101,102,105,106,107,108,109" }, "geometry": { "type": "Polygon", "coordinates": [ [ [ 88.420719068832568, 22.523766496211522 ], [ 88.420675838148256, 22.523766811869837 ], [ 88.420644232187755, 22.523775089556704 ], [ 88.42063011158173, 22.523799333405318 ], [ 88.420630433385838, 22.523826154110285 ], [ 88.420621980326686, 22.523842309661305 ], [ 88.420519095437399, 22.5239154830685 ], [ 88.420496393003731, 22.523945154170463 ], [ 88.420481982755859, 22.523945259372216 ], [ 88.420473980159244, 22.52399896390525 ], [ 88.420488776548211, 22.524031043551108 ], [ 88.420489291396507, 22.524073956680471 ], [ 88.420458425436422, 22.524143921958412 ], [ 88.420513699315023, 22.524186435317183 ], [ 88.420565222320121, 22.524156553795006 ], [ 88.420607616437053, 22.524086504329237 ], [ 88.420621415267618, 22.524035439777446 ], [ 88.42064395678247, 22.523992358306693 ], [ 88.420695029141669, 22.523924927762028 ], [ 88.420737841500724, 22.523889745181663 ], [ 88.420768836000377, 22.523830508139461 ], [ 88.420739758071335, 22.523809262026322 ], [ 88.420719068832568, 22.523766496211522 ] ] ] } },
{ "type": "Feature", "properties": { "source": "KMC ward sewerage network map (ArcMap GeoPDF), water raster", "extraction_method": "geopdf_raster_polygonised", "wards": "101,102,105,106,107,108,109" }, "geometry": { "type": "Polygon", "coordinates": [ [ [ 88.420881268010064, 22.523832369406318 ], [ 88.420771718047249, 22.523830487094202 ], [ 88.420740787914156, 22.523895088277566 ], [ 88.420697975554333, 22.523930270858735 ], [ 88.420646903194793, 22.523997701404337 ], [ 88.420627179370186, 22.524035397691716 ], [ 88.420613380541766, 22.524086462243901 ], [ 88.420568168733354, 22.524161896893954 ], [ 88.420519495602917, 22.52418907530549 ], [ 88.420540023956292, 22.524218430791365 ], [ 88.420606375585464, 22.524223310962821 ], [ 88.420650089133844, 22.524263226370767 ], [ 88.420684866897872, 22.524279066265887 ], [ 88.420736711726875, 22.524276005391553 ], [ 88.420779685097102, 22.524254233147403 ], [ 88.420828036346123, 22.524200233957565 ], [ 88.420850384708075, 22.524141060039927 ], [ 88.420895982583247, 22.524097810159709 ], [ 88.420891298128623, 22.523947635281178 ], [ 88.420902311351981, 22.523904637968428 ], [ 88.420901667637068, 22.52385099656545 ], [ 88.420881268010064, 22.523832369406318 ] ] ] } },
{ "type": "Feature", "properties": { "source": "KMC ward sewerage network map (ArcMap GeoPDF), water raster", "extraction_method": "geopdf_raster_polygonised", "wards": "101,102,105,106,107,108,109" }, "geometry": { "type": "Polygon", "coordinates": [ [ [ 88.418711803713776, 22.524148616516868 ], [ 88.418712060864735, 22.524170073098254 ], [ 88.41869784344432, 22.524186270577584 ], [ 88.418715328648716, 22.524202236961386 ], [ 88.418724328405929, 22.524231676733578 ], [ 88.418750074056675, 22.524215395214323 ], [ 88.418767366400459, 22.524215269156393 ], [ 88.418781615960384, 22.524201753743828 ], [ 88.418812064900891, 22.524096921800421 ], [ 88.418805657880171, 22.524043322369465 ], [ 88.418811164822628, 22.524021823767971 ], [ 88.418721789027174, 22.524019792992558 ], [ 88.418725828264357, 22.524116326600506 ], [ 88.418711803713776, 22.524148616516868 ] ] ] } },
{ "type": "Feature", "properties": { "source": "KMC ward sewerage network map (ArcMap GeoPDF), water raster", "extraction_method": "geopdf_raster_polygonised", "wards": "101,102,105,106,107,108,109" }, "geometry": { "type": "Polygon", "coordinates": [ [ [ 88.419051275433389, 22.524095177752461 ], [ 88.419067571091588, 22.524011907422143 ], [ 88.419049732222689, 22.52396643828148 ], [ 88.418969324108659, 22.523991165321945 ], [ 88.418969870635493, 22.524036760552978 ], [ 88.418950499970578, 22.524103959454916 ], [ 88.418954635818167, 22.524208539264947 ], [ 88.418938018591561, 22.524264988862882 ], [ 88.418941350728133, 22.52430251686296 ], [ 88.418994160124441, 22.524379918716257 ], [ 88.419011581086735, 22.524390520920001 ], [ 88.419054811995579, 22.524390205698626 ], [ 88.419063361724369, 22.524382096436437 ], [ 88.419068804334628, 22.524355233683981 ], [ 88.419134545120841, 22.524309155091242 ], [ 88.419134191446574, 22.524279652297871 ], [ 88.419104920742328, 22.524242313449406 ], [ 88.419093070999352, 22.524215576790578 ], [ 88.419086631711551, 22.524159295305225 ], [ 88.419063189458043, 22.524127278560222 ], [ 88.419051275433389, 22.524095177752461 ] ] ] } },
{ "type": "Feature", "properties": { "source": "KMC ward sewerage network map (ArcMap GeoPDF), water raster", "extraction_method": "geopdf_raster_polygonised", "wards": "101,102,105,106,107,108,109" }, "geometry": { "type": "Polygon", "coordinates": [ [ [ 88.418672676369667, 22.524250829397129 ], [ 88.418695732834635, 22.524250661330246 ], [ 88.418721510636558, 22.524237061887892 ], [ 88.418709789541822, 22.524221053487615 ], [ 88.41870959667844, 22.524204961051673 ], [ 88.418695025674708, 22.524191655731453 ], [ 88.41861141388155, 22.524189582883231 ], [ 88.418600014220772, 22.524200395201976 ], [ 88.418594507239774, 22.524221893797844 ], [ 88.418632070415882, 22.52422966692431 ], [ 88.418672676369667, 22.524250829397129 ] ] ] } },
{ "type": "Feature", "properties": { "source": "KMC ward sewerage network map (ArcMap GeoPDF), water raster", "extraction_method": "geopdf_raster_polygonised", "wards": "101,102,105,106,107,108,109" }, "geometry": { "type": "Polygon", "coordinates": [ [ [ 88.419336566648184, 22.524090414965883 ], [ 88.419349135873603, 22.524417564675723 ], [ 88.419464514777417, 22.524424770031796 ], [ 88.419493496181616, 22.5244379701623 ], [ 88.419510756387965, 22.524435161951448 ], [ 88.419527791473669, 22.524413579237518 ], [ 88.419577674589902, 22.524246912365683 ], [ 88.419570173810698, 22.524102122545635 ], [ 88.419523996628001, 22.524097094780604 ], [ 88.419451366434643, 22.524049343052553 ], [ 88.419367786895833, 22.524049952665404 ], [ 88.419344923406399, 22.524066213258536 ], [ 88.419336566648184, 22.524090414965883 ] ] ] } },
{ "type": "Feature", "properties": { "source": "KMC ward sewerage network map (ArcMap GeoPDF), water raster", "extraction_method": "geopdf_raster_polygonised", "wards": "101,102,105,106,107,108,109" }, "geometry": { "type": "Polygon", "coordinates": [ [ [ 88.420531442148871, 22.524223858056743 ], [ 88.420534227666792, 22.52421579080389 ], [ 88.42047299659427, 22.524157227110564 ], [ 88.420417980153417, 22.524136170301588 ], [ 88.420305580059008, 22.524136990794233 ], [ 88.420230743178848, 22.524145583958347 ], [ 88.419969087438659, 22.524198457367195 ], [ 88.419955352688277, 22.524254886017559 ], [ 88.419964610054095, 22.524305782275547 ], [ 88.419993913163395, 22.524345803025835 ], [ 88.420025937501578, 22.524372392382055 ], [ 88.420107053376555, 22.524406670373597 ], [ 88.420124570934561, 22.524425318664942 ], [ 88.420124828306726, 22.524446775232086 ], [ 88.420335218707322, 22.524445239586239 ], [ 88.420363974956203, 22.524439665061191 ], [ 88.420366374373742, 22.524399412963405 ], [ 88.420397755256957, 22.52437236082946 ], [ 88.420435093308129, 22.524361359033733 ], [ 88.420460838765081, 22.5243450772501 ], [ 88.420483348197351, 22.524299313727781 ], [ 88.420494200678107, 22.524242906084261 ], [ 88.420531442148871, 22.524223858056743 ] ] ] } },
{ "type": "Feature", "properties": { "source": "KMC ward sewerage network map (ArcMap GeoPDF), water raster", "extraction_method": "geopdf_raster_polygonised", "wards": "101,102,105,106,107,108,109" }, "geometry": { "type": "Polygon", "coordinates": [ [ [ 88.420366921368597, 22.52444500816372 ], [ 88.420326669053182, 22.524453348912335 ], [ 88.42024882124926, 22.524451234848328 ], [ 88.420240818544329, 22.524504939372648 ], [ 88.420275853725641, 22.524542235920475 ], [ 88.420299071098484, 22.524555477974719 ], [ 88.420313803164248, 22.524582193492307 ], [ 88.420322996337987, 22.524627725578593 ], [ 88.420367063885593, 22.524697143834945 ], [ 88.420382085572797, 22.524747997978768 ], [ 88.42040517428093, 22.524750511733256 ], [ 88.420448340919862, 22.524744831991068 ], [ 88.420508510336816, 22.524714887356094 ], [ 88.420525223496966, 22.524666483840175 ], [ 88.420527075815798, 22.524580636547253 ], [ 88.420546864096522, 22.524548304409901 ], [ 88.420546606658121, 22.524526847847078 ], [ 88.420482718624626, 22.524487079701963 ], [ 88.420390203085873, 22.524463614346505 ], [ 88.420366921368597, 22.52444500816372 ] ] ] } },
{ "type": "Feature", "properties": { "source": "KMC ward sewerage network map (ArcMap GeoPDF), water raster", "extraction_method": "geopdf_raster_polygonised", "wards": "101,102,105,106,107,108,109" }, "geometry": { "type": "Polygon", "coordinates": [ [ [ 88.420235086595071, 22.524507663516285 ], [ 88.420243024954686, 22.524448594850643 ], [ 88.420122010589239, 22.524452160408202 ], [ 88.420116407325068, 22.524465612831218 ], [ 88.420093543864127, 22.524481873528917 ], [ 88.419955301427251, 22.524490929307017 ], [ 88.41992696332855, 22.524531370684741 ], [ 88.419936252876639, 22.524584949013317 ], [ 88.41998246239946, 22.524592658721616 ], [ 88.420054932204167, 22.524626999828218 ], [ 88.420072546297504, 22.524653694336333 ], [ 88.420084653635911, 22.524701887476805 ], [ 88.420117192825401, 22.524771389941456 ], [ 88.420174737649177, 22.524762923027549 ], [ 88.420237757030961, 22.524730275384179 ], [ 88.4203213047725, 22.524726983228021 ], [ 88.420376257086474, 22.524742675916272 ], [ 88.420361299754944, 22.524697185912785 ], [ 88.420320210800725, 22.524635792828448 ], [ 88.420296253386013, 22.524560863153589 ], [ 88.420273036012489, 22.524547621098979 ], [ 88.420235086595071, 22.524507663516285 ] ] ] } },
{ "type": "Feature", "properties": { "source": "KMC ward sewerage network map (ArcMap GeoPDF), water raster", "extraction_method": "geopdf_raster_polygonised", "wards": "101,102,105,106,107,108,109" }, "geometry": { "type": "Polygon", "coordinates": [ [ [ 88.419269531441884, 22.524509343672719 ], [ 88.419243625031413, 22.524512214914594 ], [ 88.41916901292764, 22.524539582102239 ], [ 88.419164952921165, 22.52468177395189 ], [ 88.419170877821372, 22.52469514227667 ], [ 88.419272650508219, 22.524769504641654 ], [ 88.419411311357678, 22.524795316364965 ], [ 88.41945156383963, 22.524786975837756 ], [ 88.419465716906942, 22.524765414151215 ], [ 88.419465105881898, 22.524714454791223 ], [ 88.419447234622737, 22.524666303638202 ], [ 88.419446623607072, 22.524615344277159 ], [ 88.41946945501121, 22.524596401594991 ], [ 88.419471629575341, 22.524537374996335 ], [ 88.41933581888452, 22.524508860219417 ], [ 88.419269531441884, 22.524509343672719 ] ] ] } },
{ "type": "Feature", "properties": { "source": "KMC ward sewerage network map (ArcMap GeoPDF), water raster", "extraction_method": "geopdf_raster_polygonised", "wards": "101,102,105,106,107,108,109" }, "geometry": { "type": "Polygon", "coordinates": [ [ [ 88.418701412103516, 22.525205521158149 ], [ 88.418724275853364, 22.525189260645146 ], [ 88.418749828798994, 22.525156886684872 ], [ 88.418775574611558, 22.525140605154686 ], [ 88.418801031095796, 22.525100184970398 ], [ 88.4188003881589, 22.525046543525171 ], [ 88.418770892343645, 22.524990430116883 ], [ 88.418747546445445, 22.524966459549621 ], [ 88.418689937131447, 22.524969561816892 ], [ 88.418680829985803, 22.524690668296909 ], [ 88.418667501671933, 22.524540556267507 ], [ 88.418652866348424, 22.524521886800386 ], [ 88.418480135353832, 22.524539239629828 ], [ 88.418460025182327, 22.524544750809348 ], [ 88.418440043565766, 22.524560990277909 ], [ 88.418396909007569, 22.524569351555652 ], [ 88.418339846176252, 22.524618048929984 ], [ 88.418322553779234, 22.524618174944568 ], [ 88.41830830413187, 22.524631690320323 ], [ 88.418285311872481, 22.524637222481005 ], [ 88.418228409649558, 22.52469933018417 ], [ 88.418211213646487, 22.524707502406599 ], [ 88.418182392964582, 22.5247077124078 ], [ 88.418173907431154, 22.524721185772815 ], [ 88.418185724915645, 22.524745240431496 ], [ 88.418183614075076, 22.524809631185782 ], [ 88.41824423395822, 22.52481723639357 ], [ 88.418270365409313, 22.524833139819563 ], [ 88.418282150784236, 22.524854512396519 ], [ 88.418285450631373, 22.524889358342978 ], [ 88.41825724049913, 22.524940527745731 ], [ 88.418252022666877, 22.524986164988746 ], [ 88.418263775917069, 22.525004855493208 ], [ 88.418264193690447, 22.525039722441161 ], [ 88.418247222601707, 22.525066669179626 ], [ 88.418247511827261, 22.525090807835909 ], [ 88.418259232950106, 22.52510681626714 ], [ 88.418290967927263, 22.525109267318562 ], [ 88.418320013654551, 22.525127831803374 ], [ 88.418320206480473, 22.525143924240261 ], [ 88.418300353313754, 22.525170891986892 ], [ 88.418309610159838, 22.525221788362586 ], [ 88.418321234888083, 22.525229750569761 ], [ 88.418401772398141, 22.525215752104735 ], [ 88.418398215395598, 22.525159449582269 ], [ 88.418418229238867, 22.525145892188071 ], [ 88.418478817136716, 22.525150815226329 ], [ 88.41849351679123, 22.525174848850867 ], [ 88.418534251578436, 22.525206739633241 ], [ 88.418641017042475, 22.525216690639834 ], [ 88.418669709246345, 22.525205752261591 ], [ 88.418701412103516, 22.525205521158149 ] ] ] } },
{ "type": "Feature", "properties": { "source": "KMC ward sewerage network map (ArcMap GeoPDF), water raster", "extraction_method": "geopdf_raster_polygonised", "wards": "101,102,105,106,107,108,109" }, "geometry": { "type": "Polygon", "coordinates": [ [ [ 88.419908731985927, 22.524933849588489 ], [ 88.419917603375822, 22.524952560992009 ], [ 88.419975791677999, 22.524997735562991 ], [ 88.420010344372088, 22.524994801101059 ], [ 88.420047553940591, 22.524973071102629 ], [ 88.420046427966241, 22.524879198623886 ], [ 88.42003733137183, 22.524841712731952 ], [ 88.419987499798751, 22.524772336444965 ], [ 88.419944172282612, 22.52476460570994 ], [ 88.419915898465462, 22.524810411229439 ], [ 88.41990482054193, 22.524848044347401 ], [ 88.419908731985927, 22.524933849588489 ] ] ] } },
{ "type": "Feature", "properties": { "source": "KMC ward sewerage network map (ArcMap GeoPDF), water raster", "extraction_method": "geopdf_raster_polygonised", "wards": "101,102,105,106,107,108,109" }, "geometry": { "type": "Polygon", "coordinates": [ [ [ 88.421115997388313, 22.524898212371077 ], [ 88.421087466419095, 22.524922561520636 ], [ 88.421084874066608, 22.524946721198905 ], [ 88.421137234196053, 22.524986573295603 ], [ 88.421209543500325, 22.525007503508139 ], [ 88.421227029086211, 22.525023469597198 ], [ 88.421233050778184, 22.525044884042611 ], [ 88.421284928064168, 22.525044505047095 ], [ 88.421281386667573, 22.524749477418347 ], [ 88.4212263376875, 22.524725738836207 ], [ 88.421194634973716, 22.524725970431287 ], [ 88.42115454359903, 22.524747721736091 ], [ 88.421134819821589, 22.5247854180807 ], [ 88.421129345411799, 22.52480959881234 ], [ 88.421138184761588, 22.524825628071227 ], [ 88.421135753376817, 22.524863198097744 ], [ 88.421115997388313, 22.524898212371077 ] ] ] } },
{ "type": "Feature", "properties": { "source": "KMC ward sewerage network map (ArcMap GeoPDF), water raster", "extraction_method": "geopdf_raster_polygonised", "wards": "101,102,105,106,107,108,109" }, "geometry": { "type": "Polygon", "coordinates": [ [ [ 88.419072545466548, 22.524907761549549 ], [ 88.419075073866978, 22.524878237741575 ], [ 88.419106358662077, 22.524843139626576 ], [ 88.419106101442807, 22.524821683050753 ], [ 88.419094348099918, 22.524802992612457 ], [ 88.4189790974837, 22.52480651529504 ], [ 88.418950405388117, 22.524817453723475 ], [ 88.418901828135205, 22.524852677888305 ], [ 88.418887964303707, 22.524898378179959 ], [ 88.418894821494348, 22.524989526609023 ], [ 88.418945681415707, 22.525144729563248 ], [ 88.418977641458241, 22.525165954982359 ], [ 88.419023915442096, 22.525179029102123 ], [ 88.419049564768571, 22.525154701313745 ], [ 88.419104227761494, 22.525146255787359 ], [ 88.419129748454381, 22.525111199699708 ], [ 88.419126319775316, 22.525065625495195 ], [ 88.419114630712912, 22.525052299203907 ], [ 88.419079885060995, 22.525039141043575 ], [ 88.419071013774982, 22.525020429588523 ], [ 88.419099352223228, 22.52497998834594 ], [ 88.419098998546204, 22.524950485554594 ], [ 88.419072545466548, 22.524907761549549 ] ] ] } },
{ "type": "Feature", "properties": { "source": "KMC ward sewerage network map (ArcMap GeoPDF), water raster", "extraction_method": "geopdf_raster_polygonised", "wards": "101,102,105,106,107,108,109" }, "geometry": { "type": "Polygon", "coordinates": [ [ [ 88.421284992453678, 22.5250498691857 ], [ 88.421233115165677, 22.525050248181334 ], [ 88.421245158556303, 22.525093077070959 ], [ 88.421282979640807, 22.525122306112269 ], [ 88.421284992453678, 22.5250498691857 ] ] ] } },
{ "type": "Feature", "properties": { "source": "KMC ward sewerage network map (ArcMap GeoPDF), water raster", "extraction_method": "geopdf_raster_polygonised", "wards": "101,102,105,106,107,108,109" }, "geometry": { "type": "Polygon", "coordinates": [ [ [ 88.419491165621494, 22.525205126710574 ], [ 88.419456805815955, 22.525224153492779 ], [ 88.419448320381619, 22.525237626919424 ], [ 88.419448609817948, 22.525261765562277 ], [ 88.419463245328018, 22.525280434945831 ], [ 88.419466449006521, 22.525307234636333 ], [ 88.419492998768717, 22.525358004778418 ], [ 88.41957958981908, 22.525368102319465 ], [ 88.419640467300766, 22.525397163553549 ], [ 88.419666663339356, 22.525418430880048 ], [ 88.419704226888172, 22.525426203735321 ], [ 88.419715723048185, 22.525423437552362 ], [ 88.419726994051331, 22.525401896871294 ], [ 88.419746332313025, 22.525332015825377 ], [ 88.419745335186008, 22.525248871622527 ], [ 88.419715806786755, 22.525190076339584 ], [ 88.419678114646416, 22.525171575198804 ], [ 88.41958588821214, 22.525172248040807 ], [ 88.419528632621279, 22.525204853396467 ], [ 88.419491165621494, 22.525205126710574 ] ] ] } },
{ "type": "Feature", "properties": { "source": "KMC ward sewerage network map (ArcMap GeoPDF), water raster", "extraction_method": "geopdf_raster_polygonised", "wards": "101,102,105,106,107,108,109" }, "geometry": { "type": "Polygon", "coordinates": [ [ [ 88.420362467525479, 22.525515280497952 ], [ 88.420319011053266, 22.525496821596402 ], [ 88.420255540897898, 22.525491920300269 ], [ 88.420223644946958, 22.525476059290607 ], [ 88.420208880618404, 22.525446661701181 ], [ 88.420216625971449, 22.525371500617375 ], [ 88.420212971704444, 22.525307151962718 ], [ 88.420135316457191, 22.525321130292035 ], [ 88.420074696291422, 22.525313525813832 ], [ 88.420022851049126, 22.525316586495212 ], [ 88.419997780940477, 22.525389191704217 ], [ 88.419952536235897, 22.525461944137835 ], [ 88.419958654266537, 22.525491404851177 ], [ 88.420001949841804, 22.525496453499223 ], [ 88.420022381786367, 22.525517762830223 ], [ 88.420022864352447, 22.525557993889908 ], [ 88.420003075816041, 22.525590325972594 ], [ 88.420000418926833, 22.525609121500537 ], [ 88.420006440463169, 22.525630535998783 ], [ 88.42004442231584, 22.525673175688159 ], [ 88.420096653762329, 22.525702299839207 ], [ 88.420122882099975, 22.525726249154545 ], [ 88.420241047662458, 22.525725386647782 ], [ 88.420304871869675, 22.525759790716659 ], [ 88.420319217952667, 22.525754321380631 ], [ 88.420315821033228, 22.52571142929618 ], [ 88.420335512978184, 22.525671050967688 ], [ 88.420386972200234, 22.525635805337174 ], [ 88.420435999819972, 22.52563812971432 ], [ 88.420426838701857, 22.525595279715539 ], [ 88.420400513805603, 22.525563284240246 ], [ 88.420394492212907, 22.52554186975955 ], [ 88.420362467525479, 22.525515280497952 ] ] ] } },
{ "type": "Feature", "properties": { "source": "KMC ward sewerage network map (ArcMap GeoPDF), water raster", "extraction_method": "geopdf_raster_polygonised", "wards": "101,102,105,106,107,108,109" }, "geometry": { "type": "Polygon", "coordinates": [ [ [ 88.418858212916589, 22.525542348656252 ], [ 88.418846941764954, 22.525563889283617 ], [ 88.418855845209222, 22.525585282821581 ], [ 88.418881976874189, 22.525601186135734 ], [ 88.418997549669186, 22.525624484207409 ], [ 88.419015067248807, 22.52564313261659 ], [ 88.419046738048792, 22.525640219368228 ], [ 88.419095508445551, 22.525621087581055 ], [ 88.419140946584861, 22.525564427794169 ], [ 88.419111868508381, 22.525543181397158 ], [ 88.419073822661446, 22.525495177326803 ], [ 88.419050637384672, 22.525484617171163 ], [ 88.418915083017865, 22.525477558661386 ], [ 88.418872108958496, 22.525499330438915 ], [ 88.418857923579338, 22.525518210007895 ], [ 88.418858212916589, 22.525542348656252 ] ] ] } },
{ "type": "Feature", "properties": { "source": "KMC ward sewerage network map (ArcMap GeoPDF), water raster", "extraction_method": "geopdf_raster_polygonised", "wards": "101,102,105,106,107,108,109" }, "geometry": { "type": "Polygon", "coordinates": [ [ [ 88.420666841807588, 22.525419177547473 ], [ 88.420660948914815, 22.525408491357865 ], [ 88.420643495522057, 22.525395207277125 ], [ 88.420571282626852, 22.52538232302733 ], [ 88.420346319544805, 22.525370553900483 ], [ 88.420282270282399, 22.525317375344901 ], [ 88.420253320798395, 22.525306857441652 ], [ 88.420218735860786, 22.525307109888914 ], [ 88.420222390130434, 22.52537145854328 ], [ 88.420214644780515, 22.525446619627211 ], [ 88.42022646267877, 22.525470674112512 ], [ 88.420258358628729, 22.525486535121669 ], [ 88.420321828781653, 22.525491436416822 ], [ 88.420382706457502, 22.525520497358837 ], [ 88.42043260286961, 22.525595237633436 ], [ 88.420441763989487, 22.525638087631805 ], [ 88.420456174413204, 22.525637982424612 ], [ 88.420502609573319, 22.525664466453307 ], [ 88.420534795227908, 22.525704466033254 ], [ 88.42056137763656, 22.525757918042508 ], [ 88.420605123864817, 22.525800515500951 ], [ 88.420628212751197, 22.525803029213865 ], [ 88.42065415154255, 22.525802839808375 ], [ 88.42069715756962, 22.525783749634996 ], [ 88.42069049223538, 22.525708693773222 ], [ 88.420672910065207, 22.525684681418984 ], [ 88.420626410502777, 22.52565283330177 ], [ 88.420628552381089, 22.525591124649594 ], [ 88.420584838397772, 22.525551209263398 ], [ 88.420584613124262, 22.525532434773591 ], [ 88.420661592579961, 22.525462132756196 ], [ 88.420666841807588, 22.525419177547473 ] ] ] } },
{ "type": "Feature", "properties": { "source": "KMC ward sewerage network map (ArcMap GeoPDF), water raster", "extraction_method": "geopdf_raster_polygonised", "wards": "101,102,105,106,107,108,109" }, "geometry": { "type": "Polygon", "coordinates": [ [ [ 88.419344300416682, 22.525697059983383 ], [ 88.419367099846056, 22.525675435236927 ], [ 88.419407449061424, 22.525675140922367 ], [ 88.419412859480744, 22.525645596091948 ], [ 88.419383781347861, 22.5256243497473 ], [ 88.419143860823823, 22.52556708884789 ], [ 88.419138289578413, 22.525583223313912 ], [ 88.419098454838291, 22.52562643070728 ], [ 88.419049684440154, 22.52564556249542 ], [ 88.419020895725765, 22.525648454728572 ], [ 88.419026949267362, 22.525672551342858 ], [ 88.419070405645073, 22.525691010598994 ], [ 88.419091062557555, 22.525731094555574 ], [ 88.419117129967859, 22.525741633685115 ], [ 88.419140154521557, 22.525738783470217 ], [ 88.419168718166802, 22.525717116713704 ], [ 88.419179667728159, 22.525668755350079 ], [ 88.419199681559761, 22.525655197859674 ], [ 88.419257387604389, 22.525660141610647 ], [ 88.419277787309042, 22.525678768968941 ], [ 88.41928960507127, 22.525702823529723 ], [ 88.419324222278817, 22.525705253348452 ], [ 88.419344300416682, 22.525697059983383 ] ] ] } },
{ "type": "Feature", "properties": { "source": "KMC ward sewerage network map (ArcMap GeoPDF), water raster", "extraction_method": "geopdf_raster_polygonised", "wards": "101,102,105,106,107,108,109" }, "geometry": { "type": "Polygon", "coordinates": [ [ [ 88.418249139088189, 22.525707726586276 ], [ 88.4182267251106, 22.525761536056148 ], [ 88.418225064216884, 22.525863475820593 ], [ 88.418211039395104, 22.525895765701602 ], [ 88.418211392897959, 22.525925268501137 ], [ 88.418202971573137, 22.525944106014762 ], [ 88.418257892043158, 22.525957117339079 ], [ 88.418295294988681, 22.525951480156468 ], [ 88.418295070020662, 22.525932705648437 ], [ 88.418311976918503, 22.525900394757624 ], [ 88.418380311508727, 22.525830156774902 ], [ 88.418376786623895, 22.525776536329015 ], [ 88.41834745149751, 22.525733833210083 ], [ 88.418338451702596, 22.52570439342302 ], [ 88.418312320074492, 22.525688490018595 ], [ 88.418249139088189, 22.525707726586276 ] ] ] } },
{ "type": "Feature", "properties": { "source": "KMC ward sewerage network map (ArcMap GeoPDF), water raster", "extraction_method": "geopdf_raster_polygonised", "wards": "101,102,105,106,107,108,109" }, "geometry": { "type": "Polygon", "coordinates": [ [ [ 88.419746904811333, 22.52586042586136 ], [ 88.419646063815691, 22.52586384391941 ], [ 88.419619964183141, 22.525850622807948 ], [ 88.419605328588176, 22.525831953444108 ], [ 88.419598824653491, 22.525770307862615 ], [ 88.4195605534414, 22.525703529422625 ], [ 88.419531603922053, 22.525693011391336 ], [ 88.419471080094112, 22.525693452906449 ], [ 88.419430634394942, 22.525685701023324 ], [ 88.419394228517532, 22.525774482675274 ], [ 88.419372586799085, 22.525892661993488 ], [ 88.419404740038814, 22.525929979741196 ], [ 88.419450982153847, 22.525940371650542 ], [ 88.419494181375455, 22.525937374215221 ], [ 88.419562933469649, 22.525902002684617 ], [ 88.419611929021187, 22.525901645237628 ], [ 88.419626403805168, 22.525906904245325 ], [ 88.419643953667347, 22.525928234650173 ], [ 88.419684335116472, 22.52593062233337 ], [ 88.419712834377535, 22.525903591341311 ], [ 88.419750044231705, 22.525881861399114 ], [ 88.419746904811333, 22.52586042586136 ] ] ] } },
{ "type": "Feature", "properties": { "source": "KMC ward sewerage network map (ArcMap GeoPDF), water raster", "extraction_method": "geopdf_raster_polygonised", "wards": "101,102,105,106,107,108,109" }, "geometry": { "type": "Polygon", "coordinates": [ [ [ 88.419918414761739, 22.525741152912264 ], [ 88.419892443804969, 22.525738660127868 ], [ 88.419840694900557, 22.525749766971135 ], [ 88.419797881754675, 22.5257849493462 ], [ 88.419763361024209, 22.525790565843469 ], [ 88.419808908408356, 22.525983359494393 ], [ 88.419823479710999, 22.525996664695668 ], [ 88.419976198460787, 22.525992867929769 ], [ 88.419978630161822, 22.52595529790867 ], [ 88.419934884063949, 22.525912700273299 ], [ 88.419911376963356, 22.525875319542635 ], [ 88.419916529924194, 22.525824318135712 ], [ 88.419944996947081, 22.525794605034974 ], [ 88.419944836097486, 22.525781194681702 ], [ 88.419930264807689, 22.525767889490485 ], [ 88.41993007179012, 22.525751797066402 ], [ 88.419918414761739, 22.525741152912264 ] ] ] } },
{ "type": "Feature", "properties": { "source": "KMC ward sewerage network map (ArcMap GeoPDF), water raster", "extraction_method": "geopdf_raster_polygonised", "wards": "101,102,105,106,107,108,109" }, "geometry": { "type": "Polygon", "coordinates": [ [ [ 88.419082010008623, 22.525937698142823 ], [ 88.419127898409755, 22.5259185873586 ], [ 88.419179679602308, 22.525910162810163 ], [ 88.419139008769605, 22.525883636355328 ], [ 88.419115148188041, 22.525816752708998 ], [ 88.419091834239438, 22.52579546427598 ], [ 88.419031310355592, 22.525795905628037 ], [ 88.418932869196595, 22.525759071143668 ], [ 88.418906962544341, 22.525761942343276 ], [ 88.418895819983362, 22.525794211261655 ], [ 88.418902066410439, 22.525834400312355 ], [ 88.418882116821777, 22.525853321912077 ], [ 88.418824571443707, 22.525861788389946 ], [ 88.418772500914159, 22.525846074176034 ], [ 88.418749444185181, 22.52584624226753 ], [ 88.418715051968874, 22.525862586831192 ], [ 88.418698016587442, 22.525884169470991 ], [ 88.418698273755467, 22.525905626047862 ], [ 88.418727705465315, 22.525956375310695 ], [ 88.41874285531317, 22.526017957911833 ], [ 88.418751694480591, 22.526033987309727 ], [ 88.418777826222126, 22.526049890636191 ], [ 88.418806647175202, 22.526049680514056 ], [ 88.418838157329688, 22.526033356942392 ], [ 88.418840139255622, 22.525958237915994 ], [ 88.418865788751788, 22.525933910150123 ], [ 88.418963876358731, 22.52594124187981 ], [ 88.418986643736787, 22.525916935111013 ], [ 88.419018153838806, 22.52590061150649 ], [ 88.419058535278495, 22.525902999347721 ], [ 88.419070160105804, 22.525910961494983 ], [ 88.419082010008623, 22.525937698142823 ] ] ] } },
{ "type": "Feature", "properties": { "source": "KMC ward sewerage network map (ArcMap GeoPDF), water raster", "extraction_method": "geopdf_raster_polygonised", "wards": "101,102,105,106,107,108,109" }, "geometry": { "type": "Polygon", "coordinates": [ [ [ 88.419130844810709, 22.525923930483675 ], [ 88.419090688440136, 22.525940317162366 ], [ 88.419094438684226, 22.52601271207833 ], [ 88.419083135382763, 22.526031570649511 ], [ 88.419046021835115, 22.52606134665945 ], [ 88.419023608124022, 22.526115156225082 ], [ 88.419026747441691, 22.526136591781746 ], [ 88.419058579119707, 22.526147088883455 ], [ 88.419081957433335, 22.526173741460731 ], [ 88.419260743944051, 22.52618048448857 ], [ 88.419283639935045, 22.526166905964416 ], [ 88.419306182182567, 22.526123824652892 ], [ 88.419331027659965, 22.526032445033465 ], [ 88.419336180837419, 22.525981443634794 ], [ 88.419255417911799, 22.525976668084379 ], [ 88.419237996726253, 22.525966065920265 ], [ 88.419226178947611, 22.525942011357163 ], [ 88.419194186528742, 22.525918103929051 ], [ 88.419130844810709, 22.525923930483675 ] ] ] } },
{ "type": "Feature", "properties": { "source": "KMC ward sewerage network map (ArcMap GeoPDF), water raster", "extraction_method": "geopdf_raster_polygonised", "wards": "101,102,105,106,107,108,109" }, "geometry": { "type": "Polygon", "coordinates": [ [ [ 88.418391850395054, 22.526071480282067 ], [ 88.41839729318329, 22.526044617547697 ], [ 88.41838851833532, 22.526033952273149 ], [ 88.418385250558202, 22.526001788408799 ], [ 88.418361968822055, 22.525983181938809 ], [ 88.418304198378195, 22.525972873727053 ], [ 88.418295359265301, 22.5259568443016 ], [ 88.418269516832723, 22.525965079546275 ], [ 88.418197271658272, 22.525949512163134 ], [ 88.418194935882966, 22.525995128400204 ], [ 88.418160704237494, 22.526024883213861 ], [ 88.418065530813877, 22.526020212069152 ], [ 88.418072226895063, 22.52609795018197 ], [ 88.418095829962041, 22.526143377422144 ], [ 88.418182774949543, 22.526182978493129 ], [ 88.418208713838709, 22.526182789478046 ], [ 88.418217167312378, 22.526166634036549 ], [ 88.418231481392382, 22.526158482807968 ], [ 88.418233399370123, 22.52607799962799 ], [ 88.418247649165181, 22.526064484253219 ], [ 88.41829962331316, 22.526072152417832 ], [ 88.418328862085502, 22.526106809323391 ], [ 88.418351918861831, 22.526106641289918 ], [ 88.418391850395054, 22.526071480282067 ] ] ] } },
{ "type": "Feature", "properties": { "source": "KMC ward sewerage network map (ArcMap GeoPDF), water raster", "extraction_method": "geopdf_raster_polygonised", "wards": "101,102,105,106,107,108,109" }, "geometry": { "type": "Polygon", "coordinates": [ [ [ 88.420879981946328, 22.526367156869775 ], [ 88.420937623932375, 22.526366735860798 ], [ 88.421012880425366, 22.526393009210079 ], [ 88.421090697116242, 22.526392440778103 ], [ 88.421206753780993, 22.526455968241923 ], [ 88.421229810587135, 22.526455799793236 ], [ 88.421246942211738, 22.526442263110184 ], [ 88.421261030751808, 22.526415337137962 ], [ 88.42126323673142, 22.526358992634705 ], [ 88.421239117485527, 22.526270652812659 ], [ 88.42125890581255, 22.526238320590462 ], [ 88.421299126372332, 22.526227297517739 ], [ 88.421295810138645, 22.525951044417308 ], [ 88.421266828258169, 22.52593784463895 ], [ 88.421228942554734, 22.525903251469845 ], [ 88.421181895502158, 22.525825808348888 ], [ 88.421166969966848, 22.525783000515048 ], [ 88.421165617843656, 22.525670353608039 ], [ 88.421173942162625, 22.525643469752609 ], [ 88.421188159420169, 22.525627272064529 ], [ 88.421228412007011, 22.525618931086708 ], [ 88.42123058581214, 22.525559904509279 ], [ 88.421221682011748, 22.525538511121439 ], [ 88.421149469003083, 22.525525627137959 ], [ 88.42109557863165, 22.525598443024546 ], [ 88.421067015330763, 22.525620110106679 ], [ 88.421041559441221, 22.525660530617834 ], [ 88.421018760289073, 22.525682155588029 ], [ 88.420952890794169, 22.525717506666386 ], [ 88.420921509737269, 22.525744558914322 ], [ 88.42091616401666, 22.525779467917772 ], [ 88.420924906844434, 22.525787450976132 ], [ 88.420962406168044, 22.525789859389672 ], [ 88.421034844640147, 22.525821517935899 ], [ 88.421058126682922, 22.525840124002428 ], [ 88.421075741130338, 22.525866818378955 ], [ 88.421070813939707, 22.525936594285699 ], [ 88.421048304472819, 22.525982357884896 ], [ 88.421008599011301, 22.526036294001518 ], [ 88.42097209751492, 22.526117029751539 ], [ 88.420972387226911, 22.526141168375339 ], [ 88.421011045524239, 22.526240131265574 ], [ 88.42101143181803, 22.526272316096254 ], [ 88.420982803989503, 22.526288619031021 ], [ 88.420784550796768, 22.526341030794871 ], [ 88.420753169571469, 22.526368083016891 ], [ 88.420733542036288, 22.526413825530938 ], [ 88.420590177222309, 22.526476565436766 ], [ 88.420475601125872, 22.52653641272509 ], [ 88.420522133146434, 22.526570942938726 ], [ 88.420591593292954, 22.526594576500582 ], [ 88.420623296441249, 22.526594345002326 ], [ 88.420631524358839, 22.526559414960957 ], [ 88.420645709585429, 22.526540535244923 ], [ 88.420728550298094, 22.5264782372935 ], [ 88.420774470805611, 22.52646180811286 ], [ 88.420826252067201, 22.526453383029764 ], [ 88.420834383363015, 22.526410406772335 ], [ 88.420848504170564, 22.526386162901552 ], [ 88.420879981946328, 22.526367156869775 ] ] ] } },
{ "type": "Feature", "properties": { "source": "KMC ward sewerage network map (ArcMap GeoPDF), water raster", "extraction_method": "geopdf_raster_polygonised", "wards": "101,102,105,106,107,108,109" }, "geometry": { "type": "Polygon", "coordinates": [ [ [ 88.420210162760497, 22.526034077183311 ], [ 88.420204655976278, 22.526055575820457 ], [ 88.420213945767642, 22.526109154112383 ], [ 88.420194028505435, 22.526130757937217 ], [ 88.420153968741161, 22.526155191088325 ], [ 88.42015124751741, 22.526168622476415 ], [ 88.420160312075851, 22.526203426279597 ], [ 88.420203897458379, 22.526232613492933 ], [ 88.420224072139916, 22.526232466227878 ], [ 88.420258367718702, 22.52620807513641 ], [ 88.420304256025005, 22.526188964021053 ], [ 88.420384793826429, 22.526174964546694 ], [ 88.420398882514164, 22.526148038641878 ], [ 88.42040976730847, 22.52609431307738 ], [ 88.420432566624442, 22.526072688186176 ], [ 88.42043234136645, 22.526053913696316 ], [ 88.420354267418077, 22.526033025239631 ], [ 88.420210162760497, 22.526034077183311 ] ] ] } },
{ "type": "Feature", "properties": { "source": "KMC ward sewerage network map (ArcMap GeoPDF), water raster", "extraction_method": "geopdf_raster_polygonised", "wards": "101,102,105,106,107,108,109" }, "geometry": { "type": "Polygon", "coordinates": [ [ [ 88.41983332926479, 22.526337245608644 ], [ 88.419810787154503, 22.526380326986263 ], [ 88.419811205340835, 22.526415193904203 ], [ 88.419834969865249, 22.526474031208245 ], [ 88.419892708430766, 22.526481656782675 ], [ 88.419924379392199, 22.526478743352943 ], [ 88.419926907619399, 22.526449219545029 ], [ 88.419955310418089, 22.526414142297341 ], [ 88.419969302699172, 22.526379170214081 ], [ 88.419976758663339, 22.526279870506833 ], [ 88.419959240875386, 22.526261222214583 ], [ 88.41992465569588, 22.52626147461088 ], [ 88.41990464185659, 22.526275032191332 ], [ 88.41987620690162, 22.526307427359281 ], [ 88.41983332926479, 22.526337245608644 ] ] ] } },
{ "type": "Feature", "properties": { "source": "KMC ward sewerage network map (ArcMap GeoPDF), water raster", "extraction_method": "geopdf_raster_polygonised", "wards": "101,102,105,106,107,108,109" }, "geometry": { "type": "Polygon", "coordinates": [ [ [ 88.418337518832274, 22.52634815383405 ], [ 88.418288298125873, 22.526329736394075 ], [ 88.418262069966573, 22.526305786771001 ], [ 88.418253198696945, 22.526287075272201 ], [ 88.41825274876598, 22.526249526256983 ], [ 88.418244038190181, 22.526244225119989 ], [ 88.418209452989771, 22.526244477147536 ], [ 88.418177910571174, 22.526258118529327 ], [ 88.418137529029792, 22.526255730471718 ], [ 88.418126064899184, 22.526261178619485 ], [ 88.418120879135273, 22.526309497928434 ], [ 88.418136093036935, 22.52637644474121 ], [ 88.418139039411599, 22.526381787885605 ], [ 88.418176506750143, 22.526381514869911 ], [ 88.418191045812378, 22.526392138151753 ], [ 88.418191270770791, 22.526410912659568 ], [ 88.418179967313705, 22.526429771174371 ], [ 88.418165621066905, 22.526435240327135 ], [ 88.418128635750406, 22.526475744430076 ], [ 88.418137635561294, 22.526505184225858 ], [ 88.418195502631647, 22.526523538703483 ], [ 88.418215902335646, 22.526542166195288 ], [ 88.418273544459353, 22.52654174613658 ], [ 88.418293847758676, 22.526552327400658 ], [ 88.418403528502935, 22.526564939579238 ], [ 88.418455695699095, 22.526588700115958 ], [ 88.418481506089918, 22.526577782764459 ], [ 88.418477306135799, 22.526467838813012 ], [ 88.418465681291394, 22.526459876624092 ], [ 88.418419599764889, 22.526462894798605 ], [ 88.418407749935852, 22.526436158099404 ], [ 88.418375886091269, 22.526422978797878 ], [ 88.418369993322585, 22.526412292518788 ], [ 88.4183723933198, 22.526372040428747 ], [ 88.418337518832274, 22.52634815383405 ] ] ] } },
{ "type": "Feature", "properties": { "source": "KMC ward sewerage network map (ArcMap GeoPDF), water raster", "extraction_method": "geopdf_raster_polygonised", "wards": "101,102,105,106,107,108,109" }, "geometry": { "type": "Polygon", "coordinates": [ [ [ 88.419774651704216, 22.526731972661555 ], [ 88.4197778876607, 22.526761454406877 ], [ 88.419786726996634, 22.526777483737874 ], [ 88.419804116157422, 22.52678540376364 ], [ 88.419838604961399, 22.526777105175174 ], [ 88.419886024482111, 22.526645326178048 ], [ 88.419922816280419, 22.526588729273588 ], [ 88.419924475903656, 22.526486789564292 ], [ 88.419835034202762, 22.526479395349362 ], [ 88.419835420228139, 22.526511580195944 ], [ 88.41982414916248, 22.52653312088551 ], [ 88.41982476036705, 22.526584080225781 ], [ 88.419774651704216, 22.526731972661555 ] ] ] } },
{ "type": "Feature", "properties": { "source": "KMC ward sewerage network map (ArcMap GeoPDF), water raster", "extraction_method": "geopdf_raster_polygonised", "wards": "101,102,105,106,107,108,109" }, "geometry": { "type": "Polygon", "coordinates": [ [ [ 88.420296267156559, 22.526484075884241 ], [ 88.420273306868268, 22.526492290409525 ], [ 88.420259057239676, 22.526505805955118 ], [ 88.420248172363699, 22.52655953151142 ], [ 88.420248783724475, 22.5266104908419 ], [ 88.420237995369078, 22.526672262607494 ], [ 88.420261760121065, 22.526731099835089 ], [ 88.420265092712711, 22.52676862777512 ], [ 88.420285460538722, 22.526784572917883 ], [ 88.420314345982675, 22.526789726657729 ], [ 88.420363341831688, 22.526789368965925 ], [ 88.420374773727787, 22.526781238591553 ], [ 88.42041159753316, 22.526727323654459 ], [ 88.420437472138019, 22.526721770135481 ], [ 88.420442818002044, 22.526686861143812 ], [ 88.420441080246505, 22.526542029375481 ], [ 88.420411905231674, 22.526512737027172 ], [ 88.420353909205375, 22.526483655081808 ], [ 88.420296267156559, 22.526484075884241 ] ] ] } },
{ "type": "Feature", "properties": { "source": "KMC ward sewerage network map (ArcMap GeoPDF), water raster", "extraction_method": "geopdf_raster_polygonised", "wards": "101,102,105,106,107,108,109" }, "geometry": { "type": "Polygon", "coordinates": [ [ [ 88.418494620319322, 22.526950527759478 ], [ 88.418508259440799, 22.526886052991781 ], [ 88.418539609096328, 22.526856319108742 ], [ 88.418542073332773, 22.526821431164436 ], [ 88.418553344623405, 22.526799890553999 ], [ 88.41857332653241, 22.526783651059826 ], [ 88.418573165808354, 22.526770240700014 ], [ 88.418567305153246, 22.526762236502105 ], [ 88.418489391742526, 22.52675475750863 ], [ 88.418451699311291, 22.5267362560975 ], [ 88.418368021698285, 22.526728819057745 ], [ 88.418333789920609, 22.526758573912996 ], [ 88.418314290082762, 22.526815044462715 ], [ 88.418314772181247, 22.526855275546499 ], [ 88.418460045702986, 22.527192187337238 ], [ 88.418532195120861, 22.527199708349642 ], [ 88.418543948612651, 22.52721839881707 ], [ 88.418561337767301, 22.52722631897754 ], [ 88.418575748367232, 22.527226213930227 ], [ 88.41859854815965, 22.527204589277556 ], [ 88.41860959444638, 22.52716427416048 ], [ 88.418644083429783, 22.527155975819941 ], [ 88.41865833328707, 22.527142460406907 ], [ 88.418657915376954, 22.527107593474216 ], [ 88.418602576520755, 22.527059715379853 ], [ 88.418570166046692, 22.527000940904177 ], [ 88.418515116559192, 22.526977201423001 ], [ 88.418494620319322, 22.526950527759478 ] ] ] } },
{ "type": "Feature", "properties": { "source": "KMC ward sewerage network map (ArcMap GeoPDF), water raster", "extraction_method": "geopdf_raster_polygonised", "wards": "101,102,105,106,107,108,109" }, "geometry": { "type": "Polygon", "coordinates": [ [ [ 88.420104866521044, 22.527107767764573 ], [ 88.420136344564966, 22.527088761866253 ], [ 88.420147390391719, 22.527048446666509 ], [ 88.420106204246935, 22.526979007365743 ], [ 88.420102839515053, 22.526938797351342 ], [ 88.420082310814237, 22.526909441835265 ], [ 88.420081989073211, 22.52688262113406 ], [ 88.420073149696748, 22.526866591821587 ], [ 88.419980439571532, 22.526827033893952 ], [ 88.419960071771712, 22.526811088711156 ], [ 88.419913958016394, 22.526811425247519 ], [ 88.419885265599603, 22.526822363857576 ], [ 88.419871112409055, 22.526843925583126 ], [ 88.419852192252165, 22.526948673553935 ], [ 88.419832435665327, 22.526983687692869 ], [ 88.419778254540773, 22.527032364556444 ], [ 88.419654420112238, 22.527041315049924 ], [ 88.419620510208006, 22.527097890873598 ], [ 88.419583493006058, 22.527135713224339 ], [ 88.419569468396361, 22.527168003209166 ], [ 88.419578339902372, 22.527186714621365 ], [ 88.419601493341418, 22.52719459261148 ], [ 88.419734070768442, 22.527193625272371 ], [ 88.419771795648941, 22.527214808437261 ], [ 88.419786560097705, 22.527244206055617 ], [ 88.419818359913563, 22.527252020919249 ], [ 88.41986143084641, 22.527238295084075 ], [ 88.419930633864752, 22.527240472356386 ], [ 88.419948183952457, 22.527261802713547 ], [ 88.419951355620384, 22.527285920310675 ], [ 88.419948827393796, 22.52731544411651 ], [ 88.419937459772655, 22.527328938603951 ], [ 88.419941339226114, 22.527412061743878 ], [ 88.419973267778786, 22.527430604854608 ], [ 88.42001342445252, 22.527414217941729 ], [ 88.420038848768115, 22.527371115499744 ], [ 88.420096040741171, 22.52733314579125 ], [ 88.420089954752058, 22.527306367165306 ], [ 88.42003490491156, 22.527282628224622 ], [ 88.420034583174498, 22.527255807524117 ], [ 88.420042875618819, 22.527226241646073 ], [ 88.420068364242525, 22.527188503340785 ], [ 88.420082131339811, 22.52713475675813 ], [ 88.420104866521044, 22.527107767764573 ] ] ] } },
{ "type": "Feature", "properties": { "source": "KMC ward sewerage network map (ArcMap GeoPDF), water raster", "extraction_method": "geopdf_raster_polygonised", "wards": "101,102,105,106,107,108,109" }, "geometry": { "type": "Polygon", "coordinates": [ [ [ 88.419368202568535, 22.527209706058514 ], [ 88.419368717141211, 22.527252619192289 ], [ 88.419363017223517, 22.527258025381549 ], [ 88.419305439148417, 22.52726380998752 ], [ 88.419273864465708, 22.527274769517913 ], [ 88.419277100335989, 22.527304251276203 ], [ 88.419285875335419, 22.527314916493019 ], [ 88.419303168061063, 22.527314790357675 ], [ 88.419311621465013, 22.527298634863879 ], [ 88.419349121192766, 22.527301043633393 ], [ 88.419357928357954, 22.52731439091685 ], [ 88.419375317566136, 22.527322310986239 ], [ 88.419409903017794, 22.527322058694402 ], [ 88.419427324391648, 22.527332660828716 ], [ 88.419447917351889, 22.527367380572233 ], [ 88.419462295798255, 22.527364593374088 ], [ 88.419487655955521, 22.527316126869206 ], [ 88.41954516971208, 22.527304978056076 ], [ 88.419556473042178, 22.527286119453223 ], [ 88.419550419322832, 22.527262022871891 ], [ 88.419498444680627, 22.527254355138929 ], [ 88.419417166423628, 22.527206666576266 ], [ 88.419391163034163, 22.527201491654221 ], [ 88.419368202568535, 22.527209706058514 ] ] ] } },
{ "type": "Feature", "properties": { "source": "KMC ward sewerage network map (ArcMap GeoPDF), water raster", "extraction_method": "geopdf_raster_polygonised", "wards": "101,102,105,106,107,108,109" }, "geometry": { "type": "Polygon", "coordinates": [ [ [ 88.418956123864206, 22.527218076072003 ], [ 88.418930538465659, 22.527247768002677 ], [ 88.418939956487534, 22.527312074667115 ], [ 88.41892301743512, 22.527341703548391 ], [ 88.41894613871618, 22.52734689956193 ], [ 88.418963720826653, 22.527370912104608 ], [ 88.419012877679322, 22.527383965169552 ], [ 88.419024406170152, 22.527383881098789 ], [ 88.419038430928268, 22.52735159115467 ], [ 88.419072855615923, 22.527337928578952 ], [ 88.419098505309535, 22.527313600768991 ], [ 88.419092194422944, 22.527268047597079 ], [ 88.419080473010396, 22.527252039245024 ], [ 88.419037048285006, 22.527236262091563 ], [ 88.419010851977177, 22.527214994679909 ], [ 88.418956123864206, 22.527218076072003 ] ] ] } },
{ "type": "Feature", "properties": { "source": "KMC ward sewerage network map (ArcMap GeoPDF), water raster", "extraction_method": "geopdf_raster_polygonised", "wards": "101,102,105,106,107,108,109" }, "geometry": { "type": "Polygon", "coordinates": [ [ [ 88.419067971423232, 22.527651793957236 ], [ 88.419068132201161, 22.527665204312619 ], [ 88.419100382270386, 22.527710568309352 ], [ 88.419238435045997, 22.527685420676075 ], [ 88.419312759344777, 22.527633914743099 ], [ 88.419321148443984, 22.527612395106921 ], [ 88.419279737399137, 22.527524181090605 ], [ 88.41918491668109, 22.527549013444311 ], [ 88.419141974203541, 22.527573467390365 ], [ 88.419101656588396, 22.527576443737775 ], [ 88.41908792122895, 22.527632872326553 ], [ 88.419067971423232, 22.527651793957236 ] ] ] } },
{ "type": "Feature", "properties": { "source": "KMC ward sewerage network map (ArcMap GeoPDF), water raster", "extraction_method": "geopdf_raster_polygonised", "wards": "101,102,105,106,107,108,109" }, "geometry": { "type": "Polygon", "coordinates": [ [ [ 88.420351129510294, 22.527693394778595 ], [ 88.420304532777578, 22.527653500398163 ], [ 88.420324224967572, 22.527613122066128 ], [ 88.420324031889024, 22.527597029648565 ], [ 88.420225556951195, 22.527557513976866 ], [ 88.42018776755755, 22.527530966788071 ], [ 88.420164646209614, 22.527525770957052 ], [ 88.420006032849216, 22.527518881778914 ], [ 88.419847226472768, 22.527495900022426 ], [ 88.419823751271437, 22.527461201368901 ], [ 88.419822625327654, 22.527367328909932 ], [ 88.419773339744523, 22.527343547814635 ], [ 88.419608962347198, 22.527336700295375 ], [ 88.419560030618754, 22.527342421908678 ], [ 88.419540080920228, 22.527361343593103 ], [ 88.419514752938298, 22.527412492176094 ], [ 88.41951232110938, 22.527450062191384 ], [ 88.419524074752033, 22.527468752578759 ], [ 88.419524621542763, 22.527514347778741 ], [ 88.419516232480746, 22.527535867423865 ], [ 88.41943989457998, 22.52765981037772 ], [ 88.419402973672021, 22.527705678906578 ], [ 88.419426706117932, 22.527761834188702 ], [ 88.419610371112455, 22.527934844059967 ], [ 88.419714771282514, 22.527987728391153 ], [ 88.419757874620473, 22.52797668464278 ], [ 88.419850102909805, 22.527976011606462 ], [ 88.41990813165566, 22.528007775771485 ], [ 88.419936953001155, 22.528007565426076 ], [ 88.419962795691703, 22.527999329901125 ], [ 88.419982648894916, 22.527972361954351 ], [ 88.420008588098426, 22.527972172632044 ], [ 88.420026041773184, 22.527985456763972 ], [ 88.420057680896221, 22.527979861221212 ], [ 88.420054412661813, 22.527947697420572 ], [ 88.420077437551342, 22.527944847054432 ], [ 88.420112377085431, 22.527974097370755 ], [ 88.420155834328455, 22.527992556284072 ], [ 88.420179213175032, 22.528019208669129 ], [ 88.420196505981792, 22.528019082433303 ], [ 88.420219402165756, 22.528005503768071 ], [ 88.420261733163613, 22.527930090217172 ], [ 88.420295868238668, 22.527892288753726 ], [ 88.420301053267764, 22.52784396941983 ], [ 88.42029483849339, 22.527806462528257 ], [ 88.420303259625783, 22.527787624918176 ], [ 88.420340437686335, 22.527763212753555 ], [ 88.420357440834621, 22.527738947876514 ], [ 88.420351129510294, 22.527693394778595 ] ] ] } },
{ "type": "Feature", "properties": { "source": "KMC ward sewerage network map (ArcMap GeoPDF), water raster", "extraction_method": "geopdf_raster_polygonised", "wards": "101,102,105,106,107,108,109" }, "geometry": { "type": "Polygon", "coordinates": [ [ [ 88.419062175011362, 22.527649153923768 ], [ 88.419082156973374, 22.527632914364837 ], [ 88.419095924491202, 22.527579167847513 ], [ 88.419058456844212, 22.52757944109382 ], [ 88.419038185492411, 22.527571542009426 ], [ 88.419026174666584, 22.527531395014531 ], [ 88.41903184245399, 22.527523306764966 ], [ 88.419028574473003, 22.52749114292893 ], [ 88.418953767836328, 22.527502417664103 ], [ 88.418933432195686, 22.527489154422966 ], [ 88.418910375195594, 22.527489322551542 ], [ 88.418901825276933, 22.527497431812879 ], [ 88.418905253990317, 22.527543006009548 ], [ 88.41887742943419, 22.527626360376484 ], [ 88.418886783163529, 22.527685302898483 ], [ 88.418794876533227, 22.527712796086792 ], [ 88.418784055318625, 22.527771885713065 ], [ 88.418813712551525, 22.527841409426077 ], [ 88.418816884042997, 22.527865527053351 ], [ 88.418927144615381, 22.52792641609846 ], [ 88.418973676764082, 22.527960946749992 ], [ 88.419005058698218, 22.527933894843816 ], [ 88.419044250979553, 22.527837046029255 ], [ 88.419072815052871, 22.527815379272237 ], [ 88.419049532911941, 22.527796772926205 ], [ 88.419040629276353, 22.527775379413484 ], [ 88.419040243414059, 22.527743194560575 ], [ 88.41906307536587, 22.527724251913842 ], [ 88.419094650167764, 22.527713292419278 ], [ 88.419062400099662, 22.527667928421344 ], [ 88.419062175011362, 22.527649153923768 ] ] ] } },
{ "type": "Feature", "properties": { "source": "KMC ward sewerage network map (ArcMap GeoPDF), water raster", "extraction_method": "geopdf_raster_polygonised", "wards": "101,102,105,106,107,108,109" }, "geometry": { "type": "Polygon", "coordinates": [ [ [ 88.419097512084349, 22.527951996736959 ], [ 88.419102022246307, 22.527847353930191 ], [ 88.41909606504359, 22.527831303543557 ], [ 88.41907572934042, 22.527818040324107 ], [ 88.419050047399182, 22.527839686062922 ], [ 88.419008005141976, 22.527939237967868 ], [ 88.418979505342136, 22.52796626885706 ], [ 88.419070041296123, 22.528064853911708 ], [ 88.419114205902659, 22.528142318671179 ], [ 88.419142866497282, 22.528128698112354 ], [ 88.419197562801287, 22.528122934568042 ], [ 88.419220459107947, 22.528109356039227 ], [ 88.419234548201388, 22.528082430220874 ], [ 88.419233905014565, 22.528028788805969 ], [ 88.4192191727454, 22.528002073208715 ], [ 88.41919592271185, 22.527986148957723 ], [ 88.419117847809858, 22.527965259952328 ], [ 88.419097512084349, 22.527951996736959 ] ] ] } },
{ "type": "Feature", "properties": { "source": "KMC ward sewerage network map (ArcMap GeoPDF), water raster", "extraction_method": "geopdf_raster_polygonised", "wards": "101,102,105,106,107,108,109" }, "geometry": { "type": "Polygon", "coordinates": [ [ [ 88.418722062996437, 22.527890359149527 ], [ 88.418681841719788, 22.527901381611183 ], [ 88.418610399167363, 22.527952866259501 ], [ 88.418590577836881, 22.527982516122126 ], [ 88.418588274343605, 22.528030814420372 ], [ 88.418577002970039, 22.528052355034937 ], [ 88.418580142280916, 22.528073790596618 ], [ 88.418618060133738, 22.528111066455363 ], [ 88.418624113739185, 22.528135163075742 ], [ 88.418701609993178, 22.528107775034815 ], [ 88.418724409901486, 22.528086150360163 ], [ 88.418764663377075, 22.528077809956809 ], [ 88.418827652429712, 22.52804248071293 ], [ 88.41894239127852, 22.527996044863951 ], [ 88.418970826783465, 22.527963649838568 ], [ 88.418816948345039, 22.52787089119597 ], [ 88.41879123420118, 22.527889854824597 ], [ 88.418722062996437, 22.527890359149527 ] ] ] } },
{ "type": "Feature", "properties": { "source": "KMC ward sewerage network map (ArcMap GeoPDF), water raster", "extraction_method": "geopdf_raster_polygonised", "wards": "101,102,105,106,107,108,109" }, "geometry": { "type": "Polygon", "coordinates": [ [ [ 88.419067223471615, 22.528070239072903 ], [ 88.418976655361561, 22.527968971945725 ], [ 88.418956641186526, 22.527982529422918 ], [ 88.418945337721382, 22.528001387989157 ], [ 88.418830598869391, 22.528047823840403 ], [ 88.418767609815234, 22.5280831530855 ], [ 88.418727356338323, 22.528091493489647 ], [ 88.418704556429688, 22.528113118164725 ], [ 88.418624178034534, 22.528140527218628 ], [ 88.418604646008959, 22.528194315726619 ], [ 88.418619667515344, 22.528245170027347 ], [ 88.418631388967427, 22.528261178409483 ], [ 88.418671803243939, 22.528266248383428 ], [ 88.418698096159034, 22.528295562053977 ], [ 88.418701428392794, 22.528333090039169 ], [ 88.418687242723053, 22.52835196960276 ], [ 88.418684585623907, 22.528370765114612 ], [ 88.418702103531999, 22.528389413536033 ], [ 88.418745303540533, 22.528386416262588 ], [ 88.418799389094005, 22.528329693495408 ], [ 88.418833781893028, 22.528313348887604 ], [ 88.4189257210584, 22.52828853773002 ], [ 88.419026499544728, 22.528279755890974 ], [ 88.419083885115754, 22.52825787893811 ], [ 88.4190858668685, 22.528182759934005 ], [ 88.419111323764326, 22.52814233969136 ], [ 88.419067223471615, 22.528070239072903 ] ] ] } },
{ "type": "Feature", "properties": { "source": "KMC ward sewerage network map (ArcMap GeoPDF), water raster", "extraction_method": "geopdf_raster_polygonised", "wards": "101,102,105,106,107,108,109" }, "geometry": { "type": "Polygon", "coordinates": [ [ [ 88.421325400297803, 22.528415865418697 ], [ 88.421124133342232, 22.528457570524459 ], [ 88.421240432949674, 22.528781279527642 ], [ 88.421329586361651, 22.528764534266919 ], [ 88.421325400297803, 22.528415865418697 ] ] ] } },
{ "type": "Feature", "properties": { "source": "KMC ward sewerage network map (ArcMap GeoPDF), water raster", "extraction_method": "geopdf_raster_polygonised", "wards": "101,102,105,106,107,108,109" }, "geometry": { "type": "Polygon", "coordinates": [ [ [ 88.420670861769324, 22.528876638529805 ], [ 88.421033465529192, 22.528828390801309 ], [ 88.421159958159222, 22.528800643635844 ], [ 88.421043658717011, 22.528476934566402 ], [ 88.420592385306747, 22.528582158204614 ], [ 88.420670861769324, 22.528876638529805 ] ] ] } }
]
}
