{
"type": "FeatureCollection",
"name": "ward102_p1_pipes",
"crs": { "type": "name", "properties": { "name": "urn:ogc:def:crs:OGC:1.3:CRS84" } },
"features": [
{ "type": "Feature", "properties": { "ward": 102, "source_sheet": "102_jadavpur4.pdf p1", "source": "KMC ward sewerage network map (ArcMap GeoPDF)", "extraction_method": "geopdf_vector", "georef_max_residual_m": 0.1, "conduit_type": "pipe", "pipe_diameter_mm": 450, "diameter_source": "legend_colour", "diameter_candidates_mm": null, "label_diameter_mm": 450.0, "label_agrees": true, "scheme": null, "flow_arrow": "end" }, "geometry": { "type": "LineString", "coordinates": [ [ 88.381599229244671, 22.485330558025176 ], [ 88.381379817067995, 22.48536451400102 ], [ 88.381125885532967, 22.485403346939613 ], [ 88.381056871005342, 22.485415395847983 ], [ 88.38099277085594, 22.485425109150789 ], [ 88.380928670696136, 22.48543482242853 ], [ 88.380862101510132, 22.485444556305236 ], [ 88.380748691601852, 22.485461564771107 ], [ 88.380627898243318, 22.485480929249462 ], [ 88.380512019353176, 22.485497958171205 ], [ 88.380408485517648, 22.485514883925863 ], [ 88.380282872147859, 22.485545760628593 ], [ 88.380147406163715, 22.485579014015421 ], [ 88.380019347270533, 22.485612205457048 ], [ 88.380002607339364, 22.48566511769473 ], [ 88.379985914638894, 22.485722618295348 ], [ 88.379911938163033, 22.485732413717354 ], [ 88.379833047145851, 22.485744544458395 ], [ 88.379749218067687, 22.485756716376031 ], [ 88.379645660304035, 22.485771347424059 ], [ 88.379537164365487, 22.485786019615549 ], [ 88.379436075675486, 22.485800629830532 ], [ 88.379339901295594, 22.485812904647023 ], [ 88.379253626704042, 22.485827391142628 ], [ 88.379164859357118, 22.485839604057009 ], [ 88.379071177650701, 22.485854152251576 ], [ 88.378984879393116, 22.485866344470594 ], [ 88.37889119754108, 22.485880892563184 ], [ 88.378804899245679, 22.485893084687376 ], [ 88.378711193750021, 22.485905338445953 ], [ 88.378578030905302, 22.485922510145841 ], [ 88.378501632252423, 22.485936913983434 ], [ 88.378422788150559, 22.485953632604144 ], [ 88.378348834995066, 22.485965721455827 ], [ 88.378272436288697, 22.485980125187059 ], [ 88.378200975723047, 22.485994487618985 ], [ 88.378124576981676, 22.486008891281628 ], [ 88.378053116383342, 22.486023253745028 ], [ 88.377979163046348, 22.486035342431265 ], [ 88.377950077133264, 22.486088357300549 ], [ 88.377814492024299, 22.486110137522896 ], [ 88.377612337043431, 22.486141650099057 ], [ 88.377459492169535, 22.48616586828328 ], [ 88.377326399496013, 22.48618992176219 ], [ 88.377195752329257, 22.486211660235877 ], [ 88.377057697912562, 22.486233460401561 ], [ 88.376931988719249, 22.486255157532419 ], [ 88.37680627948221, 22.486276854662709 ], [ 88.376702744483552, 22.486293778086321 ] ] } },
{ "type": "Feature", "properties": { "ward": 102, "source_sheet": "102_jadavpur4.pdf p1", "source": "KMC ward sewerage network map (ArcMap GeoPDF)", "extraction_method": "geopdf_vector", "georef_max_residual_m": 0.1, "conduit_type": "pipe", "pipe_diameter_mm": 300, "diameter_source": "legend_colour", "diameter_candidates_mm": null, "label_diameter_mm": 300.0, "label_agrees": true, "scheme": null, "flow_arrow": "end" }, "geometry": { "type": "LineString", "coordinates": [ [ 88.378230001887559, 22.487616424937791 ], [ 88.378206789293458, 22.487520251446075 ], [ 88.378181013304086, 22.487414921416779 ], [ 88.378157800785175, 22.48731874791229 ], [ 88.378141570773522, 22.487181215912067 ], [ 88.378125034199414, 22.48701385861013 ], [ 88.37810339434138, 22.486830482656369 ], [ 88.378070187769055, 22.486722920108054 ], [ 88.378039497576097, 22.486619925429547 ], [ 88.378011417910756, 22.486530675838072 ], [ 88.377993073095368, 22.486427578236601 ], [ 88.377974586672437, 22.486310715144999 ], [ 88.377956171053398, 22.486200734839151 ], [ 88.377950077133264, 22.486088357300549 ] ] } },
{ "type": "Feature", "properties": { "ward": 102, "source_sheet": "102_jadavpur4.pdf p1", "source": "KMC ward sewerage network map (ArcMap GeoPDF)", "extraction_method": "geopdf_vector", "georef_max_residual_m": 0.1, "conduit_type": "pipe", "pipe_diameter_mm": 300, "diameter_source": "legend_colour", "diameter_candidates_mm": null, "label_diameter_mm": 300.0, "label_agrees": true, "scheme": null, "flow_arrow": "end" }, "geometry": { "type": "LineString", "coordinates": [ [ 88.378157800785175, 22.48731874791229 ], [ 88.378236574905571, 22.487295146594278 ], [ 88.378320287098958, 22.487271504065706 ], [ 88.378403975664284, 22.487245567263905 ], [ 88.378487687794845, 22.487221924651145 ], [ 88.37857386894396, 22.487198261405744 ], [ 88.378652642915924, 22.487174659986533 ], [ 88.378837374004462, 22.487129524537938 ], [ 88.378911257002443, 22.487110552646445 ], [ 88.378982670828606, 22.487091601319602 ], [ 88.37906396092275, 22.48707256756984 ], [ 88.379145227382125, 22.487051239454114 ], [ 88.379221579334654, 22.487032246825205 ], [ 88.379302845640169, 22.487010918728721 ], [ 88.379381666588856, 22.486991905328932 ], [ 88.379455549426126, 22.486972933194938 ] ] } },
{ "type": "Feature", "properties": { "ward": 102, "source_sheet": "102_jadavpur4.pdf p1", "source": "KMC ward sewerage network map (ArcMap GeoPDF)", "extraction_method": "geopdf_vector", "georef_max_residual_m": 0.1, "conduit_type": "pipe", "pipe_diameter_mm": 300, "diameter_source": "legend_colour", "diameter_candidates_mm": null, "label_diameter_mm": 300.0, "label_agrees": true, "scheme": null, "flow_arrow": "end" }, "geometry": { "type": "LineString", "coordinates": [ [ 88.379123799652973, 22.484008972037827 ], [ 88.378987428613485, 22.483714124874506 ], [ 88.379088138288651, 22.483662806829155 ], [ 88.378982316088326, 22.483457188568906 ], [ 88.379011707947811, 22.483433998841296 ], [ 88.379265306097977, 22.483363049755585 ], [ 88.379221916824179, 22.483225744402418 ], [ 88.379226406358413, 22.483182112332273 ] ] } },
{ "type": "Feature", "properties": { "ward": 102, "source_sheet": "102_jadavpur4.pdf p1", "source": "KMC ward sewerage network map (ArcMap GeoPDF)", "extraction_method": "geopdf_vector", "georef_max_residual_m": 0.1, "conduit_type": "pipe", "pipe_diameter_mm": 400, "diameter_source": "legend_colour", "diameter_candidates_mm": null, "label_diameter_mm": 400.0, "label_agrees": true, "scheme": null, "flow_arrow": "end" }, "geometry": { "type": "LineString", "coordinates": [ [ 88.379937742712372, 22.48440141513785 ], [ 88.379863955875337, 22.484429564443577 ], [ 88.379755555575898, 22.484453413747769 ], [ 88.379634857361737, 22.48448195446527 ], [ 88.379479663714875, 22.484517666316286 ], [ 88.379334322479892, 22.484551001390887 ], [ 88.379198833672731, 22.484581959715051 ], [ 88.379063344695211, 22.484612917833477 ] ] } },
{ "type": "Feature", "properties": { "ward": 102, "source_sheet": "102_jadavpur4.pdf p1", "source": "KMC ward sewerage network map (ArcMap GeoPDF)", "extraction_method": "geopdf_vector", "georef_max_residual_m": 0.1, "conduit_type": "pipe", "pipe_diameter_mm": 300, "diameter_source": "legend_colour", "diameter_candidates_mm": null, "label_diameter_mm": 300.0, "label_agrees": true, "scheme": null, "flow_arrow": "end" }, "geometry": { "type": "LineString", "coordinates": [ [ 88.375470894317132, 22.484158714586545 ], [ 88.37556732695667, 22.484171679082355 ], [ 88.375651391169924, 22.484182451904339 ], [ 88.375747823836605, 22.484195416290419 ], [ 88.375859094270226, 22.484210551573561 ], [ 88.376014547709332, 22.484200079948074 ], [ 88.376165063120496, 22.484189649371356 ] ] } },
{ "type": "Feature", "properties": { "ward": 102, "source_sheet": "102_jadavpur4.pdf p1", "source": "KMC ward sewerage network map (ArcMap GeoPDF)", "extraction_method": "geopdf_vector", "georef_max_residual_m": 0.1, "conduit_type": "pipe", "pipe_diameter_mm": 450, "diameter_source": "legend_colour", "diameter_candidates_mm": null, "label_diameter_mm": 450.0, "label_agrees": true, "scheme": null, "flow_arrow": "end" }, "geometry": { "type": "LineString", "coordinates": [ [ 88.379319788149957, 22.485058197048915 ], [ 88.379217094475592, 22.484916797679549 ], [ 88.379096858305772, 22.484750305578274 ], [ 88.379063344695211, 22.484612917833477 ], [ 88.379037757572291, 22.484525942046659 ], [ 88.379014639483202, 22.484438945562875 ], [ 88.37898898161653, 22.484345086973732 ], [ 88.378958196864275, 22.484232915428169 ], [ 88.378924376812847, 22.484065702335865 ], [ 88.378888677806586, 22.483955866280613 ], [ 88.378855613059343, 22.483862069433865 ], [ 88.378822501261254, 22.483763684017227 ], [ 88.378789389410741, 22.483665298591124 ], [ 88.378753761530021, 22.483562345184719 ], [ 88.37872069698102, 22.483468548296585 ], [ 88.378679989557853, 22.48335187055871 ], [ 88.378662045859954, 22.48328777542012 ] ] } },
{ "type": "Feature", "properties": { "ward": 102, "source_sheet": "102_jadavpur4.pdf p1", "source": "KMC ward sewerage network map (ArcMap GeoPDF)", "extraction_method": "geopdf_vector", "georef_max_residual_m": 0.1, "conduit_type": "pipe", "pipe_diameter_mm": 500, "diameter_source": "legend_colour", "diameter_candidates_mm": null, "label_diameter_mm": 500.0, "label_agrees": true, "scheme": null, "flow_arrow": "end" }, "geometry": { "type": "LineString", "coordinates": [ [ 88.378451389433152, 22.484172897214869 ], [ 88.378427705511385, 22.484030838385305 ], [ 88.378404092428781, 22.48389566243474 ], [ 88.378390968783833, 22.483820054841392 ], [ 88.378377797968596, 22.483739858685738 ], [ 88.378364603682371, 22.483657368390066 ], [ 88.378348869547665, 22.483568015788673 ], [ 88.378333111844498, 22.483476368951532 ], [ 88.37831984684189, 22.483386995758995 ], [ 88.378316953207687, 22.483345719683165 ] ] } },
{ "type": "Feature", "properties": { "ward": 102, "source_sheet": "102_jadavpur4.pdf p1", "source": "KMC ward sewerage network map (ArcMap GeoPDF)", "extraction_method": "geopdf_vector", "georef_max_residual_m": 0.1, "conduit_type": "pipe", "pipe_diameter_mm": 300, "diameter_source": "legend_colour", "diameter_candidates_mm": null, "label_diameter_mm": null, "label_agrees": null, "scheme": null, "flow_arrow": "end" }, "geometry": { "type": "LineString", "coordinates": [ [ 88.377918083604314, 22.484177342921921 ], [ 88.377922101737028, 22.484087825649244 ], [ 88.37792607269634, 22.483993719910796 ], [ 88.377929972997677, 22.483892731281877 ], [ 88.377939346116847, 22.483603551842567 ], [ 88.377915827941166, 22.483477552716622 ], [ 88.377902775469849, 22.483408827857179 ] ] } },
{ "type": "Feature", "properties": { "ward": 102, "source_sheet": "102_jadavpur4.pdf p1", "source": "KMC ward sewerage network map (ArcMap GeoPDF)", "extraction_method": "geopdf_vector", "georef_max_residual_m": 0.1, "conduit_type": "pipe", "pipe_diameter_mm": 225, "diameter_source": "legend_colour", "diameter_candidates_mm": null, "label_diameter_mm": 225.0, "label_agrees": true, "scheme": null, "flow_arrow": "end" }, "geometry": { "type": "LineString", "coordinates": [ [ 88.377939346116847, 22.483603551842567 ], [ 88.378045418685033, 22.483593489940663 ], [ 88.378153960321384, 22.483583407292379 ], [ 88.378250180397984, 22.48357572190913 ], [ 88.378348869547665, 22.483568015788673 ] ] } },
{ "type": "Feature", "properties": { "ward": 102, "source_sheet": "102_jadavpur4.pdf p1", "source": "KMC ward sewerage network map (ArcMap GeoPDF)", "extraction_method": "geopdf_vector", "georef_max_residual_m": 0.1, "conduit_type": "pipe", "pipe_diameter_mm": 300, "diameter_source": "legend_colour", "diameter_candidates_mm": null, "label_diameter_mm": 300.0, "label_agrees": true, "scheme": null, "flow_arrow": "end" }, "geometry": { "type": "LineString", "coordinates": [ [ 88.375873520001889, 22.484894179602126 ], [ 88.375833681884856, 22.484621470769952 ], [ 88.376018504955866, 22.484585515791323 ], [ 88.375981912976513, 22.484388497037823 ], [ 88.375866081331296, 22.484410111167861 ], [ 88.37534255595402, 22.484405289082559 ] ] } },
{ "type": "Feature", "properties": { "ward": 102, "source_sheet": "102_jadavpur4.pdf p1", "source": "KMC ward sewerage network map (ArcMap GeoPDF)", "extraction_method": "geopdf_vector", "georef_max_residual_m": 0.1, "conduit_type": "pipe", "pipe_diameter_mm": 300, "diameter_source": "legend_colour", "diameter_candidates_mm": null, "label_diameter_mm": 300.0, "label_agrees": true, "scheme": null, "flow_arrow": "end" }, "geometry": { "type": "LineString", "coordinates": [ [ 88.379115661868155, 22.485137911445502 ], [ 88.379216490534631, 22.485098064625213 ], [ 88.379319788149957, 22.485058197048915 ], [ 88.379450197791641, 22.48501351432629 ], [ 88.379563465761663, 22.484982741209826 ], [ 88.379669350268983, 22.484954324158327 ], [ 88.379780149229347, 22.48492357149858 ], [ 88.379893393421639, 22.484890503926874 ], [ 88.379986956368668, 22.484864483946286 ], [ 88.380058368885656, 22.484845532202801 ], [ 88.380104015970133, 22.484962168267646 ], [ 88.380152203018184, 22.485085666486906 ] ] } },
{ "type": "Feature", "properties": { "ward": 102, "source_sheet": "102_jadavpur4.pdf p1", "source": "KMC ward sewerage network map (ArcMap GeoPDF)", "extraction_method": "geopdf_vector", "georef_max_residual_m": 0.1, "conduit_type": "pipe", "pipe_diameter_mm": 300, "diameter_source": "legend_colour", "diameter_candidates_mm": null, "label_diameter_mm": 300.0, "label_agrees": true, "scheme": null, "flow_arrow": "end" }, "geometry": { "type": "LineString", "coordinates": [ [ 88.378652642915924, 22.487174659986533 ], [ 88.378620143857304, 22.487135925273787 ], [ 88.378585152272279, 22.487094916912191 ], [ 88.378550160605272, 22.48705390854262 ], [ 88.378524785653909, 22.486987580976962 ], [ 88.378504372415861, 22.4869235064583 ], [ 88.378435725701436, 22.486731344737919 ] ] } },
{ "type": "Feature", "properties": { "ward": 102, "source_sheet": "102_jadavpur4.pdf p1", "source": "KMC ward sewerage network map (ArcMap GeoPDF)", "extraction_method": "geopdf_vector", "georef_max_residual_m": 0.1, "conduit_type": "pipe", "pipe_diameter_mm": 300, "diameter_source": "legend_colour", "diameter_candidates_mm": null, "label_diameter_mm": 300.0, "label_agrees": true, "scheme": null, "flow_arrow": "end" }, "geometry": { "type": "LineString", "coordinates": [ [ 88.378787761761501, 22.486627452948817 ], [ 88.378772428160175, 22.486577102854969 ], [ 88.37874176109662, 22.486476402659452 ], [ 88.378713563013036, 22.486375681863596 ], [ 88.378677769169883, 22.486256668697095 ], [ 88.378644562323132, 22.486149106275128 ], [ 88.378626618206724, 22.486085011267058 ], [ 88.378608674107483, 22.486020916160065 ], [ 88.378590800927086, 22.485963703838319 ], [ 88.378578030905302, 22.485922510145841 ] ] } },
{ "type": "Feature", "properties": { "ward": 102, "source_sheet": "102_jadavpur4.pdf p1", "source": "KMC ward sewerage network map (ArcMap GeoPDF)", "extraction_method": "geopdf_vector", "georef_max_residual_m": 0.1, "conduit_type": "pipe", "pipe_diameter_mm": 300, "diameter_source": "legend_colour", "diameter_candidates_mm": null, "label_diameter_mm": 300.0, "label_agrees": true, "scheme": null, "flow_arrow": "end" }, "geometry": { "type": "LineString", "coordinates": [ [ 88.37691180618566, 22.48405035359724 ], [ 88.376920674590195, 22.484192536006972 ], [ 88.377039352095636, 22.484207608781048 ], [ 88.377152902934668, 22.484204368542979 ], [ 88.37725657777375, 22.484201210496185 ], [ 88.377370128696498, 22.484197970104706 ], [ 88.377463927425211, 22.484194894107617 ], [ 88.377594761308472, 22.484191509561459 ] ] } },
{ "type": "Feature", "properties": { "ward": 102, "source_sheet": "102_jadavpur4.pdf p1", "source": "KMC ward sewerage network map (ArcMap GeoPDF)", "extraction_method": "geopdf_vector", "georef_max_residual_m": 0.1, "conduit_type": "pipe", "pipe_diameter_mm": 300, "diameter_source": "legend_colour", "diameter_candidates_mm": null, "label_diameter_mm": 300.0, "label_agrees": true, "scheme": null, "flow_arrow": "end" }, "geometry": { "type": "LineString", "coordinates": [ [ 88.37734359204056, 22.4854601416978 ], [ 88.37749119158876, 22.485406139494845 ], [ 88.377676416070528, 22.485409184919646 ], [ 88.377760764053519, 22.485447487764109 ] ] } },
{ "type": "Feature", "properties": { "ward": 102, "source_sheet": "102_jadavpur4.pdf p1", "source": "KMC ward sewerage network map (ArcMap GeoPDF)", "extraction_method": "geopdf_vector", "georef_max_residual_m": 0.1, "conduit_type": "pipe", "pipe_diameter_mm": 450, "diameter_source": "legend_colour", "diameter_candidates_mm": null, "label_diameter_mm": 450.0, "label_agrees": true, "scheme": null, "flow_arrow": "end" }, "geometry": { "type": "LineString", "coordinates": [ [ 88.377594761308472, 22.484191509561459 ], [ 88.377578579658376, 22.484058565966897 ], [ 88.377564890515671, 22.483927896028597 ], [ 88.377549251168801, 22.483847720450566 ], [ 88.377531048637863, 22.483758388317082 ], [ 88.377515409334038, 22.483678212636605 ], [ 88.377497088857979, 22.483577409235441 ], [ 88.377469269721786, 22.48351339622263 ] ] } },
{ "type": "Feature", "properties": { "ward": 102, "source_sheet": "102_jadavpur4.pdf p1", "source": "KMC ward sewerage network map (ArcMap GeoPDF)", "extraction_method": "geopdf_vector", "georef_max_residual_m": 0.1, "conduit_type": "pipe", "pipe_diameter_mm": 300, "diameter_source": "legend_colour", "diameter_candidates_mm": null, "label_diameter_mm": 300.0, "label_agrees": true, "scheme": null, "flow_arrow": "end" }, "geometry": { "type": "LineString", "coordinates": [ [ 88.377660479066648, 22.484819642797181 ], [ 88.377689525014546, 22.485002957174011 ], [ 88.377705400343842, 22.485106075328211 ], [ 88.37772381557123, 22.485216055694416 ], [ 88.377760764053519, 22.485447487764109 ] ] } },
{ "type": "Feature", "properties": { "ward": 102, "source_sheet": "102_jadavpur4.pdf p1", "source": "KMC ward sewerage network map (ArcMap GeoPDF)", "extraction_method": "geopdf_vector", "georef_max_residual_m": 0.1, "conduit_type": "pipe", "pipe_diameter_mm": 300, "diameter_source": "legend_colour", "diameter_candidates_mm": null, "label_diameter_mm": null, "label_agrees": null, "scheme": null, "flow_arrow": "end" }, "geometry": { "type": "LineString", "coordinates": [ [ 88.378650576668804, 22.484093224785681 ], [ 88.378451389433152, 22.484172897214869 ] ] } },
{ "type": "Feature", "properties": { "ward": 102, "source_sheet": "102_jadavpur4.pdf p1", "source": "KMC ward sewerage network map (ArcMap GeoPDF)", "extraction_method": "geopdf_vector", "georef_max_residual_m": 0.1, "conduit_type": "pipe", "pipe_diameter_mm": 600, "diameter_source": "legend_colour", "diameter_candidates_mm": null, "label_diameter_mm": 600.0, "label_agrees": true, "scheme": null, "flow_arrow": "end" }, "geometry": { "type": "LineString", "coordinates": [ [ 88.376555279433049, 22.483956955314877 ], [ 88.376529081363728, 22.483810328192465 ], [ 88.376521061760599, 22.483750739110022 ] ] } },
{ "type": "Feature", "properties": { "ward": 102, "source_sheet": "102_jadavpur4.pdf p1", "source": "KMC ward sewerage network map (ArcMap GeoPDF)", "extraction_method": "geopdf_vector", "georef_max_residual_m": 0.1, "conduit_type": "pipe", "pipe_diameter_mm": 300, "diameter_source": "legend_colour", "diameter_candidates_mm": null, "label_diameter_mm": 300.0, "label_agrees": true, "scheme": null, "flow_arrow": "end" }, "geometry": { "type": "LineString", "coordinates": [ [ 88.37743312375332, 22.485041804888404 ], [ 88.37746214578506, 22.485222825082278 ], [ 88.377477903184129, 22.48531447200417 ], [ 88.37749119158876, 22.485406139494845 ] ] } },
{ "type": "Feature", "properties": { "ward": 102, "source_sheet": "102_jadavpur4.pdf p1", "source": "KMC ward sewerage network map (ArcMap GeoPDF)", "extraction_method": "geopdf_vector", "georef_max_residual_m": 0.1, "conduit_type": "pipe", "pipe_diameter_mm": 300, "diameter_source": "legend_colour", "diameter_candidates_mm": null, "label_diameter_mm": 300.0, "label_agrees": true, "scheme": null, "flow_arrow": "end" }, "geometry": { "type": "LineString", "coordinates": [ [ 88.378694869140773, 22.485758629475864 ], [ 88.378705783677418, 22.485859494527109 ], [ 88.378711193750021, 22.485905338445953 ] ] } },
{ "type": "Feature", "properties": { "ward": 102, "source_sheet": "102_jadavpur4.pdf p1", "source": "KMC ward sewerage network map (ArcMap GeoPDF)", "extraction_method": "geopdf_vector", "georef_max_residual_m": 0.1, "conduit_type": "pipe", "pipe_diameter_mm": 400, "diameter_source": "legend_colour", "diameter_candidates_mm": null, "label_diameter_mm": 400.0, "label_agrees": true, "scheme": null, "flow_arrow": "end" }, "geometry": { "type": "LineString", "coordinates": [ [ 88.379115661868155, 22.485137911445502 ], [ 88.3791563938682, 22.485256883330187 ], [ 88.379194609708421, 22.485371287144901 ], [ 88.379230285771314, 22.485478828852521 ], [ 88.379266032620848, 22.485593253336699 ], [ 88.379301685194548, 22.485698500789351 ], [ 88.379339901295594, 22.485812904647023 ] ] } },
{ "type": "Feature", "properties": { "ward": 102, "source_sheet": "102_jadavpur4.pdf p1", "source": "KMC ward sewerage network map (ArcMap GeoPDF)", "extraction_method": "geopdf_vector", "georef_max_residual_m": 0.1, "conduit_type": "pipe", "pipe_diameter_mm": 300, "diameter_source": "legend_colour", "diameter_candidates_mm": null, "label_diameter_mm": 300.0, "label_agrees": true, "scheme": null, "flow_arrow": "end" }, "geometry": { "type": "LineString", "coordinates": [ [ 88.380377474765012, 22.483702524541858 ], [ 88.380505508197416, 22.483667038670514 ], [ 88.380635963384847, 22.483626943525316 ], [ 88.380788592073273, 22.483582074228934 ], [ 88.380921515966747, 22.483541958239911 ], [ 88.381022508375395, 22.483518170068891 ], [ 88.381118586422943, 22.483496717413821 ], [ 88.381231900021007, 22.483470531753991 ] ] } },
{ "type": "Feature", "properties": { "ward": 102, "source_sheet": "102_jadavpur4.pdf p1", "source": "KMC ward sewerage network map (ArcMap GeoPDF)", "extraction_method": "geopdf_vector", "georef_max_residual_m": 0.1, "conduit_type": "pipe", "pipe_diameter_mm": 300, "diameter_source": "legend_colour", "diameter_candidates_mm": null, "label_diameter_mm": 300.0, "label_agrees": true, "scheme": null, "flow_arrow": "end" }, "geometry": { "type": "LineString", "coordinates": [ [ 88.381822855472919, 22.484986815473921 ], [ 88.381760453524407, 22.484682174856854 ], [ 88.381891169399168, 22.484667315470418 ], [ 88.381977419268438, 22.484650533382176 ], [ 88.382056309421912, 22.484638401534632 ], [ 88.382140113904455, 22.48462393423091 ], [ 88.38223132536487, 22.484609404856325 ] ] } },
{ "type": "Feature", "properties": { "ward": 102, "source_sheet": "102_jadavpur4.pdf p1", "source": "KMC ward sewerage network map (ArcMap GeoPDF)", "extraction_method": "geopdf_vector", "georef_max_residual_m": 0.1, "conduit_type": "pipe", "pipe_diameter_mm": 300, "diameter_source": "legend_colour", "diameter_candidates_mm": null, "label_diameter_mm": 300.0, "label_agrees": true, "scheme": null, "flow_arrow": "end" }, "geometry": { "type": "LineString", "coordinates": [ [ 88.380280699753698, 22.483416525755331 ], [ 88.380359400407542, 22.483386040826534 ], [ 88.380455336727877, 22.48335082299355 ], [ 88.380553718345936, 22.483313290162659 ], [ 88.380652123436036, 22.483278051600681 ], [ 88.380765271644179, 22.483235806471136 ], [ 88.380903275080854, 22.483209414839948 ], [ 88.38104127835571, 22.483183023093979 ], [ 88.381172016581701, 22.483170458680362 ] ] } },
{ "type": "Feature", "properties": { "ward": 102, "source_sheet": "102_jadavpur4.pdf p1", "source": "KMC ward sewerage network map (ArcMap GeoPDF)", "extraction_method": "geopdf_vector", "georef_max_residual_m": 0.1, "conduit_type": "pipe", "pipe_diameter_mm": 225, "diameter_source": "legend_colour", "diameter_candidates_mm": null, "label_diameter_mm": 225.0, "label_agrees": true, "scheme": null, "flow_arrow": "end" }, "geometry": { "type": "LineString", "coordinates": [ [ 88.379916257214134, 22.483513640729928 ], [ 88.379724171558692, 22.483563427453074 ] ] } },
{ "type": "Feature", "properties": { "ward": 102, "source_sheet": "102_jadavpur4.pdf p1", "source": "KMC ward sewerage network map (ArcMap GeoPDF)", "extraction_method": "geopdf_vector", "georef_max_residual_m": 0.1, "conduit_type": "pipe", "pipe_diameter_mm": 300, "diameter_source": "legend_colour", "diameter_candidates_mm": null, "label_diameter_mm": 300.0, "label_agrees": true, "scheme": null, "flow_arrow": "end" }, "geometry": { "type": "LineString", "coordinates": [ [ 88.379937742712372, 22.48440141513785 ], [ 88.379934541506898, 22.484330313743332 ], [ 88.379903189257817, 22.484163080309852 ], [ 88.379879928999046, 22.484062318491617 ], [ 88.379864359164955, 22.483989025899085 ], [ 88.379854128933914, 22.483954694486943 ], [ 88.379825954290553, 22.483856268100613 ], [ 88.379795381656606, 22.483764745099318 ], [ 88.379759752911966, 22.483661791956077 ], [ 88.379724171558692, 22.483563427453074 ] ] } },
{ "type": "Feature", "properties": { "ward": 102, "source_sheet": "102_jadavpur4.pdf p1", "source": "KMC ward sewerage network map (ArcMap GeoPDF)", "extraction_method": "geopdf_vector", "georef_max_residual_m": 0.1, "conduit_type": "pipe", "pipe_diameter_mm": 400, "diameter_source": "legend_colour", "diameter_candidates_mm": null, "label_diameter_mm": 400.0, "label_agrees": true, "scheme": null, "flow_arrow": "end" }, "geometry": { "type": "LineString", "coordinates": [ [ 88.382599689180665, 22.485131753891594 ], [ 88.382638096982774, 22.485264510858674 ], [ 88.382679044979056, 22.4854041299361 ], [ 88.382707150988765, 22.485495672910186 ], [ 88.382722556747964, 22.485552905349117 ], [ 88.382748761821517, 22.485699530992996 ], [ 88.382769863139515, 22.485830138249106 ], [ 88.382796233909758, 22.48599282375309 ], [ 88.382708437235593, 22.486099102881163 ], [ 88.382602623605436, 22.486134404811583 ], [ 88.382491895526584, 22.48617204210618 ], [ 88.382381167383997, 22.48620967932753 ], [ 88.382260586621172, 22.486249693384554 ], [ 88.38214985824429, 22.486287330549306 ], [ 88.382036684531514, 22.486327282414962 ], [ 88.38185459034888, 22.486388460481731 ], [ 88.381736951324967, 22.486474338655952 ], [ 88.38160701427752, 22.486564908293953 ], [ 88.381491820335469, 22.486648471342232 ], [ 88.381410625475965, 22.486676683393235 ], [ 88.381314639999047, 22.486707313330722 ], [ 88.381203154391343, 22.486671533701589 ], [ 88.381094161617582, 22.486638027591468 ], [ 88.381027757357629, 22.486663821355599 ], [ 88.380978849193312, 22.486710118955152 ], [ 88.380932457210491, 22.48676098446899 ], [ 88.380916521229636, 22.486891901421803 ], [ 88.380962122613894, 22.487003948591134 ], [ 88.381002644041644, 22.487102271531391 ], [ 88.381048221829886, 22.487212024534486 ], [ 88.381086179666468, 22.487301190969475 ], [ 88.381124184943999, 22.487394946039235 ], [ 88.381167175665695, 22.48749324829215 ] ] } },
{ "type": "Feature", "properties": { "ward": 102, "source_sheet": "102_jadavpur4.pdf p1", "source": "KMC ward sewerage network map (ArcMap GeoPDF)", "extraction_method": "geopdf_vector", "georef_max_residual_m": 0.1, "conduit_type": "pipe", "pipe_diameter_mm": 300, "diameter_source": "legend_colour", "diameter_candidates_mm": null, "label_diameter_mm": 300.0, "label_agrees": true, "scheme": null, "flow_arrow": "end" }, "geometry": { "type": "LineString", "coordinates": [ [ 88.383889629852987, 22.483315226775161 ], [ 88.383897936758913, 22.483402346345436 ], [ 88.383901163619498, 22.483475741795139 ], [ 88.383909399599276, 22.483555978681107 ] ] } },
{ "type": "Feature", "properties": { "ward": 102, "source_sheet": "102_jadavpur4.pdf p1", "source": "KMC ward sewerage network map (ArcMap GeoPDF)", "extraction_method": "geopdf_vector", "georef_max_residual_m": 0.1, "conduit_type": "pipe", "pipe_diameter_mm": 300, "diameter_source": "legend_colour", "diameter_candidates_mm": null, "label_diameter_mm": null, "label_agrees": null, "scheme": null, "flow_arrow": "end" }, "geometry": { "type": "LineString", "coordinates": [ [ 88.382155681605326, 22.483499522270879 ], [ 88.382303655515287, 22.483482223881914 ], [ 88.382434393744276, 22.483469658437016 ], [ 88.382614440839262, 22.483449797130877 ], [ 88.382779697565027, 22.483432353765057 ] ] } },
{ "type": "Feature", "properties": { "ward": 102, "source_sheet": "102_jadavpur4.pdf p1", "source": "KMC ward sewerage network map (ArcMap GeoPDF)", "extraction_method": "geopdf_vector", "georef_max_residual_m": 0.1, "conduit_type": "pipe", "pipe_diameter_mm": 300, "diameter_source": "legend_colour", "diameter_candidates_mm": null, "label_diameter_mm": 300.0, "label_agrees": true, "scheme": null, "flow_arrow": "end" }, "geometry": { "type": "LineString", "coordinates": [ [ 88.380017077594744, 22.486351038433547 ], [ 88.379940820731633, 22.486379208430879 ], [ 88.379881728968698, 22.486395762880484 ], [ 88.379825106224615, 22.486412296700134 ], [ 88.379766038050462, 22.486431145338639 ], [ 88.379702031790501, 22.486450035266181 ], [ 88.379522121923628, 22.486483659003817 ], [ 88.379344657486882, 22.486514967807441 ] ] } },
{ "type": "Feature", "properties": { "ward": 102, "source_sheet": "102_jadavpur4.pdf p1", "source": "KMC ward sewerage network map (ArcMap GeoPDF)", "extraction_method": "geopdf_vector", "georef_max_residual_m": 0.1, "conduit_type": "pipe", "pipe_diameter_mm": 300, "diameter_source": "legend_colour", "diameter_candidates_mm": null, "label_diameter_mm": 300.0, "label_agrees": true, "scheme": null, "flow_arrow": "end" }, "geometry": { "type": "LineString", "coordinates": [ [ 88.379388867225842, 22.486012113568137 ], [ 88.380022300090729, 22.485898987545632 ], [ 88.380133146845651, 22.485872823168872 ], [ 88.380261229569001, 22.485841925856846 ], [ 88.380381928790783, 22.485813384622013 ], [ 88.380495220890467, 22.485784905059806 ], [ 88.38063303772789, 22.485740159513256 ], [ 88.380770854573512, 22.485695413852184 ], [ 88.380893904378141, 22.485655380285291 ], [ 88.380878073787414, 22.485556851033042 ], [ 88.380862101510132, 22.485444556305236 ] ] } },
{ "type": "Feature", "properties": { "ward": 102, "source_sheet": "102_jadavpur4.pdf p1", "source": "KMC ward sewerage network map (ArcMap GeoPDF)", "extraction_method": "geopdf_vector", "georef_max_residual_m": 0.1, "conduit_type": "pipe", "pipe_diameter_mm": 300, "diameter_source": "legend_colour", "diameter_candidates_mm": null, "label_diameter_mm": 300.0, "label_agrees": true, "scheme": null, "flow_arrow": "end" }, "geometry": { "type": "LineString", "coordinates": [ [ 88.379815760698889, 22.486703770290472 ], [ 88.379682833466276, 22.486743885519811 ], [ 88.379547413390881, 22.486781726923379 ], [ 88.379419400464769, 22.486819506502162 ] ] } },
{ "type": "Feature", "properties": { "ward": 102, "source_sheet": "102_jadavpur4.pdf p1", "source": "KMC ward sewerage network map (ArcMap GeoPDF)", "extraction_method": "geopdf_vector", "georef_max_residual_m": 0.1, "conduit_type": "pipe", "pipe_diameter_mm": 300, "diameter_source": "legend_colour", "diameter_candidates_mm": null, "label_diameter_mm": 300.0, "label_agrees": true, "scheme": null, "flow_arrow": "end" }, "geometry": { "type": "LineString", "coordinates": [ [ 88.379795381656606, 22.483764745099318 ], [ 88.37965516817988, 22.483816393248404 ], [ 88.379519869062563, 22.48386570584454 ], [ 88.379399312954206, 22.483908011941999 ], [ 88.379273866001995, 22.483954947611874 ], [ 88.379123799652973, 22.484008972037827 ], [ 88.378924376812847, 22.484065702335865 ] ] } },
{ "type": "Feature", "properties": { "ward": 102, "source_sheet": "102_jadavpur4.pdf p1", "source": "KMC ward sewerage network map (ArcMap GeoPDF)", "extraction_method": "geopdf_vector", "georef_max_residual_m": 0.1, "conduit_type": "pipe", "pipe_diameter_mm": 300, "diameter_source": "legend_colour", "diameter_candidates_mm": null, "label_diameter_mm": 300.0, "label_agrees": true, "scheme": null, "flow_arrow": "end" }, "geometry": { "type": "LineString", "coordinates": [ [ 88.379702031790501, 22.486450035266181 ], [ 88.379825873163185, 22.486726630438284 ], [ 88.379882472411808, 22.486707802382771 ], [ 88.379951369592945, 22.486684282697659 ], [ 88.380010437843509, 22.486665433987657 ], [ 88.380063043832266, 22.486738417333179 ], [ 88.380144286291596, 22.486714794500621 ], [ 88.38023044317157, 22.486688836168149 ], [ 88.380263060685806, 22.486739041783643 ], [ 88.380295701852233, 22.48679154162043 ], [ 88.380463691932405, 22.486799316614661 ], [ 88.380520669119903, 22.486817196483464 ], [ 88.380604924140769, 22.486846320642915 ], [ 88.380733149537278, 22.486829188483711 ], [ 88.380856413076131, 22.486809803246395 ], [ 88.380932457210491, 22.48676098446899 ] ] } },
{ "type": "Feature", "properties": { "ward": 102, "source_sheet": "102_jadavpur4.pdf p1", "source": "KMC ward sewerage network map (ArcMap GeoPDF)", "extraction_method": "geopdf_vector", "georef_max_residual_m": 0.1, "conduit_type": "pipe", "pipe_diameter_mm": 400, "diameter_source": "legend_colour", "diameter_candidates_mm": null, "label_diameter_mm": null, "label_agrees": null, "scheme": null, "flow_arrow": "end" }, "geometry": { "type": "LineString", "coordinates": [ [ 88.381478172191819, 22.484845145715621 ], [ 88.381444774455559, 22.484719229922398 ], [ 88.381414011398533, 22.484609353278337 ], [ 88.381388328150365, 22.484513200832378 ], [ 88.381365114042254, 22.484417027843381 ], [ 88.381339360045374, 22.484313992600264 ], [ 88.381310900677505, 22.484188035497194 ], [ 88.381282488650825, 22.484066666938567 ] ] } },
{ "type": "Feature", "properties": { "ward": 102, "source_sheet": "102_jadavpur4.pdf p1", "source": "KMC ward sewerage network map (ArcMap GeoPDF)", "extraction_method": "geopdf_vector", "georef_max_residual_m": 0.1, "conduit_type": "pipe", "pipe_diameter_mm": 400, "diameter_source": "legend_colour", "diameter_candidates_mm": null, "label_diameter_mm": 400.0, "label_agrees": true, "scheme": null, "flow_arrow": "end" }, "geometry": { "type": "LineString", "coordinates": [ [ 88.380152203018184, 22.485085666486906 ], [ 88.380307397079747, 22.485049953967447 ], [ 88.380455231182026, 22.485018891615031 ], [ 88.380612917714444, 22.484985452420897 ], [ 88.380770604060658, 22.48495201317257 ], [ 88.380888857023592, 22.484925786450475 ], [ 88.381007133574741, 22.484901853872977 ], [ 88.380981427004031, 22.484803407123994 ], [ 88.38095818947609, 22.484704939743107 ], [ 88.380937562804363, 22.484620217299092 ], [ 88.380904496516663, 22.484526420957572 ], [ 88.380871312203723, 22.484421153266464 ], [ 88.380830602683886, 22.484304476189845 ], [ 88.38077707550147, 22.484142017040455 ] ] } },
{ "type": "Feature", "properties": { "ward": 102, "source_sheet": "102_jadavpur4.pdf p1", "source": "KMC ward sewerage network map (ArcMap GeoPDF)", "extraction_method": "geopdf_vector", "georef_max_residual_m": 0.1, "conduit_type": "pipe", "pipe_diameter_mm": 300, "diameter_source": "legend_colour", "diameter_candidates_mm": null, "label_diameter_mm": 300.0, "label_agrees": true, "scheme": null, "flow_arrow": "end" }, "geometry": { "type": "LineString", "coordinates": [ [ 88.380811408291251, 22.485077867261325 ], [ 88.380770604060658, 22.48495201317257 ] ] } },
{ "type": "Feature", "properties": { "ward": 102, "source_sheet": "102_jadavpur4.pdf p1", "source": "KMC ward sewerage network map (ArcMap GeoPDF)", "extraction_method": "geopdf_vector", "georef_max_residual_m": 0.1, "conduit_type": "pipe", "pipe_diameter_mm": 300, "diameter_source": "legend_colour", "diameter_candidates_mm": null, "label_diameter_mm": 300.0, "label_agrees": true, "scheme": null, "flow_arrow": "end" }, "geometry": { "type": "LineString", "coordinates": [ [ 88.381942696587444, 22.484396139387954 ], [ 88.381958669663788, 22.484508433984157 ], [ 88.381977419268438, 22.484650533382176 ] ] } },
{ "type": "Feature", "properties": { "ward": 102, "source_sheet": "102_jadavpur4.pdf p1", "source": "KMC ward sewerage network map (ArcMap GeoPDF)", "extraction_method": "geopdf_vector", "georef_max_residual_m": 0.1, "conduit_type": "pipe", "pipe_diameter_mm": 225, "diameter_source": "legend_colour", "diameter_candidates_mm": null, "label_diameter_mm": 225.0, "label_agrees": true, "scheme": null, "flow_arrow": "end" }, "geometry": { "type": "LineString", "coordinates": [ [ 88.383436547474091, 22.484154199394141 ], [ 88.383313121016343, 22.484157526789129 ], [ 88.383202063172206, 22.484163044928543 ] ] } },
{ "type": "Feature", "properties": { "ward": 102, "source_sheet": "102_jadavpur4.pdf p1", "source": "KMC ward sewerage network map (ArcMap GeoPDF)", "extraction_method": "geopdf_vector", "georef_max_residual_m": 0.1, "conduit_type": "pipe", "pipe_diameter_mm": 225, "diameter_source": "legend_colour", "diameter_candidates_mm": null, "label_diameter_mm": null, "label_agrees": null, "scheme": null, "flow_arrow": "end" }, "geometry": { "type": "LineString", "coordinates": [ [ 88.382281428798564, 22.485636900409219 ], [ 88.382377555375072, 22.48562003549613 ], [ 88.382473658157664, 22.485600876108904 ], [ 88.38257469904741, 22.485581675459748 ], [ 88.382722556747964, 22.485552905349117 ] ] } },
{ "type": "Feature", "properties": { "ward": 102, "source_sheet": "102_jadavpur4.pdf p1", "source": "KMC ward sewerage network map (ArcMap GeoPDF)", "extraction_method": "geopdf_vector", "georef_max_residual_m": 0.1, "conduit_type": "pipe", "pipe_diameter_mm": 225, "diameter_source": "legend_colour", "diameter_candidates_mm": null, "label_diameter_mm": 225.0, "label_agrees": true, "scheme": null, "flow_arrow": "end" }, "geometry": { "type": "LineString", "coordinates": [ [ 88.382351327047644, 22.485471115446696 ], [ 88.382481925254098, 22.485444784314492 ], [ 88.382600201899109, 22.485420850560704 ], [ 88.382679044979056, 22.4854041299361 ] ] } },
{ "type": "Feature", "properties": { "ward": 102, "source_sheet": "102_jadavpur4.pdf p1", "source": "KMC ward sewerage network map (ArcMap GeoPDF)", "extraction_method": "geopdf_vector", "georef_max_residual_m": 0.1, "conduit_type": "pipe", "pipe_diameter_mm": 300, "diameter_source": "legend_colour", "diameter_candidates_mm": null, "label_diameter_mm": 300.0, "label_agrees": true, "scheme": null, "flow_arrow": "end" }, "geometry": { "type": "LineString", "coordinates": [ [ 88.372680111618564, 22.495913468472828 ], [ 88.372752871538495, 22.495784374668492 ], [ 88.372832944882475, 22.495646042178365 ], [ 88.37290330577423, 22.495523851624633 ], [ 88.372978487463655, 22.49539014865822 ], [ 88.373033821254936, 22.495247432734431 ], [ 88.373086826754047, 22.495118502808914 ], [ 88.373137316032071, 22.494985004914142 ], [ 88.373192720080993, 22.494849171742601 ], [ 88.373245654737246, 22.494713359071607 ], [ 88.373346750151541, 22.494457834452497 ], [ 88.37361807821695, 22.494187128429878 ] ] } },
{ "type": "Feature", "properties": { "ward": 102, "source_sheet": "102_jadavpur4.pdf p1", "source": "KMC ward sewerage network map (ArcMap GeoPDF)", "extraction_method": "geopdf_vector", "georef_max_residual_m": 0.1, "conduit_type": "pipe", "pipe_diameter_mm": 450, "diameter_source": "legend_colour", "diameter_candidates_mm": null, "label_diameter_mm": 450.0, "label_agrees": true, "scheme": null, "flow_arrow": "end" }, "geometry": { "type": "LineString", "coordinates": [ [ 88.374270449424444, 22.492786676485316 ], [ 88.37434555994578, 22.4928870079981 ], [ 88.374464221214694, 22.492899788062626 ], [ 88.374606493941386, 22.493047744511813 ], [ 88.374608094772682, 22.493203754179635 ], [ 88.374612023528258, 22.493345977719628 ], [ 88.374613341882167, 22.493474456202922 ], [ 88.374614825041576, 22.49361899450604 ], [ 88.37461609633084, 22.493742884518973 ], [ 88.374621108109253, 22.493990644002952 ], [ 88.374545858096468, 22.494117464847601 ], [ 88.374395990879222, 22.494192133732067 ], [ 88.374223124073765, 22.494191276703255 ], [ 88.374020603383499, 22.494188371487855 ], [ 88.373808229504576, 22.494187842441708 ], [ 88.37361807821695, 22.494187128429878 ], [ 88.373200690886762, 22.494181418888804 ], [ 88.373047577560826, 22.494180396384593 ], [ 88.372906810124817, 22.494179271281354 ], [ 88.372778388682519, 22.494178043515003 ], [ 88.372654905595013, 22.49417677463417 ], [ 88.372536384371358, 22.494177758885048 ], [ 88.372109120231798, 22.494172128432876 ], [ 88.371934134724981, 22.494446621337563 ], [ 88.37179926871319, 22.494539518992962 ], [ 88.371516675955661, 22.494434024665939 ] ] } },
{ "type": "Feature", "properties": { "ward": 102, "source_sheet": "102_jadavpur4.pdf p1", "source": "KMC ward sewerage network map (ArcMap GeoPDF)", "extraction_method": "geopdf_vector", "georef_max_residual_m": 0.1, "conduit_type": "pipe", "pipe_diameter_mm": 400, "diameter_source": "legend_colour", "diameter_candidates_mm": null, "label_diameter_mm": 400.0, "label_agrees": true, "scheme": null, "flow_arrow": "end" }, "geometry": { "type": "LineString", "coordinates": [ [ 88.373245654737246, 22.494713359071607 ], [ 88.373139243937857, 22.494691298582051 ], [ 88.373025402088587, 22.494667005322839 ], [ 88.372914052874179, 22.4946449857059 ], [ 88.372797741906453, 22.494620712792162 ], [ 88.372683923569795, 22.494598713520929 ], [ 88.372567612568915, 22.494574440437813 ], [ 88.372456263587495, 22.494552420591585 ], [ 88.37232017566339, 22.494526017020405 ], [ 88.372181594994316, 22.494497339692021 ], [ 88.37204795274495, 22.494468621151977 ], [ 88.371934134724981, 22.494446621337563 ] ] } },
{ "type": "Feature", "properties": { "ward": 102, "source_sheet": "102_jadavpur4.pdf p1", "source": "KMC ward sewerage network map (ArcMap GeoPDF)", "extraction_method": "geopdf_vector", "georef_max_residual_m": 0.1, "conduit_type": "pipe", "pipe_diameter_mm": 450, "diameter_source": "legend_colour", "diameter_candidates_mm": null, "label_diameter_mm": 450.0, "label_agrees": true, "scheme": null, "flow_arrow": "end" }, "geometry": { "type": "LineString", "coordinates": [ [ 88.37946269994039, 22.48862717440096 ], [ 88.379326273117016, 22.488807280274958 ], [ 88.379216675249154, 22.488955039732701 ], [ 88.379032366898628, 22.489041472339277 ], [ 88.378840698272526, 22.489132554899403 ], [ 88.378670826380073, 22.489182155372152 ], [ 88.378510807097527, 22.489229379076018 ], [ 88.378286779924707, 22.489295491869125 ], [ 88.37811222897632, 22.489370369772839 ], [ 88.377969634543817, 22.489431214339614 ], [ 88.377831954571889, 22.48948972339268 ], [ 88.377615617036099, 22.489583304699238 ], [ 88.377441065229277, 22.489658181910265 ] ] } },
{ "type": "Feature", "properties": { "ward": 102, "source_sheet": "102_jadavpur4.pdf p1", "source": "KMC ward sewerage network map (ArcMap GeoPDF)", "extraction_method": "geopdf_vector", "georef_max_residual_m": 0.1, "conduit_type": "pipe", "pipe_diameter_mm": 300, "diameter_source": "legend_colour", "diameter_candidates_mm": null, "label_diameter_mm": 300.0, "label_agrees": true, "scheme": null, "flow_arrow": "end" }, "geometry": { "type": "LineString", "coordinates": [ [ 88.376882239267459, 22.489343908559167 ], [ 88.376729367167684, 22.489365831896418 ], [ 88.376591474544739, 22.489403691631583 ], [ 88.376335606957724, 22.489495305919359 ], [ 88.376215021400668, 22.489535315666153 ], [ 88.376163358742929, 22.489554101397317 ] ] } },
{ "type": "Feature", "properties": { "ward": 102, "source_sheet": "102_jadavpur4.pdf p1", "source": "KMC ward sewerage network map (ArcMap GeoPDF)", "extraction_method": "geopdf_vector", "georef_max_residual_m": 0.1, "conduit_type": "pipe", "pipe_diameter_mm": 300, "diameter_source": "legend_colour", "diameter_candidates_mm": null, "label_diameter_mm": 300.0, "label_agrees": true, "scheme": null, "flow_arrow": "end" }, "geometry": { "type": "LineString", "coordinates": [ [ 88.374455089770876, 22.48960273084672 ], [ 88.37445447785781, 22.48954308008652 ], [ 88.37445355999148, 22.48945360389758 ], [ 88.374452453852115, 22.48934577373733 ], [ 88.374451324182928, 22.489235649150036 ], [ 88.374450335729222, 22.489139290254371 ], [ 88.374452098779727, 22.489070441832741 ], [ 88.374451369211727, 22.488999319800765 ], [ 88.37445071024878, 22.488935080471499 ], [ 88.374449980686194, 22.488863958438287 ], [ 88.37444929819425, 22.488797424873415 ], [ 88.374448662772423, 22.488735479777002 ], [ 88.374448192091876, 22.488689594608598 ] ] } },
{ "type": "Feature", "properties": { "ward": 102, "source_sheet": "102_jadavpur4.pdf p1", "source": "KMC ward sewerage network map (ArcMap GeoPDF)", "extraction_method": "geopdf_vector", "georef_max_residual_m": 0.1, "conduit_type": "pipe", "pipe_diameter_mm": 300, "diameter_source": "legend_colour", "diameter_candidates_mm": null, "label_diameter_mm": 300.0, "label_agrees": true, "scheme": null, "flow_arrow": "end" }, "geometry": { "type": "LineString", "coordinates": [ [ 88.374916807336675, 22.489117055405661 ], [ 88.375041624815481, 22.489008177867188 ], [ 88.375149723513047, 22.488954506107802 ], [ 88.375252907506592, 22.488903169691383 ], [ 88.375353645888126, 22.488854147988665 ], [ 88.375449445932048, 22.488805167410906 ], [ 88.375515781806172, 22.488772493052551 ] ] } },
{ "type": "Feature", "properties": { "ward": 102, "source_sheet": "102_jadavpur4.pdf p1", "source": "KMC ward sewerage network map (ArcMap GeoPDF)", "extraction_method": "geopdf_vector", "georef_max_residual_m": 0.1, "conduit_type": "pipe", "pipe_diameter_mm": 450, "diameter_source": "legend_colour", "diameter_candidates_mm": null, "label_diameter_mm": 450.0, "label_agrees": true, "scheme": null, "flow_arrow": "end" }, "geometry": { "type": "LineString", "coordinates": [ [ 88.374093790304414, 22.487841297236084 ], [ 88.37400622098653, 22.487970514723443 ], [ 88.373974993444605, 22.488055669154843 ], [ 88.373953712726291, 22.488147624300279 ], [ 88.373956934608628, 22.488221020164801 ], [ 88.374065856624171, 22.488247648320012 ], [ 88.374196812201632, 22.488255737609876 ], [ 88.374325275184347, 22.488261553084172 ], [ 88.374438923736648, 22.488267491624956 ], [ 88.374513043391985, 22.488271464229797 ] ] } },
{ "type": "Feature", "properties": { "ward": 102, "source_sheet": "102_jadavpur4.pdf p1", "source": "KMC ward sewerage network map (ArcMap GeoPDF)", "extraction_method": "geopdf_vector", "georef_max_residual_m": 0.1, "conduit_type": "pipe", "pipe_diameter_mm": 600, "diameter_source": "legend_colour", "diameter_candidates_mm": null, "label_diameter_mm": 600.0, "label_agrees": true, "scheme": null, "flow_arrow": "end" }, "geometry": { "type": "LineString", "coordinates": [ [ 88.373412207827755, 22.488799160858196 ], [ 88.37354532735408, 22.488777404696748 ], [ 88.373688299537378, 22.488753272220588 ], [ 88.373979158676065, 22.488702671423255 ], [ 88.374226020806262, 22.4886960305125 ], [ 88.374448192091876, 22.488689594608598 ], [ 88.374707399738895, 22.488682850317147 ], [ 88.374892369757958, 22.488660661959265 ], [ 88.375183369313973, 22.488623824518704 ], [ 88.375319004385076, 22.488606635033197 ], [ 88.375432464819923, 22.488594218700978 ], [ 88.375673799554562, 22.488530260263257 ], [ 88.375718149010495, 22.488520713374598 ] ] } },
{ "type": "Feature", "properties": { "ward": 102, "source_sheet": "102_jadavpur4.pdf p1", "source": "KMC ward sewerage network map (ArcMap GeoPDF)", "extraction_method": "geopdf_vector", "georef_max_residual_m": 0.1, "conduit_type": "pipe", "pipe_diameter_mm": 450, "diameter_source": "legend_colour", "diameter_candidates_mm": null, "label_diameter_mm": 450.0, "label_agrees": true, "scheme": null, "flow_arrow": "end" }, "geometry": { "type": "LineString", "coordinates": [ [ 88.374328705700179, 22.487873761326554 ], [ 88.374619703831613, 22.487836925071047 ], [ 88.374984679935025, 22.487790295196142 ], [ 88.375258394109963, 22.487753601556289 ], [ 88.375289624153908, 22.487909364795307 ], [ 88.375320830831996, 22.48806283369154 ], [ 88.375349380028339, 22.488197969056849 ], [ 88.375372685007576, 22.488303320171838 ], [ 88.375396013575568, 22.488410965514035 ], [ 88.375416778909269, 22.488509454362863 ], [ 88.375432464819923, 22.488594218700978 ] ] } },
{ "type": "Feature", "properties": { "ward": 102, "source_sheet": "102_jadavpur4.pdf p1", "source": "KMC ward sewerage network map (ArcMap GeoPDF)", "extraction_method": "geopdf_vector", "georef_max_residual_m": 0.1, "conduit_type": "pipe", "pipe_diameter_mm": 600, "diameter_source": "legend_colour", "diameter_candidates_mm": null, "label_diameter_mm": 600.0, "label_agrees": true, "scheme": null, "flow_arrow": "end" }, "geometry": { "type": "LineString", "coordinates": [ [ 88.373793925639021, 22.487495031868136 ], [ 88.373925680425927, 22.487581126373389 ], [ 88.374067664417197, 22.487701552489945 ], [ 88.374147733600765, 22.487804137586664 ], [ 88.374217785359747, 22.487893039134242 ], [ 88.374322898516297, 22.488029832692352 ], [ 88.374415478267551, 22.4881483748349 ], [ 88.374513043391985, 22.488271464229797 ], [ 88.374568587044436, 22.488390314203677 ], [ 88.374626623511588, 22.488511437758724 ], [ 88.374679604136787, 22.488621131179649 ], [ 88.374707399738895, 22.488682850317147 ] ] } },
{ "type": "Feature", "properties": { "ward": 102, "source_sheet": "102_jadavpur4.pdf p1", "source": "KMC ward sewerage network map (ArcMap GeoPDF)", "extraction_method": "geopdf_vector", "georef_max_residual_m": 0.1, "conduit_type": "pipe", "pipe_diameter_mm": 300, "diameter_source": "legend_colour", "diameter_candidates_mm": null, "label_diameter_mm": 300.0, "label_agrees": true, "scheme": null, "flow_arrow": "end" }, "geometry": { "type": "LineString", "coordinates": [ [ 88.374450335729222, 22.489139290254371 ], [ 88.374563867318116, 22.489133757307545 ], [ 88.374689744332159, 22.489128121713573 ], [ 88.374813152242012, 22.489122506460795 ], [ 88.374916807336675, 22.489117055405661 ] ] } },
{ "type": "Feature", "properties": { "ward": 102, "source_sheet": "102_jadavpur4.pdf p1", "source": "KMC ward sewerage network map (ArcMap GeoPDF)", "extraction_method": "geopdf_vector", "georef_max_residual_m": 0.1, "conduit_type": "pipe", "pipe_diameter_mm": 225, "diameter_source": "legend_colour", "diameter_candidates_mm": null, "label_diameter_mm": 225.0, "label_agrees": true, "scheme": null, "flow_arrow": "end" }, "geometry": { "type": "LineString", "coordinates": [ [ 88.37805322179004, 22.489155183042794 ], [ 88.377952437060671, 22.489199617837428 ], [ 88.377859036035375, 22.48924169659611 ], [ 88.377746141527936, 22.489309176773112 ], [ 88.377811777117017, 22.489448591405189 ], [ 88.377831954571889, 22.48948972339268 ] ] } },
{ "type": "Feature", "properties": { "ward": 102, "source_sheet": "102_jadavpur4.pdf p1", "source": "KMC ward sewerage network map (ArcMap GeoPDF)", "extraction_method": "geopdf_vector", "georef_max_residual_m": 0.1, "conduit_type": "pipe", "pipe_diameter_mm": 300, "diameter_source": "legend_colour", "diameter_candidates_mm": null, "label_diameter_mm": 300.0, "label_agrees": true, "scheme": null, "flow_arrow": "end" }, "geometry": { "type": "LineString", "coordinates": [ [ 88.37640244206618, 22.48758805711978 ], [ 88.376435624049094, 22.487693325821994 ], [ 88.376608246968686, 22.48767123826692 ], [ 88.376697015679099, 22.48765902679035 ], [ 88.376773462646455, 22.487649212315368 ], [ 88.376794275942686, 22.487752289417593 ], [ 88.376822802901799, 22.487885130225926 ], [ 88.376851377171519, 22.488022559583865 ], [ 88.37687995140142, 22.488159988836884 ], [ 88.376911041914653, 22.488301986073829 ], [ 88.376944695975851, 22.488453139851526 ], [ 88.376980866344994, 22.488608861417028 ], [ 88.377004219785604, 22.488718800785147 ] ] } },
{ "type": "Feature", "properties": { "ward": 102, "source_sheet": "102_jadavpur4.pdf p1", "source": "KMC ward sewerage network map (ArcMap GeoPDF)", "extraction_method": "geopdf_vector", "georef_max_residual_m": 0.1, "conduit_type": "pipe", "pipe_diameter_mm": 300, "diameter_source": "legend_colour", "diameter_candidates_mm": null, "label_diameter_mm": 300.0, "label_agrees": true, "scheme": null, "flow_arrow": "end" }, "geometry": { "type": "LineString", "coordinates": [ [ 88.377827220785235, 22.48854903665859 ], [ 88.377605474800873, 22.488596773942678 ], [ 88.377502008971277, 22.488620580651528 ], [ 88.377408395825796, 22.488642010864069 ], [ 88.377312290092888, 22.488661167267917 ], [ 88.377223591458431, 22.488680261903294 ], [ 88.377004219785604, 22.488718800785147 ], [ 88.376905621175084, 22.488735683288251 ], [ 88.376807022537278, 22.488752565732181 ], [ 88.376713362132236, 22.488769406893727 ], [ 88.37659009611275, 22.488788789168456 ], [ 88.376543560390431, 22.488825887935239 ], [ 88.376529806493352, 22.488929253002834 ], [ 88.376300722703135, 22.488983932922515 ], [ 88.376157868583178, 22.489019539061402 ], [ 88.376017459908141, 22.489052830291243 ] ] } },
{ "type": "Feature", "properties": { "ward": 102, "source_sheet": "102_jadavpur4.pdf p1", "source": "KMC ward sewerage network map (ArcMap GeoPDF)", "extraction_method": "geopdf_vector", "georef_max_residual_m": 0.1, "conduit_type": "pipe", "pipe_diameter_mm": 300, "diameter_source": "legend_colour", "diameter_candidates_mm": null, "label_diameter_mm": 300.0, "label_agrees": true, "scheme": null, "flow_arrow": "end" }, "geometry": { "type": "LineString", "coordinates": [ [ 88.377780772207572, 22.488354395235326 ], [ 88.377894090575865, 22.488328211707145 ], [ 88.378009877863761, 22.488302007519327 ], [ 88.378130579749154, 22.488273467753601 ], [ 88.378241428904047, 22.488247304572106 ], [ 88.37833751059695, 22.488225853402938 ], [ 88.378389243335192, 22.48821394970269 ], [ 88.378440975961809, 22.488202046082705 ], [ 88.378492708681534, 22.488190142445685 ], [ 88.378581312282705, 22.488161870021933 ], [ 88.378697004965147, 22.488126488334473 ], [ 88.378802821222024, 22.488091188947173 ], [ 88.378925897366756, 22.488053451085932 ], [ 88.379048949830079, 22.488013418808016 ], [ 88.379157258572974, 22.487980392827918 ], [ 88.37915142324178, 22.487893252325808 ], [ 88.379148127811206, 22.487812973912991 ], [ 88.379229276622411, 22.487780174489384 ], [ 88.379315316284163, 22.487742745361913 ], [ 88.379396465011069, 22.487709945857855 ], [ 88.379509806004606, 22.487686055463616 ], [ 88.37962561611414, 22.487662144383656 ] ] } },
{ "type": "Feature", "properties": { "ward": 102, "source_sheet": "102_jadavpur4.pdf p1", "source": "KMC ward sewerage network map (ArcMap GeoPDF)", "extraction_method": "geopdf_vector", "georef_max_residual_m": 0.1, "conduit_type": "pipe", "pipe_diameter_mm": 225, "diameter_source": "legend_colour", "diameter_candidates_mm": null, "label_diameter_mm": 225.0, "label_agrees": true, "scheme": null, "flow_arrow": "end" }, "geometry": { "type": "LineString", "coordinates": [ [ 88.37897957554425, 22.488470593827678 ], [ 88.378829646035342, 22.488538383676971 ], [ 88.378694483610786, 22.488601461276065 ] ] } },
{ "type": "Feature", "properties": { "ward": 102, "source_sheet": "102_jadavpur4.pdf p1", "source": "KMC ward sewerage network map (ArcMap GeoPDF)", "extraction_method": "geopdf_vector", "georef_max_residual_m": 0.1, "conduit_type": "pipe", "pipe_diameter_mm": 300, "diameter_source": "legend_colour", "diameter_candidates_mm": null, "label_diameter_mm": 300.0, "label_agrees": true, "scheme": null, "flow_arrow": "end" }, "geometry": { "type": "LineString", "coordinates": [ [ 88.377499199073171, 22.489788481376525 ], [ 88.377327894379832, 22.489939048397037 ], [ 88.377369051027543, 22.490099317216774 ], [ 88.377414485620278, 22.490195305724296 ], [ 88.377452394932675, 22.490279884597076 ], [ 88.377445836686746, 22.49036253960249 ], [ 88.377345310309934, 22.490432210894483 ], [ 88.377197611153264, 22.490477036180256 ], [ 88.377059434647222, 22.490487365199858 ], [ 88.376911405253026, 22.490500070701408 ], [ 88.376760906713002, 22.490512796538379 ], [ 88.376632771666252, 22.490539102745668 ], [ 88.376509574787761, 22.490565367729694 ], [ 88.376455348309577, 22.49057499710834 ] ] } },
{ "type": "Feature", "properties": { "ward": 102, "source_sheet": "102_jadavpur4.pdf p1", "source": "KMC ward sewerage network map (ArcMap GeoPDF)", "extraction_method": "geopdf_vector", "georef_max_residual_m": 0.1, "conduit_type": "pipe", "pipe_diameter_mm": 300, "diameter_source": "legend_colour", "diameter_candidates_mm": null, "label_diameter_mm": 300.0, "label_agrees": true, "scheme": null, "flow_arrow": "end" }, "geometry": { "type": "LineString", "coordinates": [ [ 88.375693809853786, 22.492403134111708 ], [ 88.375730941362846, 22.492412002865844 ], [ 88.375765627394856, 22.492423186490267 ], [ 88.375873822609776, 22.492378691267863 ], [ 88.375996785585741, 22.492329484082706 ], [ 88.376122194046886, 22.492277962018424 ], [ 88.37614716836174, 22.492305287510007 ], [ 88.376172142789358, 22.492332612996286 ], [ 88.376215249654607, 22.492442387961091 ], [ 88.37626588187257, 22.492563572388253 ], [ 88.376296242373286, 22.492634447706177 ] ] } },
{ "type": "Feature", "properties": { "ward": 102, "source_sheet": "102_jadavpur4.pdf p1", "source": "KMC ward sewerage network map (ArcMap GeoPDF)", "extraction_method": "geopdf_vector", "georef_max_residual_m": 0.1, "conduit_type": "pipe", "pipe_diameter_mm": 300, "diameter_source": "legend_colour", "diameter_candidates_mm": null, "label_diameter_mm": 300.0, "label_agrees": true, "scheme": null, "flow_arrow": "end" }, "geometry": { "type": "LineString", "coordinates": [ [ 88.377198804166511, 22.491073584336373 ], [ 88.377413854433982, 22.491094736939431 ], [ 88.377562285382496, 22.491121033349526 ], [ 88.377629093566583, 22.491134243288361 ], [ 88.377688447014449, 22.491142926385145 ], [ 88.377740416801288, 22.491153965433401 ] ] } },
{ "type": "Feature", "properties": { "ward": 102, "source_sheet": "102_jadavpur4.pdf p1", "source": "KMC ward sewerage network map (ArcMap GeoPDF)", "extraction_method": "geopdf_vector", "georef_max_residual_m": 0.1, "conduit_type": "pipe", "pipe_diameter_mm": 300, "diameter_source": "legend_colour", "diameter_candidates_mm": null, "label_diameter_mm": 300.0, "label_agrees": true, "scheme": null, "flow_arrow": "end" }, "geometry": { "type": "LineString", "coordinates": [ [ 88.377109406637999, 22.490544310239681 ], [ 88.377118040138114, 22.490663549992508 ], [ 88.377126532277401, 22.490769024066783 ], [ 88.377138342359359, 22.49095707094537 ], [ 88.377155491715996, 22.491184078984535 ], [ 88.377169771029585, 22.491372105275168 ], [ 88.37703664988625, 22.491393864424115 ], [ 88.376881353511479, 22.491420397141695 ], [ 88.37682218848505, 22.491430067890438 ] ] } },
{ "type": "Feature", "properties": { "ward": 102, "source_sheet": "102_jadavpur4.pdf p1", "source": "KMC ward sewerage network map (ArcMap GeoPDF)", "extraction_method": "geopdf_vector", "georef_max_residual_m": 0.1, "conduit_type": "pipe", "pipe_diameter_mm": 225, "diameter_source": "legend_colour", "diameter_candidates_mm": null, "label_diameter_mm": 225.0, "label_agrees": true, "scheme": null, "flow_arrow": "end" }, "geometry": { "type": "LineString", "coordinates": [ [ 88.376786075649193, 22.490799393752873 ], [ 88.37693904360772, 22.490786647213174 ], [ 88.377126532277401, 22.490769024066783 ] ] } },
{ "type": "Feature", "properties": { "ward": 102, "source_sheet": "102_jadavpur4.pdf p1", "source": "KMC ward sewerage network map (ArcMap GeoPDF)", "extraction_method": "geopdf_vector", "georef_max_residual_m": 0.1, "conduit_type": "pipe", "pipe_diameter_mm": 450, "diameter_source": "legend_colour", "diameter_candidates_mm": null, "label_diameter_mm": 450.0, "label_agrees": true, "scheme": null, "flow_arrow": "end" }, "geometry": { "type": "LineString", "coordinates": [ [ 88.375494135420269, 22.493639212581595 ], [ 88.375600282072043, 22.493395117014625 ], [ 88.375643996972613, 22.493323625044123 ], [ 88.375687688167503, 22.49324983883222 ], [ 88.3757609857593, 22.493173511747266 ], [ 88.375831837778776, 22.493099499417117 ], [ 88.37590511165061, 22.493020878041239 ], [ 88.375998021054656, 22.49293062083542 ], [ 88.376095797945595, 22.492833439770774 ], [ 88.376198465864135, 22.492731628879937 ], [ 88.376296242373286, 22.492634447706177 ], [ 88.376377017563968, 22.492564941476317 ], [ 88.376457792672596, 22.492495435113842 ], [ 88.376538544128735, 22.492423634578468 ], [ 88.376626679457644, 22.492349477982739 ], [ 88.376709876306649, 22.4922753624767 ], [ 88.376795542206665, 22.492201226363786 ], [ 88.376888591852619, 22.49212473427098 ], [ 88.37698653261269, 22.492043612429253 ] ] } },
{ "type": "Feature", "properties": { "ward": 102, "source_sheet": "102_jadavpur4.pdf p1", "source": "KMC ward sewerage network map (ArcMap GeoPDF)", "extraction_method": "geopdf_vector", "georef_max_residual_m": 0.1, "conduit_type": "pipe", "pipe_diameter_mm": 1000, "diameter_source": "legend_colour", "diameter_candidates_mm": null, "label_diameter_mm": 1000.0, "label_agrees": true, "scheme": null, "flow_arrow": "end" }, "geometry": { "type": "LineString", "coordinates": [ [ 88.379344657486882, 22.486514967807441 ], [ 88.379380711713239, 22.486659217514749 ], [ 88.379419400464769, 22.486819506502162 ], [ 88.379455549426126, 22.486972933194938 ], [ 88.379485957361325, 22.487048396399363 ], [ 88.379516365434441, 22.487123859594849 ], [ 88.379546749823604, 22.487197028553126 ], [ 88.379577157966182, 22.487272491732497 ], [ 88.379607566040931, 22.487347954904664 ], [ 88.379637926914995, 22.487418829609048 ], [ 88.379612018980239, 22.487540651900737 ], [ 88.37962561611414, 22.487662144383656 ], [ 88.379625994006247, 22.487698852538099 ], [ 88.379624068168269, 22.487751641003392 ], [ 88.379624540534778, 22.487797526172042 ], [ 88.379624989283371, 22.487841117015087 ], [ 88.379622945354527, 22.487882434235381 ], [ 88.379623417722627, 22.487928319307713 ], [ 88.379530395859689, 22.488007107128738 ], [ 88.379511824093001, 22.488121984707284 ], [ 88.379540495420287, 22.488268590463949 ], [ 88.3795666506131, 22.488410628261015 ], [ 88.379528302548223, 22.488523376557918 ], [ 88.37946269994039, 22.48862717440096 ], [ 88.379487981309381, 22.488684324753404 ], [ 88.379687527037134, 22.489118605318378 ] ] } },
{ "type": "Feature", "properties": { "ward": 102, "source_sheet": "102_jadavpur4.pdf p1", "source": "KMC ward sewerage network map (ArcMap GeoPDF)", "extraction_method": "geopdf_vector", "georef_max_residual_m": 0.1, "conduit_type": "pipe", "pipe_diameter_mm": 225, "diameter_source": "legend_colour", "diameter_candidates_mm": null, "label_diameter_mm": 225.0, "label_agrees": true, "scheme": null, "flow_arrow": "end" }, "geometry": { "type": "LineString", "coordinates": [ [ 88.379342111467238, 22.48746718736632 ], [ 88.379365372053627, 22.487567949211876 ], [ 88.379386092778034, 22.487661848868907 ], [ 88.379396465011069, 22.487709945857855 ] ] } },
{ "type": "Feature", "properties": { "ward": 102, "source_sheet": "102_jadavpur4.pdf p1", "source": "KMC ward sewerage network map (ArcMap GeoPDF)", "extraction_method": "geopdf_vector", "georef_max_residual_m": 0.1, "conduit_type": "pipe", "pipe_diameter_mm": 300, "diameter_source": "legend_colour", "diameter_candidates_mm": null, "label_diameter_mm": 300.0, "label_agrees": true, "scheme": null, "flow_arrow": "end" }, "geometry": { "type": "LineString", "coordinates": [ [ 88.374270449424444, 22.492786676485316 ], [ 88.373423196287916, 22.492761596268185 ], [ 88.372707161609782, 22.492769838741783 ], [ 88.372545183908812, 22.492867551060328 ], [ 88.372336998128205, 22.492793562574896 ], [ 88.372280348271232, 22.492807799669897 ], [ 88.372279265790411, 22.492943181589506 ], [ 88.372217229575242, 22.493154786609495 ], [ 88.372049819250478, 22.493204359942034 ], [ 88.372013862560522, 22.493310203457806 ] ] } },
{ "type": "Feature", "properties": { "ward": 102, "source_sheet": "102_jadavpur4.pdf p1", "source": "KMC ward sewerage network map (ArcMap GeoPDF)", "extraction_method": "geopdf_vector", "georef_max_residual_m": 0.1, "conduit_type": "pipe", "pipe_diameter_mm": 300, "diameter_source": "legend_colour", "diameter_candidates_mm": null, "label_diameter_mm": 300.0, "label_agrees": true, "scheme": null, "flow_arrow": "end" }, "geometry": { "type": "LineString", "coordinates": [ [ 88.37537529251108, 22.492646702626569 ], [ 88.375456162415432, 22.492586373860579 ], [ 88.375539454282645, 22.492521435947975 ], [ 88.375620324041336, 22.492461107105864 ], [ 88.375693809853786, 22.492403134111708 ], [ 88.37568019187151, 22.492279346889525 ], [ 88.375741473112498, 22.492235242216854 ], [ 88.375802754314108, 22.492191137522592 ], [ 88.375866504616184, 22.492147012253309 ], [ 88.37594753895327, 22.492102743078206 ], [ 88.376040848234638, 22.492051488197756 ], [ 88.376126797269293, 22.492004883592678 ], [ 88.376096484036324, 22.491938596786689 ], [ 88.376066170936625, 22.491872309972173 ], [ 88.376035834201005, 22.49180372891874 ], [ 88.376022828755964, 22.491739592432744 ], [ 88.376007259838119, 22.491666299476407 ], [ 88.375976970409042, 22.491602306870043 ] ] } },
{ "type": "Feature", "properties": { "ward": 102, "source_sheet": "102_jadavpur4.pdf p1", "source": "KMC ward sewerage network map (ArcMap GeoPDF)", "extraction_method": "geopdf_vector", "georef_max_residual_m": 0.1, "conduit_type": "pipe", "pipe_diameter_mm": 225, "diameter_source": "legend_colour", "diameter_candidates_mm": null, "label_diameter_mm": 225.0, "label_agrees": true, "scheme": null, "flow_arrow": "end" }, "geometry": { "type": "LineString", "coordinates": [ [ 88.376300933941252, 22.492129628663573 ], [ 88.376239582232984, 22.492166850843024 ], [ 88.376178230490126, 22.492204072904986 ], [ 88.376124262572176, 22.492238939040934 ], [ 88.376122194046886, 22.492277962018424 ] ] } },
{ "type": "Feature", "properties": { "ward": 102, "source_sheet": "102_jadavpur4.pdf p1", "source": "KMC ward sewerage network map (ArcMap GeoPDF)", "extraction_method": "geopdf_vector", "georef_max_residual_m": 0.1, "conduit_type": "pipe", "pipe_diameter_mm": 300, "diameter_source": "legend_colour", "diameter_candidates_mm": null, "label_diameter_mm": null, "label_agrees": null, "scheme": null, "flow_arrow": "end" }, "geometry": { "type": "LineString", "coordinates": [ [ 88.376974757779237, 22.489696483854118 ], [ 88.376846812123333, 22.489741144240774 ], [ 88.376706567937106, 22.489790495911716 ], [ 88.376586005822176, 22.489832800174351 ], [ 88.376514401564819, 22.489833396471653 ], [ 88.37645020470265, 22.489833931055486 ], [ 88.376388476936825, 22.489834445054399 ], [ 88.376287526177066, 22.489862819132853 ], [ 88.376228456113438, 22.489881666563203 ] ] } },
{ "type": "Feature", "properties": { "ward": 102, "source_sheet": "102_jadavpur4.pdf p1", "source": "KMC ward sewerage network map (ArcMap GeoPDF)", "extraction_method": "geopdf_vector", "georef_max_residual_m": 0.1, "conduit_type": "pipe", "pipe_diameter_mm": 300, "diameter_source": "legend_colour", "diameter_candidates_mm": null, "label_diameter_mm": 300.0, "label_agrees": true, "scheme": null, "flow_arrow": "end" }, "geometry": { "type": "LineString", "coordinates": [ [ 88.377452394932675, 22.490279884597076 ], [ 88.377529763133424, 22.490359545664965 ], [ 88.377599606161581, 22.490427797271234 ], [ 88.37768825855062, 22.490404113823086 ], [ 88.377771949103291, 22.490378177258968 ], [ 88.377760869460431, 22.490261252472401 ], [ 88.377990214165749, 22.490231807232181 ], [ 88.378057210709159, 22.49026337095453 ], [ 88.378138738751446, 22.490267280171381 ], [ 88.378230166810454, 22.490273401225533 ], [ 88.378321594874492, 22.490279522227389 ], [ 88.378373871180671, 22.490320386461846 ], [ 88.378421185601184, 22.49035899753472 ] ] } },
{ "type": "Feature", "properties": { "ward": 102, "source_sheet": "102_jadavpur4.pdf p1", "source": "KMC ward sewerage network map (ArcMap GeoPDF)", "extraction_method": "geopdf_vector", "georef_max_residual_m": 0.1, "conduit_type": "pipe", "pipe_diameter_mm": 300, "diameter_source": "legend_colour", "diameter_candidates_mm": null, "label_diameter_mm": 300.0, "label_agrees": true, "scheme": null, "flow_arrow": "end" }, "geometry": { "type": "LineString", "coordinates": [ [ 88.376713362132236, 22.488769406893727 ], [ 88.376700663065677, 22.488735095843978 ], [ 88.376672654553943, 22.488652728716538 ], [ 88.376651959024088, 22.488561122869729 ], [ 88.376628841590858, 22.488474126140311 ], [ 88.376605677050591, 22.488382540844572 ], [ 88.376445422185341, 22.488406819877447 ], [ 88.376305132024882, 22.488451582585494 ], [ 88.376172249095248, 22.488496283510322 ], [ 88.376049195257693, 22.488536313651707 ], [ 88.375931055938452, 22.488574008271296 ], [ 88.375827707560589, 22.488609285275668 ], [ 88.375783405301277, 22.488623420756664 ] ] } },
{ "type": "Feature", "properties": { "ward": 102, "source_sheet": "102_jadavpur4.pdf p1", "source": "KMC ward sewerage network map (ArcMap GeoPDF)", "extraction_method": "geopdf_vector", "georef_max_residual_m": 0.1, "conduit_type": "pipe", "pipe_diameter_mm": 300, "diameter_source": "legend_colour", "diameter_candidates_mm": null, "label_diameter_mm": 300.0, "label_agrees": true, "scheme": null, "flow_arrow": "end" }, "geometry": { "type": "LineString", "coordinates": [ [ 88.376081156622845, 22.487560903982558 ], [ 88.376079747647424, 22.48766416617946 ], [ 88.376080996319189, 22.487785761973903 ], [ 88.376079681693867, 22.487898201195549 ], [ 88.375852526634404, 22.487900091915005 ], [ 88.375738925592714, 22.487898742920827 ], [ 88.375630286230404, 22.487899646988019 ], [ 88.375580881073873, 22.487897763670428 ] ] } },
{ "type": "Feature", "properties": { "ward": 102, "source_sheet": "102_jadavpur4.pdf p1", "source": "KMC ward sewerage network map (ArcMap GeoPDF)", "extraction_method": "geopdf_vector", "georef_max_residual_m": 0.1, "conduit_type": "pipe", "pipe_diameter_mm": 300, "diameter_source": "legend_colour", "diameter_candidates_mm": null, "label_diameter_mm": 300.0, "label_agrees": true, "scheme": null, "flow_arrow": "end" }, "geometry": { "type": "LineString", "coordinates": [ [ 88.376081156622845, 22.487560903982558 ], [ 88.376018558186686, 22.487476530104828 ], [ 88.375980132214963, 22.487341477076313 ], [ 88.375944151820363, 22.487204109248982 ], [ 88.375905678897524, 22.487064467628162 ], [ 88.375850605828958, 22.486991503373616 ], [ 88.375771171895252, 22.486950864228461 ], [ 88.375768702847438, 22.486950884775815 ] ] } },
{ "type": "Feature", "properties": { "ward": 102, "source_sheet": "102_jadavpur4.pdf p1", "source": "KMC ward sewerage network map (ArcMap GeoPDF)", "extraction_method": "geopdf_vector", "georef_max_residual_m": 0.1, "conduit_type": "pipe", "pipe_diameter_mm": 300, "diameter_source": "legend_colour", "diameter_candidates_mm": null, "label_diameter_mm": 400.0, "label_agrees": false, "scheme": null, "flow_arrow": "end" }, "geometry": { "type": "LineString", "coordinates": [ [ 88.37687995140142, 22.488159988836884 ], [ 88.376921807894078, 22.488148167960503 ], [ 88.377027742564294, 22.488124340972309 ], [ 88.377170619088957, 22.488091028347551 ], [ 88.377286382871546, 22.488062530449181 ], [ 88.377330731940958, 22.488052983129972 ] ] } },
{ "type": "Feature", "properties": { "ward": 102, "source_sheet": "102_jadavpur4.pdf p1", "source": "KMC ward sewerage network map (ArcMap GeoPDF)", "extraction_method": "geopdf_vector", "georef_max_residual_m": 0.1, "conduit_type": "pipe", "pipe_diameter_mm": 300, "diameter_source": "legend_colour", "diameter_candidates_mm": null, "label_diameter_mm": 300.0, "label_agrees": true, "scheme": null, "flow_arrow": "end" }, "geometry": { "type": "LineString", "coordinates": [ [ 88.376773462646455, 22.487649212315368 ], [ 88.376752366536294, 22.487518604033838 ], [ 88.37672078143494, 22.487328427275724 ], [ 88.376691877505863, 22.487158878323843 ], [ 88.376662832349837, 22.486975563770567 ], [ 88.376628660549642, 22.486773936175435 ], [ 88.37654739389319, 22.486795263032938 ], [ 88.376446398210661, 22.486819048547432 ], [ 88.376355278670388, 22.486842751680108 ], [ 88.376314949046687, 22.486762781552368 ], [ 88.37626961069985, 22.486675969629861 ], [ 88.376221756249819, 22.48658458977803 ], [ 88.376168893003964, 22.486486368218827 ] ] } },
{ "type": "Feature", "properties": { "ward": 102, "source_sheet": "102_jadavpur4.pdf p1", "source": "KMC ward sewerage network map (ArcMap GeoPDF)", "extraction_method": "geopdf_vector", "georef_max_residual_m": 0.1, "conduit_type": "pipe", "pipe_diameter_mm": 700, "diameter_source": "legend_colour", "diameter_candidates_mm": null, "label_diameter_mm": 700.0, "label_agrees": true, "scheme": null, "flow_arrow": "end" }, "geometry": { "type": "LineString", "coordinates": [ [ 88.376702744483552, 22.486293778086321 ], [ 88.376614141607277, 22.486322049347272 ], [ 88.376527984163474, 22.486348005769624 ], [ 88.376449233795782, 22.486373900475883 ], [ 88.376370459833979, 22.486397500911718 ], [ 88.376296624022089, 22.486421060199632 ], [ 88.376168893003964, 22.486486368218827 ], [ 88.376090283937529, 22.486526028348049 ], [ 88.376004314610768, 22.486570338561897 ], [ 88.375847096133413, 22.486649658632967 ], [ 88.375809122273921, 22.486799114317616 ], [ 88.375768702847438, 22.486950884775815 ], [ 88.375723580773595, 22.487125638943297 ], [ 88.375639141840196, 22.487319075899325 ], [ 88.37548505075938, 22.487462614334149 ], [ 88.374750162315863, 22.487555916597177 ], [ 88.374569378834693, 22.487504647290631 ], [ 88.374483853695224, 22.487351629817812 ], [ 88.374312355357048, 22.486761085667617 ] ] } },
{ "type": "Feature", "properties": { "ward": 102, "source_sheet": "102_jadavpur4.pdf p1", "source": "KMC ward sewerage network map (ArcMap GeoPDF)", "extraction_method": "geopdf_vector", "georef_max_residual_m": 0.1, "conduit_type": "pipe", "pipe_diameter_mm": 300, "diameter_source": "legend_colour", "diameter_candidates_mm": null, "label_diameter_mm": 300.0, "label_agrees": true, "scheme": null, "flow_arrow": "end" }, "geometry": { "type": "LineString", "coordinates": [ [ 88.377737571234363, 22.488235443612375 ], [ 88.377614329457245, 22.488257120872664 ], [ 88.377498518531667, 22.488281030546535 ], [ 88.377397474817741, 22.488300228139739 ] ] } },
{ "type": "Feature", "properties": { "ward": 102, "source_sheet": "102_jadavpur4.pdf p1", "source": "KMC ward sewerage network map (ArcMap GeoPDF)", "extraction_method": "geopdf_vector", "georef_max_residual_m": 0.1, "conduit_type": "pipe", "pipe_diameter_mm": 300, "diameter_source": "legend_colour", "diameter_candidates_mm": null, "label_diameter_mm": 300.0, "label_agrees": true, "scheme": null, "flow_arrow": "end" }, "geometry": { "type": "LineString", "coordinates": [ [ 88.378230001887559, 22.487616424937791 ], [ 88.378102082160339, 22.487663380543225 ], [ 88.377979053277144, 22.487705706329184 ], [ 88.37786098602291, 22.487750285096112 ], [ 88.377737957083255, 22.487792610704197 ], [ 88.377705340181393, 22.487742404550549 ], [ 88.377577443723879, 22.487791653985155 ], [ 88.37763844683154, 22.487960935207642 ], [ 88.377666455742258, 22.488043302152377 ], [ 88.377702013513982, 22.48813937293545 ], [ 88.377737571234363, 22.488235443612375 ], [ 88.377757913587928, 22.488292635436252 ], [ 88.377780772207572, 22.488354395235326 ], [ 88.377827220785235, 22.48854903665859 ], [ 88.377845400822864, 22.488636074434034 ], [ 88.377868589810944, 22.488729953736897 ], [ 88.377891873197456, 22.488833010053956 ] ] } },
{ "type": "Feature", "properties": { "ward": 102, "source_sheet": "102_jadavpur4.pdf p1", "source": "KMC ward sewerage network map (ArcMap GeoPDF)", "extraction_method": "geopdf_vector", "georef_max_residual_m": 0.1, "conduit_type": "pipe", "pipe_diameter_mm": 300, "diameter_source": "legend_colour", "diameter_candidates_mm": null, "label_diameter_mm": 300.0, "label_agrees": true, "scheme": null, "flow_arrow": "end" }, "geometry": { "type": "LineString", "coordinates": [ [ 88.375454283836149, 22.485186769432023 ], [ 88.375459834087039, 22.4852463792127 ], [ 88.37546797109691, 22.48531743962377 ], [ 88.375476155212112, 22.485393088597942 ], [ 88.375495133889117, 22.485558131596516 ], [ 88.375503247499552, 22.485626897766096 ], [ 88.3755142539123, 22.485736940184527 ], [ 88.375527776574529, 22.485851550429363 ], [ 88.37555943391834, 22.486289528254972 ], [ 88.375573498348842, 22.486456906536809 ] ] } },
{ "type": "Feature", "properties": { "ward": 102, "source_sheet": "102_jadavpur4.pdf p1", "source": "KMC ward sewerage network map (ArcMap GeoPDF)", "extraction_method": "geopdf_vector", "georef_max_residual_m": 0.1, "conduit_type": "pipe", "pipe_diameter_mm": 300, "diameter_source": "legend_colour", "diameter_candidates_mm": null, "label_diameter_mm": 300.0, "label_agrees": true, "scheme": null, "flow_arrow": "end" }, "geometry": { "type": "LineString", "coordinates": [ [ 88.375196286424881, 22.485551439868331 ], [ 88.375297799437817, 22.485578128903853 ], [ 88.375391858218734, 22.485600291026532 ], [ 88.375468610307593, 22.48562030265018 ], [ 88.375503247499552, 22.485626897766096 ] ] } },
{ "type": "Feature", "properties": { "ward": 102, "source_sheet": "102_jadavpur4.pdf p1", "source": "KMC ward sewerage network map (ArcMap GeoPDF)", "extraction_method": "geopdf_vector", "georef_max_residual_m": 0.1, "conduit_type": "pipe", "pipe_diameter_mm": 300, "diameter_source": "legend_colour", "diameter_candidates_mm": null, "label_diameter_mm": 300.0, "label_agrees": true, "scheme": null, "flow_arrow": "end" }, "geometry": { "type": "LineString", "coordinates": [ [ 88.377621990201263, 22.487320919499783 ], [ 88.377606255988312, 22.487231566862143 ], [ 88.37758793493262, 22.487130763540332 ], [ 88.377570132644564, 22.487080433891407 ], [ 88.377552330370307, 22.487030104239572 ], [ 88.377537044322835, 22.486984342570008 ], [ 88.377521781867657, 22.486940875034687 ], [ 88.377508988571648, 22.486897387018036 ], [ 88.377496171599589, 22.486851604768503 ], [ 88.377490243064798, 22.486755287020152 ], [ 88.3774817511744, 22.486649812819167 ], [ 88.377473282780798, 22.4865466329444 ], [ 88.377464814507036, 22.486443453066418 ], [ 88.377456322668593, 22.486337978858209 ], [ 88.377459492169535, 22.48616586828328 ] ] } },
{ "type": "Feature", "properties": { "ward": 102, "source_sheet": "102_jadavpur4.pdf p1", "source": "KMC ward sewerage network map (ArcMap GeoPDF)", "extraction_method": "geopdf_vector", "georef_max_residual_m": 0.1, "conduit_type": "pipe", "pipe_diameter_mm": 300, "diameter_source": "legend_colour", "diameter_candidates_mm": null, "label_diameter_mm": 300.0, "label_agrees": true, "scheme": null, "flow_arrow": "end" }, "geometry": { "type": "LineString", "coordinates": [ [ 88.378492708681534, 22.488190142445685 ], [ 88.378525491074882, 22.488256408224586 ], [ 88.378565846021985, 22.488338672025439 ], [ 88.37860874089607, 22.488427797912532 ], [ 88.378651588623086, 22.488512335419102 ], [ 88.378694483610786, 22.488601461276065 ], [ 88.378745753787314, 22.488784589924737 ], [ 88.378794531322853, 22.488965444912409 ], [ 88.378840698272526, 22.489132554899403 ] ] } },
{ "type": "Feature", "properties": { "ward": 102, "source_sheet": "102_jadavpur4.pdf p1", "source": "KMC ward sewerage network map (ArcMap GeoPDF)", "extraction_method": "geopdf_vector", "georef_max_residual_m": 0.1, "conduit_type": "pipe", "pipe_diameter_mm": 300, "diameter_source": "legend_colour", "diameter_candidates_mm": null, "label_diameter_mm": 300.0, "label_agrees": true, "scheme": null, "flow_arrow": "end" }, "geometry": { "type": "LineString", "coordinates": [ [ 88.376527345002998, 22.485083765871654 ], [ 88.376535459079264, 22.48515253196901 ], [ 88.376548864567482, 22.485255670930453 ], [ 88.376564857027006, 22.485370260592255 ], [ 88.37658077882142, 22.48547796745385 ], [ 88.376594255085237, 22.485587989104218 ], [ 88.376607707912243, 22.485695716516791 ], [ 88.376716062694129, 22.485667280791883 ], [ 88.376826862983677, 22.48563653010433 ], [ 88.37692783406672, 22.485610450162106 ], [ 88.377033719785956, 22.485582034792884 ], [ 88.377154372334388, 22.485548907392605 ], [ 88.377240576411054, 22.485527539128054 ], [ 88.377289131834246, 22.485446828742401 ] ] } },
{ "type": "Feature", "properties": { "ward": 102, "source_sheet": "102_jadavpur4.pdf p1", "source": "KMC ward sewerage network map (ArcMap GeoPDF)", "extraction_method": "geopdf_vector", "georef_max_residual_m": 0.1, "conduit_type": "pipe", "pipe_diameter_mm": 300, "diameter_source": "legend_colour", "diameter_candidates_mm": null, "label_diameter_mm": 300.0, "label_agrees": true, "scheme": null, "flow_arrow": "end" }, "geometry": { "type": "LineString", "coordinates": [ [ 88.376997526219313, 22.484462641794813 ], [ 88.377015799347703, 22.48455885678791 ], [ 88.377041290944035, 22.484636655930299 ], [ 88.377066806247441, 22.484716749394348 ], [ 88.377129498251236, 22.484810299855344 ], [ 88.377169992722571, 22.484906329624838 ], [ 88.377196403912109, 22.485073604962292 ] ] } },
{ "type": "Feature", "properties": { "ward": 102, "source_sheet": "102_jadavpur4.pdf p1", "source": "KMC ward sewerage network map (ArcMap GeoPDF)", "extraction_method": "geopdf_vector", "georef_max_residual_m": 0.1, "conduit_type": "pipe", "pipe_diameter_mm": 400, "diameter_source": "legend_colour", "diameter_candidates_mm": null, "label_diameter_mm": 400.0, "label_agrees": true, "scheme": null, "flow_arrow": "end" }, "geometry": { "type": "LineString", "coordinates": [ [ 88.380377474765012, 22.483702524541858 ], [ 88.380332300435199, 22.483631773610522 ], [ 88.380306500123623, 22.483524149686264 ], [ 88.380280699753698, 22.483416525755331 ], [ 88.380257510252264, 22.483322646776809 ], [ 88.380231757315826, 22.483219611387298 ], [ 88.380210729767356, 22.483095886405248 ], [ 88.380194994645109, 22.483006534033546 ] ] } },
{ "type": "Feature", "properties": { "ward": 102, "source_sheet": "102_jadavpur4.pdf p1", "source": "KMC ward sewerage network map (ArcMap GeoPDF)", "extraction_method": "geopdf_vector", "georef_max_residual_m": 0.1, "conduit_type": "pipe", "pipe_diameter_mm": 300, "diameter_source": "legend_colour", "diameter_candidates_mm": null, "label_diameter_mm": 300.0, "label_agrees": true, "scheme": null, "flow_arrow": "end" }, "geometry": { "type": "LineString", "coordinates": [ [ 88.382546665227366, 22.484060688228244 ], [ 88.382436624801954, 22.4841648588861 ], [ 88.382315738232819, 22.484175047556203 ], [ 88.382175099703886, 22.48418540128166 ], [ 88.382044337013824, 22.484195672322574 ], [ 88.381918488734897, 22.484203607750835 ], [ 88.381743520511293, 22.484237192621372 ], [ 88.381595663938157, 22.484265961778028 ], [ 88.381465042971058, 22.484289997919497 ], [ 88.381339360045374, 22.484313992600264 ] ] } },
{ "type": "Feature", "properties": { "ward": 102, "source_sheet": "102_jadavpur4.pdf p1", "source": "KMC ward sewerage network map (ArcMap GeoPDF)", "extraction_method": "geopdf_vector", "georef_max_residual_m": 0.1, "conduit_type": "pipe", "pipe_diameter_mm": 300, "diameter_source": "legend_colour", "diameter_candidates_mm": null, "label_diameter_mm": 300.0, "label_agrees": true, "scheme": null, "flow_arrow": "end" }, "geometry": { "type": "LineString", "coordinates": [ [ 88.38170829762096, 22.48704819118883 ], [ 88.38176451815778, 22.48699265435576 ], [ 88.381828074915404, 22.486930172804751 ], [ 88.381891631719981, 22.486867691325802 ], [ 88.382026081094267, 22.486735783498521 ], [ 88.382165421070127, 22.486599245823761 ], [ 88.38209980638932, 22.486462127296782 ], [ 88.382036684531514, 22.486327282414962 ] ] } },
{ "type": "Feature", "properties": { "ward": 102, "source_sheet": "102_jadavpur4.pdf p1", "source": "KMC ward sewerage network map (ArcMap GeoPDF)", "extraction_method": "geopdf_vector", "georef_max_residual_m": 0.1, "conduit_type": "pipe", "pipe_diameter_mm": 300, "diameter_source": "legend_colour", "diameter_candidates_mm": null, "label_diameter_mm": 300.0, "label_agrees": true, "scheme": null, "flow_arrow": "end" }, "geometry": { "type": "LineString", "coordinates": [ [ 88.382785953050799, 22.483799413776413 ], [ 88.382777812458357, 22.483728353809532 ], [ 88.382769600880707, 22.483650411157644 ], [ 88.382758754574795, 22.483556429369962 ], [ 88.382767991635106, 22.483494401845352 ], [ 88.382779697565027, 22.483432353765057 ] ] } },
{ "type": "Feature", "properties": { "ward": 102, "source_sheet": "102_jadavpur4.pdf p1", "source": "KMC ward sewerage network map (ArcMap GeoPDF)", "extraction_method": "geopdf_vector", "georef_max_residual_m": 0.1, "conduit_type": "pipe", "pipe_diameter_mm": 450, "diameter_source": "legend_colour", "diameter_candidates_mm": null, "label_diameter_mm": 450.0, "label_agrees": true, "scheme": null, "flow_arrow": "end" }, "geometry": { "type": "LineString", "coordinates": [ [ 88.37262507299522, 22.491265356789881 ], [ 88.373729320294558, 22.491549874003912 ], [ 88.374098234564229, 22.491645469275188 ], [ 88.374346419995888, 22.491767306543245 ], [ 88.374652620327979, 22.492007972593381 ], [ 88.374805192734712, 22.492197143453776 ], [ 88.374923456229183, 22.492411838549515 ], [ 88.375000050579985, 22.492656708044873 ], [ 88.375043792461511, 22.492828428314542 ], [ 88.375092731818839, 22.493025344324963 ], [ 88.37513894311391, 22.493197043911529 ], [ 88.37521967590844, 22.493363867388169 ], [ 88.375357176455182, 22.49352792400876 ], [ 88.375494135420269, 22.493639212581595 ], [ 88.375852430443231, 22.493902387049996 ] ] } },
{ "type": "Feature", "properties": { "ward": 102, "source_sheet": "102_jadavpur4.pdf p1", "source": "KMC ward sewerage network map (ArcMap GeoPDF)", "extraction_method": "geopdf_vector", "georef_max_residual_m": 0.1, "conduit_type": "pipe", "pipe_diameter_mm": 225, "diameter_source": "legend_colour", "diameter_candidates_mm": null, "label_diameter_mm": 225.0, "label_agrees": true, "scheme": null, "flow_arrow": "end" }, "geometry": { "type": "LineString", "coordinates": [ [ 88.378454150454687, 22.489002700582049 ], [ 88.378497918838789, 22.489176714062939 ], [ 88.378510807097527, 22.489229379076018 ] ] } },
{ "type": "Feature", "properties": { "ward": 102, "source_sheet": "102_jadavpur4.pdf p1", "source": "KMC ward sewerage network map (ArcMap GeoPDF)", "extraction_method": "geopdf_vector", "georef_max_residual_m": 0.1, "conduit_type": "pipe", "pipe_diameter_mm": 450, "diameter_source": "legend_colour", "diameter_candidates_mm": null, "label_diameter_mm": 450.0, "label_agrees": true, "scheme": null, "flow_arrow": "end" }, "geometry": { "type": "LineString", "coordinates": [ [ 88.375349380028339, 22.488197969056849 ], [ 88.375238389077353, 22.488210364774179 ], [ 88.375090408815268, 22.48822765696195 ], [ 88.374917737792231, 22.488245154371945 ], [ 88.374747535787307, 22.488262631066188 ], [ 88.374589679092452, 22.488280004930949 ], [ 88.374513043391985, 22.488271464229797 ] ] } },
{ "type": "Feature", "properties": { "ward": 102, "source_sheet": "102_jadavpur4.pdf p1", "source": "KMC ward sewerage network map (ArcMap GeoPDF)", "extraction_method": "geopdf_vector", "georef_max_residual_m": 0.1, "conduit_type": "pipe", "pipe_diameter_mm": 300, "diameter_source": "legend_colour", "diameter_candidates_mm": null, "label_diameter_mm": 300.0, "label_agrees": true, "scheme": null, "flow_arrow": "end" }, "geometry": { "type": "LineString", "coordinates": [ [ 88.371886793243405, 22.494887549978074 ], [ 88.371797617960368, 22.49510167463524 ], [ 88.371524877324234, 22.494993804176382 ], [ 88.37144753315448, 22.494916434365948 ], [ 88.371318594210038, 22.494864731708503 ] ] } },
{ "type": "Feature", "properties": { "ward": 102, "source_sheet": "102_jadavpur4.pdf p1", "source": "KMC ward sewerage network map (ArcMap GeoPDF)", "extraction_method": "geopdf_vector", "georef_max_residual_m": 0.1, "conduit_type": "pipe", "pipe_diameter_mm": 300, "diameter_source": "legend_colour", "diameter_candidates_mm": null, "label_diameter_mm": 300.0, "label_agrees": true, "scheme": null, "flow_arrow": "end" }, "geometry": { "type": "LineString", "coordinates": [ [ 88.382546665227366, 22.484060688228244 ], [ 88.382734120025688, 22.484040764806288 ], [ 88.382906784392219, 22.484023259322402 ], [ 88.383150931406234, 22.483993683359923 ] ] } },
{ "type": "Feature", "properties": { "ward": 102, "source_sheet": "102_jadavpur4.pdf p1", "source": "KMC ward sewerage network map (ArcMap GeoPDF)", "extraction_method": "geopdf_vector", "georef_max_residual_m": 0.1, "conduit_type": "pipe", "pipe_diameter_mm": 300, "diameter_source": "legend_colour", "diameter_candidates_mm": null, "label_diameter_mm": 300.0, "label_agrees": true, "scheme": null, "flow_arrow": "end" }, "geometry": { "type": "LineString", "coordinates": [ [ 88.378389423211573, 22.489911844062547 ], [ 88.378285366614236, 22.489878294882963 ], [ 88.378272242280076, 22.489802687359472 ], [ 88.378261587159869, 22.489727059244686 ], [ 88.378248415662625, 22.489646863255391 ], [ 88.378237736973944, 22.48956894081018 ], [ 88.378229810455039, 22.489518528926336 ] ] } },
{ "type": "Feature", "properties": { "ward": 102, "source_sheet": "102_jadavpur4.pdf p1", "source": "KMC ward sewerage network map (ArcMap GeoPDF)", "extraction_method": "geopdf_vector", "georef_max_residual_m": 0.1, "conduit_type": "pipe", "pipe_diameter_mm": 300, "diameter_source": "legend_colour", "diameter_candidates_mm": null, "label_diameter_mm": 300.0, "label_agrees": true, "scheme": null, "flow_arrow": "end" }, "geometry": { "type": "LineString", "coordinates": [ [ 88.379672470231469, 22.487416246875661 ], [ 88.379751433065735, 22.487410998856582 ], [ 88.379837803047778, 22.487405689064687 ], [ 88.37993896380847, 22.48739796123186 ], [ 88.380035186451892, 22.487390274562287 ], [ 88.380121556400468, 22.487384964523866 ], [ 88.380127841197449, 22.48751569589782 ], [ 88.380134078759809, 22.487641838714691 ] ] } },
{ "type": "Feature", "properties": { "ward": 102, "source_sheet": "102_jadavpur4.pdf p1", "source": "KMC ward sewerage network map (ArcMap GeoPDF)", "extraction_method": "geopdf_vector", "georef_max_residual_m": 0.1, "conduit_type": "pipe", "pipe_diameter_mm": 300, "diameter_source": "legend_colour", "diameter_candidates_mm": null, "label_diameter_mm": 300.0, "label_agrees": true, "scheme": null, "flow_arrow": "end" }, "geometry": { "type": "LineString", "coordinates": [ [ 88.374319537721163, 22.49131322775299 ], [ 88.374392931449904, 22.491486996170739 ], [ 88.374478294532992, 22.491623953666657 ], [ 88.374740780013795, 22.491936111221928 ], [ 88.374913953216875, 22.492207711036208 ], [ 88.375054863269284, 22.492463517841308 ], [ 88.375075346551071, 22.492534475587231 ], [ 88.375063683617412, 22.492601111812633 ], [ 88.375000050579985, 22.492656708044873 ] ] } },
{ "type": "Feature", "properties": { "ward": 102, "source_sheet": "102_jadavpur4.pdf p1", "source": "KMC ward sewerage network map (ArcMap GeoPDF)", "extraction_method": "geopdf_vector", "georef_max_residual_m": 0.1, "conduit_type": "pipe", "pipe_diameter_mm": 300, "diameter_source": "legend_colour", "diameter_candidates_mm": null, "label_diameter_mm": 300.0, "label_agrees": true, "scheme": null, "flow_arrow": "end" }, "geometry": { "type": "LineString", "coordinates": [ [ 88.375785551615493, 22.49027541084962 ], [ 88.375649075404411, 22.490691843100869 ], [ 88.37559487654832, 22.490944684193074 ], [ 88.375653555447144, 22.491368670037698 ], [ 88.37560001170894, 22.491444832657081 ], [ 88.375494333342687, 22.491493895682506 ], [ 88.375302399806429, 22.491559737538942 ], [ 88.375005281863423, 22.491722821267722 ], [ 88.374973724485514, 22.491775856220432 ], [ 88.374957617740407, 22.491890712991633 ], [ 88.37502837872772, 22.492048441768961 ], [ 88.375109251837216, 22.492229030953396 ], [ 88.375172464348466, 22.492373055682705 ], [ 88.375255077003487, 22.492482502151045 ], [ 88.375330235240654, 22.492587421740954 ], [ 88.37537529251108, 22.492646702626569 ], [ 88.375289484235893, 22.492707072540892 ], [ 88.37520614503569, 22.492767421773348 ], [ 88.375127696967482, 22.492823141319526 ], [ 88.375207699414716, 22.49291884284623 ], [ 88.375290241786928, 22.493021406478675 ], [ 88.375372737174843, 22.493119381596728 ], [ 88.375460241666687, 22.493224198361688 ], [ 88.37554026813676, 22.493322193927771 ], [ 88.375600282072043, 22.493395117014625 ] ] } },
{ "type": "Feature", "properties": { "ward": 102, "source_sheet": "102_jadavpur4.pdf p1", "source": "KMC ward sewerage network map (ArcMap GeoPDF)", "extraction_method": "geopdf_vector", "georef_max_residual_m": 0.1, "conduit_type": "pipe", "pipe_diameter_mm": 300, "diameter_source": "legend_colour", "diameter_candidates_mm": null, "label_diameter_mm": 300.0, "label_agrees": true, "scheme": null, "flow_arrow": "end" }, "geometry": { "type": "LineString", "coordinates": [ [ 88.383245223014498, 22.484995569710545 ], [ 88.383211894679206, 22.484876537144963 ], [ 88.383173581159681, 22.484752957334834 ] ] } },
{ "type": "Feature", "properties": { "ward": 102, "source_sheet": "102_jadavpur4.pdf p1", "source": "KMC ward sewerage network map (ArcMap GeoPDF)", "extraction_method": "geopdf_vector", "georef_max_residual_m": 0.1, "conduit_type": "pipe", "pipe_diameter_mm": 300, "diameter_source": "legend_colour", "diameter_candidates_mm": null, "label_diameter_mm": null, "label_agrees": null, "scheme": null, "flow_arrow": "end" }, "geometry": { "type": "LineString", "coordinates": [ [ 88.384099869005468, 22.48454558693934 ], [ 88.383994317492835, 22.484606126394368 ], [ 88.383885941612093, 22.484632272674439 ], [ 88.38376768958841, 22.48465850155598 ], [ 88.383639585199305, 22.484687107338988 ], [ 88.383429766557825, 22.484693452263866 ], [ 88.383173581159681, 22.484752957334834 ], [ 88.383052859868286, 22.484779206362127 ], [ 88.382949397975949, 22.484803016486051 ] ] } },
{ "type": "Feature", "properties": { "ward": 102, "source_sheet": "102_jadavpur4.pdf p1", "source": "KMC ward sewerage network map (ArcMap GeoPDF)", "extraction_method": "geopdf_vector", "georef_max_residual_m": 0.1, "conduit_type": "pipe", "pipe_diameter_mm": 300, "diameter_source": "legend_colour", "diameter_candidates_mm": null, "label_diameter_mm": 300.0, "label_agrees": true, "scheme": null, "flow_arrow": "end" }, "geometry": { "type": "LineString", "coordinates": [ [ 88.384837436340902, 22.483279756256035 ], [ 88.384918865467782, 22.483274485146996 ], [ 88.385002739857455, 22.483266899085883 ], [ 88.385086637939409, 22.483261607302847 ], [ 88.385168067038904, 22.483256336068891 ], [ 88.385239620138577, 22.483251147647227 ], [ 88.385325963459152, 22.483243540730331 ] ] } },
{ "type": "Feature", "properties": { "ward": 102, "source_sheet": "102_jadavpur4.pdf p1", "source": "KMC ward sewerage network map (ArcMap GeoPDF)", "extraction_method": "geopdf_vector", "georef_max_residual_m": 0.1, "conduit_type": "pipe", "pipe_diameter_mm": 450, "diameter_source": "legend_colour", "diameter_candidates_mm": null, "label_diameter_mm": 450.0, "label_agrees": true, "scheme": null, "flow_arrow": "end" }, "geometry": { "type": "LineString", "coordinates": [ [ 88.385333580337928, 22.483502749786776 ], [ 88.385333035065273, 22.483449982028958 ], [ 88.385329594086045, 22.483355938330025 ], [ 88.385325963459152, 22.483243540730331 ], [ 88.385325204832156, 22.483170124654407 ], [ 88.385321882411205, 22.483087552270341 ], [ 88.385343842458667, 22.483062129288719 ] ] } },
{ "type": "Feature", "properties": { "ward": 102, "source_sheet": "102_jadavpur4.pdf p1", "source": "KMC ward sewerage network map (ArcMap GeoPDF)", "extraction_method": "geopdf_vector", "georef_max_residual_m": 0.1, "conduit_type": "pipe", "pipe_diameter_mm": 450, "diameter_source": "legend_colour", "diameter_candidates_mm": null, "label_diameter_mm": 450.0, "label_agrees": true, "scheme": null, "flow_arrow": "end" }, "geometry": { "type": "LineString", "coordinates": [ [ 88.38436435734333, 22.483616414029193 ], [ 88.384275497246151, 22.483619452571961 ], [ 88.384186613556579, 22.483620196838583 ], [ 88.384047734103746, 22.483561703928508 ], [ 88.383981047672108, 22.483559967715205 ], [ 88.383909399599276, 22.483555978681107 ], [ 88.383773723430707, 22.483568586654766 ], [ 88.383689896117389, 22.483580760638002 ], [ 88.383620835410184, 22.483588221945244 ], [ 88.383500020510525, 22.48360529425193 ], [ 88.383391858367958, 22.483652088500197 ] ] } },
{ "type": "Feature", "properties": { "ward": 102, "source_sheet": "102_jadavpur4.pdf p1", "source": "KMC ward sewerage network map (ArcMap GeoPDF)", "extraction_method": "geopdf_vector", "georef_max_residual_m": 0.1, "conduit_type": "pipe", "pipe_diameter_mm": 300, "diameter_source": "legend_colour", "diameter_candidates_mm": null, "label_diameter_mm": 300.0, "label_agrees": true, "scheme": null, "flow_arrow": "end" }, "geometry": { "type": "LineString", "coordinates": [ [ 88.379854128933914, 22.483954694486943 ], [ 88.379765528157449, 22.483982967382723 ], [ 88.379667098708794, 22.484015911205827 ], [ 88.379576052471776, 22.484046498931971 ], [ 88.379485006294033, 22.484077086512116 ], [ 88.37935208131249, 22.484117201360924 ], [ 88.379273285571614, 22.484138508806812 ], [ 88.379204365887432, 22.484159733920453 ], [ 88.379132977184511, 22.484180979506448 ], [ 88.379059119360605, 22.484202245753607 ], [ 88.378958196864275, 22.484232915428169 ] ] } },
{ "type": "Feature", "properties": { "ward": 102, "source_sheet": "102_jadavpur4.pdf p1", "source": "KMC ward sewerage network map (ArcMap GeoPDF)", "extraction_method": "geopdf_vector", "georef_max_residual_m": 0.1, "conduit_type": "pipe", "pipe_diameter_mm": 300, "diameter_source": "legend_colour", "diameter_candidates_mm": null, "label_diameter_mm": 300.0, "label_agrees": true, "scheme": null, "flow_arrow": "end" }, "geometry": { "type": "LineString", "coordinates": [ [ 88.379194609708421, 22.485371287144901 ], [ 88.379243824973301, 22.485354815360704 ], [ 88.379339833775617, 22.48532648090568 ], [ 88.379448140383687, 22.485293454827822 ], [ 88.379556447039434, 22.485260428678757 ], [ 88.379672160577712, 22.485227340739193 ], [ 88.379782936133481, 22.485194293837303 ], [ 88.379881389987204, 22.485163644137881 ], [ 88.380019253794813, 22.485123487593388 ], [ 88.380152203018184, 22.485085666486906 ] ] } },
{ "type": "Feature", "properties": { "ward": 102, "source_sheet": "102_jadavpur4.pdf p1", "source": "KMC ward sewerage network map (ArcMap GeoPDF)", "extraction_method": "geopdf_vector", "georef_max_residual_m": 0.1, "conduit_type": "pipe", "pipe_diameter_mm": 450, "diameter_source": "legend_colour", "diameter_candidates_mm": null, "label_diameter_mm": 450.0, "label_agrees": true, "scheme": null, "flow_arrow": "end" }, "geometry": { "type": "LineString", "coordinates": [ [ 88.38077707550147, 22.484142017040455 ], [ 88.38087571755193, 22.484129720900654 ], [ 88.38097682857267, 22.48411740398117 ], [ 88.381129646772422, 22.48409088836895 ], [ 88.381282488650825, 22.484066666938567 ], [ 88.381351313350962, 22.484036263941977 ] ] } },
{ "type": "Feature", "properties": { "ward": 102, "source_sheet": "102_jadavpur4.pdf p1", "source": "KMC ward sewerage network map (ArcMap GeoPDF)", "extraction_method": "geopdf_vector", "georef_max_residual_m": 0.1, "conduit_type": "pipe", "pipe_diameter_mm": 600, "diameter_source": "legend_colour", "diameter_candidates_mm": null, "label_diameter_mm": 600.0, "label_agrees": true, "scheme": null, "flow_arrow": "end" }, "geometry": { "type": "LineString", "coordinates": [ [ 88.381351313350962, 22.484036263941977 ], [ 88.381320266743813, 22.483898856223426 ], [ 88.38129947461421, 22.48379807393022 ], [ 88.381278706058609, 22.483699586052936 ], [ 88.38125537388801, 22.483591941691007 ], [ 88.381231900021007, 22.483470531753991 ], [ 88.381213624294944, 22.483374317364738 ], [ 88.381192855879178, 22.483275829369546 ], [ 88.381172016581701, 22.483170458680362 ], [ 88.381132121571625, 22.482893163043045 ] ] } },
{ "type": "Feature", "properties": { "ward": 102, "source_sheet": "102_jadavpur4.pdf p1", "source": "KMC ward sewerage network map (ArcMap GeoPDF)", "extraction_method": "geopdf_vector", "georef_max_residual_m": 0.1, "conduit_type": "pipe", "pipe_diameter_mm": 400, "diameter_source": "legend_colour", "diameter_candidates_mm": null, "label_diameter_mm": 400.0, "label_agrees": true, "scheme": null, "flow_arrow": "end" }, "geometry": { "type": "LineString", "coordinates": [ [ 88.378753871746895, 22.485253357482474 ], [ 88.378730659283235, 22.485157183941656 ], [ 88.378689597278793, 22.485006092401132 ], [ 88.378658883384958, 22.484900803592662 ], [ 88.378628169645722, 22.484795514869408 ], [ 88.378584662473969, 22.484646738105337 ], [ 88.378543695195802, 22.484504823525366 ], [ 88.378533370853148, 22.484461314898837 ] ] } },
{ "type": "Feature", "properties": { "ward": 102, "source_sheet": "102_jadavpur4.pdf p1", "source": "KMC ward sewerage network map (ArcMap GeoPDF)", "extraction_method": "geopdf_vector", "georef_max_residual_m": 0.1, "conduit_type": "pipe", "pipe_diameter_mm": 400, "diameter_source": "legend_colour", "diameter_candidates_mm": null, "label_diameter_mm": 400.0, "label_agrees": true, "scheme": null, "flow_arrow": "end" }, "geometry": { "type": "LineString", "coordinates": [ [ 88.38185459034888, 22.486388460481731 ], [ 88.381803672094208, 22.486239746733307 ], [ 88.38175781016497, 22.486102463016941 ], [ 88.381717075793262, 22.485983492020928 ], [ 88.381678928665764, 22.485875971610454 ], [ 88.381663050189758, 22.485772853914902 ], [ 88.381647100794694, 22.485662853530172 ], [ 88.381631127883111, 22.48555055881625 ], [ 88.381617694861234, 22.485445126339854 ], [ 88.381599229244671, 22.485330558025176 ] ] } },
{ "type": "Feature", "properties": { "ward": 102, "source_sheet": "102_jadavpur4.pdf p1", "source": "KMC ward sewerage network map (ArcMap GeoPDF)", "extraction_method": "geopdf_vector", "georef_max_residual_m": 0.1, "conduit_type": "pipe", "pipe_diameter_mm": 300, "diameter_source": "legend_colour", "diameter_candidates_mm": null, "label_diameter_mm": 300.0, "label_agrees": true, "scheme": null, "flow_arrow": "end" }, "geometry": { "type": "LineString", "coordinates": [ [ 88.377929972997677, 22.483892731281877 ], [ 88.378018927858108, 22.48389887324884 ], [ 88.37809553776664, 22.483905118068115 ], [ 88.378177062072979, 22.483909027455386 ], [ 88.378364611961175, 22.483898286023468 ], [ 88.378404092428781, 22.48389566243474 ] ] } },
{ "type": "Feature", "properties": { "ward": 102, "source_sheet": "102_jadavpur4.pdf p1", "source": "KMC ward sewerage network map (ArcMap GeoPDF)", "extraction_method": "geopdf_vector", "georef_max_residual_m": 0.1, "conduit_type": "pipe", "pipe_diameter_mm": 300, "diameter_source": "legend_colour", "diameter_candidates_mm": null, "label_diameter_mm": 300.0, "label_agrees": true, "scheme": null, "flow_arrow": "end" }, "geometry": { "type": "LineString", "coordinates": [ [ 88.377564890515671, 22.483927896028597 ], [ 88.37739977370471, 22.483959099696975 ], [ 88.377239571222432, 22.48398796773661 ], [ 88.377074454248671, 22.484019171078646 ], [ 88.37691180618566, 22.48405035359724 ], [ 88.376800865857831, 22.484067338691442 ], [ 88.37668745650258, 22.484084344269476 ], [ 88.376581454001567, 22.484101288098316 ] ] } },
{ "type": "Feature", "properties": { "ward": 102, "source_sheet": "102_jadavpur4.pdf p1", "source": "KMC ward sewerage network map (ArcMap GeoPDF)", "extraction_method": "geopdf_vector", "georef_max_residual_m": 0.1, "conduit_type": "pipe", "pipe_diameter_mm": 300, "diameter_source": "legend_colour", "diameter_candidates_mm": null, "label_diameter_mm": 300.0, "label_agrees": true, "scheme": null, "flow_arrow": "end" }, "geometry": { "type": "LineString", "coordinates": [ [ 88.376645905417732, 22.48508736763516 ], [ 88.376640519633767, 22.485043817744586 ], [ 88.376619494882107, 22.484920092270293 ], [ 88.376584033055025, 22.484833198162203 ], [ 88.376543562567548, 22.484739462456897 ], [ 88.376525431217061, 22.484657012989452 ], [ 88.376512355614409, 22.484585993669839 ], [ 88.376496763897663, 22.484510406436769 ], [ 88.376478585384604, 22.484423368492219 ], [ 88.376457914333642, 22.484334056769754 ], [ 88.37644220497512, 22.484246998164913 ], [ 88.376418852930357, 22.484137058691882 ] ] } },
{ "type": "Feature", "properties": { "ward": 102, "source_sheet": "102_jadavpur4.pdf p1", "source": "KMC ward sewerage network map (ArcMap GeoPDF)", "extraction_method": "geopdf_vector", "georef_max_residual_m": 0.1, "conduit_type": "pipe", "pipe_diameter_mm": 300, "diameter_source": "legend_colour", "diameter_candidates_mm": null, "label_diameter_mm": null, "label_agrees": null, "scheme": null, "flow_arrow": "end" }, "geometry": { "type": "LineString", "coordinates": [ [ 88.37810339434138, 22.486830482656369 ], [ 88.378209256992179, 22.486799772158136 ], [ 88.378320034081085, 22.486766726188836 ], [ 88.378435725701436, 22.486731344737919 ], [ 88.378546502673984, 22.486698298618084 ], [ 88.378664663211097, 22.486662896418597 ], [ 88.378787761761501, 22.486627452948817 ], [ 88.378933152507642, 22.486598706817222 ], [ 88.379073605110193, 22.486570001657054 ], [ 88.379211588509136, 22.486541317073439 ], [ 88.379344657486882, 22.486514967807441 ] ] } },
{ "type": "Feature", "properties": { "ward": 102, "source_sheet": "102_jadavpur4.pdf p1", "source": "KMC ward sewerage network map (ArcMap GeoPDF)", "extraction_method": "geopdf_vector", "georef_max_residual_m": 0.1, "conduit_type": "pipe", "pipe_diameter_mm": 300, "diameter_source": "legend_colour", "diameter_candidates_mm": null, "label_diameter_mm": 300.0, "label_agrees": true, "scheme": null, "flow_arrow": "end" }, "geometry": { "type": "LineString", "coordinates": [ [ 88.378397843043601, 22.484728601697949 ], [ 88.378339050148725, 22.48453406324985 ], [ 88.378543695195802, 22.484504823525366 ] ] } },
{ "type": "Feature", "properties": { "ward": 102, "source_sheet": "102_jadavpur4.pdf p1", "source": "KMC ward sewerage network map (ArcMap GeoPDF)", "extraction_method": "geopdf_vector", "georef_max_residual_m": 0.1, "conduit_type": "pipe", "pipe_diameter_mm": 300, "diameter_source": "legend_colour", "diameter_candidates_mm": null, "label_diameter_mm": null, "label_agrees": null, "scheme": null, "flow_arrow": "end" }, "geometry": { "type": "LineString", "coordinates": [ [ 88.375227250856653, 22.485200130414238 ], [ 88.375454283836149, 22.485186769432023 ], [ 88.375639319617562, 22.485171463245532 ], [ 88.375812575630064, 22.48521132177461 ], [ 88.375941059341969, 22.485219430334176 ], [ 88.376101098670148, 22.485174503676628 ], [ 88.376236494649092, 22.485134370865101 ], [ 88.376337559852658, 22.485117468333538 ], [ 88.376436156013796, 22.485100586295719 ], [ 88.376527345002998, 22.485083765871654 ], [ 88.376589094223618, 22.485085546158324 ], [ 88.376645905417732, 22.48508736763516 ], [ 88.376710100085674, 22.4850868330828 ], [ 88.376789108936705, 22.485086175136875 ], [ 88.376858241627474, 22.485085599402865 ], [ 88.376929843432336, 22.485085003074925 ], [ 88.377003914145305, 22.485084386151481 ], [ 88.377196403912109, 22.485073604962292 ], [ 88.377267911292194, 22.485063831458461 ], [ 88.377349271235019, 22.485051681315049 ], [ 88.37743312375332, 22.485041804888404 ], [ 88.377566238898638, 22.485020045702129 ], [ 88.377689525014546, 22.485002957174011 ] ] } },
{ "type": "Feature", "properties": { "ward": 102, "source_sheet": "102_jadavpur4.pdf p1", "source": "KMC ward sewerage network map (ArcMap GeoPDF)", "extraction_method": "geopdf_vector", "georef_max_residual_m": 0.1, "conduit_type": "pipe", "pipe_diameter_mm": 300, "diameter_source": "legend_colour", "diameter_candidates_mm": null, "label_diameter_mm": 300.0, "label_agrees": true, "scheme": null, "flow_arrow": "end" }, "geometry": { "type": "LineString", "coordinates": [ [ 88.375812575630064, 22.48521132177461 ], [ 88.375818997488054, 22.485355819059251 ], [ 88.375865135910644, 22.485520635976549 ], [ 88.375870898343692, 22.485600894028646 ], [ 88.375876637334031, 22.485678857748976 ], [ 88.375882446893726, 22.485763704266407 ], [ 88.37588816224536, 22.485839373751059 ], [ 88.375877301035644, 22.485984014949871 ], [ 88.375873446378833, 22.486089591953444 ], [ 88.375901618810531, 22.486188019121933 ], [ 88.375998571142034, 22.486251456999856 ], [ 88.376124563226298, 22.486257291680033 ], [ 88.376225582133642, 22.486235800616836 ] ] } },
{ "type": "Feature", "properties": { "ward": 102, "source_sheet": "102_jadavpur4.pdf p1", "source": "KMC ward sewerage network map (ArcMap GeoPDF)", "extraction_method": "geopdf_vector", "georef_max_residual_m": 0.1, "conduit_type": "pipe", "pipe_diameter_mm": 400, "diameter_source": "legend_colour", "diameter_candidates_mm": null, "label_diameter_mm": 400.0, "label_agrees": true, "scheme": null, "flow_arrow": "end" }, "geometry": { "type": "LineString", "coordinates": [ [ 88.377196403912109, 22.485073604962292 ], [ 88.377289131834246, 22.485446828742401 ], [ 88.37734359204056, 22.4854601416978 ], [ 88.377397210090933, 22.485631779164319 ], [ 88.377418282832252, 22.48576009304702 ], [ 88.37744177748651, 22.485883797886203 ], [ 88.377462732417186, 22.486000640497803 ], [ 88.377461183035308, 22.486090137183535 ], [ 88.377459492169535, 22.48616586828328 ] ] } },
{ "type": "Feature", "properties": { "ward": 102, "source_sheet": "102_jadavpur4.pdf p1", "source": "KMC ward sewerage network map (ArcMap GeoPDF)", "extraction_method": "geopdf_vector", "georef_max_residual_m": 0.1, "conduit_type": "pipe", "pipe_diameter_mm": 300, "diameter_source": "legend_colour", "diameter_candidates_mm": null, "label_diameter_mm": 300.0, "label_agrees": true, "scheme": null, "flow_arrow": "end" }, "geometry": { "type": "LineString", "coordinates": [ [ 88.377827796759689, 22.485963181485282 ], [ 88.377701993625763, 22.485975702270864 ], [ 88.37757374491305, 22.485990537670993 ], [ 88.377462732417186, 22.486000640497803 ] ] } },
{ "type": "Feature", "properties": { "ward": 102, "source_sheet": "102_jadavpur4.pdf p1", "source": "KMC ward sewerage network map (ArcMap GeoPDF)", "extraction_method": "geopdf_vector", "georef_max_residual_m": 0.1, "conduit_type": "pipe", "pipe_diameter_mm": 400, "diameter_source": "legend_colour", "diameter_candidates_mm": null, "label_diameter_mm": 400.0, "label_agrees": true, "scheme": null, "flow_arrow": "end" }, "geometry": { "type": "LineString", "coordinates": [ [ 88.37500250901482, 22.486158788241784 ], [ 88.375222819266568, 22.486212022773906 ], [ 88.375404378394649, 22.486339001922403 ], [ 88.375573498348842, 22.486456906536809 ], [ 88.375660574575505, 22.486520426789706 ], [ 88.375757550598905, 22.486586159037888 ], [ 88.375847096133413, 22.486649658632967 ] ] } },
{ "type": "Feature", "properties": { "ward": 102, "source_sheet": "102_jadavpur4.pdf p1", "source": "KMC ward sewerage network map (ArcMap GeoPDF)", "extraction_method": "geopdf_vector", "georef_max_residual_m": 0.1, "conduit_type": "pipe", "pipe_diameter_mm": 300, "diameter_source": "legend_colour", "diameter_candidates_mm": null, "label_diameter_mm": null, "label_agrees": null, "scheme": null, "flow_arrow": "end" }, "geometry": { "type": "LineString", "coordinates": [ [ 88.375578945844794, 22.488911929177505 ], [ 88.375515781806172, 22.488772493052551 ], [ 88.37547284164333, 22.488678777593478 ], [ 88.375432464819923, 22.488594218700978 ] ] } },
{ "type": "Feature", "properties": { "ward": 102, "source_sheet": "102_jadavpur4.pdf p1", "source": "KMC ward sewerage network map (ArcMap GeoPDF)", "extraction_method": "geopdf_vector", "georef_max_residual_m": 0.1, "conduit_type": "pipe", "pipe_diameter_mm": 300, "diameter_source": "legend_colour", "diameter_candidates_mm": null, "label_diameter_mm": 300.0, "label_agrees": true, "scheme": null, "flow_arrow": "end" }, "geometry": { "type": "LineString", "coordinates": [ [ 88.374455089770876, 22.48960273084672 ], [ 88.374561049588252, 22.489581199737781 ], [ 88.374681800503666, 22.489557251032956 ], [ 88.374819811596865, 22.489530864260175 ], [ 88.374935647666092, 22.489509250769693 ], [ 88.374926192166612, 22.489309711740102 ], [ 88.374916807336675, 22.489117055405661 ], [ 88.374910409452326, 22.488974852347152 ], [ 88.374901401361001, 22.488818904320283 ], [ 88.374892369757958, 22.488660661959265 ] ] } },
{ "type": "Feature", "properties": { "ward": 102, "source_sheet": "102_jadavpur4.pdf p1", "source": "KMC ward sewerage network map (ArcMap GeoPDF)", "extraction_method": "geopdf_vector", "georef_max_residual_m": 0.1, "conduit_type": "pipe", "pipe_diameter_mm": 225, "diameter_source": "legend_colour", "diameter_candidates_mm": null, "label_diameter_mm": 225.0, "label_agrees": true, "scheme": null, "flow_arrow": "end" }, "geometry": { "type": "LineString", "coordinates": [ [ 88.372036025033623, 22.495232774216419 ], [ 88.371845261347957, 22.495172407302732 ], [ 88.371797617960368, 22.49510167463524 ] ] } },
{ "type": "Feature", "properties": { "ward": 102, "source_sheet": "102_jadavpur4.pdf p1", "source": "KMC ward sewerage network map (ArcMap GeoPDF)", "extraction_method": "geopdf_vector", "georef_max_residual_m": 0.1, "conduit_type": "pipe", "pipe_diameter_mm": 450, "diameter_source": "legend_colour", "diameter_candidates_mm": null, "label_diameter_mm": 450.0, "label_agrees": true, "scheme": null, "flow_arrow": "end" }, "geometry": { "type": "LineString", "coordinates": [ [ 88.374606493941386, 22.493047744511813 ], [ 88.37432223342708, 22.493020280373813 ], [ 88.374020971178467, 22.493020490598568 ], [ 88.37367032553766, 22.493021110680473 ], [ 88.373359186582718, 22.49302140165409 ], [ 88.373030739969067, 22.493019541464008 ], [ 88.372668571140295, 22.493100561003626 ], [ 88.372542383913711, 22.493317287816531 ], [ 88.372285542487958, 22.493314831521069 ], [ 88.372013862560522, 22.493310203457806 ], [ 88.371840973221296, 22.493307049485718 ] ] } },
{ "type": "Feature", "properties": { "ward": 102, "source_sheet": "102_jadavpur4.pdf p1", "source": "KMC ward sewerage network map (ArcMap GeoPDF)", "extraction_method": "geopdf_vector", "georef_max_residual_m": 0.1, "conduit_type": "pipe", "pipe_diameter_mm": 400, "diameter_source": "legend_colour", "diameter_candidates_mm": null, "label_diameter_mm": 400.0, "label_agrees": true, "scheme": null, "flow_arrow": "end" }, "geometry": { "type": "LineString", "coordinates": [ [ 88.374397483838308, 22.495300343048235 ], [ 88.374494604295208, 22.495138923564962 ], [ 88.374598990846664, 22.49496367683512 ], [ 88.374698509403188, 22.49479535391615 ], [ 88.374795582088225, 22.494629345716081 ], [ 88.374882871909364, 22.494472596654028 ], [ 88.375007105239064, 22.494306362491702 ], [ 88.375092208169434, 22.494177164948422 ], [ 88.375174865221581, 22.494050282239357 ], [ 88.375255076508068, 22.493925714271402 ], [ 88.375340202440398, 22.493798810943019 ], [ 88.375403388276183, 22.493699623579971 ], [ 88.375494135420269, 22.493639212581595 ] ] } },
{ "type": "Feature", "properties": { "ward": 102, "source_sheet": "102_jadavpur4.pdf p1", "source": "KMC ward sewerage network map (ArcMap GeoPDF)", "extraction_method": "geopdf_vector", "georef_max_residual_m": 0.1, "conduit_type": "pipe", "pipe_diameter_mm": 300, "diameter_source": "legend_colour", "diameter_candidates_mm": null, "label_diameter_mm": 300.0, "label_agrees": true, "scheme": null, "flow_arrow": "end" }, "geometry": { "type": "LineString", "coordinates": [ [ 88.378389423211573, 22.489911844062547 ], [ 88.378490633123221, 22.489908705506483 ], [ 88.378591866631027, 22.489907861212803 ], [ 88.378693336187879, 22.489929959442865 ], [ 88.378779967475509, 22.489949886860057 ], [ 88.378790150758732, 22.489979629846914 ], [ 88.378672860985688, 22.490099919730284 ], [ 88.378543366910336, 22.490234078074373 ], [ 88.378421185601184, 22.49035899753472 ], [ 88.378350430840669, 22.490442187904808 ], [ 88.37826747194525, 22.490539246765383 ], [ 88.378157659277278, 22.490666357332508 ], [ 88.378064941644254, 22.490774969696183 ], [ 88.377972223765411, 22.490883582013193 ], [ 88.377889264349463, 22.490980640700279 ], [ 88.377806281226427, 22.491075405023135 ], [ 88.377740416801288, 22.491153965433401 ], [ 88.377645300069489, 22.491269480951622 ], [ 88.377557496305641, 22.491375757664748 ], [ 88.377477052614239, 22.49147738404583 ], [ 88.377401429134366, 22.49156749798879 ], [ 88.377325852829784, 22.491662200361091 ], [ 88.377245385225621, 22.491761532408844 ], [ 88.377169785027746, 22.491853940486212 ], [ 88.377101521494552, 22.491939404026223 ], [ 88.377040335161411, 22.491992686209581 ], [ 88.37698653261269, 22.492043612429253 ] ] } },
{ "type": "Feature", "properties": { "ward": 102, "source_sheet": "102_jadavpur4.pdf p1", "source": "KMC ward sewerage network map (ArcMap GeoPDF)", "extraction_method": "geopdf_vector", "georef_max_residual_m": 0.1, "conduit_type": "pipe", "pipe_diameter_mm": 300, "diameter_source": "legend_colour", "diameter_candidates_mm": null, "label_diameter_mm": 300.0, "label_agrees": true, "scheme": null, "flow_arrow": "end" }, "geometry": { "type": "LineString", "coordinates": [ [ 88.378034626399597, 22.489988224806385 ], [ 88.377968895933165, 22.489839633279406 ], [ 88.37789300603238, 22.489663592988727 ], [ 88.377877837492733, 22.489629302636363 ] ] } },
{ "type": "Feature", "properties": { "ward": 102, "source_sheet": "102_jadavpur4.pdf p1", "source": "KMC ward sewerage network map (ArcMap GeoPDF)", "extraction_method": "geopdf_vector", "georef_max_residual_m": 0.1, "conduit_type": "pipe", "pipe_diameter_mm": 300, "diameter_source": "legend_colour", "diameter_candidates_mm": null, "label_diameter_mm": 300.0, "label_agrees": true, "scheme": null, "flow_arrow": "end" }, "geometry": { "type": "LineString", "coordinates": [ [ 88.378034626399597, 22.489988224806385 ], [ 88.37814785153418, 22.489952864023447 ], [ 88.378270905905097, 22.48991283234901 ], [ 88.378285366614236, 22.489878294882963 ] ] } },
{ "type": "Feature", "properties": { "ward": 102, "source_sheet": "102_jadavpur4.pdf p1", "source": "KMC ward sewerage network map (ArcMap GeoPDF)", "extraction_method": "geopdf_vector", "georef_max_residual_m": 0.1, "conduit_type": "pipe", "pipe_diameter_mm": 225, "diameter_source": "legend_colour", "diameter_candidates_mm": null, "label_diameter_mm": 225.0, "label_agrees": true, "scheme": null, "flow_arrow": "end" }, "geometry": { "type": "LineString", "coordinates": [ [ 88.375593154676224, 22.491979497704392 ], [ 88.375524348301596, 22.492012192704859 ], [ 88.375465347783503, 22.49203792269558 ], [ 88.375430214346082, 22.491983148197626 ], [ 88.375395033829179, 22.491923785033695 ], [ 88.375357407865053, 22.491866736828634 ], [ 88.37532725988747, 22.491816509582016 ] ] } },
{ "type": "Feature", "properties": { "ward": 102, "source_sheet": "102_jadavpur4.pdf p1", "source": "KMC ward sewerage network map (ArcMap GeoPDF)", "extraction_method": "geopdf_vector", "georef_max_residual_m": 0.1, "conduit_type": "pipe", "pipe_diameter_mm": 300, "diameter_source": "legend_colour", "diameter_candidates_mm": null, "label_diameter_mm": 300.0, "label_agrees": true, "scheme": null, "flow_arrow": "end" }, "geometry": { "type": "LineString", "coordinates": [ [ 88.37691010671405, 22.489412510046524 ], [ 88.376882239267459, 22.489343908559167 ], [ 88.376851643546928, 22.489250090695492 ], [ 88.376813569790798, 22.489149451823497 ], [ 88.376775378229922, 22.489037341682099 ], [ 88.376646395986413, 22.488981054518707 ], [ 88.376529806493352, 22.488929253002834 ] ] } },
{ "type": "Feature", "properties": { "ward": 102, "source_sheet": "102_jadavpur4.pdf p1", "source": "KMC ward sewerage network map (ArcMap GeoPDF)", "extraction_method": "geopdf_vector", "georef_max_residual_m": 0.1, "conduit_type": "pipe", "pipe_diameter_mm": 450, "diameter_source": "legend_colour", "diameter_candidates_mm": null, "label_diameter_mm": 450.0, "label_agrees": true, "scheme": null, "flow_arrow": "end" }, "geometry": { "type": "LineString", "coordinates": [ [ 88.377397474817741, 22.488300228139739 ], [ 88.37722995449451, 22.488338335148871 ], [ 88.377146453654348, 22.488382625428528 ], [ 88.377164633139898, 22.488469663305828 ], [ 88.377192830630349, 22.488570384382328 ], [ 88.377223591458431, 22.488680261903294 ], [ 88.377254281702335, 22.488783256718321 ], [ 88.377216167444502, 22.488918947067873 ], [ 88.377257347176638, 22.489081510284691 ], [ 88.377334650764908, 22.489395206366275 ], [ 88.377385306361489, 22.489518684818968 ], [ 88.377441065229277, 22.489658181910265 ], [ 88.377499199073171, 22.489788481376525 ] ] } },
{ "type": "Feature", "properties": { "ward": 102, "source_sheet": "102_jadavpur4.pdf p1", "source": "KMC ward sewerage network map (ArcMap GeoPDF)", "extraction_method": "geopdf_vector", "georef_max_residual_m": 0.1, "conduit_type": "pipe", "pipe_diameter_mm": 300, "diameter_source": "legend_colour", "diameter_candidates_mm": null, "label_diameter_mm": 300.0, "label_agrees": true, "scheme": null, "flow_arrow": "end" }, "geometry": { "type": "LineString", "coordinates": [ [ 88.37833751059695, 22.488225853402938 ], [ 88.378403452975135, 22.488395093095004 ], [ 88.378451238815558, 22.488479589387335 ], [ 88.37849904821465, 22.488566379988804 ], [ 88.378395960178082, 22.488626895432166 ], [ 88.378283066434477, 22.488694375952317 ], [ 88.378172618163774, 22.488759541580819 ], [ 88.378041992373596, 22.488783575174914 ], [ 88.377891873197456, 22.488833010053956 ], [ 88.377800823524268, 22.488863596936127 ], [ 88.377799321613665, 22.488957682047342 ], [ 88.377705708300212, 22.488979112440838 ], [ 88.377614564139094, 22.489000522107482 ], [ 88.377520950762502, 22.489021952396392 ], [ 88.377434721122242, 22.48904102658037 ], [ 88.377350960539417, 22.489060080145922 ], [ 88.377286905544196, 22.489074380626263 ], [ 88.377257347176638, 22.489081510284691 ] ] } },
{ "type": "Feature", "properties": { "ward": 102, "source_sheet": "102_jadavpur4.pdf p1", "source": "KMC ward sewerage network map (ArcMap GeoPDF)", "extraction_method": "geopdf_vector", "georef_max_residual_m": 0.1, "conduit_type": "pipe", "pipe_diameter_mm": 300, "diameter_source": "legend_colour", "diameter_candidates_mm": null, "label_diameter_mm": 300.0, "label_agrees": true, "scheme": null, "flow_arrow": "end" }, "geometry": { "type": "LineString", "coordinates": [ [ 88.373170282724317, 22.490010349500803 ], [ 88.373868031143758, 22.489905890319676 ], [ 88.373863773987409, 22.489731546991099 ], [ 88.374292458046313, 22.489636205386336 ], [ 88.374455089770876, 22.48960273084672 ] ] } },
{ "type": "Feature", "properties": { "ward": 102, "source_sheet": "102_jadavpur4.pdf p1", "source": "KMC ward sewerage network map (ArcMap GeoPDF)", "extraction_method": "geopdf_vector", "georef_max_residual_m": 0.1, "conduit_type": "pipe", "pipe_diameter_mm": 650, "diameter_source": "legend_colour", "diameter_candidates_mm": null, "label_diameter_mm": 650.0, "label_agrees": true, "scheme": null, "flow_arrow": "end" }, "geometry": { "type": "LineString", "coordinates": [ [ 88.37548505075938, 22.487462614334149 ], [ 88.375516186768763, 22.487609200494479 ], [ 88.375549862670141, 22.487762648798562 ], [ 88.375580881073873, 22.487897763670428 ], [ 88.37559894185064, 22.487973330421578 ], [ 88.37561458068636, 22.488053506182165 ], [ 88.375635251893314, 22.488142817972271 ], [ 88.375655993790403, 22.488239012553485 ], [ 88.375676712165287, 22.488332912800455 ], [ 88.375699923200798, 22.488429086823704 ], [ 88.375718149010495, 22.488520713374598 ], [ 88.375740700565942, 22.488552647993888 ], [ 88.375760806612419, 22.488586897582529 ], [ 88.375783405301277, 22.488623420756664 ], [ 88.376017459908141, 22.489052830291243 ], [ 88.376091702579956, 22.4893091912719 ], [ 88.376163358742929, 22.489554101397317 ], [ 88.376228456113438, 22.489881666563203 ], [ 88.376290896096222, 22.490190898088372 ], [ 88.376344043789842, 22.490316650562431 ], [ 88.37640476389025, 22.490458401147976 ], [ 88.376455348309577, 22.49057499710834 ], [ 88.376499020450538, 22.490739834177287 ], [ 88.376528372990208, 22.490952974044252 ], [ 88.376618888145785, 22.491110537573022 ], [ 88.37669181308587, 22.491238419603167 ], [ 88.376752133215419, 22.491341167685633 ], [ 88.37682218848505, 22.491430067890438 ], [ 88.376878560790658, 22.491629215817547 ], [ 88.376907301040902, 22.491782704777624 ], [ 88.376936112203211, 22.491943076514861 ], [ 88.376961345978302, 22.491995638801381 ], [ 88.37698653261269, 22.492043612429253 ], [ 88.377042009382421, 22.492155578525654 ] ] } },
{ "type": "Feature", "properties": { "ward": 102, "source_sheet": "102_jadavpur4.pdf p1", "source": "KMC ward sewerage network map (ArcMap GeoPDF)", "extraction_method": "geopdf_vector", "georef_max_residual_m": 0.1, "conduit_type": "pipe", "pipe_diameter_mm": 300, "diameter_source": "legend_colour", "diameter_candidates_mm": null, "label_diameter_mm": 300.0, "label_agrees": true, "scheme": null, "flow_arrow": "end" }, "geometry": { "type": "LineString", "coordinates": [ [ 88.376262683666255, 22.486001457257871 ], [ 88.376271080426577, 22.486097754549206 ], [ 88.376259677603002, 22.486189627712225 ], [ 88.376225582133642, 22.486235800616836 ], [ 88.376281362019597, 22.48637759252135 ], [ 88.376296624022089, 22.486421060199632 ] ] } },
{ "type": "Feature", "properties": { "ward": 102, "source_sheet": "102_jadavpur4.pdf p1", "source": "KMC ward sewerage network map (ArcMap GeoPDF)", "extraction_method": "geopdf_vector", "georef_max_residual_m": 0.1, "conduit_type": "pipe", "pipe_diameter_mm": 300, "diameter_source": "legend_colour", "diameter_candidates_mm": null, "label_diameter_mm": 300.0, "label_agrees": true, "scheme": null, "flow_arrow": "end" }, "geometry": { "type": "LineString", "coordinates": [ [ 88.376081156622845, 22.487560903982558 ], [ 88.37616021391743, 22.487564834741935 ], [ 88.376241740376386, 22.487568745001919 ], [ 88.376261775697131, 22.48759611164262 ], [ 88.376333331683043, 22.487590926953455 ], [ 88.37640244206618, 22.48758805711978 ], [ 88.376473738812479, 22.487557635615751 ], [ 88.376457911031864, 22.487459105805613 ], [ 88.376444623028476, 22.487367438228091 ], [ 88.376431311583076, 22.487273476318133 ], [ 88.376415507441706, 22.487177240825972 ], [ 88.376402125246187, 22.487076396211151 ], [ 88.376386297693259, 22.48697786638213 ], [ 88.376355278670388, 22.486842751680108 ] ] } },
{ "type": "Feature", "properties": { "ward": 102, "source_sheet": "102_jadavpur4.pdf p1", "source": "KMC ward sewerage network map (ArcMap GeoPDF)", "extraction_method": "geopdf_vector", "georef_max_residual_m": 0.1, "conduit_type": "pipe", "pipe_diameter_mm": 300, "diameter_source": "legend_colour", "diameter_candidates_mm": null, "label_diameter_mm": 300.0, "label_agrees": true, "scheme": null, "flow_arrow": "end" }, "geometry": { "type": "LineString", "coordinates": [ [ 88.37763844683154, 22.487960935207642 ], [ 88.377488281194644, 22.488005781214717 ], [ 88.377330731940958, 22.488052983129972 ] ] } },
{ "type": "Feature", "properties": { "ward": 102, "source_sheet": "102_jadavpur4.pdf p1", "source": "KMC ward sewerage network map (ArcMap GeoPDF)", "extraction_method": "geopdf_vector", "georef_max_residual_m": 0.1, "conduit_type": "pipe", "pipe_diameter_mm": 300, "diameter_source": "legend_colour", "diameter_candidates_mm": null, "label_diameter_mm": 300.0, "label_agrees": true, "scheme": null, "flow_arrow": "end" }, "geometry": { "type": "LineString", "coordinates": [ [ 88.378607518917903, 22.487828955648126 ], [ 88.378703340724812, 22.48778226745215 ], [ 88.378756881411007, 22.487706103923614 ], [ 88.378753586218323, 22.487625825489268 ], [ 88.378732913128971, 22.487536514190186 ], [ 88.378714756329231, 22.487451770850324 ], [ 88.37869398888698, 22.48735328252312 ], [ 88.37867072882608, 22.487252520551838 ], [ 88.378652642915924, 22.487174659986533 ] ] } },
{ "type": "Feature", "properties": { "ward": 102, "source_sheet": "102_jadavpur4.pdf p1", "source": "KMC ward sewerage network map (ArcMap GeoPDF)", "extraction_method": "geopdf_vector", "georef_max_residual_m": 0.1, "conduit_type": "pipe", "pipe_diameter_mm": 300, "diameter_source": "legend_colour", "diameter_candidates_mm": null, "label_diameter_mm": 300.0, "label_agrees": true, "scheme": null, "flow_arrow": "end" }, "geometry": { "type": "LineString", "coordinates": [ [ 88.378753586218323, 22.487625825489268 ], [ 88.378886609014828, 22.487594887992781 ], [ 88.379014693636549, 22.487563991680179 ], [ 88.379077600783006, 22.487678189580805 ], [ 88.379130490138323, 22.487778704276128 ], [ 88.379148127811206, 22.487812973912991 ] ] } },
{ "type": "Feature", "properties": { "ward": 102, "source_sheet": "102_jadavpur4.pdf p1", "source": "KMC ward sewerage network map (ArcMap GeoPDF)", "extraction_method": "geopdf_vector", "georef_max_residual_m": 0.1, "conduit_type": "pipe", "pipe_diameter_mm": 225, "diameter_source": "legend_colour", "diameter_candidates_mm": null, "label_diameter_mm": 225.0, "label_agrees": true, "scheme": null, "flow_arrow": "end" }, "geometry": { "type": "LineString", "coordinates": [ [ 88.379904610633261, 22.486939357381363 ], [ 88.379825873163185, 22.486726630438284 ] ] } },
{ "type": "Feature", "properties": { "ward": 102, "source_sheet": "102_jadavpur4.pdf p1", "source": "KMC ward sewerage network map (ArcMap GeoPDF)", "extraction_method": "geopdf_vector", "georef_max_residual_m": 0.1, "conduit_type": "pipe", "pipe_diameter_mm": 225, "diameter_source": "legend_colour", "diameter_candidates_mm": null, "label_diameter_mm": 225.0, "label_agrees": true, "scheme": null, "flow_arrow": "end" }, "geometry": { "type": "LineString", "coordinates": [ [ 88.380133276534181, 22.486125211924016 ], [ 88.38003973640852, 22.486153526256636 ], [ 88.379941258286124, 22.486181881852694 ], [ 88.37987751199347, 22.486226008564117 ], [ 88.379940820731633, 22.486379208430879 ] ] } },
{ "type": "Feature", "properties": { "ward": 102, "source_sheet": "102_jadavpur4.pdf p1", "source": "KMC ward sewerage network map (ArcMap GeoPDF)", "extraction_method": "geopdf_vector", "georef_max_residual_m": 0.1, "conduit_type": "pipe", "pipe_diameter_mm": 300, "diameter_source": "legend_colour", "diameter_candidates_mm": null, "label_diameter_mm": 300.0, "label_agrees": true, "scheme": null, "flow_arrow": "end" }, "geometry": { "type": "LineString", "coordinates": [ [ 88.38170829762096, 22.48704819118883 ], [ 88.381660463098598, 22.486959107371021 ], [ 88.381615192383435, 22.486879179905209 ], [ 88.381569827125276, 22.486790075415144 ], [ 88.381527025559905, 22.48671012737714 ], [ 88.381491820335469, 22.486648471342232 ] ] } },
{ "type": "Feature", "properties": { "ward": 102, "source_sheet": "102_jadavpur4.pdf p1", "source": "KMC ward sewerage network map (ArcMap GeoPDF)", "extraction_method": "geopdf_vector", "georef_max_residual_m": 0.1, "conduit_type": "pipe", "pipe_diameter_mm": 300, "diameter_source": "legend_colour", "diameter_candidates_mm": null, "label_diameter_mm": 300.0, "label_agrees": true, "scheme": null, "flow_arrow": "end" }, "geometry": { "type": "LineString", "coordinates": [ [ 88.381145995297217, 22.485917136364804 ], [ 88.381234549568958, 22.485884274116575 ], [ 88.38127609758844, 22.485842626803322 ], [ 88.381240490892097, 22.485741968418516 ], [ 88.381212409414985, 22.485652719374084 ], [ 88.381181882704411, 22.485565785274616 ], [ 88.381151379675416, 22.48548114539545 ], [ 88.381125885532967, 22.485403346939613 ] ] } },
{ "type": "Feature", "properties": { "ward": 102, "source_sheet": "102_jadavpur4.pdf p1", "source": "KMC ward sewerage network map (ArcMap GeoPDF)", "extraction_method": "geopdf_vector", "georef_max_residual_m": 0.1, "conduit_type": "pipe", "pipe_diameter_mm": 300, "diameter_source": "legend_colour", "diameter_candidates_mm": null, "label_diameter_mm": 300.0, "label_agrees": true, "scheme": null, "flow_arrow": "end" }, "geometry": { "type": "LineString", "coordinates": [ [ 88.379934541506898, 22.484330313743332 ], [ 88.380128908232763, 22.48426215207877 ], [ 88.380242246296675, 22.484238261306764 ], [ 88.38033587961344, 22.484219123932704 ], [ 88.380419660448879, 22.484202363201135 ], [ 88.380500972267839, 22.48418562304435 ], [ 88.380587222051929, 22.484168841610245 ], [ 88.38069070760406, 22.484147327329929 ], [ 88.38077707550147, 22.484142017040455 ] ] } },
{ "type": "Feature", "properties": { "ward": 102, "source_sheet": "102_jadavpur4.pdf p1", "source": "KMC ward sewerage network map (ArcMap GeoPDF)", "extraction_method": "geopdf_vector", "georef_max_residual_m": 0.1, "conduit_type": "pipe", "pipe_diameter_mm": 300, "diameter_source": "legend_colour", "diameter_candidates_mm": null, "label_diameter_mm": 300.0, "label_agrees": true, "scheme": null, "flow_arrow": "end" }, "geometry": { "type": "LineString", "coordinates": [ [ 88.383851452314175, 22.484400821819055 ], [ 88.384050636491835, 22.484321142950691 ], [ 88.384447482784338, 22.484253575184553 ] ] } },
{ "type": "Feature", "properties": { "ward": 102, "source_sheet": "102_jadavpur4.pdf p1", "source": "KMC ward sewerage network map (ArcMap GeoPDF)", "extraction_method": "geopdf_vector", "georef_max_residual_m": 0.1, "conduit_type": "pipe", "pipe_diameter_mm": 225, "diameter_source": "legend_colour", "diameter_candidates_mm": null, "label_diameter_mm": 225.0, "label_agrees": true, "scheme": null, "flow_arrow": "end" }, "geometry": { "type": "LineString", "coordinates": [ [ 88.384540219669276, 22.483908630895037 ], [ 88.384473698934912, 22.483922954763923 ], [ 88.384402169032427, 22.483930437090965 ] ] } },
{ "type": "Feature", "properties": { "ward": 102, "source_sheet": "102_jadavpur4.pdf p1", "source": "KMC ward sewerage network map (ArcMap GeoPDF)", "extraction_method": "geopdf_vector", "georef_max_residual_m": 0.1, "conduit_type": "pipe", "pipe_diameter_mm": 300, "diameter_source": "legend_colour", "diameter_candidates_mm": null, "label_diameter_mm": 300.0, "label_agrees": true, "scheme": null, "flow_arrow": "end" }, "geometry": { "type": "LineString", "coordinates": [ [ 88.384498805880668, 22.484441290345643 ], [ 88.384319279125748, 22.484511627353875 ], [ 88.384285423723867, 22.48458074436607 ], [ 88.384226854514679, 22.484647773897194 ], [ 88.384141291978011, 22.484731090596501 ], [ 88.384031252411816, 22.484835262300646 ], [ 88.383926079629262, 22.484932509725478 ], [ 88.383850274334748, 22.485004272375164 ], [ 88.383779359709592, 22.485071405106485 ], [ 88.383710890238234, 22.485136222916488 ], [ 88.383647311459399, 22.485196410817711 ], [ 88.383583732625624, 22.485256598696186 ], [ 88.383532356814754, 22.485302917772113 ], [ 88.383466143015866, 22.485347066496065 ], [ 88.383394991252601, 22.48539125651941 ], [ 88.383301523414531, 22.485426455465948 ], [ 88.383210500968559, 22.485459339472762 ], [ 88.383129330861038, 22.485489846568409 ], [ 88.383164938927166, 22.485590504472505 ], [ 88.383202992288815, 22.485688847478855 ], [ 88.383082956822633, 22.485781629911454 ], [ 88.382999483180498, 22.48582821729434 ], [ 88.382916009481832, 22.485874804732131 ], [ 88.382832535621816, 22.485921392034498 ], [ 88.382796233909758, 22.48599282375309 ] ] } },
{ "type": "Feature", "properties": { "ward": 102, "source_sheet": "102_jadavpur4.pdf p1", "source": "KMC ward sewerage network map (ArcMap GeoPDF)", "extraction_method": "geopdf_vector", "georef_max_residual_m": 0.1, "conduit_type": "pipe", "pipe_diameter_mm": 225, "diameter_source": "legend_colour", "diameter_candidates_mm": null, "label_diameter_mm": 225.0, "label_agrees": true, "scheme": null, "flow_arrow": "end" }, "geometry": { "type": "LineString", "coordinates": [ [ 88.375495133889117, 22.485558131596516 ], [ 88.375650377027242, 22.485527012042322 ], [ 88.37576910269982, 22.485546674167722 ], [ 88.375865135910644, 22.485520635976549 ] ] } },
{ "type": "Feature", "properties": { "ward": 102, "source_sheet": "102_jadavpur4.pdf p1", "source": "KMC ward sewerage network map (ArcMap GeoPDF)", "extraction_method": "geopdf_vector", "georef_max_residual_m": 0.1, "conduit_type": "pipe", "pipe_diameter_mm": 300, "diameter_source": "legend_colour", "diameter_candidates_mm": null, "label_diameter_mm": 300.0, "label_agrees": true, "scheme": null, "flow_arrow": "end" }, "geometry": { "type": "LineString", "coordinates": [ [ 88.376216290121334, 22.484850026486175 ], [ 88.376198276736332, 22.484779048239314 ], [ 88.376180286827591, 22.484710364319348 ], [ 88.376224305112288, 22.484668697692889 ], [ 88.376213675107863, 22.484595363555268 ], [ 88.376202950986794, 22.484512852383247 ], [ 88.376194766558143, 22.484437203455165 ], [ 88.376184089478926, 22.484359280843748 ], [ 88.376175857958842, 22.48427904334854 ], [ 88.376165063120496, 22.484189649371356 ] ] } },
{ "type": "Feature", "properties": { "ward": 102, "source_sheet": "102_jadavpur4.pdf p1", "source": "KMC ward sewerage network map (ArcMap GeoPDF)", "extraction_method": "geopdf_vector", "georef_max_residual_m": 0.1, "conduit_type": "pipe", "pipe_diameter_mm": 300, "diameter_source": "legend_colour", "diameter_candidates_mm": null, "label_diameter_mm": 300.0, "label_agrees": true, "scheme": null, "flow_arrow": "end" }, "geometry": { "type": "LineString", "coordinates": [ [ 88.374407994505191, 22.490307520518598 ], [ 88.374274991472362, 22.490340748721174 ], [ 88.374156755968741, 22.490369265099375 ], [ 88.374050866069524, 22.490397678867982 ], [ 88.373935099676956, 22.490426174563051 ], [ 88.373953771601663, 22.490561392270607 ], [ 88.373675913042476, 22.490676129948699 ], [ 88.373599440598525, 22.490683648809682 ], [ 88.373574208329913, 22.490631085912806 ], [ 88.37350617770953, 22.490498572705761 ], [ 88.373433067785527, 22.490352334985658 ], [ 88.373400875169594, 22.490343424541212 ], [ 88.373280052753415, 22.490360489527692 ], [ 88.373139524338242, 22.490382307074036 ], [ 88.373126684984456, 22.490334230108434 ], [ 88.373116267620091, 22.490281544161569 ], [ 88.373120171229047, 22.490180555638435 ], [ 88.373183310174184, 22.490076780539646 ], [ 88.373133763409939, 22.489820212900806 ], [ 88.373147167294931, 22.489682434183404 ], [ 88.37312579198472, 22.489524294190517 ], [ 88.37320710796773, 22.489507557525638 ], [ 88.373313091470081, 22.489488321466613 ], [ 88.373423989610345, 22.489466749981183 ], [ 88.373517627571573, 22.489447616358227 ] ] } },
{ "type": "Feature", "properties": { "ward": 102, "source_sheet": "102_jadavpur4.pdf p1", "source": "KMC ward sewerage network map (ArcMap GeoPDF)", "extraction_method": "geopdf_vector", "georef_max_residual_m": 0.1, "conduit_type": "pipe", "pipe_diameter_mm": 300, "diameter_source": "legend_colour", "diameter_candidates_mm": null, "label_diameter_mm": 300.0, "label_agrees": true, "scheme": null, "flow_arrow": "end" }, "geometry": { "type": "LineString", "coordinates": [ [ 88.372413668394103, 22.491117972369569 ], [ 88.372561228980928, 22.491059385756824 ], [ 88.372698959960786, 22.491005469501715 ], [ 88.372846520295766, 22.490946882638813 ], [ 88.373001487862624, 22.490888234217028 ], [ 88.373264626816962, 22.490782797766848 ], [ 88.373283697869482, 22.490716100084011 ], [ 88.373355090911133, 22.490694856893807 ], [ 88.373428953147496, 22.490673593061782 ], [ 88.373502815360496, 22.490652329292566 ], [ 88.373574208329913, 22.490631085912806 ] ] } },
{ "type": "Feature", "properties": { "ward": 102, "source_sheet": "102_jadavpur4.pdf p1", "source": "KMC ward sewerage network map (ArcMap GeoPDF)", "extraction_method": "geopdf_vector", "georef_max_residual_m": 0.1, "conduit_type": "pipe", "pipe_diameter_mm": 300, "diameter_source": "legend_colour", "diameter_candidates_mm": null, "label_diameter_mm": 300.0, "label_agrees": true, "scheme": null, "flow_arrow": "end" }, "geometry": { "type": "LineString", "coordinates": [ [ 88.373194457394462, 22.488514162528769 ], [ 88.373229871088313, 22.488596468837134 ], [ 88.373262768819856, 22.488674207173069 ], [ 88.373293173889309, 22.488749671680392 ], [ 88.373340580593094, 22.488797461387026 ], [ 88.373412207827755, 22.488799160858196 ] ] } },
{ "type": "Feature", "properties": { "ward": 102, "source_sheet": "102_jadavpur4.pdf p1", "source": "KMC ward sewerage network map (ArcMap GeoPDF)", "extraction_method": "geopdf_vector", "georef_max_residual_m": 0.1, "conduit_type": "pipe", "pipe_diameter_mm": 450, "diameter_source": "legend_colour", "diameter_candidates_mm": null, "label_diameter_mm": 450.0, "label_agrees": true, "scheme": null, "flow_arrow": "end" }, "geometry": { "type": "LineString", "coordinates": [ [ 88.373517627571573, 22.489447616358227 ], [ 88.373507092549346, 22.489383459067696 ], [ 88.373488656468865, 22.489271183899355 ], [ 88.373470267356723, 22.489163497197424 ], [ 88.373454347365296, 22.489055789976867 ], [ 88.373435958317614, 22.488948103265493 ], [ 88.373420179489742, 22.488854161544666 ], [ 88.373412207827755, 22.488799160858196 ] ] } },
{ "type": "Feature", "properties": { "ward": 102, "source_sheet": "102_jadavpur4.pdf p1", "source": "KMC ward sewerage network map (ArcMap GeoPDF)", "extraction_method": "geopdf_vector", "georef_max_residual_m": 0.1, "conduit_type": "pipe", "pipe_diameter_mm": 300, "diameter_source": "legend_colour", "diameter_candidates_mm": null, "label_diameter_mm": 300.0, "label_agrees": true, "scheme": null, "flow_arrow": "end" }, "geometry": { "type": "LineString", "coordinates": [ [ 88.375976970409042, 22.491602306870043 ], [ 88.376048269162752, 22.491571885462172 ], [ 88.376166458074493, 22.491538779108438 ], [ 88.376266449235032, 22.491657258173188 ], [ 88.376301252848052, 22.49167991294642 ], [ 88.376382828863058, 22.491688411475717 ], [ 88.376494034563777, 22.491696663213276 ], [ 88.376555810297518, 22.491700737691502 ], [ 88.376619065194859, 22.491608432707196 ], [ 88.376714748716452, 22.491547979971806 ], [ 88.376805517577296, 22.491489862548438 ], [ 88.37682218848505, 22.491430067890438 ] ] } },
{ "type": "Feature", "properties": { "ward": 102, "source_sheet": "102_jadavpur4.pdf p1", "source": "KMC ward sewerage network map (ArcMap GeoPDF)", "extraction_method": "geopdf_vector", "georef_max_residual_m": 0.1, "conduit_type": "pipe", "pipe_diameter_mm": 300, "diameter_source": "legend_colour", "diameter_candidates_mm": null, "label_diameter_mm": 300.0, "label_agrees": true, "scheme": null, "flow_arrow": "end" }, "geometry": { "type": "LineString", "coordinates": [ [ 88.385721282743361, 22.483506383626391 ], [ 88.385638976169986, 22.48342676776565 ], [ 88.385562911859154, 22.48347329438371 ], [ 88.385491761636246, 22.483517485261881 ], [ 88.385413228142738, 22.483564032412243 ] ] } },
{ "type": "Feature", "properties": { "ward": 102, "source_sheet": "102_jadavpur4.pdf p1", "source": "KMC ward sewerage network map (ArcMap GeoPDF)", "extraction_method": "geopdf_vector", "georef_max_residual_m": 0.1, "conduit_type": "pipe", "pipe_diameter_mm": 300, "diameter_source": "legend_colour", "diameter_candidates_mm": null, "label_diameter_mm": 300.0, "label_agrees": true, "scheme": null, "flow_arrow": "end" }, "geometry": { "type": "LineString", "coordinates": [ [ 88.384154000991003, 22.48333136902459 ], [ 88.384164966546123, 22.48343682199917 ], [ 88.384175837470394, 22.483533097872716 ], [ 88.384186613556579, 22.483620196838583 ] ] } },
{ "type": "Feature", "properties": { "ward": 102, "source_sheet": "102_jadavpur4.pdf p1", "source": "KMC ward sewerage network map (ArcMap GeoPDF)", "extraction_method": "geopdf_vector", "georef_max_residual_m": 0.1, "conduit_type": "pipe", "pipe_diameter_mm": 300, "diameter_source": "legend_colour", "diameter_candidates_mm": null, "label_diameter_mm": 400.0, "label_agrees": false, "scheme": null, "flow_arrow": "end" }, "geometry": { "type": "LineString", "coordinates": [ [ 88.381124735017309, 22.484572764568135 ], [ 88.381250394578714, 22.484546475717213 ], [ 88.381388328150365, 22.484513200832378 ] ] } },
{ "type": "Feature", "properties": { "ward": 102, "source_sheet": "102_jadavpur4.pdf p1", "source": "KMC ward sewerage network map (ArcMap GeoPDF)", "extraction_method": "geopdf_vector", "georef_max_residual_m": 0.1, "conduit_type": "pipe", "pipe_diameter_mm": 300, "diameter_source": "legend_colour", "diameter_candidates_mm": null, "label_diameter_mm": null, "label_agrees": null, "scheme": null, "flow_arrow": "end" }, "geometry": { "type": "LineString", "coordinates": [ [ 88.381124735017309, 22.484572764568135 ], [ 88.380937562804363, 22.484620217299092 ] ] } },
{ "type": "Feature", "properties": { "ward": 102, "source_sheet": "102_jadavpur4.pdf p1", "source": "KMC ward sewerage network map (ArcMap GeoPDF)", "extraction_method": "geopdf_vector", "georef_max_residual_m": 0.1, "conduit_type": "pipe", "pipe_diameter_mm": 300, "diameter_source": "legend_colour", "diameter_candidates_mm": null, "label_diameter_mm": 300.0, "label_agrees": true, "scheme": null, "flow_arrow": "end" }, "geometry": { "type": "LineString", "coordinates": [ [ 88.381293397840111, 22.48488569545539 ], [ 88.381478172191819, 22.484845145715621 ] ] } },
{ "type": "Feature", "properties": { "ward": 102, "source_sheet": "102_jadavpur4.pdf p1", "source": "KMC ward sewerage network map (ArcMap GeoPDF)", "extraction_method": "geopdf_vector", "georef_max_residual_m": 0.1, "conduit_type": "pipe", "pipe_diameter_mm": 300, "diameter_source": "legend_colour", "diameter_candidates_mm": null, "label_diameter_mm": 300.0, "label_agrees": true, "scheme": null, "flow_arrow": "end" }, "geometry": { "type": "LineString", "coordinates": [ [ 88.382175099703886, 22.48418540128166 ], [ 88.382201540330612, 22.484354969650507 ], [ 88.38221231528243, 22.484442068798796 ], [ 88.382220550382172, 22.484522305712304 ], [ 88.38223132536487, 22.484609404856325 ], [ 88.382246754572265, 22.48466893158885 ], [ 88.382262183794253, 22.484728458318816 ], [ 88.382350902644973, 22.484711655290713 ], [ 88.382454411918431, 22.484692434100413 ], [ 88.382557921159574, 22.48467321284501 ], [ 88.382605755267036, 22.484762296432383 ], [ 88.382661114876285, 22.484862789281451 ] ] } },
{ "type": "Feature", "properties": { "ward": 102, "source_sheet": "102_jadavpur4.pdf p1", "source": "KMC ward sewerage network map (ArcMap GeoPDF)", "extraction_method": "geopdf_vector", "georef_max_residual_m": 0.1, "conduit_type": "pipe", "pipe_diameter_mm": 300, "diameter_source": "legend_colour", "diameter_candidates_mm": null, "label_diameter_mm": 300.0, "label_agrees": true, "scheme": null, "flow_arrow": "end" }, "geometry": { "type": "LineString", "coordinates": [ [ 88.382524861895547, 22.484340793773075 ], [ 88.382201540330612, 22.484354969650507 ] ] } },
{ "type": "Feature", "properties": { "ward": 102, "source_sheet": "102_jadavpur4.pdf p1", "source": "KMC ward sewerage network map (ArcMap GeoPDF)", "extraction_method": "geopdf_vector", "georef_max_residual_m": 0.1, "conduit_type": "pipe", "pipe_diameter_mm": 300, "diameter_source": "legend_colour", "diameter_candidates_mm": null, "label_diameter_mm": null, "label_agrees": null, "scheme": null, "flow_arrow": "end" }, "geometry": { "type": "LineString", "coordinates": [ [ 88.378905247685267, 22.484366435436971 ], [ 88.378841218516826, 22.484383030659249 ], [ 88.378774720435175, 22.484399646447091 ], [ 88.378710691335982, 22.484416241618117 ], [ 88.378644193219955, 22.4844328573536 ], [ 88.378585102088195, 22.48444941129782 ], [ 88.378533370853148, 22.484461314898837 ] ] } },
{ "type": "Feature", "properties": { "ward": 102, "source_sheet": "102_jadavpur4.pdf p1", "source": "KMC ward sewerage network map (ArcMap GeoPDF)", "extraction_method": "geopdf_vector", "georef_max_residual_m": 0.1, "conduit_type": "pipe", "pipe_diameter_mm": 225, "diameter_source": "legend_colour", "diameter_candidates_mm": null, "label_diameter_mm": null, "label_agrees": null, "scheme": null, "flow_arrow": "end" }, "geometry": { "type": "LineString", "coordinates": [ [ 88.375527776574529, 22.485851550429363 ], [ 88.375631452736215, 22.485848393365494 ], [ 88.375762288302695, 22.485845010227788 ], [ 88.37588816224536, 22.485839373751059 ] ] } },
{ "type": "Feature", "properties": { "ward": 102, "source_sheet": "102_jadavpur4.pdf p1", "source": "KMC ward sewerage network map (ArcMap GeoPDF)", "extraction_method": "geopdf_vector", "georef_max_residual_m": 0.1, "conduit_type": "pipe", "pipe_diameter_mm": 300, "diameter_source": "legend_colour", "diameter_candidates_mm": null, "label_diameter_mm": 300.0, "label_agrees": true, "scheme": null, "flow_arrow": "end" }, "geometry": { "type": "LineString", "coordinates": [ [ 88.375998571142034, 22.486251456999856 ], [ 88.375909756128635, 22.486259079584176 ], [ 88.375727187889609, 22.486274365700524 ], [ 88.37555943391834, 22.486289528254972 ] ] } },
{ "type": "Feature", "properties": { "ward": 102, "source_sheet": "102_jadavpur4.pdf p1", "source": "KMC ward sewerage network map (ArcMap GeoPDF)", "extraction_method": "geopdf_vector", "georef_max_residual_m": 0.1, "conduit_type": "pipe", "pipe_diameter_mm": 400, "diameter_source": "legend_colour", "diameter_candidates_mm": null, "label_diameter_mm": null, "label_agrees": null, "scheme": null, "flow_arrow": "end" }, "geometry": { "type": "LineString", "coordinates": [ [ 88.377397474817741, 22.488300228139739 ], [ 88.377376943954346, 22.488224682217353 ], [ 88.377353802559938, 22.488135391280895 ], [ 88.377330731940958, 22.488052983129972 ], [ 88.377287107016059, 22.48789273479985 ], [ 88.377238402504602, 22.487718762008065 ], [ 88.377194777810743, 22.487558513540325 ], [ 88.377332008194884, 22.487456414213227 ], [ 88.377285301384461, 22.487236535727803 ], [ 88.377236054958189, 22.487009794897432 ], [ 88.377209666695009, 22.486844814050688 ], [ 88.377183231453301, 22.486675244536276 ], [ 88.377164627778598, 22.48654691006471 ], [ 88.377140850312472, 22.486395674110735 ], [ 88.376968346944977, 22.48642923331991 ], [ 88.376776091077275, 22.486462956944727 ], [ 88.376735643494357, 22.486371515569257 ], [ 88.376702744483552, 22.486293778086321 ] ] } },
{ "type": "Feature", "properties": { "ward": 102, "source_sheet": "102_jadavpur4.pdf p1", "source": "KMC ward sewerage network map (ArcMap GeoPDF)", "extraction_method": "geopdf_vector", "georef_max_residual_m": 0.1, "conduit_type": "pipe", "pipe_diameter_mm": 225, "diameter_source": "legend_colour", "diameter_candidates_mm": null, "label_diameter_mm": 225.0, "label_agrees": true, "scheme": null, "flow_arrow": "end" }, "geometry": { "type": "LineString", "coordinates": [ [ 88.382540645261756, 22.485871061222554 ], [ 88.382661414939193, 22.485849400984602 ], [ 88.382769863139515, 22.485830138249106 ] ] } },
{ "type": "Feature", "properties": { "ward": 102, "source_sheet": "102_jadavpur4.pdf p1", "source": "KMC ward sewerage network map (ArcMap GeoPDF)", "extraction_method": "geopdf_vector", "georef_max_residual_m": 0.1, "conduit_type": "pipe", "pipe_diameter_mm": 300, "diameter_source": "legend_colour", "diameter_candidates_mm": null, "label_diameter_mm": 300.0, "label_agrees": true, "scheme": null, "flow_arrow": "end" }, "geometry": { "type": "LineString", "coordinates": [ [ 88.380364527202985, 22.483883894518488 ], [ 88.380373458212034, 22.483792041800047 ], [ 88.380375454675317, 22.483746136008172 ], [ 88.380377474765012, 22.483702524541858 ] ] } },
{ "type": "Feature", "properties": { "ward": 102, "source_sheet": "102_jadavpur4.pdf p1", "source": "KMC ward sewerage network map (ArcMap GeoPDF)", "extraction_method": "geopdf_vector", "georef_max_residual_m": 0.1, "conduit_type": "pipe", "pipe_diameter_mm": 300, "diameter_source": "legend_colour", "diameter_candidates_mm": null, "label_diameter_mm": 300.0, "label_agrees": true, "scheme": null, "flow_arrow": "end" }, "geometry": { "type": "LineString", "coordinates": [ [ 88.380364527202985, 22.483883894518488 ], [ 88.380231461057278, 22.483910244498151 ], [ 88.380108294436198, 22.483938806156559 ], [ 88.379982635149261, 22.483965094102029 ], [ 88.379864359164955, 22.483989025899085 ] ] } },
{ "type": "Feature", "properties": { "ward": 102, "source_sheet": "102_jadavpur4.pdf p1", "source": "KMC ward sewerage network map (ArcMap GeoPDF)", "extraction_method": "geopdf_vector", "georef_max_residual_m": 0.1, "conduit_type": "pipe", "pipe_diameter_mm": 225, "diameter_source": "legend_colour", "diameter_candidates_mm": null, "label_diameter_mm": null, "label_agrees": null, "scheme": null, "flow_arrow": "end" }, "geometry": { "type": "LineString", "coordinates": [ [ 88.377564890515671, 22.483927896028597 ], [ 88.377651234912889, 22.48392029318245 ], [ 88.377712889277021, 22.483912896132999 ], [ 88.377779505198987, 22.483907752046552 ], [ 88.37784609763294, 22.483900313699365 ], [ 88.377929972997677, 22.483892731281877 ] ] } },
{ "type": "Feature", "properties": { "ward": 102, "source_sheet": "102_jadavpur4.pdf p1", "source": "KMC ward sewerage network map (ArcMap GeoPDF)", "extraction_method": "geopdf_vector", "georef_max_residual_m": 0.1, "conduit_type": "pipe", "pipe_diameter_mm": 300, "diameter_source": "legend_colour", "diameter_candidates_mm": null, "label_diameter_mm": 300.0, "label_agrees": true, "scheme": null, "flow_arrow": "end" }, "geometry": { "type": "LineString", "coordinates": [ [ 88.379852817669374, 22.487664836921358 ], [ 88.379949040401371, 22.487657150294833 ], [ 88.38004032511077, 22.487649504837339 ], [ 88.380134078759809, 22.487641838714691 ], [ 88.380230915886756, 22.487693802644703 ], [ 88.380268448142687, 22.487741672683615 ], [ 88.380303511265012, 22.487789563426219 ] ] } },
{ "type": "Feature", "properties": { "ward": 102, "source_sheet": "102_jadavpur4.pdf p1", "source": "KMC ward sewerage network map (ArcMap GeoPDF)", "extraction_method": "geopdf_vector", "georef_max_residual_m": 0.1, "conduit_type": "pipe", "pipe_diameter_mm": 300, "diameter_source": "legend_colour", "diameter_candidates_mm": null, "label_diameter_mm": 300.0, "label_agrees": true, "scheme": null, "flow_arrow": "end" }, "geometry": { "type": "LineString", "coordinates": [ [ 88.380022300090729, 22.485898987545632 ], [ 88.379985914638894, 22.485722618295348 ] ] } },
{ "type": "Feature", "properties": { "ward": 102, "source_sheet": "102_jadavpur4.pdf p1", "source": "KMC ward sewerage network map (ArcMap GeoPDF)", "extraction_method": "geopdf_vector", "georef_max_residual_m": 0.1, "conduit_type": "pipe", "pipe_diameter_mm": 300, "diameter_source": "legend_colour", "diameter_candidates_mm": null, "label_diameter_mm": 300.0, "label_agrees": true, "scheme": null, "flow_arrow": "end" }, "geometry": { "type": "LineString", "coordinates": [ [ 88.378877459789564, 22.485745634372922 ], [ 88.378885551371425, 22.485812106056095 ], [ 88.37889119754108, 22.485880892563184 ] ] } },
{ "type": "Feature", "properties": { "ward": 102, "source_sheet": "102_jadavpur4.pdf p1", "source": "KMC ward sewerage network map (ArcMap GeoPDF)", "extraction_method": "geopdf_vector", "georef_max_residual_m": 0.1, "conduit_type": "pipe", "pipe_diameter_mm": 300, "diameter_source": "legend_colour", "diameter_candidates_mm": null, "label_diameter_mm": 300.0, "label_agrees": true, "scheme": null, "flow_arrow": "end" }, "geometry": { "type": "LineString", "coordinates": [ [ 88.381124735017309, 22.484572764568135 ], [ 88.381089034149326, 22.484462929100861 ], [ 88.38104827715965, 22.484341663535339 ], [ 88.381015140066765, 22.484240984429167 ], [ 88.38097682857267, 22.48411740398117 ] ] } },
{ "type": "Feature", "properties": { "ward": 102, "source_sheet": "102_jadavpur4.pdf p1", "source": "KMC ward sewerage network map (ArcMap GeoPDF)", "extraction_method": "geopdf_vector", "georef_max_residual_m": 0.1, "conduit_type": "pipe", "pipe_diameter_mm": 225, "diameter_source": "legend_colour", "diameter_candidates_mm": null, "label_diameter_mm": 225.0, "label_agrees": true, "scheme": null, "flow_arrow": "end" }, "geometry": { "type": "LineString", "coordinates": [ [ 88.373948568410469, 22.489331606781338 ], [ 88.374042347257713, 22.489326238461839 ], [ 88.374031176861635, 22.489200136207284 ], [ 88.37401480941368, 22.489048838029003 ], [ 88.373998324377936, 22.488886068669995 ], [ 88.373984614418731, 22.488753104123088 ], [ 88.373979158676065, 22.488702671423255 ] ] } },
{ "type": "Feature", "properties": { "ward": 102, "source_sheet": "102_jadavpur4.pdf p1", "source": "KMC ward sewerage network map (ArcMap GeoPDF)", "extraction_method": "geopdf_vector", "georef_max_residual_m": 0.1, "conduit_type": "pipe", "pipe_diameter_mm": 225, "diameter_source": "legend_colour", "diameter_candidates_mm": null, "label_diameter_mm": 225.0, "label_agrees": true, "scheme": null, "flow_arrow": "end" }, "geometry": { "type": "LineString", "coordinates": [ [ 88.377387181988212, 22.490902225096661 ], [ 88.377413854433982, 22.491094736939431 ] ] } },
{ "type": "Feature", "properties": { "ward": 102, "source_sheet": "102_jadavpur4.pdf p1", "source": "KMC ward sewerage network map (ArcMap GeoPDF)", "extraction_method": "geopdf_vector", "georef_max_residual_m": 0.1, "conduit_type": "pipe", "pipe_diameter_mm": 225, "diameter_source": "legend_colour", "diameter_candidates_mm": null, "label_diameter_mm": 225.0, "label_agrees": true, "scheme": null, "flow_arrow": "end" }, "geometry": { "type": "LineString", "coordinates": [ [ 88.383566924640235, 22.484345842253784 ], [ 88.383806110245217, 22.484314012285683 ], [ 88.383851452314175, 22.484400821819055 ], [ 88.383877847757645, 22.484565801349625 ], [ 88.383885941612093, 22.484632272674439 ] ] } },
{ "type": "Feature", "properties": { "ward": 102, "source_sheet": "102_jadavpur4.pdf p1", "source": "KMC ward sewerage network map (ArcMap GeoPDF)", "extraction_method": "geopdf_vector", "georef_max_residual_m": 0.1, "conduit_type": "pipe", "pipe_diameter_mm": 300, "diameter_source": "legend_colour", "diameter_candidates_mm": null, "label_diameter_mm": 300.0, "label_agrees": true, "scheme": null, "flow_arrow": "end" }, "geometry": { "type": "LineString", "coordinates": [ [ 88.383813126597914, 22.483797702004683 ], [ 88.383794777897847, 22.483694605228692 ], [ 88.383773723430707, 22.483568586654766 ] ] } },
{ "type": "Feature", "properties": { "ward": 102, "source_sheet": "102_jadavpur4.pdf p1", "source": "KMC ward sewerage network map (ArcMap GeoPDF)", "extraction_method": "geopdf_vector", "georef_max_residual_m": 0.1, "conduit_type": "pipe", "pipe_diameter_mm": 300, "diameter_source": "legend_colour", "diameter_candidates_mm": null, "label_diameter_mm": 300.0, "label_agrees": true, "scheme": null, "flow_arrow": "end" }, "geometry": { "type": "LineString", "coordinates": [ [ 88.382005205933169, 22.483753170124569 ], [ 88.381568902822337, 22.48382565046656 ], [ 88.381431182664443, 22.483879573726256 ], [ 88.381320266743813, 22.483898856223426 ] ] } },
{ "type": "Feature", "properties": { "ward": 102, "source_sheet": "102_jadavpur4.pdf p1", "source": "KMC ward sewerage network map (ArcMap GeoPDF)", "extraction_method": "geopdf_vector", "georef_max_residual_m": 0.1, "conduit_type": "pipe", "pipe_diameter_mm": 225, "diameter_source": "legend_colour", "diameter_candidates_mm": null, "label_diameter_mm": 225.0, "label_agrees": true, "scheme": null, "flow_arrow": "end" }, "geometry": { "type": "LineString", "coordinates": [ [ 88.383564578710889, 22.485075497346337 ], [ 88.383445030537615, 22.484736919075356 ], [ 88.383429766557825, 22.484693452263866 ] ] } },
{ "type": "Feature", "properties": { "ward": 102, "source_sheet": "102_jadavpur4.pdf p1", "source": "KMC ward sewerage network map (ArcMap GeoPDF)", "extraction_method": "geopdf_vector", "georef_max_residual_m": 0.1, "conduit_type": "pipe", "pipe_diameter_mm": 300, "diameter_source": "legend_colour", "diameter_candidates_mm": null, "label_diameter_mm": 300.0, "label_agrees": true, "scheme": null, "flow_arrow": "end" }, "geometry": { "type": "LineString", "coordinates": [ [ 88.378901531902599, 22.487365318186242 ], [ 88.378888690820332, 22.487317241749022 ], [ 88.378875849850729, 22.487269165309193 ], [ 88.378863008788016, 22.487221088868466 ], [ 88.378850191443547, 22.487175306751418 ], [ 88.378837374004462, 22.487129524537938 ] ] } },
{ "type": "Feature", "properties": { "ward": 102, "source_sheet": "102_jadavpur4.pdf p1", "source": "KMC ward sewerage network map (ArcMap GeoPDF)", "extraction_method": "geopdf_vector", "georef_max_residual_m": 0.1, "conduit_type": "pipe", "pipe_diameter_mm": 225, "diameter_source": "legend_colour", "diameter_candidates_mm": null, "label_diameter_mm": 225.0, "label_agrees": true, "scheme": null, "flow_arrow": "end" }, "geometry": { "type": "LineString", "coordinates": [ [ 88.376366088314015, 22.490779946891937 ], [ 88.376439949951703, 22.490758681701269 ], [ 88.376499020450538, 22.490739834177287 ] ] } },
{ "type": "Feature", "properties": { "ward": 102, "source_sheet": "102_jadavpur4.pdf p1", "source": "KMC ward sewerage network map (ArcMap GeoPDF)", "extraction_method": "geopdf_vector", "georef_max_residual_m": 0.1, "conduit_type": "pipe", "pipe_diameter_mm": 225, "diameter_source": "legend_colour", "diameter_candidates_mm": null, "label_diameter_mm": 225.0, "label_agrees": true, "scheme": null, "flow_arrow": "end" }, "geometry": { "type": "LineString", "coordinates": [ [ 88.376279844534707, 22.491278561683895 ], [ 88.37636581658758, 22.491234251206823 ], [ 88.376459195846891, 22.491189878906816 ], [ 88.376554997126121, 22.491140897527931 ], [ 88.376618888145785, 22.491110537573022 ] ] } },
{ "type": "Feature", "properties": { "ward": 102, "source_sheet": "102_jadavpur4.pdf p1", "source": "KMC ward sewerage network map (ArcMap GeoPDF)", "extraction_method": "geopdf_vector", "georef_max_residual_m": 0.1, "conduit_type": "pipe", "pipe_diameter_mm": 300, "diameter_source": "legend_colour", "diameter_candidates_mm": null, "label_diameter_mm": 300.0, "label_agrees": true, "scheme": null, "flow_arrow": "end" }, "geometry": { "type": "LineString", "coordinates": [ [ 88.382925974774324, 22.483011245374549 ], [ 88.382922204107686, 22.482885082059035 ], [ 88.382899273289055, 22.482816440334322 ] ] } },
{ "type": "Feature", "properties": { "ward": 102, "source_sheet": "102_jadavpur4.pdf p1", "source": "KMC ward sewerage network map (ArcMap GeoPDF)", "extraction_method": "geopdf_vector", "georef_max_residual_m": 0.1, "conduit_type": "pipe", "pipe_diameter_mm": 225, "diameter_source": "legend_colour", "diameter_candidates_mm": null, "label_diameter_mm": 225.0, "label_agrees": true, "scheme": null, "flow_arrow": "end" }, "geometry": { "type": "LineString", "coordinates": [ [ 88.382820371155304, 22.485460309067932 ], [ 88.382707150988765, 22.485495672910186 ] ] } },
{ "type": "Feature", "properties": { "ward": 102, "source_sheet": "102_jadavpur4.pdf p1", "source": "KMC ward sewerage network map (ArcMap GeoPDF)", "extraction_method": "geopdf_vector", "georef_max_residual_m": 0.1, "conduit_type": "pipe", "pipe_diameter_mm": 300, "diameter_source": "legend_colour", "diameter_candidates_mm": null, "label_diameter_mm": 300.0, "label_agrees": true, "scheme": null, "flow_arrow": "end" }, "geometry": { "type": "LineString", "coordinates": [ [ 88.379692466709017, 22.485520861331764 ], [ 88.379749218067687, 22.485756716376031 ] ] } },
{ "type": "Feature", "properties": { "ward": 102, "source_sheet": "102_jadavpur4.pdf p1", "source": "KMC ward sewerage network map (ArcMap GeoPDF)", "extraction_method": "geopdf_vector", "georef_max_residual_m": 0.1, "conduit_type": "pipe", "pipe_diameter_mm": 300, "diameter_source": "legend_colour", "diameter_candidates_mm": null, "label_diameter_mm": 300.0, "label_agrees": true, "scheme": null, "flow_arrow": "end" }, "geometry": { "type": "LineString", "coordinates": [ [ 88.379386913901058, 22.484862608318469 ], [ 88.379450197791641, 22.48501351432629 ] ] } },
{ "type": "Feature", "properties": { "ward": 102, "source_sheet": "102_jadavpur4.pdf p1", "source": "KMC ward sewerage network map (ArcMap GeoPDF)", "extraction_method": "geopdf_vector", "georef_max_residual_m": 0.1, "conduit_type": "pipe", "pipe_diameter_mm": 225, "diameter_source": "legend_colour", "diameter_candidates_mm": null, "label_diameter_mm": 225.0, "label_agrees": true, "scheme": null, "flow_arrow": "end" }, "geometry": { "type": "LineString", "coordinates": [ [ 88.382524861895547, 22.484340793773075 ], [ 88.382557921159574, 22.48467321284501 ] ] } },
{ "type": "Feature", "properties": { "ward": 102, "source_sheet": "102_jadavpur4.pdf p1", "source": "KMC ward sewerage network map (ArcMap GeoPDF)", "extraction_method": "geopdf_vector", "georef_max_residual_m": 0.1, "conduit_type": "pipe", "pipe_diameter_mm": 225, "diameter_source": "legend_colour", "diameter_candidates_mm": null, "label_diameter_mm": 225.0, "label_agrees": true, "scheme": null, "flow_arrow": "end" }, "geometry": { "type": "LineString", "coordinates": [ [ 88.38060494189773, 22.48397137069297 ], [ 88.380769939649582, 22.483928692531471 ], [ 88.380954618391073, 22.483878966429636 ] ] } },
{ "type": "Feature", "properties": { "ward": 102, "source_sheet": "102_jadavpur4.pdf p1", "source": "KMC ward sewerage network map (ArcMap GeoPDF)", "extraction_method": "geopdf_vector", "georef_max_residual_m": 0.1, "conduit_type": "pipe", "pipe_diameter_mm": 225, "diameter_source": "legend_colour", "diameter_candidates_mm": null, "label_diameter_mm": 225.0, "label_agrees": true, "scheme": null, "flow_arrow": "end" }, "geometry": { "type": "LineString", "coordinates": [ [ 88.378127202364709, 22.484343095108962 ], [ 88.378114008044022, 22.48426060469944 ], [ 88.378098250492144, 22.484168957842289 ], [ 88.377918083604314, 22.484177342921921 ] ] } },
{ "type": "Feature", "properties": { "ward": 102, "source_sheet": "102_jadavpur4.pdf p1", "source": "KMC ward sewerage network map (ArcMap GeoPDF)", "extraction_method": "geopdf_vector", "georef_max_residual_m": 0.1, "conduit_type": "pipe", "pipe_diameter_mm": 225, "diameter_source": "legend_colour", "diameter_candidates_mm": null, "label_diameter_mm": null, "label_agrees": null, "scheme": null, "flow_arrow": "end" }, "geometry": { "type": "LineString", "coordinates": [ [ 88.377435504826209, 22.490078113412999 ], [ 88.377369051027543, 22.490099317216774 ] ] } },
{ "type": "Feature", "properties": { "ward": 102, "source_sheet": "102_jadavpur4.pdf p1", "source": "KMC ward sewerage network map (ArcMap GeoPDF)", "extraction_method": "geopdf_vector", "georef_max_residual_m": 0.1, "conduit_type": "pipe", "pipe_diameter_mm": 225, "diameter_source": "legend_colour", "diameter_candidates_mm": null, "label_diameter_mm": 225.0, "label_agrees": true, "scheme": null, "flow_arrow": "end" }, "geometry": { "type": "LineString", "coordinates": [ [ 88.378228198907152, 22.486480685092445 ], [ 88.37815429253493, 22.486497362428501 ], [ 88.378080386246012, 22.48651403973065 ], [ 88.378011417910756, 22.486530675838072 ] ] } },
{ "type": "Feature", "properties": { "ward": 102, "source_sheet": "102_jadavpur4.pdf p1", "source": "KMC ward sewerage network map (ArcMap GeoPDF)", "extraction_method": "geopdf_vector", "georef_max_residual_m": 0.1, "conduit_type": "pipe", "pipe_diameter_mm": 300, "diameter_source": "legend_colour", "diameter_candidates_mm": null, "label_diameter_mm": 300.0, "label_agrees": true, "scheme": null, "flow_arrow": "end" }, "geometry": { "type": "LineString", "coordinates": [ [ 88.381661650928564, 22.483960248034794 ], [ 88.3814917154873, 22.484002968362152 ], [ 88.381351313350962, 22.484036263941977 ] ] } },
{ "type": "Feature", "properties": { "ward": 102, "source_sheet": "102_jadavpur4.pdf p1", "source": "KMC ward sewerage network map (ArcMap GeoPDF)", "extraction_method": "geopdf_vector", "georef_max_residual_m": 0.1, "conduit_type": "pipe", "pipe_diameter_mm": 300, "diameter_source": "legend_colour", "diameter_candidates_mm": null, "label_diameter_mm": 300.0, "label_agrees": true, "scheme": null, "flow_arrow": "end" }, "geometry": { "type": "LineString", "coordinates": [ [ 88.38436435734333, 22.483616414029193 ], [ 88.384472874495643, 22.483604032921402 ], [ 88.384586329583584, 22.483591610478367 ], [ 88.384682501794444, 22.483579332627777 ], [ 88.384820623125933, 22.483564408983767 ], [ 88.384936523412662, 22.483549671292966 ], [ 88.385057361729096, 22.483534892241714 ], [ 88.385190545002473, 22.483520009562216 ], [ 88.385333580337928, 22.483502749786776 ] ] } },
{ "type": "Feature", "properties": { "ward": 102, "source_sheet": "102_jadavpur4.pdf p1", "source": "KMC ward sewerage network map (ArcMap GeoPDF)", "extraction_method": "geopdf_vector", "georef_max_residual_m": 0.1, "conduit_type": "pipe", "pipe_diameter_mm": 300, "diameter_source": "legend_colour", "diameter_candidates_mm": null, "label_diameter_mm": 300.0, "label_agrees": true, "scheme": null, "flow_arrow": "end" }, "geometry": { "type": "LineString", "coordinates": [ [ 88.3839600519876, 22.482961291657325 ], [ 88.383861482294037, 22.482980472502799 ], [ 88.383765357754669, 22.482997338301224 ], [ 88.383664318928396, 22.483016539600207 ], [ 88.38360278380064, 22.483035410218957 ], [ 88.383555896837294, 22.483038097053978 ], [ 88.383513971489975, 22.483043036873465 ], [ 88.383469553491409, 22.483045703021077 ], [ 88.383427628137454, 22.483050642818359 ] ] } },
{ "type": "Feature", "properties": { "ward": 102, "source_sheet": "102_jadavpur4.pdf p1", "source": "KMC ward sewerage network map (ArcMap GeoPDF)", "extraction_method": "geopdf_vector", "georef_max_residual_m": 0.1, "conduit_type": "pipe", "pipe_diameter_mm": 300, "diameter_source": "legend_colour", "diameter_candidates_mm": null, "label_diameter_mm": 300.0, "label_agrees": true, "scheme": null, "flow_arrow": "end" }, "geometry": { "type": "LineString", "coordinates": [ [ 88.380954618391073, 22.483878966429636 ], [ 88.380938031699856, 22.483707020946095 ], [ 88.380921515966747, 22.483541958239911 ] ] } },
{ "type": "Feature", "properties": { "ward": 102, "source_sheet": "102_jadavpur4.pdf p1", "source": "KMC ward sewerage network map (ArcMap GeoPDF)", "extraction_method": "geopdf_vector", "georef_max_residual_m": 0.1, "conduit_type": "pipe", "pipe_diameter_mm": 300, "diameter_source": "legend_colour", "diameter_candidates_mm": null, "label_diameter_mm": 300.0, "label_agrees": true, "scheme": null, "flow_arrow": "end" }, "geometry": { "type": "LineString", "coordinates": [ [ 88.381942696587444, 22.484396139387954 ], [ 88.381918488734897, 22.484203607750835 ] ] } },
{ "type": "Feature", "properties": { "ward": 102, "source_sheet": "102_jadavpur4.pdf p1", "source": "KMC ward sewerage network map (ArcMap GeoPDF)", "extraction_method": "geopdf_vector", "georef_max_residual_m": 0.1, "conduit_type": "pipe", "pipe_diameter_mm": 400, "diameter_source": "legend_colour", "diameter_candidates_mm": null, "label_diameter_mm": 400.0, "label_agrees": true, "scheme": null, "flow_arrow": "end" }, "geometry": { "type": "LineString", "coordinates": [ [ 88.381760453524407, 22.484682174856854 ], [ 88.381602602243291, 22.484699555351106 ], [ 88.381444774455559, 22.484719229922398 ] ] } },
{ "type": "Feature", "properties": { "ward": 102, "source_sheet": "102_jadavpur4.pdf p1", "source": "KMC ward sewerage network map (ArcMap GeoPDF)", "extraction_method": "geopdf_vector", "georef_max_residual_m": 0.1, "conduit_type": "pipe", "pipe_diameter_mm": 300, "diameter_source": "legend_colour", "diameter_candidates_mm": null, "label_diameter_mm": 300.0, "label_agrees": true, "scheme": null, "flow_arrow": "end" }, "geometry": { "type": "LineString", "coordinates": [ [ 88.377730533275653, 22.484188083758767 ], [ 88.377824308393258, 22.484182713320081 ], [ 88.377918083604314, 22.484177342921921 ] ] } },
{ "type": "Feature", "properties": { "ward": 102, "source_sheet": "102_jadavpur4.pdf p1", "source": "KMC ward sewerage network map (ArcMap GeoPDF)", "extraction_method": "geopdf_vector", "georef_max_residual_m": 0.1, "conduit_type": "pipe", "pipe_diameter_mm": 300, "diameter_source": "legend_colour", "diameter_candidates_mm": null, "label_diameter_mm": 300.0, "label_agrees": true, "scheme": null, "flow_arrow": "end" }, "geometry": { "type": "LineString", "coordinates": [ [ 88.377730533275653, 22.484188083758767 ], [ 88.377594761308472, 22.484191509561459 ] ] } },
{ "type": "Feature", "properties": { "ward": 102, "source_sheet": "102_jadavpur4.pdf p1", "source": "KMC ward sewerage network map (ArcMap GeoPDF)", "extraction_method": "geopdf_vector", "georef_max_residual_m": 0.1, "conduit_type": "pipe", "pipe_diameter_mm": 300, "diameter_source": "legend_colour", "diameter_candidates_mm": null, "label_diameter_mm": null, "label_agrees": null, "scheme": null, "flow_arrow": "end" }, "geometry": { "type": "LineString", "coordinates": [ [ 88.378596325952842, 22.485300560378274 ], [ 88.378753871746895, 22.485253357482474 ] ] } },
{ "type": "Feature", "properties": { "ward": 102, "source_sheet": "102_jadavpur4.pdf p1", "source": "KMC ward sewerage network map (ArcMap GeoPDF)", "extraction_method": "geopdf_vector", "georef_max_residual_m": 0.1, "conduit_type": "pipe", "pipe_diameter_mm": 300, "diameter_source": "legend_colour", "diameter_candidates_mm": null, "label_diameter_mm": null, "label_agrees": null, "scheme": null, "flow_arrow": "end" }, "geometry": { "type": "LineString", "coordinates": [ [ 88.379115661868155, 22.485137911445502 ], [ 88.378995057433059, 22.485175628832508 ], [ 88.37886217846102, 22.485220331794057 ], [ 88.378753871746895, 22.485253357482474 ] ] } },
{ "type": "Feature", "properties": { "ward": 102, "source_sheet": "102_jadavpur4.pdf p1", "source": "KMC ward sewerage network map (ArcMap GeoPDF)", "extraction_method": "geopdf_vector", "georef_max_residual_m": 0.1, "conduit_type": "pipe", "pipe_diameter_mm": 450, "diameter_source": "legend_colour", "diameter_candidates_mm": null, "label_diameter_mm": 450.0, "label_agrees": true, "scheme": null, "flow_arrow": "end" }, "geometry": { "type": "LineString", "coordinates": [ [ 88.376165063120496, 22.484189649371356 ], [ 88.376295661600352, 22.484163323250641 ], [ 88.376418852930357, 22.484137058691882 ], [ 88.376581454001567, 22.484101288098316 ], [ 88.376555279433049, 22.483956955314877 ] ] } },
{ "type": "Feature", "properties": { "ward": 102, "source_sheet": "102_jadavpur4.pdf p1", "source": "KMC ward sewerage network map (ArcMap GeoPDF)", "extraction_method": "geopdf_vector", "georef_max_residual_m": 0.1, "conduit_type": "pipe", "pipe_diameter_mm": 450, "diameter_source": "legend_colour", "diameter_candidates_mm": null, "label_diameter_mm": 450.0, "label_agrees": true, "scheme": null, "flow_arrow": "end" }, "geometry": { "type": "LineString", "coordinates": [ [ 88.378533370853148, 22.484461314898837 ], [ 88.378505197007115, 22.48436288824584 ], [ 88.378479610282966, 22.484275912347965 ], [ 88.378451389433152, 22.484172897214869 ] ] } },
{ "type": "Feature", "properties": { "ward": 102, "source_sheet": "102_jadavpur4.pdf p1", "source": "KMC ward sewerage network map (ArcMap GeoPDF)", "extraction_method": "geopdf_vector", "georef_max_residual_m": 0.1, "conduit_type": "pipe", "pipe_diameter_mm": 400, "diameter_source": "legend_colour", "diameter_candidates_mm": null, "label_diameter_mm": 400.0, "label_agrees": true, "scheme": null, "flow_arrow": "end" }, "geometry": { "type": "LineString", "coordinates": [ [ 88.379724171558692, 22.483563427453074 ], [ 88.379713917680547, 22.483526801701355 ], [ 88.379680852608544, 22.483433005041043 ], [ 88.379642589772644, 22.483314012750697 ], [ 88.379611804777213, 22.483201841331084 ], [ 88.37958617040205, 22.483110277062934 ] ] } },
{ "type": "Feature", "properties": { "ward": 102, "source_sheet": "102_jadavpur4.pdf p1", "source": "KMC ward sewerage network map (ArcMap GeoPDF)", "extraction_method": "geopdf_vector", "georef_max_residual_m": 0.1, "conduit_type": "pipe", "pipe_diameter_mm": 300, "diameter_source": "legend_colour", "diameter_candidates_mm": null, "label_diameter_mm": 300.0, "label_agrees": true, "scheme": null, "flow_arrow": "end" }, "geometry": { "type": "LineString", "coordinates": [ [ 88.380267951690172, 22.485295789789571 ], [ 88.380203934416414, 22.485073762361516 ] ] } },
{ "type": "Feature", "properties": { "ward": 102, "source_sheet": "102_jadavpur4.pdf p1", "source": "KMC ward sewerage network map (ArcMap GeoPDF)", "extraction_method": "geopdf_vector", "georef_max_residual_m": 0.1, "conduit_type": "pipe", "pipe_diameter_mm": 500, "diameter_source": "legend_colour", "diameter_candidates_mm": null, "label_diameter_mm": 500.0, "label_agrees": true, "scheme": null, "flow_arrow": "end" }, "geometry": { "type": "LineString", "coordinates": [ [ 88.379522121923628, 22.486483659003817 ], [ 88.379499593508399, 22.48645401916281 ], [ 88.379484141706257, 22.486392197804157 ], [ 88.379468737046139, 22.486334965095562 ], [ 88.379455777816503, 22.486275417359735 ], [ 88.379388867225842, 22.486012113568137 ], [ 88.379363161534201, 22.485913666526926 ], [ 88.379339901295594, 22.485812904647023 ] ] } },
{ "type": "Feature", "properties": { "ward": 102, "source_sheet": "102_jadavpur4.pdf p1", "source": "KMC ward sewerage network map (ArcMap GeoPDF)", "extraction_method": "geopdf_vector", "georef_max_residual_m": 0.1, "conduit_type": "pipe", "pipe_diameter_mm": 400, "diameter_source": "legend_colour", "diameter_candidates_mm": null, "label_diameter_mm": 400.0, "label_agrees": true, "scheme": null, "flow_arrow": "end" }, "geometry": { "type": "LineString", "coordinates": [ [ 88.382779697565027, 22.483432353765057 ], [ 88.382917795382355, 22.48341513742546 ], [ 88.383060831113241, 22.483397879657563 ], [ 88.383176731522497, 22.483383143229794 ], [ 88.383290163029841, 22.483368427473966 ], [ 88.383371544963055, 22.483358568686594 ] ] } },
{ "type": "Feature", "properties": { "ward": 102, "source_sheet": "102_jadavpur4.pdf p1", "source": "KMC ward sewerage network map (ArcMap GeoPDF)", "extraction_method": "geopdf_vector", "georef_max_residual_m": 0.1, "conduit_type": "pipe", "pipe_diameter_mm": 300, "diameter_source": "legend_colour", "diameter_candidates_mm": null, "label_diameter_mm": 300.0, "label_agrees": true, "scheme": null, "flow_arrow": "end" }, "geometry": { "type": "LineString", "coordinates": [ [ 88.382005205933169, 22.483753170124569 ], [ 88.382468501812539, 22.483664401623642 ], [ 88.382455399668672, 22.483591088792881 ], [ 88.382447401222933, 22.483533794358859 ], [ 88.382434393744276, 22.483469658437016 ] ] } },
{ "type": "Feature", "properties": { "ward": 102, "source_sheet": "102_jadavpur4.pdf p1", "source": "KMC ward sewerage network map (ArcMap GeoPDF)", "extraction_method": "geopdf_vector", "georef_max_residual_m": 0.1, "conduit_type": "pipe", "pipe_diameter_mm": 225, "diameter_source": "legend_colour", "diameter_candidates_mm": null, "label_diameter_mm": 225.0, "label_agrees": true, "scheme": null, "flow_arrow": "end" }, "geometry": { "type": "LineString", "coordinates": [ [ 88.382021439040059, 22.483890701525862 ], [ 88.382005205933169, 22.483753170124569 ] ] } },
{ "type": "Feature", "properties": { "ward": 102, "source_sheet": "102_jadavpur4.pdf p1", "source": "KMC ward sewerage network map (ArcMap GeoPDF)", "extraction_method": "geopdf_vector", "georef_max_residual_m": 0.1, "conduit_type": "pipe", "pipe_diameter_mm": 300, "diameter_source": "legend_colour", "diameter_candidates_mm": null, "label_diameter_mm": 300.0, "label_agrees": true, "scheme": null, "flow_arrow": "end" }, "geometry": { "type": "LineString", "coordinates": [ [ 88.384355131144375, 22.483201195628155 ], [ 88.384658674092805, 22.483184886694321 ], [ 88.384682501794444, 22.483579332627777 ] ] } },
{ "type": "Feature", "properties": { "ward": 102, "source_sheet": "102_jadavpur4.pdf p1", "source": "KMC ward sewerage network map (ArcMap GeoPDF)", "extraction_method": "geopdf_vector", "georef_max_residual_m": 0.1, "conduit_type": "pipe", "pipe_diameter_mm": 300, "diameter_source": "legend_colour", "diameter_candidates_mm": null, "label_diameter_mm": 300.0, "label_agrees": true, "scheme": null, "flow_arrow": "end" }, "geometry": { "type": "LineString", "coordinates": [ [ 88.384498805880668, 22.484441290345643 ], [ 88.384555284907506, 22.484410989402306 ], [ 88.384628573128253, 22.484334658679462 ], [ 88.384696923184634, 22.484258369290934 ], [ 88.384760429983558, 22.484191298240376 ], [ 88.384826382113204, 22.484121912257223 ], [ 88.384892310373019, 22.48405023192942 ], [ 88.384965574416881, 22.483971606844111 ], [ 88.385043705339541, 22.483886057582502 ], [ 88.38512185987112, 22.483802802512493 ], [ 88.385214638650467, 22.483701069278684 ], [ 88.385295546440886, 22.483645324435585 ], [ 88.385378899435509, 22.483587264637919 ], [ 88.385413228142738, 22.483564032412243 ], [ 88.385390651612127, 22.483529804877595 ], [ 88.385365629824179, 22.483497892255699 ], [ 88.385333035065273, 22.483449982028958 ] ] } },
{ "type": "Feature", "properties": { "ward": 102, "source_sheet": "102_jadavpur4.pdf p1", "source": "KMC ward sewerage network map (ArcMap GeoPDF)", "extraction_method": "geopdf_vector", "georef_max_residual_m": 0.1, "conduit_type": "pipe", "pipe_diameter_mm": 450, "diameter_source": "legend_colour", "diameter_candidates_mm": null, "label_diameter_mm": null, "label_agrees": null, "scheme": null, "flow_arrow": "end" }, "geometry": { "type": "LineString", "coordinates": [ [ 88.384447482784338, 22.484253575184553 ], [ 88.384434119007253, 22.484155025705036 ], [ 88.384418215084267, 22.484049614221998 ], [ 88.384402169032427, 22.483930437090965 ], [ 88.384388781639515, 22.483829593374448 ], [ 88.384377839457258, 22.483726434752914 ], [ 88.38436435734333, 22.483616414029193 ] ] } },
{ "type": "Feature", "properties": { "ward": 102, "source_sheet": "102_jadavpur4.pdf p1", "source": "KMC ward sewerage network map (ArcMap GeoPDF)", "extraction_method": "geopdf_vector", "georef_max_residual_m": 0.1, "conduit_type": "pipe", "pipe_diameter_mm": 225, "diameter_source": "legend_colour", "diameter_candidates_mm": null, "label_diameter_mm": 450.0, "label_agrees": false, "scheme": null, "flow_arrow": "end" }, "geometry": { "type": "LineString", "coordinates": [ [ 88.384088890586739, 22.483960593862374 ], [ 88.384402169032427, 22.483930437090965 ] ] } },
{ "type": "Feature", "properties": { "ward": 102, "source_sheet": "102_jadavpur4.pdf p1", "source": "KMC ward sewerage network map (ArcMap GeoPDF)", "extraction_method": "geopdf_vector", "georef_max_residual_m": 0.1, "conduit_type": "pipe", "pipe_diameter_mm": 300, "diameter_source": "legend_colour", "diameter_candidates_mm": null, "label_diameter_mm": null, "label_agrees": null, "scheme": null, "flow_arrow": "end" }, "geometry": { "type": "LineString", "coordinates": [ [ 88.379795381656606, 22.483764745099318 ], [ 88.380332300435199, 22.483631773610522 ] ] } },
{ "type": "Feature", "properties": { "ward": 102, "source_sheet": "102_jadavpur4.pdf p1", "source": "KMC ward sewerage network map (ArcMap GeoPDF)", "extraction_method": "geopdf_vector", "georef_max_residual_m": 0.1, "conduit_type": "pipe", "pipe_diameter_mm": 300, "diameter_source": "legend_colour", "diameter_candidates_mm": null, "label_diameter_mm": 300.0, "label_agrees": true, "scheme": null, "flow_arrow": "end" }, "geometry": { "type": "LineString", "coordinates": [ [ 88.381399248220305, 22.485093606165158 ], [ 88.381495350813225, 22.485074447467316 ], [ 88.381443676857288, 22.484852317356385 ] ] } },
{ "type": "Feature", "properties": { "ward": 102, "source_sheet": "102_jadavpur4.pdf p1", "source": "KMC ward sewerage network map (ArcMap GeoPDF)", "extraction_method": "geopdf_vector", "georef_max_residual_m": 0.1, "conduit_type": "pipe", "pipe_diameter_mm": 300, "diameter_source": "legend_colour", "diameter_candidates_mm": null, "label_diameter_mm": 300.0, "label_agrees": true, "scheme": null, "flow_arrow": "end" }, "geometry": { "type": "LineString", "coordinates": [ [ 88.381610077528919, 22.483029131131723 ], [ 88.381598380842519, 22.482852556009345 ] ] } },
{ "type": "Feature", "properties": { "ward": 102, "source_sheet": "102_jadavpur4.pdf p1", "source": "KMC ward sewerage network map (ArcMap GeoPDF)", "extraction_method": "geopdf_vector", "georef_max_residual_m": 0.1, "conduit_type": "pipe", "pipe_diameter_mm": 225, "diameter_source": "legend_colour", "diameter_candidates_mm": null, "label_diameter_mm": 225.0, "label_agrees": true, "scheme": null, "flow_arrow": "end" }, "geometry": { "type": "LineString", "coordinates": [ [ 88.381396778745739, 22.483416381745553 ], [ 88.381226631102393, 22.48343845341547 ] ] } },
{ "type": "Feature", "properties": { "ward": 102, "source_sheet": "102_jadavpur4.pdf p1", "source": "KMC ward sewerage network map (ArcMap GeoPDF)", "extraction_method": "geopdf_vector", "georef_max_residual_m": 0.1, "conduit_type": "pipe", "pipe_diameter_mm": 300, "diameter_source": "legend_colour", "diameter_candidates_mm": null, "label_diameter_mm": 300.0, "label_agrees": true, "scheme": null, "flow_arrow": "end" }, "geometry": { "type": "LineString", "coordinates": [ [ 88.379509699402178, 22.483597339467963 ], [ 88.379713917680547, 22.483526801701355 ] ] } },
{ "type": "Feature", "properties": { "ward": 102, "source_sheet": "102_jadavpur4.pdf p1", "source": "KMC ward sewerage network map (ArcMap GeoPDF)", "extraction_method": "geopdf_vector", "georef_max_residual_m": 0.1, "conduit_type": "pipe", "pipe_diameter_mm": 225, "diameter_source": "legend_colour", "diameter_candidates_mm": null, "label_diameter_mm": 225.0, "label_agrees": true, "scheme": null, "flow_arrow": "end" }, "geometry": { "type": "LineString", "coordinates": [ [ 88.379374329605938, 22.483639769146048 ], [ 88.379509699402178, 22.483597339467963 ] ] } },
{ "type": "Feature", "properties": { "ward": 102, "source_sheet": "102_jadavpur4.pdf p1", "source": "KMC ward sewerage network map (ArcMap GeoPDF)", "extraction_method": "geopdf_vector", "georef_max_residual_m": 0.1, "conduit_type": "pipe", "pipe_diameter_mm": 450, "diameter_source": "legend_colour", "diameter_candidates_mm": null, "label_diameter_mm": 450.0, "label_agrees": true, "scheme": null, "flow_arrow": "end" }, "geometry": { "type": "LineString", "coordinates": [ [ 88.381599229244671, 22.485330558025176 ], [ 88.381793927524271, 22.485294513910819 ], [ 88.382023120986091, 22.485251297806247 ], [ 88.382244954470565, 22.485212731774418 ] ] } },
{ "type": "Feature", "properties": { "ward": 102, "source_sheet": "102_jadavpur4.pdf p1", "source": "KMC ward sewerage network map (ArcMap GeoPDF)", "extraction_method": "geopdf_vector", "georef_max_residual_m": 0.1, "conduit_type": "pipe", "pipe_diameter_mm": 600, "diameter_source": "legend_colour", "diameter_candidates_mm": null, "label_diameter_mm": 600.0, "label_agrees": true, "scheme": null, "flow_arrow": "end" }, "geometry": { "type": "LineString", "coordinates": [ [ 88.382244954470565, 22.485212731774418 ], [ 88.38242232188307, 22.485172242975928 ], [ 88.382599689180665, 22.485131753891594 ], [ 88.382566385013774, 22.485015015395962 ], [ 88.382530517251993, 22.48488912053153 ], [ 88.382661114876285, 22.484862789281451 ], [ 88.382811417133894, 22.484831704152 ], [ 88.382949397975949, 22.484803016486051 ], [ 88.382948853573055, 22.484750248683127 ], [ 88.382949949736044, 22.484617161309728 ], [ 88.382950903887647, 22.484470308378427 ], [ 88.383088836996293, 22.484437032061027 ], [ 88.383219410292909, 22.484408406157328 ], [ 88.383202063172206, 22.484163044928543 ], [ 88.383184188313123, 22.484105833187328 ], [ 88.38316878256154, 22.484048600784064 ], [ 88.383150931406234, 22.483993683359923 ], [ 88.383089592339772, 22.483792284730274 ], [ 88.383113335434302, 22.483700308009649 ], [ 88.383391858367958, 22.483652088500197 ], [ 88.383389057927062, 22.483619989597337 ], [ 88.383380325057416, 22.483491573419176 ], [ 88.383371544963055, 22.483358568686594 ], [ 88.383359940694703, 22.483191170722627 ], [ 88.383427628137454, 22.483050642818359 ], [ 88.38339325851517, 22.482830662995713 ] ] } },
{ "type": "Feature", "properties": { "ward": 102, "source_sheet": "102_jadavpur4.pdf p1", "source": "KMC ward sewerage network map (ArcMap GeoPDF)", "extraction_method": "geopdf_vector", "georef_max_residual_m": 0.1, "conduit_type": "pipe", "pipe_diameter_mm": 300, "diameter_source": "legend_colour", "diameter_candidates_mm": null, "label_diameter_mm": 300.0, "label_agrees": true, "scheme": null, "flow_arrow": "end" }, "geometry": { "type": "LineString", "coordinates": [ [ 88.373756895614804, 22.489422683573302 ], [ 88.373668101914433, 22.489432599261505 ], [ 88.373586691961066, 22.489440159118068 ], [ 88.373517627571573, 22.489447616358227 ] ] } },
{ "type": "Feature", "properties": { "ward": 102, "source_sheet": "102_jadavpur4.pdf p1", "source": "KMC ward sewerage network map (ArcMap GeoPDF)", "extraction_method": "geopdf_vector", "georef_max_residual_m": 0.1, "conduit_type": "pipe", "pipe_diameter_mm": 300, "diameter_source": "legend_colour", "diameter_candidates_mm": null, "label_diameter_mm": 300.0, "label_agrees": true, "scheme": null, "flow_arrow": "end" }, "geometry": { "type": "LineString", "coordinates": [ [ 88.373303367795387, 22.496247870243689 ], [ 88.373428686722136, 22.496187173044977 ], [ 88.373556498275704, 22.496128749465516 ], [ 88.373684262761415, 22.496065737322393 ], [ 88.37380958134527, 22.496005039842508 ], [ 88.37393736902392, 22.495944321647329 ], [ 88.374069906717011, 22.495865208339136 ], [ 88.374143300785107, 22.495798058926979 ], [ 88.374214225474205, 22.49573093001656 ], [ 88.374247970701063, 22.495650343471571 ], [ 88.374288982263764, 22.495555929832019 ], [ 88.374327524573616, 22.495461536716544 ], [ 88.374363715336074, 22.495378635385805 ], [ 88.374397483838308, 22.495300343048235 ] ] } },
{ "type": "Feature", "properties": { "ward": 102, "source_sheet": "102_jadavpur4.pdf p1", "source": "KMC ward sewerage network map (ArcMap GeoPDF)", "extraction_method": "geopdf_vector", "georef_max_residual_m": 0.1, "conduit_type": "pipe", "pipe_diameter_mm": 300, "diameter_source": "legend_colour", "diameter_candidates_mm": null, "label_diameter_mm": 300.0, "label_agrees": true, "scheme": null, "flow_arrow": "end" }, "geometry": { "type": "LineString", "coordinates": [ [ 88.377140850312472, 22.486395674110735 ], [ 88.377249299913473, 22.486376414936846 ], [ 88.377357749378476, 22.486357155787868 ], [ 88.377456322668593, 22.486337978858209 ] ] } },
{ "type": "Feature", "properties": { "ward": 102, "source_sheet": "102_jadavpur4.pdf p1", "source": "KMC ward sewerage network map (ArcMap GeoPDF)", "extraction_method": "geopdf_vector", "georef_max_residual_m": 0.1, "conduit_type": "pipe", "pipe_diameter_mm": 600, "diameter_source": "legend_colour", "diameter_candidates_mm": null, "label_diameter_mm": 600.0, "label_agrees": true, "scheme": null, "flow_arrow": "end" }, "geometry": { "type": "LineString", "coordinates": [ [ 88.377499199073171, 22.489788481376525 ], [ 88.377700816795482, 22.489704200705429 ], [ 88.377877837492733, 22.489629302636363 ], [ 88.378057515940668, 22.489572737833498 ], [ 88.378229810455039, 22.489518528926336 ], [ 88.378377484727977, 22.489471408525446 ], [ 88.378530096967737, 22.489424246715632 ], [ 88.378675325438238, 22.489379440874188 ], [ 88.378850749529818, 22.489389449843287 ], [ 88.378939896903177, 22.489413945149469 ], [ 88.379024129636306, 22.489440775929861 ], [ 88.379105846085935, 22.489463038614456 ], [ 88.379202707682111, 22.489517297337258 ] ] } },
{ "type": "Feature", "properties": { "ward": 102, "source_sheet": "102_jadavpur4.pdf p1", "source": "KMC ward sewerage network map (ArcMap GeoPDF)", "extraction_method": "geopdf_vector", "georef_max_residual_m": 0.1, "conduit_type": "pipe", "pipe_diameter_mm": 400, "diameter_source": "legend_colour", "diameter_candidates_mm": null, "label_diameter_mm": 400.0, "label_agrees": true, "scheme": null, "flow_arrow": "end" }, "geometry": { "type": "LineString", "coordinates": [ [ 88.377760764053519, 22.485447487764109 ], [ 88.377813745782007, 22.485557180033997 ], [ 88.377930663136183, 22.485641100484827 ], [ 88.377944022541826, 22.4857396506148 ], [ 88.377954889460085, 22.485835927184198 ], [ 88.377968343369005, 22.485943654425945 ], [ 88.377979163046348, 22.486035342431265 ] ] } },
{ "type": "Feature", "properties": { "ward": 102, "source_sheet": "102_jadavpur4.pdf p1", "source": "KMC ward sewerage network map (ArcMap GeoPDF)", "extraction_method": "geopdf_vector", "georef_max_residual_m": 0.1, "conduit_type": "pipe", "pipe_diameter_mm": 300, "diameter_source": "legend_colour", "diameter_candidates_mm": null, "label_diameter_mm": 300.0, "label_agrees": true, "scheme": null, "flow_arrow": "end" }, "geometry": { "type": "LineString", "coordinates": [ [ 88.37502837872772, 22.492048441768961 ], [ 88.37513372799944, 22.491967259379855 ], [ 88.375229271153032, 22.49189304199189 ], [ 88.37532725988747, 22.491816509582016 ], [ 88.37542054578293, 22.491762960919289 ], [ 88.375528575733711, 22.491702406125771 ], [ 88.375671197186833, 22.491643857798664 ], [ 88.375813794954453, 22.491583015118508 ], [ 88.375941648402048, 22.491529178436046 ], [ 88.375976970409042, 22.491602306870043 ] ] } },
{ "type": "Feature", "properties": { "ward": 102, "source_sheet": "102_jadavpur4.pdf p1", "source": "KMC ward sewerage network map (ArcMap GeoPDF)", "extraction_method": "geopdf_vector", "georef_max_residual_m": 0.1, "conduit_type": "pipe", "pipe_diameter_mm": 300, "diameter_source": "legend_colour", "diameter_candidates_mm": null, "label_diameter_mm": 300.0, "label_agrees": true, "scheme": null, "flow_arrow": "end" }, "geometry": { "type": "LineString", "coordinates": [ [ 88.371524877324234, 22.494993804176382 ], [ 88.371611842220588, 22.494804937018262 ], [ 88.371886793243405, 22.494887549978074 ], [ 88.37204795274495, 22.494468621151977 ] ] } },
{ "type": "Feature", "properties": { "ward": 102, "source_sheet": "102_jadavpur4.pdf p1", "source": "KMC ward sewerage network map (ArcMap GeoPDF)", "extraction_method": "geopdf_vector", "georef_max_residual_m": 0.1, "conduit_type": "pipe", "pipe_diameter_mm": 800, "diameter_source": "legend_colour", "diameter_candidates_mm": null, "label_diameter_mm": 800.0, "label_agrees": true, "scheme": null, "flow_arrow": "end" }, "geometry": { "type": "LineString", "coordinates": [ [ 88.381167175665695, 22.48749324829215 ], [ 88.381036788122373, 22.487540226707754 ], [ 88.380889164284781, 22.487591937960797 ], [ 88.380744033021983, 22.487645922688351 ], [ 88.380618559654351, 22.487690565397333 ], [ 88.380537340362366, 22.487716482719712 ], [ 88.380458566462266, 22.487740085058203 ], [ 88.380379816165856, 22.48776598177966 ], [ 88.380303511265012, 22.487789563426219 ], [ 88.380212840919455, 22.487856859663196 ], [ 88.380119748575396, 22.487928765022769 ], [ 88.380031523485101, 22.487993746321397 ], [ 88.379950658252298, 22.488054077184096 ], [ 88.379904572662127, 22.488134767702945 ], [ 88.379851150588337, 22.48822240292391 ], [ 88.379718717970491, 22.488310697545277 ], [ 88.379645141527476, 22.488359495197571 ], [ 88.3795666506131, 22.488410628261015 ] ] } },
{ "type": "Feature", "properties": { "ward": 102, "source_sheet": "102_jadavpur4.pdf p1", "source": "KMC ward sewerage network map (ArcMap GeoPDF)", "extraction_method": "geopdf_vector", "georef_max_residual_m": 0.1, "conduit_type": "pipe", "pipe_diameter_mm": 300, "diameter_source": "legend_colour", "diameter_candidates_mm": null, "label_diameter_mm": 300.0, "label_agrees": true, "scheme": null, "flow_arrow": "end" }, "geometry": { "type": "LineString", "coordinates": [ [ 88.374403306732347, 22.494423812873517 ], [ 88.374795582088225, 22.494629345716081 ] ] } },
{ "type": "Feature", "properties": { "ward": 102, "source_sheet": "102_jadavpur4.pdf p1", "source": "KMC ward sewerage network map (ArcMap GeoPDF)", "extraction_method": "geopdf_vector", "georef_max_residual_m": 0.1, "conduit_type": "pipe", "pipe_diameter_mm": 225, "diameter_source": "legend_colour", "diameter_candidates_mm": null, "label_diameter_mm": 225.0, "label_agrees": true, "scheme": null, "flow_arrow": "end" }, "geometry": { "type": "LineString", "coordinates": [ [ 88.375894966027232, 22.492513888056482 ], [ 88.375834481027013, 22.492395079940863 ] ] } },
{ "type": "Feature", "properties": { "ward": 102, "source_sheet": "102_jadavpur4.pdf p1", "source": "KMC ward sewerage network map (ArcMap GeoPDF)", "extraction_method": "geopdf_vector", "georef_max_residual_m": 0.1, "conduit_type": "pipe", "pipe_diameter_mm": 300, "diameter_source": "legend_colour", "diameter_candidates_mm": null, "label_diameter_mm": 300.0, "label_agrees": true, "scheme": null, "flow_arrow": "end" }, "geometry": { "type": "LineString", "coordinates": [ [ 88.375573664881017, 22.492245816670199 ], [ 88.375220061381043, 22.492439198869935 ] ] } },
{ "type": "Feature", "properties": { "ward": 102, "source_sheet": "102_jadavpur4.pdf p1", "source": "KMC ward sewerage network map (ArcMap GeoPDF)", "extraction_method": "geopdf_vector", "georef_max_residual_m": 0.1, "conduit_type": "pipe", "pipe_diameter_mm": 225, "diameter_source": "legend_colour", "diameter_candidates_mm": null, "label_diameter_mm": 225.0, "label_agrees": true, "scheme": null, "flow_arrow": "end" }, "geometry": { "type": "LineString", "coordinates": [ [ 88.376126797269293, 22.492004883592678 ], [ 88.376146526903412, 22.492002424900303 ], [ 88.376330699643248, 22.491902229853277 ], [ 88.376450603524916, 22.491795686447333 ], [ 88.376494034563777, 22.491696663213276 ] ] } },
{ "type": "Feature", "properties": { "ward": 102, "source_sheet": "102_jadavpur4.pdf p1", "source": "KMC ward sewerage network map (ArcMap GeoPDF)", "extraction_method": "geopdf_vector", "georef_max_residual_m": 0.1, "conduit_type": "pipe", "pipe_diameter_mm": 225, "diameter_source": "legend_colour", "diameter_candidates_mm": null, "label_diameter_mm": 225.0, "label_agrees": true, "scheme": null, "flow_arrow": "end" }, "geometry": { "type": "LineString", "coordinates": [ [ 88.376532285793502, 22.491333820921497 ], [ 88.37669181308587, 22.491238419603167 ] ] } },
{ "type": "Feature", "properties": { "ward": 102, "source_sheet": "102_jadavpur4.pdf p1", "source": "KMC ward sewerage network map (ArcMap GeoPDF)", "extraction_method": "geopdf_vector", "georef_max_residual_m": 0.1, "conduit_type": "pipe", "pipe_diameter_mm": 225, "diameter_source": "legend_colour", "diameter_candidates_mm": null, "label_diameter_mm": 225.0, "label_agrees": true, "scheme": null, "flow_arrow": "end" }, "geometry": { "type": "LineString", "coordinates": [ [ 88.377067812213312, 22.491542744320405 ], [ 88.37703664988625, 22.491393864424115 ] ] } },
{ "type": "Feature", "properties": { "ward": 102, "source_sheet": "102_jadavpur4.pdf p1", "source": "KMC ward sewerage network map (ArcMap GeoPDF)", "extraction_method": "geopdf_vector", "georef_max_residual_m": 0.1, "conduit_type": "pipe", "pipe_diameter_mm": 300, "diameter_source": "legend_colour", "diameter_candidates_mm": null, "label_diameter_mm": 300.0, "label_agrees": true, "scheme": null, "flow_arrow": "end" }, "geometry": { "type": "LineString", "coordinates": [ [ 88.373197701865067, 22.491721786559548 ], [ 88.373108906649037, 22.491731702012125 ], [ 88.373040029205299, 22.491757513174917 ], [ 88.372963744222389, 22.491783385836406 ], [ 88.372887459209281, 22.491809258463107 ], [ 88.372737358333453, 22.491860983106079 ], [ 88.372587257339006, 22.491912707614439 ], [ 88.372501142628948, 22.49194325064315 ], [ 88.372387961143502, 22.491983196169436 ], [ 88.372228030203374, 22.492039590827542 ] ] } },
{ "type": "Feature", "properties": { "ward": 102, "source_sheet": "102_jadavpur4.pdf p1", "source": "KMC ward sewerage network map (ArcMap GeoPDF)", "extraction_method": "geopdf_vector", "georef_max_residual_m": 0.1, "conduit_type": "pipe", "pipe_diameter_mm": 300, "diameter_source": "legend_colour", "diameter_candidates_mm": null, "label_diameter_mm": 300.0, "label_agrees": true, "scheme": null, "flow_arrow": "end" }, "geometry": { "type": "LineString", "coordinates": [ [ 88.376337843737801, 22.490674637130137 ], [ 88.376299840699701, 22.490580880946194 ], [ 88.376432584121375, 22.490522414246026 ] ] } },
{ "type": "Feature", "properties": { "ward": 102, "source_sheet": "102_jadavpur4.pdf p1", "source": "KMC ward sewerage network map (ArcMap GeoPDF)", "extraction_method": "geopdf_vector", "georef_max_residual_m": 0.1, "conduit_type": "pipe", "pipe_diameter_mm": 300, "diameter_source": "legend_colour", "diameter_candidates_mm": null, "label_diameter_mm": 300.0, "label_agrees": true, "scheme": null, "flow_arrow": "end" }, "geometry": { "type": "LineString", "coordinates": [ [ 88.377170016404548, 22.487551836539808 ], [ 88.377118678194464, 22.48736182444237 ], [ 88.377071877455052, 22.487132768753245 ], [ 88.377094051853845, 22.487127995178973 ], [ 88.377078435883163, 22.487050113727399 ], [ 88.377005742524148, 22.486704256473537 ], [ 88.377183231453301, 22.486675244536276 ] ] } },
{ "type": "Feature", "properties": { "ward": 102, "source_sheet": "102_jadavpur4.pdf p1", "source": "KMC ward sewerage network map (ArcMap GeoPDF)", "extraction_method": "geopdf_vector", "georef_max_residual_m": 0.1, "conduit_type": "pipe", "pipe_diameter_mm": 300, "diameter_source": "legend_colour", "diameter_candidates_mm": null, "label_diameter_mm": 300.0, "label_agrees": true, "scheme": null, "flow_arrow": "end" }, "geometry": { "type": "LineString", "coordinates": [ [ 88.377094051853845, 22.487127995178973 ], [ 88.377096591630362, 22.487134857308355 ], [ 88.377259337520627, 22.487112851460754 ] ] } },
{ "type": "Feature", "properties": { "ward": 102, "source_sheet": "102_jadavpur4.pdf p1", "source": "KMC ward sewerage network map (ArcMap GeoPDF)", "extraction_method": "geopdf_vector", "georef_max_residual_m": 0.1, "conduit_type": "pipe", "pipe_diameter_mm": 225, "diameter_source": "legend_colour", "diameter_candidates_mm": null, "label_diameter_mm": 225.0, "label_agrees": true, "scheme": null, "flow_arrow": "end" }, "geometry": { "type": "LineString", "coordinates": [ [ 88.376385476042884, 22.485936190297711 ], [ 88.376471384536003, 22.48636683266303 ] ] } },
{ "type": "Feature", "properties": { "ward": 102, "source_sheet": "102_jadavpur4.pdf p1", "source": "KMC ward sewerage network map (ArcMap GeoPDF)", "extraction_method": "geopdf_vector", "georef_max_residual_m": 0.1, "conduit_type": "pipe", "pipe_diameter_mm": 300, "diameter_source": "legend_colour", "diameter_candidates_mm": null, "label_diameter_mm": 300.0, "label_agrees": true, "scheme": null, "flow_arrow": "end" }, "geometry": { "type": "LineString", "coordinates": [ [ 88.377007485804711, 22.485912654840785 ], [ 88.376992035068113, 22.48585083327702 ], [ 88.376974115422684, 22.48578903217895 ], [ 88.376966354658407, 22.485754679997875 ], [ 88.37692783406672, 22.485610450162106 ] ] } },
{ "type": "Feature", "properties": { "ward": 102, "source_sheet": "102_jadavpur4.pdf p1", "source": "KMC ward sewerage network map (ArcMap GeoPDF)", "extraction_method": "geopdf_vector", "georef_max_residual_m": 0.1, "conduit_type": "pipe", "pipe_diameter_mm": 300, "diameter_source": "legend_colour", "diameter_candidates_mm": null, "label_diameter_mm": 300.0, "label_agrees": true, "scheme": null, "flow_arrow": "end" }, "geometry": { "type": "LineString", "coordinates": [ [ 88.377007485804711, 22.485912654840785 ], [ 88.377110855450709, 22.485879671416289 ], [ 88.377177307316842, 22.485858467807279 ], [ 88.377221066392096, 22.485791564064119 ], [ 88.377195079250455, 22.485665585516958 ], [ 88.377189881869697, 22.485640389806179 ], [ 88.377154372334388, 22.485548907392605 ] ] } },
{ "type": "Feature", "properties": { "ward": 102, "source_sheet": "102_jadavpur4.pdf p1", "source": "KMC ward sewerage network map (ArcMap GeoPDF)", "extraction_method": "geopdf_vector", "georef_max_residual_m": 0.1, "conduit_type": "pipe", "pipe_diameter_mm": 225, "diameter_source": "legend_colour", "diameter_candidates_mm": null, "label_diameter_mm": 225.0, "label_agrees": true, "scheme": null, "flow_arrow": "end" }, "geometry": { "type": "LineString", "coordinates": [ [ 88.375597790044864, 22.484974485485797 ], [ 88.375589464507129, 22.484885070918736 ], [ 88.375675786114869, 22.48487517486241 ], [ 88.37566675414962, 22.48471693250093 ], [ 88.37584438235109, 22.484701687740856 ] ] } },
{ "type": "Feature", "properties": { "ward": 102, "source_sheet": "102_jadavpur4.pdf p1", "source": "KMC ward sewerage network map (ArcMap GeoPDF)", "extraction_method": "geopdf_vector", "georef_max_residual_m": 0.1, "conduit_type": "pipe", "pipe_diameter_mm": 300, "diameter_source": "legend_colour", "diameter_candidates_mm": null, "label_diameter_mm": 300.0, "label_agrees": true, "scheme": null, "flow_arrow": "end" }, "geometry": { "type": "LineString", "coordinates": [ [ 88.377086410818706, 22.484461901463948 ], [ 88.377081325264399, 22.484207259179726 ] ] } },
{ "type": "Feature", "properties": { "ward": 102, "source_sheet": "102_jadavpur4.pdf p1", "source": "KMC ward sewerage network map (ArcMap GeoPDF)", "extraction_method": "geopdf_vector", "georef_max_residual_m": 0.1, "conduit_type": "pipe", "pipe_diameter_mm": 300, "diameter_source": "legend_colour", "diameter_candidates_mm": null, "label_diameter_mm": null, "label_agrees": null, "scheme": null, "flow_arrow": "end" }, "geometry": { "type": "LineString", "coordinates": [ [ 88.377268552089873, 22.484405317258862 ], [ 88.37725657777375, 22.484201210496185 ] ] } },
{ "type": "Feature", "properties": { "ward": 102, "source_sheet": "102_jadavpur4.pdf p1", "source": "KMC ward sewerage network map (ArcMap GeoPDF)", "extraction_method": "geopdf_vector", "georef_max_residual_m": 0.1, "conduit_type": "pipe", "pipe_diameter_mm": 300, "diameter_source": "legend_colour", "diameter_candidates_mm": null, "label_diameter_mm": 300.0, "label_agrees": true, "scheme": null, "flow_arrow": "end" }, "geometry": { "type": "LineString", "coordinates": [ [ 88.377377448002875, 22.484429649072588 ], [ 88.377370128696498, 22.484197970104706 ] ] } },
{ "type": "Feature", "properties": { "ward": 102, "source_sheet": "102_jadavpur4.pdf p1", "source": "KMC ward sewerage network map (ArcMap GeoPDF)", "extraction_method": "geopdf_vector", "georef_max_residual_m": 0.1, "conduit_type": "pipe", "pipe_diameter_mm": 300, "diameter_source": "legend_colour", "diameter_candidates_mm": null, "label_diameter_mm": 300.0, "label_agrees": true, "scheme": null, "flow_arrow": "end" }, "geometry": { "type": "LineString", "coordinates": [ [ 88.378865077085436, 22.488382065260087 ], [ 88.37873392303247, 22.488114708182739 ] ] } },
{ "type": "Feature", "properties": { "ward": 102, "source_sheet": "102_jadavpur4.pdf p1", "source": "KMC ward sewerage network map (ArcMap GeoPDF)", "extraction_method": "geopdf_vector", "georef_max_residual_m": 0.1, "conduit_type": "pipe", "pipe_diameter_mm": 300, "diameter_source": "legend_colour", "diameter_candidates_mm": null, "label_diameter_mm": 300.0, "label_agrees": true, "scheme": null, "flow_arrow": "end" }, "geometry": { "type": "LineString", "coordinates": [ [ 88.378980604502487, 22.488330623562362 ], [ 88.378871742890865, 22.488069964010108 ] ] } },
{ "type": "Feature", "properties": { "ward": 102, "source_sheet": "102_jadavpur4.pdf p1", "source": "KMC ward sewerage network map (ArcMap GeoPDF)", "extraction_method": "geopdf_vector", "georef_max_residual_m": 0.1, "conduit_type": "pipe", "pipe_diameter_mm": 225, "diameter_source": "legend_colour", "diameter_candidates_mm": null, "label_diameter_mm": 225.0, "label_agrees": true, "scheme": null, "flow_arrow": "end" }, "geometry": { "type": "LineString", "coordinates": [ [ 88.380226143285086, 22.488189444241087 ], [ 88.380078081475247, 22.487958940738601 ] ] } },
{ "type": "Feature", "properties": { "ward": 102, "source_sheet": "102_jadavpur4.pdf p1", "source": "KMC ward sewerage network map (ArcMap GeoPDF)", "extraction_method": "geopdf_vector", "georef_max_residual_m": 0.1, "conduit_type": "pipe", "pipe_diameter_mm": 300, "diameter_source": "legend_colour", "diameter_candidates_mm": null, "label_diameter_mm": 300.0, "label_agrees": true, "scheme": null, "flow_arrow": "end" }, "geometry": { "type": "LineString", "coordinates": [ [ 88.380885668153198, 22.48773192878047 ], [ 88.380684197195862, 22.487829978780226 ], [ 88.380583319801076, 22.487865238126616 ], [ 88.380588517896484, 22.487890433686182 ], [ 88.38043353358583, 22.487946794870357 ], [ 88.380357665435795, 22.487773050034264 ] ] } },
{ "type": "Feature", "properties": { "ward": 102, "source_sheet": "102_jadavpur4.pdf p1", "source": "KMC ward sewerage network map (ArcMap GeoPDF)", "extraction_method": "geopdf_vector", "georef_max_residual_m": 0.1, "conduit_type": "pipe", "pipe_diameter_mm": 300, "diameter_source": "legend_colour", "diameter_candidates_mm": null, "label_diameter_mm": 300.0, "label_agrees": true, "scheme": null, "flow_arrow": "end" }, "geometry": { "type": "LineString", "coordinates": [ [ 88.380447317962478, 22.486648019478285 ], [ 88.380467259413223, 22.486666208551625 ], [ 88.380463691932405, 22.486799316614661 ] ] } },
{ "type": "Feature", "properties": { "ward": 102, "source_sheet": "102_jadavpur4.pdf p1", "source": "KMC ward sewerage network map (ArcMap GeoPDF)", "extraction_method": "geopdf_vector", "georef_max_residual_m": 0.1, "conduit_type": "pipe", "pipe_diameter_mm": 225, "diameter_source": "legend_colour", "diameter_candidates_mm": null, "label_diameter_mm": 225.0, "label_agrees": true, "scheme": null, "flow_arrow": "end" }, "geometry": { "type": "LineString", "coordinates": [ [ 88.381509519742181, 22.486928246622679 ], [ 88.381406160330258, 22.486722609704586 ], [ 88.381410625475965, 22.486676683393235 ] ] } },
{ "type": "Feature", "properties": { "ward": 102, "source_sheet": "102_jadavpur4.pdf p1", "source": "KMC ward sewerage network map (ArcMap GeoPDF)", "extraction_method": "geopdf_vector", "georef_max_residual_m": 0.1, "conduit_type": "pipe", "pipe_diameter_mm": 225, "diameter_source": "legend_colour", "diameter_candidates_mm": null, "label_diameter_mm": 225.0, "label_agrees": true, "scheme": null, "flow_arrow": "end" }, "geometry": { "type": "LineString", "coordinates": [ [ 88.380535470173015, 22.486096614603891 ], [ 88.380972632128646, 22.486106729891318 ], [ 88.38098836821122, 22.486196082015432 ], [ 88.381026538557251, 22.486305896932059 ], [ 88.380965474359783, 22.486370651682218 ], [ 88.381057291344959, 22.486654396810192 ] ] } },
{ "type": "Feature", "properties": { "ward": 102, "source_sheet": "102_jadavpur4.pdf p1", "source": "KMC ward sewerage network map (ArcMap GeoPDF)", "extraction_method": "geopdf_vector", "georef_max_residual_m": 0.1, "conduit_type": "pipe", "pipe_diameter_mm": 225, "diameter_source": "legend_colour", "diameter_candidates_mm": null, "label_diameter_mm": 225.0, "label_agrees": true, "scheme": null, "flow_arrow": "end" }, "geometry": { "type": "LineString", "coordinates": [ [ 88.381326806084729, 22.486450232988904 ], [ 88.381410625475965, 22.486676683393235 ] ] } },
{ "type": "Feature", "properties": { "ward": 102, "source_sheet": "102_jadavpur4.pdf p1", "source": "KMC ward sewerage network map (ArcMap GeoPDF)", "extraction_method": "geopdf_vector", "georef_max_residual_m": 0.1, "conduit_type": "pipe", "pipe_diameter_mm": 300, "diameter_source": "legend_colour", "diameter_candidates_mm": null, "label_diameter_mm": null, "label_agrees": null, "scheme": null, "flow_arrow": "end" }, "geometry": { "type": "LineString", "coordinates": [ [ 88.381400617280349, 22.486424377209556 ], [ 88.381476864231658, 22.486634829684665 ], [ 88.381491820335469, 22.486648471342232 ] ] } },
{ "type": "Feature", "properties": { "ward": 102, "source_sheet": "102_jadavpur4.pdf p1", "source": "KMC ward sewerage network map (ArcMap GeoPDF)", "extraction_method": "geopdf_vector", "georef_max_residual_m": 0.1, "conduit_type": "pipe", "pipe_diameter_mm": 300, "diameter_source": "legend_colour", "diameter_candidates_mm": null, "label_diameter_mm": 300.0, "label_agrees": true, "scheme": null, "flow_arrow": "end" }, "geometry": { "type": "LineString", "coordinates": [ [ 88.381557950376077, 22.48635652322087 ], [ 88.381656064075074, 22.486532375980353 ] ] } },
{ "type": "Feature", "properties": { "ward": 102, "source_sheet": "102_jadavpur4.pdf p1", "source": "KMC ward sewerage network map (ArcMap GeoPDF)", "extraction_method": "geopdf_vector", "georef_max_residual_m": 0.1, "conduit_type": "pipe", "pipe_diameter_mm": 300, "diameter_source": "legend_colour", "diameter_candidates_mm": null, "label_diameter_mm": 300.0, "label_agrees": true, "scheme": null, "flow_arrow": "end" }, "geometry": { "type": "LineString", "coordinates": [ [ 88.384014921054899, 22.483731768004883 ], [ 88.384120993048086, 22.483721702121006 ], [ 88.38411964284677, 22.483590929678844 ] ] } },
{ "type": "Feature", "properties": { "ward": 102, "source_sheet": "102_jadavpur4.pdf p1", "source": "KMC ward sewerage network map (ArcMap GeoPDF)", "extraction_method": "geopdf_vector", "georef_max_residual_m": 0.1, "conduit_type": "pipe", "pipe_diameter_mm": 300, "diameter_source": "legend_colour", "diameter_candidates_mm": null, "label_diameter_mm": 300.0, "label_agrees": true, "scheme": null, "flow_arrow": "end" }, "geometry": { "type": "LineString", "coordinates": [ [ 88.3836925844288, 22.483362765159878 ], [ 88.383596388669048, 22.483372748188859 ], [ 88.383620835410184, 22.483588221945244 ] ] } },
{ "type": "Feature", "properties": { "ward": 102, "source_sheet": "102_jadavpur4.pdf p1", "source": "KMC ward sewerage network map (ArcMap GeoPDF)", "extraction_method": "geopdf_vector", "georef_max_residual_m": 0.1, "conduit_type": "pipe", "pipe_diameter_mm": 300, "diameter_source": "legend_colour", "diameter_candidates_mm": null, "label_diameter_mm": 300.0, "label_agrees": true, "scheme": null, "flow_arrow": "end" }, "geometry": { "type": "LineString", "coordinates": [ [ 88.378804640964859, 22.484667848082662 ], [ 88.378845584858212, 22.484807468347242 ], [ 88.378891703095832, 22.484969990006018 ], [ 88.378803172263702, 22.485005145201054 ], [ 88.37869985091892, 22.485042718124838 ] ] } }
]
}
