{
"type": "FeatureCollection",
"name": "ward109_p1_pipes",
"crs": { "type": "name", "properties": { "name": "urn:ogc:def:crs:OGC:1.3:CRS84" } },
"features": [
{ "type": "Feature", "properties": { "ward": 109, "source_sheet": "109_Haltu.pdf p1", "source": "KMC ward sewerage network map (ArcMap GeoPDF)", "extraction_method": "geopdf_vector", "georef_max_residual_m": 0.3, "conduit_type": "pipe", "pipe_diameter_mm": 300.0, "diameter_source": "legend_colour", "diameter_candidates_mm": null, "label_diameter_mm": 300.0, "label_agrees": true, "scheme": null, "flow_arrow": "end" }, "geometry": { "type": "LineString", "coordinates": [ [ 88.3909318874435, 22.483641214290863 ], [ 88.391476914034484, 22.484441820974258 ] ] } },
{ "type": "Feature", "properties": { "ward": 109, "source_sheet": "109_Haltu.pdf p1", "source": "KMC ward sewerage network map (ArcMap GeoPDF)", "extraction_method": "geopdf_vector", "georef_max_residual_m": 0.3, "conduit_type": "pipe", "pipe_diameter_mm": 300.0, "diameter_source": "legend_colour", "diameter_candidates_mm": null, "label_diameter_mm": 300.0, "label_agrees": true, "scheme": null, "flow_arrow": "end" }, "geometry": { "type": "LineString", "coordinates": [ [ 88.390689478044266, 22.483839442312266 ], [ 88.391188890623212, 22.484523435094356 ] ] } },
{ "type": "Feature", "properties": { "ward": 109, "source_sheet": "109_Haltu.pdf p1", "source": "KMC ward sewerage network map (ArcMap GeoPDF)", "extraction_method": "geopdf_vector", "georef_max_residual_m": 0.3, "conduit_type": "pipe", "pipe_diameter_mm": 300.0, "diameter_source": "legend_colour", "diameter_candidates_mm": null, "label_diameter_mm": 300.0, "label_agrees": true, "scheme": null, "flow_arrow": "end" }, "geometry": { "type": "LineString", "coordinates": [ [ 88.395403223460619, 22.492959843762765 ], [ 88.395353587081075, 22.49281229335698 ], [ 88.395300247905027, 22.492664774704462 ], [ 88.395246804292356, 22.492506933004957 ], [ 88.395200975721664, 22.492369673773922 ], [ 88.395155216847485, 22.492239296729515 ], [ 88.395101773742695, 22.492081454955841 ], [ 88.39508643959735, 22.492029966783754 ] ] } },
{ "type": "Feature", "properties": { "ward": 109, "source_sheet": "109_Haltu.pdf p1", "source": "KMC ward sewerage network map (ArcMap GeoPDF)", "extraction_method": "geopdf_vector", "georef_max_residual_m": 0.3, "conduit_type": "pipe", "pipe_diameter_mm": 300.0, "diameter_source": "legend_colour", "diameter_candidates_mm": null, "label_diameter_mm": 300.0, "label_agrees": true, "scheme": null, "flow_arrow": "end" }, "geometry": { "type": "LineString", "coordinates": [ [ 88.39159633764919, 22.494079925630029 ], [ 88.391554423388911, 22.493963279610128 ], [ 88.391524035048477, 22.49388783078788 ], [ 88.391456997695158, 22.493850550055392 ] ] } },
{ "type": "Feature", "properties": { "ward": 109, "source_sheet": "109_Haltu.pdf p1", "source": "KMC ward sewerage network map (ArcMap GeoPDF)", "extraction_method": "geopdf_vector", "georef_max_residual_m": 0.3, "conduit_type": "pipe", "pipe_diameter_mm": 300.0, "diameter_source": "legend_colour", "diameter_candidates_mm": null, "label_diameter_mm": 300.0, "label_agrees": true, "scheme": null, "flow_arrow": "end" }, "geometry": { "type": "LineString", "coordinates": [ [ 88.394941877498184, 22.491284442399454 ], [ 88.394838436691785, 22.491309419013433 ], [ 88.394731327600653, 22.491337868286667 ], [ 88.394635292615234, 22.491362781105796 ], [ 88.394561406218244, 22.491380621393979 ], [ 88.394517074338921, 22.491391325522653 ], [ 88.394513371461457, 22.491391357279383 ] ] } },
{ "type": "Feature", "properties": { "ward": 109, "source_sheet": "109_Haltu.pdf p1", "source": "KMC ward sewerage network map (ArcMap GeoPDF)", "extraction_method": "geopdf_vector", "georef_max_residual_m": 0.3, "conduit_type": "pipe", "pipe_diameter_mm": 300.0, "diameter_source": "legend_colour", "diameter_candidates_mm": null, "label_diameter_mm": 300.0, "label_agrees": true, "scheme": null, "flow_arrow": "end" }, "geometry": { "type": "LineString", "coordinates": [ [ 88.395071816072587, 22.491682519817438 ], [ 88.394890820227346, 22.491728809702494 ], [ 88.394732007712292, 22.49177146770619 ], [ 88.394680304429187, 22.491785676516027 ], [ 88.39463597243369, 22.491796380682985 ] ] } },
{ "type": "Feature", "properties": { "ward": 109, "source_sheet": "109_Haltu.pdf p1", "source": "KMC ward sewerage network map (ArcMap GeoPDF)", "extraction_method": "geopdf_vector", "georef_max_residual_m": 0.3, "conduit_type": "pipe", "pipe_diameter_mm": 300.0, "diameter_source": "legend_colour", "diameter_candidates_mm": null, "label_diameter_mm": 300.0, "label_agrees": true, "scheme": null, "flow_arrow": "end" }, "geometry": { "type": "LineString", "coordinates": [ [ 88.394483188787618, 22.495366330882455 ], [ 88.394474758144781, 22.495631384064648 ], [ 88.3944716463878, 22.495689913141423 ], [ 88.394462102380459, 22.495844853896639 ], [ 88.394458851467704, 22.495889618848022 ], [ 88.3944486814257, 22.495982621470937 ], [ 88.394438615581336, 22.496085947115457 ], [ 88.3944252292264, 22.496227155646743 ] ] } },
{ "type": "Feature", "properties": { "ward": 109, "source_sheet": "109_Haltu.pdf p1", "source": "KMC ward sewerage network map (ArcMap GeoPDF)", "extraction_method": "geopdf_vector", "georef_max_residual_m": 0.3, "conduit_type": "pipe", "pipe_diameter_mm": 300.0, "diameter_source": "legend_colour", "diameter_candidates_mm": null, "label_diameter_mm": 300.0, "label_agrees": true, "scheme": null, "flow_arrow": "end" }, "geometry": { "type": "LineString", "coordinates": [ [ 88.406277364366119, 22.491245300530892 ], [ 88.406147794569975, 22.491249862401929 ], [ 88.406021927923348, 22.491254392145667 ], [ 88.40590346713023, 22.491258857897325 ], [ 88.405781338371469, 22.491266796380238 ], [ 88.405666720786911, 22.491284993864319 ], [ 88.405533588262244, 22.491303351323449 ], [ 88.405404158708748, 22.491321676666235 ], [ 88.405282099939214, 22.491336496808842 ], [ 88.405167482211411, 22.491354693943833 ] ] } },
{ "type": "Feature", "properties": { "ward": 109, "source_sheet": "109_Haltu.pdf p1", "source": "KMC ward sewerage network map (ArcMap GeoPDF)", "extraction_method": "geopdf_vector", "georef_max_residual_m": 0.3, "conduit_type": "pipe", "pipe_diameter_mm": 400.0, "diameter_source": "legend_colour", "diameter_candidates_mm": null, "label_diameter_mm": 400.0, "label_agrees": true, "scheme": null, "flow_arrow": "end" }, "geometry": { "type": "LineString", "coordinates": [ [ 88.411127850370292, 22.485366836586778 ], [ 88.411217809042725, 22.485472736095431 ], [ 88.411300256441677, 22.485568377002032 ], [ 88.411416451897779, 22.485705020309585 ], [ 88.411525030719346, 22.485821082028433 ], [ 88.411637418166862, 22.485947434333752 ], [ 88.411727201625169, 22.486036128677956 ], [ 88.41174641974186, 22.486104787710026 ] ] } },
{ "type": "Feature", "properties": { "ward": 109, "source_sheet": "109_Haltu.pdf p1", "source": "KMC ward sewerage network map (ArcMap GeoPDF)", "extraction_method": "geopdf_vector", "georef_max_residual_m": 0.3, "conduit_type": "pipe", "pipe_diameter_mm": 300.0, "diameter_source": "legend_colour", "diameter_candidates_mm": null, "label_diameter_mm": 300.0, "label_agrees": true, "scheme": null, "flow_arrow": "end" }, "geometry": { "type": "LineString", "coordinates": [ [ 88.41136968394612, 22.478595704196767 ], [ 88.411240407695558, 22.478627797522162 ], [ 88.411118466373225, 22.478652944475172 ], [ 88.411059399857407, 22.478670663413414 ], [ 88.410970782316241, 22.478695521311778 ], [ 88.410889535067369, 22.478716873842096 ], [ 88.410789844614257, 22.478745268937047 ], [ 88.410586866683801, 22.478812414027146 ], [ 88.410621210152655, 22.478911913949236 ], [ 88.410651710361293, 22.478997681915107 ], [ 88.41068605392779, 22.479097181673058 ], [ 88.410727943557163, 22.479210381392051 ], [ 88.410777379277405, 22.479337280633921 ], [ 88.410807950016618, 22.479429930583873 ], [ 88.410849839858002, 22.47954313011304 ], [ 88.410895362135051, 22.479649415624007 ], [ 88.41094077882822, 22.479745378006214 ], [ 88.411001041704864, 22.479844652971465 ], [ 88.411053863942712, 22.479940551069955 ] ] } },
{ "type": "Feature", "properties": { "ward": 109, "source_sheet": "109_Haltu.pdf p1", "source": "KMC ward sewerage network map (ArcMap GeoPDF)", "extraction_method": "geopdf_vector", "georef_max_residual_m": 0.3, "conduit_type": "pipe", "pipe_diameter_mm": 300.0, "diameter_source": "legend_colour", "diameter_candidates_mm": null, "label_diameter_mm": 300.0, "label_agrees": true, "scheme": null, "flow_arrow": "end" }, "geometry": { "type": "LineString", "coordinates": [ [ 88.410908284066693, 22.479102136786466 ], [ 88.410870132172334, 22.478992346087541 ], [ 88.410839526343096, 22.478896255199334 ], [ 88.410812763880031, 22.478813896099904 ], [ 88.410789844614257, 22.478745268937047 ] ] } },
{ "type": "Feature", "properties": { "ward": 109, "source_sheet": "109_Haltu.pdf p1", "source": "KMC ward sewerage network map (ArcMap GeoPDF)", "extraction_method": "geopdf_vector", "georef_max_residual_m": 0.3, "conduit_type": "pipe", "pipe_diameter_mm": 300.0, "diameter_source": "legend_colour", "diameter_candidates_mm": null, "label_diameter_mm": 300.0, "label_agrees": true, "scheme": null, "flow_arrow": "end" }, "geometry": { "type": "LineString", "coordinates": [ [ 88.409932187436439, 22.486499070779026 ], [ 88.409824874761057, 22.486506883682704 ], [ 88.409713894342531, 22.486518169843713 ], [ 88.409606581477306, 22.486525982604704 ], [ 88.40949926875156, 22.48653379543687 ], [ 88.409403064646895, 22.48654151191808 ], [ 88.409303157648708, 22.486549260433627 ] ] } },
{ "type": "Feature", "properties": { "ward": 109, "source_sheet": "109_Haltu.pdf p1", "source": "KMC ward sewerage network map (ArcMap GeoPDF)", "extraction_method": "geopdf_vector", "georef_max_residual_m": 0.3, "conduit_type": "pipe", "pipe_diameter_mm": 300.0, "diameter_source": "legend_colour", "diameter_candidates_mm": null, "label_diameter_mm": 300.0, "label_agrees": true, "scheme": null, "flow_arrow": "end" }, "geometry": { "type": "LineString", "coordinates": [ [ 88.409880729268423, 22.481461455018263 ], [ 88.409875972209591, 22.481358257256836 ], [ 88.409867652998869, 22.481268855648608 ], [ 88.409858982371759, 22.481145044036346 ], [ 88.409841254773454, 22.480859569711267 ], [ 88.409832232800653, 22.480701348084619 ], [ 88.409823597410892, 22.48058097740174 ], [ 88.409818805322928, 22.480474338680782 ], [ 88.409810415954041, 22.480378055025604 ], [ 88.40980160491948, 22.480240479331467 ], [ 88.409796777889227, 22.480130399515922 ], [ 88.4097921966939, 22.480044406733921 ], [ 88.409783807386944, 22.479948123070113 ], [ 88.409775277540092, 22.479838075343213 ] ] } },
{ "type": "Feature", "properties": { "ward": 109, "source_sheet": "109_Haltu.pdf p1", "source": "KMC ward sewerage network map (ArcMap GeoPDF)", "extraction_method": "geopdf_vector", "georef_max_residual_m": 0.3, "conduit_type": "pipe", "pipe_diameter_mm": 300.0, "diameter_source": "legend_colour", "diameter_candidates_mm": null, "label_diameter_mm": 300.0, "label_agrees": true, "scheme": null, "flow_arrow": "end" }, "geometry": { "type": "LineString", "coordinates": [ [ 88.40940709612147, 22.481496531856457 ], [ 88.409402585488635, 22.481417420952972 ], [ 88.409397863919736, 22.481317664245477 ], [ 88.409393282886072, 22.481231671310393 ], [ 88.409388877519731, 22.481162883521929 ], [ 88.409380101936534, 22.481028748885887 ], [ 88.409375415542101, 22.480932432971866 ], [ 88.409370869681879, 22.48084988126126 ], [ 88.409366429218778, 22.480777652380713 ], [ 88.409361918502285, 22.480698541468211 ], [ 88.409357267429925, 22.480605666634496 ], [ 88.409352616214647, 22.480512791944022 ], [ 88.409347894749232, 22.480413035077415 ], [ 88.409339365195351, 22.480302987317376 ], [ 88.409334468114835, 22.480186025583389 ], [ 88.409329606174424, 22.480072504647918 ], [ 88.409324814504743, 22.479965865885436 ], [ 88.40931614450885, 22.479842054195636 ] ] } },
{ "type": "Feature", "properties": { "ward": 109, "source_sheet": "109_Haltu.pdf p1", "source": "KMC ward sewerage network map (ArcMap GeoPDF)", "extraction_method": "geopdf_vector", "georef_max_residual_m": 0.3, "conduit_type": "pipe", "pipe_diameter_mm": 300.0, "diameter_source": "legend_colour", "diameter_candidates_mm": null, "label_diameter_mm": 300.0, "label_agrees": true, "scheme": null, "flow_arrow": "end" }, "geometry": { "type": "LineString", "coordinates": [ [ 88.410706015323072, 22.481413003310788 ], [ 88.410701011508635, 22.481285718583518 ], [ 88.410696183530405, 22.481175638991836 ], [ 88.410687688149153, 22.48106903231071 ], [ 88.410682614057677, 22.480934865692635 ], [ 88.410677680633427, 22.480814462982291 ], [ 88.410672676898926, 22.480687178242533 ], [ 88.410660056775782, 22.480539311933885 ], [ 88.410655650826214, 22.480470524061975 ], [ 88.410646909424358, 22.480339830484894 ], [ 88.410634359701831, 22.480198846049262 ], [ 88.410625758838904, 22.480081916521677 ], [ 88.410617755709765, 22.480023483725997 ] ] } },
{ "type": "Feature", "properties": { "ward": 109, "source_sheet": "109_Haltu.pdf p1", "source": "KMC ward sewerage network map (ArcMap GeoPDF)", "extraction_method": "geopdf_vector", "georef_max_residual_m": 0.3, "conduit_type": "pipe", "pipe_diameter_mm": 300.0, "diameter_source": "legend_colour", "diameter_candidates_mm": null, "label_diameter_mm": 300.0, "label_agrees": true, "scheme": null, "flow_arrow": "end" }, "geometry": { "type": "LineString", "coordinates": [ [ 88.412299717661043, 22.486977513637903 ], [ 88.412361152180409, 22.486829004326218 ], [ 88.412419024562624, 22.486694291191725 ], [ 88.41247326455165, 22.486566492076083 ], [ 88.412527609948114, 22.486449016043341 ], [ 88.41256016082481, 22.486373024802802 ] ] } },
{ "type": "Feature", "properties": { "ward": 109, "source_sheet": "109_Haltu.pdf p1", "source": "KMC ward sewerage network map (ArcMap GeoPDF)", "extraction_method": "geopdf_vector", "georef_max_residual_m": 0.3, "conduit_type": "pipe", "pipe_diameter_mm": 300.0, "diameter_source": "legend_colour", "diameter_candidates_mm": null, "label_diameter_mm": 300.0, "label_agrees": true, "scheme": null, "flow_arrow": "end" }, "geometry": { "type": "LineString", "coordinates": [ [ 88.415588446598647, 22.484839404434421 ], [ 88.415583720342653, 22.484739648039898 ], [ 88.415582838078947, 22.484653623429011 ], [ 88.415586046830924, 22.484605417419409 ], [ 88.415585552763773, 22.484557243499037 ], [ 88.415584952828752, 22.484498746779664 ], [ 88.415584105864255, 22.484416163099191 ], [ 88.415587067585619, 22.484343870271019 ], [ 88.415586079466053, 22.484247522570275 ], [ 88.415589005897289, 22.48417178866443 ], [ 88.415588300103309, 22.484102968999785 ], [ 88.415591226534985, 22.4840272350928 ], [ 88.415590661902115, 22.483972179302853 ], [ 88.415590026691845, 22.483910241502851 ] ] } },
{ "type": "Feature", "properties": { "ward": 109, "source_sheet": "109_Haltu.pdf p1", "source": "KMC ward sewerage network map (ArcMap GeoPDF)", "extraction_method": "geopdf_vector", "georef_max_residual_m": 0.3, "conduit_type": "pipe", "pipe_diameter_mm": 300.0, "diameter_source": "legend_colour", "diameter_candidates_mm": null, "label_diameter_mm": 300.0, "label_agrees": true, "scheme": null, "flow_arrow": "end" }, "geometry": { "type": "LineString", "coordinates": [ [ 88.416595898192327, 22.485219497239779 ], [ 88.416470072975414, 22.485227475927392 ], [ 88.41633310408173, 22.485232110194357 ], [ 88.416210981659759, 22.485240056430055 ], [ 88.416088824067671, 22.485244561497353 ], [ 88.415988883160367, 22.485248873161996 ] ] } },
{ "type": "Feature", "properties": { "ward": 109, "source_sheet": "109_Haltu.pdf p1", "source": "KMC ward sewerage network map (ArcMap GeoPDF)", "extraction_method": "geopdf_vector", "georef_max_residual_m": 0.3, "conduit_type": "pipe", "pipe_diameter_mm": 300.0, "diameter_source": "legend_colour", "diameter_candidates_mm": null, "label_diameter_mm": 300.0, "label_agrees": true, "scheme": null, "flow_arrow": "end" }, "geometry": { "type": "LineString", "coordinates": [ [ 88.399086742287352, 22.501225175528035 ], [ 88.398979905982202, 22.5012811559697 ], [ 88.398869366298626, 22.501337168216065 ], [ 88.398918067422798, 22.501391809947783 ], [ 88.398962995476126, 22.501439601492272 ], [ 88.399004220267216, 22.501487424897249 ] ] } },
{ "type": "Feature", "properties": { "ward": 109, "source_sheet": "109_Haltu.pdf p1", "source": "KMC ward sewerage network map (ArcMap GeoPDF)", "extraction_method": "geopdf_vector", "georef_max_residual_m": 0.3, "conduit_type": "pipe", "pipe_diameter_mm": 300.0, "diameter_source": "legend_colour", "diameter_candidates_mm": null, "label_diameter_mm": 300.0, "label_agrees": true, "scheme": null, "flow_arrow": "end" }, "geometry": { "type": "LineString", "coordinates": [ [ 88.398639550170046, 22.501683276328649 ], [ 88.398807768581634, 22.501836687311087 ], [ 88.398957505894472, 22.501993698561492 ], [ 88.399118562960822, 22.502171260003454 ] ] } },
{ "type": "Feature", "properties": { "ward": 109, "source_sheet": "109_Haltu.pdf p1", "source": "KMC ward sewerage network map (ArcMap GeoPDF)", "extraction_method": "geopdf_vector", "georef_max_residual_m": 0.3, "conduit_type": "pipe", "pipe_diameter_mm": 300.0, "diameter_source": "legend_colour", "diameter_candidates_mm": null, "label_diameter_mm": null, "label_agrees": null, "scheme": null, "flow_arrow": "end" }, "geometry": { "type": "LineString", "coordinates": [ [ 88.398807768581634, 22.501836687311087 ], [ 88.398870340448326, 22.501798294471065 ], [ 88.39893294734307, 22.501763342700617 ], [ 88.398995554049677, 22.501728390765226 ], [ 88.399058160723882, 22.501693438806953 ], [ 88.399124435751204, 22.501655013997997 ] ] } },
{ "type": "Feature", "properties": { "ward": 109, "source_sheet": "109_Haltu.pdf p1", "source": "KMC ward sewerage network map (ArcMap GeoPDF)", "extraction_method": "geopdf_vector", "georef_max_residual_m": 0.3, "conduit_type": "pipe", "pipe_diameter_mm": 300.0, "diameter_source": "legend_colour", "diameter_candidates_mm": null, "label_diameter_mm": null, "label_agrees": null, "scheme": null, "flow_arrow": "end" }, "geometry": { "type": "LineString", "coordinates": [ [ 88.398957505894472, 22.501993698561492 ], [ 88.399057040865642, 22.501948105001372 ], [ 88.399156541006761, 22.501899070144862 ], [ 88.399252372536793, 22.50185350834904 ] ] } },
{ "type": "Feature", "properties": { "ward": 109, "source_sheet": "109_Haltu.pdf p1", "source": "KMC ward sewerage network map (ArcMap GeoPDF)", "extraction_method": "geopdf_vector", "georef_max_residual_m": 0.3, "conduit_type": "pipe", "pipe_diameter_mm": 300.0, "diameter_source": "legend_colour", "diameter_candidates_mm": null, "label_diameter_mm": null, "label_agrees": null, "scheme": null, "flow_arrow": "end" }, "geometry": { "type": "LineString", "coordinates": [ [ 88.399429327113722, 22.501772834839542 ], [ 88.399337164087271, 22.501814924046194 ], [ 88.399252372536793, 22.50185350834904 ] ] } },
{ "type": "Feature", "properties": { "ward": 109, "source_sheet": "109_Haltu.pdf p1", "source": "KMC ward sewerage network map (ArcMap GeoPDF)", "extraction_method": "geopdf_vector", "georef_max_residual_m": 0.3, "conduit_type": "pipe", "pipe_diameter_mm": 300.0, "diameter_source": "legend_colour", "diameter_candidates_mm": null, "label_diameter_mm": null, "label_agrees": null, "scheme": null, "flow_arrow": "end" }, "geometry": { "type": "LineString", "coordinates": [ [ 88.399323679772863, 22.501581031530325 ], [ 88.399264706684107, 22.501609069662344 ], [ 88.399198361736296, 22.50164061248428 ], [ 88.399135685297011, 22.501668682450912 ] ] } },
{ "type": "Feature", "properties": { "ward": 109, "source_sheet": "109_Haltu.pdf p1", "source": "KMC ward sewerage network map (ArcMap GeoPDF)", "extraction_method": "geopdf_vector", "georef_max_residual_m": 0.3, "conduit_type": "pipe", "pipe_diameter_mm": 300.0, "diameter_source": "legend_colour", "diameter_candidates_mm": null, "label_diameter_mm": 300.0, "label_agrees": true, "scheme": null, "flow_arrow": "end" }, "geometry": { "type": "LineString", "coordinates": [ [ 88.399292866395172, 22.501464292426714 ], [ 88.399075525137263, 22.501579726350446 ] ] } },
{ "type": "Feature", "properties": { "ward": 109, "source_sheet": "109_Haltu.pdf p1", "source": "KMC ward sewerage network map (ArcMap GeoPDF)", "extraction_method": "geopdf_vector", "georef_max_residual_m": 0.3, "conduit_type": "pipe", "pipe_diameter_mm": 300.0, "diameter_source": "legend_colour", "diameter_candidates_mm": null, "label_diameter_mm": 300.0, "label_agrees": true, "scheme": null, "flow_arrow": "end" }, "geometry": { "type": "LineString", "coordinates": [ [ 88.398639550170046, 22.501683276328649 ], [ 88.398720568550388, 22.501637842169593 ], [ 88.398808958719201, 22.501588903279586 ], [ 88.398908423646247, 22.501536427633802 ], [ 88.399004220267216, 22.501487424897249 ] ] } },
{ "type": "Feature", "properties": { "ward": 109, "source_sheet": "109_Haltu.pdf p1", "source": "KMC ward sewerage network map (ArcMap GeoPDF)", "extraction_method": "geopdf_vector", "georef_max_residual_m": 0.3, "conduit_type": "pipe", "pipe_diameter_mm": 300.0, "diameter_source": "legend_colour", "diameter_candidates_mm": null, "label_diameter_mm": 300.0, "label_agrees": true, "scheme": null, "flow_arrow": "end" }, "geometry": { "type": "LineString", "coordinates": [ [ 88.398633759210398, 22.497825623796437 ], [ 88.398500479486074, 22.497830211699085 ], [ 88.398311721869845, 22.497842159357525 ], [ 88.398138300229675, 22.497905594553558 ], [ 88.398020147098364, 22.49794102367137 ], [ 88.398043656853545, 22.498068149859918 ], [ 88.398067026980527, 22.498181511943258 ], [ 88.398078729577705, 22.498239913458196 ], [ 88.39811366287239, 22.498397913085906 ], [ 88.398166519316945, 22.498497256384653 ] ] } },
{ "type": "Feature", "properties": { "ward": 109, "source_sheet": "109_Haltu.pdf p1", "source": "KMC ward sewerage network map (ArcMap GeoPDF)", "extraction_method": "geopdf_vector", "georef_max_residual_m": 0.3, "conduit_type": "pipe", "pipe_diameter_mm": 300.0, "diameter_source": "legend_colour", "diameter_candidates_mm": null, "label_diameter_mm": 300.0, "label_agrees": true, "scheme": null, "flow_arrow": "end" }, "geometry": { "type": "LineString", "coordinates": [ [ 88.397942199769503, 22.49828926601915 ], [ 88.39800124154219, 22.498268110324499 ], [ 88.398052911914291, 22.498250459401508 ], [ 88.398078729577705, 22.498239913458196 ] ] } },
{ "type": "Feature", "properties": { "ward": 109, "source_sheet": "109_Haltu.pdf p1", "source": "KMC ward sewerage network map (ArcMap GeoPDF)", "extraction_method": "geopdf_vector", "georef_max_residual_m": 0.3, "conduit_type": "pipe", "pipe_diameter_mm": 300.0, "diameter_source": "legend_colour", "diameter_candidates_mm": null, "label_diameter_mm": null, "label_agrees": null, "scheme": null, "flow_arrow": "end" }, "geometry": { "type": "LineString", "coordinates": [ [ 88.395028696206666, 22.495475214227874 ], [ 88.395055209656604, 22.495533488956799 ], [ 88.395030784273473, 22.495681674900887 ], [ 88.395009818234328, 22.495805741927107 ], [ 88.395003003553526, 22.495864302777093 ], [ 88.394964566021429, 22.496091759004251 ], [ 88.394957716513304, 22.496146878750096 ], [ 88.394947198641518, 22.49620547122856 ], [ 88.394930109792412, 22.496346711547446 ] ] } },
{ "type": "Feature", "properties": { "ward": 109, "source_sheet": "109_Haltu.pdf p1", "source": "KMC ward sewerage network map (ArcMap GeoPDF)", "extraction_method": "geopdf_vector", "georef_max_residual_m": 0.3, "conduit_type": "pipe", "pipe_diameter_mm": 300.0, "diameter_source": "legend_colour", "diameter_candidates_mm": null, "label_diameter_mm": 300.0, "label_agrees": true, "scheme": null, "flow_arrow": "end" }, "geometry": { "type": "LineString", "coordinates": [ [ 88.395375370785104, 22.496064144368003 ], [ 88.395368382354903, 22.49610550014679 ], [ 88.395361358955753, 22.496143414825312 ], [ 88.395328343982783, 22.496174669927356 ], [ 88.395131938165434, 22.496162590333419 ], [ 88.395002189050714, 22.496149938408244 ], [ 88.394957716513304, 22.496146878750096 ] ] } },
{ "type": "Feature", "properties": { "ward": 109, "source_sheet": "109_Haltu.pdf p1", "source": "KMC ward sewerage network map (ArcMap GeoPDF)", "extraction_method": "geopdf_vector", "georef_max_residual_m": 0.3, "conduit_type": "pipe", "pipe_diameter_mm": 300.0, "diameter_source": "legend_colour", "diameter_candidates_mm": null, "label_diameter_mm": 300.0, "label_agrees": true, "scheme": null, "flow_arrow": "end" }, "geometry": { "type": "LineString", "coordinates": [ [ 88.394947198641518, 22.49620547122856 ], [ 88.394910445597745, 22.496233317066107 ], [ 88.394780800815795, 22.496230988127909 ], [ 88.394691890484609, 22.496228309494668 ], [ 88.394558542540338, 22.496226012145726 ], [ 88.3944252292264, 22.496227155646743 ], [ 88.394377784169251, 22.496296388739275 ], [ 88.394207647997447, 22.496318495860358 ], [ 88.394067102293761, 22.496336907525283 ], [ 88.39400802586232, 22.496354620668242 ] ] } },
{ "type": "Feature", "properties": { "ward": 109, "source_sheet": "109_Haltu.pdf p1", "source": "KMC ward sewerage network map (ArcMap GeoPDF)", "extraction_method": "geopdf_vector", "georef_max_residual_m": 0.3, "conduit_type": "pipe", "pipe_diameter_mm": 300.0, "diameter_source": "legend_colour", "diameter_candidates_mm": null, "label_diameter_mm": 300.0, "label_agrees": true, "scheme": null, "flow_arrow": "end" }, "geometry": { "type": "LineString", "coordinates": [ [ 88.39353826674747, 22.495312489262908 ], [ 88.393528930282358, 22.495488076216773 ], [ 88.393526582932594, 22.495622307582114 ], [ 88.393652732795985, 22.495645315353123 ], [ 88.393653914884609, 22.495762309877989 ], [ 88.393651915341593, 22.495930951270257 ], [ 88.393648907539529, 22.495999803228411 ], [ 88.393649568126804, 22.49606518248121 ], [ 88.393868470760395, 22.496104601513494 ], [ 88.39403546003058, 22.496137582875768 ] ] } },
{ "type": "Feature", "properties": { "ward": 109, "source_sheet": "109_Haltu.pdf p1", "source": "KMC ward sewerage network map (ArcMap GeoPDF)", "extraction_method": "geopdf_vector", "georef_max_residual_m": 0.3, "conduit_type": "pipe", "pipe_diameter_mm": 300.0, "diameter_source": "legend_colour", "diameter_candidates_mm": null, "label_diameter_mm": 300.0, "label_agrees": true, "scheme": null, "flow_arrow": "end" }, "geometry": { "type": "LineString", "coordinates": [ [ 88.394087911811852, 22.495830856408968 ], [ 88.394284282360545, 22.495839496345198 ], [ 88.394462102380459, 22.495844853896639 ], [ 88.394599187904049, 22.495850560680754 ], [ 88.394736273586346, 22.495856267346287 ], [ 88.394880765417625, 22.495861910207758 ], [ 88.395003003553526, 22.495864302777093 ] ] } },
{ "type": "Feature", "properties": { "ward": 109, "source_sheet": "109_Haltu.pdf p1", "source": "KMC ward sewerage network map (ArcMap GeoPDF)", "extraction_method": "geopdf_vector", "georef_max_residual_m": 0.3, "conduit_type": "pipe", "pipe_diameter_mm": 300.0, "diameter_source": "legend_colour", "diameter_candidates_mm": null, "label_diameter_mm": 300.0, "label_agrees": true, "scheme": null, "flow_arrow": "end" }, "geometry": { "type": "LineString", "coordinates": [ [ 88.394474758144781, 22.495631384064648 ], [ 88.394423122991739, 22.495652474921844 ], [ 88.394230421072109, 22.495640362281371 ], [ 88.394071047481077, 22.495627963773494 ], [ 88.394037858434345, 22.495642013534379 ] ] } },
{ "type": "Feature", "properties": { "ward": 109, "source_sheet": "109_Haltu.pdf p1", "source": "KMC ward sewerage network map (ArcMap GeoPDF)", "extraction_method": "geopdf_vector", "georef_max_residual_m": 0.3, "conduit_type": "pipe", "pipe_diameter_mm": 450.0, "diameter_source": "legend_colour", "diameter_candidates_mm": null, "label_diameter_mm": 450.0, "label_agrees": true, "scheme": null, "flow_arrow": "end" }, "geometry": { "type": "LineString", "coordinates": [ [ 88.394016178097019, 22.495329040190104 ], [ 88.394040483349102, 22.495535310442747 ], [ 88.394037858434345, 22.495642013534379 ], [ 88.39403544202824, 22.49576936281645 ], [ 88.394036311451359, 22.495855388107035 ], [ 88.394038154642161, 22.496037761708457 ], [ 88.39403546003058, 22.496137582875768 ], [ 88.39400802586232, 22.496354620668242 ], [ 88.393945872058509, 22.49643430382492 ], [ 88.393879945619588, 22.496507136502895 ], [ 88.393865132943944, 22.496507263503585 ], [ 88.39381692251159, 22.496500794323715 ] ] } },
{ "type": "Feature", "properties": { "ward": 109, "source_sheet": "109_Haltu.pdf p1", "source": "KMC ward sewerage network map (ArcMap GeoPDF)", "extraction_method": "geopdf_vector", "georef_max_residual_m": 0.3, "conduit_type": "pipe", "pipe_diameter_mm": 400.0, "diameter_source": "legend_colour", "diameter_candidates_mm": null, "label_diameter_mm": 400.0, "label_agrees": true, "scheme": null, "flow_arrow": "end" }, "geometry": { "type": "LineString", "coordinates": [ [ 88.396101139126955, 22.493125918026905 ], [ 88.396124924511369, 22.493280572795307 ], [ 88.396145076678337, 22.493442141267433 ], [ 88.396168931836741, 22.493603677933862 ], [ 88.396200854959503, 22.493830530190632 ], [ 88.396217269405867, 22.493988689477167 ], [ 88.396244932368518, 22.494160517470945 ], [ 88.396280349924609, 22.494366691851393 ], [ 88.396311925318784, 22.494559133900449 ], [ 88.39632781739634, 22.494665678078782 ], [ 88.396344232140734, 22.494823837324148 ], [ 88.396333784590425, 22.49488931192516 ], [ 88.396276833788605, 22.495116927391202 ], [ 88.396223341990421, 22.495320424053379 ], [ 88.396209086888433, 22.495375607434145 ], [ 88.396194796791477, 22.495427349714802 ], [ 88.39616988503515, 22.495527361656425 ], [ 88.396148432432099, 22.495603254665877 ] ] } },
{ "type": "Feature", "properties": { "ward": 109, "source_sheet": "109_Haltu.pdf p1", "source": "KMC ward sewerage network map (ArcMap GeoPDF)", "extraction_method": "geopdf_vector", "georef_max_residual_m": 0.3, "conduit_type": "pipe", "pipe_diameter_mm": 300.0, "diameter_source": "legend_colour", "diameter_candidates_mm": null, "label_diameter_mm": 300.0, "label_agrees": true, "scheme": null, "flow_arrow": "end" }, "geometry": { "type": "LineString", "coordinates": [ [ 88.395825867045332, 22.494835171189369 ], [ 88.395974095745473, 22.494844222430473 ], [ 88.396111284745047, 22.494860250847449 ], [ 88.396333784590425, 22.49488931192516 ] ] } },
{ "type": "Feature", "properties": { "ward": 109, "source_sheet": "109_Haltu.pdf p1", "source": "KMC ward sewerage network map (ArcMap GeoPDF)", "extraction_method": "geopdf_vector", "georef_max_residual_m": 0.3, "conduit_type": "pipe", "pipe_diameter_mm": 300.0, "diameter_source": "legend_colour", "diameter_candidates_mm": null, "label_diameter_mm": 300.0, "label_agrees": true, "scheme": null, "flow_arrow": "end" }, "geometry": { "type": "LineString", "coordinates": [ [ 88.397030813956334, 22.494601136673666 ], [ 88.396905082948891, 22.49461942343012 ], [ 88.39661288655266, 22.494656346862563 ], [ 88.396498264616767, 22.494674538018963 ], [ 88.396409424972759, 22.494678742341776 ], [ 88.39632781739634, 22.494665678078782 ] ] } },
{ "type": "Feature", "properties": { "ward": 109, "source_sheet": "109_Haltu.pdf p1", "source": "KMC ward sewerage network map (ArcMap GeoPDF)", "extraction_method": "geopdf_vector", "georef_max_residual_m": 0.3, "conduit_type": "pipe", "pipe_diameter_mm": 300.0, "diameter_source": "legend_colour", "diameter_candidates_mm": null, "label_diameter_mm": 300.0, "label_agrees": true, "scheme": null, "flow_arrow": "end" }, "geometry": { "type": "LineString", "coordinates": [ [ 88.395444355904559, 22.494463343252786 ], [ 88.396232418799272, 22.494387751306665 ], [ 88.396280349924609, 22.494366691851393 ] ] } },
{ "type": "Feature", "properties": { "ward": 109, "source_sheet": "109_Haltu.pdf p1", "source": "KMC ward sewerage network map (ArcMap GeoPDF)", "extraction_method": "geopdf_vector", "georef_max_residual_m": 0.3, "conduit_type": "pipe", "pipe_diameter_mm": 300.0, "diameter_source": "legend_colour", "diameter_candidates_mm": null, "label_diameter_mm": 300.0, "label_agrees": true, "scheme": null, "flow_arrow": "end" }, "geometry": { "type": "LineString", "coordinates": [ [ 88.397057206851514, 22.493916089392687 ], [ 88.396894445662028, 22.493934694447361 ], [ 88.39677978952281, 22.493949444816845 ], [ 88.396650355805136, 22.493967763305864 ], [ 88.396524590463017, 22.49398260878306 ], [ 88.396380344430384, 22.494001054287267 ], [ 88.39626561850244, 22.494008922237885 ], [ 88.396217269405867, 22.493988689477167 ] ] } },
{ "type": "Feature", "properties": { "ward": 109, "source_sheet": "109_Haltu.pdf p1", "source": "KMC ward sewerage network map (ArcMap GeoPDF)", "extraction_method": "geopdf_vector", "georef_max_residual_m": 0.3, "conduit_type": "pipe", "pipe_diameter_mm": 300.0, "diameter_source": "legend_colour", "diameter_candidates_mm": null, "label_diameter_mm": 300.0, "label_agrees": true, "scheme": null, "flow_arrow": "end" }, "geometry": { "type": "LineString", "coordinates": [ [ 88.395374755119533, 22.493806650400625 ], [ 88.395484977261916, 22.493719671675574 ], [ 88.39562185180138, 22.493704731656628 ], [ 88.395840089540457, 22.493678768969541 ], [ 88.395999147700692, 22.493660196781615 ], [ 88.396124912833514, 22.493645351726048 ], [ 88.396168931836741, 22.493603677933862 ] ] } },
{ "type": "Feature", "properties": { "ward": 109, "source_sheet": "109_Haltu.pdf p1", "source": "KMC ward sewerage network map (ArcMap GeoPDF)", "extraction_method": "geopdf_vector", "georef_max_residual_m": 0.3, "conduit_type": "pipe", "pipe_diameter_mm": 300.0, "diameter_source": "legend_colour", "diameter_candidates_mm": null, "label_diameter_mm": 300.0, "label_agrees": true, "scheme": null, "flow_arrow": "end" }, "geometry": { "type": "LineString", "coordinates": [ [ 88.396668473696948, 22.493196754343799 ], [ 88.396561189446075, 22.49320799980843 ], [ 88.396461311174079, 22.493219181593513 ], [ 88.396331808570025, 22.493230617879053 ], [ 88.39617645403851, 22.493249158427144 ], [ 88.396124924511369, 22.493280572795307 ] ] } },
{ "type": "Feature", "properties": { "ward": 109, "source_sheet": "109_Haltu.pdf p1", "source": "KMC ward sewerage network map (ArcMap GeoPDF)", "extraction_method": "geopdf_vector", "georef_max_residual_m": 0.3, "conduit_type": "pipe", "pipe_diameter_mm": 300.0, "diameter_source": "legend_colour", "diameter_candidates_mm": null, "label_diameter_mm": 300.0, "label_agrees": true, "scheme": null, "flow_arrow": "end" }, "geometry": { "type": "LineString", "coordinates": [ [ 88.391267668519859, 22.493070991838707 ], [ 88.391393190896665, 22.493032063291917 ], [ 88.391522416431513, 22.492993102957971 ], [ 88.391688602929818, 22.492946943505885 ], [ 88.391910126979369, 22.492879662322061 ], [ 88.392050426706447, 22.492837165513279 ], [ 88.392213013921705, 22.492801360276292 ], [ 88.392268802956451, 22.49282497169618 ] ] } },
{ "type": "Feature", "properties": { "ward": 109, "source_sheet": "109_Haltu.pdf p1", "source": "KMC ward sewerage network map (ArcMap GeoPDF)", "extraction_method": "geopdf_vector", "georef_max_residual_m": 0.3, "conduit_type": "pipe", "pipe_diameter_mm": 300.0, "diameter_source": "legend_colour", "diameter_candidates_mm": null, "label_diameter_mm": 300.0, "label_agrees": true, "scheme": null, "flow_arrow": "end" }, "geometry": { "type": "LineString", "coordinates": [ [ 88.391063598859034, 22.49229844187121 ], [ 88.390890041444749, 22.492348104971761 ], [ 88.390705374702975, 22.492397862907289 ], [ 88.390605635225427, 22.492422805208502 ], [ 88.390166151219205, 22.492543567876897 ] ] } },
{ "type": "Feature", "properties": { "ward": 109, "source_sheet": "109_Haltu.pdf p1", "source": "KMC ward sewerage network map (ArcMap GeoPDF)", "extraction_method": "geopdf_vector", "georef_max_residual_m": 0.3, "conduit_type": "pipe", "pipe_diameter_mm": 300.0, "diameter_source": "legend_colour", "diameter_candidates_mm": null, "label_diameter_mm": 300.0, "label_agrees": true, "scheme": null, "flow_arrow": "end" }, "geometry": { "type": "LineString", "coordinates": [ [ 88.390933913742288, 22.49192444789135 ], [ 88.390767727995325, 22.491970606522713 ], [ 88.390612651292614, 22.492016669980654 ], [ 88.390468648964131, 22.492059197186453 ], [ 88.390350463748945, 22.492091179583532 ], [ 88.390136311497074, 22.492154954319503 ], [ 88.39013260843808, 22.49215498597793 ] ] } },
{ "type": "Feature", "properties": { "ward": 109, "source_sheet": "109_Haltu.pdf p1", "source": "KMC ward sewerage network map (ArcMap GeoPDF)", "extraction_method": "geopdf_vector", "georef_max_residual_m": 0.3, "conduit_type": "pipe", "pipe_diameter_mm": 300.0, "diameter_source": "legend_colour", "diameter_candidates_mm": null, "label_diameter_mm": 300.0, "label_agrees": true, "scheme": null, "flow_arrow": "end" }, "geometry": { "type": "LineString", "coordinates": [ [ 88.390497841122823, 22.491281210089205 ], [ 88.390440423172493, 22.491095869961498 ], [ 88.390394391739278, 22.490937962984649 ], [ 88.39034448401253, 22.490762882523164 ], [ 88.390510737868809, 22.490723606465696 ], [ 88.390662214231426, 22.490687898026749 ], [ 88.3907841704265, 22.49066276572351 ], [ 88.390891384038156, 22.490644642101618 ], [ 88.390976414363607, 22.490630149574368 ], [ 88.391094702272284, 22.490608489825586 ], [ 88.391168623499482, 22.490594092090433 ], [ 88.391275836993657, 22.490575968217744 ], [ 88.391397862513884, 22.490557717534525 ], [ 88.391497739324578, 22.490546538962807 ], [ 88.391579482981555, 22.490573369974907 ], [ 88.391617484806517, 22.49066940169584 ], [ 88.391674765249945, 22.490840977193923 ] ] } },
{ "type": "Feature", "properties": { "ward": 109, "source_sheet": "109_Haltu.pdf p1", "source": "KMC ward sewerage network map (ArcMap GeoPDF)", "extraction_method": "geopdf_vector", "georef_max_residual_m": 0.3, "conduit_type": "pipe", "pipe_diameter_mm": 300.0, "diameter_source": "legend_colour", "diameter_candidates_mm": null, "label_diameter_mm": 300.0, "label_agrees": true, "scheme": "KEIIP", "flow_arrow": "end" }, "geometry": { "type": "LineString", "coordinates": [ [ 88.394525310767278, 22.490007847246147 ], [ 88.394551996735771, 22.490083327398469 ], [ 88.394601422446158, 22.490210231992748 ], [ 88.394647493077187, 22.490371578512939 ], [ 88.394701143611996, 22.490550066727096 ] ] } },
{ "type": "Feature", "properties": { "ward": 109, "source_sheet": "109_Haltu.pdf p1", "source": "KMC ward sewerage network map (ArcMap GeoPDF)", "extraction_method": "geopdf_vector", "georef_max_residual_m": 0.3, "conduit_type": "pipe", "pipe_diameter_mm": 600.0, "diameter_source": "legend_colour", "diameter_candidates_mm": null, "label_diameter_mm": 600.0, "label_agrees": true, "scheme": "KEIIP", "flow_arrow": "end" }, "geometry": { "type": "LineString", "coordinates": [ [ 88.394134116053138, 22.490141971510834 ], [ 88.39401593359716, 22.490173956621192 ], [ 88.393986379126815, 22.490181092502969 ], [ 88.393798013685768, 22.490230885681065 ], [ 88.393764790949362, 22.49024149436946 ], [ 88.393517351195499, 22.490309000003087 ], [ 88.393340094246597, 22.490358697318655 ], [ 88.393196094581498, 22.490401226841797 ], [ 88.393107465922213, 22.490426075424423 ], [ 88.392871099758494, 22.490490043815566 ], [ 88.392715990757992, 22.490532668223416 ], [ 88.392527624150659, 22.490582459819155 ], [ 88.392313440622189, 22.490642796184655 ], [ 88.39224692555031, 22.490657131030616 ], [ 88.392099291614031, 22.490706573382781 ], [ 88.391885176954887, 22.490773791272336 ], [ 88.391789211324038, 22.490805584475531 ], [ 88.391715394199736, 22.490830305537528 ], [ 88.391674765249945, 22.490840977193923 ], [ 88.391709203042993, 22.490950804580656 ] ] } },
{ "type": "Feature", "properties": { "ward": 109, "source_sheet": "109_Haltu.pdf p1", "source": "KMC ward sewerage network map (ArcMap GeoPDF)", "extraction_method": "geopdf_vector", "georef_max_residual_m": 0.3, "conduit_type": "pipe", "pipe_diameter_mm": 800.0, "diameter_source": "legend_colour", "diameter_candidates_mm": null, "label_diameter_mm": 800.0, "label_agrees": true, "scheme": "KEIIP", "flow_arrow": "end" }, "geometry": { "type": "LineString", "coordinates": [ [ 88.391709203042993, 22.490950804580656 ], [ 88.391620539170134, 22.490972211264495 ], [ 88.391498686858895, 22.491007667248102 ], [ 88.391432206213508, 22.491025442592612 ], [ 88.391262214589474, 22.491061310321509 ], [ 88.391044465439123, 22.49113544089662 ], [ 88.390882053230087, 22.491188449854505 ], [ 88.390727046803519, 22.491241395457813 ], [ 88.390723621268094, 22.491268955293265 ], [ 88.390727567113714, 22.491293010676799 ], [ 88.390758127823531, 22.491385664843733 ], [ 88.390815407727416, 22.491557240813371 ], [ 88.390652890721981, 22.4915999265246 ], [ 88.390519928601378, 22.491635476812739 ], [ 88.390460853449341, 22.491653188587879 ], [ 88.390302039404574, 22.491695842289165 ], [ 88.39009155594556, 22.491756144167685 ], [ 88.390051099938873, 22.491784020558004 ] ] } },
{ "type": "Feature", "properties": { "ward": 109, "source_sheet": "109_Haltu.pdf p1", "source": "KMC ward sewerage network map (ArcMap GeoPDF)", "extraction_method": "geopdf_vector", "georef_max_residual_m": 0.3, "conduit_type": "pipe", "pipe_diameter_mm": 300.0, "diameter_source": "legend_colour", "diameter_candidates_mm": null, "label_diameter_mm": 300.0, "label_agrees": true, "scheme": null, "flow_arrow": "end" }, "geometry": { "type": "LineString", "coordinates": [ [ 88.391254288187682, 22.491009758476892 ], [ 88.391231376038689, 22.490941128100236 ], [ 88.391204587553844, 22.490855324423865 ], [ 88.391173922596252, 22.490752347302376 ], [ 88.391135712866998, 22.490635669377834 ], [ 88.391168623499482, 22.490594092090433 ] ] } },
{ "type": "Feature", "properties": { "ward": 109, "source_sheet": "109_Haltu.pdf p1", "source": "KMC ward sewerage network map (ArcMap GeoPDF)", "extraction_method": "geopdf_vector", "georef_max_residual_m": 0.3, "conduit_type": "pipe", "pipe_diameter_mm": 300.0, "diameter_source": "legend_colour", "diameter_candidates_mm": null, "label_diameter_mm": 300.0, "label_agrees": true, "scheme": null, "flow_arrow": "end" }, "geometry": { "type": "LineString", "coordinates": [ [ 88.390882053230087, 22.491188449854505 ], [ 88.390839758984811, 22.491033952469564 ], [ 88.390782409929628, 22.490855494554602 ], [ 88.390736517109758, 22.490711351696714 ], [ 88.3907841704265, 22.49066276572351 ] ] } },
{ "type": "Feature", "properties": { "ward": 109, "source_sheet": "109_Haltu.pdf p1", "source": "KMC ward sewerage network map (ArcMap GeoPDF)", "extraction_method": "geopdf_vector", "georef_max_residual_m": 0.3, "conduit_type": "pipe", "pipe_diameter_mm": 300.0, "diameter_source": "legend_colour", "diameter_candidates_mm": null, "label_diameter_mm": 300.0, "label_agrees": true, "scheme": null, "flow_arrow": "end" }, "geometry": { "type": "LineString", "coordinates": [ [ 88.394532749487539, 22.489278225257447 ], [ 88.394534105837749, 22.489412424784103 ], [ 88.394520267861509, 22.489508900175327 ], [ 88.394503039733834, 22.489636376553111 ], [ 88.394485881290095, 22.489770734851223 ], [ 88.394505891549557, 22.489918539729693 ], [ 88.394525310767278, 22.490007847246147 ] ] } },
{ "type": "Feature", "properties": { "ward": 109, "source_sheet": "109_Haltu.pdf p1", "source": "KMC ward sewerage network map (ArcMap GeoPDF)", "extraction_method": "geopdf_vector", "georef_max_residual_m": 0.3, "conduit_type": "pipe", "pipe_diameter_mm": 300.0, "diameter_source": "legend_colour", "diameter_candidates_mm": null, "label_diameter_mm": 300.0, "label_agrees": true, "scheme": null, "flow_arrow": "end" }, "geometry": { "type": "LineString", "coordinates": [ [ 88.390088757252812, 22.488170315399291 ], [ 88.390162399986821, 22.48812839014326 ], [ 88.390236112013852, 22.488093346793363 ], [ 88.390306086535844, 22.488054894098276 ], [ 88.39037606086373, 22.488016441375898 ], [ 88.390490227633336, 22.487953521490301 ], [ 88.390586018286015, 22.48790452400554 ], [ 88.390692848338219, 22.487848549390886 ], [ 88.390792272417869, 22.487792638044894 ], [ 88.390902805236038, 22.487736631631162 ] ] } },
{ "type": "Feature", "properties": { "ward": 109, "source_sheet": "109_Haltu.pdf p1", "source": "KMC ward sewerage network map (ArcMap GeoPDF)", "extraction_method": "geopdf_vector", "georef_max_residual_m": 0.3, "conduit_type": "pipe", "pipe_diameter_mm": 300.0, "diameter_source": "legend_colour", "diameter_candidates_mm": null, "label_diameter_mm": 300.0, "label_agrees": true, "scheme": null, "flow_arrow": "end" }, "geometry": { "type": "LineString", "coordinates": [ [ 88.390175484977888, 22.484280883879045 ], [ 88.390528162641701, 22.484735564418607 ] ] } },
{ "type": "Feature", "properties": { "ward": 109, "source_sheet": "109_Haltu.pdf p1", "source": "KMC ward sewerage network map (ArcMap GeoPDF)", "extraction_method": "geopdf_vector", "georef_max_residual_m": 0.3, "conduit_type": "pipe", "pipe_diameter_mm": 300.0, "diameter_source": "legend_colour", "diameter_candidates_mm": null, "label_diameter_mm": 300.0, "label_agrees": true, "scheme": null, "flow_arrow": "end" }, "geometry": { "type": "LineString", "coordinates": [ [ 88.390392253469727, 22.484110406333716 ], [ 88.390797499259918, 22.484636904624388 ] ] } },
{ "type": "Feature", "properties": { "ward": 109, "source_sheet": "109_Haltu.pdf p1", "source": "KMC ward sewerage network map (ArcMap GeoPDF)", "extraction_method": "geopdf_vector", "georef_max_residual_m": 0.3, "conduit_type": "pipe", "pipe_diameter_mm": 300.0, "diameter_source": "legend_colour", "diameter_candidates_mm": null, "label_diameter_mm": 300.0, "label_agrees": true, "scheme": null, "flow_arrow": "end" }, "geometry": { "type": "LineString", "coordinates": [ [ 88.387364445471988, 22.483878161678142 ], [ 88.387391402993828, 22.483981171413447 ], [ 88.387414623272733, 22.484080771750072 ], [ 88.387437878028095, 22.484183813056433 ], [ 88.387457257148768, 22.484269680781882 ], [ 88.387476670736845, 22.484358989478732 ], [ 88.387488540410175, 22.484434597446658 ], [ 88.387507884854173, 22.484517024043608 ] ] } },
{ "type": "Feature", "properties": { "ward": 109, "source_sheet": "109_Haltu.pdf p1", "source": "KMC ward sewerage network map (ArcMap GeoPDF)", "extraction_method": "geopdf_vector", "georef_max_residual_m": 0.3, "conduit_type": "pipe", "pipe_diameter_mm": 300.0, "diameter_source": "legend_colour", "diameter_candidates_mm": null, "label_diameter_mm": 300.0, "label_agrees": true, "scheme": null, "flow_arrow": "end" }, "geometry": { "type": "LineString", "coordinates": [ [ 88.386930211779543, 22.483782066504947 ], [ 88.386993989751616, 22.483864114445485 ], [ 88.387054030371146, 22.483942752957567 ], [ 88.387114105797906, 22.484024832273608 ] ] } },
{ "type": "Feature", "properties": { "ward": 109, "source_sheet": "109_Haltu.pdf p1", "source": "KMC ward sewerage network map (ArcMap GeoPDF)", "extraction_method": "geopdf_vector", "georef_max_residual_m": 0.3, "conduit_type": "pipe", "pipe_diameter_mm": 300.0, "diameter_source": "legend_colour", "diameter_candidates_mm": null, "label_diameter_mm": 300.0, "label_agrees": true, "scheme": null, "flow_arrow": "end" }, "geometry": { "type": "LineString", "coordinates": [ [ 88.387131376950549, 22.483532575885832 ], [ 88.387187680220833, 22.483607804812525 ], [ 88.387240280560775, 22.483683065297733 ], [ 88.387292811933378, 22.48375144366743 ], [ 88.387337868494356, 22.483813003233127 ], [ 88.38737915306848, 22.483867712274705 ] ] } },
{ "type": "Feature", "properties": { "ward": 109, "source_sheet": "109_Haltu.pdf p1", "source": "KMC ward sewerage network map (ArcMap GeoPDF)", "extraction_method": "geopdf_vector", "georef_max_residual_m": 0.3, "conduit_type": "pipe", "pipe_diameter_mm": 500.0, "diameter_source": "legend_colour", "diameter_candidates_mm": null, "label_diameter_mm": 500.0, "label_agrees": true, "scheme": "KEIIP", "flow_arrow": "end" }, "geometry": { "type": "LineString", "coordinates": [ [ 88.403687220486091, 22.497283077221834 ], [ 88.403619022943005, 22.497132248901234 ], [ 88.403546912150887, 22.496960806556356 ], [ 88.403471098538759, 22.496789395993041 ], [ 88.403399093311577, 22.496628276536057 ], [ 88.403323245075867, 22.496453424931726 ], [ 88.403255048378469, 22.496302596401044 ], [ 88.403183008676649, 22.496138035722652 ], [ 88.403114742300303, 22.495980325218135 ], [ 88.403046511085421, 22.495826055477121 ], [ 88.402982018007137, 22.49567519482985 ] ] } },
{ "type": "Feature", "properties": { "ward": 109, "source_sheet": "109_Haltu.pdf p1", "source": "KMC ward sewerage network map (ArcMap GeoPDF)", "extraction_method": "geopdf_vector", "georef_max_residual_m": 0.3, "conduit_type": "pipe", "pipe_diameter_mm": 500.0, "diameter_source": "legend_colour", "diameter_candidates_mm": null, "label_diameter_mm": null, "label_agrees": null, "scheme": null, "flow_arrow": "end" }, "geometry": { "type": "LineString", "coordinates": [ [ 88.400112375818594, 22.497916134476089 ], [ 88.400051622871885, 22.497768681635538 ], [ 88.399979516159902, 22.497597237354501 ], [ 88.399907514412305, 22.497436116167343 ], [ 88.399839181098159, 22.497271522097275 ], [ 88.399767354303634, 22.4971276057226 ], [ 88.399691754655734, 22.496976839288074 ], [ 88.399623666266336, 22.496836332039024 ], [ 88.399589674499552, 22.496771239899001 ] ] } },
{ "type": "Feature", "properties": { "ward": 109, "source_sheet": "109_Haltu.pdf p1", "source": "KMC ward sewerage network map (ArcMap GeoPDF)", "extraction_method": "geopdf_vector", "georef_max_residual_m": 0.3, "conduit_type": "pipe", "pipe_diameter_mm": 500.0, "diameter_source": "legend_colour", "diameter_candidates_mm": null, "label_diameter_mm": null, "label_agrees": null, "scheme": null, "flow_arrow": "end" }, "geometry": { "type": "LineString", "coordinates": [ [ 88.401811435769432, 22.497832665456432 ], [ 88.40174694294258, 22.497681804330167 ], [ 88.401689961693009, 22.497541202291977 ], [ 88.401617923073601, 22.497376640876354 ], [ 88.40154958781126, 22.497212047632431 ], [ 88.401481252564736, 22.497047454205958 ], [ 88.401409179516492, 22.4968794517129 ], [ 88.401340844773586, 22.496714858202139 ], [ 88.401268772087334, 22.496546855622096 ], [ 88.401061500996917, 22.496558966146214 ], [ 88.400982022422085, 22.496391027100277 ] ] } },
{ "type": "Feature", "properties": { "ward": 109, "source_sheet": "109_Haltu.pdf p1", "source": "KMC ward sewerage network map (ArcMap GeoPDF)", "extraction_method": "geopdf_vector", "georef_max_residual_m": 0.3, "conduit_type": "pipe", "pipe_diameter_mm": 400.0, "diameter_source": "legend_colour", "diameter_candidates_mm": null, "label_diameter_mm": 400.0, "label_agrees": true, "scheme": "KEIIP", "flow_arrow": "end" }, "geometry": { "type": "LineString", "coordinates": [ [ 88.402097209906927, 22.497892144319991 ], [ 88.402036455066082, 22.4977446923331 ], [ 88.401971997022571, 22.497597272253252 ], [ 88.401907504303864, 22.497446411188992 ], [ 88.401842976761216, 22.497292109141178 ], [ 88.401782292271676, 22.49715153906136 ], [ 88.401698794582018, 22.496952663411363 ], [ 88.401611559171116, 22.496750378679764 ], [ 88.401543329159253, 22.496596108393863 ], [ 88.401474994265669, 22.496431514936734 ], [ 88.401395305529107, 22.496242930276818 ] ] } },
{ "type": "Feature", "properties": { "ward": 109, "source_sheet": "109_Haltu.pdf p1", "source": "KMC ward sewerage network map (ArcMap GeoPDF)", "extraction_method": "geopdf_vector", "georef_max_residual_m": 0.3, "conduit_type": "pipe", "pipe_diameter_mm": 450.0, "diameter_source": "legend_colour", "diameter_candidates_mm": null, "label_diameter_mm": 300.0, "label_agrees": false, "scheme": "KEIIP", "flow_arrow": "end" }, "geometry": { "type": "LineString", "coordinates": [ [ 88.403033966337077, 22.497505518653547 ], [ 88.402731064139459, 22.49685428558951 ], [ 88.402670239174725, 22.4966999517973 ], [ 88.402605501257412, 22.496525003954229 ], [ 88.402555820884672, 22.496374015337732 ], [ 88.402487450111039, 22.496205981412622 ], [ 88.402422992563942, 22.496058561472655 ], [ 88.402354726919, 22.49590085045649 ] ] } },
{ "type": "Feature", "properties": { "ward": 109, "source_sheet": "109_Haltu.pdf p1", "source": "KMC ward sewerage network map (ArcMap GeoPDF)", "extraction_method": "geopdf_vector", "georef_max_residual_m": 0.3, "conduit_type": "pipe", "pipe_diameter_mm": 500.0, "diameter_source": "legend_colour", "diameter_candidates_mm": null, "label_diameter_mm": 500.0, "label_agrees": true, "scheme": "KEIIP", "flow_arrow": "end" }, "geometry": { "type": "LineString", "coordinates": [ [ 88.404764056697445, 22.496833288895921 ], [ 88.40471828745666, 22.496702915025129 ], [ 88.4046763264314, 22.496582832113056 ], [ 88.40464198202865, 22.496483331284161 ], [ 88.404607567598305, 22.496376948269148 ], [ 88.404550408786164, 22.496219142334297 ], [ 88.404500726466267, 22.496068154414392 ], [ 88.404466172123961, 22.495948007431551 ], [ 88.404408558395971, 22.495745468565019 ], [ 88.404336307500202, 22.495560262490283 ], [ 88.404286765804827, 22.495423038392033 ], [ 88.404237364328381, 22.495299578338741 ], [ 88.404191631034436, 22.49517264518985 ] ] } },
{ "type": "Feature", "properties": { "ward": 109, "source_sheet": "109_Haltu.pdf p1", "source": "KMC ward sewerage network map (ArcMap GeoPDF)", "extraction_method": "geopdf_vector", "georef_max_residual_m": 0.3, "conduit_type": "pipe", "pipe_diameter_mm": 600.0, "diameter_source": "legend_colour", "diameter_candidates_mm": null, "label_diameter_mm": 600.0, "label_agrees": true, "scheme": "KEIIP", "flow_arrow": "end" }, "geometry": { "type": "LineString", "coordinates": [ [ 88.4078783427464, 22.498977804173499 ], [ 88.407829955274721, 22.498954134290269 ], [ 88.407796134805722, 22.498906249099971 ], [ 88.407702185159806, 22.498772852152726 ], [ 88.407642126427632, 22.498694222540006 ], [ 88.407559462265795, 22.498577934263547 ], [ 88.407506915446433, 22.498509563415332 ], [ 88.407416704668876, 22.498379575283693 ], [ 88.407289076081497, 22.498212056795548 ], [ 88.40715016287001, 22.498027429373174 ], [ 88.407090069680365, 22.497945358431913 ], [ 88.406988679926826, 22.497808584299719 ], [ 88.40687988417119, 22.497671874048017 ], [ 88.406827338040145, 22.497603502792636 ], [ 88.406737303982965, 22.497490719193017 ], [ 88.406613485503314, 22.497333490986659 ], [ 88.406512131924103, 22.49720015743722 ], [ 88.406380732372767, 22.497025788108505 ], [ 88.406241821444837, 22.496841159755363 ], [ 88.406200455583232, 22.496779574321796 ], [ 88.406129113588705, 22.496683835145127 ], [ 88.405940884953253, 22.496747406478939 ], [ 88.405737913485325, 22.496817987867452 ], [ 88.405597649918079, 22.496863937510525 ], [ 88.405514392524225, 22.496689151273724 ], [ 88.405457583312611, 22.496565755582843 ], [ 88.405408355648632, 22.496459500980944 ], [ 88.405359093004989, 22.496349805272374 ], [ 88.405264411480104, 22.49614414584094 ], [ 88.405434054010698, 22.496073853365619 ], [ 88.405592622167376, 22.496007097718149 ] ] } },
{ "type": "Feature", "properties": { "ward": 109, "source_sheet": "109_Haltu.pdf p1", "source": "KMC ward sewerage network map (ArcMap GeoPDF)", "extraction_method": "geopdf_vector", "georef_max_residual_m": 0.3, "conduit_type": "pipe", "pipe_diameter_mm": 400.0, "diameter_source": "legend_colour", "diameter_candidates_mm": null, "label_diameter_mm": 400.0, "label_agrees": true, "scheme": null, "flow_arrow": "end" }, "geometry": { "type": "LineString", "coordinates": [ [ 88.409756352072264, 22.494298573352019 ], [ 88.409705352922359, 22.494381606702323 ], [ 88.409654318551787, 22.494461198957907 ], [ 88.409610620143354, 22.494533845105032 ], [ 88.409559691143713, 22.494623760434227 ], [ 88.409512289386655, 22.494696438524532 ], [ 88.409435333266032, 22.494776255609771 ], [ 88.409350971009644, 22.494856136724703 ], [ 88.409259307753814, 22.494946405104763 ], [ 88.40917498044432, 22.495029727217673 ], [ 88.40910899252124, 22.495095683825589 ], [ 88.409050340613547, 22.495154694194184 ], [ 88.408984317580334, 22.495217209673232 ], [ 88.408866907926594, 22.495324907495828 ], [ 88.408745794972688, 22.495432637187907 ], [ 88.408639388898607, 22.495529915629412 ] ] } },
{ "type": "Feature", "properties": { "ward": 109, "source_sheet": "109_Haltu.pdf p1", "source": "KMC ward sewerage network map (ArcMap GeoPDF)", "extraction_method": "geopdf_vector", "georef_max_residual_m": 0.3, "conduit_type": "pipe", "pipe_diameter_mm": 300.0, "diameter_source": "legend_colour", "diameter_candidates_mm": null, "label_diameter_mm": 300.0, "label_agrees": true, "scheme": null, "flow_arrow": "end" }, "geometry": { "type": "LineString", "coordinates": [ [ 88.410308195923662, 22.495026782608122 ], [ 88.410274340491043, 22.494975456974032 ], [ 88.410210332646642, 22.494872773414325 ], [ 88.410135180589279, 22.494766745106656 ], [ 88.410060169334898, 22.494674480790628 ], [ 88.40999263470502, 22.494589034214989 ], [ 88.409913885387382, 22.494493360999865 ], [ 88.409850124357533, 22.494414764255286 ], [ 88.409790136813655, 22.494343017242752 ], [ 88.409756352072264, 22.494298573352019 ] ] } },
{ "type": "Feature", "properties": { "ward": 109, "source_sheet": "109_Haltu.pdf p1", "source": "KMC ward sewerage network map (ArcMap GeoPDF)", "extraction_method": "geopdf_vector", "georef_max_residual_m": 0.3, "conduit_type": "pipe", "pipe_diameter_mm": 450.0, "diameter_source": "legend_colour", "diameter_candidates_mm": null, "label_diameter_mm": 450.0, "label_agrees": true, "scheme": null, "flow_arrow": "end" }, "geometry": { "type": "LineString", "coordinates": [ [ 88.406418063861139, 22.493422425914009 ], [ 88.406577259879072, 22.493417607425641 ], [ 88.406766080405788, 22.493412532445138 ], [ 88.406951197838495, 22.493407489147174 ], [ 88.407128909116082, 22.493402509881882 ], [ 88.407302917457329, 22.493397562331072 ], [ 88.407458410454169, 22.49339277502807 ], [ 88.407669413972897, 22.49338406555875 ], [ 88.407758287042085, 22.493383296026817 ], [ 88.407858234338391, 22.493378989302379 ], [ 88.407965622713633, 22.493378059318673 ], [ 88.408191438389721, 22.493369220888578 ] ] } },
{ "type": "Feature", "properties": { "ward": 109, "source_sheet": "109_Haltu.pdf p1", "source": "KMC ward sewerage network map (ArcMap GeoPDF)", "extraction_method": "geopdf_vector", "georef_max_residual_m": 0.3, "conduit_type": "pipe", "pipe_diameter_mm": 300.0, "diameter_source": "legend_colour", "diameter_candidates_mm": null, "label_diameter_mm": 300.0, "label_agrees": true, "scheme": null, "flow_arrow": "end" }, "geometry": { "type": "LineString", "coordinates": [ [ 88.409415904343518, 22.493599500974568 ], [ 88.40944791922459, 22.493833231522228 ], [ 88.409413876740061, 22.494126036740404 ], [ 88.409323620074247, 22.494353944810335 ], [ 88.409264933404316, 22.494409514160171 ], [ 88.408896080059591, 22.494192468358985 ] ] } },
{ "type": "Feature", "properties": { "ward": 109, "source_sheet": "109_Haltu.pdf p1", "source": "KMC ward sewerage network map (ArcMap GeoPDF)", "extraction_method": "geopdf_vector", "georef_max_residual_m": 0.3, "conduit_type": "pipe", "pipe_diameter_mm": 300.0, "diameter_source": "legend_colour", "diameter_candidates_mm": null, "label_diameter_mm": 300.0, "label_agrees": true, "scheme": null, "flow_arrow": "end" }, "geometry": { "type": "LineString", "coordinates": [ [ 88.415731068969052, 22.486107999588988 ], [ 88.415715128062615, 22.485998017138808 ], [ 88.415703137104998, 22.485912089115299 ], [ 88.415687478767055, 22.485829634543755 ], [ 88.415671608527788, 22.485726533946671 ], [ 88.415651965037966, 22.485616583571986 ], [ 88.41563613015127, 22.485516923898537 ], [ 88.415620330585057, 22.485420705297013 ], [ 88.415600687192992, 22.485310754907715 ], [ 88.415581149556729, 22.485211127455521 ], [ 88.415561541526458, 22.485104618131622 ], [ 88.415545671494499, 22.485001517504074 ], [ 88.415485861930563, 22.484946977424496 ] ] } },
{ "type": "Feature", "properties": { "ward": 109, "source_sheet": "109_Haltu.pdf p1", "source": "KMC ward sewerage network map (ArcMap GeoPDF)", "extraction_method": "geopdf_vector", "georef_max_residual_m": 0.3, "conduit_type": "pipe", "pipe_diameter_mm": 300.0, "diameter_source": "legend_colour", "diameter_candidates_mm": null, "label_diameter_mm": 300.0, "label_agrees": true, "scheme": null, "flow_arrow": "end" }, "geometry": { "type": "LineString", "coordinates": [ [ 88.413976624864944, 22.486553426518981 ], [ 88.413850868830764, 22.486568285240978 ], [ 88.413739924101407, 22.486583014952135 ], [ 88.41361783547778, 22.486594400224678 ] ] } },
{ "type": "Feature", "properties": { "ward": 109, "source_sheet": "109_Haltu.pdf p1", "source": "KMC ward sewerage network map (ArcMap GeoPDF)", "extraction_method": "geopdf_vector", "georef_max_residual_m": 0.3, "conduit_type": "pipe", "pipe_diameter_mm": 300.0, "diameter_source": "legend_colour", "diameter_candidates_mm": null, "label_diameter_mm": 300.0, "label_agrees": true, "scheme": null, "flow_arrow": "end" }, "geometry": { "type": "LineString", "coordinates": [ [ 88.41433862318398, 22.486464246026525 ], [ 88.41445323533344, 22.486446042624578 ], [ 88.41456047698172, 22.486431344643371 ], [ 88.414660559917067, 22.486440797839879 ] ] } },
{ "type": "Feature", "properties": { "ward": 109, "source_sheet": "109_Haltu.pdf p1", "source": "KMC ward sewerage network map (ArcMap GeoPDF)", "extraction_method": "geopdf_vector", "georef_max_residual_m": 0.3, "conduit_type": "pipe", "pipe_diameter_mm": 300.0, "diameter_source": "legend_colour", "diameter_candidates_mm": null, "label_diameter_mm": 300.0, "label_agrees": true, "scheme": null, "flow_arrow": "end" }, "geometry": { "type": "LineString", "coordinates": [ [ 88.409142648262971, 22.486061986860292 ], [ 88.410055283549994, 22.485861363309109 ], [ 88.410077254613867, 22.485837083648402 ], [ 88.410046436449832, 22.485720346808645 ], [ 88.410019426812667, 22.485613900673201 ], [ 88.410000104156168, 22.485534918418136 ], [ 88.410036745811681, 22.485496746435228 ] ] } },
{ "type": "Feature", "properties": { "ward": 109, "source_sheet": "109_Haltu.pdf p1", "source": "KMC ward sewerage network map (ArcMap GeoPDF)", "extraction_method": "geopdf_vector", "georef_max_residual_m": 0.3, "conduit_type": "pipe", "pipe_diameter_mm": 300.0, "diameter_source": "legend_colour", "diameter_candidates_mm": null, "label_diameter_mm": 300.0, "label_agrees": true, "scheme": null, "flow_arrow": "end" }, "geometry": { "type": "LineString", "coordinates": [ [ 88.411120615011384, 22.481399082785494 ], [ 88.411116032911991, 22.481313090098389 ], [ 88.411115223903678, 22.481233947166359 ], [ 88.411110676992479, 22.481151395417957 ], [ 88.411098302701589, 22.481027616050884 ], [ 88.411097212330418, 22.48092094529979 ], [ 88.41108487310197, 22.480800606869114 ], [ 88.411079868997078, 22.480673322160889 ], [ 88.411051945333725, 22.480477410358755 ], [ 88.411044082680576, 22.480432741793141 ], [ 88.411020283731133, 22.480278089725118 ], [ 88.411000644907929, 22.480168138482846 ], [ 88.410992219587612, 22.480068413985045 ], [ 88.410983618438294, 22.479951484346383 ] ] } },
{ "type": "Feature", "properties": { "ward": 109, "source_sheet": "109_Haltu.pdf p1", "source": "KMC ward sewerage network map (ArcMap GeoPDF)", "extraction_method": "geopdf_vector", "georef_max_residual_m": 0.3, "conduit_type": "pipe", "pipe_diameter_mm": 300.0, "diameter_source": "legend_colour", "diameter_candidates_mm": null, "label_diameter_mm": 300.0, "label_agrees": true, "scheme": null, "flow_arrow": "end" }, "geometry": { "type": "LineString", "coordinates": [ [ 88.410655650826214, 22.480470524061975 ], [ 88.410748148079051, 22.480462839161138 ], [ 88.410848015428485, 22.480451649030773 ], [ 88.410947882758222, 22.480440458839318 ], [ 88.411044082680576, 22.480432741793141 ] ] } },
{ "type": "Feature", "properties": { "ward": 109, "source_sheet": "109_Haltu.pdf p1", "source": "KMC ward sewerage network map (ArcMap GeoPDF)", "extraction_method": "geopdf_vector", "georef_max_residual_m": 0.3, "conduit_type": "pipe", "pipe_diameter_mm": 300.0, "diameter_source": "legend_colour", "diameter_candidates_mm": null, "label_diameter_mm": 300.0, "label_agrees": true, "scheme": null, "flow_arrow": "end" }, "geometry": { "type": "LineString", "coordinates": [ [ 88.414560201547587, 22.47845442576174 ], [ 88.41442355640703, 22.478490027077317 ], [ 88.41429428110321, 22.478522122811444 ], [ 88.41416874379334, 22.47855762733241 ], [ 88.414035800939189, 22.478593196138352 ], [ 88.41392870616265, 22.478621657514402 ], [ 88.41382161133842, 22.478650118821456 ], [ 88.413703443710276, 22.478682117542679 ], [ 88.413566727626048, 22.478710836133526 ], [ 88.413367172000164, 22.478750424537811 ], [ 88.413186129581419, 22.478789851852653 ], [ 88.41321723023961, 22.478934116073351 ], [ 88.413073073070322, 22.478959457666182 ], [ 88.413080865820675, 22.478997244233536 ], [ 88.412918301140067, 22.479033069488143 ], [ 88.41275947409784, 22.479072303363324 ], [ 88.412667118933086, 22.479093753266916 ], [ 88.412582168935742, 22.479115138807714 ] ] } },
{ "type": "Feature", "properties": { "ward": 109, "source_sheet": "109_Haltu.pdf p1", "source": "KMC ward sewerage network map (ArcMap GeoPDF)", "extraction_method": "geopdf_vector", "georef_max_residual_m": 0.3, "conduit_type": "pipe", "pipe_diameter_mm": 300.0, "diameter_source": "legend_colour", "diameter_candidates_mm": null, "label_diameter_mm": 300.0, "label_agrees": true, "scheme": null, "flow_arrow": "end" }, "geometry": { "type": "LineString", "coordinates": [ [ 88.411240714758691, 22.479020103034305 ], [ 88.411118466373225, 22.478652944475172 ] ] } },
{ "type": "Feature", "properties": { "ward": 109, "source_sheet": "109_Haltu.pdf p1", "source": "KMC ward sewerage network map (ArcMap GeoPDF)", "extraction_method": "geopdf_vector", "georef_max_residual_m": 0.3, "conduit_type": "pipe", "pipe_diameter_mm": 300.0, "diameter_source": "legend_colour", "diameter_candidates_mm": null, "label_diameter_mm": 300.0, "label_agrees": true, "scheme": null, "flow_arrow": "end" }, "geometry": { "type": "LineString", "coordinates": [ [ 88.412017936454049, 22.478256271985142 ], [ 88.412309987331739, 22.478208999549285 ], [ 88.412341051573094, 22.478349823063493 ], [ 88.412375959348836, 22.478504378463086 ], [ 88.4124068829327, 22.478631437905438 ], [ 88.412437877140846, 22.478765379502505 ], [ 88.412465133386306, 22.478895912159864 ], [ 88.412499971060214, 22.479043585341895 ], [ 88.412582168935742, 22.479115138807714 ] ] } },
{ "type": "Feature", "properties": { "ward": 109, "source_sheet": "109_Haltu.pdf p1", "source": "KMC ward sewerage network map (ArcMap GeoPDF)", "extraction_method": "geopdf_vector", "georef_max_residual_m": 0.3, "conduit_type": "pipe", "pipe_diameter_mm": 450.0, "diameter_source": "legend_colour", "diameter_candidates_mm": null, "label_diameter_mm": null, "label_agrees": null, "scheme": null, "flow_arrow": "end" }, "geometry": { "type": "LineString", "coordinates": [ [ 88.408458309777544, 22.477788144461229 ], [ 88.408470997355508, 22.47794289315998 ], [ 88.408487247059014, 22.478083845865623 ], [ 88.408496196951972, 22.478235185668854 ], [ 88.408512411782439, 22.478372697416557 ], [ 88.408521291530192, 22.478517155318826 ], [ 88.408529820090806, 22.478627203042535 ], [ 88.408538524357041, 22.47875445592171 ], [ 88.408543350436332, 22.478864535845315 ], [ 88.408548106314342, 22.478967733732063 ], [ 88.408556599992423, 22.47907434049888 ], [ 88.408565269226727, 22.479198152278073 ], [ 88.408570165579647, 22.479315114227646 ], [ 88.408578869807272, 22.479442366947968 ], [ 88.408587574213442, 22.479569619807105 ], [ 88.408596103095888, 22.479679667649439 ] ] } },
{ "type": "Feature", "properties": { "ward": 109, "source_sheet": "109_Haltu.pdf p1", "source": "KMC ward sewerage network map (ArcMap GeoPDF)", "extraction_method": "geopdf_vector", "georef_max_residual_m": 0.3, "conduit_type": "pipe", "pipe_diameter_mm": 300.0, "diameter_source": "legend_colour", "diameter_candidates_mm": null, "label_diameter_mm": 300.0, "label_agrees": true, "scheme": null, "flow_arrow": "end" }, "geometry": { "type": "LineString", "coordinates": [ [ 88.407499040419808, 22.479221147297721 ], [ 88.407549439353559, 22.479079617751072 ], [ 88.407596311082031, 22.478955325111063 ], [ 88.40764678000383, 22.478820677577151 ] ] } },
{ "type": "Feature", "properties": { "ward": 109, "source_sheet": "109_Haltu.pdf p1", "source": "KMC ward sewerage network map (ArcMap GeoPDF)", "extraction_method": "geopdf_vector", "georef_max_residual_m": 0.3, "conduit_type": "pipe", "pipe_diameter_mm": 300.0, "diameter_source": "legend_colour", "diameter_candidates_mm": null, "label_diameter_mm": 300.0, "label_agrees": true, "scheme": null, "flow_arrow": "end" }, "geometry": { "type": "LineString", "coordinates": [ [ 88.408556599992423, 22.47907434049888 ], [ 88.408467455093728, 22.479047582008473 ], [ 88.408359726772247, 22.47901410172776 ], [ 88.408244593140481, 22.478980685629004 ], [ 88.408129424462217, 22.478943828355273 ], [ 88.407999410187571, 22.478903658108823 ], [ 88.407880538951332, 22.478866832701076 ], [ 88.407765510799862, 22.478843739231515 ], [ 88.40764678000383, 22.478820677577151 ], [ 88.407453610307755, 22.478760405758152 ], [ 88.407286464400073, 22.478710232307037 ], [ 88.40711931875795, 22.478660058674759 ], [ 88.406948435336034, 22.478606476085478 ], [ 88.406773604081749, 22.478528838115452 ], [ 88.407100340413351, 22.477524592461773 ] ] } },
{ "type": "Feature", "properties": { "ward": 109, "source_sheet": "109_Haltu.pdf p1", "source": "KMC ward sewerage network map (ArcMap GeoPDF)", "extraction_method": "geopdf_vector", "georef_max_residual_m": 0.3, "conduit_type": "pipe", "pipe_diameter_mm": 300.0, "diameter_source": "legend_colour", "diameter_candidates_mm": null, "label_diameter_mm": 300.0, "label_agrees": true, "scheme": null, "flow_arrow": "end" }, "geometry": { "type": "LineString", "coordinates": [ [ 88.405505733311358, 22.477658823872954 ], [ 88.405646258191041, 22.477640403084358 ], [ 88.405764567294455, 22.47762217416215 ], [ 88.405882911401434, 22.477607386248302 ], [ 88.405990147537054, 22.477592694114659 ], [ 88.406086275709256, 22.477578098069976 ], [ 88.406193511793006, 22.477563405803224 ], [ 88.406282269828907, 22.477552314607053 ] ] } },
{ "type": "Feature", "properties": { "ward": 109, "source_sheet": "109_Haltu.pdf p1", "source": "KMC ward sewerage network map (ArcMap GeoPDF)", "extraction_method": "geopdf_vector", "georef_max_residual_m": 0.3, "conduit_type": "pipe", "pipe_diameter_mm": 300.0, "diameter_source": "legend_colour", "diameter_candidates_mm": null, "label_diameter_mm": 300.0, "label_agrees": true, "scheme": null, "flow_arrow": "end" }, "geometry": { "type": "LineString", "coordinates": [ [ 88.391608028852104, 22.478714344075453 ], [ 88.391697829800947, 22.478806491516853 ], [ 88.391780156230823, 22.478891820172404 ] ] } },
{ "type": "Feature", "properties": { "ward": 109, "source_sheet": "109_Haltu.pdf p1", "source": "KMC ward sewerage network map (ArcMap GeoPDF)", "extraction_method": "geopdf_vector", "georef_max_residual_m": 0.3, "conduit_type": "pipe", "pipe_diameter_mm": 300.0, "diameter_source": "legend_colour", "diameter_candidates_mm": null, "label_diameter_mm": 300.0, "label_agrees": true, "scheme": null, "flow_arrow": "end" }, "geometry": { "type": "LineString", "coordinates": [ [ 88.390956821685009, 22.479501093183902 ], [ 88.390998487511254, 22.47959365257967 ], [ 88.391044029654125, 22.479703385440132 ], [ 88.39108579978992, 22.479806267860678 ], [ 88.39112365919263, 22.479888535817537 ], [ 88.391176884445358, 22.480025733494664 ], [ 88.391230005611519, 22.480152607948778 ], [ 88.391271810719317, 22.480258931415847 ], [ 88.391279389612833, 22.480276073218729 ], [ 88.391317353321568, 22.480368664168349 ], [ 88.391362930684224, 22.48048183787337 ] ] } },
{ "type": "Feature", "properties": { "ward": 109, "source_sheet": "109_Haltu.pdf p1", "source": "KMC ward sewerage network map (ArcMap GeoPDF)", "extraction_method": "geopdf_vector", "georef_max_residual_m": 0.3, "conduit_type": "pipe", "pipe_diameter_mm": 300.0, "diameter_source": "legend_colour", "diameter_candidates_mm": null, "label_diameter_mm": 300.0, "label_agrees": true, "scheme": null, "flow_arrow": "end" }, "geometry": { "type": "LineString", "coordinates": [ [ 88.390823545279403, 22.480606896767451 ], [ 88.390922756407647, 22.480530339298692 ], [ 88.391025635343297, 22.480450309284251 ], [ 88.391135850289061, 22.480363333793232 ], [ 88.391271810719317, 22.480258931415847 ], [ 88.391323579568038, 22.48025160596416 ], [ 88.391378808203868, 22.480220161745805 ], [ 88.39147448944118, 22.480160840773216 ], [ 88.391581278650591, 22.480101424866206 ], [ 88.391673291519851, 22.480045576573527 ], [ 88.391787416627324, 22.479979215099306 ], [ 88.391897838892504, 22.479912885231773 ], [ 88.392008261049838, 22.479846555293403 ], [ 88.392107679025031, 22.479790643398328 ] ] } },
{ "type": "Feature", "properties": { "ward": 109, "source_sheet": "109_Haltu.pdf p1", "source": "KMC ward sewerage network map (ArcMap GeoPDF)", "extraction_method": "geopdf_vector", "georef_max_residual_m": 0.3, "conduit_type": "pipe", "pipe_diameter_mm": 400.0, "diameter_source": "legend_colour", "diameter_candidates_mm": null, "label_diameter_mm": 400.0, "label_agrees": true, "scheme": null, "flow_arrow": "end" }, "geometry": { "type": "LineString", "coordinates": [ [ 88.391362930684224, 22.48048183787337 ], [ 88.391451379892871, 22.480439785388526 ], [ 88.391547234689753, 22.480397669649687 ], [ 88.391566719567933, 22.480493859873672 ], [ 88.391590046143264, 22.480603782582342 ], [ 88.391727879908871, 22.480685195071953 ], [ 88.391854501632295, 22.480756379286024 ], [ 88.392040054931826, 22.480796087404354 ], [ 88.392233013678847, 22.48083573177874 ], [ 88.392411092388372, 22.4808686207591 ], [ 88.39248532074852, 22.480885191963651 ], [ 88.392563251726017, 22.48090173143536 ] ] } },
{ "type": "Feature", "properties": { "ward": 109, "source_sheet": "109_Haltu.pdf p1", "source": "KMC ward sewerage network map (ArcMap GeoPDF)", "extraction_method": "geopdf_vector", "georef_max_residual_m": 0.3, "conduit_type": "pipe", "pipe_diameter_mm": 300.0, "diameter_source": "legend_colour", "diameter_candidates_mm": null, "label_diameter_mm": null, "label_agrees": null, "scheme": null, "flow_arrow": "end" }, "geometry": { "type": "LineString", "coordinates": [ [ 88.391116755065383, 22.48067321588946 ], [ 88.39124901305091, 22.480568845184525 ], [ 88.391362930684224, 22.48048183787337 ] ] } },
{ "type": "Feature", "properties": { "ward": 109, "source_sheet": "109_Haltu.pdf p1", "source": "KMC ward sewerage network map (ArcMap GeoPDF)", "extraction_method": "geopdf_vector", "georef_max_residual_m": 0.3, "conduit_type": "pipe", "pipe_diameter_mm": 300.0, "diameter_source": "legend_colour", "diameter_candidates_mm": null, "label_diameter_mm": 300.0, "label_agrees": true, "scheme": null, "flow_arrow": "end" }, "geometry": { "type": "LineString", "coordinates": [ [ 88.391616989860538, 22.481439792641808 ], [ 88.391526458667286, 22.481275383896786 ] ] } },
{ "type": "Feature", "properties": { "ward": 109, "source_sheet": "109_Haltu.pdf p1", "source": "KMC ward sewerage network map (ArcMap GeoPDF)", "extraction_method": "geopdf_vector", "georef_max_residual_m": 0.3, "conduit_type": "pipe", "pipe_diameter_mm": 300.0, "diameter_source": "legend_colour", "diameter_candidates_mm": null, "label_diameter_mm": 300.0, "label_agrees": true, "scheme": null, "flow_arrow": "end" }, "geometry": { "type": "LineString", "coordinates": [ [ 88.391375261509438, 22.480970399777487 ], [ 88.391450842657193, 22.481121171303744 ], [ 88.391526458667286, 22.481275383896786 ] ] } },
{ "type": "Feature", "properties": { "ward": 109, "source_sheet": "109_Haltu.pdf p1", "source": "KMC ward sewerage network map (ArcMap GeoPDF)", "extraction_method": "geopdf_vector", "georef_max_residual_m": 0.3, "conduit_type": "pipe", "pipe_diameter_mm": 800.0, "diameter_source": "legend_colour", "diameter_candidates_mm": null, "label_diameter_mm": 800.0, "label_agrees": true, "scheme": "KEIIP", "flow_arrow": "end" }, "geometry": { "type": "LineString", "coordinates": [ [ 88.395525675072008, 22.481998211822461 ], [ 88.395591385429782, 22.481904732524615 ], [ 88.395620624780904, 22.481866627190009 ], [ 88.395722840680975, 22.481721214822361 ], [ 88.395795817137483, 22.481613907908649 ], [ 88.395916233315873, 22.481437367460479 ], [ 88.395871313123564, 22.481389574569686 ], [ 88.395977370392103, 22.481257894428083 ], [ 88.396043219321129, 22.481178178967486 ], [ 88.396065157449939, 22.481150460153348 ], [ 88.396098099275818, 22.481112322963455 ], [ 88.396251804459325, 22.480932055307346 ], [ 88.395219781577012, 22.480311149981976 ] ] } },
{ "type": "Feature", "properties": { "ward": 109, "source_sheet": "109_Haltu.pdf p1", "source": "KMC ward sewerage network map (ArcMap GeoPDF)", "extraction_method": "geopdf_vector", "georef_max_residual_m": 0.3, "conduit_type": "pipe", "pipe_diameter_mm": 300.0, "diameter_source": "legend_colour", "diameter_candidates_mm": null, "label_diameter_mm": 300.0, "label_agrees": true, "scheme": null, "flow_arrow": "end" }, "geometry": { "type": "LineString", "coordinates": [ [ 88.395781199185208, 22.483830239824698 ], [ 88.395629349025938, 22.483828101496496 ], [ 88.395481236485097, 22.483829372361321 ], [ 88.395362746413838, 22.483830388955532 ], [ 88.395236816045298, 22.483828028027077 ], [ 88.395129399667283, 22.483825508049151 ], [ 88.395014577631102, 22.483823051661634 ], [ 88.394877503991481, 22.483817344622089 ], [ 88.394740430203441, 22.483811637610067 ], [ 88.394618202662301, 22.483809244300321 ], [ 88.394503380627171, 22.483806787547394 ], [ 88.394388523825157, 22.483800889604456 ], [ 88.394346888982582, 22.483711772419664 ], [ 88.394345985119799, 22.483622305902838 ], [ 88.394345185553888, 22.483543162566107 ], [ 88.394344420753072, 22.483467460050022 ], [ 88.394343516904129, 22.48337799367377 ] ] } },
{ "type": "Feature", "properties": { "ward": 109, "source_sheet": "109_Haltu.pdf p1", "source": "KMC ward sewerage network map (ArcMap GeoPDF)", "extraction_method": "geopdf_vector", "georef_max_residual_m": 0.3, "conduit_type": "pipe", "pipe_diameter_mm": 300.0, "diameter_source": "legend_colour", "diameter_candidates_mm": null, "label_diameter_mm": 300.0, "label_agrees": true, "scheme": null, "flow_arrow": "end" }, "geometry": { "type": "LineString", "coordinates": [ [ 88.398501766998862, 22.488824299563305 ], [ 88.398235120275842, 22.488823151158037 ], [ 88.397931409246354, 22.488818879830966 ], [ 88.397605515457485, 22.488818239698414 ], [ 88.397309245151121, 22.488817344503754 ], [ 88.397046301294267, 22.488816162310904 ], [ 88.396749996103807, 22.488811825128483 ], [ 88.396446319802408, 22.488810991814258 ], [ 88.396431508116393, 22.488811119008009 ] ] } },
{ "type": "Feature", "properties": { "ward": 109, "source_sheet": "109_Haltu.pdf p1", "source": "KMC ward sewerage network map (ArcMap GeoPDF)", "extraction_method": "geopdf_vector", "georef_max_residual_m": 0.3, "conduit_type": "pipe", "pipe_diameter_mm": 300.0, "diameter_source": "legend_colour", "diameter_candidates_mm": null, "label_diameter_mm": 300.0, "label_agrees": true, "scheme": null, "flow_arrow": "end" }, "geometry": { "type": "LineString", "coordinates": [ [ 88.398502667644962, 22.489278544525366 ], [ 88.398165594200677, 22.489271119207469 ], [ 88.397835926690675, 22.489263629519726 ], [ 88.397550729516553, 22.489259198221752 ], [ 88.397272938119187, 22.489254702925816 ], [ 88.396969191228891, 22.489246988586288 ], [ 88.396709914671376, 22.489242333258613 ], [ 88.396465415165508, 22.489234109211036 ], [ 88.396235831858419, 22.489236080636406 ] ] } },
{ "type": "Feature", "properties": { "ward": 109, "source_sheet": "109_Haltu.pdf p1", "source": "KMC ward sewerage network map (ArcMap GeoPDF)", "extraction_method": "geopdf_vector", "georef_max_residual_m": 0.3, "conduit_type": "pipe", "pipe_diameter_mm": 300.0, "diameter_source": "legend_colour", "diameter_candidates_mm": null, "label_diameter_mm": 300.0, "label_agrees": true, "scheme": null, "flow_arrow": "end" }, "geometry": { "type": "LineString", "coordinates": [ [ 88.400359894062277, 22.484355255977597 ], [ 88.400245595379005, 22.484404418397208 ], [ 88.400127628834781, 22.484457053571777 ], [ 88.399969314906258, 22.484547890517586 ], [ 88.399969349810135, 22.48455133147365 ] ] } },
{ "type": "Feature", "properties": { "ward": 109, "source_sheet": "109_Haltu.pdf p1", "source": "KMC ward sewerage network map (ArcMap GeoPDF)", "extraction_method": "geopdf_vector", "georef_max_residual_m": 0.3, "conduit_type": "pipe", "pipe_diameter_mm": 300.0, "diameter_source": "legend_colour", "diameter_candidates_mm": null, "label_diameter_mm": 300.0, "label_agrees": true, "scheme": null, "flow_arrow": "end" }, "geometry": { "type": "LineString", "coordinates": [ [ 88.401665204171891, 22.483438947501501 ], [ 88.401736710457925, 22.483551894368752 ], [ 88.401796968627949, 22.4836511729835 ], [ 88.401838363464066, 22.483716201039634 ], [ 88.401894849216319, 22.483808629472673 ], [ 88.401988992102275, 22.48396267671248 ], [ 88.402088932884439, 22.483958373900361 ] ] } },
{ "type": "Feature", "properties": { "ward": 109, "source_sheet": "109_Haltu.pdf p1", "source": "KMC ward sewerage network map (ArcMap GeoPDF)", "extraction_method": "geopdf_vector", "georef_max_residual_m": 0.3, "conduit_type": "pipe", "pipe_diameter_mm": 300.0, "diameter_source": "legend_colour", "diameter_candidates_mm": null, "label_diameter_mm": 300.0, "label_agrees": true, "scheme": null, "flow_arrow": "end" }, "geometry": { "type": "LineString", "coordinates": [ [ 88.401350117258133, 22.48340724954743 ], [ 88.401797704257447, 22.484088212751953 ] ] } },
{ "type": "Feature", "properties": { "ward": 109, "source_sheet": "109_Haltu.pdf p1", "source": "KMC ward sewerage network map (ArcMap GeoPDF)", "extraction_method": "geopdf_vector", "georef_max_residual_m": 0.3, "conduit_type": "pipe", "pipe_diameter_mm": 500.0, "diameter_source": "legend_colour", "diameter_candidates_mm": null, "label_diameter_mm": 500.0, "label_agrees": true, "scheme": "KEIIP", "flow_arrow": "end" }, "geometry": { "type": "LineString", "coordinates": [ [ 88.406997865215587, 22.492536436765157 ], [ 88.407075593703368, 22.492532322832641 ], [ 88.407138510014988, 22.492528336918607 ], [ 88.407205129364769, 22.492524319072466 ], [ 88.407316185053119, 22.492519916562198 ], [ 88.407449423873047, 22.492511880551813 ], [ 88.407571553394845, 22.492503940612327 ], [ 88.407745525460044, 22.492495551700035 ], [ 88.407912161488667, 22.492494108762312 ] ] } },
{ "type": "Feature", "properties": { "ward": 109, "source_sheet": "109_Haltu.pdf p1", "source": "KMC ward sewerage network map (ArcMap GeoPDF)", "extraction_method": "geopdf_vector", "georef_max_residual_m": 0.3, "conduit_type": "pipe", "pipe_diameter_mm": 900.0, "diameter_source": "legend_colour", "diameter_candidates_mm": null, "label_diameter_mm": 900.0, "label_agrees": true, "scheme": "KEIIP", "flow_arrow": "end" }, "geometry": { "type": "LineString", "coordinates": [ [ 88.406141896244662, 22.476858384370139 ], [ 88.406215995749903, 22.477225963498984 ], [ 88.406282269828907, 22.477552314607053 ], [ 88.406315465883196, 22.477903040835233 ], [ 88.406331608412884, 22.478033670877966 ], [ 88.406343978216469, 22.478157450885274 ], [ 88.406356488101054, 22.478294994973901 ], [ 88.40637291115371, 22.478453153025782 ], [ 88.406385561475261, 22.478604461042941 ], [ 88.406393632674011, 22.478669776053508 ], [ 88.406402089624081, 22.478772942074162 ] ] } },
{ "type": "Feature", "properties": { "ward": 109, "source_sheet": "109_Haltu.pdf p1", "source": "KMC ward sewerage network map (ArcMap GeoPDF)", "extraction_method": "geopdf_vector", "georef_max_residual_m": 0.3, "conduit_type": "pipe", "pipe_diameter_mm": 600.0, "diameter_source": "legend_colour", "diameter_candidates_mm": null, "label_diameter_mm": 600.0, "label_agrees": true, "scheme": "KEIIP", "flow_arrow": "end" }, "geometry": { "type": "LineString", "coordinates": [ [ 88.402111064235314, 22.496704775650894 ], [ 88.402046606815873, 22.496557355560579 ], [ 88.401985957619289, 22.496420226629287 ], [ 88.401925273419437, 22.496279656433195 ], [ 88.401864694418208, 22.496149409335995 ], [ 88.401838107954546, 22.49608425398802 ] ] } },
{ "type": "Feature", "properties": { "ward": 109, "source_sheet": "109_Haltu.pdf p1", "source": "KMC ward sewerage network map (ArcMap GeoPDF)", "extraction_method": "geopdf_vector", "georef_max_residual_m": 0.3, "conduit_type": "pipe", "pipe_diameter_mm": 300.0, "diameter_source": "legend_colour", "diameter_candidates_mm": null, "label_diameter_mm": 300.0, "label_agrees": true, "scheme": null, "flow_arrow": "end" }, "geometry": { "type": "LineString", "coordinates": [ [ 88.397090386774693, 22.498654484871615 ], [ 88.396909313091669, 22.498693895360283 ], [ 88.396783543390526, 22.498708741248297 ], [ 88.396756366418344, 22.498585087748719 ], [ 88.396729049953422, 22.498447670135171 ], [ 88.396713435749589, 22.498368654295845 ] ] } },
{ "type": "Feature", "properties": { "ward": 109, "source_sheet": "109_Haltu.pdf p1", "source": "KMC ward sewerage network map (ArcMap GeoPDF)", "extraction_method": "geopdf_vector", "georef_max_residual_m": 0.3, "conduit_type": "pipe", "pipe_diameter_mm": 300.0, "diameter_source": "legend_colour", "diameter_candidates_mm": null, "label_diameter_mm": 300.0, "label_agrees": true, "scheme": null, "flow_arrow": "end" }, "geometry": { "type": "LineString", "coordinates": [ [ 88.409398159790712, 22.488599450725363 ], [ 88.409286931667282, 22.488586649519743 ], [ 88.409179441633256, 22.488577257229256 ], [ 88.409083060255838, 22.488567768601303 ] ] } },
{ "type": "Feature", "properties": { "ward": 109, "source_sheet": "109_Haltu.pdf p1", "source": "KMC ward sewerage network map (ArcMap GeoPDF)", "extraction_method": "geopdf_vector", "georef_max_residual_m": 0.3, "conduit_type": "pipe", "pipe_diameter_mm": 400.0, "diameter_source": "legend_colour", "diameter_candidates_mm": null, "label_diameter_mm": 400.0, "label_agrees": true, "scheme": "KEIIP", "flow_arrow": "end" }, "geometry": { "type": "LineString", "coordinates": [ [ 88.394590292750536, 22.489109107438637 ], [ 88.394512009008636, 22.489058159015048 ], [ 88.394371157678378, 22.489045601639123 ], [ 88.394219266996728, 22.489040021308618 ], [ 88.394195154375424, 22.489219176322536 ], [ 88.394167581957433, 22.489422450248828 ], [ 88.394150770893816, 22.48959121872829 ], [ 88.394140600703508, 22.48968422139064 ], [ 88.394145451076866, 22.489797743124431 ], [ 88.394147293863909, 22.489980116854351 ], [ 88.394118052519232, 22.490018221991438 ], [ 88.394140861424631, 22.490076528728363 ], [ 88.394134116053138, 22.490141971510834 ] ] } },
{ "type": "Feature", "properties": { "ward": 109, "source_sheet": "109_Haltu.pdf p1", "source": "KMC ward sewerage network map (ArcMap GeoPDF)", "extraction_method": "geopdf_vector", "georef_max_residual_m": 0.3, "conduit_type": "pipe", "pipe_diameter_mm": 450.0, "diameter_source": "legend_colour", "diameter_candidates_mm": null, "label_diameter_mm": 450.0, "label_agrees": true, "scheme": "KEIIP", "flow_arrow": "end" }, "geometry": { "type": "LineString", "coordinates": [ [ 88.400817029917292, 22.498378080974071 ], [ 88.400752537856391, 22.498227219274046 ], [ 88.400688046099305, 22.498076357680379 ], [ 88.400623589434645, 22.49792893714379 ], [ 88.400562870892031, 22.497784925473738 ], [ 88.400490833433352, 22.497620363497276 ], [ 88.400430115334586, 22.497476351900012 ], [ 88.400369397369047, 22.497332340270951 ], [ 88.400308714314818, 22.49719176941823 ] ] } },
{ "type": "Feature", "properties": { "ward": 109, "source_sheet": "109_Haltu.pdf p1", "source": "KMC ward sewerage network map (ArcMap GeoPDF)", "extraction_method": "geopdf_vector", "georef_max_residual_m": 0.3, "conduit_type": "pipe", "pipe_diameter_mm": 400.0, "diameter_source": "legend_colour", "diameter_candidates_mm": null, "label_diameter_mm": 400.0, "label_agrees": true, "scheme": "KEIIP", "flow_arrow": "end" }, "geometry": { "type": "LineString", "coordinates": [ [ 88.401059970450078, 22.497866674381275 ], [ 88.400988002272783, 22.497708994702187 ], [ 88.400919772403967, 22.49755472415864 ], [ 88.400866739700263, 22.497438176801133 ], [ 88.400813672297886, 22.497318188469297 ], [ 88.400753093648945, 22.497187940941604 ], [ 88.400696253391104, 22.497061102567329 ], [ 88.400646504945655, 22.496903231232803 ], [ 88.400563113836469, 22.496714678034451 ], [ 88.400479757902914, 22.496529565727329 ] ] } },
{ "type": "Feature", "properties": { "ward": 109, "source_sheet": "109_Haltu.pdf p1", "source": "KMC ward sewerage network map (ArcMap GeoPDF)", "extraction_method": "geopdf_vector", "georef_max_residual_m": 0.3, "conduit_type": "pipe", "pipe_diameter_mm": 300.0, "diameter_source": "legend_colour", "diameter_candidates_mm": null, "label_diameter_mm": 300.0, "label_agrees": true, "scheme": null, "flow_arrow": "end" }, "geometry": { "type": "LineString", "coordinates": [ [ 88.413557223708878, 22.480675899259598 ], [ 88.413868039033787, 22.480652549866104 ] ] } },
{ "type": "Feature", "properties": { "ward": 109, "source_sheet": "109_Haltu.pdf p1", "source": "KMC ward sewerage network map (ArcMap GeoPDF)", "extraction_method": "geopdf_vector", "georef_max_residual_m": 0.3, "conduit_type": "pipe", "pipe_diameter_mm": 300.0, "diameter_source": "legend_colour", "diameter_candidates_mm": null, "label_diameter_mm": 300.0, "label_agrees": true, "scheme": null, "flow_arrow": "end" }, "geometry": { "type": "LineString", "coordinates": [ [ 88.391201152167042, 22.493085326169542 ], [ 88.391016484594189, 22.493135084501208 ], [ 88.390857668933762, 22.493177738964359 ], [ 88.390695150079637, 22.493220424805052 ], [ 88.390547374096656, 22.493256101877222 ], [ 88.390421816563233, 22.493291588819698 ], [ 88.390285149689319, 22.493327170514789 ] ] } },
{ "type": "Feature", "properties": { "ward": 109, "source_sheet": "109_Haltu.pdf p1", "source": "KMC ward sewerage network map (ArcMap GeoPDF)", "extraction_method": "geopdf_vector", "georef_max_residual_m": 0.3, "conduit_type": "pipe", "pipe_diameter_mm": 300.0, "diameter_source": "legend_colour", "diameter_candidates_mm": null, "label_diameter_mm": 300.0, "label_agrees": true, "scheme": null, "flow_arrow": "end" }, "geometry": { "type": "LineString", "coordinates": [ [ 88.39838208742124, 22.497476775673263 ], [ 88.398415450996808, 22.497479929926659 ], [ 88.398452552496778, 22.497486493413867 ], [ 88.398487346411883, 22.49763072900879 ], [ 88.398495938914223, 22.497747659404698 ], [ 88.398500479486074, 22.497830211699085 ] ] } },
{ "type": "Feature", "properties": { "ward": 109, "source_sheet": "109_Haltu.pdf p1", "source": "KMC ward sewerage network map (ArcMap GeoPDF)", "extraction_method": "geopdf_vector", "georef_max_residual_m": 0.3, "conduit_type": "pipe", "pipe_diameter_mm": 450.0, "diameter_source": "legend_colour", "diameter_candidates_mm": null, "label_diameter_mm": 450.0, "label_agrees": true, "scheme": null, "flow_arrow": "end" }, "geometry": { "type": "LineString", "coordinates": [ [ 88.406607005497051, 22.493792451612887 ], [ 88.406762533931683, 22.493791105901462 ], [ 88.406918027417191, 22.493786319096852 ], [ 88.407069852902893, 22.493785005134082 ], [ 88.40721797530199, 22.493783723081549 ], [ 88.407351285544493, 22.493782569117133 ], [ 88.40750307573613, 22.493777813663396 ], [ 88.407669713471805, 22.493776370896576 ], [ 88.407773399088242, 22.493775473088757 ], [ 88.407880787773351, 22.493774543145946 ], [ 88.407991879526563, 22.493773581060747 ], [ 88.408091862052956, 22.493772715119025 ], [ 88.408191809605768, 22.493768408174013 ], [ 88.408273276908403, 22.493767702495042 ], [ 88.408310307485394, 22.493767381718389 ] ] } },
{ "type": "Feature", "properties": { "ward": 109, "source_sheet": "109_Haltu.pdf p1", "source": "KMC ward sewerage network map (ArcMap GeoPDF)", "extraction_method": "geopdf_vector", "georef_max_residual_m": 0.3, "conduit_type": "pipe", "pipe_diameter_mm": 600.0, "diameter_source": "legend_colour", "diameter_candidates_mm": null, "label_diameter_mm": 600.0, "label_agrees": true, "scheme": null, "flow_arrow": "end" }, "geometry": { "type": "LineString", "coordinates": [ [ 88.412355835954926, 22.479795040105177 ], [ 88.412123024638333, 22.479841798306243 ], [ 88.412015893255941, 22.479866817536305 ], [ 88.411831005474497, 22.47989251165729 ], [ 88.411723733241104, 22.479903766648558 ], [ 88.411609020402452, 22.479911644755575 ], [ 88.411498045427919, 22.47992293173337 ], [ 88.411383297528928, 22.479927368882109 ], [ 88.411275954708458, 22.479931741553973 ], [ 88.411161206785735, 22.479936178545323 ], [ 88.411053863942712, 22.479940551069955 ], [ 88.410983618438294, 22.479951484346383 ], [ 88.410876451555737, 22.479973061748311 ], [ 88.410761879230265, 22.479994703312379 ], [ 88.410617755709765, 22.480023483725997 ], [ 88.410455048441861, 22.480045542672631 ], [ 88.410277600592508, 22.480074611762721 ], [ 88.410162746876694, 22.480068724936789 ], [ 88.410093708347802, 22.479835315050039 ], [ 88.409775277540092, 22.479838075343213 ], [ 88.409538305636119, 22.479840129107895 ], [ 88.40931614450885, 22.479842054195636 ] ] } },
{ "type": "Feature", "properties": { "ward": 109, "source_sheet": "109_Haltu.pdf p1", "source": "KMC ward sewerage network map (ArcMap GeoPDF)", "extraction_method": "geopdf_vector", "georef_max_residual_m": 0.3, "conduit_type": "pipe", "pipe_diameter_mm": 300.0, "diameter_source": "legend_colour", "diameter_candidates_mm": null, "label_diameter_mm": 300.0, "label_agrees": true, "scheme": null, "flow_arrow": "end" }, "geometry": { "type": "LineString", "coordinates": [ [ 88.398666372980102, 22.499215630334511 ], [ 88.398548079335868, 22.499237295932943 ], [ 88.398440895356117, 22.499258866013452 ], [ 88.398270861301469, 22.499291300425586 ], [ 88.398185861606692, 22.499309238114353 ], [ 88.398060196349363, 22.499334408019305 ], [ 88.397956889683442, 22.499373150842981 ], [ 88.397820463366884, 22.499432826354745 ], [ 88.397698779993547, 22.499485492197095 ], [ 88.397562144221837, 22.499524521351137 ], [ 88.397384877428365, 22.499574223585693 ], [ 88.397218755100582, 22.499627271234907 ], [ 88.397060004120277, 22.499676813967675 ], [ 88.396893602540032, 22.49970233323177 ], [ 88.396760495287808, 22.499724124844747 ], [ 88.396642165988723, 22.499742348124535 ] ] } },
{ "type": "Feature", "properties": { "ward": 109, "source_sheet": "109_Haltu.pdf p1", "source": "KMC ward sewerage network map (ArcMap GeoPDF)", "extraction_method": "geopdf_vector", "georef_max_residual_m": 0.3, "conduit_type": "pipe", "pipe_diameter_mm": 400.0, "diameter_source": "legend_colour", "diameter_candidates_mm": null, "label_diameter_mm": 400.0, "label_agrees": true, "scheme": null, "flow_arrow": "end" }, "geometry": { "type": "LineString", "coordinates": [ [ 88.416171508807864, 22.487167523456861 ], [ 88.416155567383029, 22.487057540945081 ], [ 88.416139626142765, 22.486947558427637 ], [ 88.416123261088202, 22.486796284160388 ], [ 88.416110881406084, 22.486672505518914 ], [ 88.416102381308633, 22.486565899567847 ], [ 88.416093916380461, 22.486462734546926 ], [ 88.416085451469399, 22.486359569523643 ], [ 88.416077057185277, 22.486263286360817 ], [ 88.416072330472005, 22.486163530161615 ], [ 88.416063689084183, 22.486043160187357 ], [ 88.416059139072885, 22.485960608784143 ], [ 88.416047006693447, 22.48586091692675 ], [ 88.416038471272586, 22.485750869883105 ], [ 88.416029829962355, 22.485630500041601 ], [ 88.416017415379187, 22.485503280289432 ], [ 88.416001262532262, 22.485372651846138 ], [ 88.415988883160367, 22.485248873161996 ], [ 88.415961304339348, 22.48508737247235 ], [ 88.415937357820624, 22.484918957665815 ] ] } },
{ "type": "Feature", "properties": { "ward": 109, "source_sheet": "109_Haltu.pdf p1", "source": "KMC ward sewerage network map (ArcMap GeoPDF)", "extraction_method": "geopdf_vector", "georef_max_residual_m": 0.3, "conduit_type": "pipe", "pipe_diameter_mm": 300.0, "diameter_source": "legend_colour", "diameter_candidates_mm": null, "label_diameter_mm": 300.0, "label_agrees": true, "scheme": null, "flow_arrow": "end" }, "geometry": { "type": "LineString", "coordinates": [ [ 88.412682811910358, 22.481351108168433 ], [ 88.412578794890479, 22.480594926174579 ], [ 88.412554923949415, 22.480433392545656 ], [ 88.412538951243008, 22.480319968461021 ], [ 88.412522837892908, 22.4801927803266 ], [ 88.412510779193752, 22.480099969999685 ], [ 88.412513777762825, 22.480031118052452 ], [ 88.412516705917383, 22.47995538408253 ], [ 88.412515896166852, 22.47987624118516 ] ] } },
{ "type": "Feature", "properties": { "ward": 109, "source_sheet": "109_Haltu.pdf p1", "source": "KMC ward sewerage network map (ArcMap GeoPDF)", "extraction_method": "geopdf_vector", "georef_max_residual_m": 0.3, "conduit_type": "pipe", "pipe_diameter_mm": 400.0, "diameter_source": "legend_colour", "diameter_candidates_mm": null, "label_diameter_mm": 400.0, "label_agrees": true, "scheme": null, "flow_arrow": "end" }, "geometry": { "type": "LineString", "coordinates": [ [ 88.412582168935742, 22.479115138807714 ], [ 88.412636400260254, 22.479348676086346 ], [ 88.41266348094382, 22.479462003700412 ], [ 88.412686788414646, 22.479568481588267 ], [ 88.412710025656438, 22.479668077302964 ], [ 88.412737035900193, 22.479774523017038 ], [ 88.412752585975412, 22.479846655099628 ] ] } },
{ "type": "Feature", "properties": { "ward": 109, "source_sheet": "109_Haltu.pdf p1", "source": "KMC ward sewerage network map (ArcMap GeoPDF)", "extraction_method": "geopdf_vector", "georef_max_residual_m": 0.3, "conduit_type": "pipe", "pipe_diameter_mm": 400.0, "diameter_source": "legend_colour", "diameter_candidates_mm": null, "label_diameter_mm": 400.0, "label_agrees": true, "scheme": null, "flow_arrow": "end" }, "geometry": { "type": "LineString", "coordinates": [ [ 88.412017936454049, 22.478256271985142 ], [ 88.412052879037489, 22.478414268416877 ], [ 88.412083802305204, 22.4785413279388 ], [ 88.412118533886257, 22.478678678413264 ], [ 88.412157144191752, 22.478833201717212 ], [ 88.412184400348096, 22.478963734432504 ], [ 88.412230838400504, 22.479159485268227 ], [ 88.412269484191583, 22.479317449319744 ], [ 88.412308024480339, 22.479465090534692 ], [ 88.412320012563981, 22.47955101901389 ], [ 88.412335914564068, 22.479657561121424 ], [ 88.412348078543289, 22.479760694438308 ], [ 88.412355835954926, 22.479795040105177 ] ] } },
{ "type": "Feature", "properties": { "ward": 109, "source_sheet": "109_Haltu.pdf p1", "source": "KMC ward sewerage network map (ArcMap GeoPDF)", "extraction_method": "geopdf_vector", "georef_max_residual_m": 0.3, "conduit_type": "pipe", "pipe_diameter_mm": 300.0, "diameter_source": "legend_colour", "diameter_candidates_mm": null, "label_diameter_mm": 300.0, "label_agrees": true, "scheme": null, "flow_arrow": "end" }, "geometry": { "type": "LineString", "coordinates": [ [ 88.40193893116907, 22.483409057765041 ], [ 88.402225272609954, 22.483891813621835 ], [ 88.402225307568443, 22.483895254574854 ] ] } },
{ "type": "Feature", "properties": { "ward": 109, "source_sheet": "109_Haltu.pdf p1", "source": "KMC ward sewerage network map (ArcMap GeoPDF)", "extraction_method": "geopdf_vector", "georef_max_residual_m": 0.3, "conduit_type": "pipe", "pipe_diameter_mm": 300.0, "diameter_source": "legend_colour", "diameter_candidates_mm": null, "label_diameter_mm": 300.0, "label_agrees": true, "scheme": null, "flow_arrow": "end" }, "geometry": { "type": "LineString", "coordinates": [ [ 88.399660902337047, 22.484079085671837 ], [ 88.399728634780345, 22.484185183297608 ], [ 88.399796332585154, 22.48428783993052 ], [ 88.399856485059544, 22.48437679630414 ], [ 88.399912934772445, 22.484465784379797 ], [ 88.399969349810135, 22.48455133147365 ], [ 88.400033449702349, 22.484664343014412 ], [ 88.400086127144519, 22.484746480834072 ], [ 88.400146454559987, 22.484852642140218 ] ] } },
{ "type": "Feature", "properties": { "ward": 109, "source_sheet": "109_Haltu.pdf p1", "source": "KMC ward sewerage network map (ArcMap GeoPDF)", "extraction_method": "geopdf_vector", "georef_max_residual_m": 0.3, "conduit_type": "pipe", "pipe_diameter_mm": 300.0, "diameter_source": "legend_colour", "diameter_candidates_mm": null, "label_diameter_mm": 300.0, "label_agrees": true, "scheme": null, "flow_arrow": "end" }, "geometry": { "type": "LineString", "coordinates": [ [ 88.390819780473848, 22.480968267501947 ], [ 88.390919407791372, 22.480933002395197 ], [ 88.391026440573086, 22.480897674045227 ], [ 88.391109565549797, 22.481062146451677 ], [ 88.3911851117916, 22.481209477142503 ], [ 88.391272009299215, 22.481380799999204 ] ] } },
{ "type": "Feature", "properties": { "ward": 109, "source_sheet": "109_Haltu.pdf p1", "source": "KMC ward sewerage network map (ArcMap GeoPDF)", "extraction_method": "geopdf_vector", "georef_max_residual_m": 0.3, "conduit_type": "pipe", "pipe_diameter_mm": 300.0, "diameter_source": "legend_colour", "diameter_candidates_mm": null, "label_diameter_mm": 300.0, "label_agrees": true, "scheme": null, "flow_arrow": "end" }, "geometry": { "type": "LineString", "coordinates": [ [ 88.390583415736629, 22.480295789450931 ], [ 88.390701036340474, 22.480208750942296 ], [ 88.390822324707202, 22.48011823958285 ], [ 88.390958285313786, 22.480013837465783 ], [ 88.39112365919263, 22.479888535817537 ], [ 88.391296680998252, 22.479787257758879 ], [ 88.391454995857245, 22.479696429412172 ], [ 88.391624314602012, 22.479595182694261 ], [ 88.391793667634744, 22.479497376924684 ], [ 88.391937240347175, 22.479413556791428 ] ] } },
{ "type": "Feature", "properties": { "ward": 109, "source_sheet": "109_Haltu.pdf p1", "source": "KMC ward sewerage network map (ArcMap GeoPDF)", "extraction_method": "geopdf_vector", "georef_max_residual_m": 0.3, "conduit_type": "pipe", "pipe_diameter_mm": 450.0, "diameter_source": "legend_colour", "diameter_candidates_mm": null, "label_diameter_mm": 450.0, "label_agrees": true, "scheme": "KEIIP", "flow_arrow": "end" }, "geometry": { "type": "LineString", "coordinates": [ [ 88.393527406030188, 22.483237011281016 ], [ 88.39362277541484, 22.483146719872611 ], [ 88.393707140638767, 22.483066846781441 ], [ 88.393798841885797, 22.482980028114845 ], [ 88.393886909558987, 22.482900123065956 ], [ 88.393967571677393, 22.482820281583393 ], [ 88.394051971260467, 22.482743849294224 ], [ 88.394136335838496, 22.482663975857328 ], [ 88.394231704591775, 22.482573684264342 ], [ 88.394316068963704, 22.482493810742195 ], [ 88.394451855170473, 22.482372200610207 ], [ 88.394580270176363, 22.482254094978401 ], [ 88.39471605576334, 22.482132484645206 ], [ 88.394844505250575, 22.482017819785462 ], [ 88.394961915742343, 22.481910132171993 ], [ 88.39504994729181, 22.481826785580992 ] ] } },
{ "type": "Feature", "properties": { "ward": 109, "source_sheet": "109_Haltu.pdf p1", "source": "KMC ward sewerage network map (ArcMap GeoPDF)", "extraction_method": "geopdf_vector", "georef_max_residual_m": 0.3, "conduit_type": "pipe", "pipe_diameter_mm": 300.0, "diameter_source": "legend_colour", "diameter_candidates_mm": null, "label_diameter_mm": null, "label_agrees": null, "scheme": null, "flow_arrow": "end" }, "geometry": { "type": "LineString", "coordinates": [ [ 88.391704736304433, 22.480960698570211 ], [ 88.391799282509979, 22.481156044838691 ] ] } },
{ "type": "Feature", "properties": { "ward": 109, "source_sheet": "109_Haltu.pdf p1", "source": "KMC ward sewerage network map (ArcMap GeoPDF)", "extraction_method": "geopdf_vector", "georef_max_residual_m": 0.3, "conduit_type": "pipe", "pipe_diameter_mm": 400.0, "diameter_source": "legend_colour", "diameter_candidates_mm": null, "label_diameter_mm": 400.0, "label_agrees": true, "scheme": null, "flow_arrow": "end" }, "geometry": { "type": "LineString", "coordinates": [ [ 88.391272009299215, 22.481380799999204 ], [ 88.391393714488871, 22.481331580404284 ], [ 88.391526458667286, 22.481275383896786 ], [ 88.391666573414625, 22.481215682672154 ], [ 88.391799282509979, 22.481156044838691 ], [ 88.391939362309728, 22.481092902418649 ], [ 88.392049958862486, 22.481043777547693 ], [ 88.392102699660171, 22.481132800546874 ], [ 88.392159143136922, 22.481221791692171 ], [ 88.392208077188158, 22.481300523288269 ], [ 88.392318673795941, 22.481251398230569 ], [ 88.392440343900759, 22.481198736899024 ], [ 88.392550975053183, 22.481153052658026 ], [ 88.392635791108688, 22.48111791344429 ] ] } },
{ "type": "Feature", "properties": { "ward": 109, "source_sheet": "109_Haltu.pdf p1", "source": "KMC ward sewerage network map (ArcMap GeoPDF)", "extraction_method": "geopdf_vector", "georef_max_residual_m": 0.3, "conduit_type": "pipe", "pipe_diameter_mm": 300.0, "diameter_source": "legend_colour", "diameter_candidates_mm": null, "label_diameter_mm": null, "label_agrees": null, "scheme": null, "flow_arrow": "end" }, "geometry": { "type": "LineString", "coordinates": [ [ 88.391957816939879, 22.481454083042586 ], [ 88.391889848785041, 22.481323894531808 ], [ 88.391799282509979, 22.481156044838691 ] ] } },
{ "type": "Feature", "properties": { "ward": 109, "source_sheet": "109_Haltu.pdf p1", "source": "KMC ward sewerage network map (ArcMap GeoPDF)", "extraction_method": "geopdf_vector", "georef_max_residual_m": 0.3, "conduit_type": "pipe", "pipe_diameter_mm": 600.0, "diameter_source": "legend_colour", "diameter_candidates_mm": null, "label_diameter_mm": 600.0, "label_agrees": true, "scheme": null, "flow_arrow": "end" }, "geometry": { "type": "LineString", "coordinates": [ [ 88.391755382290668, 22.479005595666671 ], [ 88.391846328448281, 22.479211296749767 ], [ 88.391937240347175, 22.479413556791428 ], [ 88.39197887223736, 22.479502674931688 ], [ 88.392047012983966, 22.479650068466814 ], [ 88.392107679025031, 22.479790643398328 ], [ 88.392160696964638, 22.479907194600816 ], [ 88.392217556550605, 22.48003747811082 ], [ 88.392285697840549, 22.480184871652845 ], [ 88.392357680859092, 22.480345997482242 ], [ 88.392429664053367, 22.48050712326792 ], [ 88.392517430406699, 22.480764470919922 ], [ 88.392563251726017, 22.48090173143536 ], [ 88.392635791108688, 22.48111791344429 ], [ 88.392784642511543, 22.481557127689932 ], [ 88.39287998931249, 22.48183161661731 ], [ 88.392885081084557, 22.481969225765727 ], [ 88.392893840935756, 22.482103362092026 ], [ 88.392898724393262, 22.48222032514272 ], [ 88.392911777273653, 22.482412927060963 ] ] } },
{ "type": "Feature", "properties": { "ward": 109, "source_sheet": "109_Haltu.pdf p1", "source": "KMC ward sewerage network map (ArcMap GeoPDF)", "extraction_method": "geopdf_vector", "georef_max_residual_m": 0.3, "conduit_type": "pipe", "pipe_diameter_mm": 2000.0, "diameter_source": "legend_colour", "diameter_candidates_mm": null, "label_diameter_mm": null, "label_agrees": null, "scheme": null, "flow_arrow": "end" }, "geometry": { "type": "LineString", "coordinates": [ [ 88.407466568961752, 22.490925293450314 ], [ 88.407501475370893, 22.491079849788239 ], [ 88.40754026038816, 22.491251578908098 ], [ 88.407598613565426, 22.491526377694345 ], [ 88.407686556069976, 22.491797478866605 ], [ 88.407705632753931, 22.491852374485219 ], [ 88.407721006583827, 22.491907302161309 ], [ 88.407766917337881, 22.492051439098152 ], [ 88.407816531227212, 22.492195543949837 ], [ 88.407912161488667, 22.492494108762312 ], [ 88.408011670829993, 22.492809846406224 ], [ 88.408141753385067, 22.493218234190131 ], [ 88.408191438389721, 22.493369220888578 ], [ 88.408310307485394, 22.493767381718389 ], [ 88.408368804030346, 22.494055943912233 ], [ 88.40829685032746, 22.494263045024223 ], [ 88.408220455702121, 22.494397917307822 ], [ 88.408151326627205, 22.494518961507367 ], [ 88.40806643676062, 22.494547227169516 ] ] } },
{ "type": "Feature", "properties": { "ward": 109, "source_sheet": "109_Haltu.pdf p1", "source": "KMC ward sewerage network map (ArcMap GeoPDF)", "extraction_method": "geopdf_vector", "georef_max_residual_m": 0.3, "conduit_type": "pipe", "pipe_diameter_mm": 300.0, "diameter_source": "legend_colour", "diameter_candidates_mm": null, "label_diameter_mm": 300.0, "label_agrees": true, "scheme": null, "flow_arrow": "end" }, "geometry": { "type": "LineString", "coordinates": [ [ 88.409415904343518, 22.493599500974568 ], [ 88.40917562767882, 22.493642879344044 ], [ 88.409105586000521, 22.493674458208158 ], [ 88.409032016938298, 22.493723273975121 ], [ 88.408711432280199, 22.493880910441003 ], [ 88.408896080059591, 22.494192468358985 ], [ 88.408623809694788, 22.494366892479864 ], [ 88.40859718553989, 22.494298297294232 ], [ 88.408456293200231, 22.494282311494469 ], [ 88.40829685032746, 22.494263045024223 ] ] } },
{ "type": "Feature", "properties": { "ward": 109, "source_sheet": "109_Haltu.pdf p1", "source": "KMC ward sewerage network map (ArcMap GeoPDF)", "extraction_method": "geopdf_vector", "georef_max_residual_m": 0.3, "conduit_type": "pipe", "pipe_diameter_mm": 450.0, "diameter_source": "legend_colour", "diameter_candidates_mm": null, "label_diameter_mm": 450.0, "label_agrees": true, "scheme": "KEIIP", "flow_arrow": "end" }, "geometry": { "type": "LineString", "coordinates": [ [ 88.406396216092602, 22.493095691496528 ], [ 88.406207501177263, 22.493111089138665 ], [ 88.406026227394818, 22.493129863455696 ], [ 88.405833809304767, 22.493145292545929 ], [ 88.405486038631423, 22.49317927100989 ] ] } },
{ "type": "Feature", "properties": { "ward": 109, "source_sheet": "109_Haltu.pdf p1", "source": "KMC ward sewerage network map (ArcMap GeoPDF)", "extraction_method": "geopdf_vector", "georef_max_residual_m": 0.3, "conduit_type": "pipe", "pipe_diameter_mm": 450.0, "diameter_source": "legend_colour", "diameter_candidates_mm": null, "label_diameter_mm": 450.0, "label_agrees": true, "scheme": null, "flow_arrow": "end" }, "geometry": { "type": "LineString", "coordinates": [ [ 88.409955937951025, 22.492810202950345 ], [ 88.409800199703, 22.492790905774129 ], [ 88.409663187660342, 22.492792093822313 ], [ 88.409503992490599, 22.492796915319978 ], [ 88.409337356059382, 22.492798359923391 ], [ 88.409178161007816, 22.492803181242039 ], [ 88.409026371872983, 22.492807938075298 ], [ 88.408878250627822, 22.492809221736781 ], [ 88.408741273647578, 22.492813849941669 ], [ 88.408611667460079, 22.492814972924588 ], [ 88.408478393500928, 22.492819568966159 ], [ 88.408345084245582, 22.492820723815733 ], [ 88.408204404161211, 22.492825383643286 ], [ 88.408074798087284, 22.492826506193687 ], [ 88.408011670829993, 22.492809846406224 ] ] } },
{ "type": "Feature", "properties": { "ward": 109, "source_sheet": "109_Haltu.pdf p1", "source": "KMC ward sewerage network map (ArcMap GeoPDF)", "extraction_method": "geopdf_vector", "georef_max_residual_m": 0.3, "conduit_type": "pipe", "pipe_diameter_mm": 450.0, "diameter_source": "legend_colour", "diameter_candidates_mm": null, "label_diameter_mm": 450.0, "label_agrees": true, "scheme": null, "flow_arrow": "end" }, "geometry": { "type": "LineString", "coordinates": [ [ 88.390367594308429, 22.488646274867431 ], [ 88.390341222951548, 22.488601763170152 ], [ 88.390239475022469, 22.488427125929288 ], [ 88.390220613677769, 22.488392873944882 ], [ 88.390171643318098, 22.488310700912862 ], [ 88.390088757252812, 22.488170315399291 ], [ 88.390005871514859, 22.488029929830923 ], [ 88.389907966044248, 22.487869024697613 ], [ 88.389851555674724, 22.487783473868131 ], [ 88.38978372463076, 22.487667048647079 ], [ 88.389746140871338, 22.487612308708012 ], [ 88.38969336418225, 22.487519844084986 ], [ 88.389610583062449, 22.487389781317447 ], [ 88.389501465945699, 22.487218647742168 ], [ 88.389456303325176, 22.487146765856163 ], [ 88.389339642171322, 22.486961931249329 ], [ 88.38927188127208, 22.486852387844355 ], [ 88.38922664961207, 22.486773623936994 ], [ 88.389162591813829, 22.486664048844194 ], [ 88.389106078501342, 22.486568174636517 ], [ 88.389064619219525, 22.486496260986854 ], [ 88.388993017326712, 22.486372985033078 ], [ 88.388891342099427, 22.486205228669288 ], [ 88.388827319477883, 22.486099094524295 ], [ 88.38877464790508, 22.486016952582677 ], [ 88.388725714074653, 22.485938219972915 ], [ 88.388695606269096, 22.485890298584813 ], [ 88.388676814775479, 22.485862928461557 ] ] } },
{ "type": "Feature", "properties": { "ward": 109, "source_sheet": "109_Haltu.pdf p1", "source": "KMC ward sewerage network map (ArcMap GeoPDF)", "extraction_method": "geopdf_vector", "georef_max_residual_m": 0.3, "conduit_type": "pipe", "pipe_diameter_mm": 300.0, "diameter_source": "legend_colour", "diameter_candidates_mm": null, "label_diameter_mm": 300.0, "label_agrees": true, "scheme": null, "flow_arrow": "end" }, "geometry": { "type": "LineString", "coordinates": [ [ 88.389461967838869, 22.48623820916308 ], [ 88.389343821861075, 22.486273631720028 ], [ 88.389214567256715, 22.486309148937277 ], [ 88.38910008941393, 22.486341098720626 ], [ 88.388993017326712, 22.486372985033078 ] ] } },
{ "type": "Feature", "properties": { "ward": 109, "source_sheet": "109_Haltu.pdf p1", "source": "KMC ward sewerage network map (ArcMap GeoPDF)", "extraction_method": "geopdf_vector", "georef_max_residual_m": 0.3, "conduit_type": "pipe", "pipe_diameter_mm": 400.0, "diameter_source": "legend_colour", "diameter_candidates_mm": null, "label_diameter_mm": 400.0, "label_agrees": true, "scheme": null, "flow_arrow": "end" }, "geometry": { "type": "LineString", "coordinates": [ [ 88.39020586672423, 22.486193997589169 ], [ 88.390175481044224, 22.486118548319116 ], [ 88.390148832805039, 22.486046508361685 ], [ 88.390118481855055, 22.485974500046304 ], [ 88.390084324060055, 22.485892200461802 ], [ 88.390057745395254, 22.485827042565028 ], [ 88.39002729040962, 22.485744711173162 ], [ 88.389989360524211, 22.485655560980572 ], [ 88.389925857236079, 22.485601042567467 ], [ 88.389832488494676, 22.485522690188152 ], [ 88.38974285723728, 22.485447747080354 ], [ 88.389645751169823, 22.485365985106984 ], [ 88.389567298042209, 22.485297829061025 ], [ 88.389533695117109, 22.485270585583006 ] ] } },
{ "type": "Feature", "properties": { "ward": 109, "source_sheet": "109_Haltu.pdf p1", "source": "KMC ward sewerage network map (ArcMap GeoPDF)", "extraction_method": "geopdf_vector", "georef_max_residual_m": 0.3, "conduit_type": "pipe", "pipe_diameter_mm": 300.0, "diameter_source": "legend_colour", "diameter_candidates_mm": null, "label_diameter_mm": 300.0, "label_agrees": true, "scheme": null, "flow_arrow": "end" }, "geometry": { "type": "LineString", "coordinates": [ [ 88.387299250862071, 22.483286810253148 ], [ 88.387389398140655, 22.483413370220642 ], [ 88.387464561438364, 22.483522851451216 ], [ 88.387539690260766, 22.483628891521199 ], [ 88.387614853798937, 22.483738372666981 ] ] } },
{ "type": "Feature", "properties": { "ward": 109, "source_sheet": "109_Haltu.pdf p1", "source": "KMC ward sewerage network map (ArcMap GeoPDF)", "extraction_method": "geopdf_vector", "georef_max_residual_m": 0.3, "conduit_type": "pipe", "pipe_diameter_mm": 300.0, "diameter_source": "legend_colour", "diameter_candidates_mm": null, "label_diameter_mm": 300.0, "label_agrees": true, "scheme": null, "flow_arrow": "end" }, "geometry": { "type": "LineString", "coordinates": [ [ 88.388689570661924, 22.483450453512177 ], [ 88.388534467865625, 22.483493073598332 ], [ 88.388386736013942, 22.483532189209605 ], [ 88.388220524669791, 22.483574903677681 ], [ 88.388058050504583, 22.483621027498689 ], [ 88.387902912686656, 22.483660205877925 ], [ 88.387762586124481, 22.483699257742312 ], [ 88.387614853798937, 22.483738372666981 ], [ 88.387600111791969, 22.483745381114595 ], [ 88.387485946936906, 22.483808298875786 ], [ 88.38737915306848, 22.483867712274705 ], [ 88.387364445471988, 22.483878161678142 ], [ 88.38729080399456, 22.483920085605732 ], [ 88.387213494214976, 22.483965482200521 ], [ 88.387150926598082, 22.484003870351668 ], [ 88.387114105797906, 22.484024832273608 ] ] } },
{ "type": "Feature", "properties": { "ward": 109, "source_sheet": "109_Haltu.pdf p1", "source": "KMC ward sewerage network map (ArcMap GeoPDF)", "extraction_method": "geopdf_vector", "georef_max_residual_m": 0.3, "conduit_type": "pipe", "pipe_diameter_mm": 1000.0, "diameter_source": "legend_colour", "diameter_candidates_mm": null, "label_diameter_mm": 1000.0, "label_agrees": true, "scheme": null, "flow_arrow": "end" }, "geometry": { "type": "LineString", "coordinates": [ [ 88.388788574937479, 22.482985029911998 ], [ 88.388541145019246, 22.483052527431468 ], [ 88.388315862387259, 22.483112952867256 ], [ 88.388049952462822, 22.483184048650692 ], [ 88.38768430859399, 22.483280084223818 ], [ 88.387383861972111, 22.483231027400091 ], [ 88.387109404473236, 22.483188630920083 ], [ 88.387009324752938, 22.483179160392634 ], [ 88.386912913441719, 22.483166217109442 ], [ 88.386809096497032, 22.483153337051139 ], [ 88.386705279567749, 22.483140456924954 ] ] } },
{ "type": "Feature", "properties": { "ward": 109, "source_sheet": "109_Haltu.pdf p1", "source": "KMC ward sewerage network map (ArcMap GeoPDF)", "extraction_method": "geopdf_vector", "georef_max_residual_m": 0.3, "conduit_type": "pipe", "pipe_diameter_mm": 900.0, "diameter_source": "legend_colour", "diameter_candidates_mm": null, "label_diameter_mm": 900.0, "label_agrees": true, "scheme": null, "flow_arrow": "end" }, "geometry": { "type": "LineString", "coordinates": [ [ 88.3908028485925, 22.482227935452123 ], [ 88.390526214948537, 22.482336981412391 ], [ 88.390216359623722, 22.482456634947894 ], [ 88.389951110657421, 22.482593113224347 ], [ 88.3896894945144, 22.482722677510154 ], [ 88.389685791705617, 22.482722709145655 ], [ 88.389431407472102, 22.482835004472459 ], [ 88.389143870796175, 22.482964789322374 ], [ 88.388795980571814, 22.482984966681418 ], [ 88.388788574937479, 22.482985029911998 ] ] } },
{ "type": "Feature", "properties": { "ward": 109, "source_sheet": "109_Haltu.pdf p1", "source": "KMC ward sewerage network map (ArcMap GeoPDF)", "extraction_method": "geopdf_vector", "georef_max_residual_m": 0.3, "conduit_type": "pipe", "pipe_diameter_mm": 300.0, "diameter_source": "legend_colour", "diameter_candidates_mm": null, "label_diameter_mm": 300.0, "label_agrees": true, "scheme": null, "flow_arrow": "end" }, "geometry": { "type": "LineString", "coordinates": [ [ 88.387150926598082, 22.484003870351668 ], [ 88.387163003575168, 22.484100124351201 ], [ 88.387174976657377, 22.4841860554241 ], [ 88.387190549000039, 22.48426163170129 ], [ 88.387202453094275, 22.484340680530988 ], [ 88.387218094498081, 22.484423138896922 ], [ 88.387233701487006, 22.484502156140074 ], [ 88.387241487695846, 22.484539944416454 ] ] } },
{ "type": "Feature", "properties": { "ward": 109, "source_sheet": "109_Haltu.pdf p1", "source": "KMC ward sewerage network map (ArcMap GeoPDF)", "extraction_method": "geopdf_vector", "georef_max_residual_m": 0.3, "conduit_type": "pipe", "pipe_diameter_mm": 300.0, "diameter_source": "legend_colour", "diameter_candidates_mm": null, "label_diameter_mm": 300.0, "label_agrees": true, "scheme": null, "flow_arrow": "end" }, "geometry": { "type": "LineString", "coordinates": [ [ 88.387600111791969, 22.483745381114595 ], [ 88.387634405941341, 22.483841445532672 ], [ 88.387668700142939, 22.483937510083329 ], [ 88.387706731840609, 22.484036983862399 ], [ 88.387740956944015, 22.484126166298612 ], [ 88.387767845594709, 22.484222293859673 ], [ 88.387791066190189, 22.484321894123518 ], [ 88.387814113649597, 22.484404289225708 ], [ 88.38783342367509, 22.484483274800404 ] ] } },
{ "type": "Feature", "properties": { "ward": 109, "source_sheet": "109_Haltu.pdf p1", "source": "KMC ward sewerage network map (ArcMap GeoPDF)", "extraction_method": "geopdf_vector", "georef_max_residual_m": 0.3, "conduit_type": "pipe", "pipe_diameter_mm": 400.0, "diameter_source": "legend_colour", "diameter_candidates_mm": null, "label_diameter_mm": 400.0, "label_agrees": true, "scheme": null, "flow_arrow": "end" }, "geometry": { "type": "LineString", "coordinates": [ [ 88.38783342367509, 22.484483274800404 ], [ 88.38772614504289, 22.484494514089409 ], [ 88.387622569248691, 22.484505721717426 ], [ 88.387507884854173, 22.484517024043608 ], [ 88.387415383005148, 22.484524695801682 ], [ 88.387330286709798, 22.484532304341066 ], [ 88.387241487695846, 22.484539944416454 ], [ 88.387093477627531, 22.484551530681838 ], [ 88.386945502108674, 22.484566557787701 ], [ 88.386830817581171, 22.484577859637227 ], [ 88.386730978906542, 22.484592476246544 ], [ 88.386645882664254, 22.484600084283713 ], [ 88.3865571179673, 22.484611165106411 ], [ 88.386464650541882, 22.484622277300279 ], [ 88.386383291538777, 22.484633294757 ] ] } },
{ "type": "Feature", "properties": { "ward": 109, "source_sheet": "109_Haltu.pdf p1", "source": "KMC ward sewerage network map (ArcMap GeoPDF)", "extraction_method": "geopdf_vector", "georef_max_residual_m": 0.3, "conduit_type": "pipe", "pipe_diameter_mm": 400.0, "diameter_source": "legend_colour", "diameter_candidates_mm": null, "label_diameter_mm": 400.0, "label_agrees": true, "scheme": null, "flow_arrow": "end" }, "geometry": { "type": "LineString", "coordinates": [ [ 88.387114105797906, 22.484024832273608 ], [ 88.387029390201931, 22.484070291941585 ], [ 88.386941006434142, 22.484119224115993 ], [ 88.386859993572216, 22.484164652125756 ], [ 88.386753060839595, 22.484210301088659 ], [ 88.38662391090736, 22.484256139388574 ], [ 88.386501890026068, 22.484274386078969 ], [ 88.386379765559113, 22.484282309748775 ] ] } },
{ "type": "Feature", "properties": { "ward": 109, "source_sheet": "109_Haltu.pdf p1", "source": "KMC ward sewerage network map (ArcMap GeoPDF)", "extraction_method": "geopdf_vector", "georef_max_residual_m": 0.3, "conduit_type": "pipe", "pipe_diameter_mm": 300.0, "diameter_source": "legend_colour", "diameter_candidates_mm": null, "label_diameter_mm": 300.0, "label_agrees": true, "scheme": null, "flow_arrow": "end" }, "geometry": { "type": "LineString", "coordinates": [ [ 88.386859993572216, 22.484164652125756 ], [ 88.38689830142313, 22.484291654495735 ], [ 88.386932664417671, 22.484394601168503 ], [ 88.386936920588695, 22.484449626058751 ], [ 88.386941280511252, 22.484514974017429 ], [ 88.386945502108674, 22.484566557787701 ] ] } },
{ "type": "Feature", "properties": { "ward": 109, "source_sheet": "109_Haltu.pdf p1", "source": "KMC ward sewerage network map (ArcMap GeoPDF)", "extraction_method": "geopdf_vector", "georef_max_residual_m": 0.3, "conduit_type": "pipe", "pipe_diameter_mm": 500.0, "diameter_source": "legend_colour", "diameter_candidates_mm": null, "label_diameter_mm": 500.0, "label_agrees": true, "scheme": null, "flow_arrow": "end" }, "geometry": { "type": "LineString", "coordinates": [ [ 88.392045449942842, 22.484268331431835 ], [ 88.391912564550552, 22.484310764463828 ], [ 88.391772238672885, 22.484349819793216 ], [ 88.391635650259047, 22.484392284433554 ], [ 88.391476914034484, 22.484441820974258 ], [ 88.391325514013545, 22.484484411932172 ], [ 88.391188890623212, 22.484523435094356 ], [ 88.391055969851365, 22.484562426476376 ], [ 88.39093412304328, 22.484597881782076 ], [ 88.390797499259918, 22.484636904624388 ], [ 88.390672053475683, 22.484682714454205 ], [ 88.390528162641701, 22.484735564418607 ], [ 88.390424898866897, 22.48477774315014 ], [ 88.390317966982863, 22.48482339444012 ], [ 88.390218406090611, 22.484865541247796 ], [ 88.390100400126599, 22.484914728321673 ], [ 88.389945850753293, 22.485012406066037 ], [ 88.389813379774267, 22.485096129797448 ], [ 88.389669869312172, 22.485186830428013 ], [ 88.389533695117109, 22.485270585583006 ], [ 88.389338759842744, 22.485403021051951 ], [ 88.389206392030928, 22.485497067375487 ], [ 88.389066618111173, 22.485591176849926 ], [ 88.388930547040601, 22.485685254444864 ], [ 88.388812886195439, 22.485768850922071 ], [ 88.388676814775479, 22.485862928461557 ], [ 88.38848551147936, 22.485988449267285 ], [ 88.38833466263516, 22.486086094102177 ], [ 88.388165437674274, 22.486197660865315 ], [ 88.388029330769058, 22.486288296780234 ], [ 88.387815739763155, 22.486407124508524 ], [ 88.387672157229034, 22.486490941247631 ], [ 88.387539579615265, 22.486564340171295 ], [ 88.387403333537861, 22.486641211554264 ], [ 88.387303908615394, 22.486697120845296 ], [ 88.387197077925279, 22.486753093244893 ] ] } },
{ "type": "Feature", "properties": { "ward": 109, "source_sheet": "109_Haltu.pdf p1", "source": "KMC ward sewerage network map (ArcMap GeoPDF)", "extraction_method": "geopdf_vector", "georef_max_residual_m": 0.3, "conduit_type": "pipe", "pipe_diameter_mm": 300.0, "diameter_source": "legend_colour", "diameter_candidates_mm": null, "label_diameter_mm": 300.0, "label_agrees": true, "scheme": null, "flow_arrow": "end" }, "geometry": { "type": "LineString", "coordinates": [ [ 88.389596445112332, 22.485985843884212 ], [ 88.389684551942111, 22.485909382055141 ], [ 88.389780029648932, 22.485829415929462 ], [ 88.389871839167029, 22.485752922364927 ], [ 88.389948975669896, 22.485690319359716 ], [ 88.389989360524211, 22.485655560980572 ] ] } },
{ "type": "Feature", "properties": { "ward": 109, "source_sheet": "109_Haltu.pdf p1", "source": "KMC ward sewerage network map (ArcMap GeoPDF)", "extraction_method": "geopdf_vector", "georef_max_residual_m": 0.3, "conduit_type": "pipe", "pipe_diameter_mm": 300.0, "diameter_source": "legend_colour", "diameter_candidates_mm": null, "label_diameter_mm": 300.0, "label_agrees": true, "scheme": null, "flow_arrow": "end" }, "geometry": { "type": "LineString", "coordinates": [ [ 88.39020679396107, 22.48775634825418 ], [ 88.390263204684061, 22.487841898947753 ], [ 88.390319649996613, 22.487930890730716 ], [ 88.39037606086373, 22.488016441375898 ] ] } },
{ "type": "Feature", "properties": { "ward": 109, "source_sheet": "109_Haltu.pdf p1", "source": "KMC ward sewerage network map (ArcMap GeoPDF)", "extraction_method": "geopdf_vector", "georef_max_residual_m": 0.3, "conduit_type": "pipe", "pipe_diameter_mm": 300.0, "diameter_source": "legend_colour", "diameter_candidates_mm": null, "label_diameter_mm": 300.0, "label_agrees": true, "scheme": null, "flow_arrow": "end" }, "geometry": { "type": "LineString", "coordinates": [ [ 88.392978153554537, 22.490822934299175 ], [ 88.39293983809246, 22.490695933989791 ], [ 88.392901661664382, 22.49058269752144 ], [ 88.392871099758494, 22.490490043815566 ] ] } },
{ "type": "Feature", "properties": { "ward": 109, "source_sheet": "109_Haltu.pdf p1", "source": "KMC ward sewerage network map (ArcMap GeoPDF)", "extraction_method": "geopdf_vector", "georef_max_residual_m": 0.3, "conduit_type": "pipe", "pipe_diameter_mm": 300.0, "diameter_source": "legend_colour", "diameter_candidates_mm": null, "label_diameter_mm": 300.0, "label_agrees": true, "scheme": null, "flow_arrow": "end" }, "geometry": { "type": "LineString", "coordinates": [ [ 88.394179490598759, 22.489501498290878 ], [ 88.394324080141928, 22.489517465165697 ], [ 88.394461263745953, 22.489533495417835 ], [ 88.394520267861509, 22.489508900175327 ] ] } },
{ "type": "Feature", "properties": { "ward": 109, "source_sheet": "109_Haltu.pdf p1", "source": "KMC ward sewerage network map (ArcMap GeoPDF)", "extraction_method": "geopdf_vector", "georef_max_residual_m": 0.3, "conduit_type": "pipe", "pipe_diameter_mm": 300.0, "diameter_source": "legend_colour", "diameter_candidates_mm": null, "label_diameter_mm": 300.0, "label_agrees": true, "scheme": null, "flow_arrow": "end" }, "geometry": { "type": "LineString", "coordinates": [ [ 88.394812148301654, 22.490907011017089 ], [ 88.394675519861721, 22.490946037375934 ], [ 88.394538891338982, 22.490985063622613 ], [ 88.394402262579106, 22.491024089758447 ] ] } },
{ "type": "Feature", "properties": { "ward": 109, "source_sheet": "109_Haltu.pdf p1", "source": "KMC ward sewerage network map (ArcMap GeoPDF)", "extraction_method": "geopdf_vector", "georef_max_residual_m": 0.3, "conduit_type": "pipe", "pipe_diameter_mm": 500.0, "diameter_source": "legend_colour", "diameter_candidates_mm": null, "label_diameter_mm": 500.0, "label_agrees": true, "scheme": "KEIIP", "flow_arrow": "end" }, "geometry": { "type": "LineString", "coordinates": [ [ 88.404079369891178, 22.497241836257814 ], [ 88.404040762122079, 22.497087311305517 ], [ 88.404002049371172, 22.496922463215483 ], [ 88.403967179980057, 22.496771347192293 ], [ 88.403924729247493, 22.496603090105641 ], [ 88.403874452070625, 22.496393604899506 ] ] } },
{ "type": "Feature", "properties": { "ward": 109, "source_sheet": "109_Haltu.pdf p1", "source": "KMC ward sewerage network map (ArcMap GeoPDF)", "extraction_method": "geopdf_vector", "georef_max_residual_m": 0.3, "conduit_type": "pipe", "pipe_diameter_mm": 400.0, "diameter_source": "legend_colour", "diameter_candidates_mm": null, "label_diameter_mm": 400.0, "label_agrees": true, "scheme": null, "flow_arrow": "end" }, "geometry": { "type": "LineString", "coordinates": [ [ 88.401476090025326, 22.497997298266281 ], [ 88.401434865525488, 22.497949475321196 ], [ 88.401355280734521, 22.497771213705942 ], [ 88.401279399344858, 22.497592920115338 ], [ 88.40120355311754, 22.497418067423986 ], [ 88.401135358131228, 22.497267237920184 ], [ 88.401067128348288, 22.497112967428144 ], [ 88.400995020798888, 22.496941523634678 ], [ 88.400922948233358, 22.496773520890496 ], [ 88.400847172845815, 22.496605550011083 ], [ 88.400778908797619, 22.496447838258682 ] ] } },
{ "type": "Feature", "properties": { "ward": 109, "source_sheet": "109_Haltu.pdf p1", "source": "KMC ward sewerage network map (ArcMap GeoPDF)", "extraction_method": "geopdf_vector", "georef_max_residual_m": 0.3, "conduit_type": "pipe", "pipe_diameter_mm": 300.0, "diameter_source": "legend_colour", "diameter_candidates_mm": null, "label_diameter_mm": 300.0, "label_agrees": true, "scheme": null, "flow_arrow": "end" }, "geometry": { "type": "LineString", "coordinates": [ [ 88.40171043942982, 22.498098516720212 ], [ 88.401657336060211, 22.497975087634629 ], [ 88.401601648408658, 22.497961802654434 ], [ 88.401476090025326, 22.497997298266281 ] ] } },
{ "type": "Feature", "properties": { "ward": 109, "source_sheet": "109_Haltu.pdf p1", "source": "KMC ward sewerage network map (ArcMap GeoPDF)", "extraction_method": "geopdf_vector", "georef_max_residual_m": 0.3, "conduit_type": "pipe", "pipe_diameter_mm": 300.0, "diameter_source": "legend_colour", "diameter_candidates_mm": null, "label_diameter_mm": 300.0, "label_agrees": true, "scheme": null, "flow_arrow": "end" }, "geometry": { "type": "LineString", "coordinates": [ [ 88.39777867190702, 22.496040057699638 ], [ 88.397664606916976, 22.496113305865851 ], [ 88.397513789474331, 22.496214400216971 ], [ 88.397351862180685, 22.496315590071472 ], [ 88.397379666608074, 22.496501181690086 ], [ 88.397385043102375, 22.496666318268009 ], [ 88.397193141423656, 22.496733352512102 ], [ 88.397030586100996, 22.496772603882366 ], [ 88.396860589329293, 22.49680847763425 ], [ 88.396653700408308, 22.496858433467555 ], [ 88.396520665483536, 22.496887106808529 ], [ 88.396510078559587, 22.496938817441471 ], [ 88.396377252542933, 22.496988136692082 ], [ 88.396259169321041, 22.49703044656091 ], [ 88.396085747450698, 22.497093879550523 ], [ 88.395989813479645, 22.4971291165045 ], [ 88.395857335319278, 22.497212845484398 ], [ 88.395947743658951, 22.497363486725174 ], [ 88.39598568091219, 22.497452634890394 ], [ 88.395979876615257, 22.497610984922702 ], [ 88.395917688793503, 22.497687227698282 ], [ 88.395877406513904, 22.497732310629416 ] ] } },
{ "type": "Feature", "properties": { "ward": 109, "source_sheet": "109_Haltu.pdf p1", "source": "KMC ward sewerage network map (ArcMap GeoPDF)", "extraction_method": "geopdf_vector", "georef_max_residual_m": 0.3, "conduit_type": "pipe", "pipe_diameter_mm": 300.0, "diameter_source": "legend_colour", "diameter_candidates_mm": null, "label_diameter_mm": 300.0, "label_agrees": true, "scheme": null, "flow_arrow": "end" }, "geometry": { "type": "LineString", "coordinates": [ [ 88.390815407727416, 22.491557240813371 ], [ 88.390850087900318, 22.491691155451623 ], [ 88.390895807910198, 22.491818093118177 ], [ 88.390933913742288, 22.49192444789135 ], [ 88.391063598859034, 22.49229844187121 ], [ 88.391136316275961, 22.492531829192391 ], [ 88.39115950628846, 22.492627987570071 ], [ 88.391119501361814, 22.492700597497748 ], [ 88.39118841193806, 22.492923693411093 ], [ 88.39124576235956, 22.493102151068918 ], [ 88.39129155267149, 22.493235970490137 ], [ 88.391322148959958, 22.493332065596228 ], [ 88.391349007650234, 22.493424751271679 ], [ 88.391364305755005, 22.493472798746222 ] ] } },
{ "type": "Feature", "properties": { "ward": 109, "source_sheet": "109_Haltu.pdf p1", "source": "KMC ward sewerage network map (ArcMap GeoPDF)", "extraction_method": "geopdf_vector", "georef_max_residual_m": 0.3, "conduit_type": "pipe", "pipe_diameter_mm": 300.0, "diameter_source": "legend_colour", "diameter_candidates_mm": null, "label_diameter_mm": 300.0, "label_agrees": true, "scheme": null, "flow_arrow": "end" }, "geometry": { "type": "LineString", "coordinates": [ [ 88.391119501361814, 22.492700597497748 ], [ 88.391241424495263, 22.492672023803816 ], [ 88.391348570307898, 22.492647017874702 ], [ 88.391370719162836, 22.492639945678647 ], [ 88.391503716679722, 22.492607835763462 ], [ 88.391629342859218, 22.492579230091909 ], [ 88.391758567749278, 22.492540269592368 ], [ 88.391917382364994, 22.492497614288588 ], [ 88.392090904808427, 22.492444509126905 ], [ 88.392150014772028, 22.49243023771341 ] ] } },
{ "type": "Feature", "properties": { "ward": 109, "source_sheet": "109_Haltu.pdf p1", "source": "KMC ward sewerage network map (ArcMap GeoPDF)", "extraction_method": "geopdf_vector", "georef_max_residual_m": 0.3, "conduit_type": "pipe", "pipe_diameter_mm": 300.0, "diameter_source": "legend_colour", "diameter_candidates_mm": null, "label_diameter_mm": 300.0, "label_agrees": true, "scheme": null, "flow_arrow": "end" }, "geometry": { "type": "LineString", "coordinates": [ [ 88.391119501361814, 22.492700597497748 ], [ 88.390945908628566, 22.492746819715972 ], [ 88.390835094425555, 22.492775298167984 ], [ 88.390687353640701, 22.49281441631091 ], [ 88.390480537262434, 22.492871246126828 ], [ 88.390351242290109, 22.492903323556565 ], [ 88.39020720428914, 22.492942409607775 ] ] } },
{ "type": "Feature", "properties": { "ward": 109, "source_sheet": "109_Haltu.pdf p1", "source": "KMC ward sewerage network map (ArcMap GeoPDF)", "extraction_method": "geopdf_vector", "georef_max_residual_m": 0.3, "conduit_type": "pipe", "pipe_diameter_mm": 300.0, "diameter_source": "legend_colour", "diameter_candidates_mm": null, "label_diameter_mm": 300.0, "label_agrees": true, "scheme": null, "flow_arrow": "end" }, "geometry": { "type": "LineString", "coordinates": [ [ 88.392657381638045, 22.49096333449307 ], [ 88.392695557991871, 22.491076570875524 ], [ 88.392729996647262, 22.491186397997144 ], [ 88.392775787623577, 22.491320216986946 ], [ 88.392817840765545, 22.491450626713959 ], [ 88.392855947923337, 22.491556980967861 ], [ 88.392898001378086, 22.491687390661475 ] ] } },
{ "type": "Feature", "properties": { "ward": 109, "source_sheet": "109_Haltu.pdf p1", "source": "KMC ward sewerage network map (ArcMap GeoPDF)", "extraction_method": "geopdf_vector", "georef_max_residual_m": 0.3, "conduit_type": "pipe", "pipe_diameter_mm": 300.0, "diameter_source": "legend_colour", "diameter_candidates_mm": null, "label_diameter_mm": 300.0, "label_agrees": true, "scheme": null, "flow_arrow": "end" }, "geometry": { "type": "LineString", "coordinates": [ [ 88.394475054432206, 22.491264357422843 ], [ 88.394349499692694, 22.491299847151211 ], [ 88.394227613142561, 22.491331864215223 ], [ 88.394094687131144, 22.491370858357502 ], [ 88.39394694890683, 22.491409979374442 ], [ 88.393806651424242, 22.491452477738608 ], [ 88.393651541707484, 22.491495103082169 ], [ 88.393522283478347, 22.491530623924405 ], [ 88.393381950971786, 22.491569680968084 ], [ 88.393293321773811, 22.491594529684193 ], [ 88.393226840972304, 22.491612305915346 ], [ 88.393127172087105, 22.491644131654876 ], [ 88.393016359283862, 22.491672611544043 ], [ 88.392898001378086, 22.491687390661475 ], [ 88.392816778090236, 22.491712175680412 ], [ 88.392713371091062, 22.491740591929041 ], [ 88.392606295889721, 22.491772480790587 ], [ 88.392495552322558, 22.491807842402935 ], [ 88.392377402600843, 22.491843267361116 ], [ 88.392270292505685, 22.491871715042585 ], [ 88.392163217086321, 22.491903603619384 ], [ 88.392085696415975, 22.491928356435253 ], [ 88.392030289859292, 22.491942596112565 ] ] } },
{ "type": "Feature", "properties": { "ward": 109, "source_sheet": "109_Haltu.pdf p1", "source": "KMC ward sewerage network map (ArcMap GeoPDF)", "extraction_method": "geopdf_vector", "georef_max_residual_m": 0.3, "conduit_type": "pipe", "pipe_diameter_mm": 300.0, "diameter_source": "legend_colour", "diameter_candidates_mm": null, "label_diameter_mm": 300.0, "label_agrees": true, "scheme": null, "flow_arrow": "end" }, "geometry": { "type": "LineString", "coordinates": [ [ 88.395739644578185, 22.492901895191018 ], [ 88.395712643872798, 22.492795446263006 ], [ 88.395681940304556, 22.492689029255715 ], [ 88.395666501586433, 22.492627218135329 ], [ 88.395624375622702, 22.492489927407114 ], [ 88.395601321828707, 22.492407533805942 ], [ 88.395566880583431, 22.492297707444642 ], [ 88.395536316488148, 22.492205054372693 ], [ 88.39546006299112, 22.491988906259284 ], [ 88.395441060642852, 22.491940891008685 ], [ 88.395437322793455, 22.491937481829112 ] ] } },
{ "type": "Feature", "properties": { "ward": 109, "source_sheet": "109_Haltu.pdf p1", "source": "KMC ward sewerage network map (ArcMap GeoPDF)", "extraction_method": "geopdf_vector", "georef_max_residual_m": 0.3, "conduit_type": "pipe", "pipe_diameter_mm": 300.0, "diameter_source": "legend_colour", "diameter_candidates_mm": null, "label_diameter_mm": 300.0, "label_agrees": true, "scheme": null, "flow_arrow": "end" }, "geometry": { "type": "LineString", "coordinates": [ [ 88.395394510004309, 22.49429514687716 ], [ 88.39578281246493, 22.494240194205776 ], [ 88.395945574224299, 22.494221590249307 ], [ 88.39607130519822, 22.494203304108098 ], [ 88.396189664754914, 22.494188522572035 ], [ 88.396244932368518, 22.494160517470945 ] ] } },
{ "type": "Feature", "properties": { "ward": 109, "source_sheet": "109_Haltu.pdf p1", "source": "KMC ward sewerage network map (ArcMap GeoPDF)", "extraction_method": "geopdf_vector", "georef_max_residual_m": 0.3, "conduit_type": "pipe", "pipe_diameter_mm": 300.0, "diameter_source": "legend_colour", "diameter_candidates_mm": null, "label_diameter_mm": 300.0, "label_agrees": true, "scheme": null, "flow_arrow": "end" }, "geometry": { "type": "LineString", "coordinates": [ [ 88.39566142783228, 22.496884161751201 ], [ 88.395813118140268, 22.49686909425051 ], [ 88.395924178112409, 22.496864699258403 ], [ 88.395983498260122, 22.496871072542099 ] ] } },
{ "type": "Feature", "properties": { "ward": 109, "source_sheet": "109_Haltu.pdf p1", "source": "KMC ward sewerage network map (ArcMap GeoPDF)", "extraction_method": "geopdf_vector", "georef_max_residual_m": 0.3, "conduit_type": "pipe", "pipe_diameter_mm": 300.0, "diameter_source": "legend_colour", "diameter_candidates_mm": null, "label_diameter_mm": 300.0, "label_agrees": true, "scheme": null, "flow_arrow": "end" }, "geometry": { "type": "LineString", "coordinates": [ [ 88.396466786386426, 22.495954975225047 ], [ 88.396296407257097, 22.495952997245766 ], [ 88.396148177367465, 22.495943946363553 ], [ 88.396085084808888, 22.495930723006516 ] ] } },
{ "type": "Feature", "properties": { "ward": 109, "source_sheet": "109_Haltu.pdf p1", "source": "KMC ward sewerage network map (ArcMap GeoPDF)", "extraction_method": "geopdf_vector", "georef_max_residual_m": 0.3, "conduit_type": "pipe", "pipe_diameter_mm": 300.0, "diameter_source": "legend_colour", "diameter_candidates_mm": null, "label_diameter_mm": 300.0, "label_agrees": true, "scheme": null, "flow_arrow": "end" }, "geometry": { "type": "LineString", "coordinates": [ [ 88.396467528382033, 22.495662457531502 ], [ 88.396468050935695, 22.495714072738988 ], [ 88.396466786386426, 22.495954975225047 ], [ 88.396475655865956, 22.496099433923138 ], [ 88.396475969407064, 22.496130403103237 ], [ 88.39649958172042, 22.496267852502061 ], [ 88.396526827572217, 22.496398388169606 ], [ 88.396554073636395, 22.496528923826578 ], [ 88.396596236804001, 22.496669655235433 ], [ 88.39662302989278, 22.496755457729595 ], [ 88.396653700408308, 22.496858433467555 ] ] } },
{ "type": "Feature", "properties": { "ward": 109, "source_sheet": "109_Haltu.pdf p1", "source": "KMC ward sewerage network map (ArcMap GeoPDF)", "extraction_method": "geopdf_vector", "georef_max_residual_m": 0.3, "conduit_type": "pipe", "pipe_diameter_mm": 300.0, "diameter_source": "legend_colour", "diameter_candidates_mm": null, "label_diameter_mm": 300.0, "label_agrees": true, "scheme": null, "flow_arrow": "end" }, "geometry": { "type": "LineString", "coordinates": [ [ 88.396082159296157, 22.495641678173378 ], [ 88.396065628876471, 22.49583797473284 ], [ 88.396085084808888, 22.495930723006516 ], [ 88.396108487876702, 22.496047526458089 ], [ 88.396134723258641, 22.4960782730356 ], [ 88.396157603795984, 22.496143461407975 ], [ 88.396260235971752, 22.496404119431947 ], [ 88.396253561135538, 22.496476444131225 ], [ 88.396421516177085, 22.496970549921311 ] ] } },
{ "type": "Feature", "properties": { "ward": 109, "source_sheet": "109_Haltu.pdf p1", "source": "KMC ward sewerage network map (ArcMap GeoPDF)", "extraction_method": "geopdf_vector", "georef_max_residual_m": 0.3, "conduit_type": "pipe", "pipe_diameter_mm": 300.0, "diameter_source": "legend_colour", "diameter_candidates_mm": null, "label_diameter_mm": null, "label_agrees": null, "scheme": null, "flow_arrow": "end" }, "geometry": { "type": "LineString", "coordinates": [ [ 88.395827942647642, 22.496504188241335 ], [ 88.395931387047568, 22.496479210820429 ], [ 88.3960385347265, 22.496454201677125 ], [ 88.396260235971752, 22.496404119431947 ] ] } },
{ "type": "Feature", "properties": { "ward": 109, "source_sheet": "109_Haltu.pdf p1", "source": "KMC ward sewerage network map (ArcMap GeoPDF)", "extraction_method": "geopdf_vector", "georef_max_residual_m": 0.3, "conduit_type": "pipe", "pipe_diameter_mm": 300.0, "diameter_source": "legend_colour", "diameter_candidates_mm": null, "label_diameter_mm": 300.0, "label_agrees": true, "scheme": null, "flow_arrow": "end" }, "geometry": { "type": "LineString", "coordinates": [ [ 88.396108487876702, 22.496047526458089 ], [ 88.396016187965245, 22.496075849538258 ], [ 88.395898035730269, 22.496111277198992 ], [ 88.395735550321476, 22.496157409304857 ], [ 88.395561989982184, 22.496207077577072 ], [ 88.395406841027821, 22.496246263725759 ], [ 88.39513346957574, 22.496313994788789 ], [ 88.394930109792412, 22.496346711547446 ], [ 88.394726784540396, 22.496382869157518 ], [ 88.394405271568345, 22.496451012010599 ], [ 88.394287048971492, 22.496479556462941 ], [ 88.394183569431263, 22.496501091739901 ], [ 88.393961449802362, 22.496509879080609 ], [ 88.393879945619588, 22.496507136502895 ] ] } },
{ "type": "Feature", "properties": { "ward": 109, "source_sheet": "109_Haltu.pdf p1", "source": "KMC ward sewerage network map (ArcMap GeoPDF)", "extraction_method": "geopdf_vector", "georef_max_residual_m": 0.3, "conduit_type": "pipe", "pipe_diameter_mm": 450.0, "diameter_source": "legend_colour", "diameter_candidates_mm": null, "label_diameter_mm": 450.0, "label_agrees": true, "scheme": null, "flow_arrow": "end" }, "geometry": { "type": "LineString", "coordinates": [ [ 88.410011845535124, 22.492482795003998 ], [ 88.409878501682314, 22.492480510166107 ], [ 88.409745192832176, 22.492481666157158 ], [ 88.409619255043722, 22.492479316741953 ], [ 88.409508164401558, 22.492480279896068 ], [ 88.409378523417459, 22.492477962541059 ], [ 88.409259991543152, 22.492475548787024 ], [ 88.409130385853956, 22.492476672169634 ], [ 88.409008150935179, 22.492474290181896 ], [ 88.40888595130869, 22.492475349182708 ], [ 88.408760048482549, 22.492476440179093 ], [ 88.407912161488667, 22.492494108762312 ] ] } },
{ "type": "Feature", "properties": { "ward": 109, "source_sheet": "109_Haltu.pdf p1", "source": "KMC ward sewerage network map (ArcMap GeoPDF)", "extraction_method": "geopdf_vector", "georef_max_residual_m": 0.3, "conduit_type": "pipe", "pipe_diameter_mm": 300.0, "diameter_source": "legend_colour", "diameter_candidates_mm": null, "label_diameter_mm": 300.0, "label_agrees": true, "scheme": null, "flow_arrow": "end" }, "geometry": { "type": "LineString", "coordinates": [ [ 88.400213936983306, 22.48602898874385 ], [ 88.400165031636718, 22.485953700893774 ], [ 88.40011616125723, 22.485881854267518 ], [ 88.400067291082379, 22.485810007478538 ], [ 88.400014648118315, 22.485731310638677 ], [ 88.399965742990105, 22.485656022714597 ], [ 88.399920645501211, 22.485591026051804 ], [ 88.399879285981783, 22.485529438598249 ], [ 88.399834153672799, 22.485461000806861 ], [ 88.399712517962186, 22.485517108697394 ], [ 88.39959468970892, 22.485583507645799 ], [ 88.399590986839684, 22.485583539512657 ] ] } },
{ "type": "Feature", "properties": { "ward": 109, "source_sheet": "109_Haltu.pdf p1", "source": "KMC ward sewerage network map (ArcMap GeoPDF)", "extraction_method": "geopdf_vector", "georef_max_residual_m": 0.3, "conduit_type": "pipe", "pipe_diameter_mm": 1000.0, "diameter_source": "legend_colour", "diameter_candidates_mm": null, "label_diameter_mm": 1000.0, "label_agrees": true, "scheme": null, "flow_arrow": "end" }, "geometry": { "type": "LineString", "coordinates": [ [ 88.393590537867013, 22.481787676006114 ], [ 88.393454751559545, 22.48190928542882 ], [ 88.393297026188066, 22.482058613219525 ], [ 88.393161239359159, 22.482180222417366 ], [ 88.393036525785007, 22.482298295266585 ], [ 88.392911777273653, 22.482412927060963 ], [ 88.393354451323731, 22.48334517376049 ], [ 88.393318604376958, 22.483462485680501 ], [ 88.392380347528288, 22.483694206096207 ] ] } },
{ "type": "Feature", "properties": { "ward": 109, "source_sheet": "109_Haltu.pdf p1", "source": "KMC ward sewerage network map (ArcMap GeoPDF)", "extraction_method": "geopdf_vector", "georef_max_residual_m": 0.3, "conduit_type": "pipe", "pipe_diameter_mm": 450.0, "diameter_source": "legend_colour", "diameter_candidates_mm": null, "label_diameter_mm": 450.0, "label_agrees": true, "scheme": "KEIIP", "flow_arrow": "end" }, "geometry": { "type": "LineString", "coordinates": [ [ 88.394343516904129, 22.48337799367377 ], [ 88.394451037249326, 22.483390837088056 ], [ 88.39455482002289, 22.483400271213281 ], [ 88.394677116904106, 22.483409546660283 ], [ 88.394803081684017, 22.483415349010148 ], [ 88.395021616791212, 22.483420357458623 ], [ 88.395221637648746, 22.483425524430057 ] ] } },
{ "type": "Feature", "properties": { "ward": 109, "source_sheet": "109_Haltu.pdf p1", "source": "KMC ward sewerage network map (ArcMap GeoPDF)", "extraction_method": "geopdf_vector", "georef_max_residual_m": 0.3, "conduit_type": "pipe", "pipe_diameter_mm": 300.0, "diameter_source": "legend_colour", "diameter_candidates_mm": null, "label_diameter_mm": 300.0, "label_agrees": true, "scheme": null, "flow_arrow": "end" }, "geometry": { "type": "LineString", "coordinates": [ [ 88.408994633270325, 22.488974607984705 ], [ 88.409037100834837, 22.48878152737921 ], [ 88.409083060255838, 22.488567768601303 ], [ 88.409114875601176, 22.488419517049106 ], [ 88.409143128667452, 22.48828506163035 ], [ 88.409171346393293, 22.488147165124317 ], [ 88.409482777048169, 22.488182320164494 ] ] } },
{ "type": "Feature", "properties": { "ward": 109, "source_sheet": "109_Haltu.pdf p1", "source": "KMC ward sewerage network map (ArcMap GeoPDF)", "extraction_method": "geopdf_vector", "georef_max_residual_m": 0.3, "conduit_type": "pipe", "pipe_diameter_mm": 300.0, "diameter_source": "legend_colour", "diameter_candidates_mm": null, "label_diameter_mm": 300.0, "label_agrees": true, "scheme": null, "flow_arrow": "end" }, "geometry": { "type": "LineString", "coordinates": [ [ 88.415094220458144, 22.487200991474872 ], [ 88.415030142680621, 22.487091427723303 ], [ 88.414791289393634, 22.486911117527868 ], [ 88.41457803942734, 22.48669961262495 ], [ 88.414433557382509, 22.486693986978267 ], [ 88.414249507483518, 22.486802267857229 ], [ 88.413661280918362, 22.486859002266041 ], [ 88.413641497649849, 22.48673528756288 ], [ 88.41361783547778, 22.486594400224678 ], [ 88.413605916224228, 22.486515354143958 ], [ 88.413590118049811, 22.486419135287118 ], [ 88.413566878769103, 22.486319539727166 ], [ 88.413543569195525, 22.486213062289192 ], [ 88.413512677729599, 22.486089444112736 ], [ 88.413485629993687, 22.485979557912355 ], [ 88.413473957725216, 22.485924598642988 ], [ 88.413462285312946, 22.485869639373288 ], [ 88.4134469100578, 22.485814712287326 ], [ 88.413435343539973, 22.485770075962655 ], [ 88.413412386413739, 22.485698008276572 ], [ 88.41337814473539, 22.485608832313122 ], [ 88.413351449741768, 22.485533355860326 ], [ 88.413320981462959, 22.485451029567866 ] ] } },
{ "type": "Feature", "properties": { "ward": 109, "source_sheet": "109_Haltu.pdf p1", "source": "KMC ward sewerage network map (ArcMap GeoPDF)", "extraction_method": "geopdf_vector", "georef_max_residual_m": 0.3, "conduit_type": "pipe", "pipe_diameter_mm": 300.0, "diameter_source": "legend_colour", "diameter_candidates_mm": null, "label_diameter_mm": 300.0, "label_agrees": true, "scheme": null, "flow_arrow": "end" }, "geometry": { "type": "LineString", "coordinates": [ [ 88.413848862605988, 22.4856494772086 ], [ 88.413891074302185, 22.485793644483241 ], [ 88.413929477482966, 22.485927520988859 ], [ 88.414055374104748, 22.485926426258327 ], [ 88.414133204270371, 22.485932632064635 ], [ 88.414203628729922, 22.485938902239038 ], [ 88.414285161760361, 22.485945075768235 ], [ 88.414362991938631, 22.485951281319089 ], [ 88.414466671426652, 22.485950379504434 ], [ 88.414574053764454, 22.485949445411698 ] ] } },
{ "type": "Feature", "properties": { "ward": 109, "source_sheet": "109_Haltu.pdf p1", "source": "KMC ward sewerage network map (ArcMap GeoPDF)", "extraction_method": "geopdf_vector", "georef_max_residual_m": 0.3, "conduit_type": "pipe", "pipe_diameter_mm": 300.0, "diameter_source": "legend_colour", "diameter_candidates_mm": null, "label_diameter_mm": 300.0, "label_agrees": true, "scheme": null, "flow_arrow": "end" }, "geometry": { "type": "LineString", "coordinates": [ [ 88.409973668649087, 22.486209642064278 ], [ 88.409833171131226, 22.486231507962479 ], [ 88.409714890633651, 22.486253181141642 ], [ 88.409607648419282, 22.486267876060591 ], [ 88.409511514792825, 22.486282474479388 ], [ 88.409404272526544, 22.486297169265178 ], [ 88.409293362497635, 22.486315337012925 ], [ 88.40917874955997, 22.486333536630504 ] ] } },
{ "type": "Feature", "properties": { "ward": 109, "source_sheet": "109_Haltu.pdf p1", "source": "KMC ward sewerage network map (ArcMap GeoPDF)", "extraction_method": "geopdf_vector", "georef_max_residual_m": 0.3, "conduit_type": "pipe", "pipe_diameter_mm": 300.0, "diameter_source": "legend_colour", "diameter_candidates_mm": null, "label_diameter_mm": 300.0, "label_agrees": true, "scheme": null, "flow_arrow": "end" }, "geometry": { "type": "LineString", "coordinates": [ [ 88.414042333001859, 22.483930589016762 ], [ 88.414186706413275, 22.483925892358954 ], [ 88.414331115064982, 22.483924636507307 ], [ 88.414512551565437, 22.483923058459126 ], [ 88.414671771397934, 22.48392167347269 ], [ 88.414786557608807, 22.483920674898091 ], [ 88.414905011494625, 22.483916202946673 ], [ 88.415023500643954, 22.483915171985942 ], [ 88.415145692586393, 22.483914108716391 ], [ 88.41528269556639, 22.483912916456475 ], [ 88.415390076294784, 22.483911981900953 ], [ 88.415493754218076, 22.483911079503791 ], [ 88.415590026691845, 22.483910241502851 ], [ 88.415723326842709, 22.483909081100641 ], [ 88.415856626984777, 22.48390792058828 ], [ 88.415978818876781, 22.483906856687611 ], [ 88.416078793971479, 22.483905986155317 ], [ 88.416230608080426, 22.483904664116658 ], [ 88.416367646450567, 22.483906912009274 ], [ 88.416523163184877, 22.483905557446516 ], [ 88.416567985050492, 22.483943021222441 ], [ 88.416481312630495, 22.484518471891615 ] ] } },
{ "type": "Feature", "properties": { "ward": 109, "source_sheet": "109_Haltu.pdf p1", "source": "KMC ward sewerage network map (ArcMap GeoPDF)", "extraction_method": "geopdf_vector", "georef_max_residual_m": 0.3, "conduit_type": "pipe", "pipe_diameter_mm": 300.0, "diameter_source": "legend_colour", "diameter_candidates_mm": null, "label_diameter_mm": 300.0, "label_agrees": true, "scheme": null, "flow_arrow": "end" }, "geometry": { "type": "LineString", "coordinates": [ [ 88.415620330585057, 22.485420705297013 ], [ 88.415731274117249, 22.485405974203605 ], [ 88.415823738883233, 22.485394845307287 ], [ 88.415908797801208, 22.48538378084287 ], [ 88.416001262532262, 22.485372651846138 ] ] } },
{ "type": "Feature", "properties": { "ward": 109, "source_sheet": "109_Haltu.pdf p1", "source": "KMC ward sewerage network map (ArcMap GeoPDF)", "extraction_method": "geopdf_vector", "georef_max_residual_m": 0.3, "conduit_type": "pipe", "pipe_diameter_mm": 300.0, "diameter_source": "legend_colour", "diameter_candidates_mm": null, "label_diameter_mm": 300.0, "label_agrees": true, "scheme": null, "flow_arrow": "end" }, "geometry": { "type": "LineString", "coordinates": [ [ 88.414423612946649, 22.485362292818721 ], [ 88.414492026996086, 22.485533762508528 ], [ 88.414531065453446, 22.485729576664006 ], [ 88.414574053764454, 22.485949445411698 ], [ 88.414590346299491, 22.486093838077519 ], [ 88.414610271353979, 22.486231316369466 ], [ 88.414660559917067, 22.486440797839879 ], [ 88.414664438985426, 22.486457970581029 ], [ 88.414753272244354, 22.486453756340865 ], [ 88.414842070221738, 22.486446101262203 ], [ 88.414956682269164, 22.486427897506253 ], [ 88.415071294127614, 22.486409693671614 ], [ 88.415200682285572, 22.486387919917764 ], [ 88.415330070242788, 22.486366146063389 ] ] } },
{ "type": "Feature", "properties": { "ward": 109, "source_sheet": "109_Haltu.pdf p1", "source": "KMC ward sewerage network map (ArcMap GeoPDF)", "extraction_method": "geopdf_vector", "georef_max_residual_m": 0.3, "conduit_type": "pipe", "pipe_diameter_mm": 300.0, "diameter_source": "legend_colour", "diameter_candidates_mm": null, "label_diameter_mm": 300.0, "label_agrees": true, "scheme": null, "flow_arrow": "end" }, "geometry": { "type": "LineString", "coordinates": [ [ 88.414574053764454, 22.485949445411698 ], [ 88.414666589407375, 22.485945199168871 ], [ 88.414759125195758, 22.485940952871839 ], [ 88.414844255110964, 22.485936770815393 ], [ 88.414966378281889, 22.485928825580732 ], [ 88.415073725300303, 22.485924450222932 ], [ 88.415158855341815, 22.485920268143303 ] ] } },
{ "type": "Feature", "properties": { "ward": 109, "source_sheet": "109_Haltu.pdf p1", "source": "KMC ward sewerage network map (ArcMap GeoPDF)", "extraction_method": "geopdf_vector", "georef_max_residual_m": 0.3, "conduit_type": "pipe", "pipe_diameter_mm": 300.0, "diameter_source": "legend_colour", "diameter_candidates_mm": null, "label_diameter_mm": 300.0, "label_agrees": true, "scheme": null, "flow_arrow": "end" }, "geometry": { "type": "LineString", "coordinates": [ [ 88.414331115064982, 22.483924636507307 ], [ 88.414326178230809, 22.483804234119734 ], [ 88.414321417699767, 22.483701036692235 ], [ 88.414320077913885, 22.483570279149003 ], [ 88.414319055451855, 22.483470490450831 ], [ 88.414318032997031, 22.483370701894763 ], [ 88.414317045802733, 22.483274354129357 ], [ 88.414316058615242, 22.48317800650613 ], [ 88.414311262885036, 22.483071368133675 ], [ 88.414321384039113, 22.482974923759993 ], [ 88.414327802410753, 22.482878511730316 ], [ 88.414334079596955, 22.482768335672301 ], [ 88.414332880885596, 22.482651342143665 ], [ 88.414335490713142, 22.482544639218805 ], [ 88.414334362524215, 22.482434527558301 ], [ 88.414333269598785, 22.482327856975314 ], [ 88.414332035657708, 22.482207422361128 ], [ 88.414272509839137, 22.482180409643401 ], [ 88.414262812856521, 22.481956809766825 ], [ 88.41425752372534, 22.48180199755166 ], [ 88.414248954902519, 22.481688509337744 ], [ 88.414247544812142, 22.481550869742097 ], [ 88.414241903377288, 22.481361647579995 ] ] } },
{ "type": "Feature", "properties": { "ward": 109, "source_sheet": "109_Haltu.pdf p1", "source": "KMC ward sewerage network map (ArcMap GeoPDF)", "extraction_method": "geopdf_vector", "georef_max_residual_m": 0.3, "conduit_type": "pipe", "pipe_diameter_mm": 300.0, "diameter_source": "legend_colour", "diameter_candidates_mm": null, "label_diameter_mm": 300.0, "label_agrees": true, "scheme": null, "flow_arrow": "end" }, "geometry": { "type": "LineString", "coordinates": [ [ 88.416330117004236, 22.486023633335673 ], [ 88.416219102453923, 22.486031482856461 ], [ 88.41610808788505, 22.486039332158015 ], [ 88.416063689084183, 22.486043160187357 ] ] } },
{ "type": "Feature", "properties": { "ward": 109, "source_sheet": "109_Haltu.pdf p1", "source": "KMC ward sewerage network map (ArcMap GeoPDF)", "extraction_method": "geopdf_vector", "georef_max_residual_m": 0.3, "conduit_type": "pipe", "pipe_diameter_mm": 300.0, "diameter_source": "legend_colour", "diameter_candidates_mm": null, "label_diameter_mm": 300.0, "label_agrees": true, "scheme": null, "flow_arrow": "end" }, "geometry": { "type": "LineString", "coordinates": [ [ 88.409024241406627, 22.485708559025461 ], [ 88.409183182585494, 22.48567965138923 ], [ 88.409297759851071, 22.485658010709574 ], [ 88.409423410347728, 22.48563283273214 ], [ 88.409567504774742, 22.485600612010476 ], [ 88.409674641048312, 22.485575594319499 ], [ 88.409815032649163, 22.485543405622654 ], [ 88.409922203975071, 22.485521828568988 ], [ 88.410036745811681, 22.485496746435228 ], [ 88.410203021707588, 22.485460891578981 ], [ 88.410336042355965, 22.48543220760217 ], [ 88.410377336141934, 22.485486910255119 ], [ 88.410404627484866, 22.485620884126025 ], [ 88.410420810165249, 22.485754954479958 ], [ 88.41039912064366, 22.485806761990055 ], [ 88.410363147123704, 22.48591031291852 ], [ 88.410405179534578, 22.486037276440175 ], [ 88.410454476942874, 22.486150411666113 ], [ 88.410492349474012, 22.486232674336947 ], [ 88.410560407729008, 22.486369735790998 ], [ 88.410617111147261, 22.486482806853331 ], [ 88.410625607204622, 22.4865894133099 ] ] } },
{ "type": "Feature", "properties": { "ward": 109, "source_sheet": "109_Haltu.pdf p1", "source": "KMC ward sewerage network map (ArcMap GeoPDF)", "extraction_method": "geopdf_vector", "georef_max_residual_m": 0.3, "conduit_type": "pipe", "pipe_diameter_mm": 300.0, "diameter_source": "legend_colour", "diameter_candidates_mm": null, "label_diameter_mm": 300.0, "label_agrees": true, "scheme": null, "flow_arrow": "end" }, "geometry": { "type": "LineString", "coordinates": [ [ 88.413557223708878, 22.480675899259598 ], [ 88.413557118008413, 22.480665576303537 ], [ 88.413500981852124, 22.480246225971054 ], [ 88.413660197549959, 22.480244842199514 ], [ 88.413823115939792, 22.480243426084456 ], [ 88.413835386810803, 22.480356882177706 ], [ 88.413847552140638, 22.480460015311088 ], [ 88.413855873817809, 22.480549416736967 ], [ 88.413868039033787, 22.480652549866104 ], [ 88.413876078809267, 22.480714423217595 ], [ 88.413884153836236, 22.48077973764827 ], [ 88.413888667121071, 22.480858848301128 ], [ 88.413900938283646, 22.480972304374113 ], [ 88.413909647561795, 22.481099556525322 ], [ 88.413918216045587, 22.481213044924807 ], [ 88.413930663500324, 22.481343705958217 ], [ 88.413930874963683, 22.481364351865242 ] ] } },
{ "type": "Feature", "properties": { "ward": 109, "source_sheet": "109_Haltu.pdf p1", "source": "KMC ward sewerage network map (ArcMap GeoPDF)", "extraction_method": "geopdf_vector", "georef_max_residual_m": 0.3, "conduit_type": "pipe", "pipe_diameter_mm": 300.0, "diameter_source": "legend_colour", "diameter_candidates_mm": null, "label_diameter_mm": 300.0, "label_agrees": true, "scheme": null, "flow_arrow": "end" }, "geometry": { "type": "LineString", "coordinates": [ [ 88.397297794013099, 22.49426847666582 ], [ 88.3971534432754, 22.494276599860054 ], [ 88.396972166159799, 22.494295364125094 ], [ 88.396857509735582, 22.494310114420571 ], [ 88.396731778805375, 22.494328401174883 ], [ 88.396609716260329, 22.494343215064408 ], [ 88.396465504552012, 22.49436510162084 ], [ 88.396280349924609, 22.494366691851393 ] ] } },
{ "type": "Feature", "properties": { "ward": 109, "source_sheet": "109_Haltu.pdf p1", "source": "KMC ward sewerage network map (ArcMap GeoPDF)", "extraction_method": "geopdf_vector", "georef_max_residual_m": 0.3, "conduit_type": "pipe", "pipe_diameter_mm": 400.0, "diameter_source": "legend_colour", "diameter_candidates_mm": null, "label_diameter_mm": 400.0, "label_agrees": true, "scheme": null, "flow_arrow": "end" }, "geometry": { "type": "LineString", "coordinates": [ [ 88.3880797820227, 22.482099777651868 ], [ 88.387852804733498, 22.482359813527374 ], [ 88.387647801286178, 22.482595572476455 ], [ 88.387468301595064, 22.482789817827953 ], [ 88.387281534120035, 22.482997890206548 ], [ 88.387109404473236, 22.483188630920083 ] ] } },
{ "type": "Feature", "properties": { "ward": 109, "source_sheet": "109_Haltu.pdf p1", "source": "KMC ward sewerage network map (ArcMap GeoPDF)", "extraction_method": "geopdf_vector", "georef_max_residual_m": 0.3, "conduit_type": "pipe", "pipe_diameter_mm": 300.0, "diameter_source": "legend_colour", "diameter_candidates_mm": null, "label_diameter_mm": 300.0, "label_agrees": true, "scheme": null, "flow_arrow": "end" }, "geometry": { "type": "LineString", "coordinates": [ [ 88.389864174927965, 22.484624234996744 ], [ 88.389924182802645, 22.48469943121945 ], [ 88.389987928263707, 22.484778036741385 ], [ 88.390047901768853, 22.484849791938018 ], [ 88.390100400126599, 22.484914728321673 ] ] } },
{ "type": "Feature", "properties": { "ward": 109, "source_sheet": "109_Haltu.pdf p1", "source": "KMC ward sewerage network map (ArcMap GeoPDF)", "extraction_method": "geopdf_vector", "georef_max_residual_m": 0.3, "conduit_type": "pipe", "pipe_diameter_mm": 300.0, "diameter_source": "legend_colour", "diameter_candidates_mm": null, "label_diameter_mm": 300.0, "label_agrees": true, "scheme": null, "flow_arrow": "end" }, "geometry": { "type": "LineString", "coordinates": [ [ 88.406818681193116, 22.478955170065522 ], [ 88.406879978390776, 22.478792898501982 ], [ 88.406923288240478, 22.478682402275844 ], [ 88.406948435336034, 22.478606476085478 ] ] } },
{ "type": "Feature", "properties": { "ward": 109, "source_sheet": "109_Haltu.pdf p1", "source": "KMC ward sewerage network map (ArcMap GeoPDF)", "extraction_method": "geopdf_vector", "georef_max_residual_m": 0.3, "conduit_type": "pipe", "pipe_diameter_mm": 300.0, "diameter_source": "legend_colour", "diameter_candidates_mm": null, "label_diameter_mm": 300.0, "label_agrees": true, "scheme": null, "flow_arrow": "end" }, "geometry": { "type": "LineString", "coordinates": [ [ 88.40808218531437, 22.477942818072115 ], [ 88.408061162718468, 22.478060004292416 ], [ 88.408043667133711, 22.478159953583077 ], [ 88.408026206774451, 22.478263343817417 ], [ 88.408008640962208, 22.478356411067448 ], [ 88.40814979796184, 22.478399926119909 ], [ 88.408287252221925, 22.478443472958816 ], [ 88.408398717847064, 22.478480362200575 ], [ 88.408521291530192, 22.478517155318826 ] ] } },
{ "type": "Feature", "properties": { "ward": 109, "source_sheet": "109_Haltu.pdf p1", "source": "KMC ward sewerage network map (ArcMap GeoPDF)", "extraction_method": "geopdf_vector", "georef_max_residual_m": 0.3, "conduit_type": "pipe", "pipe_diameter_mm": 300.0, "diameter_source": "legend_colour", "diameter_candidates_mm": null, "label_diameter_mm": 300.0, "label_agrees": true, "scheme": null, "flow_arrow": "end" }, "geometry": { "type": "LineString", "coordinates": [ [ 88.41271677307229, 22.478879961496425 ], [ 88.41275947409784, 22.479072303363324 ] ] } },
{ "type": "Feature", "properties": { "ward": 109, "source_sheet": "109_Haltu.pdf p1", "source": "KMC ward sewerage network map (ArcMap GeoPDF)", "extraction_method": "geopdf_vector", "georef_max_residual_m": 0.3, "conduit_type": "pipe", "pipe_diameter_mm": 300.0, "diameter_source": "legend_colour", "diameter_candidates_mm": null, "label_diameter_mm": 300.0, "label_agrees": true, "scheme": null, "flow_arrow": "end" }, "geometry": { "type": "LineString", "coordinates": [ [ 88.413634484174864, 22.480988385659987 ], [ 88.413749197696816, 22.480980506072477 ], [ 88.413900938283646, 22.480972304374113 ] ] } },
{ "type": "Feature", "properties": { "ward": 109, "source_sheet": "109_Haltu.pdf p1", "source": "KMC ward sewerage network map (ArcMap GeoPDF)", "extraction_method": "geopdf_vector", "georef_max_residual_m": 0.3, "conduit_type": "pipe", "pipe_diameter_mm": 300.0, "diameter_source": "legend_colour", "diameter_candidates_mm": null, "label_diameter_mm": 300.0, "label_agrees": true, "scheme": null, "flow_arrow": "end" }, "geometry": { "type": "LineString", "coordinates": [ [ 88.413649641600983, 22.48716881988847 ], [ 88.413002449012197, 22.487253594810308 ] ] } },
{ "type": "Feature", "properties": { "ward": 109, "source_sheet": "109_Haltu.pdf p1", "source": "KMC ward sewerage network map (ArcMap GeoPDF)", "extraction_method": "geopdf_vector", "georef_max_residual_m": 0.3, "conduit_type": "pipe", "pipe_diameter_mm": 300.0, "diameter_source": "legend_colour", "diameter_candidates_mm": null, "label_diameter_mm": 300.0, "label_agrees": true, "scheme": null, "flow_arrow": "end" }, "geometry": { "type": "LineString", "coordinates": [ [ 88.415398271909083, 22.486155633515047 ], [ 88.415501810339322, 22.486140967154061 ], [ 88.415601645884237, 22.486126332819619 ], [ 88.415731068969052, 22.486107999588988 ] ] } },
{ "type": "Feature", "properties": { "ward": 109, "source_sheet": "109_Haltu.pdf p1", "source": "KMC ward sewerage network map (ArcMap GeoPDF)", "extraction_method": "geopdf_vector", "georef_max_residual_m": 0.3, "conduit_type": "pipe", "pipe_diameter_mm": 300.0, "diameter_source": "legend_colour", "diameter_candidates_mm": null, "label_diameter_mm": 300.0, "label_agrees": true, "scheme": null, "flow_arrow": "end" }, "geometry": { "type": "LineString", "coordinates": [ [ 88.414829295222802, 22.478696417452415 ], [ 88.414670504467139, 22.478739094101691 ], [ 88.414508011095236, 22.478781802798167 ], [ 88.414323336868776, 22.478828145593678 ], [ 88.414256865270232, 22.478845930079419 ], [ 88.414183023718252, 22.478867219860433 ], [ 88.414072226101837, 22.478895713533028 ], [ 88.413950355822024, 22.478927744631083 ], [ 88.413747238297489, 22.478981129741484 ], [ 88.413592114268383, 22.479020332239351 ], [ 88.413463049772417, 22.479073073255474 ], [ 88.413498276074762, 22.479258597199625 ], [ 88.413517740684313, 22.479351343075688 ], [ 88.413537029014321, 22.479426883971037 ], [ 88.413552790993876, 22.479519662017282 ], [ 88.4135165393634, 22.479595685589107 ], [ 88.413239578539617, 22.479670359583231 ], [ 88.413136361551835, 22.479715993287421 ], [ 88.413036847186333, 22.479761594761065 ], [ 88.412922592406943, 22.479814206715389 ], [ 88.41284127429131, 22.47982867836836 ], [ 88.412752585975412, 22.479846655099628 ], [ 88.412638014279665, 22.47986829811952 ], [ 88.412515896166852, 22.47987624118516 ], [ 88.412355835954926, 22.479795040105177 ] ] } },
{ "type": "Feature", "properties": { "ward": 109, "source_sheet": "109_Haltu.pdf p1", "source": "KMC ward sewerage network map (ArcMap GeoPDF)", "extraction_method": "geopdf_vector", "georef_max_residual_m": 0.3, "conduit_type": "pipe", "pipe_diameter_mm": 300.0, "diameter_source": "legend_colour", "diameter_candidates_mm": null, "label_diameter_mm": 300.0, "label_agrees": true, "scheme": null, "flow_arrow": "end" }, "geometry": { "type": "LineString", "coordinates": [ [ 88.415687478767055, 22.485829634543755 ], [ 88.415595048990937, 22.485844204309057 ], [ 88.415484175671267, 22.485865817191574 ], [ 88.415380637442979, 22.485880483674642 ], [ 88.415277134473513, 22.485898591025023 ], [ 88.415158855341815, 22.485920268143303 ] ] } },
{ "type": "Feature", "properties": { "ward": 109, "source_sheet": "109_Haltu.pdf p1", "source": "KMC ward sewerage network map (ArcMap GeoPDF)", "extraction_method": "geopdf_vector", "georef_max_residual_m": 0.3, "conduit_type": "pipe", "pipe_diameter_mm": 300.0, "diameter_source": "legend_colour", "diameter_candidates_mm": null, "label_diameter_mm": 300.0, "label_agrees": true, "scheme": null, "flow_arrow": "end" }, "geometry": { "type": "LineString", "coordinates": [ [ 88.391586033461934, 22.482042288419233 ], [ 88.391525505585534, 22.481915477374351 ], [ 88.391468784521919, 22.481798957821457 ], [ 88.391400608497662, 22.481648122845527 ], [ 88.391336343519029, 22.481517902409461 ], [ 88.391272009299215, 22.481380799999204 ] ] } },
{ "type": "Feature", "properties": { "ward": 109, "source_sheet": "109_Haltu.pdf p1", "source": "KMC ward sewerage network map (ArcMap GeoPDF)", "extraction_method": "geopdf_vector", "georef_max_residual_m": 0.3, "conduit_type": "pipe", "pipe_diameter_mm": 300.0, "diameter_source": "legend_colour", "diameter_candidates_mm": null, "label_diameter_mm": null, "label_agrees": null, "scheme": null, "flow_arrow": "end" }, "geometry": { "type": "LineString", "coordinates": [ [ 88.399155181843298, 22.501400092921195 ], [ 88.399074163597504, 22.501445527287256 ], [ 88.399004220267216, 22.501487424897249 ] ] } },
{ "type": "Feature", "properties": { "ward": 109, "source_sheet": "109_Haltu.pdf p1", "source": "KMC ward sewerage network map (ArcMap GeoPDF)", "extraction_method": "geopdf_vector", "georef_max_residual_m": 0.3, "conduit_type": "pipe", "pipe_diameter_mm": 300.0, "diameter_source": "legend_colour", "diameter_candidates_mm": null, "label_diameter_mm": 300.0, "label_agrees": true, "scheme": null, "flow_arrow": "end" }, "geometry": { "type": "LineString", "coordinates": [ [ 88.400212830943218, 22.484094982678613 ], [ 88.400109605993961, 22.484140608401205 ], [ 88.400010118709645, 22.484189643142518 ], [ 88.399906928365382, 22.484238709699309 ], [ 88.399796332585154, 22.48428783993052 ] ] } },
{ "type": "Feature", "properties": { "ward": 109, "source_sheet": "109_Haltu.pdf p1", "source": "KMC ward sewerage network map (ArcMap GeoPDF)", "extraction_method": "geopdf_vector", "georef_max_residual_m": 0.3, "conduit_type": "pipe", "pipe_diameter_mm": 300.0, "diameter_source": "legend_colour", "diameter_candidates_mm": null, "label_diameter_mm": 300.0, "label_agrees": true, "scheme": null, "flow_arrow": "end" }, "geometry": { "type": "LineString", "coordinates": [ [ 88.410056170071414, 22.493920872007667 ], [ 88.40999385114516, 22.493983355881277 ], [ 88.409935235239601, 22.494045807473903 ], [ 88.40987295121441, 22.494111732244097 ], [ 88.40981098376264, 22.494208625857834 ], [ 88.409756352072264, 22.494298573352019 ] ] } },
{ "type": "Feature", "properties": { "ward": 109, "source_sheet": "109_Haltu.pdf p1", "source": "KMC ward sewerage network map (ArcMap GeoPDF)", "extraction_method": "geopdf_vector", "georef_max_residual_m": 0.3, "conduit_type": "pipe", "pipe_diameter_mm": 450.0, "diameter_source": "legend_colour", "diameter_candidates_mm": null, "label_diameter_mm": 450.0, "label_agrees": true, "scheme": null, "flow_arrow": "end" }, "geometry": { "type": "LineString", "coordinates": [ [ 88.408699086273018, 22.477796383378539 ], [ 88.408704298597016, 22.477944314140842 ], [ 88.408709651226658, 22.478106009114736 ], [ 88.408714898703636, 22.478257380959189 ], [ 88.408720181311381, 22.478412193745861 ], [ 88.408725183058536, 22.478539478676879 ], [ 88.4087302550423, 22.478673645496528 ], [ 88.408735221711609, 22.478797489476733 ], [ 88.408764300365917, 22.479106954822814 ], [ 88.408793484685219, 22.479426743123096 ], [ 88.408798521550054, 22.479557468977461 ], [ 88.408803663928907, 22.479698517806337 ], [ 88.408804366217723, 22.479767337710683 ] ] } },
{ "type": "Feature", "properties": { "ward": 109, "source_sheet": "109_Haltu.pdf p1", "source": "KMC ward sewerage network map (ArcMap GeoPDF)", "extraction_method": "geopdf_vector", "georef_max_residual_m": 0.3, "conduit_type": "pipe", "pipe_diameter_mm": 300.0, "diameter_source": "legend_colour", "diameter_candidates_mm": null, "label_diameter_mm": 300.0, "label_agrees": true, "scheme": null, "flow_arrow": "end" }, "geometry": { "type": "LineString", "coordinates": [ [ 88.405505733311358, 22.477658823872954 ], [ 88.405484148091958, 22.47772095394026 ], [ 88.405481356193761, 22.4778104519431 ], [ 88.405474966728306, 22.477910305075721 ], [ 88.40547224488634, 22.478006685121677 ], [ 88.405465890442343, 22.478109979203058 ], [ 88.405459991374173, 22.478258006358573 ], [ 88.405442459012761, 22.478354514366103 ] ] } },
{ "type": "Feature", "properties": { "ward": 109, "source_sheet": "109_Haltu.pdf p1", "source": "KMC ward sewerage network map (ArcMap GeoPDF)", "extraction_method": "geopdf_vector", "georef_max_residual_m": 0.3, "conduit_type": "pipe", "pipe_diameter_mm": 300.0, "diameter_source": "legend_colour", "diameter_candidates_mm": null, "label_diameter_mm": 300.0, "label_agrees": true, "scheme": null, "flow_arrow": "end" }, "geometry": { "type": "LineString", "coordinates": [ [ 88.411525030719346, 22.485821082028433 ], [ 88.411321831958034, 22.485867582580671 ], [ 88.411178054409817, 22.485930773600103 ], [ 88.411026906182329, 22.485997469840161 ], [ 88.410875757803382, 22.486064165945336 ], [ 88.410709868154214, 22.48613787243044 ], [ 88.410602942701985, 22.486183536888554 ], [ 88.410492349474012, 22.486232674336947 ] ] } },
{ "type": "Feature", "properties": { "ward": 109, "source_sheet": "109_Haltu.pdf p1", "source": "KMC ward sewerage network map (ArcMap GeoPDF)", "extraction_method": "geopdf_vector", "georef_max_residual_m": 0.3, "conduit_type": "pipe", "pipe_diameter_mm": 300.0, "diameter_source": "legend_colour", "diameter_candidates_mm": null, "label_diameter_mm": 300.0, "label_agrees": true, "scheme": null, "flow_arrow": "end" }, "geometry": { "type": "LineString", "coordinates": [ [ 88.410684788963877, 22.487669467229342 ], [ 88.410626345803607, 22.486661674184028 ], [ 88.410625607204622, 22.4865894133099 ] ] } },
{ "type": "Feature", "properties": { "ward": 109, "source_sheet": "109_Haltu.pdf p1", "source": "KMC ward sewerage network map (ArcMap GeoPDF)", "extraction_method": "geopdf_vector", "georef_max_residual_m": 0.3, "conduit_type": "pipe", "pipe_diameter_mm": 300.0, "diameter_source": "legend_colour", "diameter_candidates_mm": null, "label_diameter_mm": 300.0, "label_agrees": true, "scheme": null, "flow_arrow": "end" }, "geometry": { "type": "LineString", "coordinates": [ [ 88.411125528754638, 22.486588517070761 ], [ 88.411251602060759, 22.486604629478464 ], [ 88.411418969796145, 22.486675444126362 ], [ 88.412005295906155, 22.486432904553237 ], [ 88.411806017403791, 22.486138683304798 ], [ 88.41174641974186, 22.486104787710026 ] ] } },
{ "type": "Feature", "properties": { "ward": 109, "source_sheet": "109_Haltu.pdf p1", "source": "KMC ward sewerage network map (ArcMap GeoPDF)", "extraction_method": "geopdf_vector", "georef_max_residual_m": 0.3, "conduit_type": "pipe", "pipe_diameter_mm": 300.0, "diameter_source": "legend_colour", "diameter_candidates_mm": null, "label_diameter_mm": 300.0, "label_agrees": true, "scheme": null, "flow_arrow": "end" }, "geometry": { "type": "LineString", "coordinates": [ [ 88.413102644861766, 22.486550700030847 ], [ 88.412724988502049, 22.486557422860724 ], [ 88.412680378054816, 22.486540603922585 ] ] } },
{ "type": "Feature", "properties": { "ward": 109, "source_sheet": "109_Haltu.pdf p1", "source": "KMC ward sewerage network map (ArcMap GeoPDF)", "extraction_method": "geopdf_vector", "georef_max_residual_m": 0.3, "conduit_type": "pipe", "pipe_diameter_mm": 300.0, "diameter_source": "legend_colour", "diameter_candidates_mm": null, "label_diameter_mm": 300.0, "label_agrees": true, "scheme": null, "flow_arrow": "end" }, "geometry": { "type": "LineString", "coordinates": [ [ 88.412487105327799, 22.487918800856061 ], [ 88.412261228680833, 22.487920762829027 ], [ 88.412027981393081, 22.487926229733908 ], [ 88.411890974270747, 22.487927419430502 ], [ 88.411888749966437, 22.488071973227711 ], [ 88.411879260646728, 22.488230355218835 ], [ 88.411869841879621, 22.488395619079725 ], [ 88.411864090671642, 22.488557409849808 ], [ 88.411854777350555, 22.488732996803439 ], [ 88.4118488501082, 22.488877582741658 ], [ 88.411850434360531, 22.489032427181378 ], [ 88.411856390492275, 22.489252618404159 ], [ 88.411834877078533, 22.489321631055233 ], [ 88.41180257164028, 22.489421709163373 ], [ 88.411547526610647, 22.489468660372342 ], [ 88.411292375806056, 22.48950528808788 ], [ 88.411063110198242, 22.489538249665344 ], [ 88.410996562851011, 22.48954915104785 ] ] } },
{ "type": "Feature", "properties": { "ward": 109, "source_sheet": "109_Haltu.pdf p1", "source": "KMC ward sewerage network map (ArcMap GeoPDF)", "extraction_method": "geopdf_vector", "georef_max_residual_m": 0.3, "conduit_type": "pipe", "pipe_diameter_mm": 300.0, "diameter_source": "legend_colour", "diameter_candidates_mm": null, "label_diameter_mm": 300.0, "label_agrees": true, "scheme": null, "flow_arrow": "end" }, "geometry": { "type": "LineString", "coordinates": [ [ 88.413652276483759, 22.489233572921581 ], [ 88.413407847851119, 22.489232256649494 ], [ 88.413178195739661, 22.489227370193635 ] ] } },
{ "type": "Feature", "properties": { "ward": 109, "source_sheet": "109_Haltu.pdf p1", "source": "KMC ward sewerage network map (ArcMap GeoPDF)", "extraction_method": "geopdf_vector", "georef_max_residual_m": 0.3, "conduit_type": "pipe", "pipe_diameter_mm": 300.0, "diameter_source": "legend_colour", "diameter_candidates_mm": null, "label_diameter_mm": 300.0, "label_agrees": true, "scheme": null, "flow_arrow": "end" }, "geometry": { "type": "LineString", "coordinates": [ [ 88.412785368216575, 22.489199812346524 ], [ 88.412900229491925, 22.489205696903586 ], [ 88.413178195739661, 22.489227370193635 ] ] } },
{ "type": "Feature", "properties": { "ward": 109, "source_sheet": "109_Haltu.pdf p1", "source": "KMC ward sewerage network map (ArcMap GeoPDF)", "extraction_method": "geopdf_vector", "georef_max_residual_m": 0.3, "conduit_type": "pipe", "pipe_diameter_mm": 300.0, "diameter_source": "legend_colour", "diameter_candidates_mm": null, "label_diameter_mm": 300.0, "label_agrees": true, "scheme": null, "flow_arrow": "end" }, "geometry": { "type": "LineString", "coordinates": [ [ 88.413889723166506, 22.488914909479483 ], [ 88.413656403917912, 22.488913496812621 ], [ 88.413397199502583, 22.488915750205365 ], [ 88.413189836008087, 22.488917552619068 ], [ 88.412967484579539, 22.488902278519934 ], [ 88.412715509847871, 22.488887261638418 ], [ 88.412545034654556, 22.488874977460821 ], [ 88.412433876589205, 22.488869060469238 ] ] } },
{ "type": "Feature", "properties": { "ward": 109, "source_sheet": "109_Haltu.pdf p1", "source": "KMC ward sewerage network map (ArcMap GeoPDF)", "extraction_method": "geopdf_vector", "georef_max_residual_m": 0.3, "conduit_type": "pipe", "pipe_diameter_mm": 300.0, "diameter_source": "legend_colour", "diameter_candidates_mm": null, "label_diameter_mm": 300.0, "label_agrees": true, "scheme": null, "flow_arrow": "end" }, "geometry": { "type": "LineString", "coordinates": [ [ 88.413886620665025, 22.488612102589979 ], [ 88.413653231426068, 22.488603808024383 ], [ 88.413401362955199, 22.488599114994081 ], [ 88.413201335312678, 22.488593971152582 ], [ 88.413049410187128, 22.488584967652891 ], [ 88.412804876958546, 22.488573327314477 ], [ 88.412567749760186, 22.488561622407104 ], [ 88.4124454831625, 22.488555801916917 ] ] } },
{ "type": "Feature", "properties": { "ward": 109, "source_sheet": "109_Haltu.pdf p1", "source": "KMC ward sewerage network map (ArcMap GeoPDF)", "extraction_method": "geopdf_vector", "georef_max_residual_m": 0.3, "conduit_type": "pipe", "pipe_diameter_mm": 300.0, "diameter_source": "legend_colour", "diameter_candidates_mm": null, "label_diameter_mm": 300.0, "label_agrees": true, "scheme": null, "flow_arrow": "end" }, "geometry": { "type": "LineString", "coordinates": [ [ 88.412471971841811, 22.488249296561996 ], [ 88.412297864951483, 22.488243926262605 ], [ 88.412071882128984, 22.488235565044441 ], [ 88.411879260646728, 22.488230355218835 ], [ 88.411731250059475, 22.488241964207116 ], [ 88.411457411121262, 22.488261547841997 ], [ 88.41116509265558, 22.488284732922757 ], [ 88.411035596373836, 22.488296180596365 ], [ 88.410905959493434, 22.488293864125847 ], [ 88.410635436106219, 22.488275563490841 ], [ 88.410383427379301, 22.488257101807207 ], [ 88.410234994583817, 22.488227417584305 ] ] } },
{ "type": "Feature", "properties": { "ward": 109, "source_sheet": "109_Haltu.pdf p1", "source": "KMC ward sewerage network map (ArcMap GeoPDF)", "extraction_method": "geopdf_vector", "georef_max_residual_m": 0.3, "conduit_type": "pipe", "pipe_diameter_mm": 300.0, "diameter_source": "legend_colour", "diameter_candidates_mm": null, "label_diameter_mm": 300.0, "label_agrees": true, "scheme": null, "flow_arrow": "end" }, "geometry": { "type": "LineString", "coordinates": [ [ 88.412471971841811, 22.488249296561996 ], [ 88.412583094186999, 22.488251772473948 ], [ 88.412827591622218, 22.488259972244041 ], [ 88.413138776379768, 22.488271033181057 ], [ 88.413216960230486, 22.488311649141302 ] ] } },
{ "type": "Feature", "properties": { "ward": 109, "source_sheet": "109_Haltu.pdf p1", "source": "KMC ward sewerage network map (ArcMap GeoPDF)", "extraction_method": "geopdf_vector", "georef_max_residual_m": 0.3, "conduit_type": "pipe", "pipe_diameter_mm": 600.0, "diameter_source": "legend_colour", "diameter_candidates_mm": null, "label_diameter_mm": null, "label_agrees": null, "scheme": null, "flow_arrow": "end" }, "geometry": { "type": "LineString", "coordinates": [ [ 88.412535675062287, 22.487237002535412 ], [ 88.412528832943366, 22.487292122707455 ], [ 88.412518886500564, 22.487405771823134 ], [ 88.412509116144534, 22.487536625905225 ], [ 88.412504105271253, 22.487770677480277 ], [ 88.412487105327799, 22.487918800856061 ], [ 88.412477722350189, 22.4880875058012 ], [ 88.412471971841811, 22.488249296561996 ], [ 88.412458745199231, 22.488404269779625 ], [ 88.4124454831625, 22.488555801916917 ], [ 88.412439697410363, 22.48871415173458 ], [ 88.412433876589205, 22.488869060469238 ], [ 88.412428126053001, 22.489030851360919 ], [ 88.412422305072397, 22.489185760091946 ], [ 88.412406361407292, 22.489437113092514 ] ] } },
{ "type": "Feature", "properties": { "ward": 109, "source_sheet": "109_Haltu.pdf p1", "source": "KMC ward sewerage network map (ArcMap GeoPDF)", "extraction_method": "geopdf_vector", "georef_max_residual_m": 0.3, "conduit_type": "pipe", "pipe_diameter_mm": 450.0, "diameter_source": "legend_colour", "diameter_candidates_mm": null, "label_diameter_mm": 450.0, "label_agrees": true, "scheme": null, "flow_arrow": "end" }, "geometry": { "type": "LineString", "coordinates": [ [ 88.41325536927819, 22.487722854181829 ], [ 88.41321414118768, 22.488036370193868 ], [ 88.413215762132452, 22.488194655636423 ], [ 88.413216960230486, 22.488311649141302 ], [ 88.413207260997666, 22.488449385233892 ], [ 88.413201335312678, 22.488593971152582 ], [ 88.413195479945998, 22.488745438939819 ], [ 88.413189836008087, 22.488917552619068 ], [ 88.413183945397961, 22.489065579466811 ], [ 88.413178195739661, 22.489227370193635 ], [ 88.41316560415909, 22.489444281095093 ], [ 88.413159678295628, 22.489588867000705 ], [ 88.413171174791628, 22.489626621299553 ] ] } },
{ "type": "Feature", "properties": { "ward": 109, "source_sheet": "109_Haltu.pdf p1", "source": "KMC ward sewerage network map (ArcMap GeoPDF)", "extraction_method": "geopdf_vector", "georef_max_residual_m": 0.3, "conduit_type": "pipe", "pipe_diameter_mm": 300.0, "diameter_source": "legend_colour", "diameter_candidates_mm": null, "label_diameter_mm": 300.0, "label_agrees": true, "scheme": null, "flow_arrow": "end" }, "geometry": { "type": "LineString", "coordinates": [ [ 88.4124454831625, 22.488555801916917 ], [ 88.412256634605669, 22.488557442272224 ], [ 88.412004801344196, 22.488556187988312 ], [ 88.411864090671642, 22.488557409849808 ], [ 88.411730891454795, 22.488568890386766 ], [ 88.411482972078986, 22.488588249049652 ], [ 88.411190652937123, 22.488611434210917 ], [ 88.41103893891939, 22.488623074723776 ], [ 88.410916637235317, 22.488613812133448 ], [ 88.410612716642035, 22.488588918647419 ], [ 88.410356969245399, 22.488567047993804 ], [ 88.41024577626537, 22.488557688535789 ] ] } },
{ "type": "Feature", "properties": { "ward": 109, "source_sheet": "109_Haltu.pdf p1", "source": "KMC ward sewerage network map (ArcMap GeoPDF)", "extraction_method": "geopdf_vector", "georef_max_residual_m": 0.3, "conduit_type": "pipe", "pipe_diameter_mm": 300.0, "diameter_source": "legend_colour", "diameter_candidates_mm": null, "label_diameter_mm": 300.0, "label_agrees": true, "scheme": null, "flow_arrow": "end" }, "geometry": { "type": "LineString", "coordinates": [ [ 88.412433876589205, 22.488869060469238 ], [ 88.41224506282262, 22.488874141912138 ], [ 88.411989561259603, 22.488876360875548 ], [ 88.4118488501082, 22.488877582741658 ], [ 88.411741535789744, 22.488885397008417 ], [ 88.411426928228209, 22.4889018935095 ], [ 88.411145787455254, 22.488931864069176 ], [ 88.41103113767258, 22.488946624157858 ], [ 88.410901148210698, 22.488909897906314 ], [ 88.410634256209306, 22.488884683180924 ], [ 88.410382351881736, 22.488876544513172 ], [ 88.410256417380893, 22.48887419557153 ] ] } },
{ "type": "Feature", "properties": { "ward": 109, "source_sheet": "109_Haltu.pdf p1", "source": "KMC ward sewerage network map (ArcMap GeoPDF)", "extraction_method": "geopdf_vector", "georef_max_residual_m": 0.3, "conduit_type": "pipe", "pipe_diameter_mm": 300.0, "diameter_source": "legend_colour", "diameter_candidates_mm": null, "label_diameter_mm": 300.0, "label_agrees": true, "scheme": null, "flow_arrow": "end" }, "geometry": { "type": "LineString", "coordinates": [ [ 88.411892715666767, 22.489183476990885 ], [ 88.412048273962895, 22.489185567520764 ], [ 88.412274187899015, 22.489187046676808 ], [ 88.412422305072397, 22.489185760091946 ] ] } },
{ "type": "Feature", "properties": { "ward": 109, "source_sheet": "109_Haltu.pdf p1", "source": "KMC ward sewerage network map (ArcMap GeoPDF)", "extraction_method": "geopdf_vector", "georef_max_residual_m": 0.3, "conduit_type": "pipe", "pipe_diameter_mm": 300.0, "diameter_source": "legend_colour", "diameter_candidates_mm": null, "label_diameter_mm": 300.0, "label_agrees": true, "scheme": null, "flow_arrow": "end" }, "geometry": { "type": "LineString", "coordinates": [ [ 88.413037466033174, 22.487418472698344 ], [ 88.412535675062287, 22.487237002535412 ], [ 88.412650257498314, 22.486854023375493 ], [ 88.412726291761501, 22.486684739366297 ], [ 88.412721743526703, 22.48660218777572 ] ] } },
{ "type": "Feature", "properties": { "ward": 109, "source_sheet": "109_Haltu.pdf p1", "source": "KMC ward sewerage network map (ArcMap GeoPDF)", "extraction_method": "geopdf_vector", "georef_max_residual_m": 0.3, "conduit_type": "pipe", "pipe_diameter_mm": 300.0, "diameter_source": "legend_colour", "diameter_candidates_mm": null, "label_diameter_mm": 300.0, "label_agrees": true, "scheme": null, "flow_arrow": "end" }, "geometry": { "type": "LineString", "coordinates": [ [ 88.412785368216575, 22.489199812346524 ], [ 88.412655695322499, 22.489194056393725 ], [ 88.412422305072397, 22.489185760091946 ] ] } },
{ "type": "Feature", "properties": { "ward": 109, "source_sheet": "109_Haltu.pdf p1", "source": "KMC ward sewerage network map (ArcMap GeoPDF)", "extraction_method": "geopdf_vector", "georef_max_residual_m": 0.3, "conduit_type": "pipe", "pipe_diameter_mm": 300.0, "diameter_source": "legend_colour", "diameter_candidates_mm": null, "label_diameter_mm": 300.0, "label_agrees": true, "scheme": null, "flow_arrow": "end" }, "geometry": { "type": "LineString", "coordinates": [ [ 88.413840318514517, 22.488068780909856 ], [ 88.413423796565326, 22.487896896091868 ], [ 88.413367724623456, 22.487845764156727 ], [ 88.41325536927819, 22.487722854181829 ], [ 88.413165090442618, 22.487585987003751 ], [ 88.413116107410644, 22.487503821614023 ], [ 88.413093361511216, 22.487452399945997 ], [ 88.413002449012197, 22.487253594810308 ], [ 88.412972050959624, 22.487178150492323 ], [ 88.41294542613565, 22.487109556006807 ], [ 88.412907446233788, 22.487016971057226 ], [ 88.412842841821487, 22.486855791584052 ], [ 88.412721743526703, 22.48660218777572 ], [ 88.412680378054816, 22.486540603922585 ], [ 88.412646559248643, 22.486492719609963 ], [ 88.41256016082481, 22.486373024802802 ] ] } },
{ "type": "Feature", "properties": { "ward": 109, "source_sheet": "109_Haltu.pdf p1", "source": "KMC ward sewerage network map (ArcMap GeoPDF)", "extraction_method": "geopdf_vector", "georef_max_residual_m": 0.3, "conduit_type": "pipe", "pipe_diameter_mm": 450.0, "diameter_source": "legend_colour", "diameter_candidates_mm": null, "label_diameter_mm": 450.0, "label_agrees": true, "scheme": null, "flow_arrow": "end" }, "geometry": { "type": "LineString", "coordinates": [ [ 88.41256016082481, 22.486373024802802 ], [ 88.412525602529641, 22.486252879642038 ], [ 88.41250613748916, 22.48616013373735 ], [ 88.412464032719598, 22.48602628899225 ], [ 88.412403343477223, 22.485885722876318 ], [ 88.41236955999527, 22.485841279570543 ] ] } },
{ "type": "Feature", "properties": { "ward": 109, "source_sheet": "109_Haltu.pdf p1", "source": "KMC ward sewerage network map (ArcMap GeoPDF)", "extraction_method": "geopdf_vector", "georef_max_residual_m": 0.3, "conduit_type": "pipe", "pipe_diameter_mm": 450.0, "diameter_source": "legend_colour", "diameter_candidates_mm": null, "label_diameter_mm": 450.0, "label_agrees": true, "scheme": null, "flow_arrow": "end" }, "geometry": { "type": "LineString", "coordinates": [ [ 88.409482777048169, 22.488182320164494 ], [ 88.409451594754614, 22.488392509701391 ], [ 88.40939963586132, 22.488743972370241 ], [ 88.409368312787862, 22.488940397841937 ], [ 88.409340516716298, 22.489119586225318 ], [ 88.409316001971405, 22.489257450651213 ], [ 88.40929511985415, 22.489388400954997 ] ] } },
{ "type": "Feature", "properties": { "ward": 109, "source_sheet": "109_Haltu.pdf p1", "source": "KMC ward sewerage network map (ArcMap GeoPDF)", "extraction_method": "geopdf_vector", "georef_max_residual_m": 0.3, "conduit_type": "pipe", "pipe_diameter_mm": 300.0, "diameter_source": "legend_colour", "diameter_candidates_mm": null, "label_diameter_mm": 300.0, "label_agrees": true, "scheme": null, "flow_arrow": "end" }, "geometry": { "type": "LineString", "coordinates": [ [ 88.41470354412381, 22.483047308273036 ], [ 88.414581423599287, 22.483055253180449 ], [ 88.414455600122551, 22.483063230202209 ], [ 88.414311262885036, 22.483071368133675 ] ] } },
{ "type": "Feature", "properties": { "ward": 109, "source_sheet": "109_Haltu.pdf p1", "source": "KMC ward sewerage network map (ArcMap GeoPDF)", "extraction_method": "geopdf_vector", "georef_max_residual_m": 0.3, "conduit_type": "pipe", "pipe_diameter_mm": 300.0, "diameter_source": "legend_colour", "diameter_candidates_mm": null, "label_diameter_mm": 300.0, "label_agrees": true, "scheme": null, "flow_arrow": "end" }, "geometry": { "type": "LineString", "coordinates": [ [ 88.398627618540402, 22.500141674731577 ], [ 88.39851281799794, 22.500142662481675 ], [ 88.398394593327694, 22.500171210053065 ], [ 88.398261555563153, 22.50019988496479 ], [ 88.398121181140837, 22.500235505521388 ], [ 88.398095537544251, 22.500263256535085 ] ] } },
{ "type": "Feature", "properties": { "ward": 109, "source_sheet": "109_Haltu.pdf p1", "source": "KMC ward sewerage network map (ArcMap GeoPDF)", "extraction_method": "geopdf_vector", "georef_max_residual_m": 0.3, "conduit_type": "pipe", "pipe_diameter_mm": 450.0, "diameter_source": "legend_colour", "diameter_candidates_mm": null, "label_diameter_mm": 450.0, "label_agrees": true, "scheme": null, "flow_arrow": "end" }, "geometry": { "type": "LineString", "coordinates": [ [ 88.398095537544251, 22.500263256535085 ], [ 88.398134453855974, 22.50044875214326 ], [ 88.398188916021695, 22.500706381592224 ], [ 88.398230837955907, 22.500823025406639 ], [ 88.398276637851495, 22.500956842247515 ], [ 88.398348988743123, 22.50115237418628 ], [ 88.398371871429205, 22.501217562107747 ], [ 88.398403102709267, 22.501375593421198 ], [ 88.398489883347906, 22.501533146786858 ], [ 88.398508818438117, 22.501574279456928 ], [ 88.39852768389963, 22.501608530220832 ], [ 88.398299441179489, 22.501744704724803 ], [ 88.398262617669545, 22.501765669303211 ] ] } },
{ "type": "Feature", "properties": { "ward": 109, "source_sheet": "109_Haltu.pdf p1", "source": "KMC ward sewerage network map (ArcMap GeoPDF)", "extraction_method": "geopdf_vector", "georef_max_residual_m": 0.3, "conduit_type": "pipe", "pipe_diameter_mm": 300.0, "diameter_source": "legend_colour", "diameter_candidates_mm": null, "label_diameter_mm": 300.0, "label_agrees": true, "scheme": null, "flow_arrow": "end" }, "geometry": { "type": "LineString", "coordinates": [ [ 88.397384877428365, 22.499574223585693 ], [ 88.397430571440893, 22.499697717889507 ], [ 88.397457156520133, 22.499762874151376 ], [ 88.397525314120912, 22.499910264211561 ], [ 88.397692901524067, 22.500001738549809 ], [ 88.397786284625568, 22.500080085662226 ], [ 88.397954918836746, 22.500274789855698 ], [ 88.398095537544251, 22.500263256535085 ] ] } },
{ "type": "Feature", "properties": { "ward": 109, "source_sheet": "109_Haltu.pdf p1", "source": "KMC ward sewerage network map (ArcMap GeoPDF)", "extraction_method": "geopdf_vector", "georef_max_residual_m": 0.3, "conduit_type": "pipe", "pipe_diameter_mm": 300.0, "diameter_source": "legend_colour", "diameter_candidates_mm": null, "label_diameter_mm": 300.0, "label_agrees": true, "scheme": null, "flow_arrow": "end" }, "geometry": { "type": "LineString", "coordinates": [ [ 88.398869366298626, 22.501337168216065 ], [ 88.398847286337599, 22.501351123531343 ], [ 88.39869992318954, 22.501428100363096 ], [ 88.398611498177047, 22.501473598096723 ], [ 88.398534113194799, 22.50151211829078 ], [ 88.398489883347906, 22.501533146786858 ] ] } },
{ "type": "Feature", "properties": { "ward": 109, "source_sheet": "109_Haltu.pdf p1", "source": "KMC ward sewerage network map (ArcMap GeoPDF)", "extraction_method": "geopdf_vector", "georef_max_residual_m": 0.3, "conduit_type": "pipe", "pipe_diameter_mm": 300.0, "diameter_source": "legend_colour", "diameter_candidates_mm": null, "label_diameter_mm": 300.0, "label_agrees": true, "scheme": null, "flow_arrow": "end" }, "geometry": { "type": "LineString", "coordinates": [ [ 88.398639550170046, 22.501683276328649 ], [ 88.39852768389963, 22.501608530220832 ] ] } },
{ "type": "Feature", "properties": { "ward": 109, "source_sheet": "109_Haltu.pdf p1", "source": "KMC ward sewerage network map (ArcMap GeoPDF)", "extraction_method": "geopdf_vector", "georef_max_residual_m": 0.3, "conduit_type": "pipe", "pipe_diameter_mm": 400.0, "diameter_source": "legend_colour", "diameter_candidates_mm": null, "label_diameter_mm": 400.0, "label_agrees": true, "scheme": null, "flow_arrow": "end" }, "geometry": { "type": "LineString", "coordinates": [ [ 88.398876451470173, 22.498384468266948 ], [ 88.398750542910648, 22.498385551714218 ], [ 88.398521119189638, 22.498404732065634 ], [ 88.398461972778065, 22.498415564948939 ], [ 88.398332674789629, 22.498447648933571 ], [ 88.398221823038227, 22.498472691505661 ], [ 88.398166519316945, 22.498497256384653 ], [ 88.398144579091536, 22.498524975544907 ], [ 88.397983870636892, 22.498746601191993 ], [ 88.397724960019104, 22.49877979946486 ], [ 88.397436667518988, 22.498837338974599 ], [ 88.397137509389594, 22.498919060428591 ], [ 88.396901305336428, 22.499000240510274 ], [ 88.396672472607278, 22.499077915524833 ], [ 88.396432390685789, 22.499141921556308 ] ] } },
{ "type": "Feature", "properties": { "ward": 109, "source_sheet": "109_Haltu.pdf p1", "source": "KMC ward sewerage network map (ArcMap GeoPDF)", "extraction_method": "geopdf_vector", "georef_max_residual_m": 0.3, "conduit_type": "pipe", "pipe_diameter_mm": 300.0, "diameter_source": "legend_colour", "diameter_candidates_mm": null, "label_diameter_mm": 300.0, "label_agrees": true, "scheme": null, "flow_arrow": "end" }, "geometry": { "type": "LineString", "coordinates": [ [ 88.397030586100996, 22.496772603882366 ], [ 88.397011329525924, 22.497065280452514 ], [ 88.396995567130617, 22.49733727917307 ], [ 88.396983298626964, 22.497588600048349 ], [ 88.397022386783263, 22.497791301159047 ], [ 88.397052395773642, 22.497828897780764 ] ] } },
{ "type": "Feature", "properties": { "ward": 109, "source_sheet": "109_Haltu.pdf p1", "source": "KMC ward sewerage network map (ArcMap GeoPDF)", "extraction_method": "geopdf_vector", "georef_max_residual_m": 0.3, "conduit_type": "pipe", "pipe_diameter_mm": 300.0, "diameter_source": "legend_colour", "diameter_candidates_mm": null, "label_diameter_mm": 300.0, "label_agrees": true, "scheme": null, "flow_arrow": "end" }, "geometry": { "type": "LineString", "coordinates": [ [ 88.395436893420239, 22.494091745915938 ], [ 88.395581174532694, 22.494076742204129 ], [ 88.395714346459499, 22.494061833874689 ], [ 88.395884514225102, 22.494043166411132 ], [ 88.396039904514183, 22.494028066913788 ], [ 88.396176779267833, 22.494013126411481 ], [ 88.396217269405867, 22.493988689477167 ] ] } },
{ "type": "Feature", "properties": { "ward": 109, "source_sheet": "109_Haltu.pdf p1", "source": "KMC ward sewerage network map (ArcMap GeoPDF)", "extraction_method": "geopdf_vector", "georef_max_residual_m": 0.3, "conduit_type": "pipe", "pipe_diameter_mm": 300.0, "diameter_source": "legend_colour", "diameter_candidates_mm": null, "label_diameter_mm": 300.0, "label_agrees": true, "scheme": null, "flow_arrow": "end" }, "geometry": { "type": "LineString", "coordinates": [ [ 88.396890438598462, 22.49353897840636 ], [ 88.396757371874699, 22.493564210834872 ], [ 88.396620532487887, 22.493582592762873 ], [ 88.396502173508878, 22.493597374731468 ], [ 88.396350556522393, 22.493619324760449 ], [ 88.39622479144883, 22.493634170133202 ], [ 88.396168931836741, 22.493603677933862 ] ] } },
{ "type": "Feature", "properties": { "ward": 109, "source_sheet": "109_Haltu.pdf p1", "source": "KMC ward sewerage network map (ArcMap GeoPDF)", "extraction_method": "geopdf_vector", "georef_max_residual_m": 0.3, "conduit_type": "pipe", "pipe_diameter_mm": 300.0, "diameter_source": "legend_colour", "diameter_candidates_mm": null, "label_diameter_mm": 300.0, "label_agrees": true, "scheme": null, "flow_arrow": "end" }, "geometry": { "type": "LineString", "coordinates": [ [ 88.396105550471688, 22.492829927442465 ], [ 88.396002190392878, 22.492497007926762 ], [ 88.395921884923524, 22.492246481715675 ], [ 88.395887443322238, 22.49213665543293 ], [ 88.395837772122775, 22.491985664212589 ], [ 88.395807068675381, 22.491879247214563 ], [ 88.395784502284101, 22.491845027778655 ] ] } },
{ "type": "Feature", "properties": { "ward": 109, "source_sheet": "109_Haltu.pdf p1", "source": "KMC ward sewerage network map (ArcMap GeoPDF)", "extraction_method": "geopdf_vector", "georef_max_residual_m": 0.3, "conduit_type": "pipe", "pipe_diameter_mm": 300.0, "diameter_source": "legend_colour", "diameter_candidates_mm": null, "label_diameter_mm": 300.0, "label_agrees": true, "scheme": null, "flow_arrow": "end" }, "geometry": { "type": "LineString", "coordinates": [ [ 88.394800977676098, 22.492366223056202 ], [ 88.394649570375009, 22.492408817482861 ], [ 88.394498162975054, 22.492451411915081 ], [ 88.394376310404283, 22.49248686995282 ], [ 88.394239680140387, 22.492525896020865 ], [ 88.394125198629226, 22.492557849551698 ], [ 88.393999608020593, 22.492589898102853 ], [ 88.393870314128961, 22.492621978305163 ], [ 88.393752129373183, 22.492653963323704 ], [ 88.393645018996864, 22.492682411790476 ], [ 88.39338656996101, 22.492760335819185 ], [ 88.39354161164276, 22.492710828594102 ], [ 88.393301643087185, 22.492785152697319 ], [ 88.393198270325428, 22.492817010250121 ], [ 88.393043228385963, 22.492866517156312 ], [ 88.392925008454483, 22.492895060481015 ], [ 88.392696044060912, 22.49295896536708 ], [ 88.392810526286169, 22.492927012963456 ], [ 88.392622156527167, 22.492976804817964 ], [ 88.392489193709679, 22.493012356766783 ], [ 88.392385785834563, 22.493040772851721 ], [ 88.392323007292873, 22.493058516892884 ] ] } },
{ "type": "Feature", "properties": { "ward": 109, "source_sheet": "109_Haltu.pdf p1", "source": "KMC ward sewerage network map (ArcMap GeoPDF)", "extraction_method": "geopdf_vector", "georef_max_residual_m": 0.3, "conduit_type": "pipe", "pipe_diameter_mm": 300.0, "diameter_source": "legend_colour", "diameter_candidates_mm": null, "label_diameter_mm": 300.0, "label_agrees": true, "scheme": null, "flow_arrow": "end" }, "geometry": { "type": "LineString", "coordinates": [ [ 88.394627228833258, 22.492030464884444 ], [ 88.394497970409816, 22.492065986519858 ], [ 88.394413044032504, 22.492090804099142 ], [ 88.39428748869652, 22.492126293956346 ], [ 88.394169304467667, 22.492158279113248 ], [ 88.394043748844155, 22.492193768787761 ], [ 88.393925564646608, 22.492225753770018 ], [ 88.393803677179832, 22.492257770412429 ], [ 88.393648566578534, 22.492300395794576 ], [ 88.393545159504683, 22.492328812587363 ], [ 88.393456529709695, 22.492353661271988 ], [ 88.39343067796311, 22.492360765481859 ], [ 88.393308824998016, 22.492396222866994 ], [ 88.393164788499945, 22.492435311496436 ], [ 88.393065084272948, 22.492463696262174 ], [ 88.392939528044636, 22.492499184959609 ], [ 88.392799194383485, 22.49253824154891 ], [ 88.392666232032468, 22.492573793622196 ], [ 88.392540675587867, 22.492609282161865 ], [ 88.392389232479431, 22.492648433547547 ], [ 88.392289527915779, 22.492676817848295 ], [ 88.392219030995648, 22.492663656151723 ] ] } },
{ "type": "Feature", "properties": { "ward": 109, "source_sheet": "109_Haltu.pdf p1", "source": "KMC ward sewerage network map (ArcMap GeoPDF)", "extraction_method": "geopdf_vector", "georef_max_residual_m": 0.3, "conduit_type": "pipe", "pipe_diameter_mm": 300.0, "diameter_source": "legend_colour", "diameter_candidates_mm": null, "label_diameter_mm": 300.0, "label_agrees": true, "scheme": null, "flow_arrow": "end" }, "geometry": { "type": "LineString", "coordinates": [ [ 88.39354161164276, 22.492710828594102 ], [ 88.39349166448774, 22.492532308415665 ], [ 88.393449367042436, 22.492377811907062 ], [ 88.393384573173066, 22.492195977508242 ], [ 88.393338920296159, 22.49207592274378 ], [ 88.393304932687016, 22.492010829031795 ] ] } },
{ "type": "Feature", "properties": { "ward": 109, "source_sheet": "109_Haltu.pdf p1", "source": "KMC ward sewerage network map (ArcMap GeoPDF)", "extraction_method": "geopdf_vector", "georef_max_residual_m": 0.3, "conduit_type": "pipe", "pipe_diameter_mm": 300.0, "diameter_source": "legend_colour", "diameter_candidates_mm": null, "label_diameter_mm": 300.0, "label_agrees": true, "scheme": null, "flow_arrow": "end" }, "geometry": { "type": "LineString", "coordinates": [ [ 88.394200891763447, 22.490519943500665 ], [ 88.394145520634339, 22.490537624831873 ], [ 88.393968298429755, 22.490590763802974 ], [ 88.393757818640736, 22.490651070456536 ], [ 88.393547373254506, 22.490714817664763 ], [ 88.393370150562504, 22.490767956143127 ], [ 88.392993452028364, 22.490870981618713 ], [ 88.393133783970541, 22.49083192494038 ], [ 88.392657381638045, 22.49096333449307 ], [ 88.392421048905746, 22.491030743385583 ], [ 88.39222901320521, 22.491084007342817 ], [ 88.392066532136994, 22.491130135539557 ], [ 88.391948348134704, 22.491162119053918 ], [ 88.391859718735489, 22.491186966983669 ], [ 88.391800539982953, 22.49119435619231 ] ] } },
{ "type": "Feature", "properties": { "ward": 109, "source_sheet": "109_Haltu.pdf p1", "source": "KMC ward sewerage network map (ArcMap GeoPDF)", "extraction_method": "geopdf_vector", "georef_max_residual_m": 0.3, "conduit_type": "pipe", "pipe_diameter_mm": 300.0, "diameter_source": "legend_colour", "diameter_candidates_mm": null, "label_diameter_mm": null, "label_agrees": null, "scheme": null, "flow_arrow": "end" }, "geometry": { "type": "LineString", "coordinates": [ [ 88.393806651424242, 22.491452477738608 ], [ 88.393757191153298, 22.49132213179935 ], [ 88.393715241320066, 22.49120204539026 ], [ 88.39366200869317, 22.491064849223051 ], [ 88.393547373254506, 22.490714817664763 ] ] } },
{ "type": "Feature", "properties": { "ward": 109, "source_sheet": "109_Haltu.pdf p1", "source": "KMC ward sewerage network map (ArcMap GeoPDF)", "extraction_method": "geopdf_vector", "georef_max_residual_m": 0.3, "conduit_type": "pipe", "pipe_diameter_mm": 300.0, "diameter_source": "legend_colour", "diameter_candidates_mm": null, "label_diameter_mm": 300.0, "label_agrees": true, "scheme": null, "flow_arrow": "end" }, "geometry": { "type": "LineString", "coordinates": [ [ 88.39366200869317, 22.491064849223051 ], [ 88.393506934257303, 22.491110915227754 ], [ 88.393362933888255, 22.491153445076449 ], [ 88.393215230394304, 22.491196006385245 ], [ 88.393078600993476, 22.491235031426811 ], [ 88.392930897313505, 22.491277592626684 ], [ 88.392871788082516, 22.491291864155105 ], [ 88.392775787623577, 22.491320216986946 ], [ 88.39262438071178, 22.491362809632637 ], [ 88.392424973310042, 22.491419578233948 ], [ 88.392292011897752, 22.491455129953813 ], [ 88.392173862409734, 22.491490554751664 ], [ 88.392026158136119, 22.491533115005087 ], [ 88.391952271245074, 22.491550954117766 ], [ 88.391919048190516, 22.491561562445625 ] ] } },
{ "type": "Feature", "properties": { "ward": 109, "source_sheet": "109_Haltu.pdf p1", "source": "KMC ward sewerage network map (ArcMap GeoPDF)", "extraction_method": "geopdf_vector", "georef_max_residual_m": 0.3, "conduit_type": "pipe", "pipe_diameter_mm": 300.0, "diameter_source": "legend_colour", "diameter_candidates_mm": null, "label_diameter_mm": 300.0, "label_agrees": true, "scheme": "KEIIP", "flow_arrow": "end" }, "geometry": { "type": "LineString", "coordinates": [ [ 88.394950735814589, 22.489962902604223 ], [ 88.394969877002382, 22.490024682076246 ], [ 88.394992721049221, 22.490086429635387 ], [ 88.39504249508002, 22.49024774439993 ], [ 88.395103656448029, 22.490436491803734 ], [ 88.394848845895623, 22.490507503967098 ], [ 88.394701143611996, 22.490550066727096 ] ] } },
{ "type": "Feature", "properties": { "ward": 109, "source_sheet": "109_Haltu.pdf p1", "source": "KMC ward sewerage network map (ArcMap GeoPDF)", "extraction_method": "geopdf_vector", "georef_max_residual_m": 0.3, "conduit_type": "pipe", "pipe_diameter_mm": 400.0, "diameter_source": "legend_colour", "diameter_candidates_mm": null, "label_diameter_mm": 400.0, "label_agrees": true, "scheme": null, "flow_arrow": "end" }, "geometry": { "type": "LineString", "coordinates": [ [ 88.389365181515586, 22.486923858564207 ], [ 88.389498070256636, 22.486881427480796 ], [ 88.389605107939815, 22.486846099707023 ], [ 88.389671864125958, 22.486855853245448 ], [ 88.389735991876407, 22.486972310190733 ], [ 88.389788906837325, 22.487078538839551 ], [ 88.389841787378998, 22.487181326494376 ], [ 88.3898984054388, 22.48728752359462 ], [ 88.389958865320693, 22.487407452898296 ], [ 88.390003958958587, 22.487472452541411 ], [ 88.390151555721431, 22.487419571256812 ], [ 88.39035452266819, 22.487349009866826 ], [ 88.390638710765444, 22.487253664447216 ], [ 88.390661379157734, 22.487298207630495 ], [ 88.390725542464878, 22.487418105093287 ], [ 88.390778354460735, 22.487514010458305 ], [ 88.390835008048242, 22.487623648006981 ], [ 88.390902805236038, 22.487736631631162 ], [ 88.391019607866582, 22.487935229108952 ], [ 88.391083667727941, 22.488044803343055 ], [ 88.391162712960764, 22.488171455819959 ], [ 88.391268130070799, 22.488342619930751 ] ] } },
{ "type": "Feature", "properties": { "ward": 109, "source_sheet": "109_Haltu.pdf p1", "source": "KMC ward sewerage network map (ArcMap GeoPDF)", "extraction_method": "geopdf_vector", "georef_max_residual_m": 0.3, "conduit_type": "pipe", "pipe_diameter_mm": 300.0, "diameter_source": "legend_colour", "diameter_candidates_mm": null, "label_diameter_mm": 300.0, "label_agrees": true, "scheme": null, "flow_arrow": "end" }, "geometry": { "type": "LineString", "coordinates": [ [ 88.390265118370721, 22.4883993761566 ], [ 88.390360874734, 22.488346937676795 ], [ 88.390467670539408, 22.488287522224166 ], [ 88.390545016163387, 22.488245565135603 ], [ 88.390644475261738, 22.48819309483439 ], [ 88.39075497377182, 22.488133647537541 ], [ 88.390858101124934, 22.488077704475224 ], [ 88.39099808411784, 22.488004239504658 ], [ 88.391083667727941, 22.488044803343055 ] ] } },
{ "type": "Feature", "properties": { "ward": 109, "source_sheet": "109_Haltu.pdf p1", "source": "KMC ward sewerage network map (ArcMap GeoPDF)", "extraction_method": "geopdf_vector", "georef_max_residual_m": 0.3, "conduit_type": "pipe", "pipe_diameter_mm": 300.0, "diameter_source": "legend_colour", "diameter_candidates_mm": null, "label_diameter_mm": 300.0, "label_agrees": true, "scheme": null, "flow_arrow": "end" }, "geometry": { "type": "LineString", "coordinates": [ [ 88.39044599324356, 22.48760632661028 ], [ 88.390740701005569, 22.487452388687757 ], [ 88.390744403784197, 22.487452357022992 ] ] } },
{ "type": "Feature", "properties": { "ward": 109, "source_sheet": "109_Haltu.pdf p1", "source": "KMC ward sewerage network map (ArcMap GeoPDF)", "extraction_method": "geopdf_vector", "georef_max_residual_m": 0.3, "conduit_type": "pipe", "pipe_diameter_mm": 300.0, "diameter_source": "legend_colour", "diameter_candidates_mm": null, "label_diameter_mm": 300.0, "label_agrees": true, "scheme": null, "flow_arrow": "end" }, "geometry": { "type": "LineString", "coordinates": [ [ 88.390457524161135, 22.486178081040563 ], [ 88.390350452561094, 22.486209968233606 ], [ 88.390243346241874, 22.486238414388204 ], [ 88.390158422468943, 22.486263229456981 ], [ 88.39007349866479, 22.48628804462582 ], [ 88.389970060461749, 22.486313017841773 ], [ 88.38987406268609, 22.486341368817563 ], [ 88.3897928416811, 22.48636615219851 ], [ 88.389730308447696, 22.486407982329062 ], [ 88.389675111532284, 22.486442867217274 ], [ 88.389593855775644, 22.486464209388529 ], [ 88.389512565497441, 22.486482110548057 ], [ 88.389442383616441, 22.486499916765805 ], [ 88.389375904780294, 22.486517691319133 ], [ 88.389302054747716, 22.486538970080463 ], [ 88.389231838317073, 22.4865533350935 ], [ 88.389161656511874, 22.486571141191124 ], [ 88.389106078501342, 22.486568174636517 ] ] } },
{ "type": "Feature", "properties": { "ward": 109, "source_sheet": "109_Haltu.pdf p1", "source": "KMC ward sewerage network map (ArcMap GeoPDF)", "extraction_method": "geopdf_vector", "georef_max_residual_m": 0.3, "conduit_type": "pipe", "pipe_diameter_mm": 450.0, "diameter_source": "legend_colour", "diameter_candidates_mm": null, "label_diameter_mm": null, "label_agrees": null, "scheme": null, "flow_arrow": "end" }, "geometry": { "type": "LineString", "coordinates": [ [ 88.389588558955182, 22.488880060442568 ], [ 88.389524499814812, 22.488770485728281 ], [ 88.389475495054953, 22.488684871361205 ], [ 88.389377520528768, 22.488517083825965 ], [ 88.389249333595103, 22.488291051928332 ], [ 88.389317164539861, 22.488407477372856 ], [ 88.389143849803631, 22.488113004425692 ], [ 88.389011995495238, 22.48789044488954 ], [ 88.388925373260264, 22.487746649354293 ], [ 88.388834979001231, 22.487596003297771 ], [ 88.388774693288511, 22.48749327852871 ], [ 88.388710704732034, 22.487390585207308 ], [ 88.388612766578618, 22.487226238204499 ], [ 88.388514967320333, 22.48707565515663 ], [ 88.388420905670571, 22.486928481397332 ], [ 88.388292964350953, 22.486726535634528 ], [ 88.388259049731403, 22.486668322718714 ], [ 88.388172429084207, 22.486524526536357 ], [ 88.388108441447045, 22.486421833062209 ], [ 88.388029330769058, 22.486288296780234 ] ] } },
{ "type": "Feature", "properties": { "ward": 109, "source_sheet": "109_Haltu.pdf p1", "source": "KMC ward sewerage network map (ArcMap GeoPDF)", "extraction_method": "geopdf_vector", "georef_max_residual_m": 0.3, "conduit_type": "pipe", "pipe_diameter_mm": 300.0, "diameter_source": "legend_colour", "diameter_candidates_mm": null, "label_diameter_mm": null, "label_agrees": null, "scheme": null, "flow_arrow": "end" }, "geometry": { "type": "LineString", "coordinates": [ [ 88.393870538390487, 22.482012403839537 ], [ 88.394549223061105, 22.481380266959778 ] ] } },
{ "type": "Feature", "properties": { "ward": 109, "source_sheet": "109_Haltu.pdf p1", "source": "KMC ward sewerage network map (ArcMap GeoPDF)", "extraction_method": "geopdf_vector", "georef_max_residual_m": 0.3, "conduit_type": "pipe", "pipe_diameter_mm": 300.0, "diameter_source": "legend_colour", "diameter_candidates_mm": null, "label_diameter_mm": null, "label_agrees": null, "scheme": null, "flow_arrow": "end" }, "geometry": { "type": "LineString", "coordinates": [ [ 88.394102438617509, 22.482240984532471 ], [ 88.394788563391288, 22.481612224297855 ] ] } },
{ "type": "Feature", "properties": { "ward": 109, "source_sheet": "109_Haltu.pdf p1", "source": "KMC ward sewerage network map (ArcMap GeoPDF)", "extraction_method": "geopdf_vector", "georef_max_residual_m": 0.3, "conduit_type": "pipe", "pipe_diameter_mm": 1400.0, "diameter_source": "legend_colour", "diameter_candidates_mm": null, "label_diameter_mm": 1400.0, "label_agrees": true, "scheme": "KEIIP", "flow_arrow": "end" }, "geometry": { "type": "LineString", "coordinates": [ [ 88.395931602270323, 22.479661516947591 ], [ 88.395752133006681, 22.47949099123122 ], [ 88.395576401524494, 22.479323874489118 ], [ 88.395423130327956, 22.479180653998554 ], [ 88.395306607921341, 22.479009587745555 ], [ 88.395335290306534, 22.478916426171359 ], [ 88.395533669771154, 22.478759865146689 ], [ 88.395728172304132, 22.478586130697263 ], [ 88.395874957120498, 22.478454101223299 ], [ 88.396058420349689, 22.478287343655861 ], [ 88.396212575090715, 22.47815180938575 ], [ 88.39640337325109, 22.477978105973961 ], [ 88.396546488923164, 22.477849548691033 ], [ 88.396693272183896, 22.477717518539048 ], [ 88.39696483083344, 22.477474294712813 ], [ 88.397063896950812, 22.477383969865976 ], [ 88.397137322945866, 22.477321395554185 ], [ 88.397174001096857, 22.477286667495235 ], [ 88.397372167180578, 22.477109458334791 ], [ 88.397544623404741, 22.476953117674356 ], [ 88.397728117486167, 22.476789799484692 ], [ 88.397852891882565, 22.476678605304969 ], [ 88.397889604524494, 22.47664731806071 ], [ 88.398032612922208, 22.476508436546531 ], [ 88.398271052652305, 22.47628614328622 ], [ 88.398447209464507, 22.476129769924128 ], [ 88.39878485105136, 22.475830914146698 ], [ 88.398972009781247, 22.475664121873347 ], [ 88.399096782171398, 22.475552926817642 ], [ 88.39922888966781, 22.475434786063833 ], [ 88.399291275759168, 22.475379188455808 ], [ 88.39951147759642, 22.47518458073252 ], [ 88.399672960784756, 22.475042097683492 ], [ 88.399830810980461, 22.474906528407828 ], [ 88.400032707748835, 22.474732725373073 ], [ 88.40019055724045, 22.474597155775829 ], [ 88.400377747669452, 22.474433802974399 ], [ 88.400535596481959, 22.474298232925435 ], [ 88.400701021851575, 22.474544583368534 ], [ 88.400794982201901, 22.474681426924416 ], [ 88.40091954075082, 22.474914363636039 ], [ 88.400983950709204, 22.475058344031186 ], [ 88.401089263733937, 22.475219178717566 ], [ 88.401171523551255, 22.475297620511487 ], [ 88.401351133081292, 22.47548190433481 ], [ 88.401429865226859, 22.475577582804757 ], [ 88.401513243125791, 22.475766136619878 ], [ 88.401613946546874, 22.476202315570799 ], [ 88.401694146489476, 22.476442516362525 ], [ 88.401874841321359, 22.476733470699472 ], [ 88.402042157905498, 22.476800854920842 ], [ 88.402065631490842, 22.476924539742228 ] ] } },
{ "type": "Feature", "properties": { "ward": 109, "source_sheet": "109_Haltu.pdf p1", "source": "KMC ward sewerage network map (ArcMap GeoPDF)", "extraction_method": "geopdf_vector", "georef_max_residual_m": 0.3, "conduit_type": "pipe", "pipe_diameter_mm": 300.0, "diameter_source": "legend_colour", "diameter_candidates_mm": null, "label_diameter_mm": 300.0, "label_agrees": true, "scheme": null, "flow_arrow": "end" }, "geometry": { "type": "LineString", "coordinates": [ [ 88.391317562998367, 22.478919866521206 ], [ 88.391433525644175, 22.479035879516751 ], [ 88.391504639875691, 22.47911098026794 ] ] } },
{ "type": "Feature", "properties": { "ward": 109, "source_sheet": "109_Haltu.pdf p1", "source": "KMC ward sewerage network map (ArcMap GeoPDF)", "extraction_method": "geopdf_vector", "georef_max_residual_m": 0.3, "conduit_type": "pipe", "pipe_diameter_mm": 300.0, "diameter_source": "legend_colour", "diameter_candidates_mm": null, "label_diameter_mm": 300.0, "label_agrees": true, "scheme": null, "flow_arrow": "end" }, "geometry": { "type": "LineString", "coordinates": [ [ 88.400692447262188, 22.485013123359277 ], [ 88.400567144538016, 22.485072704848754 ], [ 88.400670335071354, 22.485023637855736 ], [ 88.400467656784599, 22.485121739892811 ], [ 88.400427135027257, 22.485142736653572 ], [ 88.400312730998351, 22.485181576138739 ], [ 88.400194624042825, 22.485220447425981 ], [ 88.400032536646606, 22.485304434293255 ], [ 88.399896264381226, 22.485377874882882 ], [ 88.399834153672799, 22.485461000806861 ] ] } },
{ "type": "Feature", "properties": { "ward": 109, "source_sheet": "109_Haltu.pdf p1", "source": "KMC ward sewerage network map (ArcMap GeoPDF)", "extraction_method": "geopdf_vector", "georef_max_residual_m": 0.3, "conduit_type": "pipe", "pipe_diameter_mm": 300.0, "diameter_source": "legend_colour", "diameter_candidates_mm": null, "label_diameter_mm": 300.0, "label_agrees": true, "scheme": null, "flow_arrow": "end" }, "geometry": { "type": "LineString", "coordinates": [ [ 88.401212381546941, 22.485160062170348 ], [ 88.401133539085507, 22.485054060822844 ], [ 88.401043413385466, 22.484930950214011 ], [ 88.400957025623526, 22.484811248602213 ], [ 88.400866690837532, 22.484667491858858 ], [ 88.400817715821631, 22.484585322278591 ], [ 88.400817261791261, 22.484540589149166 ] ] } },
{ "type": "Feature", "properties": { "ward": 109, "source_sheet": "109_Haltu.pdf p1", "source": "KMC ward sewerage network map (ArcMap GeoPDF)", "extraction_method": "geopdf_vector", "georef_max_residual_m": 0.3, "conduit_type": "pipe", "pipe_diameter_mm": 300.0, "diameter_source": "legend_colour", "diameter_candidates_mm": null, "label_diameter_mm": 300.0, "label_agrees": true, "scheme": null, "flow_arrow": "end" }, "geometry": { "type": "LineString", "coordinates": [ [ 88.401297860775855, 22.484825518773558 ], [ 88.401241444827789, 22.484739972194969 ], [ 88.401121033109831, 22.484551737705399 ], [ 88.401181256393869, 22.484647575441162 ], [ 88.401072197718548, 22.484483332168136 ], [ 88.401086345363822, 22.484417825431663 ] ] } },
{ "type": "Feature", "properties": { "ward": 109, "source_sheet": "109_Haltu.pdf p1", "source": "KMC ward sewerage network map (ArcMap GeoPDF)", "extraction_method": "geopdf_vector", "georef_max_residual_m": 0.3, "conduit_type": "pipe", "pipe_diameter_mm": 300.0, "diameter_source": "legend_colour", "diameter_candidates_mm": null, "label_diameter_mm": 300.0, "label_agrees": true, "scheme": null, "flow_arrow": "end" }, "geometry": { "type": "LineString", "coordinates": [ [ 88.401623779733498, 22.484829592867168 ], [ 88.401559853223318, 22.484733787086022 ], [ 88.401492119137544, 22.484627690321812 ], [ 88.401420682320065, 22.484521625429959 ], [ 88.401360493719807, 22.484429228743259 ], [ 88.401289057108585, 22.484323163636819 ] ] } },
{ "type": "Feature", "properties": { "ward": 109, "source_sheet": "109_Haltu.pdf p1", "source": "KMC ward sewerage network map (ArcMap GeoPDF)", "extraction_method": "geopdf_vector", "georef_max_residual_m": 0.3, "conduit_type": "pipe", "pipe_diameter_mm": 300.0, "diameter_source": "legend_colour", "diameter_candidates_mm": null, "label_diameter_mm": 300.0, "label_agrees": true, "scheme": null, "flow_arrow": "end" }, "geometry": { "type": "LineString", "coordinates": [ [ 88.401866943317032, 22.484707051240974 ], [ 88.401791733440305, 22.484594136398954 ], [ 88.40170157255362, 22.484467585069048 ], [ 88.40162259022388, 22.484347819994198 ], [ 88.401566244335342, 22.484269155574399 ], [ 88.40157288108648, 22.484193389623357 ] ] } },
{ "type": "Feature", "properties": { "ward": 109, "source_sheet": "109_Haltu.pdf p1", "source": "KMC ward sewerage network map (ArcMap GeoPDF)", "extraction_method": "geopdf_vector", "georef_max_residual_m": 0.3, "conduit_type": "pipe", "pipe_diameter_mm": 300.0, "diameter_source": "legend_colour", "diameter_candidates_mm": null, "label_diameter_mm": 300.0, "label_agrees": true, "scheme": null, "flow_arrow": "end" }, "geometry": { "type": "LineString", "coordinates": [ [ 88.400339950684469, 22.483849555275302 ], [ 88.400381379839288, 22.483918024691619 ], [ 88.40045669295921, 22.484041263288194 ], [ 88.400513142896187, 22.48413025128793 ], [ 88.400573400495134, 22.484229530385083 ], [ 88.400607249773984, 22.484280858439373 ], [ 88.400701356707586, 22.484431465524075 ], [ 88.400757842046588, 22.484523894371456 ], [ 88.400817261791261, 22.484540589149166 ] ] } },
{ "type": "Feature", "properties": { "ward": 109, "source_sheet": "109_Haltu.pdf p1", "source": "KMC ward sewerage network map (ArcMap GeoPDF)", "extraction_method": "geopdf_vector", "georef_max_residual_m": 0.3, "conduit_type": "pipe", "pipe_diameter_mm": 300.0, "diameter_source": "legend_colour", "diameter_candidates_mm": null, "label_diameter_mm": 300.0, "label_agrees": true, "scheme": null, "flow_arrow": "end" }, "geometry": { "type": "LineString", "coordinates": [ [ 88.400594047559579, 22.483709714877147 ], [ 88.400635476789859, 22.483778184225041 ], [ 88.400676906063737, 22.483846653703011 ], [ 88.40073716363969, 22.483945932599244 ], [ 88.400793683556145, 22.484041802548077 ], [ 88.400865259502751, 22.484161631866051 ], [ 88.400933097661394, 22.484278051943324 ], [ 88.401000935939066, 22.484394472127992 ], [ 88.401023676749674, 22.484445895777636 ] ] } },
{ "type": "Feature", "properties": { "ward": 109, "source_sheet": "109_Haltu.pdf p1", "source": "KMC ward sewerage network map (ArcMap GeoPDF)", "extraction_method": "geopdf_vector", "georef_max_residual_m": 0.3, "conduit_type": "pipe", "pipe_diameter_mm": 300.0, "diameter_source": "legend_colour", "diameter_candidates_mm": null, "label_diameter_mm": 300.0, "label_agrees": true, "scheme": null, "flow_arrow": "end" }, "geometry": { "type": "LineString", "coordinates": [ [ 88.400870744811655, 22.483607533824127 ], [ 88.400923422296458, 22.48368967151908 ], [ 88.400961079004702, 22.483751290760459 ], [ 88.401081489911064, 22.48393952543271 ], [ 88.401141712878882, 22.484035363205209 ], [ 88.401254509015999, 22.48420301550496 ], [ 88.401307117091676, 22.484278270993727 ], [ 88.401289057108585, 22.484323163636819 ] ] } },
{ "type": "Feature", "properties": { "ward": 109, "source_sheet": "109_Haltu.pdf p1", "source": "KMC ward sewerage network map (ArcMap GeoPDF)", "extraction_method": "geopdf_vector", "georef_max_residual_m": 0.3, "conduit_type": "pipe", "pipe_diameter_mm": 300.0, "diameter_source": "legend_colour", "diameter_candidates_mm": null, "label_diameter_mm": 300.0, "label_agrees": true, "scheme": null, "flow_arrow": "end" }, "geometry": { "type": "LineString", "coordinates": [ [ 88.401117400279219, 22.483464315476674 ], [ 88.401569038483288, 22.484179657431579 ], [ 88.40157288108648, 22.484193389623357 ] ] } },
{ "type": "Feature", "properties": { "ward": 109, "source_sheet": "109_Haltu.pdf p1", "source": "KMC ward sewerage network map (ArcMap GeoPDF)", "extraction_method": "geopdf_vector", "georef_max_residual_m": 0.3, "conduit_type": "pipe", "pipe_diameter_mm": 600.0, "diameter_source": "legend_colour", "diameter_candidates_mm": null, "label_diameter_mm": 600.0, "label_agrees": true, "scheme": "KEIIP", "flow_arrow": "end" }, "geometry": { "type": "LineString", "coordinates": [ [ 88.403850282038036, 22.48746707579782 ], [ 88.403685121638546, 22.487613036251773 ], [ 88.403585738331515, 22.487672396234274 ], [ 88.403512240227556, 22.487728091494734 ], [ 88.403416664513998, 22.487797742413591 ], [ 88.403343131281645, 22.48784999665326 ], [ 88.403218422169644, 22.48796807726346 ], [ 88.403080329886421, 22.487862588302981 ], [ 88.403026815350756, 22.488062645659262 ], [ 88.403005752451094, 22.488176390566782 ], [ 88.402984724351384, 22.48829357627972 ], [ 88.402956570378521, 22.48843835405831 ], [ 88.402939420231405, 22.488572712852818 ], [ 88.402921920060649, 22.488672661716851 ], [ 88.4029116858283, 22.488758782597959 ], [ 88.402904769864335, 22.48880702050706 ], [ 88.402831026018717, 22.488838628413646 ] ] } },
{ "type": "Feature", "properties": { "ward": 109, "source_sheet": "109_Haltu.pdf p1", "source": "KMC ward sewerage network map (ArcMap GeoPDF)", "extraction_method": "geopdf_vector", "georef_max_residual_m": 0.3, "conduit_type": "pipe", "pipe_diameter_mm": 400.0, "diameter_source": "legend_colour", "diameter_candidates_mm": null, "label_diameter_mm": 400.0, "label_agrees": true, "scheme": "KEIIP", "flow_arrow": "end" }, "geometry": { "type": "LineString", "coordinates": [ [ 88.401470946799321, 22.492023239679035 ], [ 88.401364217957422, 22.490995209403088 ] ] } },
{ "type": "Feature", "properties": { "ward": 109, "source_sheet": "109_Haltu.pdf p1", "source": "KMC ward sewerage network map (ArcMap GeoPDF)", "extraction_method": "geopdf_vector", "georef_max_residual_m": 0.3, "conduit_type": "pipe", "pipe_diameter_mm": 1000.0, "diameter_source": "legend_colour", "diameter_candidates_mm": null, "label_diameter_mm": null, "label_agrees": null, "scheme": null, "flow_arrow": "end" }, "geometry": { "type": "LineString", "coordinates": [ [ 88.405073318865689, 22.490835871292699 ], [ 88.405265488591553, 22.490796356216549 ], [ 88.405627714864238, 22.490727840447473 ], [ 88.405805107478372, 22.490691893735246 ], [ 88.405982499835517, 22.490655946833556 ], [ 88.406045695880479, 22.490679489516626 ] ] } },
{ "type": "Feature", "properties": { "ward": 109, "source_sheet": "109_Haltu.pdf p1", "source": "KMC ward sewerage network map (ArcMap GeoPDF)", "extraction_method": "geopdf_vector", "georef_max_residual_m": 0.3, "conduit_type": "pipe", "pipe_diameter_mm": 500.0, "diameter_source": "legend_colour", "diameter_candidates_mm": null, "label_diameter_mm": 500.0, "label_agrees": true, "scheme": "KEIIP", "flow_arrow": "end" }, "geometry": { "type": "LineString", "coordinates": [ [ 88.402950638676131, 22.491132946152575 ], [ 88.40337215025508, 22.491067365214544 ], [ 88.403471991026535, 22.491052738158647 ], [ 88.403571831774883, 22.491038111185297 ], [ 88.403764072328116, 22.491005479903919 ], [ 88.403960050797224, 22.490976257370615 ], [ 88.404144920156227, 22.49094713053945 ], [ 88.404400146184585, 22.490917395812232 ], [ 88.40454071958122, 22.49090241627151 ], [ 88.404603600261822, 22.49089499057758 ], [ 88.404703440736, 22.490880362771122 ], [ 88.404910597843283, 22.490857925161155 ] ] } },
{ "type": "Feature", "properties": { "ward": 109, "source_sheet": "109_Haltu.pdf p1", "source": "KMC ward sewerage network map (ArcMap GeoPDF)", "extraction_method": "geopdf_vector", "georef_max_residual_m": 0.3, "conduit_type": "pipe", "pipe_diameter_mm": 900.0, "diameter_source": "legend_colour", "diameter_candidates_mm": null, "label_diameter_mm": 900.0, "label_agrees": true, "scheme": "KEIIP", "flow_arrow": "end" }, "geometry": { "type": "LineString", "coordinates": [ [ 88.401470946799321, 22.492023239679035 ], [ 88.401308083812324, 22.492031526058671 ], [ 88.401048942100942, 22.492040641935805 ], [ 88.400749067050555, 22.492050108182045 ], [ 88.400512143300972, 22.492059031785978 ], [ 88.400256704451408, 22.492068114497105 ], [ 88.399975344409398, 22.492077419996615 ], [ 88.39976804467662, 22.492086087290755 ], [ 88.399531085966188, 22.492091568503309 ], [ 88.399327489193993, 22.492100203358689 ], [ 88.399116451554264, 22.492105460875607 ], [ 88.398909151816838, 22.492114127211348 ], [ 88.39870552004119, 22.492119320329603 ], [ 88.398464858093746, 22.492124831690671 ], [ 88.397342804917201, 22.492131037275399 ], [ 88.397289080460794, 22.491945668265725 ], [ 88.397233639684828, 22.491956468605657 ] ] } },
{ "type": "Feature", "properties": { "ward": 109, "source_sheet": "109_Haltu.pdf p1", "source": "KMC ward sewerage network map (ArcMap GeoPDF)", "extraction_method": "geopdf_vector", "georef_max_residual_m": 0.3, "conduit_type": "pipe", "pipe_diameter_mm": 800.0, "diameter_source": "legend_colour", "diameter_candidates_mm": null, "label_diameter_mm": 800.0, "label_agrees": true, "scheme": "KEIIP", "flow_arrow": "end" }, "geometry": { "type": "LineString", "coordinates": [ [ 88.402773465571912, 22.491919092019842 ], [ 88.402566236580071, 22.491934645077553 ], [ 88.402366413438898, 22.491950133850768 ], [ 88.402125892133967, 22.491969414744446 ], [ 88.401900182730913, 22.491988567570267 ], [ 88.401726280492056, 22.492003832056451 ], [ 88.401470946799321, 22.492023239679035 ] ] } },
{ "type": "Feature", "properties": { "ward": 109, "source_sheet": "109_Haltu.pdf p1", "source": "KMC ward sewerage network map (ArcMap GeoPDF)", "extraction_method": "geopdf_vector", "georef_max_residual_m": 0.3, "conduit_type": "pipe", "pipe_diameter_mm": 700.0, "diameter_source": "legend_colour", "diameter_candidates_mm": null, "label_diameter_mm": 700.0, "label_agrees": true, "scheme": "KEIIP", "flow_arrow": "end" }, "geometry": { "type": "LineString", "coordinates": [ [ 88.39609458155212, 22.491746009034841 ], [ 88.396215759779452, 22.492009949378744 ], [ 88.396336938336461, 22.492273889601083 ], [ 88.396326874162483, 22.49237721532355 ], [ 88.396372668845402, 22.492511033220961 ], [ 88.396426009222196, 22.492658551321632 ], [ 88.396430548224927, 22.492741103795815 ], [ 88.396105550471688, 22.492829927442465 ], [ 88.395739644578185, 22.492901895191018 ], [ 88.395403223460619, 22.492959843762765 ], [ 88.395092653790584, 22.493010687171896 ], [ 88.394992462480147, 22.492990898975869 ], [ 88.394950441422054, 22.492863930928984 ], [ 88.394762037870706, 22.492910284282857 ], [ 88.394629040978842, 22.49294239686354 ], [ 88.394492340945632, 22.492974541097112 ], [ 88.394359308983923, 22.493003212501744 ], [ 88.39424108926471, 22.493031756784031 ], [ 88.394122834872633, 22.493056860019546 ], [ 88.393982431354203, 22.493089035584205 ], [ 88.393816176054742, 22.493128315305647 ], [ 88.393720209187137, 22.49316010985482 ], [ 88.393587350813618, 22.493205985589196 ], [ 88.393443417858379, 22.493255397675089 ], [ 88.393170537565894, 22.493371299370157 ], [ 88.393008366965191, 22.493448397716346 ], [ 88.392606607771825, 22.493637670226015 ], [ 88.392297007714618, 22.493784856778067 ], [ 88.392027481202135, 22.493866314709162 ], [ 88.391967641604055, 22.493808324716831 ], [ 88.391881672044747, 22.493729910535379 ], [ 88.391807818698709, 22.493751190601259 ], [ 88.391704410118308, 22.493779606281134 ], [ 88.391538257358832, 22.493829206759525 ], [ 88.391456997695158, 22.493850550055392 ], [ 88.391383144209769, 22.493871829932793 ], [ 88.391150508996247, 22.493939205529671 ], [ 88.391108664556555, 22.493829441587788 ], [ 88.391006148274684, 22.493579102653346 ] ] } },
{ "type": "Feature", "properties": { "ward": 109, "source_sheet": "109_Haltu.pdf p1", "source": "KMC ward sewerage network map (ArcMap GeoPDF)", "extraction_method": "geopdf_vector", "georef_max_residual_m": 0.3, "conduit_type": "pipe", "pipe_diameter_mm": 900.0, "diameter_source": "legend_colour", "diameter_candidates_mm": null, "label_diameter_mm": 900.0, "label_agrees": true, "scheme": null, "flow_arrow": "end" }, "geometry": { "type": "LineString", "coordinates": [ [ 88.397289080460794, 22.491945668265725 ], [ 88.39723514722094, 22.491739653196454 ], [ 88.397172335293646, 22.491753958110582 ] ] } },
{ "type": "Feature", "properties": { "ward": 109, "source_sheet": "109_Haltu.pdf p1", "source": "KMC ward sewerage network map (ArcMap GeoPDF)", "extraction_method": "geopdf_vector", "georef_max_residual_m": 0.3, "conduit_type": "pipe", "pipe_diameter_mm": 400.0, "diameter_source": "legend_colour", "diameter_candidates_mm": null, "label_diameter_mm": 400.0, "label_agrees": true, "scheme": null, "flow_arrow": "end" }, "geometry": { "type": "LineString", "coordinates": [ [ 88.39723514722094, 22.491739653196454 ], [ 88.39719668823777, 22.491598890008369 ], [ 88.397162176296661, 22.491482181973417 ], [ 88.39715064904874, 22.491440985369145 ] ] } },
{ "type": "Feature", "properties": { "ward": 109, "source_sheet": "109_Haltu.pdf p1", "source": "KMC ward sewerage network map (ArcMap GeoPDF)", "extraction_method": "geopdf_vector", "georef_max_residual_m": 0.3, "conduit_type": "pipe", "pipe_diameter_mm": 700.0, "diameter_source": "legend_colour", "diameter_candidates_mm": null, "label_diameter_mm": 700.0, "label_agrees": true, "scheme": null, "flow_arrow": "end" }, "geometry": { "type": "LineString", "coordinates": [ [ 88.40423350247373, 22.490554057056769 ], [ 88.404089261399264, 22.490572509238092 ], [ 88.40392280230428, 22.490591152988962 ], [ 88.40382292691568, 22.490602339357935 ], [ 88.403711977523244, 22.490617062375613 ] ] } },
{ "type": "Feature", "properties": { "ward": 109, "source_sheet": "109_Haltu.pdf p1", "source": "KMC ward sewerage network map (ArcMap GeoPDF)", "extraction_method": "geopdf_vector", "georef_max_residual_m": 0.3, "conduit_type": "pipe", "pipe_diameter_mm": 800.0, "diameter_source": "legend_colour", "diameter_candidates_mm": null, "label_diameter_mm": 800.0, "label_agrees": true, "scheme": null, "flow_arrow": "end" }, "geometry": { "type": "LineString", "coordinates": [ [ 88.403711977523244, 22.490617062375613 ], [ 88.403608364088726, 22.490624839490156 ], [ 88.403449275832827, 22.490639977877763 ], [ 88.403304964529369, 22.490651547326145 ], [ 88.403153282191425, 22.490666621649822 ], [ 88.403027485816779, 22.49067803107349 ], [ 88.402883349351669, 22.490706805180238 ] ] } },
{ "type": "Feature", "properties": { "ward": 109, "source_sheet": "109_Haltu.pdf p1", "source": "KMC ward sewerage network map (ArcMap GeoPDF)", "extraction_method": "geopdf_vector", "georef_max_residual_m": 0.3, "conduit_type": "pipe", "pipe_diameter_mm": 800.0, "diameter_source": "legend_colour", "diameter_candidates_mm": null, "label_diameter_mm": null, "label_agrees": null, "scheme": null, "flow_arrow": "end" }, "geometry": { "type": "LineString", "coordinates": [ [ 88.405073318865689, 22.490835871292699 ], [ 88.404910597843283, 22.490857925161155 ], [ 88.404868288355658, 22.490703432097728 ], [ 88.404864340107949, 22.490679377182463 ], [ 88.404833595168284, 22.49056952113574 ], [ 88.404651904034168, 22.490547001676831 ], [ 88.404485059791483, 22.490527795158435 ], [ 88.40423350247373, 22.490554057056769 ] ] } },
{ "type": "Feature", "properties": { "ward": 109, "source_sheet": "109_Haltu.pdf p1", "source": "KMC ward sewerage network map (ArcMap GeoPDF)", "extraction_method": "geopdf_vector", "georef_max_residual_m": 0.3, "conduit_type": "pipe", "pipe_diameter_mm": 400.0, "diameter_source": "legend_colour", "diameter_candidates_mm": null, "label_diameter_mm": 400.0, "label_agrees": true, "scheme": "KEIIP", "flow_arrow": "end" }, "geometry": { "type": "LineString", "coordinates": [ [ 88.404219775023307, 22.487749513666646 ], [ 88.404039523091399, 22.487868074503861 ], [ 88.40416828444134, 22.487784371380389 ], [ 88.403888684058828, 22.487965733284121 ], [ 88.403749023604107, 22.488070178077507 ], [ 88.403613030714538, 22.488171149848753 ], [ 88.403539532369109, 22.48822684498785 ], [ 88.403502783174829, 22.488254692617506 ], [ 88.403457858162724, 22.48820690212586 ], [ 88.403341913057375, 22.488094339759087 ], [ 88.403218422169644, 22.48796807726346 ] ] } },
{ "type": "Feature", "properties": { "ward": 109, "source_sheet": "109_Haltu.pdf p1", "source": "KMC ward sewerage network map (ArcMap GeoPDF)", "extraction_method": "geopdf_vector", "georef_max_residual_m": 0.3, "conduit_type": "pipe", "pipe_diameter_mm": 400.0, "diameter_source": "legend_colour", "diameter_candidates_mm": null, "label_diameter_mm": 400.0, "label_agrees": true, "scheme": "KEIIP", "flow_arrow": "end" }, "geometry": { "type": "LineString", "coordinates": [ [ 88.403226690536741, 22.487324481921213 ], [ 88.403176669512845, 22.487503861377512 ], [ 88.403155361719342, 22.487593519079127 ], [ 88.403116029440184, 22.487731510691102 ], [ 88.403080329886421, 22.487862588302981 ] ] } },
{ "type": "Feature", "properties": { "ward": 109, "source_sheet": "109_Haltu.pdf p1", "source": "KMC ward sewerage network map (ArcMap GeoPDF)", "extraction_method": "geopdf_vector", "georef_max_residual_m": 0.3, "conduit_type": "pipe", "pipe_diameter_mm": 500.0, "diameter_source": "legend_colour", "diameter_candidates_mm": null, "label_diameter_mm": 500.0, "label_agrees": true, "scheme": "KEIIP", "flow_arrow": "end" }, "geometry": { "type": "LineString", "coordinates": [ [ 88.402428052678331, 22.483804032515742 ], [ 88.402454741466997, 22.48387951111437 ], [ 88.402451982848447, 22.48397245019904 ], [ 88.402409017619817, 22.484117355518965 ], [ 88.402274041250394, 22.48431811526746 ], [ 88.402167743312503, 22.484425712219828 ], [ 88.402050721367345, 22.484571255930192 ], [ 88.401974325278431, 22.484706125589941 ], [ 88.40194966371655, 22.484830225204167 ], [ 88.401929474099063, 22.485029995006734 ], [ 88.402004859119174, 22.485160114811606 ], [ 88.402090863445025, 22.485241964747125 ], [ 88.402254452619388, 22.485305939124377 ], [ 88.402440224124035, 22.485366280785005 ], [ 88.402533389763065, 22.485423979504823 ], [ 88.402657507018858, 22.485612180845926 ], [ 88.402711095682278, 22.485783784017411 ], [ 88.40276464951252, 22.485951946066074 ], [ 88.402847546375725, 22.486092324514175 ], [ 88.402930443566319, 22.48623270290738 ], [ 88.403005865194885, 22.486366263094862 ], [ 88.403096308437384, 22.486520341577705 ], [ 88.403137914710811, 22.486606015192841 ], [ 88.403224935125664, 22.486787653424148 ], [ 88.403285475939825, 22.486914459348064 ], [ 88.40335768529971, 22.487096225294131 ], [ 88.403403309774248, 22.4872128359846 ], [ 88.403570919734548, 22.487307745880834 ], [ 88.403757149482203, 22.487412818900648 ], [ 88.403850282038036, 22.48746707579782 ] ] } },
{ "type": "Feature", "properties": { "ward": 109, "source_sheet": "109_Haltu.pdf p1", "source": "KMC ward sewerage network map (ArcMap GeoPDF)", "extraction_method": "geopdf_vector", "georef_max_residual_m": 0.3, "conduit_type": "pipe", "pipe_diameter_mm": 500.0, "diameter_source": "legend_colour", "diameter_candidates_mm": null, "label_diameter_mm": 500.0, "label_agrees": true, "scheme": "KEIIP", "flow_arrow": "end" }, "geometry": { "type": "LineString", "coordinates": [ [ 88.399314335648583, 22.494089391787639 ], [ 88.399476747620596, 22.494036374336563 ], [ 88.399679858255936, 22.493979564957304 ], [ 88.399860889992411, 22.493936710588208 ], [ 88.400075179567366, 22.493886687118135 ], [ 88.400256211038084, 22.493843832460016 ], [ 88.400474308028649, 22.493804099578671 ], [ 88.400681295622434, 22.493764462117355 ], [ 88.400836579983931, 22.493739035038566 ], [ 88.401265436815862, 22.493666513324293 ], [ 88.401453978587028, 22.49363391636987 ], [ 88.40161666877944, 22.493608424855562 ], [ 88.401801542253793, 22.493579300519357 ], [ 88.402027079393264, 22.49354294267037 ], [ 88.402263690493882, 22.493503047747499 ], [ 88.402478432965211, 22.493497754205851 ] ] } },
{ "type": "Feature", "properties": { "ward": 109, "source_sheet": "109_Haltu.pdf p1", "source": "KMC ward sewerage network map (ArcMap GeoPDF)", "extraction_method": "geopdf_vector", "georef_max_residual_m": 0.3, "conduit_type": "pipe", "pipe_diameter_mm": 400.0, "diameter_source": "legend_colour", "diameter_candidates_mm": null, "label_diameter_mm": 400.0, "label_agrees": true, "scheme": "KEIIP", "flow_arrow": "end" }, "geometry": { "type": "LineString", "coordinates": [ [ 88.39825105702721, 22.494415140031521 ], [ 88.398361835817724, 22.49438321553998 ], [ 88.398557506549679, 22.494323030131234 ], [ 88.398749473999814, 22.494262876495611 ], [ 88.398934069967581, 22.494206227319609 ], [ 88.399118665773869, 22.494149577939336 ], [ 88.399314335648583, 22.494089391787639 ] ] } },
{ "type": "Feature", "properties": { "ward": 109, "source_sheet": "109_Haltu.pdf p1", "source": "KMC ward sewerage network map (ArcMap GeoPDF)", "extraction_method": "geopdf_vector", "georef_max_residual_m": 0.3, "conduit_type": "pipe", "pipe_diameter_mm": 1600.0, "diameter_source": "legend_colour", "diameter_candidates_mm": null, "label_diameter_mm": null, "label_agrees": null, "scheme": null, "flow_arrow": "end" }, "geometry": { "type": "LineString", "coordinates": [ [ 88.405553116859366, 22.490312087838191 ], [ 88.405953738806915, 22.490377450155901 ], [ 88.40600621161154, 22.490438939883362 ], [ 88.406017881601088, 22.490493899794451 ], [ 88.406045695880479, 22.490679489516626 ], [ 88.406163188496706, 22.490943453518362 ], [ 88.406346353367439, 22.491110493025634 ], [ 88.40667909622799, 22.491055995172111 ], [ 88.407174454390869, 22.490969117546182 ], [ 88.407466568961752, 22.490925293450314 ] ] } },
{ "type": "Feature", "properties": { "ward": 109, "source_sheet": "109_Haltu.pdf p1", "source": "KMC ward sewerage network map (ArcMap GeoPDF)", "extraction_method": "geopdf_vector", "georef_max_residual_m": 0.3, "conduit_type": "pipe", "pipe_diameter_mm": 300.0, "diameter_source": "legend_colour", "diameter_candidates_mm": null, "label_diameter_mm": null, "label_agrees": null, "scheme": null, "flow_arrow": "end" }, "geometry": { "type": "LineString", "coordinates": [ [ 88.407426432824835, 22.490984143071206 ], [ 88.407282191900705, 22.491002598111553 ], [ 88.407182351549679, 22.491017227364566 ] ] } },
{ "type": "Feature", "properties": { "ward": 109, "source_sheet": "109_Haltu.pdf p1", "source": "KMC ward sewerage network map (ArcMap GeoPDF)", "extraction_method": "geopdf_vector", "georef_max_residual_m": 0.3, "conduit_type": "pipe", "pipe_diameter_mm": 300.0, "diameter_source": "legend_colour", "diameter_candidates_mm": null, "label_diameter_mm": null, "label_agrees": null, "scheme": null, "flow_arrow": "end" }, "geometry": { "type": "LineString", "coordinates": [ [ 88.406749873983415, 22.491096678347777 ], [ 88.407182351549679, 22.491017227364566 ], [ 88.407174454390869, 22.490969117546182 ] ] } },
{ "type": "Feature", "properties": { "ward": 109, "source_sheet": "109_Haltu.pdf p1", "source": "KMC ward sewerage network map (ArcMap GeoPDF)", "extraction_method": "geopdf_vector", "georef_max_residual_m": 0.3, "conduit_type": "pipe", "pipe_diameter_mm": 500.0, "diameter_source": "legend_colour", "diameter_candidates_mm": null, "label_diameter_mm": 500.0, "label_agrees": true, "scheme": "KEIIP", "flow_arrow": "end" }, "geometry": { "type": "LineString", "coordinates": [ [ 88.408679784897899, 22.489693126053261 ], [ 88.408386619763988, 22.489633722240544 ], [ 88.40809013814139, 22.489612201026258 ], [ 88.40785332512273, 22.489631458161593 ], [ 88.407631323720878, 22.489650586582673 ], [ 88.407379979442624, 22.489697499229234 ] ] } },
{ "type": "Feature", "properties": { "ward": 109, "source_sheet": "109_Haltu.pdf p1", "source": "KMC ward sewerage network map (ArcMap GeoPDF)", "extraction_method": "geopdf_vector", "georef_max_residual_m": 0.3, "conduit_type": "pipe", "pipe_diameter_mm": 450.0, "diameter_source": "legend_colour", "diameter_candidates_mm": null, "label_diameter_mm": 450.0, "label_agrees": true, "scheme": "KEIIP", "flow_arrow": "end" }, "geometry": { "type": "LineString", "coordinates": [ [ 88.409477184123133, 22.489810102359961 ], [ 88.409314008222296, 22.489787427790201 ], [ 88.409032127265235, 22.489745133877697 ], [ 88.408839257657533, 22.489715833361547 ], [ 88.408679784897899, 22.489693126053261 ] ] } },
{ "type": "Feature", "properties": { "ward": 109, "source_sheet": "109_Haltu.pdf p1", "source": "KMC ward sewerage network map (ArcMap GeoPDF)", "extraction_method": "geopdf_vector", "georef_max_residual_m": 0.3, "conduit_type": "pipe", "pipe_diameter_mm": 1000.0, "diameter_source": "legend_colour", "diameter_candidates_mm": null, "label_diameter_mm": 1000.0, "label_agrees": true, "scheme": "KEIIP", "flow_arrow": "end" }, "geometry": { "type": "LineString", "coordinates": [ [ 88.407575007837977, 22.490301479705408 ], [ 88.407497315723134, 22.490309034901255 ], [ 88.40720146436972, 22.490349449951257 ], [ 88.406938869353766, 22.490382694062298 ], [ 88.406672641361581, 22.490422851818348 ], [ 88.406604409380861, 22.490268583543614 ], [ 88.40653744031097, 22.490238191218754 ], [ 88.406404624442274, 22.490287518271035 ], [ 88.406290253259129, 22.490329803195152 ], [ 88.40600621161154, 22.490438939883362 ] ] } },
{ "type": "Feature", "properties": { "ward": 109, "source_sheet": "109_Haltu.pdf p1", "source": "KMC ward sewerage network map (ArcMap GeoPDF)", "extraction_method": "geopdf_vector", "georef_max_residual_m": 0.3, "conduit_type": "pipe", "pipe_diameter_mm": 800.0, "diameter_source": "legend_colour", "diameter_candidates_mm": null, "label_diameter_mm": 800.0, "label_agrees": true, "scheme": "KEIIP", "flow_arrow": "end" }, "geometry": { "type": "LineString", "coordinates": [ [ 88.409878743873989, 22.490329697987697 ], [ 88.409501393011112, 22.490367382677498 ], [ 88.409290605182875, 22.490396740234537 ], [ 88.409049807011982, 22.490388503332262 ], [ 88.408838210792823, 22.490338717385644 ], [ 88.408608064990716, 22.490285650612272 ], [ 88.408419038158613, 22.49027008159949 ], [ 88.40816325267761, 22.490244766667207 ] ] } },
{ "type": "Feature", "properties": { "ward": 109, "source_sheet": "109_Haltu.pdf p1", "source": "KMC ward sewerage network map (ArcMap GeoPDF)", "extraction_method": "geopdf_vector", "georef_max_residual_m": 0.3, "conduit_type": "pipe", "pipe_diameter_mm": 900.0, "diameter_source": "legend_colour", "diameter_candidates_mm": null, "label_diameter_mm": null, "label_agrees": null, "scheme": null, "flow_arrow": "end" }, "geometry": { "type": "LineString", "coordinates": [ [ 88.40816325267761, 22.490244766667207 ], [ 88.408107392099751, 22.490214278802657 ], [ 88.407881862399009, 22.490250644821717 ], [ 88.407685921308342, 22.49028331297492 ], [ 88.407575007837977, 22.490301479705408 ] ] } },
{ "type": "Feature", "properties": { "ward": 109, "source_sheet": "109_Haltu.pdf p1", "source": "KMC ward sewerage network map (ArcMap GeoPDF)", "extraction_method": "geopdf_vector", "georef_max_residual_m": 0.3, "conduit_type": "pipe", "pipe_diameter_mm": 700.0, "diameter_source": "legend_colour", "diameter_candidates_mm": null, "label_diameter_mm": 700.0, "label_agrees": true, "scheme": "KEIIP", "flow_arrow": "end" }, "geometry": { "type": "LineString", "coordinates": [ [ 88.405340228068496, 22.492316765120282 ], [ 88.40531667794049, 22.492186199254462 ], [ 88.405285336418245, 22.492017846423938 ], [ 88.405246063220758, 22.49179794269638 ], [ 88.405210598323663, 22.491588329779049 ], [ 88.405167482211411, 22.491354693943833 ], [ 88.405112591430921, 22.491055775115651 ], [ 88.405073318865689, 22.490835871292699 ] ] } },
{ "type": "Feature", "properties": { "ward": 109, "source_sheet": "109_Haltu.pdf p1", "source": "KMC ward sewerage network map (ArcMap GeoPDF)", "extraction_method": "geopdf_vector", "georef_max_residual_m": 0.3, "conduit_type": "pipe", "pipe_diameter_mm": 500.0, "diameter_source": "legend_colour", "diameter_candidates_mm": null, "label_diameter_mm": 500.0, "label_agrees": true, "scheme": "KEIIP", "flow_arrow": "end" }, "geometry": { "type": "LineString", "coordinates": [ [ 88.405486038631423, 22.49317927100989 ], [ 88.405462453119611, 22.493045264249091 ], [ 88.405414896977845, 22.492739399594505 ] ] } },
{ "type": "Feature", "properties": { "ward": 109, "source_sheet": "109_Haltu.pdf p1", "source": "KMC ward sewerage network map (ArcMap GeoPDF)", "extraction_method": "geopdf_vector", "georef_max_residual_m": 0.3, "conduit_type": "pipe", "pipe_diameter_mm": 600.0, "diameter_source": "legend_colour", "diameter_candidates_mm": null, "label_diameter_mm": null, "label_agrees": null, "scheme": null, "flow_arrow": "end" }, "geometry": { "type": "LineString", "coordinates": [ [ 88.405414896977845, 22.492739399594505 ], [ 88.405387433325927, 22.492588219808567 ], [ 88.405371534694325, 22.49248167698255 ], [ 88.405340228068496, 22.492316765120282 ] ] } },
{ "type": "Feature", "properties": { "ward": 109, "source_sheet": "109_Haltu.pdf p1", "source": "KMC ward sewerage network map (ArcMap GeoPDF)", "extraction_method": "geopdf_vector", "georef_max_residual_m": 0.3, "conduit_type": "pipe", "pipe_diameter_mm": 900.0, "diameter_source": "legend_colour", "diameter_candidates_mm": null, "label_diameter_mm": 900.0, "label_agrees": true, "scheme": "KEIIP", "flow_arrow": "end" }, "geometry": { "type": "LineString", "coordinates": [ [ 88.40423350247373, 22.490554057056769 ], [ 88.404219381811515, 22.490258226942597 ], [ 88.404320963819401, 22.490050871498148 ], [ 88.404339058306746, 22.4900094196501 ] ] } },
{ "type": "Feature", "properties": { "ward": 109, "source_sheet": "109_Haltu.pdf p1", "source": "KMC ward sewerage network map (ArcMap GeoPDF)", "extraction_method": "geopdf_vector", "georef_max_residual_m": 0.3, "conduit_type": "pipe", "pipe_diameter_mm": 800.0, "diameter_source": "legend_colour", "diameter_candidates_mm": null, "label_diameter_mm": 800.0, "label_agrees": true, "scheme": "KEIIP", "flow_arrow": "end" }, "geometry": { "type": "LineString", "coordinates": [ [ 88.403764072328116, 22.491005479903919 ], [ 88.403755896115001, 22.49092984170332 ], [ 88.403728014782459, 22.490737369542067 ], [ 88.403711977523244, 22.490617062375613 ] ] } },
{ "type": "Feature", "properties": { "ward": 109, "source_sheet": "109_Haltu.pdf p1", "source": "KMC ward sewerage network map (ArcMap GeoPDF)", "extraction_method": "geopdf_vector", "georef_max_residual_m": 0.3, "conduit_type": "pipe", "pipe_diameter_mm": 1800.0, "diameter_source": "legend_colour", "diameter_candidates_mm": null, "label_diameter_mm": null, "label_agrees": null, "scheme": null, "flow_arrow": "end" }, "geometry": { "type": "LineString", "coordinates": [ [ 88.409937452891114, 22.490638905556192 ], [ 88.40970811468371, 22.490664983291872 ], [ 88.409530582915366, 22.490687170203358 ], [ 88.409301244516797, 22.490713247224278 ], [ 88.409279061721207, 22.490716880886787 ], [ 88.40910152979059, 22.490739067332221 ], [ 88.408909185977677, 22.490761381935769 ], [ 88.408727915629129, 22.490780159124121 ], [ 88.408539274667206, 22.490802441208057 ], [ 88.408324747636996, 22.490828388683816 ], [ 88.408106517667022, 22.490854367802832 ], [ 88.407903064476642, 22.490876777572986 ], [ 88.407736605764626, 22.490895425256376 ], [ 88.407466568961752, 22.490925293450314 ] ] } },
{ "type": "Feature", "properties": { "ward": 109, "source_sheet": "109_Haltu.pdf p1", "source": "KMC ward sewerage network map (ArcMap GeoPDF)", "extraction_method": "geopdf_vector", "georef_max_residual_m": 0.3, "conduit_type": "pipe", "pipe_diameter_mm": 600.0, "diameter_source": "legend_colour", "diameter_candidates_mm": null, "label_diameter_mm": 600.0, "label_agrees": true, "scheme": "KEIIP", "flow_arrow": "end" }, "geometry": { "type": "LineString", "coordinates": [ [ 88.405553116859366, 22.490312087838191 ], [ 88.40526767277963, 22.490283583417277 ], [ 88.405019258482056, 22.490254758511728 ], [ 88.404930176929781, 22.490234880324767 ], [ 88.404844798385767, 22.490214970236838 ], [ 88.404659229584553, 22.490175277878539 ], [ 88.404492000659545, 22.490118220208981 ], [ 88.404320963819401, 22.490050871498148 ], [ 88.403863048317234, 22.489813934477226 ], [ 88.403747521411418, 22.489742664606499 ], [ 88.40357215234566, 22.489613408946255 ], [ 88.403400556408513, 22.489491003015999 ], [ 88.403239894849406, 22.489351296128227 ], [ 88.403135302412181, 22.489262724879126 ], [ 88.40300084183022, 22.489150322077041 ], [ 88.402832705186086, 22.489003796593121 ], [ 88.402631766996706, 22.488909173500812 ], [ 88.402346815691828, 22.488928837604714 ], [ 88.402188043855659, 22.488974943789323 ], [ 88.402062738217154, 22.48903452642082 ], [ 88.401834449400127, 22.4891638230085 ], [ 88.401613496015187, 22.489286173410626 ], [ 88.401288929318127, 22.489416298970308 ], [ 88.401089319340144, 22.489452432129386 ], [ 88.400878635266054, 22.489492101704304 ], [ 88.400656702419568, 22.489518102744832 ], [ 88.400516129638731, 22.489533078706852 ], [ 88.400098428757758, 22.489608943278675 ], [ 88.39991362986288, 22.489644947474854 ], [ 88.399747345594605, 22.489680791943059 ], [ 88.399514512774672, 22.489727533075591 ], [ 88.399351756773655, 22.489746140357646 ], [ 88.399122417152469, 22.48977220305278 ], [ 88.398697413264401, 22.489858450655476 ], [ 88.39850153950438, 22.489897989778015 ], [ 88.398320617060207, 22.489951165406087 ], [ 88.398306084090862, 22.489978820859381 ], [ 88.398310763515767, 22.490075137222938 ], [ 88.398356873207689, 22.490239923568005 ], [ 88.398410668024127, 22.490432174132472 ], [ 88.398460829601291, 22.490631338714156 ], [ 88.398514659622691, 22.490827030318762 ], [ 88.398351797523873, 22.490835313506444 ], [ 88.398129652653907, 22.490840665171639 ], [ 88.397896433730807, 22.490849552991872 ], [ 88.39775575474691, 22.490854203611931 ], [ 88.397674323640089, 22.490858344844565 ], [ 88.397589189514619, 22.490862518007667 ], [ 88.397422589553429, 22.490867391130358 ], [ 88.397167152397031, 22.490876468842764 ], [ 88.397011661267157, 22.490881246088151 ], [ 88.397057978826538, 22.491066678886014 ], [ 88.3970232579494, 22.490929324769677 ], [ 88.397127420499146, 22.491341386938227 ], [ 88.39715064904874, 22.491440985369145 ] ] } },
{ "type": "Feature", "properties": { "ward": 109, "source_sheet": "109_Haltu.pdf p1", "source": "KMC ward sewerage network map (ArcMap GeoPDF)", "extraction_method": "geopdf_vector", "georef_max_residual_m": 0.3, "conduit_type": "pipe", "pipe_diameter_mm": 300.0, "diameter_source": "legend_colour", "diameter_candidates_mm": null, "label_diameter_mm": 300.0, "label_agrees": true, "scheme": "KEIIP", "flow_arrow": "end" }, "geometry": { "type": "LineString", "coordinates": [ [ 88.409915762379526, 22.490690713163829 ], [ 88.409745601446787, 22.490709395007812 ], [ 88.409534742873277, 22.490731871028608 ] ] } },
{ "type": "Feature", "properties": { "ward": 109, "source_sheet": "109_Haltu.pdf p1", "source": "KMC ward sewerage network map (ArcMap GeoPDF)", "extraction_method": "geopdf_vector", "georef_max_residual_m": 0.3, "conduit_type": "pipe", "pipe_diameter_mm": 300.0, "diameter_source": "legend_colour", "diameter_candidates_mm": null, "label_diameter_mm": null, "label_agrees": null, "scheme": null, "flow_arrow": "end" }, "geometry": { "type": "LineString", "coordinates": [ [ 88.409187155137289, 22.490783062123693 ], [ 88.40931288067793, 22.490764765887423 ], [ 88.409338766318569, 22.490761100266933 ], [ 88.409534742873277, 22.490731871028608 ], [ 88.409530582915366, 22.490687170203358 ] ] } },
{ "type": "Feature", "properties": { "ward": 109, "source_sheet": "109_Haltu.pdf p1", "source": "KMC ward sewerage network map (ArcMap GeoPDF)", "extraction_method": "geopdf_vector", "georef_max_residual_m": 0.3, "conduit_type": "pipe", "pipe_diameter_mm": 300.0, "diameter_source": "legend_colour", "diameter_candidates_mm": null, "label_diameter_mm": null, "label_agrees": null, "scheme": null, "flow_arrow": "end" }, "geometry": { "type": "LineString", "coordinates": [ [ 88.408942969532703, 22.490805826081012 ], [ 88.408865277251252, 22.490813381946751 ], [ 88.408676671251754, 22.490839105134452 ] ] } },
{ "type": "Feature", "properties": { "ward": 109, "source_sheet": "109_Haltu.pdf p1", "source": "KMC ward sewerage network map (ArcMap GeoPDF)", "extraction_method": "geopdf_vector", "georef_max_residual_m": 0.3, "conduit_type": "pipe", "pipe_diameter_mm": 300.0, "diameter_source": "legend_colour", "diameter_candidates_mm": null, "label_diameter_mm": null, "label_agrees": null, "scheme": null, "flow_arrow": "end" }, "geometry": { "type": "LineString", "coordinates": [ [ 88.408354898432421, 22.490879746915905 ], [ 88.4085250247185, 22.490857625436906 ], [ 88.408676671251754, 22.490839105134452 ], [ 88.408727915629129, 22.490780159124121 ] ] } },
{ "type": "Feature", "properties": { "ward": 109, "source_sheet": "109_Haltu.pdf p1", "source": "KMC ward sewerage network map (ArcMap GeoPDF)", "extraction_method": "geopdf_vector", "georef_max_residual_m": 0.3, "conduit_type": "pipe", "pipe_diameter_mm": 300.0, "diameter_source": "legend_colour", "diameter_candidates_mm": null, "label_diameter_mm": null, "label_agrees": null, "scheme": null, "flow_arrow": "end" }, "geometry": { "type": "LineString", "coordinates": [ [ 88.407685431121564, 22.490961253001444 ], [ 88.407844448659247, 22.490939228410504 ], [ 88.407981318686552, 22.490924278091061 ] ] } },
{ "type": "Feature", "properties": { "ward": 109, "source_sheet": "109_Haltu.pdf p1", "source": "KMC ward sewerage network map (ArcMap GeoPDF)", "extraction_method": "geopdf_vector", "georef_max_residual_m": 0.3, "conduit_type": "pipe", "pipe_diameter_mm": 300.0, "diameter_source": "legend_colour", "diameter_candidates_mm": null, "label_diameter_mm": null, "label_agrees": null, "scheme": null, "flow_arrow": "end" }, "geometry": { "type": "LineString", "coordinates": [ [ 88.408273503064621, 22.490887334575223 ], [ 88.40813666823766, 22.490905726224153 ], [ 88.407981318686552, 22.490924278091061 ], [ 88.407903064476642, 22.490876777572986 ] ] } },
{ "type": "Feature", "properties": { "ward": 109, "source_sheet": "109_Haltu.pdf p1", "source": "KMC ward sewerage network map (ArcMap GeoPDF)", "extraction_method": "geopdf_vector", "georef_max_residual_m": 0.3, "conduit_type": "pipe", "pipe_diameter_mm": 450.0, "diameter_source": "legend_colour", "diameter_candidates_mm": null, "label_diameter_mm": 450.0, "label_agrees": true, "scheme": null, "flow_arrow": "end" }, "geometry": { "type": "LineString", "coordinates": [ [ 88.407215904803536, 22.492854590407696 ], [ 88.407652652219014, 22.492830161781207 ], [ 88.407833995511609, 22.492818267689636 ], [ 88.408011670829993, 22.492809846406224 ] ] } },
{ "type": "Feature", "properties": { "ward": 109, "source_sheet": "109_Haltu.pdf p1", "source": "KMC ward sewerage network map (ArcMap GeoPDF)", "extraction_method": "geopdf_vector", "georef_max_residual_m": 0.3, "conduit_type": "pipe", "pipe_diameter_mm": 400.0, "diameter_source": "legend_colour", "diameter_candidates_mm": null, "label_diameter_mm": 400.0, "label_agrees": true, "scheme": "KEIIP", "flow_arrow": "end" }, "geometry": { "type": "LineString", "coordinates": [ [ 88.407058499129732, 22.49303490026054 ], [ 88.40688459664095, 22.493050170493408 ], [ 88.406721803118089, 22.493065344276499 ], [ 88.406544197475313, 22.493080646186421 ], [ 88.406396216092602, 22.493095691496528 ] ] } },
{ "type": "Feature", "properties": { "ward": 109, "source_sheet": "109_Haltu.pdf p1", "source": "KMC ward sewerage network map (ArcMap GeoPDF)", "extraction_method": "geopdf_vector", "georef_max_residual_m": 0.3, "conduit_type": "pipe", "pipe_diameter_mm": 300.0, "diameter_source": "legend_colour", "diameter_candidates_mm": null, "label_diameter_mm": null, "label_agrees": null, "scheme": null, "flow_arrow": "end" }, "geometry": { "type": "LineString", "coordinates": [ [ 88.406350952959599, 22.493378269684033 ], [ 88.406364958283532, 22.493298998577995 ], [ 88.406396216092602, 22.493095691496528 ] ] } },
{ "type": "Feature", "properties": { "ward": 109, "source_sheet": "109_Haltu.pdf p1", "source": "KMC ward sewerage network map (ArcMap GeoPDF)", "extraction_method": "geopdf_vector", "georef_max_residual_m": 0.3, "conduit_type": "pipe", "pipe_diameter_mm": 600.0, "diameter_source": "legend_colour", "diameter_candidates_mm": null, "label_diameter_mm": 600.0, "label_agrees": true, "scheme": "KEIIP", "flow_arrow": "end" }, "geometry": { "type": "LineString", "coordinates": [ [ 88.410012448219533, 22.49000505661629 ], [ 88.409768334494814, 22.490034703771492 ], [ 88.409561179915286, 22.490057147669347 ], [ 88.409379945910558, 22.490079366479776 ], [ 88.409213383009288, 22.49008769281188 ], [ 88.408935169295219, 22.490041925583178 ], [ 88.408701391095406, 22.489995773031609 ], [ 88.408590161885002, 22.489982971544404 ], [ 88.408341747741787, 22.489954151625394 ], [ 88.408074783711001, 22.489922050858567 ], [ 88.407834407469238, 22.48995510397306 ], [ 88.407590293171481, 22.489984747847394 ], [ 88.40744235033182, 22.490003235035704 ], [ 88.407142761535042, 22.490040241057031 ], [ 88.406872761124475, 22.490073549124983 ], [ 88.406617677706564, 22.490117051585099 ] ] } },
{ "type": "Feature", "properties": { "ward": 109, "source_sheet": "109_Haltu.pdf p1", "source": "KMC ward sewerage network map (ArcMap GeoPDF)", "extraction_method": "geopdf_vector", "georef_max_residual_m": 0.3, "conduit_type": "pipe", "pipe_diameter_mm": 900.0, "diameter_source": "legend_colour", "diameter_candidates_mm": null, "label_diameter_mm": null, "label_agrees": null, "scheme": null, "flow_arrow": "end" }, "geometry": { "type": "LineString", "coordinates": [ [ 88.406617677706564, 22.490117051585099 ], [ 88.406614360588364, 22.490154934575287 ], [ 88.406604409380861, 22.490268583543614 ] ] } },
{ "type": "Feature", "properties": { "ward": 109, "source_sheet": "109_Haltu.pdf p1", "source": "KMC ward sewerage network map (ArcMap GeoPDF)", "extraction_method": "geopdf_vector", "georef_max_residual_m": 0.3, "conduit_type": "pipe", "pipe_diameter_mm": 1400.0, "diameter_source": "legend_colour", "diameter_candidates_mm": null, "label_diameter_mm": null, "label_agrees": null, "scheme": null, "flow_arrow": "end" }, "geometry": { "type": "LineString", "coordinates": [ [ 88.398602641551008, 22.489642463410682 ], [ 88.398802601623416, 22.489640743415094 ], [ 88.39897269363334, 22.489615191064729 ], [ 88.399061425218648, 22.489600662341655 ], [ 88.399190819427645, 22.489578901174905 ], [ 88.399434831015782, 22.489538946962682 ], [ 88.399619699736647, 22.489509825368433 ], [ 88.399804463641857, 22.489470380559879 ], [ 88.400037261000492, 22.489420198079852 ], [ 88.400207317674315, 22.489391203352199 ], [ 88.400399591923602, 22.489362017108416 ], [ 88.400628825585798, 22.489325629639314 ], [ 88.400765625309049, 22.489303803439675 ], [ 88.400991155939025, 22.489267447361946 ], [ 88.401142732137927, 22.489242052281647 ], [ 88.401345975023418, 22.489199005110777 ], [ 88.401629563947139, 22.48904514347652 ], [ 88.401463840275454, 22.489136045892295 ], [ 88.401802623393053, 22.488947295153189 ], [ 88.401975717703735, 22.488852887605155 ], [ 88.402145108668364, 22.48875851181322 ], [ 88.402359284309895, 22.488698162727758 ], [ 88.402518510437318, 22.488696789465799 ], [ 88.40270016395435, 22.48871587038315 ], [ 88.402830221424111, 22.488759485416029 ], [ 88.402856211874578, 22.488766143696626 ], [ 88.402904769864335, 22.48880702050706 ] ] } },
{ "type": "Feature", "properties": { "ward": 109, "source_sheet": "109_Haltu.pdf p1", "source": "KMC ward sewerage network map (ArcMap GeoPDF)", "extraction_method": "geopdf_vector", "georef_max_residual_m": 0.3, "conduit_type": "pipe", "pipe_diameter_mm": 800.0, "diameter_source": "legend_colour", "diameter_candidates_mm": null, "label_diameter_mm": 800.0, "label_agrees": true, "scheme": null, "flow_arrow": "end" }, "geometry": { "type": "LineString", "coordinates": [ [ 88.39715064904874, 22.491440985369145 ], [ 88.397018002642625, 22.491507509976312 ], [ 88.396759697306393, 22.491599203195346 ], [ 88.39609458155212, 22.491746009034841 ], [ 88.395873131267791, 22.491820177705883 ], [ 88.39581402202198, 22.491834450454032 ], [ 88.395784502284101, 22.491845027778655 ], [ 88.395437322793455, 22.491937481829112 ], [ 88.39528217833444, 22.491976667639182 ], [ 88.39508643959735, 22.492029966783754 ], [ 88.394890700698923, 22.492083265841146 ], [ 88.394765110723796, 22.492115314960252 ], [ 88.394731887785539, 22.492125923863441 ] ] } },
{ "type": "Feature", "properties": { "ward": 109, "source_sheet": "109_Haltu.pdf p1", "source": "KMC ward sewerage network map (ArcMap GeoPDF)", "extraction_method": "geopdf_vector", "georef_max_residual_m": 0.3, "conduit_type": "pipe", "pipe_diameter_mm": 300.0, "diameter_source": "legend_colour", "diameter_candidates_mm": null, "label_diameter_mm": 300.0, "label_agrees": true, "scheme": null, "flow_arrow": "end" }, "geometry": { "type": "LineString", "coordinates": [ [ 88.391215821508197, 22.494172656085549 ], [ 88.391192457618601, 22.494059292637445 ], [ 88.391150508996247, 22.493939205529671 ] ] } },
{ "type": "Feature", "properties": { "ward": 109, "source_sheet": "109_Haltu.pdf p1", "source": "KMC ward sewerage network map (ArcMap GeoPDF)", "extraction_method": "geopdf_vector", "georef_max_residual_m": 0.3, "conduit_type": "pipe", "pipe_diameter_mm": 700.0, "diameter_source": "legend_colour", "diameter_candidates_mm": null, "label_diameter_mm": 700.0, "label_agrees": true, "scheme": "KEIIP", "flow_arrow": "end" }, "geometry": { "type": "LineString", "coordinates": [ [ 88.39637054835687, 22.475831006422872 ], [ 88.396486477472521, 22.475943574777911 ], [ 88.396598669349416, 22.47605273385911 ], [ 88.396744498150809, 22.476192575867874 ], [ 88.396909014457208, 22.476349463872058 ], [ 88.397069828348833, 22.476506383484519 ], [ 88.397211955465124, 22.476646256811264 ], [ 88.397043167026226, 22.47679912421771 ], [ 88.396896385033216, 22.476931154636777 ], [ 88.396742267091071, 22.477070130585606 ], [ 88.396595484525932, 22.4772021607554 ], [ 88.396456037380617, 22.47732724516435 ], [ 88.396364306748509, 22.477410624162783 ] ] } },
{ "type": "Feature", "properties": { "ward": 109, "source_sheet": "109_Haltu.pdf p1", "source": "KMC ward sewerage network map (ArcMap GeoPDF)", "extraction_method": "geopdf_vector", "georef_max_residual_m": 0.3, "conduit_type": "pipe", "pipe_diameter_mm": 600.0, "diameter_source": "legend_colour", "diameter_candidates_mm": null, "label_diameter_mm": 600.0, "label_agrees": true, "scheme": "KEIIP", "flow_arrow": "end" }, "geometry": { "type": "LineString", "coordinates": [ [ 88.395712977521526, 22.475251625168237 ], [ 88.395825063873829, 22.475350461671049 ], [ 88.395985736225597, 22.475493618498071 ], [ 88.396138899456034, 22.475626515509418 ], [ 88.396236036927817, 22.475711714781337 ], [ 88.39637054835687, 22.475831006422872 ] ] } },
{ "type": "Feature", "properties": { "ward": 109, "source_sheet": "109_Haltu.pdf p1", "source": "KMC ward sewerage network map (ArcMap GeoPDF)", "extraction_method": "geopdf_vector", "georef_max_residual_m": 0.3, "conduit_type": "pipe", "pipe_diameter_mm": 700.0, "diameter_source": "legend_colour", "diameter_candidates_mm": null, "label_diameter_mm": 700.0, "label_agrees": true, "scheme": "KEIIP", "flow_arrow": "end" }, "geometry": { "type": "LineString", "coordinates": [ [ 88.393826139867954, 22.47688177947969 ], [ 88.393979372250143, 22.477021560627769 ], [ 88.39413257019271, 22.477157900644382 ], [ 88.394293278004213, 22.477304500076094 ], [ 88.394427824237965, 22.477427234289777 ], [ 88.394569845554329, 22.477556786973533 ], [ 88.394737855330476, 22.477692999382668 ], [ 88.394884709781294, 22.477567852873037 ], [ 88.395057239035452, 22.477418396787982 ], [ 88.395204058131668, 22.477289808902945 ], [ 88.395372953601168, 22.477147266339951 ], [ 88.395464719631519, 22.477067328989683 ], [ 88.395740016776571, 22.476827516368814 ] ] } },
{ "type": "Feature", "properties": { "ward": 109, "source_sheet": "109_Haltu.pdf p1", "source": "KMC ward sewerage network map (ArcMap GeoPDF)", "extraction_method": "geopdf_vector", "georef_max_residual_m": 0.3, "conduit_type": "pipe", "pipe_diameter_mm": 900.0, "diameter_source": "legend_colour", "diameter_candidates_mm": null, "label_diameter_mm": 900.0, "label_agrees": true, "scheme": "KEIIP", "flow_arrow": "end" }, "geometry": { "type": "LineString", "coordinates": [ [ 88.395740016776571, 22.476827516368814 ], [ 88.395889548264591, 22.476967327373885 ], [ 88.396035377403592, 22.477107169996366 ], [ 88.396196087045624, 22.477253767432838 ], [ 88.396364306748509, 22.477410624162783 ], [ 88.396502592282346, 22.477536765870592 ], [ 88.396622225663876, 22.477649302242011 ], [ 88.396693272183896, 22.477717518539048 ] ] } },
{ "type": "Feature", "properties": { "ward": 109, "source_sheet": "109_Haltu.pdf p1", "source": "KMC ward sewerage network map (ArcMap GeoPDF)", "extraction_method": "geopdf_vector", "georef_max_residual_m": 0.3, "conduit_type": "pipe", "pipe_diameter_mm": 800.0, "diameter_source": "legend_colour", "diameter_candidates_mm": null, "label_diameter_mm": 800.0, "label_agrees": true, "scheme": "KEIIP", "flow_arrow": "end" }, "geometry": { "type": "LineString", "coordinates": [ [ 88.39326425567387, 22.47734428795486 ], [ 88.393432368176079, 22.477490824855831 ], [ 88.393581932958199, 22.477634079040634 ], [ 88.393727795379192, 22.477777364933615 ], [ 88.39379136579862, 22.477838763941346 ], [ 88.393907329449561, 22.477954775256539 ], [ 88.394045717845614, 22.478091242194544 ], [ 88.394206530805334, 22.478248164692801 ], [ 88.394344919786761, 22.478384631195997 ], [ 88.394479571440158, 22.47851768848227 ], [ 88.394610485896266, 22.478647336274094 ], [ 88.39480504161132, 22.478845264574126 ], [ 88.394921006950582, 22.478961274917051 ], [ 88.395029497532178, 22.479070466740446 ], [ 88.395100544080762, 22.479138683874137 ], [ 88.395273527217668, 22.479033960764294 ], [ 88.395306607921341, 22.479009587745555 ] ] } },
{ "type": "Feature", "properties": { "ward": 109, "source_sheet": "109_Haltu.pdf p1", "source": "KMC ward sewerage network map (ArcMap GeoPDF)", "extraction_method": "geopdf_vector", "georef_max_residual_m": 0.3, "conduit_type": "pipe", "pipe_diameter_mm": 600.0, "diameter_source": "legend_colour", "diameter_candidates_mm": null, "label_diameter_mm": 600.0, "label_agrees": true, "scheme": "KEIIP", "flow_arrow": "end" }, "geometry": { "type": "LineString", "coordinates": [ [ 88.393480558479226, 22.477129073539555 ], [ 88.393230515180448, 22.477303281141303 ], [ 88.39326425567387, 22.47734428795486 ] ] } },
{ "type": "Feature", "properties": { "ward": 109, "source_sheet": "109_Haltu.pdf p1", "source": "KMC ward sewerage network map (ArcMap GeoPDF)", "extraction_method": "geopdf_vector", "georef_max_residual_m": 0.3, "conduit_type": "pipe", "pipe_diameter_mm": 700.0, "diameter_source": "legend_colour", "diameter_candidates_mm": null, "label_diameter_mm": 700.0, "label_agrees": true, "scheme": "KEIIP", "flow_arrow": "end" }, "geometry": { "type": "LineString", "coordinates": [ [ 88.396858192928391, 22.474254138661287 ], [ 88.397030216532457, 22.474421286147912 ], [ 88.397172306541208, 22.474557718690541 ], [ 88.397318099412246, 22.474694119291645 ], [ 88.397482649286175, 22.474854447759721 ], [ 88.39758736613652, 22.474956787709118 ], [ 88.397673326358486, 22.475035199450577 ], [ 88.397830402184738, 22.475188709206542 ], [ 88.397991146117121, 22.475338745866473 ], [ 88.398064640329309, 22.475283053262061 ], [ 88.398185884789285, 22.475189095804893 ], [ 88.398516119635346, 22.474890304427618 ], [ 88.398648192201009, 22.474768723041663 ], [ 88.398868359214191, 22.474570675224069 ] ] } },
{ "type": "Feature", "properties": { "ward": 109, "source_sheet": "109_Haltu.pdf p1", "source": "KMC ward sewerage network map (ArcMap GeoPDF)", "extraction_method": "geopdf_vector", "georef_max_residual_m": 0.3, "conduit_type": "pipe", "pipe_diameter_mm": 600.0, "diameter_source": "legend_colour", "diameter_candidates_mm": null, "label_diameter_mm": 600.0, "label_agrees": true, "scheme": "KEIIP", "flow_arrow": "end" }, "geometry": { "type": "LineString", "coordinates": [ [ 88.396483559893284, 22.474556749248084 ], [ 88.396764036879532, 22.474829646978865 ], [ 88.396962257627933, 22.475024100129108 ], [ 88.397111857867387, 22.475170791995261 ], [ 88.397280110559436, 22.475331088992963 ], [ 88.397437151500498, 22.475481158024678 ], [ 88.397594192780659, 22.475631226883454 ], [ 88.39778116865682, 22.475812010318098 ], [ 88.397953195191874, 22.475979156635315 ], [ 88.398106534971888, 22.476129256745391 ], [ 88.398271052652305, 22.47628614328622 ] ] } },
{ "type": "Feature", "properties": { "ward": 109, "source_sheet": "109_Haltu.pdf p1", "source": "KMC ward sewerage network map (ArcMap GeoPDF)", "extraction_method": "geopdf_vector", "georef_max_residual_m": 0.3, "conduit_type": "pipe", "pipe_diameter_mm": 700.0, "diameter_source": "legend_colour", "diameter_candidates_mm": null, "label_diameter_mm": 700.0, "label_agrees": true, "scheme": "KEIIP", "flow_arrow": "end" }, "geometry": { "type": "LineString", "coordinates": [ [ 88.396135156174765, 22.474890105896119 ], [ 88.396378155163617, 22.475118588603952 ], [ 88.396576236463446, 22.475299278226348 ], [ 88.396751963716738, 22.475466394156488 ], [ 88.396726602424607, 22.475521672965801 ], [ 88.39685004119498, 22.475644500523487 ], [ 88.396988394926197, 22.475777523836609 ], [ 88.397123011641895, 22.47590713784723 ], [ 88.397246416129633, 22.47602652409806 ], [ 88.397395982966458, 22.4761697746493 ], [ 88.397564272227967, 22.476333512214854 ], [ 88.397781183486927, 22.476545010217595 ], [ 88.397889604524494, 22.47664731806071 ] ] } },
{ "type": "Feature", "properties": { "ward": 109, "source_sheet": "109_Haltu.pdf p1", "source": "KMC ward sewerage network map (ArcMap GeoPDF)", "extraction_method": "geopdf_vector", "georef_max_residual_m": 0.3, "conduit_type": "pipe", "pipe_diameter_mm": 900.0, "diameter_source": "legend_colour", "diameter_candidates_mm": null, "label_diameter_mm": 900.0, "label_agrees": true, "scheme": "KEIIP", "flow_arrow": "end" }, "geometry": { "type": "LineString", "coordinates": [ [ 88.398868359214191, 22.474570675224069 ], [ 88.398958127187228, 22.474659377451363 ], [ 88.399070250075113, 22.474761652716541 ], [ 88.399186145295531, 22.474870778118518 ], [ 88.39951147759642, 22.47518458073252 ] ] } },
{ "type": "Feature", "properties": { "ward": 109, "source_sheet": "109_Haltu.pdf p1", "source": "KMC ward sewerage network map (ArcMap GeoPDF)", "extraction_method": "geopdf_vector", "georef_max_residual_m": 0.3, "conduit_type": "pipe", "pipe_diameter_mm": 400.0, "diameter_source": "legend_colour", "diameter_candidates_mm": null, "label_diameter_mm": 400.0, "label_agrees": true, "scheme": "KEIIP", "flow_arrow": "end" }, "geometry": { "type": "LineString", "coordinates": [ [ 88.393413661387541, 22.483341225257149 ], [ 88.39353959152217, 22.483343587633144 ], [ 88.393676629959714, 22.483345854871729 ], [ 88.393809965574505, 22.48334815358124 ], [ 88.393950706980476, 22.483350388853896 ], [ 88.394106259348106, 22.48335249691203 ], [ 88.394343516904129, 22.48337799367377 ] ] } },
{ "type": "Feature", "properties": { "ward": 109, "source_sheet": "109_Haltu.pdf p1", "source": "KMC ward sewerage network map (ArcMap GeoPDF)", "extraction_method": "geopdf_vector", "georef_max_residual_m": 0.3, "conduit_type": "pipe", "pipe_diameter_mm": 400.0, "diameter_source": "legend_colour", "diameter_candidates_mm": null, "label_diameter_mm": 400.0, "label_agrees": true, "scheme": null, "flow_arrow": "end" }, "geometry": { "type": "LineString", "coordinates": [ [ 88.395517931477215, 22.483429865011146 ], [ 88.395677152045124, 22.48342849881249 ], [ 88.395817893312255, 22.483430732449996 ], [ 88.395940120640475, 22.483433124720996 ], [ 88.396066050632314, 22.483435485260866 ] ] } },
{ "type": "Feature", "properties": { "ward": 109, "source_sheet": "109_Haltu.pdf p1", "source": "KMC ward sewerage network map (ArcMap GeoPDF)", "extraction_method": "geopdf_vector", "georef_max_residual_m": 0.3, "conduit_type": "pipe", "pipe_diameter_mm": 600.0, "diameter_source": "legend_colour", "diameter_candidates_mm": null, "label_diameter_mm": 600.0, "label_agrees": true, "scheme": "KEIIP", "flow_arrow": "end" }, "geometry": { "type": "LineString", "coordinates": [ [ 88.395517931477215, 22.483429865011146 ], [ 88.395537121419665, 22.483130306005915 ], [ 88.395549844950736, 22.482923717976675 ], [ 88.395562185900758, 22.482679278771457 ], [ 88.395571728483702, 22.482524337815047 ], [ 88.395581236416632, 22.48236595574809 ], [ 88.395591057468067, 22.482238542780436 ], [ 88.395603885291706, 22.482042277767103 ], [ 88.395577826810609, 22.48202873615908 ], [ 88.395525675072008, 22.481998211822461 ] ] } },
{ "type": "Feature", "properties": { "ward": 109, "source_sheet": "109_Haltu.pdf p1", "source": "KMC ward sewerage network map (ArcMap GeoPDF)", "extraction_method": "geopdf_vector", "georef_max_residual_m": 0.3, "conduit_type": "pipe", "pipe_diameter_mm": 500.0, "diameter_source": "legend_colour", "diameter_candidates_mm": null, "label_diameter_mm": 500.0, "label_agrees": true, "scheme": "KEIIP", "flow_arrow": "end" }, "geometry": { "type": "LineString", "coordinates": [ [ 88.395221637648746, 22.483425524430057 ], [ 88.395380893020373, 22.483427599487584 ], [ 88.395517931477215, 22.483429865011146 ] ] } },
{ "type": "Feature", "properties": { "ward": 109, "source_sheet": "109_Haltu.pdf p1", "source": "KMC ward sewerage network map (ArcMap GeoPDF)", "extraction_method": "geopdf_vector", "georef_max_residual_m": 0.3, "conduit_type": "pipe", "pipe_diameter_mm": 600.0, "diameter_source": "legend_colour", "diameter_candidates_mm": null, "label_diameter_mm": null, "label_agrees": null, "scheme": null, "flow_arrow": "end" }, "geometry": { "type": "LineString", "coordinates": [ [ 88.394549223061105, 22.481380266959778 ], [ 88.394418444830364, 22.481264383295748 ], [ 88.394291334973062, 22.481145026806626 ] ] } },
{ "type": "Feature", "properties": { "ward": 109, "source_sheet": "109_Haltu.pdf p1", "source": "KMC ward sewerage network map (ArcMap GeoPDF)", "extraction_method": "geopdf_vector", "georef_max_residual_m": 0.3, "conduit_type": "pipe", "pipe_diameter_mm": 500.0, "diameter_source": "legend_colour", "diameter_candidates_mm": null, "label_diameter_mm": null, "label_agrees": null, "scheme": null, "flow_arrow": "end" }, "geometry": { "type": "LineString", "coordinates": [ [ 88.39504994729181, 22.481826785580992 ], [ 88.395206054577116, 22.481883948950838 ], [ 88.395373305107583, 22.481944457975185 ], [ 88.395525675072008, 22.481998211822461 ] ] } },
{ "type": "Feature", "properties": { "ward": 109, "source_sheet": "109_Haltu.pdf p1", "source": "KMC ward sewerage network map (ArcMap GeoPDF)", "extraction_method": "geopdf_vector", "georef_max_residual_m": 0.3, "conduit_type": "pipe", "pipe_diameter_mm": 500.0, "diameter_source": "legend_colour", "diameter_candidates_mm": null, "label_diameter_mm": null, "label_agrees": null, "scheme": null, "flow_arrow": "end" }, "geometry": { "type": "LineString", "coordinates": [ [ 88.394080465322787, 22.482265262137322 ], [ 88.393957057407533, 22.482145873696258 ], [ 88.393856074900697, 22.482046940851639 ], [ 88.393590537867013, 22.481787676006114 ] ] } },
{ "type": "Feature", "properties": { "ward": 109, "source_sheet": "109_Haltu.pdf p1", "source": "KMC ward sewerage network map (ArcMap GeoPDF)", "extraction_method": "geopdf_vector", "georef_max_residual_m": 0.3, "conduit_type": "pipe", "pipe_diameter_mm": 400.0, "diameter_source": "legend_colour", "diameter_candidates_mm": null, "label_diameter_mm": null, "label_agrees": null, "scheme": null, "flow_arrow": "end" }, "geometry": { "type": "LineString", "coordinates": [ [ 88.394286133911208, 22.482463095552006 ], [ 88.394181413389859, 22.482360753713674 ], [ 88.394080465322787, 22.482265262137322 ] ] } },
{ "type": "Feature", "properties": { "ward": 109, "source_sheet": "109_Haltu.pdf p1", "source": "KMC ward sewerage network map (ArcMap GeoPDF)", "extraction_method": "geopdf_vector", "georef_max_residual_m": 0.3, "conduit_type": "pipe", "pipe_diameter_mm": 400.0, "diameter_source": "legend_colour", "diameter_candidates_mm": null, "label_diameter_mm": null, "label_agrees": null, "scheme": null, "flow_arrow": "end" }, "geometry": { "type": "LineString", "coordinates": [ [ 88.39504994729181, 22.481826785580992 ], [ 88.39498288030336, 22.481786064906697 ], [ 88.394896951738971, 22.481711092894894 ], [ 88.394788563391288, 22.481612224297855 ] ] } },
{ "type": "Feature", "properties": { "ward": 109, "source_sheet": "109_Haltu.pdf p1", "source": "KMC ward sewerage network map (ArcMap GeoPDF)", "extraction_method": "geopdf_vector", "georef_max_residual_m": 0.3, "conduit_type": "pipe", "pipe_diameter_mm": 500.0, "diameter_source": "legend_colour", "diameter_candidates_mm": null, "label_diameter_mm": null, "label_agrees": null, "scheme": null, "flow_arrow": "end" }, "geometry": { "type": "LineString", "coordinates": [ [ 88.394788563391288, 22.481612224297855 ], [ 88.394661418129587, 22.481489427029331 ], [ 88.394549223061105, 22.481380266959778 ] ] } },
{ "type": "Feature", "properties": { "ward": 109, "source_sheet": "109_Haltu.pdf p1", "source": "KMC ward sewerage network map (ArcMap GeoPDF)", "extraction_method": "geopdf_vector", "georef_max_residual_m": 0.3, "conduit_type": "pipe", "pipe_diameter_mm": 800.0, "diameter_source": "legend_colour", "diameter_candidates_mm": null, "label_diameter_mm": null, "label_agrees": null, "scheme": null, "flow_arrow": "end" }, "geometry": { "type": "LineString", "coordinates": [ [ 88.394291334973062, 22.481145026806626 ], [ 88.394408745219948, 22.48103733960054 ], [ 88.394551865817817, 22.48090878388275 ], [ 88.394676611474011, 22.48079415093633 ], [ 88.394816063598952, 22.480669067861406 ], [ 88.395014272346046, 22.480495302238722 ], [ 88.395109673718309, 22.480408451173325 ], [ 88.395219781577012, 22.480311149981976 ] ] } },
{ "type": "Feature", "properties": { "ward": 109, "source_sheet": "109_Haltu.pdf p1", "source": "KMC ward sewerage network map (ArcMap GeoPDF)", "extraction_method": "geopdf_vector", "georef_max_residual_m": 0.3, "conduit_type": "pipe", "pipe_diameter_mm": 600.0, "diameter_source": "legend_colour", "diameter_candidates_mm": null, "label_diameter_mm": 600.0, "label_agrees": true, "scheme": "KEIIP", "flow_arrow": "end" }, "geometry": { "type": "LineString", "coordinates": [ [ 88.393590537867013, 22.481787676006114 ], [ 88.39376663734626, 22.481624425309381 ], [ 88.393935400374218, 22.481468119833409 ], [ 88.394115201962848, 22.48130483705804 ], [ 88.394291334973062, 22.481145026806626 ] ] } },
{ "type": "Feature", "properties": { "ward": 109, "source_sheet": "109_Haltu.pdf p1", "source": "KMC ward sewerage network map (ArcMap GeoPDF)", "extraction_method": "geopdf_vector", "georef_max_residual_m": 0.3, "conduit_type": "pipe", "pipe_diameter_mm": 300.0, "diameter_source": "legend_colour", "diameter_candidates_mm": null, "label_diameter_mm": 300.0, "label_agrees": true, "scheme": null, "flow_arrow": "end" }, "geometry": { "type": "LineString", "coordinates": [ [ 88.396371784460385, 22.479248222407751 ], [ 88.395931602270323, 22.479661516947591 ] ] } },
{ "type": "Feature", "properties": { "ward": 109, "source_sheet": "109_Haltu.pdf p1", "source": "KMC ward sewerage network map (ArcMap GeoPDF)", "extraction_method": "geopdf_vector", "georef_max_residual_m": 0.3, "conduit_type": "pipe", "pipe_diameter_mm": 1000.0, "diameter_source": "legend_colour", "diameter_candidates_mm": null, "label_diameter_mm": 1000.0, "label_agrees": true, "scheme": null, "flow_arrow": "end" }, "geometry": { "type": "LineString", "coordinates": [ [ 88.395219781577012, 22.480311149981976 ], [ 88.395348194249266, 22.480193043693951 ], [ 88.395454633826404, 22.480099215226701 ], [ 88.395568443923892, 22.4800018819105 ], [ 88.395751874680187, 22.47983168363637 ], [ 88.395931602270323, 22.479661516947591 ] ] } },
{ "type": "Feature", "properties": { "ward": 109, "source_sheet": "109_Haltu.pdf p1", "source": "KMC ward sewerage network map (ArcMap GeoPDF)", "extraction_method": "geopdf_vector", "georef_max_residual_m": 0.3, "conduit_type": "pipe", "pipe_diameter_mm": 400.0, "diameter_source": "legend_colour", "diameter_candidates_mm": null, "label_diameter_mm": 400.0, "label_agrees": true, "scheme": "KEIIP", "flow_arrow": "end" }, "geometry": { "type": "LineString", "coordinates": [ [ 88.396699278175589, 22.480873152597862 ], [ 88.396527908116795, 22.480771384568008 ], [ 88.396356538302271, 22.480669616341942 ], [ 88.396174025704994, 22.48056450230137 ], [ 88.396002656236433, 22.480462733671676 ], [ 88.395842464811921, 22.48036775159639 ], [ 88.395663655710365, 22.480262605017181 ], [ 88.395503430103986, 22.48016418161334 ], [ 88.395454633826404, 22.480099215226701 ] ] } },
{ "type": "Feature", "properties": { "ward": 109, "source_sheet": "109_Haltu.pdf p1", "source": "KMC ward sewerage network map (ArcMap GeoPDF)", "extraction_method": "geopdf_vector", "georef_max_residual_m": 0.3, "conduit_type": "pipe", "pipe_diameter_mm": 300.0, "diameter_source": "legend_colour", "diameter_candidates_mm": null, "label_diameter_mm": null, "label_agrees": null, "scheme": null, "flow_arrow": "end" }, "geometry": { "type": "LineString", "coordinates": [ [ 88.400029573620941, 22.501798637344777 ], [ 88.399767583465263, 22.501893808993358 ], [ 88.399686425451719, 22.501925479729628 ], [ 88.399605232627422, 22.50195370933287 ], [ 88.399524074536458, 22.501985379847376 ], [ 88.399446584792486, 22.502013577487681 ], [ 88.399358020011235, 22.50204531169322 ] ] } },
{ "type": "Feature", "properties": { "ward": 109, "source_sheet": "109_Haltu.pdf p1", "source": "KMC ward sewerage network map (ArcMap GeoPDF)", "extraction_method": "geopdf_vector", "georef_max_residual_m": 0.3, "conduit_type": "pipe", "pipe_diameter_mm": 600.0, "diameter_source": "legend_colour", "diameter_candidates_mm": null, "label_diameter_mm": null, "label_agrees": null, "scheme": null, "flow_arrow": "end" }, "geometry": { "type": "LineString", "coordinates": [ [ 88.399358020011235, 22.50204531169322 ], [ 88.399118562960822, 22.502171260003454 ], [ 88.398956420790881, 22.50225180570553 ], [ 88.398923265665147, 22.502269297610638 ] ] } },
{ "type": "Feature", "properties": { "ward": 109, "source_sheet": "109_Haltu.pdf p1", "source": "KMC ward sewerage network map (ArcMap GeoPDF)", "extraction_method": "geopdf_vector", "georef_max_residual_m": 0.3, "conduit_type": "pipe", "pipe_diameter_mm": 500.0, "diameter_source": "legend_colour", "diameter_candidates_mm": null, "label_diameter_mm": null, "label_agrees": null, "scheme": null, "flow_arrow": "end" }, "geometry": { "type": "LineString", "coordinates": [ [ 88.399252372536793, 22.50185350834904 ], [ 88.399286365532532, 22.501918600465252 ], [ 88.399324061867532, 22.501983660689358 ], [ 88.399358020011235, 22.50204531169322 ] ] } },
{ "type": "Feature", "properties": { "ward": 109, "source_sheet": "109_Haltu.pdf p1", "source": "KMC ward sewerage network map (ArcMap GeoPDF)", "extraction_method": "geopdf_vector", "georef_max_residual_m": 0.3, "conduit_type": "pipe", "pipe_diameter_mm": 450.0, "diameter_source": "legend_colour", "diameter_candidates_mm": null, "label_diameter_mm": 450.0, "label_agrees": true, "scheme": "KEIIP", "flow_arrow": "end" }, "geometry": { "type": "LineString", "coordinates": [ [ 88.399124435751204, 22.501655013997997 ], [ 88.399135685297011, 22.501668682450912 ], [ 88.399195880604267, 22.501761079472576 ], [ 88.399252372536793, 22.50185350834904 ] ] } },
{ "type": "Feature", "properties": { "ward": 109, "source_sheet": "109_Haltu.pdf p1", "source": "KMC ward sewerage network map (ArcMap GeoPDF)", "extraction_method": "geopdf_vector", "georef_max_residual_m": 0.3, "conduit_type": "pipe", "pipe_diameter_mm": 400.0, "diameter_source": "legend_colour", "diameter_candidates_mm": null, "label_diameter_mm": null, "label_agrees": null, "scheme": null, "flow_arrow": "end" }, "geometry": { "type": "LineString", "coordinates": [ [ 88.399004220267216, 22.501487424897249 ], [ 88.399041741792445, 22.501535280165754 ], [ 88.399075525137263, 22.501579726350446 ], [ 88.399124435751204, 22.501655013997997 ] ] } },
{ "type": "Feature", "properties": { "ward": 109, "source_sheet": "109_Haltu.pdf p1", "source": "KMC ward sewerage network map (ArcMap GeoPDF)", "extraction_method": "geopdf_vector", "georef_max_residual_m": 0.3, "conduit_type": "pipe", "pipe_diameter_mm": 800.0, "diameter_source": "legend_colour", "diameter_candidates_mm": null, "label_diameter_mm": 800.0, "label_agrees": true, "scheme": "KEIIP", "flow_arrow": "end" }, "geometry": { "type": "LineString", "coordinates": [ [ 88.396318064458669, 22.498458083495695 ], [ 88.396302972890695, 22.498430682656508 ], [ 88.396227271605568, 22.49826959145398 ], [ 88.39615918592051, 22.498129082616408 ], [ 88.396083728800775, 22.497992078302893 ], [ 88.39600868978728, 22.497896366135787 ], [ 88.395933650877438, 22.497800653784005 ], [ 88.395877406513904, 22.497732310629416 ], [ 88.395769248115414, 22.497657530535285 ], [ 88.395627552317407, 22.497562390463443 ], [ 88.395508214970917, 22.49748082349646 ], [ 88.395318273775928, 22.49737577336445 ], [ 88.395124595019183, 22.497267313670079 ], [ 88.394953274561658, 22.497172427050643 ], [ 88.394800539842038, 22.497084263579218 ], [ 88.394647840104426, 22.496999540910789 ], [ 88.3945435252555, 22.496938492134305 ], [ 88.393872852249771, 22.496538169216414 ], [ 88.39381692251159, 22.496500794323715 ], [ 88.393787123455056, 22.496483843223597 ], [ 88.39368280919706, 22.496422793848421 ], [ 88.39305311887918, 22.496046205055261 ], [ 88.392963722288641, 22.495995351424838 ], [ 88.3928519330874, 22.495927482859894 ], [ 88.392792300549516, 22.495890139309477 ], [ 88.392557578545222, 22.495751056176289 ], [ 88.39212551417998, 22.495506981930429 ], [ 88.392004769510692, 22.495652550865859 ] ] } },
{ "type": "Feature", "properties": { "ward": 109, "source_sheet": "109_Haltu.pdf p1", "source": "KMC ward sewerage network map (ArcMap GeoPDF)", "extraction_method": "geopdf_vector", "georef_max_residual_m": 0.3, "conduit_type": "pipe", "pipe_diameter_mm": 500.0, "diameter_source": "legend_colour", "diameter_candidates_mm": null, "label_diameter_mm": 500.0, "label_agrees": true, "scheme": "KEIIP", "flow_arrow": "end" }, "geometry": { "type": "LineString", "coordinates": [ [ 88.400146821992067, 22.503132852542301 ], [ 88.39998632162272, 22.503010348302617 ], [ 88.399829559639969, 22.502891252940888 ], [ 88.399392814543262, 22.502554325011655 ], [ 88.39930330675989, 22.502493152135475 ], [ 88.399131732665296, 22.502374183558484 ], [ 88.399004912824182, 22.502285801400596 ], [ 88.398956420790881, 22.50225180570553 ], [ 88.398799765241364, 22.50214303223618 ], [ 88.398654289662389, 22.502041045042841 ], [ 88.398516255803486, 22.501942434928505 ], [ 88.398381960337005, 22.501847233918163 ], [ 88.398262617669545, 22.501765669303211 ], [ 88.398113439567666, 22.501663713434521 ], [ 88.397979179367155, 22.501571953010423 ], [ 88.397844919495114, 22.501480192463042 ], [ 88.397744233425541, 22.501412232282199 ], [ 88.397542826548218, 22.501272870620436 ], [ 88.397378662145329, 22.501153836321961 ], [ 88.397214497865377, 22.501034801841492 ], [ 88.397098023167615, 22.50087062042611 ], [ 88.396880061977015, 22.500559334761729 ], [ 88.396834019577071, 22.500401430334719 ], [ 88.396780292099393, 22.500216061466354 ], [ 88.396749620450393, 22.500113085837814 ], [ 88.396692015715189, 22.499910543828015 ], [ 88.396642165988723, 22.499742348124535 ], [ 88.396585119133874, 22.499594862042855 ], [ 88.396520421855243, 22.49942335244992 ], [ 88.396467148202589, 22.499282716546031 ], [ 88.396432390685789, 22.499141921556308 ], [ 88.39639752872516, 22.498990803544224 ], [ 88.396370073149328, 22.498839621898075 ], [ 88.396342582957089, 22.498684999141368 ], [ 88.396319109598224, 22.498561313737746 ], [ 88.396318064458669, 22.498458083495695 ] ] } },
{ "type": "Feature", "properties": { "ward": 109, "source_sheet": "109_Haltu.pdf p1", "source": "KMC ward sewerage network map (ArcMap GeoPDF)", "extraction_method": "geopdf_vector", "georef_max_residual_m": 0.3, "conduit_type": "pipe", "pipe_diameter_mm": 450.0, "diameter_source": "legend_colour", "diameter_candidates_mm": null, "label_diameter_mm": null, "label_agrees": null, "scheme": null, "flow_arrow": "end" }, "geometry": { "type": "LineString", "coordinates": [ [ 88.400408316434039, 22.498612169754985 ], [ 88.400336138919627, 22.498433843796509 ], [ 88.400256520256832, 22.498252140641295 ], [ 88.400188221011376, 22.498090987583492 ], [ 88.400123729770769, 22.497940125728316 ], [ 88.400112375818594, 22.497916134476089 ] ] } },
{ "type": "Feature", "properties": { "ward": 109, "source_sheet": "109_Haltu.pdf p1", "source": "KMC ward sewerage network map (ArcMap GeoPDF)", "extraction_method": "geopdf_vector", "georef_max_residual_m": 0.3, "conduit_type": "pipe", "pipe_diameter_mm": 500.0, "diameter_source": "legend_colour", "diameter_candidates_mm": null, "label_diameter_mm": null, "label_agrees": null, "scheme": null, "flow_arrow": "end" }, "geometry": { "type": "LineString", "coordinates": [ [ 88.400308714314818, 22.49719176941823 ], [ 88.400232904462712, 22.497020357281752 ], [ 88.400149513822072, 22.496831803846927 ], [ 88.400069791654332, 22.496639777366273 ] ] } },
{ "type": "Feature", "properties": { "ward": 109, "source_sheet": "109_Haltu.pdf p1", "source": "KMC ward sewerage network map (ArcMap GeoPDF)", "extraction_method": "geopdf_vector", "georef_max_residual_m": 0.3, "conduit_type": "pipe", "pipe_diameter_mm": 800.0, "diameter_source": "legend_colour", "diameter_candidates_mm": null, "label_diameter_mm": 800.0, "label_agrees": true, "scheme": "KEIIP", "flow_arrow": "end" }, "geometry": { "type": "LineString", "coordinates": [ [ 88.403638476760477, 22.495404548060446 ], [ 88.403479908221911, 22.495471301801775 ], [ 88.403313933267441, 22.495538119326049 ], [ 88.403144290170673, 22.495608409594283 ], [ 88.402982018007137, 22.49567519482985 ], [ 88.402834418239152, 22.495728088014726 ], [ 88.402668372810723, 22.495788023007357 ], [ 88.40250603021255, 22.495847925746009 ], [ 88.402354726919, 22.49590085045649 ], [ 88.402177606607111, 22.495964321743603 ], [ 88.401996782980461, 22.496027824779965 ], [ 88.401838107954546, 22.49608425398802 ], [ 88.401697913558024, 22.496137082307545 ], [ 88.401601946886146, 22.496168881410238 ], [ 88.401491272459907, 22.496211131291179 ], [ 88.401395305529107, 22.496242930276818 ], [ 88.401184995894795, 22.496320451754759 ], [ 88.400982022422085, 22.496391027100277 ] ] } },
{ "type": "Feature", "properties": { "ward": 109, "source_sheet": "109_Haltu.pdf p1", "source": "KMC ward sewerage network map (ArcMap GeoPDF)", "extraction_method": "geopdf_vector", "georef_max_residual_m": 0.3, "conduit_type": "pipe", "pipe_diameter_mm": 450.0, "diameter_source": "legend_colour", "diameter_candidates_mm": null, "label_diameter_mm": 450.0, "label_agrees": true, "scheme": null, "flow_arrow": "end" }, "geometry": { "type": "LineString", "coordinates": [ [ 88.402516677908636, 22.497623545594262 ], [ 88.402440935103698, 22.497459016550504 ], [ 88.402368895509511, 22.497294455513618 ], [ 88.402304402529467, 22.497143594617583 ], [ 88.402247525926583, 22.497013315770548 ] ] } },
{ "type": "Feature", "properties": { "ward": 109, "source_sheet": "109_Haltu.pdf p1", "source": "KMC ward sewerage network map (ArcMap GeoPDF)", "extraction_method": "geopdf_vector", "georef_max_residual_m": 0.3, "conduit_type": "pipe", "pipe_diameter_mm": 500.0, "diameter_source": "legend_colour", "diameter_candidates_mm": null, "label_diameter_mm": null, "label_agrees": null, "scheme": null, "flow_arrow": "end" }, "geometry": { "type": "LineString", "coordinates": [ [ 88.402247525926583, 22.497013315770548 ], [ 88.402179329904214, 22.496862486750359 ], [ 88.402111064235314, 22.496704775650894 ] ] } },
{ "type": "Feature", "properties": { "ward": 109, "source_sheet": "109_Haltu.pdf p1", "source": "KMC ward sewerage network map (ArcMap GeoPDF)", "extraction_method": "geopdf_vector", "georef_max_residual_m": 0.3, "conduit_type": "pipe", "pipe_diameter_mm": 300.0, "diameter_source": "legend_colour", "diameter_candidates_mm": null, "label_diameter_mm": null, "label_agrees": null, "scheme": null, "flow_arrow": "end" }, "geometry": { "type": "LineString", "coordinates": [ [ 88.403100041778302, 22.496355553928378 ], [ 88.40283802905752, 22.496447288914155 ], [ 88.402605501257412, 22.496525003954229 ], [ 88.402443157788326, 22.496584906812839 ], [ 88.402277111164821, 22.496644841313355 ], [ 88.402111064235314, 22.496704775650894 ] ] } },
{ "type": "Feature", "properties": { "ward": 109, "source_sheet": "109_Haltu.pdf p1", "source": "KMC ward sewerage network map (ArcMap GeoPDF)", "extraction_method": "geopdf_vector", "georef_max_residual_m": 0.3, "conduit_type": "pipe", "pipe_diameter_mm": 600.0, "diameter_source": "legend_colour", "diameter_candidates_mm": null, "label_diameter_mm": 600.0, "label_agrees": true, "scheme": "KEIIP", "flow_arrow": "end" }, "geometry": { "type": "LineString", "coordinates": [ [ 88.403874452070625, 22.496393604899506 ], [ 88.403824070160027, 22.496173796827119 ], [ 88.403773898381729, 22.495974634686544 ], [ 88.403727499928905, 22.495782322434078 ], [ 88.403684874779046, 22.495596860217979 ], [ 88.403638476760477, 22.495404548060446 ] ] } },
{ "type": "Feature", "properties": { "ward": 109, "source_sheet": "109_Haltu.pdf p1", "source": "KMC ward sewerage network map (ArcMap GeoPDF)", "extraction_method": "geopdf_vector", "georef_max_residual_m": 0.3, "conduit_type": "pipe", "pipe_diameter_mm": 700.0, "diameter_source": "legend_colour", "diameter_candidates_mm": null, "label_diameter_mm": null, "label_agrees": null, "scheme": null, "flow_arrow": "end" }, "geometry": { "type": "LineString", "coordinates": [ [ 88.404745554417232, 22.495016442576645 ], [ 88.404302198635605, 22.495120070696771 ], [ 88.404191631034436, 22.49517264518985 ], [ 88.404037151581008, 22.495277218441061 ], [ 88.4039005568372, 22.495319693780971 ], [ 88.40377507152499, 22.495362072936217 ], [ 88.403638476760477, 22.495404548060446 ] ] } },
{ "type": "Feature", "properties": { "ward": 109, "source_sheet": "109_Haltu.pdf p1", "source": "KMC ward sewerage network map (ArcMap GeoPDF)", "extraction_method": "geopdf_vector", "georef_max_residual_m": 0.3, "conduit_type": "pipe", "pipe_diameter_mm": 900.0, "diameter_source": "legend_colour", "diameter_candidates_mm": null, "label_diameter_mm": null, "label_agrees": null, "scheme": null, "flow_arrow": "end" }, "geometry": { "type": "LineString", "coordinates": [ [ 88.400982022422085, 22.496391027100277 ], [ 88.400778908797619, 22.496447838258682 ], [ 88.400479757902914, 22.496529565727329 ], [ 88.400280312218499, 22.496582903279496 ], [ 88.400069791654332, 22.496639777366273 ], [ 88.399589674499552, 22.496771239899001 ] ] } },
{ "type": "Feature", "properties": { "ward": 109, "source_sheet": "109_Haltu.pdf p1", "source": "KMC ward sewerage network map (ArcMap GeoPDF)", "extraction_method": "geopdf_vector", "georef_max_residual_m": 0.3, "conduit_type": "pipe", "pipe_diameter_mm": 450.0, "diameter_source": "legend_colour", "diameter_candidates_mm": null, "label_diameter_mm": null, "label_agrees": null, "scheme": null, "flow_arrow": "end" }, "geometry": { "type": "LineString", "coordinates": [ [ 88.405264411480104, 22.49614414584094 ], [ 88.405138960816117, 22.496189967159467 ], [ 88.405002400786742, 22.496235884400015 ], [ 88.404854801314215, 22.496288779423892 ], [ 88.40472194407451, 22.496334664434837 ], [ 88.404607567598305, 22.496376948269148 ] ] } },
{ "type": "Feature", "properties": { "ward": 109, "source_sheet": "109_Haltu.pdf p1", "source": "KMC ward sewerage network map (ArcMap GeoPDF)", "extraction_method": "geopdf_vector", "georef_max_residual_m": 0.3, "conduit_type": "pipe", "pipe_diameter_mm": 1000.0, "diameter_source": "legend_colour", "diameter_candidates_mm": null, "label_diameter_mm": null, "label_agrees": null, "scheme": null, "flow_arrow": "end" }, "geometry": { "type": "LineString", "coordinates": [ [ 88.405592622167376, 22.496007097718149 ], [ 88.405525825762012, 22.49599390998187 ], [ 88.405481318154941, 22.495987412295555 ], [ 88.405373261557727, 22.495922961802059 ], [ 88.405309502128276, 22.495844363033729 ], [ 88.405189425110777, 22.49569054261768 ], [ 88.405050517142186, 22.495505913058395 ], [ 88.404911819974174, 22.495341929306743 ], [ 88.404896727134911, 22.495314529331573 ], [ 88.404832442774449, 22.495184315457728 ], [ 88.404745554417232, 22.495016442576645 ], [ 88.404698944956579, 22.494803484677973 ], [ 88.404656143717418, 22.494600817880361 ] ] } },
{ "type": "Feature", "properties": { "ward": 109, "source_sheet": "109_Haltu.pdf p1", "source": "KMC ward sewerage network map (ArcMap GeoPDF)", "extraction_method": "geopdf_vector", "georef_max_residual_m": 0.3, "conduit_type": "pipe", "pipe_diameter_mm": 400.0, "diameter_source": "legend_colour", "diameter_candidates_mm": null, "label_diameter_mm": 400.0, "label_agrees": true, "scheme": "KEIIP", "flow_arrow": "end" }, "geometry": { "type": "LineString", "coordinates": [ [ 88.407665982946995, 22.495951303006326 ], [ 88.4077192311141, 22.496088493666495 ], [ 88.407776288040537, 22.496235975336155 ], [ 88.407837153442756, 22.496393747868744 ], [ 88.407882749987138, 22.496506915729405 ], [ 88.407916991311367, 22.496596092930595 ], [ 88.40797006454585, 22.49671607863198 ], [ 88.408000356961693, 22.496781200879344 ], [ 88.408023102597227, 22.496832623228514 ], [ 88.408156029308344, 22.49679361754951 ], [ 88.408336920952806, 22.496736989717458 ], [ 88.408584293145012, 22.496662579279057 ], [ 88.408720922504244, 22.496623540918954 ] ] } },
{ "type": "Feature", "properties": { "ward": 109, "source_sheet": "109_Haltu.pdf p1", "source": "KMC ward sewerage network map (ArcMap GeoPDF)", "extraction_method": "geopdf_vector", "georef_max_residual_m": 0.3, "conduit_type": "pipe", "pipe_diameter_mm": 600.0, "diameter_source": "legend_colour", "diameter_candidates_mm": null, "label_diameter_mm": 600.0, "label_agrees": true, "scheme": "KEIIP", "flow_arrow": "end" }, "geometry": { "type": "LineString", "coordinates": [ [ 88.408720922504244, 22.496623540918954 ], [ 88.408781508161042, 22.496753785089751 ], [ 88.408842234363419, 22.496897793268619 ], [ 88.408914386499504, 22.497072673993845 ], [ 88.408967285038386, 22.497175454332798 ], [ 88.40898615218687, 22.497209703646579 ], [ 88.409072871298335, 22.497360369034663 ] ] } },
{ "type": "Feature", "properties": { "ward": 109, "source_sheet": "109_Haltu.pdf p1", "source": "KMC ward sewerage network map (ArcMap GeoPDF)", "extraction_method": "geopdf_vector", "georef_max_residual_m": 0.3, "conduit_type": "pipe", "pipe_diameter_mm": 600.0, "diameter_source": "legend_colour", "diameter_candidates_mm": null, "label_diameter_mm": null, "label_agrees": null, "scheme": null, "flow_arrow": "end" }, "geometry": { "type": "LineString", "coordinates": [ [ 88.408215045924322, 22.498221243947636 ], [ 88.408275456236112, 22.498334283296145 ], [ 88.408456511784308, 22.498656196194876 ] ] } },
{ "type": "Feature", "properties": { "ward": 109, "source_sheet": "109_Haltu.pdf p1", "source": "KMC ward sewerage network map (ArcMap GeoPDF)", "extraction_method": "geopdf_vector", "georef_max_residual_m": 0.3, "conduit_type": "pipe", "pipe_diameter_mm": 500.0, "diameter_source": "legend_colour", "diameter_candidates_mm": null, "label_diameter_mm": 500.0, "label_agrees": true, "scheme": "KEIIP", "flow_arrow": "end" }, "geometry": { "type": "LineString", "coordinates": [ [ 88.409676885768974, 22.498119099170829 ], [ 88.409492360133385, 22.498182642689677 ], [ 88.409300674046477, 22.498270337061104 ], [ 88.408946821238999, 22.498435145408997 ], [ 88.408747728033006, 22.498522903353592 ], [ 88.408456511784308, 22.498656196194876 ], [ 88.408066151923563, 22.498872938509543 ], [ 88.40795202029426, 22.498939311758889 ], [ 88.4078783427464, 22.498977804173499 ] ] } },
{ "type": "Feature", "properties": { "ward": 109, "source_sheet": "109_Haltu.pdf p1", "source": "KMC ward sewerage network map (ArcMap GeoPDF)", "extraction_method": "geopdf_vector", "georef_max_residual_m": 0.3, "conduit_type": "pipe", "pipe_diameter_mm": 400.0, "diameter_source": "legend_colour", "diameter_candidates_mm": null, "label_diameter_mm": null, "label_agrees": null, "scheme": null, "flow_arrow": "end" }, "geometry": { "type": "LineString", "coordinates": [ [ 88.407807305990119, 22.49746080813588 ], [ 88.407852727303691, 22.497556770992848 ], [ 88.407901816737805, 22.497649260819873 ], [ 88.407943394508749, 22.497731491818861 ], [ 88.407977460593244, 22.497803463997084 ] ] } },
{ "type": "Feature", "properties": { "ward": 109, "source_sheet": "109_Haltu.pdf p1", "source": "KMC ward sewerage network map (ArcMap GeoPDF)", "extraction_method": "geopdf_vector", "georef_max_residual_m": 0.3, "conduit_type": "pipe", "pipe_diameter_mm": 500.0, "diameter_source": "legend_colour", "diameter_candidates_mm": null, "label_diameter_mm": null, "label_agrees": null, "scheme": null, "flow_arrow": "end" }, "geometry": { "type": "LineString", "coordinates": [ [ 88.407977460593244, 22.497803463997084 ], [ 88.408015124519338, 22.497865081129898 ], [ 88.408060370329736, 22.49794383893223 ], [ 88.4080754289635, 22.497967797617441 ], [ 88.408105616347584, 22.498022596717142 ], [ 88.408162217896773, 22.498125345241391 ], [ 88.408215045924322, 22.498221243947636 ] ] } },
{ "type": "Feature", "properties": { "ward": 109, "source_sheet": "109_Haltu.pdf p1", "source": "KMC ward sewerage network map (ArcMap GeoPDF)", "extraction_method": "geopdf_vector", "georef_max_residual_m": 0.3, "conduit_type": "pipe", "pipe_diameter_mm": 700.0, "diameter_source": "legend_colour", "diameter_candidates_mm": null, "label_diameter_mm": 700.0, "label_agrees": true, "scheme": "KEIIP", "flow_arrow": "end" }, "geometry": { "type": "LineString", "coordinates": [ [ 88.409072871298335, 22.497360369034663 ], [ 88.409125488849952, 22.497435621380269 ], [ 88.409279532900058, 22.497651087447437 ], [ 88.409463202881525, 22.497866296457595 ], [ 88.409564419199626, 22.497985864080285 ], [ 88.409639396887769, 22.498074687436368 ], [ 88.409676885768974, 22.498119099170829 ] ] } },
{ "type": "Feature", "properties": { "ward": 109, "source_sheet": "109_Haltu.pdf p1", "source": "KMC ward sewerage network map (ArcMap GeoPDF)", "extraction_method": "geopdf_vector", "georef_max_residual_m": 0.3, "conduit_type": "pipe", "pipe_diameter_mm": 400.0, "diameter_source": "legend_colour", "diameter_candidates_mm": null, "label_diameter_mm": 400.0, "label_agrees": true, "scheme": "KEIIP", "flow_arrow": "end" }, "geometry": { "type": "LineString", "coordinates": [ [ 88.406562699476424, 22.495984941850413 ], [ 88.406629250329047, 22.495974042132453 ], [ 88.406832605948111, 22.495941310769535 ], [ 88.40702855534677, 22.495908643256836 ], [ 88.407206024087102, 22.495879576730502 ], [ 88.407402078605998, 22.49585723159295 ], [ 88.407605539153607, 22.495834822235118 ], [ 88.407742378888074, 22.495816430796289 ], [ 88.40792421773088, 22.495852710278516 ], [ 88.408031994366581, 22.495889631059082 ], [ 88.408121431029173, 22.495943917132028 ], [ 88.408188613991655, 22.49599495468334 ], [ 88.408259570548068, 22.496052842000108 ], [ 88.408352921324749, 22.496127741772405 ], [ 88.408502240736752, 22.496243452184899 ] ] } },
{ "type": "Feature", "properties": { "ward": 109, "source_sheet": "109_Haltu.pdf p1", "source": "KMC ward sewerage network map (ArcMap GeoPDF)", "extraction_method": "geopdf_vector", "georef_max_residual_m": 0.3, "conduit_type": "pipe", "pipe_diameter_mm": 450.0, "diameter_source": "legend_colour", "diameter_candidates_mm": null, "label_diameter_mm": null, "label_agrees": null, "scheme": null, "flow_arrow": "end" }, "geometry": { "type": "LineString", "coordinates": [ [ 88.408502240736752, 22.496243452184899 ], [ 88.408577603282339, 22.496370127031604 ], [ 88.408645489401891, 22.496489984137281 ], [ 88.408720922504244, 22.496623540918954 ] ] } },
{ "type": "Feature", "properties": { "ward": 109, "source_sheet": "109_Haltu.pdf p1", "source": "KMC ward sewerage network map (ArcMap GeoPDF)", "extraction_method": "geopdf_vector", "georef_max_residual_m": 0.3, "conduit_type": "pipe", "pipe_diameter_mm": 900.0, "diameter_source": "legend_colour", "diameter_candidates_mm": null, "label_diameter_mm": null, "label_agrees": null, "scheme": null, "flow_arrow": "end" }, "geometry": { "type": "LineString", "coordinates": [ [ 88.409676885768974, 22.498119099170829 ], [ 88.409699315744206, 22.498139552379229 ], [ 88.409729187271495, 22.498163382429855 ], [ 88.409770273884391, 22.498197439071919 ], [ 88.409867400619973, 22.498279187583467 ], [ 88.409957894783346, 22.498436702144168 ] ] } },
{ "type": "Feature", "properties": { "ward": 109, "source_sheet": "109_Haltu.pdf p1", "source": "KMC ward sewerage network map (ArcMap GeoPDF)", "extraction_method": "geopdf_vector", "georef_max_residual_m": 0.3, "conduit_type": "pipe", "pipe_diameter_mm": 1000.0, "diameter_source": "legend_colour", "diameter_candidates_mm": null, "label_diameter_mm": 1000.0, "label_agrees": true, "scheme": "KEIIP", "flow_arrow": "end" }, "geometry": { "type": "LineString", "coordinates": [ [ 88.399589674499552, 22.496771239899001 ], [ 88.399416080116964, 22.496817471337948 ], [ 88.39921293037041, 22.496870839486345 ], [ 88.398795520694094, 22.496977670774118 ], [ 88.398470903759261, 22.496739572163222 ], [ 88.398335177905309, 22.496868068055139 ], [ 88.398232640536122, 22.496982513090224 ], [ 88.39794833431921, 22.497067549535071 ], [ 88.397939875348882, 22.497329161561872 ], [ 88.397763239160753, 22.497440802248903 ], [ 88.397564836964449, 22.497597366750167 ], [ 88.397325211094554, 22.497706107240869 ], [ 88.397126145733054, 22.49779729210087 ], [ 88.397052395773642, 22.497828897780764 ], [ 88.396952932492553, 22.497881372062405 ], [ 88.396864544044789, 22.497930309867655 ], [ 88.396828801617986, 22.498057945411592 ], [ 88.396800430545355, 22.498182076212725 ], [ 88.396776076436595, 22.498337144356615 ], [ 88.396713435749589, 22.498368654295845 ], [ 88.396580399259321, 22.498397327755022 ], [ 88.396458472510091, 22.49842590566951 ], [ 88.396318064458669, 22.498458083495695 ], [ 88.396255249269586, 22.4984723883443 ] ] } },
{ "type": "Feature", "properties": { "ward": 109, "source_sheet": "109_Haltu.pdf p1", "source": "KMC ward sewerage network map (ArcMap GeoPDF)", "extraction_method": "geopdf_vector", "georef_max_residual_m": 0.3, "conduit_type": "pipe", "pipe_diameter_mm": 300.0, "diameter_source": "legend_colour", "diameter_candidates_mm": null, "label_diameter_mm": 300.0, "label_agrees": true, "scheme": "KEIIP", "flow_arrow": "end" }, "geometry": { "type": "LineString", "coordinates": [ [ 88.396626424999425, 22.497822233929295 ], [ 88.396696576404707, 22.497800983409032 ], [ 88.396766727786954, 22.497779732859236 ], [ 88.396812037235591, 22.497865376200661 ], [ 88.396864544044789, 22.497930309867655 ] ] } },
{ "type": "Feature", "properties": { "ward": 109, "source_sheet": "109_Haltu.pdf p1", "source": "KMC ward sewerage network map (ArcMap GeoPDF)", "extraction_method": "geopdf_vector", "georef_max_residual_m": 0.3, "conduit_type": "pipe", "pipe_diameter_mm": 300.0, "diameter_source": "legend_colour", "diameter_candidates_mm": null, "label_diameter_mm": null, "label_agrees": null, "scheme": null, "flow_arrow": "end" }, "geometry": { "type": "LineString", "coordinates": [ [ 88.397131382483863, 22.497948664570689 ], [ 88.397100990181897, 22.497873217034492 ], [ 88.397052395773642, 22.497828897780764 ] ] } },
{ "type": "Feature", "properties": { "ward": 109, "source_sheet": "109_Haltu.pdf p1", "source": "KMC ward sewerage network map (ArcMap GeoPDF)", "extraction_method": "geopdf_vector", "georef_max_residual_m": 0.3, "conduit_type": "pipe", "pipe_diameter_mm": 1800.0, "diameter_source": "legend_colour", "diameter_candidates_mm": null, "label_diameter_mm": null, "label_agrees": null, "scheme": null, "flow_arrow": "end" }, "geometry": { "type": "LineString", "coordinates": [ [ 88.404656143717418, 22.494600817880361 ], [ 88.404975239814462, 22.494660003832905 ], [ 88.405504115082849, 22.494590047649222 ], [ 88.406188939908887, 22.49456003658479 ], [ 88.406357192336813, 22.494716880912652 ] ] } },
{ "type": "Feature", "properties": { "ward": 109, "source_sheet": "109_Haltu.pdf p1", "source": "KMC ward sewerage network map (ArcMap GeoPDF)", "extraction_method": "geopdf_vector", "georef_max_residual_m": 0.3, "conduit_type": "pipe", "pipe_diameter_mm": 900.0, "diameter_source": "legend_colour", "diameter_candidates_mm": null, "label_diameter_mm": 900.0, "label_agrees": true, "scheme": "KEIIP", "flow_arrow": "end" }, "geometry": { "type": "LineString", "coordinates": [ [ 88.386379765559113, 22.484282309748775 ], [ 88.386381528540255, 22.484457802254862 ], [ 88.386383291538777, 22.484633294757 ], [ 88.386407409894986, 22.484822361927218 ], [ 88.386427894752458, 22.485018342743565 ], [ 88.386452116980379, 22.485217732962255 ], [ 88.386472394557899, 22.485393067617483 ], [ 88.386492810336563, 22.485582166310316 ], [ 88.386590779213009, 22.485749955939045 ], [ 88.386677466901673, 22.485900635042039 ], [ 88.386756610660214, 22.48603761318887 ], [ 88.38683575458019, 22.486174591286701 ], [ 88.386922408233431, 22.486321829248965 ], [ 88.387016467745994, 22.486469003852516 ], [ 88.38709547382642, 22.486592217750434 ], [ 88.387155654132926, 22.486684620175925 ], [ 88.387197077925279, 22.486753093244893 ], [ 88.387328824599322, 22.486965331432327 ], [ 88.387407831253469, 22.487088544998159 ], [ 88.387520787105657, 22.487273412717119 ], [ 88.387577230467016, 22.487362405423873 ], [ 88.387678905085664, 22.48753016263089 ], [ 88.387806915568547, 22.487738990958029 ], [ 88.387931189038298, 22.487944409643987 ], [ 88.388145787330927, 22.488293592633006 ], [ 88.388239849706451, 22.488440766496822 ], [ 88.388307576042905, 22.488546869345353 ], [ 88.388409183058158, 22.4887077438947 ], [ 88.388458117933709, 22.488786476389496 ], [ 88.38857491814754, 22.488985075746434 ], [ 88.388710441265459, 22.489204162858137 ], [ 88.388770727747414, 22.489306887595028 ], [ 88.388842227352555, 22.489419840481947 ], [ 88.388955117845384, 22.489597825011231 ], [ 88.389064236349085, 22.489768958847186 ], [ 88.389173389776886, 22.489943533705166 ], [ 88.38924475130618, 22.490042722208219 ], [ 88.38934611800515, 22.490179508955777 ], [ 88.389424989766255, 22.490288957282282 ], [ 88.389522619158384, 22.490422334424128 ], [ 88.389616545880202, 22.490555743281693 ], [ 88.389736671070764, 22.490716458580192 ], [ 88.389759201006882, 22.490747237842061 ] ] } },
{ "type": "Feature", "properties": { "ward": 109, "source_sheet": "109_Haltu.pdf p1", "source": "KMC ward sewerage network map (ArcMap GeoPDF)", "extraction_method": "geopdf_vector", "georef_max_residual_m": 0.3, "conduit_type": "pipe", "pipe_diameter_mm": 800.0, "diameter_source": "legend_colour", "diameter_candidates_mm": null, "label_diameter_mm": 800.0, "label_agrees": true, "scheme": "KEIIP", "flow_arrow": "end" }, "geometry": { "type": "LineString", "coordinates": [ [ 88.390285149689319, 22.493327170514789 ], [ 88.390316334893086, 22.493481763135527 ], [ 88.390351535412861, 22.493667293205686 ], [ 88.390405771662444, 22.493904280136341 ] ] } },
{ "type": "Feature", "properties": { "ward": 109, "source_sheet": "109_Haltu.pdf p1", "source": "KMC ward sewerage network map (ArcMap GeoPDF)", "extraction_method": "geopdf_vector", "georef_max_residual_m": 0.3, "conduit_type": "pipe", "pipe_diameter_mm": 900.0, "diameter_source": "legend_colour", "diameter_candidates_mm": null, "label_diameter_mm": 900.0, "label_agrees": true, "scheme": "KEIIP", "flow_arrow": "end" }, "geometry": { "type": "LineString", "coordinates": [ [ 88.39009155594556, 22.491756144167685 ], [ 88.390120112463251, 22.492017440106856 ], [ 88.390137109006915, 22.49223409771389 ], [ 88.39015798222124, 22.492467928772587 ], [ 88.390174458779057, 22.492632971135883 ], [ 88.390195366831449, 22.492870243139219 ], [ 88.39020720428914, 22.492942409607775 ], [ 88.390285149689319, 22.493327170514789 ] ] } },
{ "type": "Feature", "properties": { "ward": 109, "source_sheet": "109_Haltu.pdf p1", "source": "KMC ward sewerage network map (ArcMap GeoPDF)", "extraction_method": "geopdf_vector", "georef_max_residual_m": 0.3, "conduit_type": "pipe", "pipe_diameter_mm": 900.0, "diameter_source": "legend_colour", "diameter_candidates_mm": null, "label_diameter_mm": 900.0, "label_agrees": true, "scheme": "KEIIP", "flow_arrow": "end" }, "geometry": { "type": "LineString", "coordinates": [ [ 88.389759201006882, 22.490747237842061 ], [ 88.389842053772853, 22.490884182452543 ], [ 88.389939996008479, 22.491048528433431 ], [ 88.389993571722812, 22.491220136412974 ], [ 88.390032439435075, 22.491402193888689 ], [ 88.390071619309197, 22.491615220628034 ], [ 88.39009155594556, 22.491756144167685 ] ] } },
{ "type": "Feature", "properties": { "ward": 109, "source_sheet": "109_Haltu.pdf p1", "source": "KMC ward sewerage network map (ArcMap GeoPDF)", "extraction_method": "geopdf_vector", "georef_max_residual_m": 0.3, "conduit_type": "pipe", "pipe_diameter_mm": 400.0, "diameter_source": "legend_colour", "diameter_candidates_mm": null, "label_diameter_mm": null, "label_agrees": null, "scheme": null, "flow_arrow": "start" }, "geometry": { "type": "LineString", "coordinates": [ [ 88.389759201006882, 22.490747237842061 ], [ 88.389737710932806, 22.490819689211488 ] ] } },
{ "type": "Feature", "properties": { "ward": 109, "source_sheet": "109_Haltu.pdf p1", "source": "KMC ward sewerage network map (ArcMap GeoPDF)", "extraction_method": "geopdf_vector", "georef_max_residual_m": 0.3, "conduit_type": "pipe", "pipe_diameter_mm": 600.0, "diameter_source": "legend_colour", "diameter_candidates_mm": null, "label_diameter_mm": null, "label_agrees": null, "scheme": null, "flow_arrow": "start" }, "geometry": { "type": "LineString", "coordinates": [ [ 88.387197077925279, 22.486753093244893 ], [ 88.387127068662693, 22.486788103630769 ] ] } },
{ "type": "Feature", "properties": { "ward": 109, "source_sheet": "109_Haltu.pdf p1", "source": "KMC ward sewerage network map (ArcMap GeoPDF)", "extraction_method": "geopdf_vector", "georef_max_residual_m": 0.3, "conduit_type": "pipe", "pipe_diameter_mm": 400.0, "diameter_source": "legend_colour", "diameter_candidates_mm": null, "label_diameter_mm": null, "label_agrees": null, "scheme": null, "flow_arrow": "start" }, "geometry": { "type": "LineString", "coordinates": [ [ 88.387678905085664, 22.48753016263089 ], [ 88.387612632968597, 22.487568582759838 ] ] } },
{ "type": "Feature", "properties": { "ward": 109, "source_sheet": "109_Haltu.pdf p1", "source": "KMC ward sewerage network map (ArcMap GeoPDF)", "extraction_method": "geopdf_vector", "georef_max_residual_m": 0.3, "conduit_type": "pipe", "pipe_diameter_mm": 1200.0, "diameter_source": "legend_colour", "diameter_candidates_mm": null, "label_diameter_mm": 1200.0, "label_agrees": true, "scheme": "KEIIP", "flow_arrow": "end" }, "geometry": { "type": "LineString", "coordinates": [ [ 88.406402089624081, 22.478772942074162 ], [ 88.406331423597777, 22.478742581350122 ], [ 88.406156592472499, 22.478664942703166 ], [ 88.405959475411876, 22.478580613979453 ], [ 88.40579582261438, 22.478509760952448 ], [ 88.405598671093287, 22.478421990811803 ], [ 88.405442459012761, 22.478354514366103 ], [ 88.405237867404153, 22.478263366649248 ], [ 88.405174607196642, 22.478232941416614 ], [ 88.40504071655262, 22.478175595787597 ], [ 88.404873326979938, 22.478101332802396 ], [ 88.404713343052507, 22.478027005683938 ], [ 88.40454225115927, 22.477952774309554 ], [ 88.404382302566106, 22.477881887795736 ], [ 88.404207473357886, 22.477804246916776 ], [ 88.404054930244655, 22.477733296279482 ], [ 88.40387266125208, 22.477652277979573 ], [ 88.403723891081199, 22.477588176962978 ], [ 88.403519266799535, 22.477493585985837 ], [ 88.40327751140417, 22.477388990992438 ], [ 88.40305416466768, 22.477273913078175 ], [ 88.402882969765898, 22.477189356690445 ], [ 88.402737798263232, 22.477114899771767 ], [ 88.402566568627009, 22.477026902215851 ], [ 88.402373018845125, 22.476928772824905 ], [ 88.402213037336267, 22.476854443078334 ], [ 88.402042157905498, 22.476800854920842 ] ] } },
{ "type": "Feature", "properties": { "ward": 109, "source_sheet": "109_Haltu.pdf p1", "source": "KMC ward sewerage network map (ArcMap GeoPDF)", "extraction_method": "geopdf_vector", "georef_max_residual_m": 0.3, "conduit_type": "pipe", "pipe_diameter_mm": 700.0, "diameter_source": "legend_colour", "diameter_candidates_mm": null, "label_diameter_mm": 700.0, "label_agrees": true, "scheme": "KEIIP", "flow_arrow": "end" }, "geometry": { "type": "LineString", "coordinates": [ [ 88.40931614450885, 22.479842054195636 ], [ 88.409160631828684, 22.479843401573966 ], [ 88.408994010877336, 22.479844845029046 ], [ 88.408901057508942, 22.479807795906275 ], [ 88.408804366217723, 22.479767337710683 ], [ 88.408703972436683, 22.479726911664258 ], [ 88.408596103095888, 22.479679667649439 ] ] } },
{ "type": "Feature", "properties": { "ward": 109, "source_sheet": "109_Haltu.pdf p1", "source": "KMC ward sewerage network map (ArcMap GeoPDF)", "extraction_method": "geopdf_vector", "georef_max_residual_m": 0.3, "conduit_type": "pipe", "pipe_diameter_mm": 800.0, "diameter_source": "legend_colour", "diameter_candidates_mm": null, "label_diameter_mm": 800.0, "label_agrees": true, "scheme": "KEIIP", "flow_arrow": "end" }, "geometry": { "type": "LineString", "coordinates": [ [ 88.408596103095888, 22.479679667649439 ], [ 88.408506852475512, 22.479642586223179 ], [ 88.408306030201032, 22.479558292585406 ], [ 88.408142410268596, 22.479490883015757 ], [ 88.407975052855974, 22.479420064374644 ], [ 88.407811398143068, 22.479349213648 ], [ 88.407733326165157, 22.479318917522189 ], [ 88.407610611755786, 22.479268360044358 ], [ 88.407499040419808, 22.479221147297721 ] ] } },
{ "type": "Feature", "properties": { "ward": 109, "source_sheet": "109_Haltu.pdf p1", "source": "KMC ward sewerage network map (ArcMap GeoPDF)", "extraction_method": "geopdf_vector", "georef_max_residual_m": 0.3, "conduit_type": "pipe", "pipe_diameter_mm": 900.0, "diameter_source": "legend_colour", "diameter_candidates_mm": null, "label_diameter_mm": 900.0, "label_agrees": true, "scheme": "KEIIP", "flow_arrow": "end" }, "geometry": { "type": "LineString", "coordinates": [ [ 88.407499040419808, 22.479221147297721 ], [ 88.407309432436094, 22.47914707921899 ], [ 88.407190455920087, 22.47909993031822 ], [ 88.407078919917893, 22.479056158213425 ], [ 88.406956240866734, 22.479009041161088 ], [ 88.406818681193116, 22.478955170065522 ], [ 88.406762895684977, 22.478931563343036 ], [ 88.406695932187034, 22.478901170765035 ], [ 88.406543421764809, 22.478833663424233 ], [ 88.406402089624081, 22.478772942074162 ] ] } },
{ "type": "Feature", "properties": { "ward": 109, "source_sheet": "109_Haltu.pdf p1", "source": "KMC ward sewerage network map (ArcMap GeoPDF)", "extraction_method": "geopdf_vector", "georef_max_residual_m": 0.3, "conduit_type": "pipe", "pipe_diameter_mm": 600.0, "diameter_source": "legend_colour", "diameter_candidates_mm": null, "label_diameter_mm": 600.0, "label_agrees": true, "scheme": "KEIIP", "flow_arrow": "end" }, "geometry": { "type": "LineString", "coordinates": [ [ 88.405258138262866, 22.473342122346249 ], [ 88.405292721526521, 22.473465710690817 ], [ 88.405327339875114, 22.4735927399758 ], [ 88.405377258591855, 22.473767815513501 ], [ 88.405407999611654, 22.473877671844978 ], [ 88.405457918551733, 22.474052747341283 ], [ 88.405492502204098, 22.474176335614317 ], [ 88.405504275319132, 22.474241618750437 ], [ 88.405551017501779, 22.47446834118233 ] ] } },
{ "type": "Feature", "properties": { "ward": 109, "source_sheet": "109_Haltu.pdf p1", "source": "KMC ward sewerage network map (ArcMap GeoPDF)", "extraction_method": "geopdf_vector", "georef_max_residual_m": 0.3, "conduit_type": "pipe", "pipe_diameter_mm": 700.0, "diameter_source": "legend_colour", "diameter_candidates_mm": null, "label_diameter_mm": 700.0, "label_agrees": true, "scheme": "KEIIP", "flow_arrow": "end" }, "geometry": { "type": "LineString", "coordinates": [ [ 88.405551017501779, 22.47446834118233 ], [ 88.405552593636529, 22.474623186463138 ], [ 88.405553013940661, 22.474664478461033 ], [ 88.405540515331836, 22.474891712688791 ], [ 88.405537898548644, 22.474998415907955 ], [ 88.405562951161968, 22.475276945369988 ], [ 88.405575424976945, 22.475411048523235 ], [ 88.405583495524013, 22.475476363628388 ], [ 88.405663876855158, 22.475733767037482 ], [ 88.405705971490704, 22.475867614363271 ] ] } },
{ "type": "Feature", "properties": { "ward": 109, "source_sheet": "109_Haltu.pdf p1", "source": "KMC ward sewerage network map (ArcMap GeoPDF)", "extraction_method": "geopdf_vector", "georef_max_residual_m": 0.3, "conduit_type": "pipe", "pipe_diameter_mm": 800.0, "diameter_source": "legend_colour", "diameter_candidates_mm": null, "label_diameter_mm": 800.0, "label_agrees": true, "scheme": "KEIIP", "flow_arrow": "end" }, "geometry": { "type": "LineString", "coordinates": [ [ 88.405705971490704, 22.475867614363271 ], [ 88.405797916579772, 22.476169654767073 ], [ 88.405854611579358, 22.47628272791173 ], [ 88.405911236756154, 22.476388919127356 ], [ 88.406027699276635, 22.476553095169809 ], [ 88.406141896244662, 22.476858384370139 ] ] } },
{ "type": "Feature", "properties": { "ward": 109, "source_sheet": "109_Haltu.pdf p1", "source": "KMC ward sewerage network map (ArcMap GeoPDF)", "extraction_method": "geopdf_vector", "georef_max_residual_m": 0.3, "conduit_type": "pipe", "pipe_diameter_mm": 400.0, "diameter_source": "legend_colour", "diameter_candidates_mm": null, "label_diameter_mm": 400.0, "label_agrees": true, "scheme": "KEIIP", "flow_arrow": "end" }, "geometry": { "type": "LineString", "coordinates": [ [ 88.394701143611996, 22.490550066727096 ], [ 88.394660549798942, 22.490564180082419 ], [ 88.394571921500756, 22.490589029460885 ], [ 88.394438996145823, 22.490628023851155 ], [ 88.394350402536261, 22.490656314073362 ], [ 88.394309773877666, 22.490666986381701 ] ] } },
{ "type": "Feature", "properties": { "ward": 109, "source_sheet": "109_Haltu.pdf p1", "source": "KMC ward sewerage network map (ArcMap GeoPDF)", "extraction_method": "geopdf_vector", "georef_max_residual_m": 0.3, "conduit_type": "pipe", "pipe_diameter_mm": 800.0, "diameter_source": "legend_colour", "diameter_candidates_mm": null, "label_diameter_mm": 800.0, "label_agrees": true, "scheme": "KEIIP", "flow_arrow": "end" }, "geometry": { "type": "LineString", "coordinates": [ [ 88.394574880548603, 22.49161451505266 ], [ 88.394493657496696, 22.491639300901305 ], [ 88.394427211789917, 22.4916605185809 ], [ 88.394323840148985, 22.491692376804846 ], [ 88.393947278907191, 22.491809168725638 ], [ 88.39377746111505, 22.491862244216588 ], [ 88.393596568647183, 22.491918855711734 ], [ 88.393445231055935, 22.491968331069781 ], [ 88.393304932687016, 22.492010829031795 ], [ 88.393050083467031, 22.492078397566399 ], [ 88.392691861548755, 22.49217782306529 ], [ 88.392507195795147, 22.492227583023286 ], [ 88.392329901287411, 22.492273838394048 ], [ 88.392145235254517, 22.492323597949543 ], [ 88.392150014772028, 22.49243023771341 ], [ 88.392219030995648, 22.492663656151723 ], [ 88.392268802956451, 22.49282497169618 ], [ 88.392323007292873, 22.493058516892884 ], [ 88.392309341208133, 22.493172197396486 ], [ 88.392017771126731, 22.493271050620038 ], [ 88.391814727091926, 22.493334732379203 ], [ 88.391670758568253, 22.493380701811201 ], [ 88.391556310378832, 22.493416094543278 ], [ 88.391452936691209, 22.493447951017643 ], [ 88.391364305755005, 22.493472798746222 ], [ 88.391294155542909, 22.493494046885825 ], [ 88.391065223994829, 22.493561390645791 ], [ 88.391006148274684, 22.493579102653346 ], [ 88.390718869143583, 22.493736419207927 ], [ 88.390593623275961, 22.493802875426542 ], [ 88.390553097432218, 22.493823870029168 ], [ 88.390405771662444, 22.493904280136341 ], [ 88.390406881551854, 22.494014392772982 ], [ 88.390370128091547, 22.49404223759861 ] ] } },
{ "type": "Feature", "properties": { "ward": 109, "source_sheet": "109_Haltu.pdf p1", "source": "KMC ward sewerage network map (ArcMap GeoPDF)", "extraction_method": "geopdf_vector", "georef_max_residual_m": 0.3, "conduit_type": "pipe", "pipe_diameter_mm": 700.0, "diameter_source": "legend_colour", "diameter_candidates_mm": null, "label_diameter_mm": null, "label_agrees": null, "scheme": null, "flow_arrow": "end" }, "geometry": { "type": "LineString", "coordinates": [ [ 88.394731887785539, 22.492125923863441 ], [ 88.394705096750343, 22.492040120903752 ], [ 88.394682078523445, 22.49196116809452 ], [ 88.394658990754877, 22.491875333358379 ], [ 88.39463597243369, 22.491796380682985 ], [ 88.394605409077855, 22.491703727391773 ], [ 88.394574880548603, 22.49161451505266 ] ] } },
{ "type": "Feature", "properties": { "ward": 109, "source_sheet": "109_Haltu.pdf p1", "source": "KMC ward sewerage network map (ArcMap GeoPDF)", "extraction_method": "geopdf_vector", "georef_max_residual_m": 0.3, "conduit_type": "pipe", "pipe_diameter_mm": 300.0, "diameter_source": "legend_colour", "diameter_candidates_mm": null, "label_diameter_mm": 300.0, "label_agrees": true, "scheme": "KEIIP", "flow_arrow": "end" }, "geometry": { "type": "LineString", "coordinates": [ [ 88.394445739773985, 22.489829581365655 ], [ 88.394353547843281, 22.489868226351671 ], [ 88.394265093779296, 22.489910280641336 ], [ 88.394220936191985, 22.489938189765731 ], [ 88.394147293863909, 22.489980116854351 ] ] } },
{ "type": "Feature", "properties": { "ward": 109, "source_sheet": "109_Haltu.pdf p1", "source": "KMC ward sewerage network map (ArcMap GeoPDF)", "extraction_method": "geopdf_vector", "georef_max_residual_m": 0.3, "conduit_type": "pipe", "pipe_diameter_mm": 400.0, "diameter_source": "legend_colour", "diameter_candidates_mm": null, "label_diameter_mm": 400.0, "label_agrees": true, "scheme": "KEIIP", "flow_arrow": "end" }, "geometry": { "type": "LineString", "coordinates": [ [ 88.392145235254517, 22.492323597949543 ], [ 88.392118411174295, 22.492234353373703 ], [ 88.392076254076684, 22.492093620419716 ], [ 88.392030289859292, 22.491942596112565 ], [ 88.392011010762573, 22.491867052250694 ], [ 88.391965116294983, 22.491722909841702 ], [ 88.391919048190516, 22.491561562445625 ], [ 88.391873188498636, 22.491420861104963 ], [ 88.391800539982953, 22.49119435619231 ], [ 88.391766067335126, 22.491081087869667 ], [ 88.391709203042993, 22.490950804580656 ] ] } },
{ "type": "Feature", "properties": { "ward": 109, "source_sheet": "109_Haltu.pdf p1", "source": "KMC ward sewerage network map (ArcMap GeoPDF)", "extraction_method": "geopdf_vector", "georef_max_residual_m": 0.3, "conduit_type": "pipe", "pipe_diameter_mm": 300.0, "diameter_source": "legend_colour", "diameter_candidates_mm": null, "label_diameter_mm": 300.0, "label_agrees": true, "scheme": null, "flow_arrow": "end" }, "geometry": { "type": "LineString", "coordinates": [ [ 88.390357507860116, 22.491320264529676 ], [ 88.390497841122823, 22.491281210089205 ], [ 88.390671570823187, 22.491248752586351 ], [ 88.390727046803519, 22.491241395457813 ] ] } },
{ "type": "Feature", "properties": { "ward": 109, "source_sheet": "109_Haltu.pdf p1", "source": "KMC ward sewerage network map (ArcMap GeoPDF)", "extraction_method": "geopdf_vector", "georef_max_residual_m": 0.3, "conduit_type": "pipe", "pipe_diameter_mm": 1200.0, "diameter_source": "legend_colour", "diameter_candidates_mm": null, "label_diameter_mm": null, "label_agrees": null, "scheme": null, "flow_arrow": "end" }, "geometry": { "type": "LineString", "coordinates": [ [ 88.39921293037041, 22.496870839486345 ], [ 88.399221421718067, 22.496612668598249 ], [ 88.399435785461918, 22.49656952767684 ], [ 88.399650113985999, 22.496522945526582 ], [ 88.399879115295477, 22.496462471598338 ], [ 88.400030420112486, 22.496409549139145 ], [ 88.400189131269812, 22.49635656260855 ], [ 88.400373694348531, 22.496296470734833 ], [ 88.40054344480653, 22.496236506269067 ], [ 88.400739151788201, 22.496179759233527 ], [ 88.400931190551717, 22.496126484828213 ], [ 88.401112119719556, 22.496073306092704 ], [ 88.40127498760269, 22.496065019672042 ], [ 88.401415671547696, 22.496060365719021 ], [ 88.401622697086097, 22.496024167850031 ], [ 88.401670662969849, 22.496006547755091 ], [ 88.40177022775076, 22.495964393697456 ], [ 88.401928762784422, 22.495894200480954 ], [ 88.402050126527797, 22.495810562554496 ], [ 88.402175193104924, 22.495726892748028 ], [ 88.402289150283877, 22.49564331853421 ], [ 88.402518008852581, 22.495569076902665 ], [ 88.402746867160076, 22.495494834957753 ] ] } },
{ "type": "Feature", "properties": { "ward": 109, "source_sheet": "109_Haltu.pdf p1", "source": "KMC ward sewerage network map (ArcMap GeoPDF)", "extraction_method": "geopdf_vector", "georef_max_residual_m": 0.3, "conduit_type": "pipe", "pipe_diameter_mm": 1600.0, "diameter_source": "legend_colour", "diameter_candidates_mm": null, "label_diameter_mm": null, "label_agrees": null, "scheme": null, "flow_arrow": "end" }, "geometry": { "type": "LineString", "coordinates": [ [ 88.402746867160076, 22.495494834957753 ], [ 88.402890868583228, 22.495452296803254 ], [ 88.403049647257802, 22.495406189597745 ], [ 88.403207900929743, 22.495308467322435 ], [ 88.403417682664184, 22.495179328272709 ], [ 88.403583447073856, 22.495091864698967 ], [ 88.403908199223082, 22.494978938912421 ], [ 88.404129054075767, 22.494846262108098 ], [ 88.404397067828128, 22.49461682126443 ], [ 88.404656143717418, 22.494600817880361 ] ] } },
{ "type": "Feature", "properties": { "ward": 109, "source_sheet": "109_Haltu.pdf p1", "source": "KMC ward sewerage network map (ArcMap GeoPDF)", "extraction_method": "geopdf_vector", "georef_max_residual_m": 0.3, "conduit_type": "pipe", "pipe_diameter_mm": 800.0, "diameter_source": "legend_colour", "diameter_candidates_mm": null, "label_diameter_mm": null, "label_agrees": null, "scheme": null, "flow_arrow": "end" }, "geometry": { "type": "LineString", "coordinates": [ [ 88.402413767088191, 22.495879693366142 ], [ 88.402289150283877, 22.49564331853421 ] ] } },
{ "type": "Feature", "properties": { "ward": 109, "source_sheet": "109_Haltu.pdf p1", "source": "KMC ward sewerage network map (ArcMap GeoPDF)", "extraction_method": "geopdf_vector", "georef_max_residual_m": 0.3, "conduit_type": "pipe", "pipe_diameter_mm": 2000.0, "diameter_source": "legend_colour", "diameter_candidates_mm": null, "label_diameter_mm": null, "label_agrees": null, "scheme": null, "flow_arrow": "end" }, "geometry": { "type": "LineString", "coordinates": [ [ 88.40806643676062, 22.494547227169516 ], [ 88.406555439739222, 22.494546542186619 ], [ 88.406357192336813, 22.494716880912652 ] ] } },
{ "type": "Feature", "properties": { "ward": 109, "source_sheet": "109_Haltu.pdf p1", "source": "KMC ward sewerage network map (ArcMap GeoPDF)", "extraction_method": "geopdf_vector", "georef_max_residual_m": 0.3, "conduit_type": "pipe", "pipe_diameter_mm": 1200.0, "diameter_source": "legend_colour", "diameter_candidates_mm": null, "label_diameter_mm": null, "label_agrees": null, "scheme": null, "flow_arrow": "end" }, "geometry": { "type": "LineString", "coordinates": [ [ 88.409113735868601, 22.496647666679792 ], [ 88.409106153817717, 22.496630526050577 ], [ 88.409030157968417, 22.496441913464004 ], [ 88.408973064494589, 22.496290991376913 ], [ 88.408931275736379, 22.496188114724927 ], [ 88.408867057530315, 22.496064784708338 ], [ 88.4088025583046, 22.495913926723322 ], [ 88.408741867619639, 22.495773359571324 ], [ 88.408696341098164, 22.495667073842839 ], [ 88.408639388898607, 22.495529915629412 ] ] } },
{ "type": "Feature", "properties": { "ward": 109, "source_sheet": "109_Haltu.pdf p1", "source": "KMC ward sewerage network map (ArcMap GeoPDF)", "extraction_method": "geopdf_vector", "georef_max_residual_m": 0.3, "conduit_type": "pipe", "pipe_diameter_mm": 700.0, "diameter_source": "legend_colour", "diameter_candidates_mm": null, "label_diameter_mm": 700.0, "label_agrees": true, "scheme": "KEIIP", "flow_arrow": "end" }, "geometry": { "type": "LineString", "coordinates": [ [ 88.40987295121441, 22.494111732244097 ], [ 88.409891712776627, 22.494135658661133 ], [ 88.409966653275404, 22.494221041064584 ], [ 88.410064093586755, 22.494333758640611 ], [ 88.410161780426506, 22.494470563133991 ], [ 88.410285740566806, 22.49464155248247 ], [ 88.410394642525461, 22.494788583385475 ], [ 88.410503580055618, 22.494939055135109 ], [ 88.410578943438267, 22.49506572915277 ], [ 88.410627963285876, 22.495151336113874 ], [ 88.4106848820404, 22.495285052602185 ], [ 88.410741695190026, 22.495408446257564 ], [ 88.410825169281068, 22.495603875420255 ], [ 88.410706986666767, 22.495635872797401 ], [ 88.410588803991885, 22.49566786994712 ], [ 88.410657360141485, 22.495853104919171 ], [ 88.410729689842682, 22.496045189726811 ], [ 88.41079447271872, 22.496223574737908 ], [ 88.410847724185047, 22.496360764194399 ], [ 88.410863029300685, 22.496408809583258 ], [ 88.410916527285309, 22.496570085980064 ], [ 88.41098529541101, 22.496775966642552 ], [ 88.411031141002255, 22.496913220439932 ], [ 88.411100015097972, 22.497129423973544 ], [ 88.410907873995356, 22.497172387278162 ], [ 88.410958232383024, 22.497388751580722 ], [ 88.410989230312055, 22.49752269301279 ], [ 88.411016419534462, 22.497646343490356 ], [ 88.411039553782373, 22.497735616190379 ], [ 88.411051296770921, 22.497797457567948 ], [ 88.411086139045068, 22.497945130696145 ], [ 88.410878374566622, 22.497909079977617 ], [ 88.410804170507873, 22.497895958791425 ], [ 88.410733669641402, 22.497882805574218 ], [ 88.410678016692003, 22.497872964707771 ] ] } },
{ "type": "Feature", "properties": { "ward": 109, "source_sheet": "109_Haltu.pdf p1", "source": "KMC ward sewerage network map (ArcMap GeoPDF)", "extraction_method": "geopdf_vector", "georef_max_residual_m": 0.3, "conduit_type": "pipe", "pipe_diameter_mm": 700.0, "diameter_source": "legend_colour", "diameter_candidates_mm": null, "label_diameter_mm": null, "label_agrees": null, "scheme": null, "flow_arrow": "end" }, "geometry": { "type": "LineString", "coordinates": [ [ 88.40921596034984, 22.495053460969295 ], [ 88.409344045052137, 22.495265710929687 ], [ 88.409434431159909, 22.495412903015517 ], [ 88.409537625683399, 22.495363830171375 ], [ 88.409644558404835, 22.495318166090748 ], [ 88.409744084831019, 22.495272566169081 ], [ 88.409876798504399, 22.495212913255891 ], [ 88.409941052312675, 22.495339683793475 ], [ 88.410001462445393, 22.495452722670748 ], [ 88.410066209063984, 22.495627666968424 ], [ 88.410119494584336, 22.49576829780505 ], [ 88.410001311639434, 22.495800294679285 ], [ 88.409860910034936, 22.495832484026263 ], [ 88.409921988726168, 22.49601090157061 ], [ 88.409986981598919, 22.496209932865536 ], [ 88.410051974674559, 22.496408964263306 ], [ 88.410101557537089, 22.496549627198686 ], [ 88.410112983551642, 22.496580499682096 ], [ 88.410174133147493, 22.496765799097545 ], [ 88.410227560151327, 22.496920193879024 ], [ 88.410288710072052, 22.497105493084536 ], [ 88.410345945910393, 22.497270178629275 ], [ 88.410324114091054, 22.497308222266668 ], [ 88.410366326447502, 22.49745239041215 ], [ 88.410412347624671, 22.497606849212946 ], [ 88.410473779640199, 22.497819676357128 ], [ 88.410626101963658, 22.497866532620634 ], [ 88.410678016692003, 22.497872964707771 ], [ 88.410649869303029, 22.498017743211381 ] ] } },
{ "type": "Feature", "properties": { "ward": 109, "source_sheet": "109_Haltu.pdf p1", "source": "KMC ward sewerage network map (ArcMap GeoPDF)", "extraction_method": "geopdf_vector", "georef_max_residual_m": 0.3, "conduit_type": "pipe", "pipe_diameter_mm": 900.0, "diameter_source": "legend_colour", "diameter_candidates_mm": null, "label_diameter_mm": 900.0, "label_agrees": true, "scheme": "KEIIP", "flow_arrow": "end" }, "geometry": { "type": "LineString", "coordinates": [ [ 88.410649869303029, 22.498017743211381 ], [ 88.410434733772362, 22.497985197272726 ], [ 88.410204785598523, 22.497952779408529 ], [ 88.4100453385023, 22.497933514904453 ], [ 88.409901935064028, 22.498034556227875 ], [ 88.409729187271495, 22.498163382429855 ] ] } },
{ "type": "Feature", "properties": { "ward": 109, "source_sheet": "109_Haltu.pdf p1", "source": "KMC ward sewerage network map (ArcMap GeoPDF)", "extraction_method": "geopdf_vector", "georef_max_residual_m": 0.3, "conduit_type": "pipe", "pipe_diameter_mm": 600.0, "diameter_source": "legend_colour", "diameter_candidates_mm": null, "label_diameter_mm": null, "label_agrees": null, "scheme": null, "flow_arrow": "end" }, "geometry": { "type": "LineString", "coordinates": [ [ 88.4100453385023, 22.497933514904453 ], [ 88.409899648825757, 22.49781089196992 ], [ 88.409757662427054, 22.497688236916556 ], [ 88.409634086795606, 22.497555098202056 ], [ 88.409461631828549, 22.497350115997325 ], [ 88.409363978773598, 22.49721675213048 ], [ 88.409299865134585, 22.497103745299729 ], [ 88.40926191964023, 22.497014600697749 ], [ 88.409186063957364, 22.49683975225042 ], [ 88.409113735868601, 22.496647666679792 ] ] } },
{ "type": "Feature", "properties": { "ward": 109, "source_sheet": "109_Haltu.pdf p1", "source": "KMC ward sewerage network map (ArcMap GeoPDF)", "extraction_method": "geopdf_vector", "georef_max_residual_m": 0.3, "conduit_type": "pipe", "pipe_diameter_mm": 600.0, "diameter_source": "legend_colour", "diameter_candidates_mm": null, "label_diameter_mm": null, "label_agrees": null, "scheme": null, "flow_arrow": "end" }, "geometry": { "type": "LineString", "coordinates": [ [ 88.408781508161042, 22.496753785089751 ], [ 88.408951325156394, 22.496700693942806 ], [ 88.409113735868601, 22.496647666679792 ] ] } },
{ "type": "Feature", "properties": { "ward": 109, "source_sheet": "109_Haltu.pdf p1", "source": "KMC ward sewerage network map (ArcMap GeoPDF)", "extraction_method": "geopdf_vector", "georef_max_residual_m": 0.3, "conduit_type": "pipe", "pipe_diameter_mm": 1000.0, "diameter_source": "legend_colour", "diameter_candidates_mm": null, "label_diameter_mm": 700.0, "label_agrees": false, "scheme": "KEIIP", "flow_arrow": "end" }, "geometry": { "type": "LineString", "coordinates": [ [ 88.410112983551642, 22.496580499682096 ], [ 88.410072284285377, 22.496584294113177 ], [ 88.410001995178163, 22.496591786295646 ], [ 88.409916928649977, 22.496602848004038 ], [ 88.409728315132469, 22.496628572941123 ], [ 88.40963947507538, 22.496632784603371 ], [ 88.409517377313762, 22.496644167223341 ], [ 88.409180603149835, 22.496667734911465 ], [ 88.409113735868601, 22.496647666679792 ] ] } },
{ "type": "Feature", "properties": { "ward": 109, "source_sheet": "109_Haltu.pdf p1", "source": "KMC ward sewerage network map (ArcMap GeoPDF)", "extraction_method": "geopdf_vector", "georef_max_residual_m": 0.3, "conduit_type": "pipe", "pipe_diameter_mm": 800.0, "diameter_source": "legend_colour", "diameter_candidates_mm": null, "label_diameter_mm": null, "label_agrees": null, "scheme": null, "flow_arrow": "end" }, "geometry": { "type": "LineString", "coordinates": [ [ 88.411431902038274, 22.496266219448863 ], [ 88.411284164512651, 22.496305356360338 ], [ 88.411221352166294, 22.496319666777794 ], [ 88.411077282452936, 22.496355330421995 ], [ 88.410863029300685, 22.496408809583258 ], [ 88.410833474725891, 22.496415948572832 ], [ 88.410604408803266, 22.496469555958139 ], [ 88.410419639514785, 22.49650901343983 ], [ 88.410279237323024, 22.49654120318046 ], [ 88.410112983551642, 22.496580499682096 ] ] } },
{ "type": "Feature", "properties": { "ward": 109, "source_sheet": "109_Haltu.pdf p1", "source": "KMC ward sewerage network map (ArcMap GeoPDF)", "extraction_method": "geopdf_vector", "georef_max_residual_m": 0.3, "conduit_type": "pipe", "pipe_diameter_mm": 1400.0, "diameter_source": "legend_colour", "diameter_candidates_mm": null, "label_diameter_mm": null, "label_agrees": null, "scheme": null, "flow_arrow": "end" }, "geometry": { "type": "LineString", "coordinates": [ [ 88.408639388898607, 22.495529915629412 ], [ 88.408378801487359, 22.495397962814632 ], [ 88.408123392894936, 22.495410499223375 ], [ 88.408114370943863, 22.49525227772552 ], [ 88.408105840756633, 22.495142230236493 ], [ 88.408100908477905, 22.495021827563022 ], [ 88.408092132463381, 22.494887692918098 ], [ 88.408083426720282, 22.494760440435808 ], [ 88.408074650754017, 22.494626305784003 ], [ 88.40806643676062, 22.494547227169516 ] ] } },
{ "type": "Feature", "properties": { "ward": 109, "source_sheet": "109_Haltu.pdf p1", "source": "KMC ward sewerage network map (ArcMap GeoPDF)", "extraction_method": "geopdf_vector", "georef_max_residual_m": 0.3, "conduit_type": "pipe", "pipe_diameter_mm": 1600.0, "diameter_source": "legend_colour", "diameter_candidates_mm": null, "label_diameter_mm": null, "label_agrees": null, "scheme": null, "flow_arrow": "end" }, "geometry": { "type": "LineString", "coordinates": [ [ 88.410477226728148, 22.489825519389676 ], [ 88.410453908916551, 22.490080377544565 ], [ 88.410046091418579, 22.490035736625664 ], [ 88.409980598418031, 22.490149867348173 ], [ 88.409964544989919, 22.490390897349148 ], [ 88.409937452891114, 22.490638905556192 ] ] } },
{ "type": "Feature", "properties": { "ward": 109, "source_sheet": "109_Haltu.pdf p1", "source": "KMC ward sewerage network map (ArcMap GeoPDF)", "extraction_method": "geopdf_vector", "georef_max_residual_m": 0.3, "conduit_type": "pipe", "pipe_diameter_mm": 500.0, "diameter_source": "legend_colour", "diameter_candidates_mm": null, "label_diameter_mm": null, "label_agrees": null, "scheme": null, "flow_arrow": "end" }, "geometry": { "type": "LineString", "coordinates": [ [ 88.408074783711001, 22.489922050858567 ], [ 88.40816325267761, 22.490244766667207 ], [ 88.408209373787102, 22.490409549591153 ], [ 88.40826325234417, 22.490608678188483 ], [ 88.408317025708513, 22.490797483932006 ], [ 88.408324747636996, 22.490828388683816 ] ] } },
{ "type": "Feature", "properties": { "ward": 109, "source_sheet": "109_Haltu.pdf p1", "source": "KMC ward sewerage network map (ArcMap GeoPDF)", "extraction_method": "geopdf_vector", "georef_max_residual_m": 0.3, "conduit_type": "pipe", "pipe_diameter_mm": 800.0, "diameter_source": "legend_colour", "diameter_candidates_mm": null, "label_diameter_mm": null, "label_agrees": null, "scheme": null, "flow_arrow": "none" }, "geometry": { "type": "LineString", "coordinates": [ [ 88.406290253259129, 22.490329803195152 ], [ 88.406260348975948, 22.490302531423705 ] ] } },
{ "type": "Feature", "properties": { "ward": 109, "source_sheet": "109_Haltu.pdf p1", "source": "KMC ward sewerage network map (ArcMap GeoPDF)", "extraction_method": "geopdf_vector", "georef_max_residual_m": 0.3, "conduit_type": "pipe", "pipe_diameter_mm": 800.0, "diameter_source": "legend_colour", "diameter_candidates_mm": null, "label_diameter_mm": 800.0, "label_agrees": true, "scheme": "KEIIP", "flow_arrow": "end" }, "geometry": { "type": "LineString", "coordinates": [ [ 88.406507205156402, 22.489815172875197 ], [ 88.406568101136784, 22.489976387169289 ], [ 88.406617677706564, 22.490117051585099 ] ] } },
{ "type": "Feature", "properties": { "ward": 109, "source_sheet": "109_Haltu.pdf p1", "source": "KMC ward sewerage network map (ArcMap GeoPDF)", "extraction_method": "geopdf_vector", "georef_max_residual_m": 0.3, "conduit_type": "pipe", "pipe_diameter_mm": 600.0, "diameter_source": "legend_colour", "diameter_candidates_mm": null, "label_diameter_mm": 600.0, "label_agrees": true, "scheme": "KEIIP", "flow_arrow": "end" }, "geometry": { "type": "LineString", "coordinates": [ [ 88.407379979442624, 22.489697499229234 ], [ 88.407113682740373, 22.489730775613957 ], [ 88.406836347146353, 22.489771029856129 ], [ 88.406507205156402, 22.489815172875197 ] ] } },
{ "type": "Feature", "properties": { "ward": 109, "source_sheet": "109_Haltu.pdf p1", "source": "KMC ward sewerage network map (ArcMap GeoPDF)", "extraction_method": "geopdf_vector", "georef_max_residual_m": 0.3, "conduit_type": "pipe", "pipe_diameter_mm": 400.0, "diameter_source": "legend_colour", "diameter_candidates_mm": null, "label_diameter_mm": null, "label_agrees": null, "scheme": null, "flow_arrow": "end" }, "geometry": { "type": "LineString", "coordinates": [ [ 88.398802601623416, 22.489640743415094 ], [ 88.398837846964369, 22.489829712146904 ] ] } },
{ "type": "Feature", "properties": { "ward": 109, "source_sheet": "109_Haltu.pdf p1", "source": "KMC ward sewerage network map (ArcMap GeoPDF)", "extraction_method": "geopdf_vector", "georef_max_residual_m": 0.3, "conduit_type": "pipe", "pipe_diameter_mm": 300.0, "diameter_source": "legend_colour", "diameter_candidates_mm": null, "label_diameter_mm": null, "label_agrees": null, "scheme": null, "flow_arrow": "end" }, "geometry": { "type": "LineString", "coordinates": [ [ 88.396991732999098, 22.49147332253569 ], [ 88.396733358032051, 22.491558133651541 ] ] } },
{ "type": "Feature", "properties": { "ward": 109, "source_sheet": "109_Haltu.pdf p1", "source": "KMC ward sewerage network map (ArcMap GeoPDF)", "extraction_method": "geopdf_vector", "georef_max_residual_m": 0.3, "conduit_type": "pipe", "pipe_diameter_mm": 300.0, "diameter_source": "legend_colour", "diameter_candidates_mm": null, "label_diameter_mm": null, "label_agrees": null, "scheme": null, "flow_arrow": "end" }, "geometry": { "type": "LineString", "coordinates": [ [ 88.396869926910739, 22.491147444563907 ], [ 88.396729700249807, 22.491196827620332 ], [ 88.396574696523118, 22.491249778593019 ] ] } },
{ "type": "Feature", "properties": { "ward": 109, "source_sheet": "109_Haltu.pdf p1", "source": "KMC ward sewerage network map (ArcMap GeoPDF)", "extraction_method": "geopdf_vector", "georef_max_residual_m": 0.3, "conduit_type": "pipe", "pipe_diameter_mm": 300.0, "diameter_source": "legend_colour", "diameter_candidates_mm": null, "label_diameter_mm": null, "label_agrees": null, "scheme": null, "flow_arrow": "end" }, "geometry": { "type": "LineString", "coordinates": [ [ 88.396791930223799, 22.490759246645833 ], [ 88.396581590795719, 22.490833320916352 ], [ 88.396415513182077, 22.490889808093211 ], [ 88.396382012065828, 22.490872889361075 ] ] } },
{ "type": "Feature", "properties": { "ward": 109, "source_sheet": "109_Haltu.pdf p1", "source": "KMC ward sewerage network map (ArcMap GeoPDF)", "extraction_method": "geopdf_vector", "georef_max_residual_m": 0.3, "conduit_type": "pipe", "pipe_diameter_mm": 300.0, "diameter_source": "legend_colour", "diameter_candidates_mm": null, "label_diameter_mm": null, "label_agrees": null, "scheme": null, "flow_arrow": "end" }, "geometry": { "type": "LineString", "coordinates": [ [ 88.396662370830967, 22.490399021895161 ], [ 88.396514738970311, 22.490448468201681 ], [ 88.396348661777168, 22.490504955433646 ], [ 88.396215806729529, 22.490550833322413 ] ] } },
{ "type": "Feature", "properties": { "ward": 109, "source_sheet": "109_Haltu.pdf p1", "source": "KMC ward sewerage network map (ArcMap GeoPDF)", "extraction_method": "geopdf_vector", "georef_max_residual_m": 0.3, "conduit_type": "pipe", "pipe_diameter_mm": 400.0, "diameter_source": "legend_colour", "diameter_candidates_mm": null, "label_diameter_mm": null, "label_agrees": null, "scheme": null, "flow_arrow": "end" }, "geometry": { "type": "LineString", "coordinates": [ [ 88.396733358032051, 22.491558133651541 ], [ 88.396574696523118, 22.491249778593019 ], [ 88.396529389611473, 22.49116413499975 ], [ 88.39646892238612, 22.491044208442762 ], [ 88.396382012065828, 22.490872889361075 ], [ 88.396310296925193, 22.490739294003991 ], [ 88.396230897334519, 22.490578234240044 ], [ 88.396215806729529, 22.490550833322413 ] ] } },
{ "type": "Feature", "properties": { "ward": 109, "source_sheet": "109_Haltu.pdf p1", "source": "KMC ward sewerage network map (ArcMap GeoPDF)", "extraction_method": "geopdf_vector", "georef_max_residual_m": 0.3, "conduit_type": "pipe", "pipe_diameter_mm": 500.0, "diameter_source": "legend_colour", "diameter_candidates_mm": null, "label_diameter_mm": null, "label_agrees": null, "scheme": null, "flow_arrow": "end" }, "geometry": { "type": "LineString", "coordinates": [ [ 88.396215806729529, 22.490550833322413 ], [ 88.396155340219565, 22.490430906610261 ], [ 88.39611743985833, 22.490345199277218 ], [ 88.396045620817063, 22.490201280888815 ], [ 88.395966395941855, 22.490057425894342 ], [ 88.395887066800626, 22.489903247970684 ], [ 88.395807807462759, 22.489755951916145 ], [ 88.395739900905596, 22.489632647468277 ], [ 88.395765195069174, 22.489570486838506 ], [ 88.395942554447117, 22.489531109967956 ], [ 88.396116907242259, 22.489560584894242 ], [ 88.396187472479127, 22.489580626870087 ] ] } },
{ "type": "Feature", "properties": { "ward": 109, "source_sheet": "109_Haltu.pdf p1", "source": "KMC ward sewerage network map (ArcMap GeoPDF)", "extraction_method": "geopdf_vector", "georef_max_residual_m": 0.3, "conduit_type": "pipe", "pipe_diameter_mm": 800.0, "diameter_source": "legend_colour", "diameter_candidates_mm": null, "label_diameter_mm": null, "label_agrees": null, "scheme": null, "flow_arrow": "end" }, "geometry": { "type": "LineString", "coordinates": [ [ 88.396187472479127, 22.489580626870087 ], [ 88.396484719680643, 22.489677872475639 ], [ 88.396640801486981, 22.489731592966464 ], [ 88.396792867060739, 22.48975437590628 ], [ 88.397040966088994, 22.489752244575882 ], [ 88.397192683128821, 22.489740617125211 ], [ 88.397322182544997, 22.489729180453597 ], [ 88.397481305640071, 22.489717489091511 ], [ 88.397607101861112, 22.489706084018362 ], [ 88.397784739642375, 22.489694233225382 ], [ 88.397921644900762, 22.489682732414632 ], [ 88.398084470683756, 22.489671008629283 ], [ 88.398247331453987, 22.48966272563586 ], [ 88.398384271339239, 22.48965466539304 ], [ 88.398465701701326, 22.48965052383787 ], [ 88.398602641551008, 22.489642463410682 ] ] } },
{ "type": "Feature", "properties": { "ward": 109, "source_sheet": "109_Haltu.pdf p1", "source": "KMC ward sewerage network map (ArcMap GeoPDF)", "extraction_method": "geopdf_vector", "georef_max_residual_m": 0.3, "conduit_type": "pipe", "pipe_diameter_mm": 1600.0, "diameter_source": "legend_colour", "diameter_candidates_mm": null, "label_diameter_mm": null, "label_agrees": null, "scheme": null, "flow_arrow": "end" }, "geometry": { "type": "LineString", "coordinates": [ [ 88.402904769864335, 22.48880702050706 ], [ 88.402960803599981, 22.488854715305052 ], [ 88.403043002953822, 22.488926273506983 ], [ 88.403136416071732, 22.489008058796976 ], [ 88.403233532408663, 22.48908981192649 ], [ 88.403360552191117, 22.489198837496279 ], [ 88.403457703791219, 22.48928403156755 ], [ 88.403569737213871, 22.489375979762706 ], [ 88.403674294842276, 22.489461109762924 ], [ 88.403741543023571, 22.489519031492438 ], [ 88.403890606361983, 22.489610659763589 ], [ 88.404009871206654, 22.489685338652155 ], [ 88.404125258122932, 22.489742844396609 ], [ 88.404251858956528, 22.489810577101967 ], [ 88.404370984068379, 22.48987149177011 ], [ 88.404489934153915, 22.489915201322191 ], [ 88.40461992303085, 22.48995193278218 ], [ 88.404727589316039, 22.489978533093627 ], [ 88.404887237014933, 22.490018449350021 ], [ 88.405031897838924, 22.490041288559617 ], [ 88.405150567915967, 22.490057469606271 ], [ 88.40531374370758, 22.490080148410854 ], [ 88.405443522624225, 22.490096233226055 ], [ 88.405569563685575, 22.490108908855348 ], [ 88.405553116859366, 22.490312087838191 ] ] } },
{ "type": "Feature", "properties": { "ward": 109, "source_sheet": "109_Haltu.pdf p1", "source": "KMC ward sewerage network map (ArcMap GeoPDF)", "extraction_method": "geopdf_vector", "georef_max_residual_m": 0.3, "conduit_type": "pipe", "pipe_diameter_mm": 800.0, "diameter_source": "legend_colour", "diameter_candidates_mm": null, "label_diameter_mm": null, "label_agrees": null, "scheme": null, "flow_arrow": "none" }, "geometry": { "type": "LineString", "coordinates": [ [ 88.405569563685575, 22.490108908855348 ], [ 88.405607189239888, 22.49016708582408 ] ] } },
{ "type": "Feature", "properties": { "ward": 109, "source_sheet": "109_Haltu.pdf p1", "source": "KMC ward sewerage network map (ArcMap GeoPDF)", "extraction_method": "geopdf_vector", "georef_max_residual_m": 0.3, "conduit_type": "pipe", "pipe_diameter_mm": 600.0, "diameter_source": "legend_colour", "diameter_candidates_mm": null, "label_diameter_mm": null, "label_agrees": null, "scheme": null, "flow_arrow": "none" }, "geometry": { "type": "LineString", "coordinates": [ [ 88.402832705186086, 22.489003796593121 ], [ 88.402917732747738, 22.488989297732683 ] ] } },
{ "type": "Feature", "properties": { "ward": 109, "source_sheet": "109_Haltu.pdf p1", "source": "KMC ward sewerage network map (ArcMap GeoPDF)", "extraction_method": "geopdf_vector", "georef_max_residual_m": 0.3, "conduit_type": "pipe", "pipe_diameter_mm": 500.0, "diameter_source": "legend_colour", "diameter_candidates_mm": null, "label_diameter_mm": null, "label_agrees": null, "scheme": null, "flow_arrow": "end" }, "geometry": { "type": "LineString", "coordinates": [ [ 88.402136590837088, 22.489378020162963 ], [ 88.402487881398287, 22.489326812381137 ], [ 88.402580455038631, 22.489326013897905 ], [ 88.402743419813518, 22.489328049386579 ], [ 88.402783907386947, 22.489303611059615 ] ] } },
{ "type": "Feature", "properties": { "ward": 109, "source_sheet": "109_Haltu.pdf p1", "source": "KMC ward sewerage network map (ArcMap GeoPDF)", "extraction_method": "geopdf_vector", "georef_max_residual_m": 0.3, "conduit_type": "pipe", "pipe_diameter_mm": 1400.0, "diameter_source": "legend_colour", "diameter_candidates_mm": null, "label_diameter_mm": null, "label_agrees": null, "scheme": null, "flow_arrow": "end" }, "geometry": { "type": "LineString", "coordinates": [ [ 88.402478432965211, 22.493497754205851 ], [ 88.40273911098933, 22.495460488959804 ], [ 88.402746867160076, 22.495494834957753 ] ] } },
{ "type": "Feature", "properties": { "ward": 109, "source_sheet": "109_Haltu.pdf p1", "source": "KMC ward sewerage network map (ArcMap GeoPDF)", "extraction_method": "geopdf_vector", "georef_max_residual_m": 0.3, "conduit_type": "pipe", "pipe_diameter_mm": 700.0, "diameter_source": "legend_colour", "diameter_candidates_mm": null, "label_diameter_mm": null, "label_agrees": null, "scheme": null, "flow_arrow": "end" }, "geometry": { "type": "LineString", "coordinates": [ [ 88.402814690642188, 22.489781686768087 ], [ 88.402827163948913, 22.489915789969142 ], [ 88.402831846492958, 22.490012106186025 ], [ 88.402836074243908, 22.490063689197967 ], [ 88.402840546894183, 22.490139359285568 ], [ 88.402844809641067, 22.490194383388914 ], [ 88.402853125081663, 22.490283785612107 ], [ 88.40285357989265, 22.490328518527164 ], [ 88.402861930491682, 22.49042136169572 ], [ 88.402866053318334, 22.490462621855347 ], [ 88.402874683831243, 22.490582993044711 ], [ 88.402883349351669, 22.490706805180238 ] ] } },
{ "type": "Feature", "properties": { "ward": 109, "source_sheet": "109_Haltu.pdf p1", "source": "KMC ward sewerage network map (ArcMap GeoPDF)", "extraction_method": "geopdf_vector", "georef_max_residual_m": 0.3, "conduit_type": "pipe", "pipe_diameter_mm": 1200.0, "diameter_source": "legend_colour", "diameter_candidates_mm": null, "label_diameter_mm": null, "label_agrees": null, "scheme": null, "flow_arrow": "end" }, "geometry": { "type": "LineString", "coordinates": [ [ 88.402773465571912, 22.491919092019842 ], [ 88.402731688230716, 22.492180991516801 ], [ 88.402696582163003, 22.492370566038552 ], [ 88.40265427982267, 22.492580850568842 ], [ 88.402608449388239, 22.492808371920432 ], [ 88.402566251768405, 22.493028979419314 ], [ 88.402516962737934, 22.493280619764491 ], [ 88.402478432965211, 22.493497754205851 ] ] } },
{ "type": "Feature", "properties": { "ward": 109, "source_sheet": "109_Haltu.pdf p1", "source": "KMC ward sewerage network map (ArcMap GeoPDF)", "extraction_method": "geopdf_vector", "georef_max_residual_m": 0.3, "conduit_type": "pipe", "pipe_diameter_mm": 1000.0, "diameter_source": "legend_colour", "diameter_candidates_mm": null, "label_diameter_mm": null, "label_agrees": null, "scheme": null, "flow_arrow": "end" }, "geometry": { "type": "LineString", "coordinates": [ [ 88.39936089314628, 22.491377241431586 ], [ 88.399355968593412, 22.491256838043974 ], [ 88.399346852588963, 22.491088292445948 ], [ 88.39934182337376, 22.490957566046422 ], [ 88.399333021368392, 22.490819989603565 ], [ 88.399584720164214, 22.490807499389181 ], [ 88.399754953032655, 22.490795709966211 ], [ 88.399903002889417, 22.490787552891337 ], [ 88.400054720809436, 22.49077592270017 ], [ 88.400258315547461, 22.490767286881962 ], [ 88.401324322212702, 22.490713366232132 ], [ 88.401364217957422, 22.490995209403088 ], [ 88.401452914981121, 22.490977238383287 ], [ 88.401582275169929, 22.490952034300864 ], [ 88.401977796086754, 22.490879798396456 ], [ 88.402206961894024, 22.490836526537002 ], [ 88.40238068756959, 22.490804056572319 ], [ 88.402561784178445, 22.490768081447364 ], [ 88.402698549924608, 22.490742812603859 ], [ 88.402883349351669, 22.490706805180238 ], [ 88.402915142450695, 22.490919891722186 ], [ 88.402938689906392, 22.491050458086391 ], [ 88.402950638676131, 22.491132946152575 ], [ 88.40291822143152, 22.49122269981606 ], [ 88.402896598147137, 22.491281388511087 ], [ 88.402901000932587, 22.491350176684577 ], [ 88.402908896809549, 22.491398286783344 ], [ 88.402917142584457, 22.491480806942299 ], [ 88.402925213424453, 22.491546122069202 ], [ 88.402933319263042, 22.491614878143476 ], [ 88.402901496574472, 22.491763128793561 ], [ 88.402773465571912, 22.491919092019842 ] ] } },
{ "type": "Feature", "properties": { "ward": 109, "source_sheet": "109_Haltu.pdf p1", "source": "KMC ward sewerage network map (ArcMap GeoPDF)", "extraction_method": "geopdf_vector", "georef_max_residual_m": 0.3, "conduit_type": "pipe", "pipe_diameter_mm": 600.0, "diameter_source": "legend_colour", "diameter_candidates_mm": null, "label_diameter_mm": null, "label_agrees": null, "scheme": null, "flow_arrow": "end" }, "geometry": { "type": "LineString", "coordinates": [ [ 88.402832705186086, 22.489003796593121 ], [ 88.402808778494858, 22.489200157369396 ], [ 88.402783907386947, 22.489303611059615 ], [ 88.402796765403522, 22.489475565295727 ], [ 88.40280539559069, 22.489595936510607 ], [ 88.402814340805122, 22.4897472766982 ], [ 88.402814690642188, 22.489781686768087 ] ] } },
{ "type": "Feature", "properties": { "ward": 109, "source_sheet": "109_Haltu.pdf p1", "source": "KMC ward sewerage network map (ArcMap GeoPDF)", "extraction_method": "geopdf_vector", "georef_max_residual_m": 0.3, "conduit_type": "pipe", "pipe_diameter_mm": 400.0, "diameter_source": "legend_colour", "diameter_candidates_mm": null, "label_diameter_mm": 400.0, "label_agrees": true, "scheme": "KEIIP", "flow_arrow": "end" }, "geometry": { "type": "LineString", "coordinates": [ [ 88.402264173444877, 22.489906880968832 ], [ 88.40221784951153, 22.489721449975782 ], [ 88.402179351266611, 22.489577247077445 ], [ 88.402136590837088, 22.489378020162963 ], [ 88.402062738217154, 22.48903452642082 ] ] } },
{ "type": "Feature", "properties": { "ward": 109, "source_sheet": "109_Haltu.pdf p1", "source": "KMC ward sewerage network map (ArcMap GeoPDF)", "extraction_method": "geopdf_vector", "georef_max_residual_m": 0.3, "conduit_type": "pipe", "pipe_diameter_mm": 800.0, "diameter_source": "legend_colour", "diameter_candidates_mm": null, "label_diameter_mm": null, "label_agrees": null, "scheme": null, "flow_arrow": "end" }, "geometry": { "type": "LineString", "coordinates": [ [ 88.399327489193993, 22.492100203358689 ], [ 88.399371227506322, 22.492031000840498 ], [ 88.399388974850439, 22.491955139357511 ], [ 88.39938373610255, 22.491803766966779 ], [ 88.399375003755679, 22.491673072452866 ], [ 88.399370009361562, 22.491545787019806 ], [ 88.39936089314628, 22.491377241431586 ] ] } },
{ "type": "Feature", "properties": { "ward": 109, "source_sheet": "109_Haltu.pdf p1", "source": "KMC ward sewerage network map (ArcMap GeoPDF)", "extraction_method": "geopdf_vector", "georef_max_residual_m": 0.3, "conduit_type": "pipe", "pipe_diameter_mm": 800.0, "diameter_source": "legend_colour", "diameter_candidates_mm": null, "label_diameter_mm": null, "label_agrees": null, "scheme": null, "flow_arrow": "end" }, "geometry": { "type": "LineString", "coordinates": [ [ 88.39715064904874, 22.491440985369145 ], [ 88.397272987934002, 22.491453699282605 ], [ 88.397391449545808, 22.491449239998282 ], [ 88.397546941120495, 22.491444462356355 ], [ 88.39773572506563, 22.491435956979558 ], [ 88.397872701765166, 22.491431338181314 ], [ 88.398039302355954, 22.491426464416538 ], [ 88.398187387946919, 22.491421749835482 ], [ 88.398387280856639, 22.491413148170956 ], [ 88.398568693480996, 22.491408146615278 ], [ 88.398679748903973, 22.491403749946496 ], [ 88.398857423572991, 22.491395338965699 ], [ 88.399012915106653, 22.49139055976968 ], [ 88.399172109492213, 22.491385748703838 ], [ 88.39936089314628, 22.491377241431586 ] ] } },
{ "type": "Feature", "properties": { "ward": 109, "source_sheet": "109_Haltu.pdf p1", "source": "KMC ward sewerage network map (ArcMap GeoPDF)", "extraction_method": "geopdf_vector", "georef_max_residual_m": 0.3, "conduit_type": "pipe", "pipe_diameter_mm": 500.0, "diameter_source": "legend_colour", "diameter_candidates_mm": null, "label_diameter_mm": null, "label_agrees": null, "scheme": null, "flow_arrow": "end" }, "geometry": { "type": "LineString", "coordinates": [ [ 88.396356950588924, 22.48803058160517 ], [ 88.39634412362166, 22.488226846512497 ], [ 88.396334303161012, 22.488354259277337 ], [ 88.396327489375935, 22.488412820187662 ], [ 88.396314557900624, 22.488598762064953 ], [ 88.396408315295602, 22.488714961497649 ], [ 88.396431508116393, 22.488811119008009 ], [ 88.396380641875126, 22.488907912622544 ], [ 88.396251874471375, 22.488991609658981 ], [ 88.396235831858419, 22.489236080636406 ], [ 88.396228878573652, 22.489280877273593 ], [ 88.39621514624983, 22.489387675916948 ], [ 88.396187472479127, 22.489580626870087 ] ] } },
{ "type": "Feature", "properties": { "ward": 109, "source_sheet": "109_Haltu.pdf p1", "source": "KMC ward sewerage network map (ArcMap GeoPDF)", "extraction_method": "geopdf_vector", "georef_max_residual_m": 0.3, "conduit_type": "pipe", "pipe_diameter_mm": 600.0, "diameter_source": "legend_colour", "diameter_candidates_mm": null, "label_diameter_mm": 600.0, "label_agrees": true, "scheme": "KEIIP", "flow_arrow": "end" }, "geometry": { "type": "LineString", "coordinates": [ [ 88.403403309774248, 22.4872128359846 ], [ 88.403347976284564, 22.48723396130892 ], [ 88.403222602896406, 22.487286662848103 ], [ 88.403049266498599, 22.487356984528557 ], [ 88.402927560804613, 22.487406212806217 ], [ 88.402839041016094, 22.487441389560775 ], [ 88.402798484018192, 22.487458945977629 ], [ 88.402680480898482, 22.487508142135322 ], [ 88.402566145635035, 22.487553865321821 ], [ 88.402470289911719, 22.487595987658963 ], [ 88.402333807073177, 22.487648784344735 ], [ 88.402035095408948, 22.487771805625822 ], [ 88.401920759694804, 22.487817528374748 ], [ 88.401802755930106, 22.487866723918824 ], [ 88.401681049151364, 22.487915951441831 ], [ 88.40164035220289, 22.487919743483985 ], [ 88.401581140455775, 22.487923695096839 ], [ 88.4014367967564, 22.48793182178731 ], [ 88.401259161765168, 22.487943676479038 ], [ 88.401254027144901, 22.488167405660587 ], [ 88.401199078266828, 22.488591159807655 ], [ 88.401159325164713, 22.489052637496844 ], [ 88.401142732137927, 22.489242052281647 ] ] } },
{ "type": "Feature", "properties": { "ward": 109, "source_sheet": "109_Haltu.pdf p1", "source": "KMC ward sewerage network map (ArcMap GeoPDF)", "extraction_method": "geopdf_vector", "georef_max_residual_m": 0.3, "conduit_type": "pipe", "pipe_diameter_mm": 300.0, "diameter_source": "legend_colour", "diameter_candidates_mm": null, "label_diameter_mm": 300.0, "label_agrees": true, "scheme": null, "flow_arrow": "end" }, "geometry": { "type": "LineString", "coordinates": [ [ 88.407072501258682, 22.497312312038868 ], [ 88.407038225161415, 22.497219693706935 ], [ 88.406973692166233, 22.497065393852608 ], [ 88.406939451303074, 22.496976216574247 ], [ 88.40691282723084, 22.496907620972713 ], [ 88.40687103975263, 22.496804743725271 ], [ 88.406814018747653, 22.496660702790638 ], [ 88.406760841233535, 22.496530393689305 ], [ 88.406715210481977, 22.496413784380618 ], [ 88.406669509786994, 22.496290293169842 ], [ 88.406619895352947, 22.496146188049753 ], [ 88.406562699476424, 22.495984941850413 ] ] } },
{ "type": "Feature", "properties": { "ward": 109, "source_sheet": "109_Haltu.pdf p1", "source": "KMC ward sewerage network map (ArcMap GeoPDF)", "extraction_method": "geopdf_vector", "georef_max_residual_m": 0.3, "conduit_type": "pipe", "pipe_diameter_mm": 300.0, "diameter_source": "legend_colour", "diameter_candidates_mm": null, "label_diameter_mm": 300.0, "label_agrees": true, "scheme": null, "flow_arrow": "end" }, "geometry": { "type": "LineString", "coordinates": [ [ 88.407109989134128, 22.497356724284007 ], [ 88.407246689866085, 22.497324569288146 ], [ 88.407368578009113, 22.497292542424226 ], [ 88.40749050120256, 22.497263956410322 ], [ 88.407627201736005, 22.497231800956936 ], [ 88.407738015317335, 22.497203311105491 ], [ 88.407952306246841, 22.497153276920898 ], [ 88.408059416522363, 22.497124818785814 ], [ 88.408247855480482, 22.497081890918661 ], [ 88.408310633253976, 22.497064140548385 ] ] } },
{ "type": "Feature", "properties": { "ward": 109, "source_sheet": "109_Haltu.pdf p1", "source": "KMC ward sewerage network map (ArcMap GeoPDF)", "extraction_method": "geopdf_vector", "georef_max_residual_m": 0.3, "conduit_type": "pipe", "pipe_diameter_mm": 400.0, "diameter_source": "legend_colour", "diameter_candidates_mm": null, "label_diameter_mm": 400.0, "label_agrees": true, "scheme": null, "flow_arrow": "end" }, "geometry": { "type": "LineString", "coordinates": [ [ 88.408310633253976, 22.497064140548385 ], [ 88.408324321661766, 22.496953900468252 ], [ 88.408505424252084, 22.496917918500156 ], [ 88.408645897600451, 22.496892612142606 ], [ 88.408775296724642, 22.496870843024656 ], [ 88.408842234363419, 22.496897793268619 ] ] } },
{ "type": "Feature", "properties": { "ward": 109, "source_sheet": "109_Haltu.pdf p1", "source": "KMC ward sewerage network map (ArcMap GeoPDF)", "extraction_method": "geopdf_vector", "georef_max_residual_m": 0.3, "conduit_type": "pipe", "pipe_diameter_mm": 300.0, "diameter_source": "legend_colour", "diameter_candidates_mm": null, "label_diameter_mm": 300.0, "label_agrees": true, "scheme": null, "flow_arrow": "end" }, "geometry": { "type": "LineString", "coordinates": [ [ 88.4086386621466, 22.497997330521965 ], [ 88.408585763495523, 22.497894550088816 ], [ 88.408513927521639, 22.497750638247915 ], [ 88.408446216514719, 22.497647986107065 ], [ 88.408378540744621, 22.497548774869426 ], [ 88.40826897100159, 22.497336363822164 ], [ 88.40821324798209, 22.497319640064404 ], [ 88.408025019447578, 22.497383213969012 ], [ 88.407855271465991, 22.497443186216902 ], [ 88.407807305990119, 22.49746080813588 ], [ 88.407751934310198, 22.497478494180882 ], [ 88.407659706465765, 22.497513705877708 ], [ 88.407567478724843, 22.497548917379252 ], [ 88.407456840391475, 22.497594612255298 ], [ 88.40737572191918, 22.49762972760481 ], [ 88.407290900224126, 22.497664874832164 ], [ 88.407183999984724, 22.497713978552451 ], [ 88.407084506027957, 22.497763017951158 ], [ 88.407025536091581, 22.49779105877672 ], [ 88.406988679926826, 22.497808584299719 ] ] } },
{ "type": "Feature", "properties": { "ward": 109, "source_sheet": "109_Haltu.pdf p1", "source": "KMC ward sewerage network map (ArcMap GeoPDF)", "extraction_method": "geopdf_vector", "georef_max_residual_m": 0.3, "conduit_type": "pipe", "pipe_diameter_mm": 300.0, "diameter_source": "legend_colour", "diameter_candidates_mm": null, "label_diameter_mm": 400.0, "label_agrees": false, "scheme": "KEIIP", "flow_arrow": "end" }, "geometry": { "type": "LineString", "coordinates": [ [ 88.407850183144191, 22.497670355910795 ], [ 88.407721169553639, 22.497729975229813 ], [ 88.407570006990454, 22.497796668874042 ], [ 88.407393238141992, 22.49789455570766 ], [ 88.407223805044978, 22.497985496363157 ], [ 88.40715016287001, 22.498027429373174 ] ] } },
{ "type": "Feature", "properties": { "ward": 109, "source_sheet": "109_Haltu.pdf p1", "source": "KMC ward sewerage network map (ArcMap GeoPDF)", "extraction_method": "geopdf_vector", "georef_max_residual_m": 0.3, "conduit_type": "pipe", "pipe_diameter_mm": 300.0, "diameter_source": "legend_colour", "diameter_candidates_mm": null, "label_diameter_mm": 300.0, "label_agrees": true, "scheme": null, "flow_arrow": "end" }, "geometry": { "type": "LineString", "coordinates": [ [ 88.407940955799944, 22.497855399547994 ], [ 88.407823051485593, 22.49791492287228 ], [ 88.407653513473065, 22.497995540861663 ], [ 88.407487748518307, 22.498083008639767 ], [ 88.407355276964722, 22.498166746760745 ], [ 88.407289076081497, 22.498212056795548 ] ] } },
{ "type": "Feature", "properties": { "ward": 109, "source_sheet": "109_Haltu.pdf p1", "source": "KMC ward sewerage network map (ArcMap GeoPDF)", "extraction_method": "geopdf_vector", "georef_max_residual_m": 0.3, "conduit_type": "pipe", "pipe_diameter_mm": 300.0, "diameter_source": "legend_colour", "diameter_candidates_mm": null, "label_diameter_mm": 300.0, "label_agrees": true, "scheme": null, "flow_arrow": "end" }, "geometry": { "type": "LineString", "coordinates": [ [ 88.408105616347584, 22.498022596717142 ], [ 88.408054017934674, 22.498047132814968 ], [ 88.407914035030728, 22.498120612574237 ], [ 88.407759309446561, 22.498201102383184 ], [ 88.40760091560044, 22.498285065202278 ], [ 88.407475639493015, 22.498348093370431 ], [ 88.407416704668876, 22.498379575283693 ] ] } },
{ "type": "Feature", "properties": { "ward": 109, "source_sheet": "109_Haltu.pdf p1", "source": "KMC ward sewerage network map (ArcMap GeoPDF)", "extraction_method": "geopdf_vector", "georef_max_residual_m": 0.3, "conduit_type": "pipe", "pipe_diameter_mm": 300.0, "diameter_source": "legend_colour", "diameter_candidates_mm": null, "label_diameter_mm": 300.0, "label_agrees": true, "scheme": null, "flow_arrow": "end" }, "geometry": { "type": "LineString", "coordinates": [ [ 88.409228075473237, 22.497689387795138 ], [ 88.409106503875449, 22.49775238492294 ], [ 88.408940740359839, 22.497839854279437 ], [ 88.408793386951956, 22.497916839903933 ], [ 88.4086386621466, 22.497997330521965 ], [ 88.408450784310602, 22.498095314906443 ], [ 88.408281351887155, 22.498186256504692 ], [ 88.408156076205913, 22.498249285182521 ], [ 88.407994049626026, 22.49834016233569 ], [ 88.407868808944016, 22.498406631739769 ], [ 88.407732563901149, 22.49848352022574 ], [ 88.407622065374511, 22.49854297928718 ], [ 88.407559462265795, 22.498577934263547 ] ] } },
{ "type": "Feature", "properties": { "ward": 109, "source_sheet": "109_Haltu.pdf p1", "source": "KMC ward sewerage network map (ArcMap GeoPDF)", "extraction_method": "geopdf_vector", "georef_max_residual_m": 0.3, "conduit_type": "pipe", "pipe_diameter_mm": 300.0, "diameter_source": "legend_colour", "diameter_candidates_mm": null, "label_diameter_mm": 600.0, "label_agrees": false, "scheme": "KEIIP", "flow_arrow": "end" }, "geometry": { "type": "LineString", "coordinates": [ [ 88.408265681715918, 22.498465137193097 ], [ 88.408122030456084, 22.498542090166922 ], [ 88.407974710955386, 22.498622516035404 ], [ 88.407831094485687, 22.498702909846571 ], [ 88.407746377645807, 22.498748380439086 ], [ 88.407702185159806, 22.498772852152726 ] ] } },
{ "type": "Feature", "properties": { "ward": 109, "source_sheet": "109_Haltu.pdf p1", "source": "KMC ward sewerage network map (ArcMap GeoPDF)", "extraction_method": "geopdf_vector", "georef_max_residual_m": 0.3, "conduit_type": "pipe", "pipe_diameter_mm": 300.0, "diameter_source": "legend_colour", "diameter_candidates_mm": null, "label_diameter_mm": 300.0, "label_agrees": true, "scheme": null, "flow_arrow": "end" }, "geometry": { "type": "LineString", "coordinates": [ [ 88.40898787449828, 22.497378312153668 ], [ 88.408825779356988, 22.497462308197107 ], [ 88.408682129439754, 22.497539261610832 ], [ 88.408527440110163, 22.497623193188591 ], [ 88.408446216514719, 22.497647986107065 ] ] } },
{ "type": "Feature", "properties": { "ward": 109, "source_sheet": "109_Haltu.pdf p1", "source": "KMC ward sewerage network map (ArcMap GeoPDF)", "extraction_method": "geopdf_vector", "georef_max_residual_m": 0.3, "conduit_type": "pipe", "pipe_diameter_mm": 300.0, "diameter_source": "legend_colour", "diameter_candidates_mm": null, "label_diameter_mm": 300.0, "label_agrees": true, "scheme": null, "flow_arrow": "end" }, "geometry": { "type": "LineString", "coordinates": [ [ 88.408064589770675, 22.496543195002033 ], [ 88.408215891258052, 22.496490265007292 ], [ 88.408492712408133, 22.496398392965567 ], [ 88.408577603282339, 22.496370127031604 ] ] } },
{ "type": "Feature", "properties": { "ward": 109, "source_sheet": "109_Haltu.pdf p1", "source": "KMC ward sewerage network map (ArcMap GeoPDF)", "extraction_method": "geopdf_vector", "georef_max_residual_m": 0.3, "conduit_type": "pipe", "pipe_diameter_mm": 300.0, "diameter_source": "legend_colour", "diameter_candidates_mm": null, "label_diameter_mm": 300.0, "label_agrees": true, "scheme": null, "flow_arrow": "end" }, "geometry": { "type": "LineString", "coordinates": [ [ 88.408297796158152, 22.496169514978668 ], [ 88.408113237205953, 22.496229615749758 ], [ 88.407961900829889, 22.49627910469798 ], [ 88.40785115826948, 22.49631447683208 ], [ 88.407837153442756, 22.496393747868744 ] ] } },
{ "type": "Feature", "properties": { "ward": 109, "source_sheet": "109_Haltu.pdf p1", "source": "KMC ward sewerage network map (ArcMap GeoPDF)", "extraction_method": "geopdf_vector", "georef_max_residual_m": 0.3, "conduit_type": "pipe", "pipe_diameter_mm": 300.0, "diameter_source": "legend_colour", "diameter_candidates_mm": null, "label_diameter_mm": 300.0, "label_agrees": true, "scheme": null, "flow_arrow": "end" }, "geometry": { "type": "LineString", "coordinates": [ [ 88.40805879422102, 22.495975431449907 ], [ 88.407903790079686, 22.496028393346734 ], [ 88.407800418849348, 22.496060260210445 ], [ 88.4077192311141, 22.496088493666495 ] ] } },
{ "type": "Feature", "properties": { "ward": 109, "source_sheet": "109_Haltu.pdf p1", "source": "KMC ward sewerage network map (ArcMap GeoPDF)", "extraction_method": "geopdf_vector", "georef_max_residual_m": 0.3, "conduit_type": "pipe", "pipe_diameter_mm": 300.0, "diameter_source": "legend_colour", "diameter_candidates_mm": null, "label_diameter_mm": 300.0, "label_agrees": true, "scheme": null, "flow_arrow": "end" }, "geometry": { "type": "LineString", "coordinates": [ [ 88.407549451821055, 22.496871138185384 ], [ 88.407405310188963, 22.496899916597336 ], [ 88.40726850459518, 22.496921748742906 ], [ 88.407139140220266, 22.496946957748207 ], [ 88.406939451303074, 22.496976216574247 ] ] } },
{ "type": "Feature", "properties": { "ward": 109, "source_sheet": "109_Haltu.pdf p1", "source": "KMC ward sewerage network map (ArcMap GeoPDF)", "extraction_method": "geopdf_vector", "georef_max_residual_m": 0.3, "conduit_type": "pipe", "pipe_diameter_mm": 300.0, "diameter_source": "legend_colour", "diameter_candidates_mm": null, "label_diameter_mm": null, "label_agrees": null, "scheme": null, "flow_arrow": "end" }, "geometry": { "type": "LineString", "coordinates": [ [ 88.407549451821055, 22.496871138185384 ], [ 88.407582077805358, 22.496802029803916 ], [ 88.407554997148424, 22.496688701388059 ], [ 88.407524002722852, 22.496554759245956 ], [ 88.407496957130292, 22.496444871896625 ], [ 88.407429177323138, 22.496335337217758 ], [ 88.407332018405882, 22.496250145988899 ], [ 88.407263957993109, 22.496113083417161 ], [ 88.407206024087102, 22.495879576730502 ] ] } },
{ "type": "Feature", "properties": { "ward": 109, "source_sheet": "109_Haltu.pdf p1", "source": "KMC ward sewerage network map (ArcMap GeoPDF)", "extraction_method": "geopdf_vector", "georef_max_residual_m": 0.3, "conduit_type": "pipe", "pipe_diameter_mm": 300.0, "diameter_source": "legend_colour", "diameter_candidates_mm": null, "label_diameter_mm": 300.0, "label_agrees": true, "scheme": null, "flow_arrow": "end" }, "geometry": { "type": "LineString", "coordinates": [ [ 88.407332018405882, 22.496250145988899 ], [ 88.407302920021976, 22.496302017421186 ], [ 88.407077450467071, 22.49634526468456 ], [ 88.406999825151829, 22.496359701833789 ], [ 88.406715210481977, 22.496413784380618 ] ] } },
{ "type": "Feature", "properties": { "ward": 109, "source_sheet": "109_Haltu.pdf p1", "source": "KMC ward sewerage network map (ArcMap GeoPDF)", "extraction_method": "geopdf_vector", "georef_max_residual_m": 0.3, "conduit_type": "pipe", "pipe_diameter_mm": 300.0, "diameter_source": "legend_colour", "diameter_candidates_mm": null, "label_diameter_mm": 300.0, "label_agrees": true, "scheme": null, "flow_arrow": "end" }, "geometry": { "type": "LineString", "coordinates": [ [ 88.406316975864485, 22.496221076027108 ], [ 88.406377734541451, 22.496368526227162 ], [ 88.406438528285193, 22.496519417337812 ], [ 88.40649547882488, 22.496656576546879 ], [ 88.406496285815521, 22.49673571934208 ] ] } },
{ "type": "Feature", "properties": { "ward": 109, "source_sheet": "109_Haltu.pdf p1", "source": "KMC ward sewerage network map (ArcMap GeoPDF)", "extraction_method": "geopdf_vector", "georef_max_residual_m": 0.3, "conduit_type": "pipe", "pipe_diameter_mm": 450.0, "diameter_source": "legend_colour", "diameter_candidates_mm": null, "label_diameter_mm": 450.0, "label_agrees": true, "scheme": null, "flow_arrow": "end" }, "geometry": { "type": "LineString", "coordinates": [ [ 88.406724897749072, 22.496637384893596 ], [ 88.406496285815521, 22.49673571934208 ], [ 88.406289786939098, 22.496823538445444 ], [ 88.406241821444837, 22.496841159755363 ] ] } },
{ "type": "Feature", "properties": { "ward": 109, "source_sheet": "109_Haltu.pdf p1", "source": "KMC ward sewerage network map (ArcMap GeoPDF)", "extraction_method": "geopdf_vector", "georef_max_residual_m": 0.3, "conduit_type": "pipe", "pipe_diameter_mm": 300.0, "diameter_source": "legend_colour", "diameter_candidates_mm": null, "label_diameter_mm": 300.0, "label_agrees": true, "scheme": null, "flow_arrow": "end" }, "geometry": { "type": "LineString", "coordinates": [ [ 88.409056652589911, 22.497222857799148 ], [ 88.409167360351233, 22.497184043881649 ], [ 88.40927436488542, 22.497145261996057 ], [ 88.409299865134585, 22.497103745299729 ] ] } },
{ "type": "Feature", "properties": { "ward": 109, "source_sheet": "109_Haltu.pdf p1", "source": "KMC ward sewerage network map (ArcMap GeoPDF)", "extraction_method": "geopdf_vector", "georef_max_residual_m": 0.3, "conduit_type": "pipe", "pipe_diameter_mm": 300.0, "diameter_source": "legend_colour", "diameter_candidates_mm": null, "label_diameter_mm": null, "label_agrees": null, "scheme": null, "flow_arrow": "end" }, "geometry": { "type": "LineString", "coordinates": [ [ 88.409343084415298, 22.497709038420311 ], [ 88.409383573081769, 22.497684598250281 ], [ 88.409501476318113, 22.497625073970891 ], [ 88.409600934228095, 22.497572592189425 ], [ 88.409634086795606, 22.497555098202056 ] ] } },
{ "type": "Feature", "properties": { "ward": 109, "source_sheet": "109_Haltu.pdf p1", "source": "KMC ward sewerage network map (ArcMap GeoPDF)", "extraction_method": "geopdf_vector", "georef_max_residual_m": 0.3, "conduit_type": "pipe", "pipe_diameter_mm": 300.0, "diameter_source": "legend_colour", "diameter_candidates_mm": null, "label_diameter_mm": 300.0, "label_agrees": true, "scheme": null, "flow_arrow": "end" }, "geometry": { "type": "LineString", "coordinates": [ [ 88.409634086795606, 22.497555098202056 ], [ 88.409859100057318, 22.49746711442274 ], [ 88.410017702400481, 22.497403795394447 ], [ 88.410158000144889, 22.497361282886153 ], [ 88.410324114091054, 22.497308222266668 ] ] } },
{ "type": "Feature", "properties": { "ward": 109, "source_sheet": "109_Haltu.pdf p1", "source": "KMC ward sewerage network map (ArcMap GeoPDF)", "extraction_method": "geopdf_vector", "georef_max_residual_m": 0.3, "conduit_type": "pipe", "pipe_diameter_mm": 300.0, "diameter_source": "legend_colour", "diameter_candidates_mm": null, "label_diameter_mm": 300.0, "label_agrees": true, "scheme": null, "flow_arrow": "end" }, "geometry": { "type": "LineString", "coordinates": [ [ 88.410241908258769, 22.49578788376607 ], [ 88.410471131511642, 22.496474153679308 ], [ 88.410543707640258, 22.496690325386155 ], [ 88.410589482393448, 22.496820697320906 ], [ 88.410635292274975, 22.496954510315881 ], [ 88.410715486419363, 22.497191263529501 ], [ 88.410608587876794, 22.497240369301558 ], [ 88.410650730117538, 22.497377655346682 ], [ 88.41070045474558, 22.497532081914439 ], [ 88.410698264834664, 22.497680076534255 ], [ 88.410684824628575, 22.497814403685538 ], [ 88.410678016692003, 22.497872964707771 ] ] } },
{ "type": "Feature", "properties": { "ward": 109, "source_sheet": "109_Haltu.pdf p1", "source": "KMC ward sewerage network map (ArcMap GeoPDF)", "extraction_method": "geopdf_vector", "georef_max_residual_m": 0.3, "conduit_type": "pipe", "pipe_diameter_mm": 300.0, "diameter_source": "legend_colour", "diameter_candidates_mm": null, "label_diameter_mm": 300.0, "label_agrees": true, "scheme": null, "flow_arrow": "end" }, "geometry": { "type": "LineString", "coordinates": [ [ 88.411661589784146, 22.49699722013867 ], [ 88.411528593613284, 22.497029346658859 ], [ 88.411480558541967, 22.497040087772803 ], [ 88.411366007645171, 22.497065171372903 ], [ 88.411192382365414, 22.497107974387191 ], [ 88.411100015097972, 22.497129423973544 ] ] } },
{ "type": "Feature", "properties": { "ward": 109, "source_sheet": "109_Haltu.pdf p1", "source": "KMC ward sewerage network map (ArcMap GeoPDF)", "extraction_method": "geopdf_vector", "georef_max_residual_m": 0.3, "conduit_type": "pipe", "pipe_diameter_mm": 300.0, "diameter_source": "legend_colour", "diameter_candidates_mm": null, "label_diameter_mm": 300.0, "label_agrees": true, "scheme": null, "flow_arrow": "end" }, "geometry": { "type": "LineString", "coordinates": [ [ 88.409288052528552, 22.497035021873828 ], [ 88.409317572171361, 22.497024442077294 ], [ 88.40940242806829, 22.496992734762919 ], [ 88.409513135539598, 22.496953920621014 ], [ 88.409612768644394, 22.496918643680186 ], [ 88.409764034687583, 22.496862271163085 ], [ 88.409785550089168, 22.496793258738556 ] ] } },
{ "type": "Feature", "properties": { "ward": 109, "source_sheet": "109_Haltu.pdf p1", "source": "KMC ward sewerage network map (ArcMap GeoPDF)", "extraction_method": "geopdf_vector", "georef_max_residual_m": 0.3, "conduit_type": "pipe", "pipe_diameter_mm": 300.0, "diameter_source": "legend_colour", "diameter_candidates_mm": null, "label_diameter_mm": 300.0, "label_agrees": true, "scheme": null, "flow_arrow": "end" }, "geometry": { "type": "LineString", "coordinates": [ [ 88.410017702400481, 22.497403795394447 ], [ 88.409926399950677, 22.497167138143805 ], [ 88.409876887345291, 22.497033357039282 ], [ 88.409835027338687, 22.496923598804361 ], [ 88.409785550089168, 22.496793258738556 ], [ 88.409728315132469, 22.496628572941123 ] ] } },
{ "type": "Feature", "properties": { "ward": 109, "source_sheet": "109_Haltu.pdf p1", "source": "KMC ward sewerage network map (ArcMap GeoPDF)", "extraction_method": "geopdf_vector", "georef_max_residual_m": 0.3, "conduit_type": "pipe", "pipe_diameter_mm": 400.0, "diameter_source": "legend_colour", "diameter_candidates_mm": null, "label_diameter_mm": 400.0, "label_agrees": true, "scheme": null, "flow_arrow": "end" }, "geometry": { "type": "LineString", "coordinates": [ [ 88.409525579494229, 22.495997132757779 ], [ 88.409552345272289, 22.496079491769034 ], [ 88.409582884389565, 22.496168700681171 ], [ 88.409621216616657, 22.496295696095782 ], [ 88.409663322392461, 22.496429541542891 ], [ 88.409697740640084, 22.496535923134925 ], [ 88.409728315132469, 22.496628572941123 ] ] } },
{ "type": "Feature", "properties": { "ward": 109, "source_sheet": "109_Haltu.pdf p1", "source": "KMC ward sewerage network map (ArcMap GeoPDF)", "extraction_method": "geopdf_vector", "georef_max_residual_m": 0.3, "conduit_type": "pipe", "pipe_diameter_mm": 300.0, "diameter_source": "legend_colour", "diameter_candidates_mm": null, "label_diameter_mm": 300.0, "label_agrees": true, "scheme": null, "flow_arrow": "end" }, "geometry": { "type": "LineString", "coordinates": [ [ 88.410980840395183, 22.495616289559994 ], [ 88.411141193120642, 22.496086354742882 ], [ 88.411167818901419, 22.496154949554722 ], [ 88.411221352166294, 22.496319666777794 ] ] } },
{ "type": "Feature", "properties": { "ward": 109, "source_sheet": "109_Haltu.pdf p1", "source": "KMC ward sewerage network map (ArcMap GeoPDF)", "extraction_method": "geopdf_vector", "georef_max_residual_m": 0.3, "conduit_type": "pipe", "pipe_diameter_mm": 300.0, "diameter_source": "legend_colour", "diameter_candidates_mm": null, "label_diameter_mm": 300.0, "label_agrees": true, "scheme": null, "flow_arrow": "end" }, "geometry": { "type": "LineString", "coordinates": [ [ 88.411465429029974, 22.497009247417434 ], [ 88.411427270952558, 22.496899457361568 ], [ 88.411389218564608, 22.496799990380612 ], [ 88.411331981739451, 22.496635305250773 ], [ 88.411221352166294, 22.496319666777794 ] ] } },
{ "type": "Feature", "properties": { "ward": 109, "source_sheet": "109_Haltu.pdf p1", "source": "KMC ward sewerage network map (ArcMap GeoPDF)", "extraction_method": "geopdf_vector", "georef_max_residual_m": 0.3, "conduit_type": "pipe", "pipe_diameter_mm": 300.0, "diameter_source": "legend_colour", "diameter_candidates_mm": null, "label_diameter_mm": 300.0, "label_agrees": true, "scheme": null, "flow_arrow": "end" }, "geometry": { "type": "LineString", "coordinates": [ [ 88.411401635216251, 22.498737329921582 ], [ 88.411404035594941, 22.498609981234036 ], [ 88.411402767994446, 22.498486105777033 ], [ 88.411404851484505, 22.498327788256731 ], [ 88.411391981399177, 22.498155835477782 ], [ 88.41136691048581, 22.497877308496602 ], [ 88.411339826522365, 22.497763981044049 ], [ 88.411312601623862, 22.497636889563058 ], [ 88.411281603356542, 22.497502948355738 ], [ 88.411250499538994, 22.497358684048855 ], [ 88.411215587023392, 22.497204129077893 ], [ 88.411192382365414, 22.497107974387191 ] ] } },
{ "type": "Feature", "properties": { "ward": 109, "source_sheet": "109_Haltu.pdf p1", "source": "KMC ward sewerage network map (ArcMap GeoPDF)", "extraction_method": "geopdf_vector", "georef_max_residual_m": 0.3, "conduit_type": "pipe", "pipe_diameter_mm": 300.0, "diameter_source": "legend_colour", "diameter_candidates_mm": null, "label_diameter_mm": 300.0, "label_agrees": true, "scheme": null, "flow_arrow": "end" }, "geometry": { "type": "LineString", "coordinates": [ [ 88.411703792578038, 22.497864059194828 ], [ 88.411676708346633, 22.497750731812708 ], [ 88.411641900728796, 22.497606499771695 ], [ 88.411610937370455, 22.497475999576494 ], [ 88.411568442031097, 22.497304304070092 ], [ 88.411541498892959, 22.497204740523749 ], [ 88.411480558541967, 22.497040087772803 ] ] } },
{ "type": "Feature", "properties": { "ward": 109, "source_sheet": "109_Haltu.pdf p1", "source": "KMC ward sewerage network map (ArcMap GeoPDF)", "extraction_method": "geopdf_vector", "georef_max_residual_m": 0.3, "conduit_type": "pipe", "pipe_diameter_mm": 300.0, "diameter_source": "legend_colour", "diameter_candidates_mm": null, "label_diameter_mm": 300.0, "label_agrees": true, "scheme": null, "flow_arrow": "end" }, "geometry": { "type": "LineString", "coordinates": [ [ 88.411010965453031, 22.495302870315328 ], [ 88.410837588704069, 22.49536975968147 ], [ 88.410741695190026, 22.495408446257564 ] ] } },
{ "type": "Feature", "properties": { "ward": 109, "source_sheet": "109_Haltu.pdf p1", "source": "KMC ward sewerage network map (ArcMap GeoPDF)", "extraction_method": "geopdf_vector", "georef_max_residual_m": 0.3, "conduit_type": "pipe", "pipe_diameter_mm": 300.0, "diameter_source": "legend_colour", "diameter_candidates_mm": null, "label_diameter_mm": 300.0, "label_agrees": true, "scheme": null, "flow_arrow": "end" }, "geometry": { "type": "LineString", "coordinates": [ [ 88.410915783714856, 22.495049040761597 ], [ 88.410764484942433, 22.495101973311964 ], [ 88.410627963285876, 22.495151336113874 ] ] } },
{ "type": "Feature", "properties": { "ward": 109, "source_sheet": "109_Haltu.pdf p1", "source": "KMC ward sewerage network map (ArcMap GeoPDF)", "extraction_method": "geopdf_vector", "georef_max_residual_m": 0.3, "conduit_type": "pipe", "pipe_diameter_mm": 300.0, "diameter_source": "legend_colour", "diameter_candidates_mm": null, "label_diameter_mm": 300.0, "label_agrees": true, "scheme": null, "flow_arrow": "end" }, "geometry": { "type": "LineString", "coordinates": [ [ 88.409176268689009, 22.495518379948585 ], [ 88.409061929405922, 22.495564107929045 ], [ 88.408910734707561, 22.495627361613966 ], [ 88.408744797653455, 22.495697625690887 ], [ 88.408696341098164, 22.495667073842839 ] ] } },
{ "type": "Feature", "properties": { "ward": 109, "source_sheet": "109_Haltu.pdf p1", "source": "KMC ward sewerage network map (ArcMap GeoPDF)", "extraction_method": "geopdf_vector", "georef_max_residual_m": 0.3, "conduit_type": "pipe", "pipe_diameter_mm": 300.0, "diameter_source": "legend_colour", "diameter_candidates_mm": null, "label_diameter_mm": 300.0, "label_agrees": true, "scheme": null, "flow_arrow": "end" }, "geometry": { "type": "LineString", "coordinates": [ [ 88.409176268689009, 22.495518379948585 ], [ 88.409279533694999, 22.495476189137015 ], [ 88.409434431159909, 22.495412903015517 ] ] } },
{ "type": "Feature", "properties": { "ward": 109, "source_sheet": "109_Haltu.pdf p1", "source": "KMC ward sewerage network map (ArcMap GeoPDF)", "extraction_method": "geopdf_vector", "georef_max_residual_m": 0.3, "conduit_type": "pipe", "pipe_diameter_mm": 300.0, "diameter_source": "legend_colour", "diameter_candidates_mm": null, "label_diameter_mm": 300.0, "label_agrees": true, "scheme": null, "flow_arrow": "end" }, "geometry": { "type": "LineString", "coordinates": [ [ 88.409176268689009, 22.495518379948585 ], [ 88.409146116490803, 22.495467021822591 ], [ 88.40911603477015, 22.495422545850669 ], [ 88.409070789128748, 22.49534378816757 ], [ 88.409018032033345, 22.495254771846003 ], [ 88.408991653511109, 22.495210263605394 ] ] } },
{ "type": "Feature", "properties": { "ward": 109, "source_sheet": "109_Haltu.pdf p1", "source": "KMC ward sewerage network map (ArcMap GeoPDF)", "extraction_method": "geopdf_vector", "georef_max_residual_m": 0.3, "conduit_type": "pipe", "pipe_diameter_mm": 300.0, "diameter_source": "legend_colour", "diameter_candidates_mm": null, "label_diameter_mm": 300.0, "label_agrees": true, "scheme": null, "flow_arrow": "end" }, "geometry": { "type": "LineString", "coordinates": [ [ 88.409434431159909, 22.495412903015517 ], [ 88.40947590343778, 22.495484810674828 ], [ 88.409562657036275, 22.495638916652158 ], [ 88.409754374575627, 22.49555466307249 ], [ 88.409850268344798, 22.495515977210328 ], [ 88.410001462445393, 22.495452722670748 ] ] } },
{ "type": "Feature", "properties": { "ward": 109, "source_sheet": "109_Haltu.pdf p1", "source": "KMC ward sewerage network map (ArcMap GeoPDF)", "extraction_method": "geopdf_vector", "georef_max_residual_m": 0.3, "conduit_type": "pipe", "pipe_diameter_mm": 300.0, "diameter_source": "legend_colour", "diameter_candidates_mm": null, "label_diameter_mm": 300.0, "label_agrees": true, "scheme": null, "flow_arrow": "end" }, "geometry": { "type": "LineString", "coordinates": [ [ 88.410573120695759, 22.495220637821962 ], [ 88.410440336985658, 22.495273409421952 ], [ 88.410337072521457, 22.495315600809612 ], [ 88.410222733831731, 22.495361329587077 ], [ 88.410108430236022, 22.495410499223393 ], [ 88.410001462445393, 22.495452722670748 ] ] } },
{ "type": "Feature", "properties": { "ward": 109, "source_sheet": "109_Haltu.pdf p1", "source": "KMC ward sewerage network map (ArcMap GeoPDF)", "extraction_method": "geopdf_vector", "georef_max_residual_m": 0.3, "conduit_type": "pipe", "pipe_diameter_mm": 300.0, "diameter_source": "legend_colour", "diameter_candidates_mm": null, "label_diameter_mm": 300.0, "label_agrees": true, "scheme": null, "flow_arrow": "end" }, "geometry": { "type": "LineString", "coordinates": [ [ 88.410805825306113, 22.494798780608871 ], [ 88.410698963776014, 22.494851327438163 ], [ 88.410503580055618, 22.494939055135109 ] ] } },
{ "type": "Feature", "properties": { "ward": 109, "source_sheet": "109_Haltu.pdf p1", "source": "KMC ward sewerage network map (ArcMap GeoPDF)", "extraction_method": "geopdf_vector", "georef_max_residual_m": 0.3, "conduit_type": "pipe", "pipe_diameter_mm": 300.0, "diameter_source": "legend_colour", "diameter_candidates_mm": null, "label_diameter_mm": null, "label_agrees": null, "scheme": null, "flow_arrow": "end" }, "geometry": { "type": "LineString", "coordinates": [ [ 88.409569125223626, 22.495184609729847 ], [ 88.409512840415545, 22.495112830522594 ], [ 88.409482758663557, 22.495068354475968 ], [ 88.409415153856386, 22.494976025635275 ], [ 88.409366345728088, 22.494911064174939 ], [ 88.409350971009644, 22.494856136724703 ] ] } },
{ "type": "Feature", "properties": { "ward": 109, "source_sheet": "109_Haltu.pdf p1", "source": "KMC ward sewerage network map (ArcMap GeoPDF)", "extraction_method": "geopdf_vector", "georef_max_residual_m": 0.3, "conduit_type": "pipe", "pipe_diameter_mm": 300.0, "diameter_source": "legend_colour", "diameter_candidates_mm": null, "label_diameter_mm": 300.0, "label_agrees": true, "scheme": null, "flow_arrow": "end" }, "geometry": { "type": "LineString", "coordinates": [ [ 88.409831833851484, 22.495161683728686 ], [ 88.409790466844214, 22.495100099261865 ], [ 88.409722826659362, 22.495004329481393 ], [ 88.409658889518383, 22.494908527700645 ], [ 88.409587476104491, 22.494805908087457 ], [ 88.409534859545531, 22.49473065582945 ], [ 88.409512289386655, 22.494696438524532 ] ] } },
{ "type": "Feature", "properties": { "ward": 109, "source_sheet": "109_Haltu.pdf p1", "source": "KMC ward sewerage network map (ArcMap GeoPDF)", "extraction_method": "geopdf_vector", "georef_max_residual_m": 0.3, "conduit_type": "pipe", "pipe_diameter_mm": 300.0, "diameter_source": "legend_colour", "diameter_candidates_mm": null, "label_diameter_mm": 300.0, "label_agrees": true, "scheme": null, "flow_arrow": "end" }, "geometry": { "type": "LineString", "coordinates": [ [ 88.410105229457997, 22.495097369272539 ], [ 88.410056421128132, 22.495032408039638 ], [ 88.409966316008536, 22.494912744242011 ], [ 88.409879949311431, 22.494796489205669 ], [ 88.409838652732475, 22.49474178661821 ], [ 88.409744739566989, 22.494611831831136 ], [ 88.409703443099758, 22.494557129345633 ], [ 88.409610620143354, 22.494533845105032 ] ] } },
{ "type": "Feature", "properties": { "ward": 109, "source_sheet": "109_Haltu.pdf p1", "source": "KMC ward sewerage network map (ArcMap GeoPDF)", "extraction_method": "geopdf_vector", "georef_max_residual_m": 0.3, "conduit_type": "pipe", "pipe_diameter_mm": 300.0, "diameter_source": "legend_colour", "diameter_candidates_mm": null, "label_diameter_mm": 300.0, "label_agrees": true, "scheme": null, "flow_arrow": "end" }, "geometry": { "type": "LineString", "coordinates": [ [ 88.410452336332256, 22.493549216912989 ], [ 88.4100327911964, 22.493807512068638 ], [ 88.410119192524022, 22.493927207998819 ], [ 88.410156856216105, 22.493988824521331 ], [ 88.410231972658423, 22.494091411769364 ], [ 88.410295874441601, 22.494183772395758 ], [ 88.410386295932014, 22.494334404887475 ], [ 88.410427733153412, 22.494402871365924 ], [ 88.410480526104664, 22.494495328283467 ], [ 88.41057087764348, 22.494639078629767 ], [ 88.41064997918815, 22.494769161428273 ], [ 88.410698963776014, 22.494851327438163 ] ] } },
{ "type": "Feature", "properties": { "ward": 109, "source_sheet": "109_Haltu.pdf p1", "source": "KMC ward sewerage network map (ArcMap GeoPDF)", "extraction_method": "geopdf_vector", "georef_max_residual_m": 0.3, "conduit_type": "pipe", "pipe_diameter_mm": 300.0, "diameter_source": "legend_colour", "diameter_candidates_mm": null, "label_diameter_mm": 300.0, "label_agrees": true, "scheme": null, "flow_arrow": "end" }, "geometry": { "type": "LineString", "coordinates": [ [ 88.410674783439774, 22.494297488966669 ], [ 88.410538332730681, 22.494353733675595 ], [ 88.410427733153412, 22.494402871365924 ] ] } },
{ "type": "Feature", "properties": { "ward": 109, "source_sheet": "109_Haltu.pdf p1", "source": "KMC ward sewerage network map (ArcMap GeoPDF)", "extraction_method": "geopdf_vector", "georef_max_residual_m": 0.3, "conduit_type": "pipe", "pipe_diameter_mm": 300.0, "diameter_source": "legend_colour", "diameter_candidates_mm": null, "label_diameter_mm": 300.0, "label_agrees": true, "scheme": null, "flow_arrow": "end" }, "geometry": { "type": "LineString", "coordinates": [ [ 88.410590606779763, 22.494033239628614 ], [ 88.410395329484544, 22.494131290244979 ], [ 88.410295874441601, 22.494183772395758 ] ] } },
{ "type": "Feature", "properties": { "ward": 109, "source_sheet": "109_Haltu.pdf p1", "source": "KMC ward sewerage network map (ArcMap GeoPDF)", "extraction_method": "geopdf_vector", "georef_max_residual_m": 0.3, "conduit_type": "pipe", "pipe_diameter_mm": 300.0, "diameter_source": "legend_colour", "diameter_candidates_mm": null, "label_diameter_mm": null, "label_agrees": null, "scheme": null, "flow_arrow": "end" }, "geometry": { "type": "LineString", "coordinates": [ [ 88.41052875442962, 22.493779120544303 ], [ 88.410425666818156, 22.493838516909069 ], [ 88.410293095541221, 22.493911934237527 ], [ 88.410156856216105, 22.493988824521331 ] ] } },
{ "type": "Feature", "properties": { "ward": 109, "source_sheet": "109_Haltu.pdf p1", "source": "KMC ward sewerage network map (ArcMap GeoPDF)", "extraction_method": "geopdf_vector", "georef_max_residual_m": 0.3, "conduit_type": "pipe", "pipe_diameter_mm": 300.0, "diameter_source": "legend_colour", "diameter_candidates_mm": null, "label_diameter_mm": 300.0, "label_agrees": true, "scheme": null, "flow_arrow": "end" }, "geometry": { "type": "LineString", "coordinates": [ [ 88.411391981399177, 22.498155835477782 ], [ 88.411162138566354, 22.498133741949964 ], [ 88.411039652317626, 22.498107274938743 ], [ 88.410891173584076, 22.498074150968261 ], [ 88.410750101278012, 22.498040962433709 ], [ 88.410649869303029, 22.498017743211381 ] ] } },
{ "type": "Feature", "properties": { "ward": 109, "source_sheet": "109_Haltu.pdf p1", "source": "KMC ward sewerage network map (ArcMap GeoPDF)", "extraction_method": "geopdf_vector", "georef_max_residual_m": 0.3, "conduit_type": "pipe", "pipe_diameter_mm": 300.0, "diameter_source": "legend_colour", "diameter_candidates_mm": null, "label_diameter_mm": null, "label_agrees": null, "scheme": null, "flow_arrow": "end" }, "geometry": { "type": "LineString", "coordinates": [ [ 88.410579500922893, 22.498379689663402 ], [ 88.410607718817488, 22.498241793039796 ], [ 88.410621651637229, 22.498155639840281 ], [ 88.410649869303029, 22.498017743211381 ] ] } },
{ "type": "Feature", "properties": { "ward": 109, "source_sheet": "109_Haltu.pdf p1", "source": "KMC ward sewerage network map (ArcMap GeoPDF)", "extraction_method": "geopdf_vector", "georef_max_residual_m": 0.3, "conduit_type": "pipe", "pipe_diameter_mm": 300.0, "diameter_source": "legend_colour", "diameter_candidates_mm": null, "label_diameter_mm": 300.0, "label_agrees": true, "scheme": null, "flow_arrow": "end" }, "geometry": { "type": "LineString", "coordinates": [ [ 88.411350501074352, 22.498445264173416 ], [ 88.410998030305592, 22.498382939704932 ], [ 88.410920052393791, 22.498362968721423 ], [ 88.4107715030149, 22.498322962642508 ], [ 88.410637836854718, 22.498289709740064 ], [ 88.410607718817488, 22.498241793039796 ] ] } },
{ "type": "Feature", "properties": { "ward": 109, "source_sheet": "109_Haltu.pdf p1", "source": "KMC ward sewerage network map (ArcMap GeoPDF)", "extraction_method": "geopdf_vector", "georef_max_residual_m": 0.3, "conduit_type": "pipe", "pipe_diameter_mm": 300.0, "diameter_source": "legend_colour", "diameter_candidates_mm": null, "label_diameter_mm": 300.0, "label_agrees": true, "scheme": "KEIIP", "flow_arrow": "end" }, "geometry": { "type": "LineString", "coordinates": [ [ 88.398527100783056, 22.488400800552402 ], [ 88.398230761723298, 22.488393024950128 ], [ 88.397923313825387, 22.488385344298361 ], [ 88.39758998030581, 22.488381326789241 ], [ 88.397297344185517, 22.488373517640635 ], [ 88.396975084642193, 22.488365962444103 ], [ 88.396700997937899, 22.488361434259371 ], [ 88.396456534806475, 22.488356651078309 ], [ 88.396334303161012, 22.488354259277337 ] ] } },
{ "type": "Feature", "properties": { "ward": 109, "source_sheet": "109_Haltu.pdf p1", "source": "KMC ward sewerage network map (ArcMap GeoPDF)", "extraction_method": "geopdf_vector", "georef_max_residual_m": 0.3, "conduit_type": "pipe", "pipe_diameter_mm": 450.0, "diameter_source": "legend_colour", "diameter_candidates_mm": null, "label_diameter_mm": 450.0, "label_agrees": true, "scheme": null, "flow_arrow": "end" }, "geometry": { "type": "LineString", "coordinates": [ [ 88.398543768994159, 22.472501794100673 ], [ 88.398617191838838, 22.472439219243004 ], [ 88.398716253278394, 22.472348893420925 ], [ 88.39879341333662, 22.472289727767535 ], [ 88.398844830153337, 22.472247990003947 ], [ 88.398918183012555, 22.472178532951787 ], [ 88.398995133735013, 22.472098721146079 ], [ 88.399199475157147, 22.471801010896307 ] ] } },
{ "type": "Feature", "properties": { "ward": 109, "source_sheet": "109_Haltu.pdf p1", "source": "KMC ward sewerage network map (ArcMap GeoPDF)", "extraction_method": "geopdf_vector", "georef_max_residual_m": 0.3, "conduit_type": "pipe", "pipe_diameter_mm": 300.0, "diameter_source": "legend_colour", "diameter_candidates_mm": null, "label_diameter_mm": 300.0, "label_agrees": true, "scheme": null, "flow_arrow": "end" }, "geometry": { "type": "LineString", "coordinates": [ [ 88.39241927457492, 22.479110036713628 ], [ 88.392312868258074, 22.479207304365776 ], [ 88.392210095099969, 22.479297658325805 ], [ 88.392118360399081, 22.479381035084209 ], [ 88.392030293606169, 22.479460938996926 ], [ 88.39197887223736, 22.479502674931688 ] ] } },
{ "type": "Feature", "properties": { "ward": 109, "source_sheet": "109_Haltu.pdf p1", "source": "KMC ward sewerage network map (ArcMap GeoPDF)", "extraction_method": "geopdf_vector", "georef_max_residual_m": 0.3, "conduit_type": "pipe", "pipe_diameter_mm": 300.0, "diameter_source": "legend_colour", "diameter_candidates_mm": null, "label_diameter_mm": 300.0, "label_agrees": true, "scheme": null, "flow_arrow": "end" }, "geometry": { "type": "LineString", "coordinates": [ [ 88.392751695718403, 22.479392820546803 ], [ 88.392281845396013, 22.479802918178621 ], [ 88.392373614811802, 22.479722982436282 ], [ 88.392204782523891, 22.479872404065432 ], [ 88.392160696964638, 22.479907194600816 ] ] } },
{ "type": "Feature", "properties": { "ward": 109, "source_sheet": "109_Haltu.pdf p1", "source": "KMC ward sewerage network map (ArcMap GeoPDF)", "extraction_method": "geopdf_vector", "georef_max_residual_m": 0.3, "conduit_type": "pipe", "pipe_diameter_mm": 300.0, "diameter_source": "legend_colour", "diameter_candidates_mm": null, "label_diameter_mm": 300.0, "label_agrees": true, "scheme": null, "flow_arrow": "end" }, "geometry": { "type": "LineString", "coordinates": [ [ 88.400562870892031, 22.497784925473738 ], [ 88.400492755125683, 22.497809618740607 ], [ 88.400345152058847, 22.497862509794455 ], [ 88.400267629818899, 22.497887266768437 ], [ 88.400179067978584, 22.497919001296587 ], [ 88.400123729770769, 22.497940125728316 ] ] } },
{ "type": "Feature", "properties": { "ward": 109, "source_sheet": "109_Haltu.pdf p1", "source": "KMC ward sewerage network map (ArcMap GeoPDF)", "extraction_method": "geopdf_vector", "georef_max_residual_m": 0.3, "conduit_type": "pipe", "pipe_diameter_mm": 300.0, "diameter_source": "legend_colour", "diameter_candidates_mm": null, "label_diameter_mm": null, "label_agrees": null, "scheme": null, "flow_arrow": "end" }, "geometry": { "type": "LineString", "coordinates": [ [ 88.400241568379315, 22.497144169562969 ], [ 88.400086489683076, 22.497190242246731 ], [ 88.399924074523355, 22.497243260610254 ], [ 88.399839181098159, 22.497271522097275 ] ] } },
{ "type": "Feature", "properties": { "ward": 109, "source_sheet": "109_Haltu.pdf p1", "source": "KMC ward sewerage network map (ArcMap GeoPDF)", "extraction_method": "geopdf_vector", "georef_max_residual_m": 0.3, "conduit_type": "pipe", "pipe_diameter_mm": 300.0, "diameter_source": "legend_colour", "diameter_candidates_mm": null, "label_diameter_mm": null, "label_agrees": null, "scheme": null, "flow_arrow": "end" }, "geometry": { "type": "LineString", "coordinates": [ [ 88.400857063040888, 22.497579353606287 ], [ 88.400558154549188, 22.497685168263249 ], [ 88.400490833433352, 22.497620363497276 ] ] } },
{ "type": "Feature", "properties": { "ward": 109, "source_sheet": "109_Haltu.pdf p1", "source": "KMC ward sewerage network map (ArcMap GeoPDF)", "extraction_method": "geopdf_vector", "georef_max_residual_m": 0.3, "conduit_type": "pipe", "pipe_diameter_mm": 300.0, "diameter_source": "legend_colour", "diameter_candidates_mm": null, "label_diameter_mm": null, "label_agrees": null, "scheme": null, "flow_arrow": "end" }, "geometry": { "type": "LineString", "coordinates": [ [ 88.400596652384792, 22.497099815063656 ], [ 88.400504353007449, 22.497128140699907 ], [ 88.400397310759786, 22.497163475933213 ], [ 88.400308714314818, 22.49719176941823 ] ] } },
{ "type": "Feature", "properties": { "ward": 109, "source_sheet": "109_Haltu.pdf p1", "source": "KMC ward sewerage network map (ArcMap GeoPDF)", "extraction_method": "geopdf_vector", "georef_max_residual_m": 0.3, "conduit_type": "pipe", "pipe_diameter_mm": 300.0, "diameter_source": "legend_colour", "diameter_candidates_mm": null, "label_diameter_mm": 300.0, "label_agrees": true, "scheme": null, "flow_arrow": "end" }, "geometry": { "type": "LineString", "coordinates": [ [ 88.401782292271676, 22.49715153906136 ], [ 88.401837629885733, 22.497130413943225 ], [ 88.401944671687431, 22.497095077915869 ], [ 88.40205908479399, 22.497056236851051 ], [ 88.402177201001834, 22.497017363766378 ], [ 88.402247525926583, 22.497013315770548 ] ] } },
{ "type": "Feature", "properties": { "ward": 109, "source_sheet": "109_Haltu.pdf p1", "source": "KMC ward sewerage network map (ArcMap GeoPDF)", "extraction_method": "geopdf_vector", "georef_max_residual_m": 0.3, "conduit_type": "pipe", "pipe_diameter_mm": 300.0, "diameter_source": "legend_colour", "diameter_candidates_mm": null, "label_diameter_mm": 300.0, "label_agrees": true, "scheme": null, "flow_arrow": "end" }, "geometry": { "type": "LineString", "coordinates": [ [ 88.402395412511439, 22.497352728989352 ], [ 88.402882479867102, 22.497176461199142 ] ] } },
{ "type": "Feature", "properties": { "ward": 109, "source_sheet": "109_Haltu.pdf p1", "source": "KMC ward sewerage network map (ArcMap GeoPDF)", "extraction_method": "geopdf_vector", "georef_max_residual_m": 0.3, "conduit_type": "pipe", "pipe_diameter_mm": 300.0, "diameter_source": "legend_colour", "diameter_candidates_mm": null, "label_diameter_mm": 300.0, "label_agrees": true, "scheme": null, "flow_arrow": "end" }, "geometry": { "type": "LineString", "coordinates": [ [ 88.402247525926583, 22.497013315770548 ], [ 88.402731064139459, 22.49685428558951 ] ] } },
{ "type": "Feature", "properties": { "ward": 109, "source_sheet": "109_Haltu.pdf p1", "source": "KMC ward sewerage network map (ArcMap GeoPDF)", "extraction_method": "geopdf_vector", "georef_max_residual_m": 0.3, "conduit_type": "pipe", "pipe_diameter_mm": 300.0, "diameter_source": "legend_colour", "diameter_candidates_mm": null, "label_diameter_mm": 300.0, "label_agrees": true, "scheme": null, "flow_arrow": "end" }, "geometry": { "type": "LineString", "coordinates": [ [ 88.402731064139459, 22.49685428558951 ], [ 88.402867625782079, 22.496808370207518 ], [ 88.402974667037142, 22.496773033376883 ], [ 88.403118564669754, 22.496720171979248 ], [ 88.403221937630846, 22.496688307899561 ], [ 88.403321572377166, 22.496653034920829 ], [ 88.403399093311577, 22.496628276536057 ] ] } },
{ "type": "Feature", "properties": { "ward": 109, "source_sheet": "109_Haltu.pdf p1", "source": "KMC ward sewerage network map (ArcMap GeoPDF)", "extraction_method": "geopdf_vector", "georef_max_residual_m": 0.3, "conduit_type": "pipe", "pipe_diameter_mm": 300.0, "diameter_source": "legend_colour", "diameter_candidates_mm": null, "label_diameter_mm": 300.0, "label_agrees": true, "scheme": null, "flow_arrow": "end" }, "geometry": { "type": "LineString", "coordinates": [ [ 88.402882479867102, 22.497176461199142 ], [ 88.402993189566729, 22.497137651439129 ], [ 88.403133489557248, 22.497095144952347 ], [ 88.403299571293289, 22.497038650509417 ], [ 88.403414018929425, 22.497003249449207 ], [ 88.403495208190179, 22.49697501809441 ], [ 88.403546912150887, 22.496960806556356 ] ] } },
{ "type": "Feature", "properties": { "ward": 109, "source_sheet": "109_Haltu.pdf p1", "source": "KMC ward sewerage network map (ArcMap GeoPDF)", "extraction_method": "geopdf_vector", "georef_max_residual_m": 0.3, "conduit_type": "pipe", "pipe_diameter_mm": 300.0, "diameter_source": "legend_colour", "diameter_candidates_mm": null, "label_diameter_mm": 300.0, "label_agrees": true, "scheme": null, "flow_arrow": "end" }, "geometry": { "type": "LineString", "coordinates": [ [ 88.402881620355345, 22.4959995435153 ], [ 88.402512637256208, 22.496133496736331 ], [ 88.401948051895147, 22.496334520852496 ] ] } },
{ "type": "Feature", "properties": { "ward": 109, "source_sheet": "109_Haltu.pdf p1", "source": "KMC ward sewerage network map (ArcMap GeoPDF)", "extraction_method": "geopdf_vector", "georef_max_residual_m": 0.3, "conduit_type": "pipe", "pipe_diameter_mm": 300.0, "diameter_source": "legend_colour", "diameter_candidates_mm": null, "label_diameter_mm": 300.0, "label_agrees": true, "scheme": null, "flow_arrow": "end" }, "geometry": { "type": "LineString", "coordinates": [ [ 88.404607567598305, 22.496376948269148 ], [ 88.404482046409186, 22.496415887064558 ], [ 88.404334411492812, 22.496465340829165 ], [ 88.404253222717401, 22.496493572441445 ], [ 88.404109255751848, 22.496539552930592 ], [ 88.403957952422004, 22.496592479293351 ], [ 88.403924729247493, 22.496603090105641 ] ] } },
{ "type": "Feature", "properties": { "ward": 109, "source_sheet": "109_Haltu.pdf p1", "source": "KMC ward sewerage network map (ArcMap GeoPDF)", "extraction_method": "geopdf_vector", "georef_max_residual_m": 0.3, "conduit_type": "pipe", "pipe_diameter_mm": 300.0, "diameter_source": "legend_colour", "diameter_candidates_mm": null, "label_diameter_mm": 300.0, "label_agrees": true, "scheme": null, "flow_arrow": "end" }, "geometry": { "type": "LineString", "coordinates": [ [ 88.404466172123961, 22.495948007431551 ], [ 88.403942149885452, 22.496131481420107 ], [ 88.403824070160027, 22.496173796827119 ] ] } },
{ "type": "Feature", "properties": { "ward": 109, "source_sheet": "109_Haltu.pdf p1", "source": "KMC ward sewerage network map (ArcMap GeoPDF)", "extraction_method": "geopdf_vector", "georef_max_residual_m": 0.3, "conduit_type": "pipe", "pipe_diameter_mm": 300.0, "diameter_source": "legend_colour", "diameter_candidates_mm": null, "label_diameter_mm": 300.0, "label_agrees": true, "scheme": null, "flow_arrow": "end" }, "geometry": { "type": "LineString", "coordinates": [ [ 88.404466172123961, 22.495948007431551 ], [ 88.404532547990868, 22.495919903563223 ], [ 88.404657998645717, 22.495874082861132 ], [ 88.40478344921155, 22.495828261921933 ], [ 88.404897825338352, 22.495785977841006 ], [ 88.405030646795552, 22.495736651769235 ], [ 88.405189425110777, 22.49569054261768 ] ] } },
{ "type": "Feature", "properties": { "ward": 109, "source_sheet": "109_Haltu.pdf p1", "source": "KMC ward sewerage network map (ArcMap GeoPDF)", "extraction_method": "geopdf_vector", "georef_max_residual_m": 0.3, "conduit_type": "pipe", "pipe_diameter_mm": 300.0, "diameter_source": "legend_colour", "diameter_candidates_mm": null, "label_diameter_mm": 300.0, "label_agrees": true, "scheme": null, "flow_arrow": "end" }, "geometry": { "type": "LineString", "coordinates": [ [ 88.404336307500202, 22.495560262490283 ], [ 88.404203485773337, 22.495609587995848 ], [ 88.404059589734516, 22.495662450290087 ], [ 88.40393780715381, 22.495704797745169 ], [ 88.403871396231366, 22.495729460281126 ], [ 88.403775465427358, 22.49576470172968 ], [ 88.403727499928905, 22.495782322434078 ] ] } },
{ "type": "Feature", "properties": { "ward": 109, "source_sheet": "109_Haltu.pdf p1", "source": "KMC ward sewerage network map (ArcMap GeoPDF)", "extraction_method": "geopdf_vector", "georef_max_residual_m": 0.3, "conduit_type": "pipe", "pipe_diameter_mm": 300.0, "diameter_source": "legend_colour", "diameter_candidates_mm": null, "label_diameter_mm": 300.0, "label_agrees": true, "scheme": null, "flow_arrow": "end" }, "geometry": { "type": "LineString", "coordinates": [ [ 88.404336307500202, 22.495560262490283 ], [ 88.404376901614341, 22.495546146537503 ], [ 88.404546614010243, 22.495482737038877 ], [ 88.40469047461562, 22.49542643323954 ], [ 88.404845409419124, 22.495366592371063 ], [ 88.404911819974174, 22.495341929306743 ] ] } },
{ "type": "Feature", "properties": { "ward": 109, "source_sheet": "109_Haltu.pdf p1", "source": "KMC ward sewerage network map (ArcMap GeoPDF)", "extraction_method": "geopdf_vector", "georef_max_residual_m": 0.3, "conduit_type": "pipe", "pipe_diameter_mm": 300.0, "diameter_source": "legend_colour", "diameter_candidates_mm": null, "label_diameter_mm": 300.0, "label_agrees": true, "scheme": null, "flow_arrow": "end" }, "geometry": { "type": "LineString", "coordinates": [ [ 88.4046763264314, 22.496582832113056 ], [ 88.40476488626642, 22.496551095202715 ], [ 88.404835000544423, 22.496526400286776 ], [ 88.404919892352865, 22.496498136239044 ], [ 88.405023229621591, 22.496462830088412 ], [ 88.405137676281299, 22.496427427847586 ], [ 88.40527790453568, 22.496378037530853 ], [ 88.405359093004989, 22.496349805272374 ] ] } },
{ "type": "Feature", "properties": { "ward": 109, "source_sheet": "109_Haltu.pdf p1", "source": "KMC ward sewerage network map (ArcMap GeoPDF)", "extraction_method": "geopdf_vector", "georef_max_residual_m": 0.3, "conduit_type": "pipe", "pipe_diameter_mm": 300.0, "diameter_source": "legend_colour", "diameter_candidates_mm": null, "label_diameter_mm": 300.0, "label_agrees": true, "scheme": null, "flow_arrow": "end" }, "geometry": { "type": "LineString", "coordinates": [ [ 88.404737293690644, 22.496750928957411 ], [ 88.405442385041169, 22.496528032703186 ] ] } },
{ "type": "Feature", "properties": { "ward": 109, "source_sheet": "109_Haltu.pdf p1", "source": "KMC ward sewerage network map (ArcMap GeoPDF)", "extraction_method": "geopdf_vector", "georef_max_residual_m": 0.3, "conduit_type": "pipe", "pipe_diameter_mm": 300.0, "diameter_source": "legend_colour", "diameter_candidates_mm": null, "label_diameter_mm": 300.0, "label_agrees": true, "scheme": null, "flow_arrow": "end" }, "geometry": { "type": "LineString", "coordinates": [ [ 88.397144193174597, 22.491169177398955 ], [ 88.397310654276907, 22.491150540428702 ], [ 88.39748466062845, 22.491145603752788 ], [ 88.397677182055645, 22.491140507595428 ], [ 88.397851188358331, 22.491135570524907 ], [ 88.397995570637434, 22.491130887969728 ], [ 88.398114031919036, 22.491126428025655 ], [ 88.398262117184615, 22.491121713392104 ], [ 88.398387984476486, 22.491117189703093 ], [ 88.398532366688684, 22.491112506525312 ], [ 88.398669342849729, 22.491107887068402 ], [ 88.398765620843562, 22.491107058862802 ], [ 88.398891488081176, 22.491102534638507 ], [ 88.399021058168842, 22.491097978599868 ], [ 88.39917654935725, 22.491093199406329 ], [ 88.399346852588963, 22.491088292445948 ] ] } },
{ "type": "Feature", "properties": { "ward": 109, "source_sheet": "109_Haltu.pdf p1", "source": "KMC ward sewerage network map (ArcMap GeoPDF)", "extraction_method": "geopdf_vector", "georef_max_residual_m": 0.3, "conduit_type": "pipe", "pipe_diameter_mm": 300.0, "diameter_source": "legend_colour", "diameter_candidates_mm": null, "label_diameter_mm": 300.0, "label_agrees": true, "scheme": null, "flow_arrow": "end" }, "geometry": { "type": "LineString", "coordinates": [ [ 88.400335378849448, 22.491062575614702 ], [ 88.400172481772614, 22.491067419698346 ], [ 88.400028064831091, 22.491068663244313 ], [ 88.399820731848081, 22.491073889575777 ], [ 88.39960602771049, 22.49108262048772 ], [ 88.399506046598205, 22.491083481068141 ], [ 88.399409803552402, 22.491087750669298 ], [ 88.399346852588963, 22.491088292445948 ] ] } },
{ "type": "Feature", "properties": { "ward": 109, "source_sheet": "109_Haltu.pdf p1", "source": "KMC ward sewerage network map (ArcMap GeoPDF)", "extraction_method": "geopdf_vector", "georef_max_residual_m": 0.3, "conduit_type": "pipe", "pipe_diameter_mm": 300.0, "diameter_source": "legend_colour", "diameter_candidates_mm": null, "label_diameter_mm": 300.0, "label_agrees": true, "scheme": null, "flow_arrow": "end" }, "geometry": { "type": "LineString", "coordinates": [ [ 88.400493699101986, 22.491336516464116 ], [ 88.400319727581774, 22.491344897494198 ], [ 88.400219746465922, 22.491345758525576 ], [ 88.400097582133469, 22.491350251766946 ], [ 88.400005041964675, 22.491354489845754 ], [ 88.399753307348348, 22.491363539811037 ], [ 88.399594112889289, 22.491368351593621 ], [ 88.399494166629324, 22.491372653129606 ], [ 88.39936089314628, 22.491377241431586 ] ] } },
{ "type": "Feature", "properties": { "ward": 109, "source_sheet": "109_Haltu.pdf p1", "source": "KMC ward sewerage network map (ArcMap GeoPDF)", "extraction_method": "geopdf_vector", "georef_max_residual_m": 0.3, "conduit_type": "pipe", "pipe_diameter_mm": 300.0, "diameter_source": "legend_colour", "diameter_candidates_mm": null, "label_diameter_mm": 300.0, "label_agrees": true, "scheme": null, "flow_arrow": "end" }, "geometry": { "type": "LineString", "coordinates": [ [ 88.400407865563636, 22.491636649377384 ], [ 88.400252373881273, 22.49164142978788 ], [ 88.400130209293707, 22.491645923210385 ], [ 88.400045074990658, 22.49165009754703 ], [ 88.399874771139025, 22.491655005135598 ], [ 88.399760012725963, 22.491659434513988 ], [ 88.39967858126856, 22.491663576780297 ], [ 88.399482391205595, 22.491672148188616 ], [ 88.399375003755679, 22.491673072452866 ], [ 88.399223214970334, 22.491677820003712 ], [ 88.39904547020096, 22.491679349496131 ], [ 88.398904755587324, 22.491680560205285 ], [ 88.398789962038961, 22.491681547798489 ], [ 88.398664094270572, 22.491686071969969 ], [ 88.398586330883731, 22.491686740877729 ], [ 88.398441913201552, 22.491687983035121 ], [ 88.398249425971798, 22.491696520955351 ], [ 88.397997725329247, 22.491709009170087 ], [ 88.398097637215727, 22.491701267590926 ], [ 88.397882966578877, 22.491713437217921 ], [ 88.397790426026674, 22.491717674040093 ], [ 88.397646043123402, 22.491722356585779 ], [ 88.397460961813636, 22.491730829907702 ], [ 88.397312910682246, 22.491738984939108 ], [ 88.39723514722094, 22.491739653196454 ] ] } },
{ "type": "Feature", "properties": { "ward": 109, "source_sheet": "109_Haltu.pdf p1", "source": "KMC ward sewerage network map (ArcMap GeoPDF)", "extraction_method": "geopdf_vector", "georef_max_residual_m": 0.3, "conduit_type": "pipe", "pipe_diameter_mm": 300.0, "diameter_source": "legend_colour", "diameter_candidates_mm": null, "label_diameter_mm": 300.0, "label_agrees": true, "scheme": null, "flow_arrow": "end" }, "geometry": { "type": "LineString", "coordinates": [ [ 88.397934704315176, 22.491702668497442 ], [ 88.397906349987622, 22.491097241908477 ], [ 88.39790177535879, 22.491011248544996 ], [ 88.397896433730807, 22.490849552991872 ] ] } },
{ "type": "Feature", "properties": { "ward": 109, "source_sheet": "109_Haltu.pdf p1", "source": "KMC ward sewerage network map (ArcMap GeoPDF)", "extraction_method": "geopdf_vector", "georef_max_residual_m": 0.3, "conduit_type": "pipe", "pipe_diameter_mm": 300.0, "diameter_source": "legend_colour", "diameter_candidates_mm": null, "label_diameter_mm": 300.0, "label_agrees": true, "scheme": null, "flow_arrow": "end" }, "geometry": { "type": "LineString", "coordinates": [ [ 88.39860474140113, 22.491676258608241 ], [ 88.398589585968224, 22.49127719720272 ], [ 88.398584592326898, 22.491149911701946 ], [ 88.398579563820974, 22.49101918524325 ], [ 88.398574430689635, 22.490878135772196 ], [ 88.398555427462327, 22.490830120929484 ], [ 88.398514659622691, 22.490827030318762 ] ] } },
{ "type": "Feature", "properties": { "ward": 109, "source_sheet": "109_Haltu.pdf p1", "source": "KMC ward sewerage network map (ArcMap GeoPDF)", "extraction_method": "geopdf_vector", "georef_max_residual_m": 0.3, "conduit_type": "pipe", "pipe_diameter_mm": 300.0, "diameter_source": "legend_colour", "diameter_candidates_mm": null, "label_diameter_mm": 300.0, "label_agrees": true, "scheme": null, "flow_arrow": "end" }, "geometry": { "type": "LineString", "coordinates": [ [ 88.400045074990658, 22.49165009754703 ], [ 88.400028064831091, 22.491068663244313 ], [ 88.400014371968496, 22.490814124483308 ], [ 88.400054720809436, 22.49077592270017 ] ] } },
{ "type": "Feature", "properties": { "ward": 109, "source_sheet": "109_Haltu.pdf p1", "source": "KMC ward sewerage network map (ArcMap GeoPDF)", "extraction_method": "geopdf_vector", "georef_max_residual_m": 0.3, "conduit_type": "pipe", "pipe_diameter_mm": 300.0, "diameter_source": "legend_colour", "diameter_candidates_mm": null, "label_diameter_mm": 300.0, "label_agrees": true, "scheme": null, "flow_arrow": "end" }, "geometry": { "type": "LineString", "coordinates": [ [ 88.396603203693061, 22.490041633829595 ], [ 88.396470279520088, 22.490080629842971 ], [ 88.396270910752449, 22.490140844141731 ], [ 88.396141689374005, 22.490179808096279 ], [ 88.396045620817063, 22.490201280888815 ] ] } },
{ "type": "Feature", "properties": { "ward": 109, "source_sheet": "109_Haltu.pdf p1", "source": "KMC ward sewerage network map (ArcMap GeoPDF)", "extraction_method": "geopdf_vector", "georef_max_residual_m": 0.3, "conduit_type": "pipe", "pipe_diameter_mm": 300.0, "diameter_source": "legend_colour", "diameter_candidates_mm": null, "label_diameter_mm": 300.0, "label_agrees": true, "scheme": null, "flow_arrow": "end" }, "geometry": { "type": "LineString", "coordinates": [ [ 88.396130592580391, 22.489815124395204 ], [ 88.396012445603603, 22.489850551894957 ], [ 88.39593859502547, 22.489871833727985 ], [ 88.395887066800626, 22.489903247970684 ] ] } },
{ "type": "Feature", "properties": { "ward": 109, "source_sheet": "109_Haltu.pdf p1", "source": "KMC ward sewerage network map (ArcMap GeoPDF)", "extraction_method": "geopdf_vector", "georef_max_residual_m": 0.3, "conduit_type": "pipe", "pipe_diameter_mm": 300.0, "diameter_source": "legend_colour", "diameter_candidates_mm": null, "label_diameter_mm": 300.0, "label_agrees": true, "scheme": null, "flow_arrow": "end" }, "geometry": { "type": "LineString", "coordinates": [ [ 88.400686325503841, 22.490247404529295 ], [ 88.400564232027932, 22.490258780124051 ], [ 88.400345896103744, 22.49027442575796 ], [ 88.400120189044799, 22.490293575966053 ], [ 88.399968471657573, 22.490305206192474 ], [ 88.399764982436281, 22.490324164615107 ], [ 88.399620670957617, 22.490335730762503 ], [ 88.399483765439669, 22.490347233040417 ], [ 88.399328344908938, 22.490358894540375 ], [ 88.399165518350344, 22.49037061976227 ], [ 88.399024909739992, 22.490382153517348 ], [ 88.398880598100845, 22.490393719007916 ], [ 88.398717806318729, 22.490408884593254 ], [ 88.398584568729078, 22.490416913305467 ], [ 88.398410668024127, 22.490432174132472 ] ] } },
{ "type": "Feature", "properties": { "ward": 109, "source_sheet": "109_Haltu.pdf p1", "source": "KMC ward sewerage network map (ArcMap GeoPDF)", "extraction_method": "geopdf_vector", "georef_max_residual_m": 0.3, "conduit_type": "pipe", "pipe_diameter_mm": 300.0, "diameter_source": "legend_colour", "diameter_candidates_mm": null, "label_diameter_mm": 300.0, "label_agrees": true, "scheme": null, "flow_arrow": "end" }, "geometry": { "type": "LineString", "coordinates": [ [ 88.399724950549171, 22.490028556747326 ], [ 88.399741123920066, 22.490162628601301 ], [ 88.399756982993736, 22.490265731292283 ], [ 88.399764982436281, 22.490324164615107 ], [ 88.399832646060446, 22.490788158612695 ], [ 88.399832680971599, 22.490791599566297 ] ] } },
{ "type": "Feature", "properties": { "ward": 109, "source_sheet": "109_Haltu.pdf p1", "source": "KMC ward sewerage network map (ArcMap GeoPDF)", "extraction_method": "geopdf_vector", "georef_max_residual_m": 0.3, "conduit_type": "pipe", "pipe_diameter_mm": 300.0, "diameter_source": "legend_colour", "diameter_candidates_mm": null, "label_diameter_mm": 300.0, "label_agrees": true, "scheme": null, "flow_arrow": "end" }, "geometry": { "type": "LineString", "coordinates": [ [ 88.397078568720758, 22.49053998162163 ], [ 88.397245063780375, 22.490524785714477 ], [ 88.397382004773803, 22.490516726276994 ], [ 88.39755960876542, 22.490501434722677 ], [ 88.397711326700787, 22.490489806743959 ], [ 88.397859341600252, 22.490478210457322 ], [ 88.39799624746216, 22.490466709546649 ], [ 88.398129450293467, 22.490455240360635 ], [ 88.398247841246643, 22.490443898291684 ], [ 88.398410668024127, 22.490432174132472 ] ] } },
{ "type": "Feature", "properties": { "ward": 109, "source_sheet": "109_Haltu.pdf p1", "source": "KMC ward sewerage network map (ArcMap GeoPDF)", "extraction_method": "geopdf_vector", "georef_max_residual_m": 0.3, "conduit_type": "pipe", "pipe_diameter_mm": 300.0, "diameter_source": "legend_colour", "diameter_candidates_mm": null, "label_diameter_mm": 300.0, "label_agrees": true, "scheme": null, "flow_arrow": "end" }, "geometry": { "type": "LineString", "coordinates": [ [ 88.395685652396168, 22.493421996441999 ], [ 88.395811417517265, 22.493407151638667 ], [ 88.395933514342261, 22.493395779490111 ], [ 88.396088903749842, 22.49338067998265 ], [ 88.396145076678337, 22.493442141267433 ] ] } },
{ "type": "Feature", "properties": { "ward": 109, "source_sheet": "109_Haltu.pdf p1", "source": "KMC ward sewerage network map (ArcMap GeoPDF)", "extraction_method": "geopdf_vector", "georef_max_residual_m": 0.3, "conduit_type": "pipe", "pipe_diameter_mm": 300.0, "diameter_source": "legend_colour", "diameter_candidates_mm": null, "label_diameter_mm": 300.0, "label_agrees": true, "scheme": null, "flow_arrow": "end" }, "geometry": { "type": "LineString", "coordinates": [ [ 88.398423395952577, 22.498994035975041 ], [ 88.398369806445004, 22.498822431783033 ], [ 88.398346191715461, 22.498684982673279 ], [ 88.39831475195993, 22.49850630526155 ], [ 88.398332674789629, 22.498447648933571 ] ] } },
{ "type": "Feature", "properties": { "ward": 109, "source_sheet": "109_Haltu.pdf p1", "source": "KMC ward sewerage network map (ArcMap GeoPDF)", "extraction_method": "geopdf_vector", "georef_max_residual_m": 0.3, "conduit_type": "pipe", "pipe_diameter_mm": 300.0, "diameter_source": "legend_colour", "diameter_candidates_mm": null, "label_diameter_mm": 300.0, "label_agrees": true, "scheme": null, "flow_arrow": "end" }, "geometry": { "type": "LineString", "coordinates": [ [ 88.396665208706992, 22.497629187592501 ], [ 88.396402910064694, 22.497693384358488 ], [ 88.396048031653848, 22.497758375921403 ], [ 88.395992623141126, 22.497772617050234 ], [ 88.395933650877438, 22.497800653784005 ] ] } },
{ "type": "Feature", "properties": { "ward": 109, "source_sheet": "109_Haltu.pdf p1", "source": "KMC ward sewerage network map (ArcMap GeoPDF)", "extraction_method": "geopdf_vector", "georef_max_residual_m": 0.3, "conduit_type": "pipe", "pipe_diameter_mm": 300.0, "diameter_source": "legend_colour", "diameter_candidates_mm": null, "label_diameter_mm": 300.0, "label_agrees": true, "scheme": null, "flow_arrow": "end" }, "geometry": { "type": "LineString", "coordinates": [ [ 88.396592026034483, 22.497351070376862 ], [ 88.396543919597292, 22.497354924903469 ], [ 88.396414378333617, 22.49736292034579 ], [ 88.396325536973279, 22.49736712485171 ], [ 88.396210912773014, 22.497385315769709 ], [ 88.396074278538336, 22.497424343587724 ], [ 88.39598568091219, 22.497452634890394 ] ] } },
{ "type": "Feature", "properties": { "ward": 109, "source_sheet": "109_Haltu.pdf p1", "source": "KMC ward sewerage network map (ArcMap GeoPDF)", "extraction_method": "geopdf_vector", "georef_max_residual_m": 0.3, "conduit_type": "pipe", "pipe_diameter_mm": 300.0, "diameter_source": "legend_colour", "diameter_candidates_mm": null, "label_diameter_mm": 300.0, "label_agrees": true, "scheme": null, "flow_arrow": "end" }, "geometry": { "type": "LineString", "coordinates": [ [ 88.395376711145758, 22.489240013577003 ], [ 88.39567665056174, 22.489237439539487 ], [ 88.395939595334909, 22.4892386239278 ], [ 88.396235831858419, 22.489236080636406 ] ] } },
{ "type": "Feature", "properties": { "ward": 109, "source_sheet": "109_Haltu.pdf p1", "source": "KMC ward sewerage network map (ArcMap GeoPDF)", "extraction_method": "geopdf_vector", "georef_max_residual_m": 0.3, "conduit_type": "pipe", "pipe_diameter_mm": 300.0, "diameter_source": "legend_colour", "diameter_candidates_mm": null, "label_diameter_mm": 300.0, "label_agrees": true, "scheme": null, "flow_arrow": "end" }, "geometry": { "type": "LineString", "coordinates": [ [ 88.398550440446016, 22.488145942970764 ], [ 88.398527100783056, 22.488400800552402 ], [ 88.398524478973926, 22.488507503771714 ], [ 88.398501766998862, 22.488824299563305 ], [ 88.39849666286544, 22.48905146981712 ], [ 88.398502667644962, 22.489278544525366 ], [ 88.398526489645263, 22.489436639864568 ], [ 88.398554154353491, 22.489608467312173 ], [ 88.398602641551008, 22.489642463410682 ] ] } },
{ "type": "Feature", "properties": { "ward": 109, "source_sheet": "109_Haltu.pdf p1", "source": "KMC ward sewerage network map (ArcMap GeoPDF)", "extraction_method": "geopdf_vector", "georef_max_residual_m": 0.3, "conduit_type": "pipe", "pipe_diameter_mm": 300.0, "diameter_source": "legend_colour", "diameter_candidates_mm": null, "label_diameter_mm": 300.0, "label_agrees": true, "scheme": null, "flow_arrow": "end" }, "geometry": { "type": "LineString", "coordinates": [ [ 88.395309132769015, 22.488782898894613 ], [ 88.395464691313919, 22.488785005472597 ], [ 88.395627655774703, 22.488787048196752 ], [ 88.395823946566395, 22.488788804700413 ], [ 88.396072113607261, 22.488793557011999 ] ] } },
{ "type": "Feature", "properties": { "ward": 109, "source_sheet": "109_Haltu.pdf p1", "source": "KMC ward sewerage network map (ArcMap GeoPDF)", "extraction_method": "geopdf_vector", "georef_max_residual_m": 0.3, "conduit_type": "pipe", "pipe_diameter_mm": 300.0, "diameter_source": "legend_colour", "diameter_candidates_mm": null, "label_diameter_mm": 300.0, "label_agrees": true, "scheme": null, "flow_arrow": "end" }, "geometry": { "type": "LineString", "coordinates": [ [ 88.395130675814073, 22.48834738341051 ], [ 88.395430648290542, 22.488348250888077 ], [ 88.395638047321725, 22.488349912324558 ], [ 88.395849149292374, 22.48835154185263 ], [ 88.396071360095704, 22.488353075591728 ], [ 88.396263912635888, 22.488351422418653 ], [ 88.396334303161012, 22.488354259277337 ] ] } },
{ "type": "Feature", "properties": { "ward": 109, "source_sheet": "109_Haltu.pdf p1", "source": "KMC ward sewerage network map (ArcMap GeoPDF)", "extraction_method": "geopdf_vector", "georef_max_residual_m": 0.3, "conduit_type": "pipe", "pipe_diameter_mm": 300.0, "diameter_source": "legend_colour", "diameter_candidates_mm": null, "label_diameter_mm": 300.0, "label_agrees": true, "scheme": null, "flow_arrow": "end" }, "geometry": { "type": "LineString", "coordinates": [ [ 88.396072113607261, 22.488793557011999 ], [ 88.396167171491584, 22.488672294978876 ], [ 88.396314557900624, 22.488598762064953 ] ] } },
{ "type": "Feature", "properties": { "ward": 109, "source_sheet": "109_Haltu.pdf p1", "source": "KMC ward sewerage network map (ArcMap GeoPDF)", "extraction_method": "geopdf_vector", "georef_max_residual_m": 0.3, "conduit_type": "pipe", "pipe_diameter_mm": 300.0, "diameter_source": "legend_colour", "diameter_candidates_mm": null, "label_diameter_mm": 300.0, "label_agrees": true, "scheme": null, "flow_arrow": "end" }, "geometry": { "type": "LineString", "coordinates": [ [ 88.396072113607261, 22.488793557011999 ], [ 88.396158465024058, 22.488909820315151 ], [ 88.396251874471375, 22.488991609658981 ] ] } },
{ "type": "Feature", "properties": { "ward": 109, "source_sheet": "109_Haltu.pdf p1", "source": "KMC ward sewerage network map (ArcMap GeoPDF)", "extraction_method": "geopdf_vector", "georef_max_residual_m": 0.3, "conduit_type": "pipe", "pipe_diameter_mm": 300.0, "diameter_source": "legend_colour", "diameter_candidates_mm": null, "label_diameter_mm": 300.0, "label_agrees": true, "scheme": null, "flow_arrow": "end" }, "geometry": { "type": "LineString", "coordinates": [ [ 88.398949499565731, 22.486962141442564 ], [ 88.399051500973997, 22.487160859838543 ], [ 88.399205273592401, 22.48735225020301 ] ] } },
{ "type": "Feature", "properties": { "ward": 109, "source_sheet": "109_Haltu.pdf p1", "source": "KMC ward sewerage network map (ArcMap GeoPDF)", "extraction_method": "geopdf_vector", "georef_max_residual_m": 0.3, "conduit_type": "pipe", "pipe_diameter_mm": 300.0, "diameter_source": "legend_colour", "diameter_candidates_mm": null, "label_diameter_mm": 300.0, "label_agrees": true, "scheme": null, "flow_arrow": "end" }, "geometry": { "type": "LineString", "coordinates": [ [ 88.408805282000174, 22.494730097344544 ], [ 88.408747438300622, 22.494868250483883 ], [ 88.408567005988616, 22.494969611579162 ], [ 88.408490014022874, 22.495045987163362 ], [ 88.40842427182541, 22.495136030366233 ], [ 88.408381591200822, 22.495308465028213 ], [ 88.408378801487359, 22.495397962814632 ] ] } },
{ "type": "Feature", "properties": { "ward": 109, "source_sheet": "109_Haltu.pdf p1", "source": "KMC ward sewerage network map (ArcMap GeoPDF)", "extraction_method": "geopdf_vector", "georef_max_residual_m": 0.3, "conduit_type": "pipe", "pipe_diameter_mm": 300.0, "diameter_source": "legend_colour", "diameter_candidates_mm": null, "label_diameter_mm": 300.0, "label_agrees": true, "scheme": null, "flow_arrow": "end" }, "geometry": { "type": "LineString", "coordinates": [ [ 88.405502371213018, 22.49369188352776 ], [ 88.405486038631423, 22.49317927100989 ] ] } },
{ "type": "Feature", "properties": { "ward": 109, "source_sheet": "109_Haltu.pdf p1", "source": "KMC ward sewerage network map (ArcMap GeoPDF)", "extraction_method": "geopdf_vector", "georef_max_residual_m": 0.3, "conduit_type": "pipe", "pipe_diameter_mm": 400.0, "diameter_source": "legend_colour", "diameter_candidates_mm": null, "label_diameter_mm": 400.0, "label_agrees": true, "scheme": null, "flow_arrow": "end" }, "geometry": { "type": "LineString", "coordinates": [ [ 88.407058499129732, 22.49303490026054 ], [ 88.407027155267329, 22.492866547903734 ], [ 88.407018696379538, 22.49276338215828 ], [ 88.407006394249052, 22.492646484543783 ], [ 88.406997865215587, 22.492536436765157 ], [ 88.406989616932577, 22.492453916952538 ], [ 88.40696627593951, 22.492343997493542 ], [ 88.406942724293174, 22.492213431944197 ], [ 88.406919313208235, 22.492096630299397 ], [ 88.406918611427216, 22.492027810444249 ], [ 88.406910152707482, 22.491924644675965 ], [ 88.406901448386691, 22.491797391876208 ], [ 88.406855328092405, 22.491632608550873 ] ] } },
{ "type": "Feature", "properties": { "ward": 109, "source_sheet": "109_Haltu.pdf p1", "source": "KMC ward sewerage network map (ArcMap GeoPDF)", "extraction_method": "geopdf_vector", "georef_max_residual_m": 0.3, "conduit_type": "pipe", "pipe_diameter_mm": 400.0, "diameter_source": "legend_colour", "diameter_candidates_mm": null, "label_diameter_mm": 400.0, "label_agrees": true, "scheme": null, "flow_arrow": "end" }, "geometry": { "type": "LineString", "coordinates": [ [ 88.406855328092405, 22.491632608550873 ], [ 88.406786077785029, 22.491378551634703 ], [ 88.406747890061112, 22.491265319184389 ], [ 88.406713475575614, 22.491158936712271 ], [ 88.40667909622799, 22.491055995172111 ] ] } },
{ "type": "Feature", "properties": { "ward": 109, "source_sheet": "109_Haltu.pdf p1", "source": "KMC ward sewerage network map (ArcMap GeoPDF)", "extraction_method": "geopdf_vector", "georef_max_residual_m": 0.3, "conduit_type": "pipe", "pipe_diameter_mm": 300.0, "diameter_source": "legend_colour", "diameter_candidates_mm": null, "label_diameter_mm": 300.0, "label_agrees": true, "scheme": null, "flow_arrow": "end" }, "geometry": { "type": "LineString", "coordinates": [ [ 88.406777705348858, 22.491647045467808 ], [ 88.406655646658166, 22.491661866656337 ], [ 88.406518810934287, 22.491680256977961 ], [ 88.406308020117891, 22.491709610763241 ], [ 88.406115709241604, 22.491735363209081 ], [ 88.406048669407056, 22.491698088685677 ], [ 88.40593771947384, 22.491712813266957 ], [ 88.405808254554529, 22.491727698005938 ], [ 88.405697304562636, 22.491742422424092 ], [ 88.405586354544297, 22.491757146910391 ], [ 88.405523473397565, 22.491764573005725 ], [ 88.405464295422988, 22.49177196720882 ], [ 88.405368122396268, 22.491783122417623 ], [ 88.405246063220758, 22.49179794269638 ] ] } },
{ "type": "Feature", "properties": { "ward": 109, "source_sheet": "109_Haltu.pdf p1", "source": "KMC ward sewerage network map (ArcMap GeoPDF)", "extraction_method": "geopdf_vector", "georef_max_residual_m": 0.3, "conduit_type": "pipe", "pipe_diameter_mm": 300.0, "diameter_source": "legend_colour", "diameter_candidates_mm": null, "label_diameter_mm": 300.0, "label_agrees": true, "scheme": null, "flow_arrow": "end" }, "geometry": { "type": "LineString", "coordinates": [ [ 88.406128951213887, 22.492671282206611 ], [ 88.405947432521813, 22.492665969371057 ], [ 88.405814298737027, 22.492684327124849 ], [ 88.40569227390327, 22.492702588722203 ], [ 88.405551733938282, 22.492721010295554 ], [ 88.405414896977845, 22.492739399594505 ] ] } },
{ "type": "Feature", "properties": { "ward": 109, "source_sheet": "109_Haltu.pdf p1", "source": "KMC ward sewerage network map (ArcMap GeoPDF)", "extraction_method": "geopdf_vector", "georef_max_residual_m": 0.3, "conduit_type": "pipe", "pipe_diameter_mm": 300.0, "diameter_source": "legend_colour", "diameter_candidates_mm": null, "label_diameter_mm": 300.0, "label_agrees": true, "scheme": null, "flow_arrow": "end" }, "geometry": { "type": "LineString", "coordinates": [ [ 88.406115709241604, 22.491735363209081 ], [ 88.406123711457482, 22.49179379606511 ], [ 88.406139786053231, 22.491917543804664 ], [ 88.406155895600818, 22.49204473262774 ], [ 88.406164178423111, 22.492130693457327 ], [ 88.406146224534723, 22.492185909547537 ], [ 88.40605015635164, 22.492207388150877 ], [ 88.405909652012866, 22.492229250953539 ], [ 88.405795033664901, 22.492247448566502 ], [ 88.405658232270198, 22.492269279135456 ], [ 88.405517727789089, 22.492291141745834 ], [ 88.405406812360297, 22.492309306932164 ], [ 88.405340228068496, 22.492316765120282 ] ] } },
{ "type": "Feature", "properties": { "ward": 109, "source_sheet": "109_Haltu.pdf p1", "source": "KMC ward sewerage network map (ArcMap GeoPDF)", "extraction_method": "geopdf_vector", "georef_max_residual_m": 0.3, "conduit_type": "pipe", "pipe_diameter_mm": 300.0, "diameter_source": "legend_colour", "diameter_candidates_mm": null, "label_diameter_mm": 300.0, "label_agrees": true, "scheme": null, "flow_arrow": "end" }, "geometry": { "type": "LineString", "coordinates": [ [ 88.40712410198681, 22.492204979631222 ], [ 88.407151040979869, 22.492304544186712 ], [ 88.407178120244808, 22.492417872647408 ], [ 88.407193458693357, 22.492469359293533 ], [ 88.407205129364769, 22.492524319072466 ] ] } },
{ "type": "Feature", "properties": { "ward": 109, "source_sheet": "109_Haltu.pdf p1", "source": "KMC ward sewerage network map (ArcMap GeoPDF)", "extraction_method": "geopdf_vector", "georef_max_residual_m": 0.3, "conduit_type": "pipe", "pipe_diameter_mm": 300.0, "diameter_source": "legend_colour", "diameter_candidates_mm": null, "label_diameter_mm": 300.0, "label_agrees": true, "scheme": null, "flow_arrow": "end" }, "geometry": { "type": "LineString", "coordinates": [ [ 88.407601562406072, 22.491815421244468 ], [ 88.407464761806693, 22.491837253312436 ], [ 88.407364921042017, 22.491851882705483 ], [ 88.406984107652264, 22.49191368081965 ], [ 88.406910152707482, 22.491924644675965 ] ] } },
{ "type": "Feature", "properties": { "ward": 109, "source_sheet": "109_Haltu.pdf p1", "source": "KMC ward sewerage network map (ArcMap GeoPDF)", "extraction_method": "geopdf_vector", "georef_max_residual_m": 0.3, "conduit_type": "pipe", "pipe_diameter_mm": 300.0, "diameter_source": "legend_colour", "diameter_candidates_mm": null, "label_diameter_mm": 300.0, "label_agrees": true, "scheme": null, "flow_arrow": "end" }, "geometry": { "type": "LineString", "coordinates": [ [ 88.406539991904452, 22.491941612508452 ], [ 88.406713963242339, 22.491933224743807 ], [ 88.406850904594492, 22.491925157359187 ], [ 88.406910152707482, 22.491924644675965 ] ] } },
{ "type": "Feature", "properties": { "ward": 109, "source_sheet": "109_Haltu.pdf p1", "source": "KMC ward sewerage network map (ArcMap GeoPDF)", "extraction_method": "geopdf_vector", "georef_max_residual_m": 0.3, "conduit_type": "pipe", "pipe_diameter_mm": 300.0, "diameter_source": "legend_colour", "diameter_candidates_mm": null, "label_diameter_mm": 300.0, "label_agrees": true, "scheme": null, "flow_arrow": "end" }, "geometry": { "type": "LineString", "coordinates": [ [ 88.407364921042017, 22.491851882705483 ], [ 88.407399336221786, 22.491958265138663 ], [ 88.407433821661144, 22.49207152944404 ], [ 88.407487348720323, 22.492236248439568 ], [ 88.407514182663093, 22.492325489808824 ], [ 88.407548598092319, 22.492431872048829 ], [ 88.407571553394845, 22.492503940612327 ] ] } },
{ "type": "Feature", "properties": { "ward": 109, "source_sheet": "109_Haltu.pdf p1", "source": "KMC ward sewerage network map (ArcMap GeoPDF)", "extraction_method": "geopdf_vector", "georef_max_residual_m": 0.3, "conduit_type": "pipe", "pipe_diameter_mm": 300.0, "diameter_source": "legend_colour", "diameter_candidates_mm": null, "label_diameter_mm": 300.0, "label_agrees": true, "scheme": null, "flow_arrow": "end" }, "geometry": { "type": "LineString", "coordinates": [ [ 88.407524307858267, 22.491502931827661 ], [ 88.407361656795729, 22.491531870217781 ], [ 88.407280366255748, 22.491549780367137 ], [ 88.407191634563958, 22.491564313489974 ], [ 88.406855328092405, 22.491632608550873 ] ] } },
{ "type": "Feature", "properties": { "ward": 109, "source_sheet": "109_Haltu.pdf p1", "source": "KMC ward sewerage network map (ArcMap GeoPDF)", "extraction_method": "geopdf_vector", "georef_max_residual_m": 0.3, "conduit_type": "pipe", "pipe_diameter_mm": 300.0, "diameter_source": "legend_colour", "diameter_candidates_mm": null, "label_diameter_mm": 300.0, "label_agrees": true, "scheme": null, "flow_arrow": "end" }, "geometry": { "type": "LineString", "coordinates": [ [ 88.407213625012915, 22.491178697710588 ], [ 88.407233122560456, 22.491274885429537 ], [ 88.407256639014221, 22.491402009860941 ], [ 88.407276417560283, 22.491525725392631 ], [ 88.407280366255748, 22.491549780367137 ] ] } },
{ "type": "Feature", "properties": { "ward": 109, "source_sheet": "109_Haltu.pdf p1", "source": "KMC ward sewerage network map (ArcMap GeoPDF)", "extraction_method": "geopdf_vector", "georef_max_residual_m": 0.3, "conduit_type": "pipe", "pipe_diameter_mm": 450.0, "diameter_source": "legend_colour", "diameter_candidates_mm": null, "label_diameter_mm": 450.0, "label_agrees": true, "scheme": null, "flow_arrow": "end" }, "geometry": { "type": "LineString", "coordinates": [ [ 88.410026014158817, 22.492782064826454 ], [ 88.410054301983308, 22.492651050257148 ], [ 88.410060758536474, 22.492558079272424 ], [ 88.410067144750556, 22.49245822641139 ], [ 88.410076460149725, 22.492282639512428 ], [ 88.41008270568085, 22.492169022610625 ], [ 88.410103095118913, 22.491989898416833 ], [ 88.410127081876681, 22.49180041900286 ], [ 88.410129659521999, 22.491690275294321 ], [ 88.410128569322026, 22.491583604496189 ], [ 88.410096167217532, 22.491312023159342 ], [ 88.410064995898168, 22.49116087650679 ], [ 88.41003375448129, 22.491002847820482 ], [ 88.409995001671518, 22.490834560388588 ], [ 88.409953038242989, 22.490714478908973 ], [ 88.409937452891114, 22.490638905556192 ] ] } },
{ "type": "Feature", "properties": { "ward": 109, "source_sheet": "109_Haltu.pdf p1", "source": "KMC ward sewerage network map (ArcMap GeoPDF)", "extraction_method": "geopdf_vector", "georef_max_residual_m": 0.3, "conduit_type": "pipe", "pipe_diameter_mm": 300.0, "diameter_source": "legend_colour", "diameter_candidates_mm": null, "label_diameter_mm": 300.0, "label_agrees": true, "scheme": null, "flow_arrow": "end" }, "geometry": { "type": "LineString", "coordinates": [ [ 88.409933457573047, 22.490972745987946 ], [ 88.409748519471478, 22.490994997380408 ], [ 88.409626461644635, 22.491009820776839 ], [ 88.409533992621917, 22.491020946468204 ], [ 88.409367569205983, 22.491043036916874 ], [ 88.409271397130979, 22.491054194415064 ], [ 88.409193704738854, 22.491061750445162 ], [ 88.408997692487532, 22.491087538211673 ], [ 88.408786868298577, 22.491113454228298 ], [ 88.408642592363108, 22.491128469400302 ], [ 88.408527940259717, 22.491143227954844 ], [ 88.408398511236769, 22.491161555677262 ], [ 88.408232017317857, 22.491176762943667 ], [ 88.408065558314973, 22.491195411125798 ], [ 88.407943465100416, 22.491206792322181 ], [ 88.4078509956, 22.49121791691881 ], [ 88.40771412542081, 22.491232867284566 ], [ 88.407599437988907, 22.491244184102293 ], [ 88.40754026038816, 22.491251578908098 ] ] } },
{ "type": "Feature", "properties": { "ward": 109, "source_sheet": "109_Haltu.pdf p1", "source": "KMC ward sewerage network map (ArcMap GeoPDF)", "extraction_method": "geopdf_vector", "georef_max_residual_m": 0.3, "conduit_type": "pipe", "pipe_diameter_mm": 300.0, "diameter_source": "legend_colour", "diameter_candidates_mm": null, "label_diameter_mm": 300.0, "label_agrees": true, "scheme": null, "flow_arrow": "end" }, "geometry": { "type": "LineString", "coordinates": [ [ 88.408590124429367, 22.491793094372742 ], [ 88.408585121764972, 22.49166580980047 ], [ 88.408580505382957, 22.491576376000641 ], [ 88.408575889010265, 22.49148694219943 ], [ 88.408541789237063, 22.491411529089259 ], [ 88.408500915772947, 22.491398118061088 ], [ 88.408456304179865, 22.491381298016552 ], [ 88.408429434888347, 22.491288615730358 ], [ 88.408398511236769, 22.491161555677262 ], [ 88.408375239665574, 22.491058518332924 ], [ 88.408326012022641, 22.49095226442326 ], [ 88.408273503064621, 22.490887334575223 ] ] } },
{ "type": "Feature", "properties": { "ward": 109, "source_sheet": "109_Haltu.pdf p1", "source": "KMC ward sewerage network map (ArcMap GeoPDF)", "extraction_method": "geopdf_vector", "georef_max_residual_m": 0.3, "conduit_type": "pipe", "pipe_diameter_mm": 300.0, "diameter_source": "legend_colour", "diameter_candidates_mm": null, "label_diameter_mm": 300.0, "label_agrees": true, "scheme": null, "flow_arrow": "end" }, "geometry": { "type": "LineString", "coordinates": [ [ 88.408500915772947, 22.491398118061088 ], [ 88.408334772665995, 22.491447735429112 ], [ 88.40820160535047, 22.491462654141856 ], [ 88.408098026827716, 22.491473875103708 ], [ 88.407979636232824, 22.491485224270566 ], [ 88.407853874697409, 22.491500078422277 ], [ 88.407717004242841, 22.49151502880418 ], [ 88.407598613565426, 22.491526377694345 ] ] } },
{ "type": "Feature", "properties": { "ward": 109, "source_sheet": "109_Haltu.pdf p1", "source": "KMC ward sewerage network map (ArcMap GeoPDF)", "extraction_method": "geopdf_vector", "georef_max_residual_m": 0.3, "conduit_type": "pipe", "pipe_diameter_mm": 300.0, "diameter_source": "legend_colour", "diameter_candidates_mm": null, "label_diameter_mm": 300.0, "label_agrees": true, "scheme": null, "flow_arrow": "end" }, "geometry": { "type": "LineString", "coordinates": [ [ 88.409898023117734, 22.491854025037355 ], [ 88.409775823928456, 22.491855084686339 ], [ 88.409620297859234, 22.49185643319499 ], [ 88.409509207714336, 22.491857396324381 ], [ 88.409342537260287, 22.491855399936579 ], [ 88.409149980952776, 22.491857068980572 ], [ 88.40896483066949, 22.491858673613468 ], [ 88.408898176594235, 22.491859251229002 ], [ 88.408742685440544, 22.49186403983229 ], [ 88.408624189357894, 22.491865066521626 ], [ 88.408479807085328, 22.491869758624357 ], [ 88.408309503946398, 22.491874675270402 ], [ 88.408161453886649, 22.491882840103887 ], [ 88.408024477758275, 22.491887467797639 ], [ 88.407846803614902, 22.491895888892337 ], [ 88.407721006583827, 22.491907302161309 ] ] } },
{ "type": "Feature", "properties": { "ward": 109, "source_sheet": "109_Haltu.pdf p1", "source": "KMC ward sewerage network map (ArcMap GeoPDF)", "extraction_method": "geopdf_vector", "georef_max_residual_m": 0.3, "conduit_type": "pipe", "pipe_diameter_mm": 300.0, "diameter_source": "legend_colour", "diameter_candidates_mm": null, "label_diameter_mm": 300.0, "label_agrees": true, "scheme": null, "flow_arrow": "end" }, "geometry": { "type": "LineString", "coordinates": [ [ 88.410027230903765, 22.492176386225786 ], [ 88.409864227958337, 22.49217091734414 ], [ 88.409745661198713, 22.492165062852713 ], [ 88.409612282485313, 22.492159336696638 ], [ 88.409523374961324, 22.492156666273619 ], [ 88.409379098069223, 22.492171682154751 ], [ 88.40919020921153, 22.492169878229422 ], [ 88.409056865632095, 22.49216759269525 ], [ 88.408934666123187, 22.492168651720565 ], [ 88.40855695861589, 22.492171924485088 ], [ 88.408186657100103, 22.492175132218648 ], [ 88.408031200799229, 22.492183361093847 ], [ 88.407886853413814, 22.492191493766001 ], [ 88.407816531227212, 22.492195543949837 ] ] } },
{ "type": "Feature", "properties": { "ward": 109, "source_sheet": "109_Haltu.pdf p1", "source": "KMC ward sewerage network map (ArcMap GeoPDF)", "extraction_method": "geopdf_vector", "georef_max_residual_m": 0.3, "conduit_type": "pipe", "pipe_diameter_mm": 300.0, "diameter_source": "legend_colour", "diameter_candidates_mm": null, "label_diameter_mm": 300.0, "label_agrees": true, "scheme": null, "flow_arrow": "end" }, "geometry": { "type": "LineString", "coordinates": [ [ 88.409385251023338, 22.491686406146215 ], [ 88.409335424861823, 22.491521655777429 ], [ 88.409277982091751, 22.491336323654089 ], [ 88.40926257258721, 22.491277955211672 ], [ 88.409247338821785, 22.491236791607449 ], [ 88.409243460247467, 22.49121961886161 ], [ 88.409212817032483, 22.491120086804418 ], [ 88.409193704738854, 22.491061750445162 ] ] } },
{ "type": "Feature", "properties": { "ward": 109, "source_sheet": "109_Haltu.pdf p1", "source": "KMC ward sewerage network map (ArcMap GeoPDF)", "extraction_method": "geopdf_vector", "georef_max_residual_m": 0.3, "conduit_type": "pipe", "pipe_diameter_mm": 300.0, "diameter_source": "legend_colour", "diameter_candidates_mm": null, "label_diameter_mm": 300.0, "label_agrees": true, "scheme": null, "flow_arrow": "end" }, "geometry": { "type": "LineString", "coordinates": [ [ 88.409239674200762, 22.491574105118538 ], [ 88.409128619406786, 22.491578509056932 ], [ 88.409017529460172, 22.49157947183609 ], [ 88.408862038629593, 22.491584260538492 ], [ 88.408706547780866, 22.491589049234737 ], [ 88.408580505382957, 22.491576376000641 ] ] } },
{ "type": "Feature", "properties": { "ward": 109, "source_sheet": "109_Haltu.pdf p1", "source": "KMC ward sewerage network map (ArcMap GeoPDF)", "extraction_method": "geopdf_vector", "georef_max_residual_m": 0.3, "conduit_type": "pipe", "pipe_diameter_mm": 300.0, "diameter_source": "legend_colour", "diameter_candidates_mm": null, "label_diameter_mm": 300.0, "label_agrees": true, "scheme": null, "flow_arrow": "end" }, "geometry": { "type": "LineString", "coordinates": [ [ 88.408899609300789, 22.491274218244847 ], [ 88.408762774364931, 22.491292610438663 ], [ 88.408496439971955, 22.491322448301712 ], [ 88.408429434888347, 22.491288615730358 ] ] } },
{ "type": "Feature", "properties": { "ward": 109, "source_sheet": "109_Haltu.pdf p1", "source": "KMC ward sewerage network map (ArcMap GeoPDF)", "extraction_method": "geopdf_vector", "georef_max_residual_m": 0.3, "conduit_type": "pipe", "pipe_diameter_mm": 300.0, "diameter_source": "legend_colour", "diameter_candidates_mm": null, "label_diameter_mm": 300.0, "label_agrees": true, "scheme": null, "flow_arrow": "end" }, "geometry": { "type": "LineString", "coordinates": [ [ 88.408899609300789, 22.491274218244847 ], [ 88.409114171849509, 22.491251711059579 ], [ 88.409210344078318, 22.491240553647859 ], [ 88.409247338821785, 22.491236791607449 ] ] } },
{ "type": "Feature", "properties": { "ward": 109, "source_sheet": "109_Haltu.pdf p1", "source": "KMC ward sewerage network map (ArcMap GeoPDF)", "extraction_method": "geopdf_vector", "georef_max_residual_m": 0.3, "conduit_type": "pipe", "pipe_diameter_mm": 300.0, "diameter_source": "legend_colour", "diameter_candidates_mm": null, "label_diameter_mm": 300.0, "label_agrees": true, "scheme": null, "flow_arrow": "end" }, "geometry": { "type": "LineString", "coordinates": [ [ 88.410050922514301, 22.49123326581589 ], [ 88.409906681821511, 22.491251723200985 ], [ 88.409769846935802, 22.49127011610026 ], [ 88.409607126436967, 22.491292174842719 ], [ 88.409436999709186, 22.491314297483086 ], [ 88.409318644717885, 22.49132908855962 ], [ 88.409277982091751, 22.491336323654089 ] ] } },
{ "type": "Feature", "properties": { "ward": 109, "source_sheet": "109_Haltu.pdf p1", "source": "KMC ward sewerage network map (ArcMap GeoPDF)", "extraction_method": "geopdf_vector", "georef_max_residual_m": 0.3, "conduit_type": "pipe", "pipe_diameter_mm": 400.0, "diameter_source": "legend_colour", "diameter_candidates_mm": null, "label_diameter_mm": 400.0, "label_agrees": true, "scheme": null, "flow_arrow": "end" }, "geometry": { "type": "LineString", "coordinates": [ [ 88.415937357820624, 22.484918957665815 ], [ 88.415855790073607, 22.484909344012376 ], [ 88.415737370710715, 22.484917257636685 ], [ 88.415633762633874, 22.484925042237705 ], [ 88.415485861930563, 22.484946977424496 ], [ 88.415297300789206, 22.484976148985417 ], [ 88.415138291473951, 22.484998180538526 ], [ 88.414964506211234, 22.485023781890227 ], [ 88.414868374188842, 22.485038383434215 ], [ 88.414661369132006, 22.485074597359084 ], [ 88.414535649794729, 22.485092897479806 ], [ 88.414373007871674, 22.485121842512072 ], [ 88.414188149019054, 22.485150980592802 ], [ 88.414036580188039, 22.48517638760919 ], [ 88.41387030585102, 22.48521224635445 ], [ 88.413733583320578, 22.48524096539408 ] ] } },
{ "type": "Feature", "properties": { "ward": 109, "source_sheet": "109_Haltu.pdf p1", "source": "KMC ward sewerage network map (ArcMap GeoPDF)", "extraction_method": "geopdf_vector", "georef_max_residual_m": 0.3, "conduit_type": "pipe", "pipe_diameter_mm": 600.0, "diameter_source": "legend_colour", "diameter_candidates_mm": null, "label_diameter_mm": 600.0, "label_agrees": true, "scheme": null, "flow_arrow": "end" }, "geometry": { "type": "LineString", "coordinates": [ [ 88.413733583320578, 22.48524096539408 ], [ 88.413578910715714, 22.485324901086361 ], [ 88.413435275659708, 22.485401858073438 ], [ 88.413383682835814, 22.485426395483596 ], [ 88.413320981462959, 22.485451029567866 ], [ 88.413169834889729, 22.485517727742415 ], [ 88.412992909295653, 22.48559841489395 ], [ 88.41284172716702, 22.485661671839388 ], [ 88.412690474452134, 22.485718046632794 ], [ 88.412539221607602, 22.485774421290124 ], [ 88.412410115183079, 22.485823720827142 ], [ 88.41236955999527, 22.485841279570543 ], [ 88.412144496636273, 22.485922383912804 ], [ 88.412004422157565, 22.485985543641885 ], [ 88.411864382900873, 22.486052144191699 ], [ 88.41174641974186, 22.486104787710026 ], [ 88.41162475378006, 22.48615746343232 ], [ 88.411495752216879, 22.48621708522742 ], [ 88.411355677275694, 22.486280244419309 ], [ 88.411234010843174, 22.48633291971889 ], [ 88.411064453556463, 22.486410099646172 ], [ 88.410990713025683, 22.486441711279948 ], [ 88.410762050290813, 22.486533168868618 ], [ 88.410625607204622, 22.4865894133099 ], [ 88.410201289756799, 22.486741069436139 ], [ 88.410195185101117, 22.486868450300946 ], [ 88.410207548533094, 22.487353566046018 ], [ 88.410218681590493, 22.487718247009685 ], [ 88.410224845945393, 22.487959084386329 ], [ 88.410234994583817, 22.488227417584305 ], [ 88.410236155014402, 22.488340970300392 ], [ 88.41024577626537, 22.488557688535789 ], [ 88.410256417380893, 22.48887419557153 ], [ 88.410259441689774, 22.489170120762598 ], [ 88.410249845008963, 22.489318179776173 ], [ 88.410241127486927, 22.489552263546205 ], [ 88.410176865805155, 22.489786829052949 ], [ 88.410012448219533, 22.49000505661629 ] ] } },
{ "type": "Feature", "properties": { "ward": 109, "source_sheet": "109_Haltu.pdf p1", "source": "KMC ward sewerage network map (ArcMap GeoPDF)", "extraction_method": "geopdf_vector", "georef_max_residual_m": 0.3, "conduit_type": "pipe", "pipe_diameter_mm": 300.0, "diameter_source": "legend_colour", "diameter_candidates_mm": null, "label_diameter_mm": 300.0, "label_agrees": true, "scheme": null, "flow_arrow": "end" }, "geometry": { "type": "LineString", "coordinates": [ [ 88.408785111531941, 22.484774597287142 ], [ 88.408782778485715, 22.484908828287335 ], [ 88.408809822297698, 22.485018715636091 ], [ 88.408836971375123, 22.485138925806037 ], [ 88.408867893604182, 22.485265986059787 ], [ 88.408895113046867, 22.485393078383073 ], [ 88.408933335719851, 22.485509751339805 ], [ 88.408993986371925, 22.485646877870522 ], [ 88.409024241406627, 22.485708559025461 ], [ 88.409142648262971, 22.486061986860292 ], [ 88.40917874955997, 22.486333536630504 ], [ 88.409242822483719, 22.486443102973848 ], [ 88.409303157648708, 22.486549260433627 ], [ 88.409370863378044, 22.486651912595804 ], [ 88.409434901466966, 22.486758037758786 ], [ 88.409491288030949, 22.486840140207139 ], [ 88.409702527393165, 22.486855515599178 ], [ 88.409732080034857, 22.486848376766755 ], [ 88.409846622990102, 22.486823294570979 ], [ 88.409953760130847, 22.486798276652348 ], [ 88.410116299700633, 22.486759012975227 ], [ 88.410201289756799, 22.486741069436139 ] ] } },
{ "type": "Feature", "properties": { "ward": 109, "source_sheet": "109_Haltu.pdf p1", "source": "KMC ward sewerage network map (ArcMap GeoPDF)", "extraction_method": "geopdf_vector", "georef_max_residual_m": 0.3, "conduit_type": "pipe", "pipe_diameter_mm": 300.0, "diameter_source": "legend_colour", "diameter_candidates_mm": null, "label_diameter_mm": 300.0, "label_agrees": true, "scheme": null, "flow_arrow": "end" }, "geometry": { "type": "LineString", "coordinates": [ [ 88.411125855231575, 22.487706935662764 ], [ 88.411115071650372, 22.487376664840291 ], [ 88.411122908167485, 22.487056556149358 ], [ 88.411116003535312, 22.486743458144666 ], [ 88.41109164008715, 22.486533750527705 ], [ 88.410990713025683, 22.486441711279948 ] ] } },
{ "type": "Feature", "properties": { "ward": 109, "source_sheet": "109_Haltu.pdf p1", "source": "KMC ward sewerage network map (ArcMap GeoPDF)", "extraction_method": "geopdf_vector", "georef_max_residual_m": 0.3, "conduit_type": "pipe", "pipe_diameter_mm": 400.0, "diameter_source": "legend_colour", "diameter_candidates_mm": null, "label_diameter_mm": 400.0, "label_agrees": true, "scheme": null, "flow_arrow": "end" }, "geometry": { "type": "LineString", "coordinates": [ [ 88.411024249941875, 22.487910853910577 ], [ 88.411035596373836, 22.488296180596365 ], [ 88.41103893891939, 22.488623074723776 ], [ 88.411034031195484, 22.488867449308447 ], [ 88.41103113767258, 22.488946624157858 ], [ 88.41101748701945, 22.489060305361456 ], [ 88.410983518799668, 22.489359992868621 ], [ 88.410992085815892, 22.489473481407579 ], [ 88.410997301748225, 22.48962141174049 ], [ 88.411006255697728, 22.489772751160931 ], [ 88.411015033895765, 22.48990688545863 ] ] } },
{ "type": "Feature", "properties": { "ward": 109, "source_sheet": "109_Haltu.pdf p1", "source": "KMC ward sewerage network map (ArcMap GeoPDF)", "extraction_method": "geopdf_vector", "georef_max_residual_m": 0.3, "conduit_type": "pipe", "pipe_diameter_mm": 300.0, "diameter_source": "legend_colour", "diameter_candidates_mm": null, "label_diameter_mm": 300.0, "label_agrees": true, "scheme": null, "flow_arrow": "end" }, "geometry": { "type": "LineString", "coordinates": [ [ 88.411731432857749, 22.487897833040645 ], [ 88.411446556244854, 22.48792439508777 ], [ 88.411124720883336, 22.487958160152122 ], [ 88.411024672142815, 22.487952145742923 ], [ 88.410924377295416, 22.487922044414361 ], [ 88.410627899219605, 22.487900527555414 ], [ 88.410327718291541, 22.487879042406114 ], [ 88.410223966854204, 22.487873059610102 ] ] } },
{ "type": "Feature", "properties": { "ward": 109, "source_sheet": "109_Haltu.pdf p1", "source": "KMC ward sewerage network map (ArcMap GeoPDF)", "extraction_method": "geopdf_vector", "georef_max_residual_m": 0.3, "conduit_type": "pipe", "pipe_diameter_mm": 300.0, "diameter_source": "legend_colour", "diameter_candidates_mm": null, "label_diameter_mm": 300.0, "label_agrees": true, "scheme": null, "flow_arrow": "end" }, "geometry": { "type": "LineString", "coordinates": [ [ 88.411655622622902, 22.489175211728064 ], [ 88.41134503392189, 22.489222644819723 ], [ 88.41117864838381, 22.489248178098354 ], [ 88.411045413075769, 22.489256216881479 ], [ 88.410793121108597, 22.489210228000939 ], [ 88.41039285269558, 22.489179287612625 ], [ 88.410259441689774, 22.489170120762598 ] ] } },
{ "type": "Feature", "properties": { "ward": 109, "source_sheet": "109_Haltu.pdf p1", "source": "KMC ward sewerage network map (ArcMap GeoPDF)", "extraction_method": "geopdf_vector", "georef_max_residual_m": 0.3, "conduit_type": "pipe", "pipe_diameter_mm": 300.0, "diameter_source": "legend_colour", "diameter_candidates_mm": null, "label_diameter_mm": 300.0, "label_agrees": true, "scheme": null, "flow_arrow": "end" }, "geometry": { "type": "LineString", "coordinates": [ [ 88.410196502370624, 22.48880933057357 ], [ 88.409966710164156, 22.488790675596995 ], [ 88.409666492183973, 22.488765748228104 ], [ 88.40939963586132, 22.488743972370241 ] ] } },
{ "type": "Feature", "properties": { "ward": 109, "source_sheet": "109_Haltu.pdf p1", "source": "KMC ward sewerage network map (ArcMap GeoPDF)", "extraction_method": "geopdf_vector", "georef_max_residual_m": 0.3, "conduit_type": "pipe", "pipe_diameter_mm": 300.0, "diameter_source": "legend_colour", "diameter_candidates_mm": null, "label_diameter_mm": 300.0, "label_agrees": true, "scheme": null, "flow_arrow": "end" }, "geometry": { "type": "LineString", "coordinates": [ [ 88.408664967192252, 22.488967140449553 ], [ 88.408700240103116, 22.488794770003111 ], [ 88.408735618322865, 22.488632722517263 ], [ 88.408770996469485, 22.488470674881331 ], [ 88.408795687312647, 22.488350015498369 ], [ 88.40883529520957, 22.488239550892605 ], [ 88.408915318851754, 22.488097764311096 ], [ 88.409052466856949, 22.488110341042827 ], [ 88.409171346393293, 22.488147165124317 ] ] } },
{ "type": "Feature", "properties": { "ward": 109, "source_sheet": "109_Haltu.pdf p1", "source": "KMC ward sewerage network map (ArcMap GeoPDF)", "extraction_method": "geopdf_vector", "georef_max_residual_m": 0.3, "conduit_type": "pipe", "pipe_diameter_mm": 300.0, "diameter_source": "legend_colour", "diameter_candidates_mm": null, "label_diameter_mm": 300.0, "label_agrees": true, "scheme": null, "flow_arrow": "none" }, "geometry": { "type": "LineString", "coordinates": [ [ 88.408466474714643, 22.487661166490025 ], [ 88.408443208086808, 22.488284243051403 ] ] } },
{ "type": "Feature", "properties": { "ward": 109, "source_sheet": "109_Haltu.pdf p1", "source": "KMC ward sewerage network map (ArcMap GeoPDF)", "extraction_method": "geopdf_vector", "georef_max_residual_m": 0.3, "conduit_type": "pipe", "pipe_diameter_mm": 300.0, "diameter_source": "legend_colour", "diameter_candidates_mm": null, "label_diameter_mm": null, "label_agrees": null, "scheme": null, "flow_arrow": "none" }, "geometry": { "type": "LineString", "coordinates": [ [ 88.408443208086808, 22.488284243051403 ], [ 88.408443243206534, 22.488287683993327 ], [ 88.408443278327724, 22.488291125078625 ], [ 88.408447016374737, 22.488294533946664 ], [ 88.40844705149604, 22.488297975031955 ], [ 88.408450789543338, 22.488301383899895 ], [ 88.408454527590806, 22.488304792767732 ], [ 88.408458230518335, 22.488304760693577 ], [ 88.408461968567536, 22.488308169704617 ], [ 88.408465671495151, 22.48830813763028 ], [ 88.408469374422751, 22.48830810555588 ] ] } },
{ "type": "Feature", "properties": { "ward": 109, "source_sheet": "109_Haltu.pdf p1", "source": "KMC ward sewerage network map (ArcMap GeoPDF)", "extraction_method": "geopdf_vector", "georef_max_residual_m": 0.3, "conduit_type": "pipe", "pipe_diameter_mm": 300.0, "diameter_source": "legend_colour", "diameter_candidates_mm": null, "label_diameter_mm": null, "label_agrees": null, "scheme": null, "flow_arrow": "end" }, "geometry": { "type": "LineString", "coordinates": [ [ 88.408469374422751, 22.48830810555588 ], [ 88.408536097053883, 22.488314410088179 ], [ 88.408795687312647, 22.488350015498369 ] ] } },
{ "type": "Feature", "properties": { "ward": 109, "source_sheet": "109_Haltu.pdf p1", "source": "KMC ward sewerage network map (ArcMap GeoPDF)", "extraction_method": "geopdf_vector", "georef_max_residual_m": 0.3, "conduit_type": "pipe", "pipe_diameter_mm": 300.0, "diameter_source": "legend_colour", "diameter_candidates_mm": null, "label_diameter_mm": null, "label_agrees": null, "scheme": null, "flow_arrow": "end" }, "geometry": { "type": "LineString", "coordinates": [ [ 88.40612686309882, 22.475382193934905 ], [ 88.405986375453466, 22.475404056123327 ], [ 88.405812669860182, 22.475436529009563 ], [ 88.405650036918573, 22.475465464784701 ], [ 88.405583495524013, 22.475476363628388 ] ] } },
{ "type": "Feature", "properties": { "ward": 109, "source_sheet": "109_Haltu.pdf p1", "source": "KMC ward sewerage network map (ArcMap GeoPDF)", "extraction_method": "geopdf_vector", "georef_max_residual_m": 0.3, "conduit_type": "pipe", "pipe_diameter_mm": 300.0, "diameter_source": "legend_colour", "diameter_candidates_mm": null, "label_diameter_mm": 300.0, "label_agrees": true, "scheme": null, "flow_arrow": "end" }, "geometry": { "type": "LineString", "coordinates": [ [ 88.406232977324819, 22.476348283834508 ], [ 88.40620576254527, 22.476221190708213 ], [ 88.406178687841944, 22.476107861662861 ], [ 88.406170827221402, 22.476063192598488 ], [ 88.406151438129498, 22.475977327568213 ], [ 88.406128241492553, 22.475881171540689 ], [ 88.406097709775267, 22.475791961414632 ], [ 88.405990404800093, 22.475799771507589 ], [ 88.405883240104501, 22.475821345475929 ], [ 88.405783550639185, 22.475849737428906 ], [ 88.405705971490704, 22.475867614363271 ] ] } },
{ "type": "Feature", "properties": { "ward": 109, "source_sheet": "109_Haltu.pdf p1", "source": "KMC ward sewerage network map (ArcMap GeoPDF)", "extraction_method": "geopdf_vector", "georef_max_residual_m": 0.3, "conduit_type": "pipe", "pipe_diameter_mm": 300.0, "diameter_source": "legend_colour", "diameter_candidates_mm": null, "label_diameter_mm": 300.0, "label_agrees": true, "scheme": null, "flow_arrow": "end" }, "geometry": { "type": "LineString", "coordinates": [ [ 88.405042893414475, 22.475842370774519 ], [ 88.405183381542173, 22.475820509524073 ], [ 88.405297986593709, 22.475802312998368 ], [ 88.405419926762363, 22.475777170514561 ], [ 88.405545604352469, 22.475755436903381 ], [ 88.405663876855158, 22.475733767037482 ] ] } },
{ "type": "Feature", "properties": { "ward": 109, "source_sheet": "109_Haltu.pdf p1", "source": "KMC ward sewerage network map (ArcMap GeoPDF)", "extraction_method": "geopdf_vector", "georef_max_residual_m": 0.3, "conduit_type": "pipe", "pipe_diameter_mm": 300.0, "diameter_source": "legend_colour", "diameter_candidates_mm": null, "label_diameter_mm": 300.0, "label_agrees": true, "scheme": null, "flow_arrow": "end" }, "geometry": { "type": "LineString", "coordinates": [ [ 88.399051228661648, 22.484211659741142 ], [ 88.399096883238286, 22.484331712882501 ], [ 88.39915008326831, 22.484465466266347 ], [ 88.399188053411223, 22.484558054990888 ], [ 88.399264028746202, 22.484746673502723 ], [ 88.399305911231821, 22.48485987635857 ], [ 88.399378114273716, 22.485041644452483 ], [ 88.399442702443196, 22.485202830343727 ], [ 88.399495903181318, 22.485336583565498 ], [ 88.399545331370604, 22.485463486572012 ], [ 88.399590986839684, 22.485583539512657 ], [ 88.399655436098058, 22.485730961170503 ], [ 88.399704689937764, 22.485840659185939 ], [ 88.399833658756862, 22.486142384254304 ], [ 88.399890528103725, 22.486272664465716 ], [ 88.399969440367698, 22.486385548328233 ], [ 88.400044126227513, 22.486446848978598 ], [ 88.400148644769317, 22.486528540562841 ] ] } },
{ "type": "Feature", "properties": { "ward": 109, "source_sheet": "109_Haltu.pdf p1", "source": "KMC ward sewerage network map (ArcMap GeoPDF)", "extraction_method": "geopdf_vector", "georef_max_residual_m": 0.3, "conduit_type": "pipe", "pipe_diameter_mm": 300.0, "diameter_source": "legend_colour", "diameter_candidates_mm": null, "label_diameter_mm": 300.0, "label_agrees": true, "scheme": null, "flow_arrow": "end" }, "geometry": { "type": "LineString", "coordinates": [ [ 88.399534645510428, 22.485140095527786 ], [ 88.399667319597242, 22.485077010124197 ], [ 88.399774213339128, 22.485027911820907 ], [ 88.399873701451327, 22.484978877194084 ], [ 88.399984297890214, 22.484929746885925 ], [ 88.400080117755707, 22.484884184970397 ], [ 88.400146454559987, 22.484852642140218 ], [ 88.400290201702163, 22.484786019658273 ], [ 88.400363909184748, 22.484750971880537 ], [ 88.400518729723089, 22.484680812598903 ], [ 88.400551880567022, 22.484663320552105 ], [ 88.400614549228237, 22.484635250381849 ], [ 88.400721442422949, 22.48458615148057 ], [ 88.400817261791261, 22.484540589149166 ], [ 88.40091678393253, 22.484494994867976 ], [ 88.401023676749674, 22.484445895777636 ], [ 88.401086345363822, 22.484417825431663 ], [ 88.401289057108585, 22.484323163636819 ], [ 88.401462285842726, 22.484242520967772 ], [ 88.40157288108648, 22.484193389623357 ] ] } },
{ "type": "Feature", "properties": { "ward": 109, "source_sheet": "109_Haltu.pdf p1", "source": "KMC ward sewerage network map (ArcMap GeoPDF)", "extraction_method": "geopdf_vector", "georef_max_residual_m": 0.3, "conduit_type": "pipe", "pipe_diameter_mm": 450.0, "diameter_source": "legend_colour", "diameter_candidates_mm": null, "label_diameter_mm": 450.0, "label_agrees": true, "scheme": null, "flow_arrow": "end" }, "geometry": { "type": "LineString", "coordinates": [ [ 88.40157288108648, 22.484193389623357 ], [ 88.401698217665896, 22.484137248503579 ], [ 88.401797704257447, 22.484088212751953 ], [ 88.402088932884439, 22.483958373900361 ], [ 88.402225307568443, 22.483895254574854 ], [ 88.402339570100537, 22.483842649852111 ], [ 88.402428052678331, 22.483804032515742 ] ] } },
{ "type": "Feature", "properties": { "ward": 109, "source_sheet": "109_Haltu.pdf p1", "source": "KMC ward sewerage network map (ArcMap GeoPDF)", "extraction_method": "geopdf_vector", "georef_max_residual_m": 0.3, "conduit_type": "pipe", "pipe_diameter_mm": 450.0, "diameter_source": "legend_colour", "diameter_candidates_mm": null, "label_diameter_mm": 450.0, "label_agrees": true, "scheme": null, "flow_arrow": "end" }, "geometry": { "type": "LineString", "coordinates": [ [ 88.405855660965358, 22.480749533470078 ], [ 88.405755407369043, 22.480722869523866 ], [ 88.40569969152665, 22.480706144505881 ], [ 88.405621724282767, 22.480686170512261 ], [ 88.405632411863394, 22.48064478240811 ], [ 88.405671389795572, 22.480472380369228 ], [ 88.405733109550383, 22.480351401276586 ], [ 88.40585640827571, 22.480095679093854 ], [ 88.405914460050795, 22.479978172895361 ], [ 88.405990814843491, 22.479839860813122 ], [ 88.406068115600547, 22.47979445561738 ], [ 88.406253355225047, 22.479803178121159 ], [ 88.406390039346348, 22.479771024655705 ], [ 88.406441210825278, 22.479705197412866 ], [ 88.406495524195392, 22.479584282100603 ], [ 88.406549767205021, 22.479456484734062 ], [ 88.406618365112521, 22.479283826370601 ], [ 88.406672573000193, 22.479152588020096 ], [ 88.406726745574787, 22.479017908564053 ], [ 88.406762895684977, 22.478931563343036 ] ] } },
{ "type": "Feature", "properties": { "ward": 109, "source_sheet": "109_Haltu.pdf p1", "source": "KMC ward sewerage network map (ArcMap GeoPDF)", "extraction_method": "geopdf_vector", "georef_max_residual_m": 0.3, "conduit_type": "pipe", "pipe_diameter_mm": 450.0, "diameter_source": "legend_colour", "diameter_candidates_mm": null, "label_diameter_mm": 450.0, "label_agrees": true, "scheme": null, "flow_arrow": "end" }, "geometry": { "type": "LineString", "coordinates": [ [ 88.404752268714475, 22.480032951140593 ], [ 88.404817866754357, 22.47992914542596 ], [ 88.404909033469096, 22.47979070574095 ], [ 88.40504770445088, 22.479589912255562 ], [ 88.405102474159989, 22.479513730428039 ], [ 88.405157173916692, 22.479430666538409 ], [ 88.405268499540881, 22.479453793997664 ], [ 88.405389427018434, 22.479328862105316 ], [ 88.405515528179464, 22.479348420480786 ], [ 88.40558154574714, 22.479285906466316 ], [ 88.405639001864046, 22.479109903350771 ], [ 88.405663939521759, 22.479013331338123 ], [ 88.405699564758606, 22.478875371211505 ], [ 88.405675702154156, 22.478713836105648 ], [ 88.405614287384822, 22.478501005836332 ], [ 88.405606496830032, 22.478463218798954 ], [ 88.405598671093287, 22.478421990811803 ] ] } },
{ "type": "Feature", "properties": { "ward": 109, "source_sheet": "109_Haltu.pdf p1", "source": "KMC ward sewerage network map (ArcMap GeoPDF)", "extraction_method": "geopdf_vector", "georef_max_residual_m": 0.3, "conduit_type": "pipe", "pipe_diameter_mm": 300.0, "diameter_source": "legend_colour", "diameter_candidates_mm": null, "label_diameter_mm": 300.0, "label_agrees": true, "scheme": null, "flow_arrow": "end" }, "geometry": { "type": "LineString", "coordinates": [ [ 88.402723420228142, 22.478615434591514 ], [ 88.402816755959876, 22.478690338479122 ], [ 88.402936255343675, 22.478789105733856 ], [ 88.403070705372045, 22.478901509387228 ], [ 88.403175114722515, 22.478972876133192 ], [ 88.403287034335136, 22.479054502068532 ], [ 88.403413834650777, 22.479142882187062 ], [ 88.403488412910193, 22.479193858269177 ], [ 88.403611440964355, 22.479275388114857 ], [ 88.403756895122413, 22.479377372139815 ], [ 88.403876220790721, 22.479458933719393 ], [ 88.403995546442189, 22.479540495204002 ], [ 88.404152144260578, 22.479645823912279 ], [ 88.404308777316004, 22.479754593550002 ], [ 88.404439246752375, 22.4798394997249 ], [ 88.404573418901265, 22.479924373812967 ], [ 88.404752268714475, 22.480032951140593 ], [ 88.404845361498332, 22.480083766792657 ], [ 88.404957072831635, 22.480144745327898 ] ] } },
{ "type": "Feature", "properties": { "ward": 109, "source_sheet": "109_Haltu.pdf p1", "source": "KMC ward sewerage network map (ArcMap GeoPDF)", "extraction_method": "geopdf_vector", "georef_max_residual_m": 0.3, "conduit_type": "pipe", "pipe_diameter_mm": 300.0, "diameter_source": "legend_colour", "diameter_candidates_mm": null, "label_diameter_mm": 300.0, "label_agrees": true, "scheme": null, "flow_arrow": "end" }, "geometry": { "type": "LineString", "coordinates": [ [ 88.404796675111882, 22.480393904804234 ], [ 88.404847672651371, 22.480310872980603 ], [ 88.404935171710974, 22.480175906207997 ], [ 88.404957072831635, 22.480144745327898 ] ] } },
{ "type": "Feature", "properties": { "ward": 109, "source_sheet": "109_Haltu.pdf p1", "source": "KMC ward sewerage network map (ArcMap GeoPDF)", "extraction_method": "geopdf_vector", "georef_max_residual_m": 0.3, "conduit_type": "pipe", "pipe_diameter_mm": 300.0, "diameter_source": "legend_colour", "diameter_candidates_mm": null, "label_diameter_mm": 300.0, "label_agrees": true, "scheme": null, "flow_arrow": "end" }, "geometry": { "type": "LineString", "coordinates": [ [ 88.405340177784737, 22.480674838071963 ], [ 88.405427851876993, 22.480557076227878 ], [ 88.405500890100981, 22.480456647216545 ], [ 88.405556185395568, 22.480432080198621 ] ] } },
{ "type": "Feature", "properties": { "ward": 109, "source_sheet": "109_Haltu.pdf p1", "source": "KMC ward sewerage network map (ArcMap GeoPDF)", "extraction_method": "geopdf_vector", "georef_max_residual_m": 0.3, "conduit_type": "pipe", "pipe_diameter_mm": 300.0, "diameter_source": "legend_colour", "diameter_candidates_mm": null, "label_diameter_mm": 300.0, "label_agrees": true, "scheme": null, "flow_arrow": "end" }, "geometry": { "type": "LineString", "coordinates": [ [ 88.405134392034057, 22.480466696395048 ], [ 88.405247354582286, 22.480286772628855 ], [ 88.405251057301669, 22.480286740639265 ] ] } },
{ "type": "Feature", "properties": { "ward": 109, "source_sheet": "109_Haltu.pdf p1", "source": "KMC ward sewerage network map (ArcMap GeoPDF)", "extraction_method": "geopdf_vector", "georef_max_residual_m": 0.3, "conduit_type": "pipe", "pipe_diameter_mm": 300.0, "diameter_source": "legend_colour", "diameter_candidates_mm": null, "label_diameter_mm": 300.0, "label_agrees": true, "scheme": null, "flow_arrow": "end" }, "geometry": { "type": "LineString", "coordinates": [ [ 88.405241129903786, 22.480039052337208 ], [ 88.405165054451714, 22.480204892280099 ], [ 88.405187795990045, 22.480256315324368 ] ] } },
{ "type": "Feature", "properties": { "ward": 109, "source_sheet": "109_Haltu.pdf p1", "source": "KMC ward sewerage network map (ArcMap GeoPDF)", "extraction_method": "geopdf_vector", "georef_max_residual_m": 0.3, "conduit_type": "pipe", "pipe_diameter_mm": 300.0, "diameter_source": "legend_colour", "diameter_candidates_mm": null, "label_diameter_mm": 300.0, "label_agrees": true, "scheme": null, "flow_arrow": "end" }, "geometry": { "type": "LineString", "coordinates": [ [ 88.406891368919602, 22.480637339013644 ], [ 88.406768828914267, 22.480603985828434 ], [ 88.406609156530294, 22.480560629776065 ], [ 88.406479211046573, 22.480527340406869 ], [ 88.406352933442022, 22.480490577964712 ], [ 88.406271088257171, 22.480453431269403 ], [ 88.406144565417605, 22.480392581729959 ], [ 88.40600333678988, 22.48034218296177 ], [ 88.405884394810585, 22.480298474081003 ], [ 88.405806357694274, 22.480271618123542 ], [ 88.405794758966167, 22.480223540123404 ] ] } },
{ "type": "Feature", "properties": { "ward": 109, "source_sheet": "109_Haltu.pdf p1", "source": "KMC ward sewerage network map (ArcMap GeoPDF)", "extraction_method": "geopdf_vector", "georef_max_residual_m": 0.3, "conduit_type": "pipe", "pipe_diameter_mm": 300.0, "diameter_source": "legend_colour", "diameter_candidates_mm": null, "label_diameter_mm": 300.0, "label_agrees": true, "scheme": null, "flow_arrow": "end" }, "geometry": { "type": "LineString", "coordinates": [ [ 88.406308417829578, 22.480119302096519 ], [ 88.406152343690877, 22.48006559054976 ], [ 88.405999937330691, 22.480008405889844 ], [ 88.405914460050795, 22.479978172895361 ] ] } },
{ "type": "Feature", "properties": { "ward": 109, "source_sheet": "109_Haltu.pdf p1", "source": "KMC ward sewerage network map (ArcMap GeoPDF)", "extraction_method": "geopdf_vector", "georef_max_residual_m": 0.3, "conduit_type": "pipe", "pipe_diameter_mm": 300.0, "diameter_source": "legend_colour", "diameter_candidates_mm": null, "label_diameter_mm": 300.0, "label_agrees": true, "scheme": null, "flow_arrow": "end" }, "geometry": { "type": "LineString", "coordinates": [ [ 88.407237950510648, 22.480489805970638 ], [ 88.407416592490236, 22.480577734223036 ], [ 88.407535675619741, 22.4806352058628 ], [ 88.407703139600372, 22.480716347868555 ], [ 88.407736639591448, 22.480733264464103 ], [ 88.407810974406715, 22.480760151503464 ], [ 88.407993074277059, 22.480823959976274 ], [ 88.408072673655283, 22.480640881797033 ], [ 88.408130653514704, 22.480516493000714 ], [ 88.40819586305355, 22.480374835058623 ], [ 88.40826484538276, 22.48024002692706 ], [ 88.408282832413803, 22.480188251731146 ], [ 88.408333406345022, 22.480063926993484 ], [ 88.408369555668827, 22.479977581316714 ], [ 88.408416462013065, 22.479856729705961 ], [ 88.408488830635946, 22.479690920492747 ], [ 88.408506852475512, 22.479642586223179 ] ] } },
{ "type": "Feature", "properties": { "ward": 109, "source_sheet": "109_Haltu.pdf p1", "source": "KMC ward sewerage network map (ArcMap GeoPDF)", "extraction_method": "geopdf_vector", "georef_max_residual_m": 0.3, "conduit_type": "pipe", "pipe_diameter_mm": 300.0, "diameter_source": "legend_colour", "diameter_candidates_mm": null, "label_diameter_mm": 300.0, "label_agrees": true, "scheme": null, "flow_arrow": "end" }, "geometry": { "type": "LineString", "coordinates": [ [ 88.407829085027899, 22.48035736234527 ], [ 88.407901910800376, 22.480236286373682 ], [ 88.407963838884911, 22.480135952492834 ], [ 88.408022064329018, 22.480035650643185 ], [ 88.408076762316966, 22.479952585847911 ], [ 88.408167750201798, 22.47979693961187 ], [ 88.408280532549355, 22.479599808918959 ], [ 88.408306030201032, 22.479558292585406 ] ] } },
{ "type": "Feature", "properties": { "ward": 109, "source_sheet": "109_Haltu.pdf p1", "source": "KMC ward sewerage network map (ArcMap GeoPDF)", "extraction_method": "geopdf_vector", "georef_max_residual_m": 0.3, "conduit_type": "pipe", "pipe_diameter_mm": 300.0, "diameter_source": "legend_colour", "diameter_candidates_mm": null, "label_diameter_mm": 300.0, "label_agrees": true, "scheme": null, "flow_arrow": "end" }, "geometry": { "type": "LineString", "coordinates": [ [ 88.407275838991524, 22.480210732564359 ], [ 88.407352367901737, 22.480089624782334 ], [ 88.407425193976877, 22.479968549151579 ], [ 88.40751265517639, 22.479830140166083 ], [ 88.407574583541347, 22.479729806423464 ], [ 88.407672977112625, 22.479574096358395 ], [ 88.407811398143068, 22.479349213648 ] ] } },
{ "type": "Feature", "properties": { "ward": 109, "source_sheet": "109_Haltu.pdf p1", "source": "KMC ward sewerage network map (ArcMap GeoPDF)", "extraction_method": "geopdf_vector", "georef_max_residual_m": 0.3, "conduit_type": "pipe", "pipe_diameter_mm": 300.0, "diameter_source": "legend_colour", "diameter_candidates_mm": null, "label_diameter_mm": 300.0, "label_agrees": true, "scheme": null, "flow_arrow": "end" }, "geometry": { "type": "LineString", "coordinates": [ [ 88.406788015229552, 22.479943089497034 ], [ 88.406871914787203, 22.479818476928415 ], [ 88.406944881438505, 22.47971116543129 ], [ 88.407039783449747, 22.479576133574408 ], [ 88.407116242112366, 22.479448144007272 ], [ 88.407185435552393, 22.479333982408576 ], [ 88.407247328732282, 22.479230207838704 ], [ 88.407309432436094, 22.47914707921899 ] ] } },
{ "type": "Feature", "properties": { "ward": 109, "source_sheet": "109_Haltu.pdf p1", "source": "KMC ward sewerage network map (ArcMap GeoPDF)", "extraction_method": "geopdf_vector", "georef_max_residual_m": 0.3, "conduit_type": "pipe", "pipe_diameter_mm": 300.0, "diameter_source": "legend_colour", "diameter_candidates_mm": null, "label_diameter_mm": 300.0, "label_agrees": true, "scheme": null, "flow_arrow": "end" }, "geometry": { "type": "LineString", "coordinates": [ [ 88.40455579902914, 22.479284443025261 ], [ 88.40467382961458, 22.479238686787248 ], [ 88.404806600699544, 22.479185920654345 ], [ 88.404914748806476, 22.479260695330773 ], [ 88.405026634587784, 22.479338878897007 ], [ 88.405157173916692, 22.479430666538409 ] ] } },
{ "type": "Feature", "properties": { "ward": 109, "source_sheet": "109_Haltu.pdf p1", "source": "KMC ward sewerage network map (ArcMap GeoPDF)", "extraction_method": "geopdf_vector", "georef_max_residual_m": 0.3, "conduit_type": "pipe", "pipe_diameter_mm": 300.0, "diameter_source": "legend_colour", "diameter_candidates_mm": null, "label_diameter_mm": 300.0, "label_agrees": true, "scheme": null, "flow_arrow": "end" }, "geometry": { "type": "LineString", "coordinates": [ [ 88.404712572003902, 22.479406976228443 ], [ 88.404802066689555, 22.479468146904306 ], [ 88.40490273943206, 22.479536103487707 ], [ 88.40504770445088, 22.479589912255562 ] ] } },
{ "type": "Feature", "properties": { "ward": 109, "source_sheet": "109_Haltu.pdf p1", "source": "KMC ward sewerage network map (ArcMap GeoPDF)", "extraction_method": "geopdf_vector", "georef_max_residual_m": 0.3, "conduit_type": "pipe", "pipe_diameter_mm": 300.0, "diameter_source": "legend_colour", "diameter_candidates_mm": null, "label_diameter_mm": 300.0, "label_agrees": true, "scheme": null, "flow_arrow": "end" }, "geometry": { "type": "LineString", "coordinates": [ [ 88.404271882878035, 22.47940389871642 ], [ 88.404142918903844, 22.479466955609698 ], [ 88.403995546442189, 22.479540495204002 ] ] } },
{ "type": "Feature", "properties": { "ward": 109, "source_sheet": "109_Haltu.pdf p1", "source": "KMC ward sewerage network map (ArcMap GeoPDF)", "extraction_method": "geopdf_vector", "georef_max_residual_m": 0.3, "conduit_type": "pipe", "pipe_diameter_mm": 300.0, "diameter_source": "legend_colour", "diameter_candidates_mm": null, "label_diameter_mm": 300.0, "label_agrees": true, "scheme": null, "flow_arrow": "end" }, "geometry": { "type": "LineString", "coordinates": [ [ 88.404470384355307, 22.478896312824698 ], [ 88.404506080781275, 22.478765234948018 ], [ 88.40453447696909, 22.478644544004403 ], [ 88.404566575634348, 22.478523821229768 ], [ 88.404595146619187, 22.4784203353245 ], [ 88.404627420233794, 22.478316817442451 ], [ 88.404666714027954, 22.478175384421437 ], [ 88.40470258517324, 22.478061511554767 ], [ 88.404713343052507, 22.478027005683938 ] ] } },
{ "type": "Feature", "properties": { "ward": 109, "source_sheet": "109_Haltu.pdf p1", "source": "KMC ward sewerage network map (ArcMap GeoPDF)", "extraction_method": "geopdf_vector", "georef_max_residual_m": 0.3, "conduit_type": "pipe", "pipe_diameter_mm": 300.0, "diameter_source": "legend_colour", "diameter_candidates_mm": null, "label_diameter_mm": 300.0, "label_agrees": true, "scheme": null, "flow_arrow": "end" }, "geometry": { "type": "LineString", "coordinates": [ [ 88.40502868174481, 22.478812341412667 ], [ 88.40488745525478, 22.47876194155296 ], [ 88.404861396592139, 22.478748401455462 ], [ 88.404907990544416, 22.478596581577975 ], [ 88.404951021646482, 22.478458557619646 ], [ 88.404986822578763, 22.478337802655773 ], [ 88.405026326119383, 22.478217015703759 ], [ 88.40504071655262, 22.478175595787597 ] ] } },
{ "type": "Feature", "properties": { "ward": 109, "source_sheet": "109_Haltu.pdf p1", "source": "KMC ward sewerage network map (ArcMap GeoPDF)", "extraction_method": "geopdf_vector", "georef_max_residual_m": 0.3, "conduit_type": "pipe", "pipe_diameter_mm": 300.0, "diameter_source": "legend_colour", "diameter_candidates_mm": null, "label_diameter_mm": 300.0, "label_agrees": true, "scheme": null, "flow_arrow": "end" }, "geometry": { "type": "LineString", "coordinates": [ [ 88.405313857099998, 22.478816760560132 ], [ 88.405345744945038, 22.478675391388126 ], [ 88.405359889973738, 22.478609884365028 ], [ 88.40538856545956, 22.478516721488099 ], [ 88.40542789354339, 22.478378729415589 ], [ 88.405442459012761, 22.478354514366103 ] ] } },
{ "type": "Feature", "properties": { "ward": 109, "source_sheet": "109_Haltu.pdf p1", "source": "KMC ward sewerage network map (ArcMap GeoPDF)", "extraction_method": "geopdf_vector", "georef_max_residual_m": 0.3, "conduit_type": "pipe", "pipe_diameter_mm": 300.0, "diameter_source": "legend_colour", "diameter_candidates_mm": null, "label_diameter_mm": 300.0, "label_agrees": true, "scheme": null, "flow_arrow": "end" }, "geometry": { "type": "LineString", "coordinates": [ [ 88.402765576086949, 22.478026607238466 ], [ 88.402884200704932, 22.478039349416655 ], [ 88.403017670963195, 22.478055404863539 ], [ 88.403147403456416, 22.478068051183836 ], [ 88.403254920136561, 22.478080888900138 ], [ 88.403257818386848, 22.478001713870679 ], [ 88.403260296943415, 22.477881246675228 ], [ 88.4032625656573, 22.477740133466863 ], [ 88.403261971097052, 22.477681636243226 ], [ 88.403264974270172, 22.477612784216319 ], [ 88.403267033148765, 22.477451024991748 ], [ 88.40327751140417, 22.477388990992438 ] ] } },
{ "type": "Feature", "properties": { "ward": 109, "source_sheet": "109_Haltu.pdf p1", "source": "KMC ward sewerage network map (ArcMap GeoPDF)", "extraction_method": "geopdf_vector", "georef_max_residual_m": 0.3, "conduit_type": "pipe", "pipe_diameter_mm": 300.0, "diameter_source": "legend_colour", "diameter_candidates_mm": null, "label_diameter_mm": 300.0, "label_agrees": true, "scheme": null, "flow_arrow": "end" }, "geometry": { "type": "LineString", "coordinates": [ [ 88.40344780767299, 22.478113637980361 ], [ 88.40335136397222, 22.478097263469039 ], [ 88.403254920136561, 22.478080888900138 ] ] } },
{ "type": "Feature", "properties": { "ward": 109, "source_sheet": "109_Haltu.pdf p1", "source": "KMC ward sewerage network map (ArcMap GeoPDF)", "extraction_method": "geopdf_vector", "georef_max_residual_m": 0.3, "conduit_type": "pipe", "pipe_diameter_mm": 300.0, "diameter_source": "legend_colour", "diameter_candidates_mm": null, "label_diameter_mm": 300.0, "label_agrees": true, "scheme": null, "flow_arrow": "end" }, "geometry": { "type": "LineString", "coordinates": [ [ 88.403321327777462, 22.478421005484847 ], [ 88.403458571067077, 22.478443910652199 ], [ 88.403584986086912, 22.478494439605345 ], [ 88.40378203177869, 22.478571889264582 ], [ 88.40394187609219, 22.478632453340477 ], [ 88.404064343792328, 22.47865892675815 ], [ 88.404089387635281, 22.478572677788417 ], [ 88.404110168682905, 22.478431404820302 ], [ 88.404134722358407, 22.478296981936555 ], [ 88.404152255784282, 22.478200474023279 ], [ 88.404180127081275, 22.478028167975896 ], [ 88.404208068318837, 22.477862744115725 ], [ 88.404207473357886, 22.477804246916776 ] ] } },
{ "type": "Feature", "properties": { "ward": 109, "source_sheet": "109_Haltu.pdf p1", "source": "KMC ward sewerage network map (ArcMap GeoPDF)", "extraction_method": "geopdf_vector", "georef_max_residual_m": 0.3, "conduit_type": "pipe", "pipe_diameter_mm": 300.0, "diameter_source": "legend_colour", "diameter_candidates_mm": null, "label_diameter_mm": 300.0, "label_agrees": true, "scheme": null, "flow_arrow": "end" }, "geometry": { "type": "LineString", "coordinates": [ [ 88.403593895734119, 22.4786423388482 ], [ 88.403602735441964, 22.478783356180667 ], [ 88.403585096631531, 22.478869541191202 ], [ 88.403526798521455, 22.478962959539448 ], [ 88.403413834650777, 22.479142882187062 ] ] } },
{ "type": "Feature", "properties": { "ward": 109, "source_sheet": "109_Haltu.pdf p1", "source": "KMC ward sewerage network map (ArcMap GeoPDF)", "extraction_method": "geopdf_vector", "georef_max_residual_m": 0.3, "conduit_type": "pipe", "pipe_diameter_mm": 400.0, "diameter_source": "legend_colour", "diameter_candidates_mm": null, "label_diameter_mm": null, "label_agrees": null, "scheme": null, "flow_arrow": "end" }, "geometry": { "type": "LineString", "coordinates": [ [ 88.404957072831635, 22.480144745327898 ], [ 88.405064976475245, 22.480195432914389 ], [ 88.405187795990045, 22.480256315324368 ], [ 88.405291997231842, 22.480307034736281 ], [ 88.40539246063922, 22.480354344977769 ], [ 88.405556185395568, 22.480432080198621 ], [ 88.405671389795572, 22.480472380369228 ] ] } },
{ "type": "Feature", "properties": { "ward": 109, "source_sheet": "109_Haltu.pdf p1", "source": "KMC ward sewerage network map (ArcMap GeoPDF)", "extraction_method": "geopdf_vector", "georef_max_residual_m": 0.3, "conduit_type": "pipe", "pipe_diameter_mm": 300.0, "diameter_source": "legend_colour", "diameter_candidates_mm": null, "label_diameter_mm": 300.0, "label_agrees": true, "scheme": null, "flow_arrow": "end" }, "geometry": { "type": "LineString", "coordinates": [ [ 88.388869658042665, 22.483314704402368 ], [ 88.388842491836627, 22.483191048830065 ], [ 88.388819478491484, 22.483112094857955 ], [ 88.388788574937479, 22.482985029911998 ] ] } },
{ "type": "Feature", "properties": { "ward": 109, "source_sheet": "109_Haltu.pdf p1", "source": "KMC ward sewerage network map (ArcMap GeoPDF)", "extraction_method": "geopdf_vector", "georef_max_residual_m": 0.3, "conduit_type": "pipe", "pipe_diameter_mm": 450.0, "diameter_source": "legend_colour", "diameter_candidates_mm": null, "label_diameter_mm": 450.0, "label_agrees": true, "scheme": null, "flow_arrow": "end" }, "geometry": { "type": "LineString", "coordinates": [ [ 88.39140312198775, 22.486672426155526 ], [ 88.391433335126678, 22.48673067002262 ], [ 88.391599524444644, 22.48705273193719 ], [ 88.391607069093808, 22.48706643257918 ], [ 88.391720342680557, 22.487282266350366 ], [ 88.392060200350457, 22.487933207725185 ] ] } },
{ "type": "Feature", "properties": { "ward": 109, "source_sheet": "109_Haltu.pdf p1", "source": "KMC ward sewerage network map (ArcMap GeoPDF)", "extraction_method": "geopdf_vector", "georef_max_residual_m": 0.3, "conduit_type": "pipe", "pipe_diameter_mm": 300.0, "diameter_source": "legend_colour", "diameter_candidates_mm": null, "label_diameter_mm": 300.0, "label_agrees": true, "scheme": null, "flow_arrow": "end" }, "geometry": { "type": "LineString", "coordinates": [ [ 88.390457524161135, 22.486178081040563 ], [ 88.390914088763665, 22.486284299075919 ], [ 88.391085887093311, 22.486795586078671 ], [ 88.39140312198775, 22.486672426155526 ] ] } },
{ "type": "Feature", "properties": { "ward": 109, "source_sheet": "109_Haltu.pdf p1", "source": "KMC ward sewerage network map (ArcMap GeoPDF)", "extraction_method": "geopdf_vector", "georef_max_residual_m": 0.3, "conduit_type": "pipe", "pipe_diameter_mm": 600.0, "diameter_source": "legend_colour", "diameter_candidates_mm": null, "label_diameter_mm": 600.0, "label_agrees": true, "scheme": null, "flow_arrow": "end" }, "geometry": { "type": "LineString", "coordinates": [ [ 88.390360812509144, 22.488708276621143 ], [ 88.390124690397002, 22.488796328123318 ], [ 88.389958681330285, 22.488859690893403 ], [ 88.389807449336544, 22.488919485801432 ], [ 88.389711519071895, 22.488954718846028 ], [ 88.389379500136002, 22.489081443261874 ], [ 88.389183970600399, 22.489155381411386 ], [ 88.388992109186347, 22.489225846591641 ], [ 88.388770727747414, 22.489306887595028 ] ] } },
{ "type": "Feature", "properties": { "ward": 109, "source_sheet": "109_Haltu.pdf p1", "source": "KMC ward sewerage network map (ArcMap GeoPDF)", "extraction_method": "geopdf_vector", "georef_max_residual_m": 0.3, "conduit_type": "box_sewer", "pipe_diameter_mm": null, "diameter_source": null, "diameter_candidates_mm": null, "label_diameter_mm": null, "label_agrees": null, "scheme": null, "flow_arrow": "end" }, "geometry": { "type": "LineString", "coordinates": [ [ 88.393567801248139, 22.486870694557577 ], [ 88.393189911564875, 22.487221505216635 ], [ 88.392998610858228, 22.487347031248717 ], [ 88.392866139722997, 22.487430757486017 ], [ 88.392770489194419, 22.487493520277059 ], [ 88.392693248899292, 22.487545801565908 ], [ 88.392549772757661, 22.487639945733353 ], [ 88.392468794633459, 22.487688817520738 ], [ 88.392384148234882, 22.487741161940114 ], [ 88.392303135270879, 22.487786592683616 ], [ 88.392225859911207, 22.487835432654261 ], [ 88.39211172896205, 22.487901794690863 ], [ 88.39201233994369, 22.487961147795097 ], [ 88.39183567536142, 22.488069340779603 ], [ 88.391574224669824, 22.488216113450047 ], [ 88.391408286580642, 22.488286359725905 ], [ 88.391349247655171, 22.488307512723377 ], [ 88.391316060003803, 22.488321561861319 ], [ 88.391268130070799, 22.488342619930751 ], [ 88.39121286344195, 22.488370623135598 ], [ 88.39101384116691, 22.488465241182588 ], [ 88.390818278932713, 22.488535740264169 ], [ 88.390663310055487, 22.488592126642704 ], [ 88.390508341045233, 22.488648512878157 ], [ 88.390360812509144, 22.488708276621143 ] ] } },
{ "type": "Feature", "properties": { "ward": 109, "source_sheet": "109_Haltu.pdf p1", "source": "KMC ward sewerage network map (ArcMap GeoPDF)", "extraction_method": "geopdf_vector", "georef_max_residual_m": 0.3, "conduit_type": "pipe", "pipe_diameter_mm": 300.0, "diameter_source": "legend_colour", "diameter_candidates_mm": null, "label_diameter_mm": 300.0, "label_agrees": true, "scheme": null, "flow_arrow": "end" }, "geometry": { "type": "LineString", "coordinates": [ [ 88.392687938175982, 22.495457428023567 ], [ 88.392780898634896, 22.495494486116627 ], [ 88.392925841851707, 22.495544864118703 ], [ 88.392846492553105, 22.495755463917902 ], [ 88.392792300549516, 22.495890139309477 ] ] } },
{ "type": "Feature", "properties": { "ward": 109, "source_sheet": "109_Haltu.pdf p1", "source": "KMC ward sewerage network map (ArcMap GeoPDF)", "extraction_method": "geopdf_vector", "georef_max_residual_m": 0.3, "conduit_type": "pipe", "pipe_diameter_mm": 300.0, "diameter_source": "legend_colour", "diameter_candidates_mm": null, "label_diameter_mm": null, "label_agrees": null, "scheme": null, "flow_arrow": "end" }, "geometry": { "type": "LineString", "coordinates": [ [ 88.392821444488973, 22.495108711805106 ], [ 88.392814385832594, 22.495143185446363 ], [ 88.392763827649475, 22.495270947035966 ], [ 88.392720467201528, 22.495377999252074 ], [ 88.392687938175982, 22.495457428023567 ], [ 88.392633607302386, 22.495578339375168 ], [ 88.392579276185131, 22.495699250712796 ], [ 88.392557578545222, 22.495751056176289 ] ] } },
{ "type": "Feature", "properties": { "ward": 109, "source_sheet": "109_Haltu.pdf p1", "source": "KMC ward sewerage network map (ArcMap GeoPDF)", "extraction_method": "geopdf_vector", "georef_max_residual_m": 0.3, "conduit_type": "pipe", "pipe_diameter_mm": 300.0, "diameter_source": "legend_colour", "diameter_candidates_mm": null, "label_diameter_mm": 300.0, "label_agrees": true, "scheme": null, "flow_arrow": "end" }, "geometry": { "type": "LineString", "coordinates": [ [ 88.392387623933146, 22.495057366667112 ], [ 88.392304431968384, 22.495254233958708 ], [ 88.392246467145739, 22.495382058977121 ], [ 88.392192170481195, 22.495506411163028 ], [ 88.39217767062965, 22.495537507097769 ] ] } },
{ "type": "Feature", "properties": { "ward": 109, "source_sheet": "109_Haltu.pdf p1", "source": "KMC ward sewerage network map (ArcMap GeoPDF)", "extraction_method": "geopdf_vector", "georef_max_residual_m": 0.3, "conduit_type": "pipe", "pipe_diameter_mm": 300.0, "diameter_source": "legend_colour", "diameter_candidates_mm": null, "label_diameter_mm": 450.0, "label_agrees": false, "scheme": null, "flow_arrow": "end" }, "geometry": { "type": "LineString", "coordinates": [ [ 88.389157071909267, 22.488322812027356 ], [ 88.389068443699202, 22.488347658220349 ], [ 88.388953894889241, 22.488372725893871 ], [ 88.388820935287001, 22.488408274516217 ], [ 88.388665792468188, 22.488447453866296 ], [ 88.388495872480775, 22.488490200648659 ], [ 88.388399872722829, 22.48851855083111 ], [ 88.388307576042905, 22.488546869345353 ] ] } },
{ "type": "Feature", "properties": { "ward": 109, "source_sheet": "109_Haltu.pdf p1", "source": "KMC ward sewerage network map (ArcMap GeoPDF)", "extraction_method": "geopdf_vector", "georef_max_residual_m": 0.3, "conduit_type": "pipe", "pipe_diameter_mm": 300.0, "diameter_source": "legend_colour", "diameter_candidates_mm": null, "label_diameter_mm": 300.0, "label_agrees": true, "scheme": null, "flow_arrow": "end" }, "geometry": { "type": "LineString", "coordinates": [ [ 88.388609929354445, 22.487312295402127 ], [ 88.388477316897152, 22.487382253989587 ], [ 88.388344704149333, 22.487452212618745 ], [ 88.388219462675664, 22.487518666811848 ], [ 88.388094220924231, 22.487585120914442 ], [ 88.387972682146184, 22.487651543321181 ], [ 88.387876890496912, 22.487700539292728 ], [ 88.387806915568547, 22.487738990958029 ] ] } },
{ "type": "Feature", "properties": { "ward": 109, "source_sheet": "109_Haltu.pdf p1", "source": "KMC ward sewerage network map (ArcMap GeoPDF)", "extraction_method": "geopdf_vector", "georef_max_residual_m": 0.3, "conduit_type": "pipe", "pipe_diameter_mm": 300.0, "diameter_source": "legend_colour", "diameter_candidates_mm": null, "label_diameter_mm": 300.0, "label_agrees": true, "scheme": null, "flow_arrow": "end" }, "geometry": { "type": "LineString", "coordinates": [ [ 88.389365233574338, 22.488400184033477 ], [ 88.389475698189315, 22.48833729646622 ], [ 88.389567717380487, 22.488281449111483 ], [ 88.389700295411259, 22.488208048648872 ], [ 88.389807056761043, 22.488145192511386 ], [ 88.38996905015307, 22.488050892427239 ], [ 88.390005871514859, 22.488029929830923 ] ] } },
{ "type": "Feature", "properties": { "ward": 109, "source_sheet": "109_Haltu.pdf p1", "source": "KMC ward sewerage network map (ArcMap GeoPDF)", "extraction_method": "geopdf_vector", "georef_max_residual_m": 0.3, "conduit_type": "pipe", "pipe_diameter_mm": 300.0, "diameter_source": "legend_colour", "diameter_candidates_mm": null, "label_diameter_mm": 300.0, "label_agrees": true, "scheme": null, "flow_arrow": "end" }, "geometry": { "type": "LineString", "coordinates": [ [ 88.388664332865062, 22.487566488518098 ], [ 88.388568541540224, 22.487615484886085 ], [ 88.388469081984084, 22.487667953928153 ], [ 88.388347508555185, 22.487730935641146 ], [ 88.388207524292952, 22.487804398224696 ], [ 88.3881006585611, 22.48785693026845 ], [ 88.388004901592311, 22.487909367290648 ], [ 88.387934891988735, 22.487944378041789 ], [ 88.387931189038298, 22.487944409643987 ] ] } },
{ "type": "Feature", "properties": { "ward": 109, "source_sheet": "109_Haltu.pdf p1", "source": "KMC ward sewerage network map (ArcMap GeoPDF)", "extraction_method": "geopdf_vector", "georef_max_residual_m": 0.3, "conduit_type": "pipe", "pipe_diameter_mm": 300.0, "diameter_source": "legend_colour", "diameter_candidates_mm": null, "label_diameter_mm": 300.0, "label_agrees": true, "scheme": null, "flow_arrow": "end" }, "geometry": { "type": "LineString", "coordinates": [ [ 88.388360724436509, 22.486836079494896 ], [ 88.388228146746641, 22.486909478981676 ], [ 88.388095534451068, 22.486979437248596 ], [ 88.387929768888341, 22.487066884973238 ], [ 88.38782667558165, 22.48712626716247 ], [ 88.387719810197112, 22.48717879893886 ], [ 88.387612910124403, 22.487227889531635 ], [ 88.387520787105657, 22.487273412717119 ] ] } },
{ "type": "Feature", "properties": { "ward": 109, "source_sheet": "109_Haltu.pdf p1", "source": "KMC ward sewerage network map (ArcMap GeoPDF)", "extraction_method": "geopdf_vector", "georef_max_residual_m": 0.3, "conduit_type": "pipe", "pipe_diameter_mm": 300.0, "diameter_source": "legend_colour", "diameter_candidates_mm": null, "label_diameter_mm": 300.0, "label_agrees": true, "scheme": null, "flow_arrow": "end" }, "geometry": { "type": "LineString", "coordinates": [ [ 88.387795010449807, 22.486923499534996 ], [ 88.387953404862998, 22.486839556125819 ], [ 88.388111729848404, 22.486748730481228 ], [ 88.388259049731403, 22.486668322718714 ] ] } },
{ "type": "Feature", "properties": { "ward": 109, "source_sheet": "109_Haltu.pdf p1", "source": "KMC ward sewerage network map (ArcMap GeoPDF)", "extraction_method": "geopdf_vector", "georef_max_residual_m": 0.3, "conduit_type": "pipe", "pipe_diameter_mm": 300.0, "diameter_source": "legend_colour", "diameter_candidates_mm": null, "label_diameter_mm": 300.0, "label_agrees": true, "scheme": null, "flow_arrow": "end" }, "geometry": { "type": "LineString", "coordinates": [ [ 88.388830133132259, 22.487482481007415 ], [ 88.38889643948221, 22.487447501654223 ], [ 88.389010606376289, 22.487384582803859 ], [ 88.389117402250406, 22.487325168246262 ], [ 88.38919107935854, 22.487286684409845 ], [ 88.389290503861957, 22.487230773975263 ], [ 88.389426818658521, 22.487160783109765 ], [ 88.389456303325176, 22.487146765856163 ] ] } },
{ "type": "Feature", "properties": { "ward": 109, "source_sheet": "109_Haltu.pdf p1", "source": "KMC ward sewerage network map (ArcMap GeoPDF)", "extraction_method": "geopdf_vector", "georef_max_residual_m": 0.3, "conduit_type": "pipe", "pipe_diameter_mm": 300.0, "diameter_source": "legend_colour", "diameter_candidates_mm": null, "label_diameter_mm": 300.0, "label_agrees": true, "scheme": null, "flow_arrow": "end" }, "geometry": { "type": "LineString", "coordinates": [ [ 88.388612766578618, 22.487226238204499 ], [ 88.388734304817476, 22.487159815344402 ], [ 88.388888995944811, 22.4870759026523 ], [ 88.389054726217623, 22.486985012856326 ], [ 88.389216788144765, 22.486897595643111 ], [ 88.38924616885221, 22.486873255516706 ], [ 88.38927188127208, 22.486852387844355 ] ] } },
{ "type": "Feature", "properties": { "ward": 109, "source_sheet": "109_Haltu.pdf p1", "source": "KMC ward sewerage network map (ArcMap GeoPDF)", "extraction_method": "geopdf_vector", "georef_max_residual_m": 0.3, "conduit_type": "pipe", "pipe_diameter_mm": 300.0, "diameter_source": "legend_colour", "diameter_candidates_mm": null, "label_diameter_mm": 300.0, "label_agrees": true, "scheme": null, "flow_arrow": "end" }, "geometry": { "type": "LineString", "coordinates": [ [ 88.388498112737679, 22.486872761116917 ], [ 88.38873014912734, 22.486746892447169 ], [ 88.389083861029349, 22.486568364398821 ], [ 88.389106078501342, 22.486568174636517 ] ] } },
{ "type": "Feature", "properties": { "ward": 109, "source_sheet": "109_Haltu.pdf p1", "source": "KMC ward sewerage network map (ArcMap GeoPDF)", "extraction_method": "geopdf_vector", "georef_max_residual_m": 0.3, "conduit_type": "pipe", "pipe_diameter_mm": 300.0, "diameter_source": "legend_colour", "diameter_candidates_mm": null, "label_diameter_mm": 300.0, "label_agrees": true, "scheme": null, "flow_arrow": "end" }, "geometry": { "type": "LineString", "coordinates": [ [ 88.38932612962077, 22.488562260049701 ], [ 88.389148803806691, 22.488605070786956 ], [ 88.389026918152155, 22.488637083724338 ], [ 88.388882849419957, 22.488672727436406 ], [ 88.388760929154472, 22.488701299206305 ], [ 88.388683374901916, 22.488722609364039 ], [ 88.388531969290852, 22.488765197953921 ], [ 88.388458117933709, 22.488786476389496 ] ] } },
{ "type": "Feature", "properties": { "ward": 109, "source_sheet": "109_Haltu.pdf p1", "source": "KMC ward sewerage network map (ArcMap GeoPDF)", "extraction_method": "geopdf_vector", "georef_max_residual_m": 0.3, "conduit_type": "pipe", "pipe_diameter_mm": 300.0, "diameter_source": "legend_colour", "diameter_candidates_mm": null, "label_diameter_mm": 300.0, "label_agrees": true, "scheme": null, "flow_arrow": "end" }, "geometry": { "type": "LineString", "coordinates": [ [ 88.388386092425492, 22.487149023020748 ], [ 88.388235069200519, 22.487229462668388 ], [ 88.388095119978757, 22.487306366251929 ], [ 88.387988289184136, 22.487362339179576 ], [ 88.387896235434994, 22.487414744522447 ], [ 88.387745211620512, 22.487495183737227 ], [ 88.387678905085664, 22.48753016263089 ] ] } },
{ "type": "Feature", "properties": { "ward": 109, "source_sheet": "109_Haltu.pdf p1", "source": "KMC ward sewerage network map (ArcMap GeoPDF)", "extraction_method": "geopdf_vector", "georef_max_residual_m": 0.3, "conduit_type": "pipe", "pipe_diameter_mm": 300.0, "diameter_source": "legend_colour", "diameter_candidates_mm": null, "label_diameter_mm": 300.0, "label_agrees": true, "scheme": null, "flow_arrow": "end" }, "geometry": { "type": "LineString", "coordinates": [ [ 88.38920676505137, 22.488109025731486 ], [ 88.389295185202187, 22.488063533218877 ], [ 88.389387273440803, 22.48801456805591 ], [ 88.389486767663925, 22.487965539566289 ], [ 88.389637686906639, 22.487874775695769 ], [ 88.389770160547357, 22.487791051997633 ], [ 88.389851555674724, 22.487783473868131 ] ] } },
{ "type": "Feature", "properties": { "ward": 109, "source_sheet": "109_Haltu.pdf p1", "source": "KMC ward sewerage network map (ArcMap GeoPDF)", "extraction_method": "geopdf_vector", "georef_max_residual_m": 0.3, "conduit_type": "pipe", "pipe_diameter_mm": 300.0, "diameter_source": "legend_colour", "diameter_candidates_mm": null, "label_diameter_mm": 300.0, "label_agrees": true, "scheme": null, "flow_arrow": "end" }, "geometry": { "type": "LineString", "coordinates": [ [ 88.38957149467042, 22.488656520687066 ], [ 88.389692964149461, 22.488583214994161 ], [ 88.389840180930761, 22.488492482556946 ], [ 88.389961650273946, 22.488419176816485 ], [ 88.390097827160716, 22.488335421188683 ], [ 88.390171643318098, 22.488310700912862 ] ] } },
{ "type": "Feature", "properties": { "ward": 109, "source_sheet": "109_Haltu.pdf p1", "source": "KMC ward sewerage network map (ArcMap GeoPDF)", "extraction_method": "geopdf_vector", "georef_max_residual_m": 0.3, "conduit_type": "pipe", "pipe_diameter_mm": 300.0, "diameter_source": "legend_colour", "diameter_candidates_mm": null, "label_diameter_mm": 300.0, "label_agrees": true, "scheme": null, "flow_arrow": "end" }, "geometry": { "type": "LineString", "coordinates": [ [ 88.389458262485235, 22.488812347439762 ], [ 88.389173931602357, 22.488893926938815 ], [ 88.389011451854486, 22.48894005184496 ], [ 88.388616308737255, 22.489050107390817 ] ] } },
{ "type": "Feature", "properties": { "ward": 109, "source_sheet": "109_Haltu.pdf p1", "source": "KMC ward sewerage network map (ArcMap GeoPDF)", "extraction_method": "geopdf_vector", "georef_max_residual_m": 0.3, "conduit_type": "pipe", "pipe_diameter_mm": 300.0, "diameter_source": "legend_colour", "diameter_candidates_mm": null, "label_diameter_mm": 300.0, "label_agrees": true, "scheme": null, "flow_arrow": "end" }, "geometry": { "type": "LineString", "coordinates": [ [ 88.388555636713761, 22.488173088940346 ], [ 88.388419043472311, 22.488215550930509 ], [ 88.388341489425599, 22.488236861057253 ], [ 88.388267638309955, 22.488258139394166 ], [ 88.38819749012886, 22.48827938608963 ], [ 88.388145787330927, 22.488293592633006 ] ] } },
{ "type": "Feature", "properties": { "ward": 109, "source_sheet": "109_Haltu.pdf p1", "source": "KMC ward sewerage network map (ArcMap GeoPDF)", "extraction_method": "geopdf_vector", "georef_max_residual_m": 0.3, "conduit_type": "pipe", "pipe_diameter_mm": 300.0, "diameter_source": "legend_colour", "diameter_candidates_mm": null, "label_diameter_mm": null, "label_agrees": null, "scheme": null, "flow_arrow": "end" }, "geometry": { "type": "LineString", "coordinates": [ [ 88.395735550321476, 22.496157409304857 ], [ 88.395777886643174, 22.496315346054971 ], [ 88.395808730534057, 22.496435526925094 ], [ 88.395827942647642, 22.496504188241335 ], [ 88.395903886172803, 22.496689366866416 ], [ 88.395934173065768, 22.496754491671574 ], [ 88.395983498260122, 22.496871072542099 ], [ 88.396036457064596, 22.496980739678047 ], [ 88.396085747450698, 22.497093879550523 ] ] } },
{ "type": "Feature", "properties": { "ward": 109, "source_sheet": "109_Haltu.pdf p1", "source": "KMC ward sewerage network map (ArcMap GeoPDF)", "extraction_method": "geopdf_vector", "georef_max_residual_m": 0.3, "conduit_type": "pipe", "pipe_diameter_mm": 300.0, "diameter_source": "legend_colour", "diameter_candidates_mm": null, "label_diameter_mm": 300.0, "label_agrees": true, "scheme": null, "flow_arrow": "end" }, "geometry": { "type": "LineString", "coordinates": [ [ 88.413840318514517, 22.488068780909856 ], [ 88.41469420608621, 22.487916819722699 ], [ 88.414856851155577, 22.48788787421115 ] ] } },
{ "type": "Feature", "properties": { "ward": 109, "source_sheet": "109_Haltu.pdf p1", "source": "KMC ward sewerage network map (ArcMap GeoPDF)", "extraction_method": "geopdf_vector", "georef_max_residual_m": 0.3, "conduit_type": "pipe", "pipe_diameter_mm": 400.0, "diameter_source": "legend_colour", "diameter_candidates_mm": null, "label_diameter_mm": 400.0, "label_agrees": true, "scheme": null, "flow_arrow": "end" }, "geometry": { "type": "LineString", "coordinates": [ [ 88.414856851155577, 22.48788787421115 ], [ 88.415071336511048, 22.487858477392841 ], [ 88.41519317904806, 22.487823004015056 ], [ 88.415318336083985, 22.487749647494024 ], [ 88.415391793862156, 22.487690506158131 ], [ 88.41544691370116, 22.487648730905914 ], [ 88.415516774354884, 22.487599944690068 ], [ 88.415550029687822, 22.487592772562948 ] ] } },
{ "type": "Feature", "properties": { "ward": 109, "source_sheet": "109_Haltu.pdf p1", "source": "KMC ward sewerage network map (ArcMap GeoPDF)", "extraction_method": "geopdf_vector", "georef_max_residual_m": 0.3, "conduit_type": "pipe", "pipe_diameter_mm": 500.0, "diameter_source": "legend_colour", "diameter_candidates_mm": null, "label_diameter_mm": 500.0, "label_agrees": true, "scheme": null, "flow_arrow": "end" }, "geometry": { "type": "LineString", "coordinates": [ [ 88.415550029687822, 22.487592772562948 ], [ 88.415651207556593, 22.487708895550604 ], [ 88.415678363140756, 22.487829104341358 ], [ 88.415627581716507, 22.487932785200979 ], [ 88.415535821155601, 22.488012733845874 ], [ 88.415589038283088, 22.488146480860266 ], [ 88.415767098718575, 22.488537237752354 ], [ 88.415775179121269, 22.488963887525301 ] ] } },
{ "type": "Feature", "properties": { "ward": 109, "source_sheet": "109_Haltu.pdf p1", "source": "KMC ward sewerage network map (ArcMap GeoPDF)", "extraction_method": "geopdf_vector", "georef_max_residual_m": 0.3, "conduit_type": "pipe", "pipe_diameter_mm": 300.0, "diameter_source": "legend_colour", "diameter_candidates_mm": null, "label_diameter_mm": 300.0, "label_agrees": true, "scheme": null, "flow_arrow": "end" }, "geometry": { "type": "LineString", "coordinates": [ [ 88.415094220458144, 22.487200991474872 ], [ 88.415223150622666, 22.48713448483009 ], [ 88.415507283357698, 22.487035655362465 ] ] } },
{ "type": "Feature", "properties": { "ward": 109, "source_sheet": "109_Haltu.pdf p1", "source": "KMC ward sewerage network map (ArcMap GeoPDF)", "extraction_method": "geopdf_vector", "georef_max_residual_m": 0.3, "conduit_type": "pipe", "pipe_diameter_mm": 300.0, "diameter_source": "legend_colour", "diameter_candidates_mm": null, "label_diameter_mm": 300.0, "label_agrees": true, "scheme": null, "flow_arrow": "end" }, "geometry": { "type": "LineString", "coordinates": [ [ 88.415094220458144, 22.487200991474872 ], [ 88.414800777450822, 22.487475407056095 ], [ 88.414801341866735, 22.487530462697624 ], [ 88.414856851155577, 22.48788787421115 ] ] } },
{ "type": "Feature", "properties": { "ward": 109, "source_sheet": "109_Haltu.pdf p1", "source": "KMC ward sewerage network map (ArcMap GeoPDF)", "extraction_method": "geopdf_vector", "georef_max_residual_m": 0.3, "conduit_type": "pipe", "pipe_diameter_mm": 400.0, "diameter_source": "legend_colour", "diameter_candidates_mm": null, "label_diameter_mm": 400.0, "label_agrees": true, "scheme": null, "flow_arrow": "end" }, "geometry": { "type": "LineString", "coordinates": [ [ 88.415158855341815, 22.485920268143303 ], [ 88.415200680355937, 22.486026584161468 ], [ 88.415242540723739, 22.486136341240226 ], [ 88.415280592443125, 22.486235807590177 ], [ 88.415330070242788, 22.486366146063389 ], [ 88.415376057158511, 22.486517162624814 ], [ 88.415399191890828, 22.486606434769488 ], [ 88.415426135247074, 22.486705997761028 ], [ 88.415449375769413, 22.486805592977678 ], [ 88.415476425236037, 22.486915478749381 ], [ 88.415507283357698, 22.487035655362465 ], [ 88.415526468187508, 22.487100872900417 ], [ 88.415572385015139, 22.487245007505468 ], [ 88.415488524728602, 22.487373065254427 ], [ 88.415537650399884, 22.487468993866656 ], [ 88.41557552626908, 22.487551255013159 ], [ 88.415550029687822, 22.487592772562948 ] ] } },
{ "type": "Feature", "properties": { "ward": 109, "source_sheet": "109_Haltu.pdf p1", "source": "KMC ward sewerage network map (ArcMap GeoPDF)", "extraction_method": "geopdf_vector", "georef_max_residual_m": 0.3, "conduit_type": "pipe", "pipe_diameter_mm": 300.0, "diameter_source": "legend_colour", "diameter_candidates_mm": null, "label_diameter_mm": 300.0, "label_agrees": true, "scheme": null, "flow_arrow": "end" }, "geometry": { "type": "LineString", "coordinates": [ [ 88.413201360917867, 22.482086481977991 ], [ 88.413223668213078, 22.483541956411571 ], [ 88.413112901923384, 22.483573890547202 ], [ 88.412472426673787, 22.483589778426015 ], [ 88.412426866540969, 22.483480052600992 ], [ 88.412411527374061, 22.483428566445991 ] ] } },
{ "type": "Feature", "properties": { "ward": 109, "source_sheet": "109_Haltu.pdf p1", "source": "KMC ward sewerage network map (ArcMap GeoPDF)", "extraction_method": "geopdf_vector", "georef_max_residual_m": 0.3, "conduit_type": "pipe", "pipe_diameter_mm": 600.0, "diameter_source": "legend_colour", "diameter_candidates_mm": null, "label_diameter_mm": 600.0, "label_agrees": true, "scheme": null, "flow_arrow": "end" }, "geometry": { "type": "LineString", "coordinates": [ [ 88.412248342275518, 22.482318444644136 ], [ 88.412224435943443, 22.482153470057629 ], [ 88.412208392972332, 22.482033163937288 ], [ 88.412184662763636, 22.481885394173073 ], [ 88.412164846721296, 22.481758238170279 ], [ 88.412144889767205, 22.481617318262181 ], [ 88.412121124677967, 22.481466107533421 ], [ 88.412105328148385, 22.481369888391679 ] ] } },
{ "type": "Feature", "properties": { "ward": 109, "source_sheet": "109_Haltu.pdf p1", "source": "KMC ward sewerage network map (ArcMap GeoPDF)", "extraction_method": "geopdf_vector", "georef_max_residual_m": 0.3, "conduit_type": "pipe", "pipe_diameter_mm": 400.0, "diameter_source": "legend_colour", "diameter_candidates_mm": null, "label_diameter_mm": 400.0, "label_agrees": true, "scheme": null, "flow_arrow": "end" }, "geometry": { "type": "LineString", "coordinates": [ [ 88.412411527374061, 22.483428566445991 ], [ 88.41240355843496, 22.483373574892433 ], [ 88.412387514952314, 22.483253268824097 ], [ 88.41236759283197, 22.483115789928462 ] ] } },
{ "type": "Feature", "properties": { "ward": 109, "source_sheet": "109_Haltu.pdf p1", "source": "KMC ward sewerage network map (ArcMap GeoPDF)", "extraction_method": "geopdf_vector", "georef_max_residual_m": 0.3, "conduit_type": "pipe", "pipe_diameter_mm": 500.0, "diameter_source": "legend_colour", "diameter_candidates_mm": null, "label_diameter_mm": 500.0, "label_agrees": true, "scheme": null, "flow_arrow": "end" }, "geometry": { "type": "LineString", "coordinates": [ [ 88.41236759283197, 22.483115789928462 ], [ 88.412339877765447, 22.482940524587281 ], [ 88.412319779721642, 22.482785840696618 ], [ 88.412292135369739, 22.482617457209678 ], [ 88.412248342275518, 22.482318444644136 ] ] } },
{ "type": "Feature", "properties": { "ward": 109, "source_sheet": "109_Haltu.pdf p1", "source": "KMC ward sewerage network map (ArcMap GeoPDF)", "extraction_method": "geopdf_vector", "georef_max_residual_m": 0.3, "conduit_type": "pipe", "pipe_diameter_mm": 300.0, "diameter_source": "legend_colour", "diameter_candidates_mm": null, "label_diameter_mm": null, "label_agrees": null, "scheme": null, "flow_arrow": "end" }, "geometry": { "type": "LineString", "coordinates": [ [ 88.411667362884714, 22.482357901580809 ], [ 88.411811699680356, 22.482349766046944 ], [ 88.411956001255163, 22.482338189445425 ], [ 88.412107708323731, 22.482326548416324 ], [ 88.412207647248579, 22.482322239403917 ], [ 88.412229828464177, 22.482318605408537 ], [ 88.412248342275518, 22.482318444644136 ] ] } },
{ "type": "Feature", "properties": { "ward": 109, "source_sheet": "109_Haltu.pdf p1", "source": "KMC ward sewerage network map (ArcMap GeoPDF)", "extraction_method": "geopdf_vector", "georef_max_residual_m": 0.3, "conduit_type": "pipe", "pipe_diameter_mm": 300.0, "diameter_source": "legend_colour", "diameter_candidates_mm": null, "label_diameter_mm": 300.0, "label_agrees": true, "scheme": null, "flow_arrow": "end" }, "geometry": { "type": "LineString", "coordinates": [ [ 88.41185353437406, 22.483543533133631 ], [ 88.411841334910491, 22.483436958743482 ], [ 88.411821765241157, 22.483333889720658 ], [ 88.411802125061413, 22.483223938672481 ], [ 88.411774692374834, 22.483076201143181 ], [ 88.411747013404707, 22.482904376454982 ], [ 88.411731076141507, 22.482794393387433 ], [ 88.411707276028977, 22.4826397415234 ], [ 88.41168337025421, 22.482474766689478 ], [ 88.411667362884714, 22.482357901580809 ] ] } },
{ "type": "Feature", "properties": { "ward": 109, "source_sheet": "109_Haltu.pdf p1", "source": "KMC ward sewerage network map (ArcMap GeoPDF)", "extraction_method": "geopdf_vector", "georef_max_residual_m": 0.3, "conduit_type": "pipe", "pipe_diameter_mm": 300.0, "diameter_source": "legend_colour", "diameter_candidates_mm": null, "label_diameter_mm": 300.0, "label_agrees": true, "scheme": null, "flow_arrow": "end" }, "geometry": { "type": "LineString", "coordinates": [ [ 88.412166750444698, 22.48375417394027 ], [ 88.412154656482244, 22.483657922690366 ], [ 88.412142703199763, 22.483575435336025 ], [ 88.412130714731688, 22.48348950704078 ], [ 88.412110687208383, 22.483341705146884 ], [ 88.41209492559716, 22.483248926975023 ], [ 88.412071160177618, 22.483097716280074 ], [ 88.412047359465419, 22.482943064638718 ], [ 88.412027472940139, 22.482809026615271 ], [ 88.412007586307894, 22.482674988729965 ], [ 88.411991684229193, 22.482568446632122 ], [ 88.411971973665189, 22.482451613574188 ], [ 88.411956001255163, 22.482338189445425 ] ] } },
{ "type": "Feature", "properties": { "ward": 109, "source_sheet": "109_Haltu.pdf p1", "source": "KMC ward sewerage network map (ArcMap GeoPDF)", "extraction_method": "geopdf_vector", "georef_max_residual_m": 0.3, "conduit_type": "pipe", "pipe_diameter_mm": 300.0, "diameter_source": "legend_colour", "diameter_candidates_mm": null, "label_diameter_mm": null, "label_agrees": null, "scheme": null, "flow_arrow": "end" }, "geometry": { "type": "LineString", "coordinates": [ [ 88.411841334910491, 22.483436958743482 ], [ 88.411900579283397, 22.483436444410962 ], [ 88.412059728337638, 22.483428180155425 ], [ 88.412178217217374, 22.483427151307158 ], [ 88.412270786548589, 22.483426347459769 ], [ 88.412355985654898, 22.483429048810407 ], [ 88.412411527374061, 22.483428566445991 ] ] } },
{ "type": "Feature", "properties": { "ward": 109, "source_sheet": "109_Haltu.pdf p1", "source": "KMC ward sewerage network map (ArcMap GeoPDF)", "extraction_method": "geopdf_vector", "georef_max_residual_m": 0.3, "conduit_type": "pipe", "pipe_diameter_mm": 300.0, "diameter_source": "legend_colour", "diameter_candidates_mm": null, "label_diameter_mm": 300.0, "label_agrees": true, "scheme": null, "flow_arrow": "end" }, "geometry": { "type": "LineString", "coordinates": [ [ 88.410647306797017, 22.483640032877446 ], [ 88.410776833988194, 22.483632026670826 ] ] } },
{ "type": "Feature", "properties": { "ward": 109, "source_sheet": "109_Haltu.pdf p1", "source": "KMC ward sewerage network map (ArcMap GeoPDF)", "extraction_method": "geopdf_vector", "georef_max_residual_m": 0.3, "conduit_type": "pipe", "pipe_diameter_mm": 300.0, "diameter_source": "legend_colour", "diameter_candidates_mm": null, "label_diameter_mm": 300.0, "label_agrees": true, "scheme": null, "flow_arrow": "end" }, "geometry": { "type": "LineString", "coordinates": [ [ 88.411539220232896, 22.483587557045471 ], [ 88.411376403477718, 22.48359929401418 ], [ 88.411269057987184, 22.483603666967095 ], [ 88.411172855903885, 22.483611384256601 ], [ 88.411069213188213, 22.48361572494699 ], [ 88.41094338884055, 22.483623699118766 ], [ 88.410776833988194, 22.483632026670826 ] ] } },
{ "type": "Feature", "properties": { "ward": 109, "source_sheet": "109_Haltu.pdf p1", "source": "KMC ward sewerage network map (ArcMap GeoPDF)", "extraction_method": "geopdf_vector", "georef_max_residual_m": 0.3, "conduit_type": "pipe", "pipe_diameter_mm": 300.0, "diameter_source": "legend_colour", "diameter_candidates_mm": null, "label_diameter_mm": 300.0, "label_agrees": true, "scheme": null, "flow_arrow": "end" }, "geometry": { "type": "LineString", "coordinates": [ [ 88.411539220232896, 22.483587557045471 ], [ 88.411568349958628, 22.483539126067523 ], [ 88.411557003225113, 22.483153799254787 ], [ 88.411512112517528, 22.483109451976439 ], [ 88.410771699250134, 22.483129641608208 ] ] } },
{ "type": "Feature", "properties": { "ward": 109, "source_sheet": "109_Haltu.pdf p1", "source": "KMC ward sewerage network map (ArcMap GeoPDF)", "extraction_method": "geopdf_vector", "georef_max_residual_m": 0.3, "conduit_type": "pipe", "pipe_diameter_mm": 500.0, "diameter_source": "legend_colour", "diameter_candidates_mm": null, "label_diameter_mm": 500.0, "label_agrees": true, "scheme": null, "flow_arrow": "end" }, "geometry": { "type": "LineString", "coordinates": [ [ 88.410793398298551, 22.482716497571264 ], [ 88.410794885449576, 22.482499682879972 ], [ 88.410796689128674, 22.482313837082181 ], [ 88.410795634087251, 22.482210607275203 ], [ 88.410797648791871, 22.482045407547862 ], [ 88.410800331685238, 22.481945586559341 ], [ 88.410780692566263, 22.481835635316795 ], [ 88.410580569077055, 22.481820164601913 ], [ 88.410339926287136, 22.481825692916793 ] ] } },
{ "type": "Feature", "properties": { "ward": 109, "source_sheet": "109_Haltu.pdf p1", "source": "KMC ward sewerage network map (ArcMap GeoPDF)", "extraction_method": "geopdf_vector", "georef_max_residual_m": 0.3, "conduit_type": "pipe", "pipe_diameter_mm": 300.0, "diameter_source": "legend_colour", "diameter_candidates_mm": null, "label_diameter_mm": 300.0, "label_agrees": true, "scheme": null, "flow_arrow": "end" }, "geometry": { "type": "LineString", "coordinates": [ [ 88.411489270677237, 22.482686370628084 ], [ 88.411304203140816, 22.482694859346672 ], [ 88.411141317036595, 22.482699714002564 ], [ 88.411004385353479, 22.482707784706346 ], [ 88.410882229421503, 22.482712285723505 ], [ 88.410793398298551, 22.482716497571264 ] ] } },
{ "type": "Feature", "properties": { "ward": 109, "source_sheet": "109_Haltu.pdf p1", "source": "KMC ward sewerage network map (ArcMap GeoPDF)", "extraction_method": "geopdf_vector", "georef_max_residual_m": 0.3, "conduit_type": "pipe", "pipe_diameter_mm": 400.0, "diameter_source": "legend_colour", "diameter_candidates_mm": null, "label_diameter_mm": 400.0, "label_agrees": true, "scheme": null, "flow_arrow": "end" }, "geometry": { "type": "LineString", "coordinates": [ [ 88.410776833988194, 22.483632026670826 ], [ 88.410776200931423, 22.483570088882427 ], [ 88.410774442448542, 22.483398039133053 ], [ 88.410772965337458, 22.483253517478282 ], [ 88.410771699250134, 22.483129641608208 ], [ 88.410773678761984, 22.482961000813162 ], [ 88.410779642407078, 22.482819855851389 ], [ 88.410793398298551, 22.482716497571264 ] ] } },
{ "type": "Feature", "properties": { "ward": 109, "source_sheet": "109_Haltu.pdf p1", "source": "KMC ward sewerage network map (ArcMap GeoPDF)", "extraction_method": "geopdf_vector", "georef_max_residual_m": 0.3, "conduit_type": "pipe", "pipe_diameter_mm": 600.0, "diameter_source": "legend_colour", "diameter_candidates_mm": null, "label_diameter_mm": 600.0, "label_agrees": true, "scheme": null, "flow_arrow": "end" }, "geometry": { "type": "LineString", "coordinates": [ [ 88.410339926287136, 22.481825692916793 ], [ 88.41033950441448, 22.481784400897485 ], [ 88.410334536057562, 22.481660557233287 ], [ 88.410329919423788, 22.481571123558719 ], [ 88.410325372954148, 22.481488571768139 ], [ 88.410321037421596, 22.481426665915468 ] ] } },
{ "type": "Feature", "properties": { "ward": 109, "source_sheet": "109_Haltu.pdf p1", "source": "KMC ward sewerage network map (ArcMap GeoPDF)", "extraction_method": "geopdf_vector", "georef_max_residual_m": 0.3, "conduit_type": "box_sewer", "pipe_diameter_mm": null, "diameter_source": null, "diameter_candidates_mm": null, "label_diameter_mm": null, "label_agrees": null, "scheme": null, "flow_arrow": "end" }, "geometry": { "type": "LineString", "coordinates": [ [ 88.415585389684097, 22.48129145756992 ], [ 88.414241903377288, 22.481361647579995 ], [ 88.414141929875697, 22.481362516880704 ], [ 88.413930874963683, 22.481364351865242 ], [ 88.413823355166258, 22.481351521313723 ], [ 88.412323718300087, 22.481361109467898 ], [ 88.412105328148385, 22.481369888391679 ], [ 88.411920227242291, 22.481374936644137 ], [ 88.411835064736565, 22.481375675935841 ], [ 88.411749937262542, 22.48137985612388 ], [ 88.411668512520521, 22.48138400427213 ], [ 88.411575944523022, 22.481384807704092 ], [ 88.411476006072448, 22.481389116292966 ], [ 88.411372365028711, 22.481393457093965 ], [ 88.411257580577626, 22.481394453132225 ], [ 88.411120615011384, 22.481399082785494 ], [ 88.411005865714415, 22.481403519585811 ], [ 88.410905927367509, 22.48140782796477 ], [ 88.410813359169424, 22.481408630961059 ], [ 88.410706015323072, 22.481413003310788 ], [ 88.410602374206647, 22.481417343475346 ], [ 88.410506138563662, 22.4814216194934 ], [ 88.410409867599085, 22.481422454370321 ], [ 88.410321037421596, 22.481426665915468 ], [ 88.410247018048992, 22.481430748990249 ], [ 88.410117527994061, 22.481442195755218 ], [ 88.409999110990924, 22.481450104887532 ], [ 88.409880729268423, 22.481461455018263 ], [ 88.409725320083808, 22.481473126007213 ], [ 88.409577316354472, 22.481484732809932 ], [ 88.40940709612147, 22.481496531856457 ], [ 88.409266568071217, 22.481514956089853 ], [ 88.409133410342719, 22.481529874954617 ], [ 88.409059425972927, 22.481537398575718 ], [ 88.408856021503823, 22.481563249670092 ], [ 88.408663690232018, 22.481585563500168 ], [ 88.408512053706559, 22.481604083150689 ], [ 88.408323424895045, 22.481626364515222 ], [ 88.408113351873283, 22.481724539804059 ], [ 88.408158311129796, 22.481775770006688 ], [ 88.408207043538212, 22.481833850310665 ], [ 88.408270797491028, 22.481912448167588 ], [ 88.408323232753403, 22.481970496225934 ], [ 88.408371965300688, 22.482028576471649 ], [ 88.408409484274998, 22.482076429773763 ], [ 88.408454443757009, 22.482127659880184 ], [ 88.408495665551712, 22.482175481093016 ], [ 88.408555646992298, 22.482247228994392 ], [ 88.408604379580424, 22.482305309015914 ], [ 88.408660553018805, 22.482366765965025 ], [ 88.408716796585807, 22.482435104780937 ], [ 88.408728993537167, 22.482541679547797 ], [ 88.408745033760098, 22.482661986157265 ], [ 88.408703129027515, 22.482910122714571 ], [ 88.408706500332613, 22.483240458333487 ], [ 88.408711362030047, 22.483353979264919 ], [ 88.408712766770734, 22.483491619016135 ], [ 88.408713890572272, 22.483601730930062 ], [ 88.40871994636224, 22.483832245652806 ], [ 88.408721280905993, 22.483963003508649 ], [ 88.408722404738754, 22.484073115272352 ], [ 88.408817348050718, 22.484667637786306 ], [ 88.408163248743421, 22.484800631076734 ], [ 88.407820834363875, 22.484631530526134 ] ] } },
{ "type": "Feature", "properties": { "ward": 109, "source_sheet": "109_Haltu.pdf p1", "source": "KMC ward sewerage network map (ArcMap GeoPDF)", "extraction_method": "geopdf_vector", "georef_max_residual_m": 0.3, "conduit_type": "pipe", "pipe_diameter_mm": 500.0, "diameter_source": "legend_colour", "diameter_candidates_mm": null, "label_diameter_mm": 500.0, "label_agrees": true, "scheme": null, "flow_arrow": "end" }, "geometry": { "type": "LineString", "coordinates": [ [ 88.413019372019377, 22.481310330216932 ], [ 88.413010099839539, 22.481128022110003 ], [ 88.412993598348294, 22.480962983168897 ], [ 88.412977414038096, 22.480828913238266 ], [ 88.412965108423862, 22.480712015971811 ], [ 88.412949100122276, 22.480595151011965 ], [ 88.412933021570197, 22.480471403882255 ], [ 88.412913204975041, 22.480344248119415 ], [ 88.412893318142622, 22.480210210184744 ], [ 88.41287311426349, 22.480045203508517 ], [ 88.41285312188495, 22.479900842599712 ], [ 88.41284127429131, 22.47982867836836 ] ] } },
{ "type": "Feature", "properties": { "ward": 109, "source_sheet": "109_Haltu.pdf p1", "source": "KMC ward sewerage network map (ArcMap GeoPDF)", "extraction_method": "geopdf_vector", "georef_max_residual_m": 0.3, "conduit_type": "pipe", "pipe_diameter_mm": 300.0, "diameter_source": "legend_colour", "diameter_candidates_mm": null, "label_diameter_mm": 300.0, "label_agrees": true, "scheme": null, "flow_arrow": "end" }, "geometry": { "type": "LineString", "coordinates": [ [ 88.407574583541347, 22.479729806423464 ], [ 88.408062197169272, 22.47997680111591 ] ] } },
{ "type": "Feature", "properties": { "ward": 109, "source_sheet": "109_Haltu.pdf p1", "source": "KMC ward sewerage network map (ArcMap GeoPDF)", "extraction_method": "geopdf_vector", "georef_max_residual_m": 0.3, "conduit_type": "pipe", "pipe_diameter_mm": 300.0, "diameter_source": "legend_colour", "diameter_candidates_mm": null, "label_diameter_mm": 300.0, "label_agrees": true, "scheme": null, "flow_arrow": "end" }, "geometry": { "type": "LineString", "coordinates": [ [ 88.395043177605956, 22.478592006419241 ], [ 88.3957074128719, 22.477997843719002 ], [ 88.395795511194706, 22.477921378903467 ], [ 88.395876239027274, 22.477848418549911 ], [ 88.395949596234786, 22.477778962813304 ], [ 88.396056033631453, 22.477685133892685 ], [ 88.396162470884221, 22.477591304907996 ], [ 88.396250534052598, 22.477511398899896 ], [ 88.396364306748509, 22.477410624162783 ] ] } },
{ "type": "Feature", "properties": { "ward": 109, "source_sheet": "109_Haltu.pdf p1", "source": "KMC ward sewerage network map (ArcMap GeoPDF)", "extraction_method": "geopdf_vector", "georef_max_residual_m": 0.3, "conduit_type": "pipe", "pipe_diameter_mm": 300.0, "diameter_source": "legend_colour", "diameter_candidates_mm": null, "label_diameter_mm": 300.0, "label_agrees": true, "scheme": null, "flow_arrow": "end" }, "geometry": { "type": "LineString", "coordinates": [ [ 88.398980351941091, 22.484160649839723 ], [ 88.398910172667485, 22.484178460065262 ], [ 88.398821549264866, 22.484203311411669 ], [ 88.398688631302576, 22.484242308967193 ], [ 88.398540902069243, 22.484281433779785 ], [ 88.398422760580345, 22.484316862799041 ], [ 88.398286139541668, 22.48435589187152 ], [ 88.3981642602146, 22.484387911440486 ], [ 88.398038747544746, 22.484426844812269 ], [ 88.397909497258837, 22.484462368955949 ], [ 88.39779872611156, 22.484494292777942 ], [ 88.397662069848593, 22.48452988037878 ], [ 88.397529151352742, 22.484568877007419 ] ] } },
{ "type": "Feature", "properties": { "ward": 109, "source_sheet": "109_Haltu.pdf p1", "source": "KMC ward sewerage network map (ArcMap GeoPDF)", "extraction_method": "geopdf_vector", "georef_max_residual_m": 0.3, "conduit_type": "pipe", "pipe_diameter_mm": 400.0, "diameter_source": "legend_colour", "diameter_candidates_mm": null, "label_diameter_mm": 400.0, "label_agrees": true, "scheme": null, "flow_arrow": "end" }, "geometry": { "type": "LineString", "coordinates": [ [ 88.397529151352742, 22.484568877007419 ], [ 88.397333598088977, 22.484639383442349 ], [ 88.397204242886858, 22.484664584015025 ], [ 88.397085856691845, 22.484675924935836 ], [ 88.396956153097449, 22.484666715135447 ], [ 88.396826205571003, 22.484633418076317 ], [ 88.396714458923498, 22.484568992835197 ], [ 88.396602712376691, 22.484504567510832 ], [ 88.396483455789038, 22.484429882664024 ], [ 88.396379115139084, 22.484365393584635 ], [ 88.39623753746379, 22.484280576258978 ], [ 88.396133197034459, 22.484216087007709 ], [ 88.396021416220421, 22.484148220287359 ], [ 88.395920778666721, 22.484083699105856 ], [ 88.395879560399223, 22.484035874495589 ], [ 88.395889833637384, 22.483953194770663 ], [ 88.395936682560318, 22.483825464017688 ], [ 88.395998098915527, 22.483673519105682 ], [ 88.39604107081081, 22.483528615154494 ], [ 88.396066050632314, 22.483435485260866 ] ] } },
{ "type": "Feature", "properties": { "ward": 109, "source_sheet": "109_Haltu.pdf p1", "source": "KMC ward sewerage network map (ArcMap GeoPDF)", "extraction_method": "geopdf_vector", "georef_max_residual_m": 0.3, "conduit_type": "pipe", "pipe_diameter_mm": 500.0, "diameter_source": "legend_colour", "diameter_candidates_mm": null, "label_diameter_mm": 500.0, "label_agrees": true, "scheme": null, "flow_arrow": "end" }, "geometry": { "type": "LineString", "coordinates": [ [ 88.396066050632314, 22.483435485260866 ], [ 88.396098401246562, 22.483338850691364 ], [ 88.396134385018186, 22.483235302407746 ], [ 88.396166596314487, 22.483124903834476 ], [ 88.396205830282369, 22.482976590669622 ], [ 88.396174397989029, 22.482797912182349 ], [ 88.396131857400491, 22.482619328888099 ], [ 88.396159739271994, 22.482447023911689 ], [ 88.396173819490414, 22.482374635414747 ], [ 88.395965211345839, 22.482252538648176 ], [ 88.395890738330095, 22.482211882079017 ], [ 88.395767816142964, 22.482140669303099 ], [ 88.395603885291706, 22.482042277767103 ] ] } },
{ "type": "Feature", "properties": { "ward": 109, "source_sheet": "109_Haltu.pdf p1", "source": "KMC ward sewerage network map (ArcMap GeoPDF)", "extraction_method": "geopdf_vector", "georef_max_residual_m": 0.3, "conduit_type": "pipe", "pipe_diameter_mm": 300.0, "diameter_source": "legend_colour", "diameter_candidates_mm": null, "label_diameter_mm": 500.0, "label_agrees": false, "scheme": null, "flow_arrow": "end" }, "geometry": { "type": "LineString", "coordinates": [ [ 88.396531453323107, 22.484415705349548 ], [ 88.396575190878863, 22.484346503435212 ], [ 88.396626264275, 22.484270355995989 ], [ 88.396691905359944, 22.484169994334479 ], [ 88.396767958055491, 22.484000716885795 ], [ 88.396796779732384, 22.483921319090989 ], [ 88.396829338878263, 22.483845330596658 ], [ 88.396865357030933, 22.483745223138104 ], [ 88.39689012736342, 22.483631447092435 ], [ 88.396921850542583, 22.483472874228109 ], [ 88.396946585965878, 22.483355657213806 ], [ 88.396971356334902, 22.483241881155905 ], [ 88.396999585521868, 22.483103986134509 ], [ 88.397031378148696, 22.482952295316583 ], [ 88.397059642064193, 22.482817841390371 ], [ 88.397073756665293, 22.482748893801027 ] ] } },
{ "type": "Feature", "properties": { "ward": 109, "source_sheet": "109_Haltu.pdf p1", "source": "KMC ward sewerage network map (ArcMap GeoPDF)", "extraction_method": "geopdf_vector", "georef_max_residual_m": 0.3, "conduit_type": "pipe", "pipe_diameter_mm": 400.0, "diameter_source": "legend_colour", "diameter_candidates_mm": null, "label_diameter_mm": 400.0, "label_agrees": true, "scheme": null, "flow_arrow": "end" }, "geometry": { "type": "LineString", "coordinates": [ [ 88.397018160768084, 22.484573267075461 ], [ 88.397050162607826, 22.484442222313938 ], [ 88.397078461554813, 22.484311209354491 ], [ 88.397118077962617, 22.484200747016075 ], [ 88.397164856139639, 22.484066134042056 ], [ 88.397200804425452, 22.483959144599737 ], [ 88.397240420650576, 22.483848682236605 ], [ 88.397272422151985, 22.483717637438641 ], [ 88.397304528110553, 22.483596915659927 ], [ 88.397336599182267, 22.483472752915478 ], [ 88.397357666276221, 22.483359008628273 ], [ 88.397375100359838, 22.483252178070877 ], [ 88.397403294306073, 22.483110842038705 ], [ 88.397427889916628, 22.482979860840604 ], [ 88.397441934667881, 22.482904031307797 ], [ 88.397459507853895, 22.482810964871788 ] ] } },
{ "type": "Feature", "properties": { "ward": 109, "source_sheet": "109_Haltu.pdf p1", "source": "KMC ward sewerage network map (ArcMap GeoPDF)", "extraction_method": "geopdf_vector", "georef_max_residual_m": 0.3, "conduit_type": "pipe", "pipe_diameter_mm": 400.0, "diameter_source": "legend_colour", "diameter_candidates_mm": null, "label_diameter_mm": 400.0, "label_agrees": true, "scheme": null, "flow_arrow": "end" }, "geometry": { "type": "LineString", "coordinates": [ [ 88.397528593847412, 22.484513820792376 ], [ 88.397538587365261, 22.484403612907272 ], [ 88.397555881863056, 22.484283018506492 ], [ 88.397580721382923, 22.484176124305399 ], [ 88.397616181531731, 22.48402096063305 ], [ 88.397659082108575, 22.483869174130348 ], [ 88.397691222602063, 22.48375189339523 ], [ 88.397715818171079, 22.483620912169975 ], [ 88.397736850119074, 22.483503726746655 ], [ 88.397757777495656, 22.483376218441247 ], [ 88.397782477500101, 22.483255560229413 ], [ 88.39780347450646, 22.483134933838038 ], [ 88.397842044574006, 22.482921240978509 ], [ 88.397852699936635, 22.482876412313441 ] ] } },
{ "type": "Feature", "properties": { "ward": 109, "source_sheet": "109_Haltu.pdf p1", "source": "KMC ward sewerage network map (ArcMap GeoPDF)", "extraction_method": "geopdf_vector", "georef_max_residual_m": 0.3, "conduit_type": "pipe", "pipe_diameter_mm": 800.0, "diameter_source": "legend_colour", "diameter_candidates_mm": null, "label_diameter_mm": 800.0, "label_agrees": true, "scheme": null, "flow_arrow": "end" }, "geometry": { "type": "LineString", "coordinates": [ [ 88.396383750863336, 22.482627490605367 ], [ 88.396394093369508, 22.482551692779193 ], [ 88.396437308263515, 22.482430875906864 ], [ 88.396495090377087, 22.48228584455325 ], [ 88.396552907348948, 22.482144254286695 ], [ 88.396599859438183, 22.482026846549477 ], [ 88.396650444746115, 22.481902524794407 ], [ 88.396679370429581, 22.481833450193609 ], [ 88.396715353437997, 22.481729901803273 ], [ 88.396758602652909, 22.481612525678688 ], [ 88.396798149036556, 22.481495181485123 ], [ 88.396837799823402, 22.481388160313085 ], [ 88.396877380906929, 22.481274256922205 ], [ 88.396913433291942, 22.481177590562957 ], [ 88.396931389742505, 22.481122375314104 ], [ 88.396894292702925, 22.481115811238087 ], [ 88.39669392705548, 22.481076236121936 ], [ 88.396654136964472, 22.481169493270723 ], [ 88.396251804459325, 22.480932055307346 ] ] } },
{ "type": "Feature", "properties": { "ward": 109, "source_sheet": "109_Haltu.pdf p1", "source": "KMC ward sewerage network map (ArcMap GeoPDF)", "extraction_method": "geopdf_vector", "georef_max_residual_m": 0.3, "conduit_type": "pipe", "pipe_diameter_mm": 500.0, "diameter_source": "legend_colour", "diameter_candidates_mm": null, "label_diameter_mm": null, "label_agrees": null, "scheme": null, "flow_arrow": "end" }, "geometry": { "type": "LineString", "coordinates": [ [ 88.397852699936635, 22.482876412313441 ], [ 88.397800791195579, 22.482869975909082 ], [ 88.39768579578805, 22.482850316299569 ], [ 88.397541143326293, 22.482827470032049 ], [ 88.397459507853895, 22.482810964871788 ], [ 88.397285198390222, 22.482784931918335 ], [ 88.397162797508599, 22.482765335548034 ], [ 88.397073756665293, 22.482748893801027 ], [ 88.396962464228466, 22.482729201859531 ], [ 88.396799228343923, 22.482699632001989 ], [ 88.396684233176529, 22.482679971519595 ], [ 88.396383750863336, 22.482627490605367 ] ] } },
{ "type": "Feature", "properties": { "ward": 109, "source_sheet": "109_Haltu.pdf p1", "source": "KMC ward sewerage network map (ArcMap GeoPDF)", "extraction_method": "geopdf_vector", "georef_max_residual_m": 0.3, "conduit_type": "pipe", "pipe_diameter_mm": 400.0, "diameter_source": "legend_colour", "diameter_candidates_mm": null, "label_diameter_mm": 400.0, "label_agrees": true, "scheme": null, "flow_arrow": "end" }, "geometry": { "type": "LineString", "coordinates": [ [ 88.396809953680346, 22.482661685454907 ], [ 88.396874827643884, 22.482485621302445 ], [ 88.396943369415979, 22.482306084365451 ], [ 88.397033605295476, 22.482074741303499 ], [ 88.39710218151609, 22.481898645272246 ], [ 88.397177954132175, 22.481701839549569 ], [ 88.397250023783769, 22.481505065605091 ], [ 88.39731818148725, 22.481287677388025 ], [ 88.397346828051298, 22.48119107456456 ] ] } },
{ "type": "Feature", "properties": { "ward": 109, "source_sheet": "109_Haltu.pdf p1", "source": "KMC ward sewerage network map (ArcMap GeoPDF)", "extraction_method": "geopdf_vector", "georef_max_residual_m": 0.3, "conduit_type": "pipe", "pipe_diameter_mm": 300.0, "diameter_source": "legend_colour", "diameter_candidates_mm": null, "label_diameter_mm": 300.0, "label_agrees": true, "scheme": null, "flow_arrow": "end" }, "geometry": { "type": "LineString", "coordinates": [ [ 88.397458666636865, 22.481630601823486 ], [ 88.397508484596827, 22.481430577693324 ], [ 88.397540311226493, 22.481282327753171 ], [ 88.397558232596694, 22.481223671486081 ] ] } },
{ "type": "Feature", "properties": { "ward": 109, "source_sheet": "109_Haltu.pdf p1", "source": "KMC ward sewerage network map (ArcMap GeoPDF)", "extraction_method": "geopdf_vector", "georef_max_residual_m": 0.3, "conduit_type": "pipe", "pipe_diameter_mm": 300.0, "diameter_source": "legend_colour", "diameter_candidates_mm": null, "label_diameter_mm": 300.0, "label_agrees": true, "scheme": null, "flow_arrow": "end" }, "geometry": { "type": "LineString", "coordinates": [ [ 88.397562558757741, 22.482748135898891 ], [ 88.397608325499419, 22.482513733391631 ], [ 88.397643611085158, 22.482341364472987 ], [ 88.397696957530073, 22.482124103395673 ], [ 88.397768922081227, 22.481917006230603 ], [ 88.397840816740199, 22.481703026974909 ], [ 88.397890773400178, 22.481516766741411 ], [ 88.397929900606485, 22.481358130076551 ], [ 88.397944084365932, 22.481296064636009 ] ] } },
{ "type": "Feature", "properties": { "ward": 109, "source_sheet": "109_Haltu.pdf p1", "source": "KMC ward sewerage network map (ArcMap GeoPDF)", "extraction_method": "geopdf_vector", "georef_max_residual_m": 0.3, "conduit_type": "pipe", "pipe_diameter_mm": 300.0, "diameter_source": "legend_colour", "diameter_candidates_mm": null, "label_diameter_mm": 300.0, "label_agrees": true, "scheme": null, "flow_arrow": "end" }, "geometry": { "type": "LineString", "coordinates": [ [ 88.397959627597871, 22.482830756357547 ], [ 88.398002388094653, 22.482665205796945 ], [ 88.398055838472956, 22.482458267655584 ], [ 88.398095070252808, 22.482309953987468 ], [ 88.398137900173296, 22.482151285459874 ], [ 88.398166372024122, 22.482037477434893 ], [ 88.398209132083622, 22.481871926828571 ], [ 88.398244660802177, 22.4817236451035 ], [ 88.398287560123165, 22.48157185846248 ], [ 88.398323332707363, 22.481447663728474 ], [ 88.398337585858101, 22.481392480183416 ] ] } },
{ "type": "Feature", "properties": { "ward": 109, "source_sheet": "109_Haltu.pdf p1", "source": "KMC ward sewerage network map (ArcMap GeoPDF)", "extraction_method": "geopdf_vector", "georef_max_residual_m": 0.3, "conduit_type": "pipe", "pipe_diameter_mm": 600.0, "diameter_source": "legend_colour", "diameter_candidates_mm": null, "label_diameter_mm": 600.0, "label_agrees": true, "scheme": null, "flow_arrow": "end" }, "geometry": { "type": "LineString", "coordinates": [ [ 88.398806049555915, 22.481577724407831 ], [ 88.398601491797649, 22.481490009280733 ], [ 88.398337585858101, 22.481392480183416 ], [ 88.397944084365932, 22.481296064636009 ] ] } },
{ "type": "Feature", "properties": { "ward": 109, "source_sheet": "109_Haltu.pdf p1", "source": "KMC ward sewerage network map (ArcMap GeoPDF)", "extraction_method": "geopdf_vector", "georef_max_residual_m": 0.3, "conduit_type": "pipe", "pipe_diameter_mm": 800.0, "diameter_source": "legend_colour", "diameter_candidates_mm": null, "label_diameter_mm": null, "label_agrees": null, "scheme": null, "flow_arrow": "end" }, "geometry": { "type": "LineString", "coordinates": [ [ 88.397944084365932, 22.481296064636009 ], [ 88.397866152524273, 22.481279527812209 ], [ 88.397777042737843, 22.481256204343286 ], [ 88.397669489034271, 22.481239921972399 ], [ 88.397558232596694, 22.481223671486081 ], [ 88.39746182204037, 22.48121073449208 ], [ 88.397346828051298, 22.48119107456456 ], [ 88.397217023067455, 22.481171541779293 ], [ 88.397098326534334, 22.48115191347588 ], [ 88.397005583830705, 22.481135503439969 ], [ 88.396931389742505, 22.481122375314104 ] ] } },
{ "type": "Feature", "properties": { "ward": 109, "source_sheet": "109_Haltu.pdf p1", "source": "KMC ward sewerage network map (ArcMap GeoPDF)", "extraction_method": "geopdf_vector", "georef_max_residual_m": 0.3, "conduit_type": "pipe", "pipe_diameter_mm": 300.0, "diameter_source": "legend_colour", "diameter_candidates_mm": null, "label_diameter_mm": 300.0, "label_agrees": true, "scheme": null, "flow_arrow": "end" }, "geometry": { "type": "LineString", "coordinates": [ [ 88.396960698209327, 22.481091151827137 ], [ 88.397003912222203, 22.48097033468634 ], [ 88.397043597547381, 22.480866754434533 ], [ 88.397090479347114, 22.480742464510698 ], [ 88.397133693154856, 22.48062164734128 ], [ 88.397184172900651, 22.480487002563457 ], [ 88.397228152809731, 22.480441887681799 ] ] } },
{ "type": "Feature", "properties": { "ward": 109, "source_sheet": "109_Haltu.pdf p1", "source": "KMC ward sewerage network map (ArcMap GeoPDF)", "extraction_method": "geopdf_vector", "georef_max_residual_m": 0.3, "conduit_type": "pipe", "pipe_diameter_mm": 300.0, "diameter_source": "legend_colour", "diameter_candidates_mm": null, "label_diameter_mm": 500.0, "label_agrees": false, "scheme": null, "flow_arrow": "end" }, "geometry": { "type": "LineString", "coordinates": [ [ 88.397372259506611, 22.48114267772273 ], [ 88.397426198232708, 22.480983913909057 ], [ 88.39747625976274, 22.480807976800286 ], [ 88.397533343602049, 22.480594124903504 ], [ 88.397551230066455, 22.480532027675348 ] ] } },
{ "type": "Feature", "properties": { "ward": 109, "source_sheet": "109_Haltu.pdf p1", "source": "KMC ward sewerage network map (ArcMap GeoPDF)", "extraction_method": "geopdf_vector", "georef_max_residual_m": 0.3, "conduit_type": "pipe", "pipe_diameter_mm": 300.0, "diameter_source": "legend_colour", "diameter_candidates_mm": null, "label_diameter_mm": 300.0, "label_agrees": true, "scheme": null, "flow_arrow": "end" }, "geometry": { "type": "LineString", "coordinates": [ [ 88.397791470471759, 22.481218225924216 ], [ 88.397830597728813, 22.481059589276288 ], [ 88.39788785517591, 22.480862942374582 ], [ 88.397934248340462, 22.480690478076724 ], [ 88.397948606285127, 22.480645617581352 ] ] } },
{ "type": "Feature", "properties": { "ward": 109, "source_sheet": "109_Haltu.pdf p1", "source": "KMC ward sewerage network map (ArcMap GeoPDF)", "extraction_method": "geopdf_vector", "georef_max_residual_m": 0.3, "conduit_type": "pipe", "pipe_diameter_mm": 300.0, "diameter_source": "legend_colour", "diameter_candidates_mm": null, "label_diameter_mm": 300.0, "label_agrees": true, "scheme": null, "flow_arrow": "end" }, "geometry": { "type": "LineString", "coordinates": [ [ 88.398184971658367, 22.481314642005138 ], [ 88.398224272759578, 22.481173210372159 ], [ 88.398274368330306, 22.48100071402612 ], [ 88.398328166380523, 22.480828185980616 ], [ 88.398346122377887, 22.480772970601343 ] ] } },
{ "type": "Feature", "properties": { "ward": 109, "source_sheet": "109_Haltu.pdf p1", "source": "KMC ward sewerage network map (ArcMap GeoPDF)", "extraction_method": "geopdf_vector", "georef_max_residual_m": 0.3, "conduit_type": "pipe", "pipe_diameter_mm": 300.0, "diameter_source": "legend_colour", "diameter_candidates_mm": null, "label_diameter_mm": 300.0, "label_agrees": true, "scheme": null, "flow_arrow": "end" }, "geometry": { "type": "LineString", "coordinates": [ [ 88.398552798219981, 22.481435366961591 ], [ 88.39859967880767, 22.481311076666067 ], [ 88.398650192338707, 22.481179872457798 ], [ 88.39873326313058, 22.480972679419647 ], [ 88.39875485198958, 22.480910550099964 ] ] } },
{ "type": "Feature", "properties": { "ward": 109, "source_sheet": "109_Haltu.pdf p1", "source": "KMC ward sewerage network map (ArcMap GeoPDF)", "extraction_method": "geopdf_vector", "georef_max_residual_m": 0.3, "conduit_type": "pipe", "pipe_diameter_mm": 300.0, "diameter_source": "legend_colour", "diameter_candidates_mm": null, "label_diameter_mm": 300.0, "label_agrees": true, "scheme": null, "flow_arrow": "end" }, "geometry": { "type": "LineString", "coordinates": [ [ 88.398772201633918, 22.481526395747775 ], [ 88.398837177390959, 22.481360653953974 ], [ 88.398905820730832, 22.481191439335699 ], [ 88.398963530035317, 22.481039525314358 ], [ 88.398981555546982, 22.48099119193861 ] ] } },
{ "type": "Feature", "properties": { "ward": 109, "source_sheet": "109_Haltu.pdf p1", "source": "KMC ward sewerage network map (ArcMap GeoPDF)", "extraction_method": "geopdf_vector", "georef_max_residual_m": 0.3, "conduit_type": "pipe", "pipe_diameter_mm": 500.0, "diameter_source": "legend_colour", "diameter_candidates_mm": null, "label_diameter_mm": null, "label_agrees": null, "scheme": null, "flow_arrow": "end" }, "geometry": { "type": "LineString", "coordinates": [ [ 88.399052186456032, 22.481018114941914 ], [ 88.398981555546982, 22.48099119193861 ], [ 88.398892376055187, 22.480960987167389 ], [ 88.39875485198958, 22.480910550099964 ], [ 88.398643386541622, 22.480873654167677 ], [ 88.398502194760212, 22.480826689816876 ], [ 88.398398134770403, 22.480789730038254 ], [ 88.398346122377887, 22.480772970601343 ], [ 88.398268086229024, 22.480746110934462 ], [ 88.398141775204806, 22.480705900999563 ], [ 88.397948606285127, 22.480645617581352 ], [ 88.397766649960658, 22.480595561640982 ], [ 88.397644076929794, 22.480558760442619 ], [ 88.397551230066455, 22.480532027675348 ], [ 88.397328404880128, 22.480468557027326 ], [ 88.397228152809731, 22.480441887681799 ], [ 88.397201502402154, 22.480369848970295 ], [ 88.397045500620521, 22.480323010508275 ], [ 88.397004074230765, 22.480254540066703 ], [ 88.396910949257858, 22.480200278782256 ], [ 88.396780657792021, 22.480132571256149 ], [ 88.396665246989187, 22.48007161866218 ], [ 88.396508897585804, 22.479990369448597 ], [ 88.396367428867933, 22.479915875003563 ], [ 88.396229663018389, 22.479841348644158 ], [ 88.395931602270323, 22.479661516947591 ] ] } },
{ "type": "Feature", "properties": { "ward": 109, "source_sheet": "109_Haltu.pdf p1", "source": "KMC ward sewerage network map (ArcMap GeoPDF)", "extraction_method": "geopdf_vector", "georef_max_residual_m": 0.3, "conduit_type": "pipe", "pipe_diameter_mm": 300.0, "diameter_source": "legend_colour", "diameter_candidates_mm": null, "label_diameter_mm": 300.0, "label_agrees": true, "scheme": null, "flow_arrow": "end" }, "geometry": { "type": "LineString", "coordinates": [ [ 88.399085127398251, 22.480979977184081 ], [ 88.399132216636232, 22.480876332798928 ], [ 88.399171969926499, 22.480779634166247 ], [ 88.399229923100179, 22.480651807062806 ], [ 88.399298635416059, 22.48048947436591 ], [ 88.39923530556959, 22.48045216473432 ], [ 88.399142319018623, 22.48041166877244 ], [ 88.399030749269031, 22.480364450069739 ], [ 88.398956346227308, 22.480330676820913 ] ] } },
{ "type": "Feature", "properties": { "ward": 109, "source_sheet": "109_Haltu.pdf p1", "source": "KMC ward sewerage network map (ArcMap GeoPDF)", "extraction_method": "geopdf_vector", "georef_max_residual_m": 0.3, "conduit_type": "pipe", "pipe_diameter_mm": 300.0, "diameter_source": "legend_colour", "diameter_candidates_mm": null, "label_diameter_mm": 300.0, "label_agrees": true, "scheme": null, "flow_arrow": "end" }, "geometry": { "type": "LineString", "coordinates": [ [ 88.398771008056471, 22.479946843757443 ], [ 88.39890856602419, 22.480000721824709 ], [ 88.399057267135504, 22.480057945187248 ], [ 88.399006859114209, 22.480199472520624 ], [ 88.398956346227308, 22.480330676820913 ], [ 88.398931054956563, 22.480392838006118 ], [ 88.398866044980451, 22.480555138724252 ], [ 88.398797332122697, 22.480717471406148 ], [ 88.39873948312021, 22.480855621253038 ], [ 88.39875485198958, 22.480910550099964 ] ] } },
{ "type": "Feature", "properties": { "ward": 109, "source_sheet": "109_Haltu.pdf p1", "source": "KMC ward sewerage network map (ArcMap GeoPDF)", "extraction_method": "geopdf_vector", "georef_max_residual_m": 0.3, "conduit_type": "pipe", "pipe_diameter_mm": 300.0, "diameter_source": "legend_colour", "diameter_candidates_mm": null, "label_diameter_mm": 300.0, "label_agrees": true, "scheme": null, "flow_arrow": "end" }, "geometry": { "type": "LineString", "coordinates": [ [ 88.398480976972039, 22.479828891564075 ], [ 88.398692972310329, 22.479919984274229 ], [ 88.398671383705064, 22.479982113585276 ], [ 88.398620835699575, 22.480109876835979 ], [ 88.39856316120121, 22.48026523171097 ], [ 88.398498046255355, 22.480417209278617 ], [ 88.398432965881796, 22.48057262792916 ], [ 88.398360549756916, 22.480734992140892 ], [ 88.398346122377887, 22.480772970601343 ] ] } },
{ "type": "Feature", "properties": { "ward": 109, "source_sheet": "109_Haltu.pdf p1", "source": "KMC ward sewerage network map (ArcMap GeoPDF)", "extraction_method": "geopdf_vector", "georef_max_residual_m": 0.3, "conduit_type": "pipe", "pipe_diameter_mm": 300.0, "diameter_source": "legend_colour", "diameter_candidates_mm": null, "label_diameter_mm": 300.0, "label_agrees": true, "scheme": null, "flow_arrow": "end" }, "geometry": { "type": "LineString", "coordinates": [ [ 88.398046053190541, 22.479664005823842 ], [ 88.398190876651, 22.479704056900538 ], [ 88.398335874465786, 22.479761312788654 ], [ 88.398314250708111, 22.479820000957346 ], [ 88.398260452957871, 22.479992529143534 ], [ 88.398202987209729, 22.480168529959801 ], [ 88.398145486323742, 22.480341089943401 ], [ 88.398091548792507, 22.480499853954328 ], [ 88.398048510112915, 22.480637876284394 ], [ 88.398037750392987, 22.480672381937453 ] ] } },
{ "type": "Feature", "properties": { "ward": 109, "source_sheet": "109_Haltu.pdf p1", "source": "KMC ward sewerage network map (ArcMap GeoPDF)", "extraction_method": "geopdf_vector", "georef_max_residual_m": 0.3, "conduit_type": "pipe", "pipe_diameter_mm": 300.0, "diameter_source": "legend_colour", "diameter_candidates_mm": null, "label_diameter_mm": 300.0, "label_agrees": true, "scheme": null, "flow_arrow": "end" }, "geometry": { "type": "LineString", "coordinates": [ [ 88.397644942206469, 22.479547006858503 ], [ 88.397789800443405, 22.479590499124981 ], [ 88.397945801443228, 22.479637336901 ], [ 88.397924212534946, 22.479699466128828 ], [ 88.39787013542086, 22.479844466091404 ], [ 88.397823428958262, 22.479985961296006 ], [ 88.397772984683584, 22.480124047203979 ], [ 88.397719604254689, 22.48033786735115 ], [ 88.397687812815334, 22.480489558284006 ], [ 88.397644076929794, 22.480558760442619 ] ] } },
{ "type": "Feature", "properties": { "ward": 109, "source_sheet": "109_Haltu.pdf p1", "source": "KMC ward sewerage network map (ArcMap GeoPDF)", "extraction_method": "geopdf_vector", "georef_max_residual_m": 0.3, "conduit_type": "pipe", "pipe_diameter_mm": 300.0, "diameter_source": "legend_colour", "diameter_candidates_mm": null, "label_diameter_mm": 300.0, "label_agrees": true, "scheme": null, "flow_arrow": "end" }, "geometry": { "type": "LineString", "coordinates": [ [ 88.39739606044003, 22.479469994777542 ], [ 88.397492644103082, 22.479500136826697 ], [ 88.397552061346659, 22.47951683294766 ], [ 88.397530472275037, 22.479578962131633 ], [ 88.397479992993951, 22.479713607000146 ], [ 88.397429478788865, 22.47984481089382 ], [ 88.397382632540669, 22.479972542002791 ], [ 88.397332152993513, 22.480107186833166 ], [ 88.397292572562947, 22.480221090172531 ], [ 88.397256520656327, 22.480317756745094 ], [ 88.397242093006767, 22.480355735121744 ], [ 88.397201502402154, 22.480369848970295 ] ] } },
{ "type": "Feature", "properties": { "ward": 109, "source_sheet": "109_Haltu.pdf p1", "source": "KMC ward sewerage network map (ArcMap GeoPDF)", "extraction_method": "geopdf_vector", "georef_max_residual_m": 0.3, "conduit_type": "pipe", "pipe_diameter_mm": 300.0, "diameter_source": "legend_colour", "diameter_candidates_mm": null, "label_diameter_mm": 300.0, "label_agrees": true, "scheme": null, "flow_arrow": "end" }, "geometry": { "type": "LineString", "coordinates": [ [ 88.397990626115117, 22.479310027037911 ], [ 88.397674817559817, 22.479206060020172 ], [ 88.397617072472613, 22.479354532685996 ], [ 88.397577318273861, 22.479451230987287 ], [ 88.397552061346659, 22.47951683294766 ] ] } },
{ "type": "Feature", "properties": { "ward": 109, "source_sheet": "109_Haltu.pdf p1", "source": "KMC ward sewerage network map (ArcMap GeoPDF)", "extraction_method": "geopdf_vector", "georef_max_residual_m": 0.3, "conduit_type": "pipe", "pipe_diameter_mm": 300.0, "diameter_source": "legend_colour", "diameter_candidates_mm": null, "label_diameter_mm": 300.0, "label_agrees": true, "scheme": null, "flow_arrow": "end" }, "geometry": { "type": "LineString", "coordinates": [ [ 88.398288095997742, 22.47943135750106 ], [ 88.398061255984331, 22.479336950390778 ], [ 88.398017938787305, 22.479447444739563 ], [ 88.397978324237528, 22.479557907257142 ], [ 88.397945801443228, 22.479637336901 ] ] } },
{ "type": "Feature", "properties": { "ward": 109, "source_sheet": "109_Haltu.pdf p1", "source": "KMC ward sewerage network map (ArcMap GeoPDF)", "extraction_method": "geopdf_vector", "georef_max_residual_m": 0.3, "conduit_type": "pipe", "pipe_diameter_mm": 300.0, "diameter_source": "legend_colour", "diameter_candidates_mm": null, "label_diameter_mm": 300.0, "label_agrees": true, "scheme": null, "flow_arrow": "end" }, "geometry": { "type": "LineString", "coordinates": [ [ 88.398656301059361, 22.479589933633303 ], [ 88.398514936302334, 22.479525764131935 ], [ 88.398433128413913, 22.479492054276509 ], [ 88.398397147186543, 22.479595602983771 ], [ 88.3983646943434, 22.479681914907843 ], [ 88.398335874465786, 22.479761312788654 ] ] } },
{ "type": "Feature", "properties": { "ward": 109, "source_sheet": "109_Haltu.pdf p1", "source": "KMC ward sewerage network map (ArcMap GeoPDF)", "extraction_method": "geopdf_vector", "georef_max_residual_m": 0.3, "conduit_type": "pipe", "pipe_diameter_mm": 300.0, "diameter_source": "legend_colour", "diameter_candidates_mm": null, "label_diameter_mm": 300.0, "label_agrees": true, "scheme": null, "flow_arrow": "end" }, "geometry": { "type": "LineString", "coordinates": [ [ 88.399061847781141, 22.479779159625011 ], [ 88.39880503650005, 22.479650598362323 ], [ 88.398768916053328, 22.479740383012327 ], [ 88.398725529590962, 22.479843995460556 ], [ 88.398692972310329, 22.479919984274229 ] ] } },
{ "type": "Feature", "properties": { "ward": 109, "source_sheet": "109_Haltu.pdf p1", "source": "KMC ward sewerage network map (ArcMap GeoPDF)", "extraction_method": "geopdf_vector", "georef_max_residual_m": 0.3, "conduit_type": "pipe", "pipe_diameter_mm": 300.0, "diameter_source": "legend_colour", "diameter_candidates_mm": null, "label_diameter_mm": 300.0, "label_agrees": true, "scheme": null, "flow_arrow": "end" }, "geometry": { "type": "LineString", "coordinates": [ [ 88.399501138506736, 22.48000938990409 ], [ 88.399359668322276, 22.479934898168391 ], [ 88.399162343784567, 22.479829914840092 ], [ 88.399137017808741, 22.479888634949386 ], [ 88.399097159933845, 22.47997501069548 ], [ 88.399057267135504, 22.480057945187248 ] ] } },
{ "type": "Feature", "properties": { "ward": 109, "source_sheet": "109_Haltu.pdf p1", "source": "KMC ward sewerage network map (ArcMap GeoPDF)", "extraction_method": "geopdf_vector", "georef_max_residual_m": 0.3, "conduit_type": "pipe", "pipe_diameter_mm": 300.0, "diameter_source": "legend_colour", "diameter_candidates_mm": null, "label_diameter_mm": 300.0, "label_agrees": true, "scheme": null, "flow_arrow": "end" }, "geometry": { "type": "LineString", "coordinates": [ [ 88.399501138506736, 22.48000938990409 ], [ 88.399464809133235, 22.480078528649056 ], [ 88.399315858327114, 22.480361997617511 ], [ 88.399261364067456, 22.480465705750412 ] ] } }
]
}
