{
"type": "FeatureCollection",
"name": "ward108_p1_water_bodies",
"crs": { "type": "name", "properties": { "name": "urn:ogc:def:crs:OGC:1.3:CRS84" } },
"features": [
{ "type": "Feature", "properties": { "ward": 108, "source_sheet": "108_ruby.pdf p1", "source": "KMC ward sewerage network map (ArcMap GeoPDF)", "extraction_method": "geopdf_raster_polygonised", "georef_max_residual_m": 0.1 }, "geometry": { "type": "Polygon", "coordinates": [ [ [ 88.40148417924452, 22.533865251897996 ], [ 88.401851614768418, 22.533736542319783 ], [ 88.402083741948303, 22.533622216325938 ], [ 88.402424471565041, 22.533429321846864 ], [ 88.403323163625686, 22.532889075545565 ], [ 88.403612487059362, 22.532736783381814 ], [ 88.403916316691749, 22.532592433226402 ], [ 88.404174125358608, 22.532456460910669 ], [ 88.405197621244852, 22.532231819096715 ], [ 88.405430667997479, 22.532195269010305 ], [ 88.405773271554565, 22.532160610863503 ], [ 88.405963052525635, 22.532121689711239 ], [ 88.406075364028155, 22.532112832648735 ], [ 88.40631673782832, 22.532049398079039 ], [ 88.406814023565971, 22.531933152203258 ], [ 88.407245049052506, 22.531820065594488 ], [ 88.407682093757259, 22.531728392892887 ], [ 88.407966571610402, 22.531653915290146 ], [ 88.408058611108984, 22.531637156388612 ], [ 88.408349364246476, 22.531605549797451 ], [ 88.408588109384766, 22.531563589403341 ], [ 88.408783557118952, 22.531516577085927 ], [ 88.409197637779513, 22.531433113317242 ], [ 88.409281190147482, 22.531429826676391 ], [ 88.409407656040784, 22.531399406436613 ], [ 88.40949706874008, 22.531404124228839 ], [ 88.409543056315442, 22.531393062274219 ], [ 88.409626224899327, 22.531357590482664 ], [ 88.409718359887478, 22.531348876894199 ], [ 88.409836146962974, 22.53131583681083 ], [ 88.409899555702225, 22.531315377934714 ], [ 88.40993692854876, 22.531307060526725 ], [ 88.409971259250483, 22.531285353566648 ], [ 88.41008360164524, 22.531279175833106 ], [ 88.410138235765473, 22.531268051126993 ], [ 88.410232581069863, 22.53120299269689 ], [ 88.410269857890185, 22.531186628972861 ], [ 88.410327534126239, 22.531188893741493 ], [ 88.41037352155108, 22.531177831556221 ], [ 88.410402055732206, 22.531153484162449 ], [ 88.410473887054806, 22.531134187900275 ], [ 88.410876980516264, 22.53109639874555 ], [ 88.410945897518545, 22.531074441073557 ], [ 88.4109858003862, 22.531036599675733 ], [ 88.41103454188513, 22.531014788110689 ], [ 88.411497360751966, 22.530909506988866 ], [ 88.411698666844529, 22.530870495686589 ], [ 88.411652264130836, 22.530605283226198 ], [ 88.411163634625709, 22.530721480984649 ], [ 88.410269445087522, 22.530910353824318 ], [ 88.409476386039344, 22.531119948719724 ], [ 88.408190784701191, 22.531359922990198 ], [ 88.407532736753012, 22.531530980432837 ], [ 88.406242096927585, 22.531832669065661 ], [ 88.404726285581717, 22.532106464633205 ], [ 88.404186018482406, 22.532244472235309 ], [ 88.403506654934262, 22.532563194544156 ], [ 88.402618985200448, 22.533060445407234 ], [ 88.401943801198726, 22.533489106403902 ], [ 88.401482301598179, 22.533707008593272 ], [ 88.40148417924452, 22.533865251897996 ] ] ] } },
{ "type": "Feature", "properties": { "ward": 108, "source_sheet": "108_ruby.pdf p1", "source": "KMC ward sewerage network map (ArcMap GeoPDF)", "extraction_method": "geopdf_raster_polygonised", "georef_max_residual_m": 0.1 }, "geometry": { "type": "Polygon", "coordinates": [ [ [ 88.411350946944452, 22.530476033538761 ], [ 88.411376854699085, 22.530473163504297 ], [ 88.411382202947323, 22.530438254705025 ], [ 88.411416597221347, 22.53042191161537 ], [ 88.411441928745333, 22.530370764144418 ], [ 88.411516865785529, 22.530370221111976 ], [ 88.411539667223963, 22.53034859738489 ], [ 88.41157137135032, 22.530348367625663 ], [ 88.411580113974395, 22.530356351200268 ], [ 88.411608743816771, 22.530340049846767 ], [ 88.411660559258749, 22.530334309693746 ], [ 88.411674906190001, 22.530328841089769 ], [ 88.411689061019246, 22.530307280010668 ], [ 88.411706226104428, 22.530296426356571 ], [ 88.411705969967699, 22.530274969724793 ], [ 88.411693416664264, 22.530189226755521 ], [ 88.411641121042749, 22.530154735730097 ], [ 88.411609416961525, 22.53015496550081 ], [ 88.411557793667356, 22.530176798109292 ], [ 88.411474242175743, 22.530180085891669 ], [ 88.411447694239783, 22.530129314352571 ], [ 88.411438599509438, 22.53009182789658 ], [ 88.411443339511223, 22.530005959587186 ], [ 88.411420057942223, 22.529987352108321 ], [ 88.411379547286344, 22.529974234087472 ], [ 88.411347587164997, 22.529953007168501 ], [ 88.411327379858136, 22.529950471269128 ], [ 88.411221347137229, 22.530002203406923 ], [ 88.411138019772338, 22.530024265567825 ], [ 88.411138307824373, 22.530048404285395 ], [ 88.411115570377376, 22.53007539211654 ], [ 88.411115890431589, 22.530102212913931 ], [ 88.411150988794361, 22.530144875636381 ], [ 88.411182980940694, 22.530168784672817 ], [ 88.411189161411343, 22.530203609947087 ], [ 88.411212378974426, 22.530216853299454 ], [ 88.4112241638, 22.530238226411882 ], [ 88.411213979353036, 22.530350957277378 ], [ 88.411234730855256, 22.530399088539536 ], [ 88.41124401760662, 22.530452667484262 ], [ 88.411292950916703, 22.530446948328489 ], [ 88.411350946944452, 22.530476033538761 ] ] ] } },
{ "type": "Feature", "properties": { "ward": 108, "source_sheet": "108_ruby.pdf p1", "source": "KMC ward sewerage network map (ArcMap GeoPDF)", "extraction_method": "geopdf_raster_polygonised", "georef_max_residual_m": 0.1 }, "geometry": { "type": "Polygon", "coordinates": [ [ [ 88.399772211356279, 22.530481726304409 ], [ 88.399809680090016, 22.530481457507786 ], [ 88.399826846199488, 22.530470605072981 ], [ 88.399855318625583, 22.530440895275056 ], [ 88.399869348207233, 22.530408606770269 ], [ 88.400056691763098, 22.530407262591943 ], [ 88.400128460829009, 22.530382606708436 ], [ 88.400165516203245, 22.53034747062631 ], [ 88.400190915554376, 22.530301688901066 ], [ 88.400207668274135, 22.530255969224292 ], [ 88.400207382118765, 22.530231830390886 ], [ 88.400195503557796, 22.530202410107027 ], [ 88.40016629998749, 22.530170431828555 ], [ 88.40013434140198, 22.530149202597336 ], [ 88.400082270992854, 22.530133482316604 ], [ 88.400044548023402, 22.530112294429252 ], [ 88.40001518555097, 22.530066905655872 ], [ 88.400000297682226, 22.530026777662766 ], [ 88.399959597184136, 22.529997564154087 ], [ 88.399812446041636, 22.529985208259092 ], [ 88.39976028036736, 22.529961441589215 ], [ 88.399705359650795, 22.529948423949207 ], [ 88.399670677905803, 22.529940625760322 ], [ 88.399615916120169, 22.529941018555864 ], [ 88.399575819589401, 22.529962764719798 ], [ 88.399561631065822, 22.529981642734644 ], [ 88.399562298493223, 22.530037966696906 ], [ 88.399613298268804, 22.530206587144406 ], [ 88.399614601396578, 22.530316552969516 ], [ 88.399595029830479, 22.530367657454107 ], [ 88.399598070955889, 22.530381047247431 ], [ 88.399601048514896, 22.53038907285411 ], [ 88.399627115528247, 22.530399615166477 ], [ 88.399661733818093, 22.530402049172249 ], [ 88.399772211356279, 22.530481726304409 ] ] ] } },
{ "type": "Feature", "properties": { "ward": 108, "source_sheet": "108_ruby.pdf p1", "source": "KMC ward sewerage network map (ArcMap GeoPDF)", "extraction_method": "geopdf_raster_polygonised", "georef_max_residual_m": 0.1 }, "geometry": { "type": "Polygon", "coordinates": [ [ [ 88.411135073573845, 22.530018922287706 ], [ 88.41121840093615, 22.52999686012846 ], [ 88.411324465663554, 22.529947810072258 ], [ 88.411277294424934, 22.529859635560804 ], [ 88.411216544521295, 22.529841299507279 ], [ 88.411198995368679, 22.529819968152101 ], [ 88.411191822719175, 22.529701998403162 ], [ 88.411050691889159, 22.529711067701264 ], [ 88.410987763949834, 22.529751758193651 ], [ 88.411016841790243, 22.529773006066783 ], [ 88.411043197475124, 22.529807685211214 ], [ 88.411052196065285, 22.529837125457568 ], [ 88.411052900151006, 22.529896131215121 ], [ 88.411067567107494, 22.529917483464729 ], [ 88.411070769335794, 22.529944283385156 ], [ 88.411135073573845, 22.530018922287706 ] ] ] } },
{ "type": "Feature", "properties": { "ward": 108, "source_sheet": "108_ruby.pdf p1", "source": "KMC ward sewerage network map (ArcMap GeoPDF)", "extraction_method": "geopdf_raster_polygonised", "georef_max_residual_m": 0.1 }, "geometry": { "type": "Polygon", "coordinates": [ [ [ 88.410878337046896, 22.529760597700104 ], [ 88.41092419594716, 22.529738807061619 ], [ 88.410970310849379, 22.529738473051008 ], [ 88.410981967584235, 22.529749117866348 ], [ 88.411010565379271, 22.529730134540934 ], [ 88.41100438498114, 22.529695309254446 ], [ 88.411016779702209, 22.529526233829589 ], [ 88.410967814696178, 22.529529270805849 ], [ 88.410852815608607, 22.529554244519069 ], [ 88.410772754594021, 22.529608470570945 ], [ 88.410772946582938, 22.529624563052778 ], [ 88.410799462172562, 22.529672652643633 ], [ 88.410848843231932, 22.529704482758369 ], [ 88.410855183591551, 22.529752718453597 ], [ 88.410878337046896, 22.529760597700104 ] ] ] } },
{ "type": "Feature", "properties": { "ward": 108, "source_sheet": "108_ruby.pdf p1", "source": "KMC ward sewerage network map (ArcMap GeoPDF)", "extraction_method": "geopdf_raster_polygonised", "georef_max_residual_m": 0.1 }, "geometry": { "type": "Polygon", "coordinates": [ [ [ 88.411016265735526, 22.529724728627301 ], [ 88.411047745701282, 22.529705724418836 ], [ 88.411191758706465, 22.529696634243603 ], [ 88.411194256810148, 22.529664428406186 ], [ 88.411225576701668, 22.529632013765905 ], [ 88.411366291306351, 22.529588077284156 ], [ 88.41139482499274, 22.52956372973529 ], [ 88.411391686735413, 22.529542293982022 ], [ 88.411425888728772, 22.529509858422642 ], [ 88.411428258734702, 22.529466924265524 ], [ 88.411416473951121, 22.529445551164319 ], [ 88.411376091494859, 22.529443161452182 ], [ 88.411298624864415, 22.529473228152238 ], [ 88.411022512053137, 22.529523509996078 ], [ 88.411010149341976, 22.529695267501058 ], [ 88.411016265735526, 22.529724728627301 ] ] ] } },
{ "type": "Feature", "properties": { "ward": 108, "source_sheet": "108_ruby.pdf p1", "source": "KMC ward sewerage network map (ArcMap GeoPDF)", "extraction_method": "geopdf_raster_polygonised", "georef_max_residual_m": 0.1 }, "geometry": { "type": "Polygon", "coordinates": [ [ [ 88.413227089691915, 22.529724793345956 ], [ 88.413273140451608, 22.529719094521163 ], [ 88.413296069688741, 22.529708198872072 ], [ 88.413327100646754, 22.52965164515216 ], [ 88.413358676397678, 22.529640686740091 ], [ 88.413357618812526, 22.52955217819126 ], [ 88.413340005288816, 22.529525482929316 ], [ 88.413336482164993, 22.529471862301662 ], [ 88.413318932750471, 22.529450531191088 ], [ 88.413312815889043, 22.52942107017585 ], [ 88.413286652016737, 22.529402483891257 ], [ 88.413260231784619, 22.529362440982581 ], [ 88.413239896361986, 22.529349177010808 ], [ 88.413159291717392, 22.529357808879798 ], [ 88.413127748054691, 22.529371449328202 ], [ 88.413117020447871, 22.529438584924801 ], [ 88.4131388298822, 22.52957522447814 ], [ 88.41313389866815, 22.529645000322514 ], [ 88.413139791197295, 22.529655686802883 ], [ 88.413168645011595, 22.529658159729369 ], [ 88.413183248165168, 22.529674147616465 ], [ 88.413183472478636, 22.529692922158386 ], [ 88.413198139727939, 22.529714274198575 ], [ 88.413227089691915, 22.529724793345956 ] ] ] } },
{ "type": "Feature", "properties": { "ward": 108, "source_sheet": "108_ruby.pdf p1", "source": "KMC ward sewerage network map (ArcMap GeoPDF)", "extraction_method": "geopdf_raster_polygonised", "georef_max_residual_m": 0.1 }, "geometry": { "type": "Polygon", "coordinates": [ [ [ 88.40298643044099, 22.529291827553816 ], [ 88.403230396610127, 22.52920423823393 ], [ 88.403261782060227, 22.52917718923133 ], [ 88.403284361698056, 22.52913679199014 ], [ 88.403292625995746, 22.529104544704477 ], [ 88.403291861523996, 22.529040174560045 ], [ 88.403276781738228, 22.528983954371402 ], [ 88.403231765422134, 22.528834068417524 ], [ 88.403217067901522, 22.528810033293887 ], [ 88.403185109210668, 22.528788804673017 ], [ 88.403130379809056, 22.528791880730893 ], [ 88.402949758396815, 22.528873649608684 ], [ 88.402892465228902, 22.528903567217817 ], [ 88.402864057469301, 22.528938641689464 ], [ 88.402855888611668, 22.528978935228018 ], [ 88.402904455520741, 22.529185124457186 ], [ 88.40298643044099, 22.529291827553816 ] ] ] } },
{ "type": "Feature", "properties": { "ward": 108, "source_sheet": "108_ruby.pdf p1", "source": "KMC ward sewerage network map (ArcMap GeoPDF)", "extraction_method": "geopdf_raster_polygonised", "georef_max_residual_m": 0.1 }, "geometry": { "type": "Polygon", "coordinates": [ [ [ 88.407698217483414, 22.529209583229278 ], [ 88.4077270392267, 22.529209375057484 ], [ 88.407772962377138, 22.529192949467863 ], [ 88.407815588116861, 22.529141677593088 ], [ 88.407849886720641, 22.529117289006528 ], [ 88.407875730446136, 22.529109055376853 ], [ 88.407898404519074, 22.529076703808553 ], [ 88.407892256875002, 22.529044560442259 ], [ 88.407868975920294, 22.529025952414756 ], [ 88.40784550332701, 22.52899125187961 ], [ 88.407845311682422, 22.528975159375669 ], [ 88.407862285287536, 22.52894821361911 ], [ 88.407857806074759, 22.528814130238164 ], [ 88.407845670541235, 22.528763253918136 ], [ 88.407825335686439, 22.52874998923004 ], [ 88.407787867545537, 22.528750259868932 ], [ 88.407695414710034, 22.528732151430066 ], [ 88.407652182242913, 22.528732463669751 ], [ 88.407626466315648, 22.528751425598312 ], [ 88.407606323096886, 22.528754253387458 ], [ 88.407571577440663, 22.528741092739299 ], [ 88.407531227133347, 22.528741384132452 ], [ 88.407511179715343, 22.528752258163106 ], [ 88.407511371319401, 22.528768350669885 ], [ 88.407491483564257, 22.528792635120688 ], [ 88.40744277413728, 22.528817127691216 ], [ 88.407442965733964, 22.528833220198347 ], [ 88.407469416168652, 22.528875946240376 ], [ 88.407550883302065, 22.528939733495754 ], [ 88.407545757663243, 22.5289934168107 ], [ 88.407560487866377, 22.529020133583455 ], [ 88.407558404078671, 22.529087206505398 ], [ 88.407598978039118, 22.529105689690038 ], [ 88.407605572728698, 22.529175382249676 ], [ 88.407698217483414, 22.529209583229278 ] ] ] } },
{ "type": "Feature", "properties": { "ward": 108, "source_sheet": "108_ruby.pdf p1", "source": "KMC ward sewerage network map (ArcMap GeoPDF)", "extraction_method": "geopdf_raster_polygonised", "georef_max_residual_m": 0.1 }, "geometry": { "type": "Polygon", "coordinates": [ [ [ 88.411724510625291, 22.530862261435352 ], [ 88.4126359265193, 22.530667891028163 ], [ 88.413119110396948, 22.53057855147285 ], [ 88.413696989235902, 22.530453652981887 ], [ 88.414689260684383, 22.530272095656628 ], [ 88.414901868925526, 22.530214222136713 ], [ 88.415333137979133, 22.530122571043425 ], [ 88.415407785967588, 22.53009788753446 ], [ 88.415778656829275, 22.530017403639366 ], [ 88.415862175891405, 22.530011431557565 ], [ 88.415953956301962, 22.529973211648002 ], [ 88.416261482734342, 22.529898552047655 ], [ 88.416408634356486, 22.529910892827143 ], [ 88.416495067595335, 22.529907581521137 ], [ 88.416722085275907, 22.529849600784242 ], [ 88.417653468339523, 22.529638963340179 ], [ 88.418601819778345, 22.529401373860097 ], [ 88.419743014940138, 22.529140913325922 ], [ 88.420400872804024, 22.528956396898359 ], [ 88.420506965339001, 22.528910023058835 ], [ 88.420639254663627, 22.528884916270613 ], [ 88.420581661377142, 22.528649294116494 ], [ 88.420566735668018, 22.528606486247618 ], [ 88.42055520708324, 22.528606570434068 ], [ 88.419465510895378, 22.528834473116255 ], [ 88.417815846306283, 22.529238116781631 ], [ 88.416433603220668, 22.529588834265745 ], [ 88.415804429550946, 22.529762396960763 ], [ 88.415646134513366, 22.529782324350681 ], [ 88.415573438276994, 22.529729206840038 ], [ 88.415394577258084, 22.529475688105599 ], [ 88.415060336609315, 22.529244757042239 ], [ 88.415046214499924, 22.529269000463632 ], [ 88.414892502132318, 22.529431056140616 ], [ 88.414886898178523, 22.529444508409838 ], [ 88.414954471247086, 22.529551309655307 ], [ 88.41527628540527, 22.529707226617347 ], [ 88.415361216143111, 22.529819266095721 ], [ 88.415364258756199, 22.529832655514756 ], [ 88.414709238996878, 22.530014448866435 ], [ 88.413266132367738, 22.530338758941713 ], [ 88.41167804383241, 22.530591684826742 ], [ 88.411724510625291, 22.530862261435352 ] ] ] } },
{ "type": "Feature", "properties": { "ward": 108, "source_sheet": "108_ruby.pdf p1", "source": "KMC ward sewerage network map (ArcMap GeoPDF)", "extraction_method": "geopdf_raster_polygonised", "georef_max_residual_m": 0.1 }, "geometry": { "type": "Polygon", "coordinates": [ [ [ 88.41066467415277, 22.52948854919396 ], [ 88.410730804226418, 22.529474658760538 ], [ 88.410779801220798, 22.529474303937466 ], [ 88.410788319756108, 22.529463512998731 ], [ 88.410796358314755, 22.529412490854533 ], [ 88.410827774247096, 22.529388122529834 ], [ 88.410859414164719, 22.529382528761481 ], [ 88.410870782862531, 22.529369034864864 ], [ 88.410911165296014, 22.529371424705406 ], [ 88.410925736168892, 22.529384730732648 ], [ 88.410940147039199, 22.529384626357484 ], [ 88.41094824954105, 22.529338968368684 ], [ 88.411014507518743, 22.529335806144012 ], [ 88.411017229679317, 22.52932237486699 ], [ 88.411051431713744, 22.52928993938464 ], [ 88.411120251791147, 22.529259935440439 ], [ 88.411183563540831, 22.529251429866559 ], [ 88.411189007826138, 22.529224567308333 ], [ 88.411203226642755, 22.529208370430887 ], [ 88.411202490508231, 22.529146682592241 ], [ 88.411181611208576, 22.529087822988526 ], [ 88.411172068563289, 22.529012787385255 ], [ 88.411186191345934, 22.528988544269836 ], [ 88.411211970806804, 22.528974945955447 ], [ 88.41122000919087, 22.528923923796505 ], [ 88.411221419088804, 22.528800527235703 ], [ 88.411154041223753, 22.528709816727602 ], [ 88.411127909762996, 22.52869391214886 ], [ 88.411104724473802, 22.528683350848649 ], [ 88.411012495374152, 22.528684018897877 ], [ 88.410991936245125, 22.528651980062261 ], [ 88.410943099545776, 22.528665745337218 ], [ 88.410848116285493, 22.528677162488137 ], [ 88.410756143152398, 22.528699287035206 ], [ 88.410552309595431, 22.528767820777606 ], [ 88.410489189960259, 22.52879241857978 ], [ 88.410426262243718, 22.528833108844143 ], [ 88.41036586477189, 22.528844275329813 ], [ 88.410346585316333, 22.528919519648298 ], [ 88.41034972339375, 22.528940955432532 ], [ 88.410373388519375, 22.528991748056889 ], [ 88.410393851595288, 22.529015740732106 ], [ 88.410429941166242, 22.52914154815053 ], [ 88.410482524041271, 22.529200178335969 ], [ 88.410514259912205, 22.529202630879126 ], [ 88.410525980552279, 22.529218639893756 ], [ 88.410523610266267, 22.529261574052931 ], [ 88.410512177556114, 22.529269703765006 ], [ 88.410506637159571, 22.529288520064792 ], [ 88.410512657446233, 22.529309934975863 ], [ 88.410553615745144, 22.529360602359375 ], [ 88.410557585704836, 22.529451772232616 ], [ 88.410606902642087, 22.529478238268211 ], [ 88.410644370934918, 22.52947796696305 ], [ 88.4106473490979, 22.529485992334564 ], [ 88.41066467415277, 22.52948854919396 ] ] ] } },
{ "type": "Feature", "properties": { "ward": 108, "source_sheet": "108_ruby.pdf p1", "source": "KMC ward sewerage network map (ArcMap GeoPDF)", "extraction_method": "geopdf_raster_polygonised", "georef_max_residual_m": 0.1 }, "geometry": { "type": "Polygon", "coordinates": [ [ [ 88.420670861769324, 22.528876638529809 ], [ 88.421033465529192, 22.528828390801309 ], [ 88.421159958159222, 22.528800643635844 ], [ 88.421043658717011, 22.528476934566402 ], [ 88.420592385306733, 22.528582158204618 ], [ 88.420670861769324, 22.528876638529809 ] ] ] } },
{ "type": "Feature", "properties": { "ward": 108, "source_sheet": "108_ruby.pdf p1", "source": "KMC ward sewerage network map (ArcMap GeoPDF)", "extraction_method": "geopdf_raster_polygonised", "georef_max_residual_m": 0.1 }, "geometry": { "type": "Polygon", "coordinates": [ [ [ 88.421240432949674, 22.528781279527642 ], [ 88.421329586361651, 22.528764534266926 ], [ 88.421325400297803, 22.528415865418697 ], [ 88.421124133342232, 22.528457570524459 ], [ 88.421240432949674, 22.528781279527642 ] ] ] } },
{ "type": "Feature", "properties": { "ward": 108, "source_sheet": "108_ruby.pdf p1", "source": "KMC ward sewerage network map (ArcMap GeoPDF)", "extraction_method": "geopdf_raster_polygonised", "georef_max_residual_m": 0.1 }, "geometry": { "type": "Polygon", "coordinates": [ [ [ 88.413218177528194, 22.52849635999134 ], [ 88.413278638647313, 22.528490556609349 ], [ 88.413350275860211, 22.528455166681962 ], [ 88.413473791752907, 22.528419400181647 ], [ 88.413496656665913, 22.528403140359138 ], [ 88.41350498262554, 22.52837625682454 ], [ 88.413489962946954, 22.528325401951541 ], [ 88.413489546312576, 22.528290534943888 ], [ 88.413503604514517, 22.528260927492418 ], [ 88.413502643046428, 22.52818046516666 ], [ 88.413484997636971, 22.528151087831127 ], [ 88.413424568725404, 22.528159573360522 ], [ 88.413272616113289, 22.528227733905755 ], [ 88.413255483450797, 22.528241269788108 ], [ 88.413250135729058, 22.528276178630399 ], [ 88.413227623286204, 22.528321941274601 ], [ 88.413207768675463, 22.528348908456689 ], [ 88.413173407176785, 22.528367933974081 ], [ 88.413218177528194, 22.52849635999134 ] ] ] } },
{ "type": "Feature", "properties": { "ward": 108, "source_sheet": "108_ruby.pdf p1", "source": "KMC ward sewerage network map (ArcMap GeoPDF)", "extraction_method": "geopdf_raster_polygonised", "georef_max_residual_m": 0.1 }, "geometry": { "type": "Polygon", "coordinates": [ [ [ 88.41729218858552, 22.528354087531344 ], [ 88.417406896139994, 22.528304970666611 ], [ 88.417361961439241, 22.528163135643197 ], [ 88.417372686914888, 22.528095999863773 ], [ 88.417279848137966, 22.528045712096223 ], [ 88.417256694665909, 22.528037833773325 ], [ 88.417222109004527, 22.528038085611666 ], [ 88.417204912534075, 22.528046257747569 ], [ 88.417211319217571, 22.528099857238743 ], [ 88.417200176100351, 22.528132126060544 ], [ 88.417204471535442, 22.528250116292089 ], [ 88.417231535056487, 22.528343799971832 ], [ 88.41729218858552, 22.528354087531344 ] ] ] } },
{ "type": "Feature", "properties": { "ward": 108, "source_sheet": "108_ruby.pdf p1", "source": "KMC ward sewerage network map (ArcMap GeoPDF)", "extraction_method": "geopdf_raster_polygonised", "georef_max_residual_m": 0.1 }, "geometry": { "type": "Polygon", "coordinates": [ [ [ 88.418702103531999, 22.528389413536033 ], [ 88.418745303540533, 22.528386416262588 ], [ 88.418799389094005, 22.528329693495412 ], [ 88.418833781893014, 22.528313348887608 ], [ 88.4189257210584, 22.528288537730024 ], [ 88.419026499544728, 22.528279755890978 ], [ 88.419083885115754, 22.52825787893811 ], [ 88.4190858668685, 22.528182759934008 ], [ 88.419111323764326, 22.528142339691364 ], [ 88.419067223471615, 22.528070239072907 ], [ 88.418976655361547, 22.527968971945725 ], [ 88.418956641186512, 22.527982529422918 ], [ 88.418945337721382, 22.528001387989157 ], [ 88.418830598869391, 22.528047823840403 ], [ 88.418767609815234, 22.5280831530855 ], [ 88.418727356338323, 22.528091493489644 ], [ 88.418704556429688, 22.528113118164725 ], [ 88.418624178034534, 22.528140527218635 ], [ 88.418604646008959, 22.528194315726623 ], [ 88.418619667515344, 22.52824517002735 ], [ 88.418631388967427, 22.52826117840948 ], [ 88.418671803243939, 22.528266248383432 ], [ 88.418698096159034, 22.528295562053977 ], [ 88.418701428392794, 22.528333090039169 ], [ 88.418687242723038, 22.52835196960276 ], [ 88.418684585623907, 22.528370765114616 ], [ 88.418702103531999, 22.528389413536033 ] ] ] } },
{ "type": "Feature", "properties": { "ward": 108, "source_sheet": "108_ruby.pdf p1", "source": "KMC ward sewerage network map (ArcMap GeoPDF)", "extraction_method": "geopdf_raster_polygonised", "georef_max_residual_m": 0.1 }, "geometry": { "type": "Polygon", "coordinates": [ [ [ 88.418624113739185, 22.528135163075746 ], [ 88.418701609993178, 22.528107775034815 ], [ 88.418724409901486, 22.52808615036016 ], [ 88.418764663377075, 22.528077809956812 ], [ 88.418827652429712, 22.528042480712934 ], [ 88.41894239127852, 22.527996044863951 ], [ 88.418970826783465, 22.527963649838565 ], [ 88.418816948345039, 22.527870891195967 ], [ 88.41879123420118, 22.527889854824593 ], [ 88.418722062996437, 22.527890359149527 ], [ 88.418681841719788, 22.527901381611183 ], [ 88.418610399167349, 22.527952866259501 ], [ 88.418590577836881, 22.527982516122126 ], [ 88.418588274343605, 22.528030814420372 ], [ 88.418577002970025, 22.528052355034941 ], [ 88.418580142280916, 22.528073790596622 ], [ 88.418618060133738, 22.528111066455367 ], [ 88.418624113739185, 22.528135163075746 ] ] ] } },
{ "type": "Feature", "properties": { "ward": 108, "source_sheet": "108_ruby.pdf p1", "source": "KMC ward sewerage network map (ArcMap GeoPDF)", "extraction_method": "geopdf_raster_polygonised", "georef_max_residual_m": 0.1 }, "geometry": { "type": "Polygon", "coordinates": [ [ [ 88.408960216331323, 22.528199960242407 ], [ 88.408991920001682, 22.528199731016336 ], [ 88.409009053101855, 22.528186195566917 ], [ 88.409055071636729, 22.52817781588287 ], [ 88.40908943370637, 22.528158791218125 ], [ 88.409088794434268, 22.528105149562101 ], [ 88.409079764424575, 22.52807302708991 ], [ 88.409023916875796, 22.527982232230258 ], [ 88.409000635965683, 22.52796362436278 ], [ 88.4089369091283, 22.527937261976202 ], [ 88.408876927359543, 22.527983294970575 ], [ 88.40884816980207, 22.527988867501566 ], [ 88.408782295853186, 22.528024213802695 ], [ 88.408716294044481, 22.528048831745338 ], [ 88.408745467060214, 22.528078126319084 ], [ 88.408769003617536, 22.528118190889508 ], [ 88.408895914111241, 22.5281253203513 ], [ 88.408916344846133, 22.528146631153536 ], [ 88.408922428751993, 22.528173410308117 ], [ 88.408960216331323, 22.528199960242407 ] ] ] } },
{ "type": "Feature", "properties": { "ward": 108, "source_sheet": "108_ruby.pdf p1", "source": "KMC ward sewerage network map (ArcMap GeoPDF)", "extraction_method": "geopdf_raster_polygonised", "georef_max_residual_m": 0.1 }, "geometry": { "type": "Polygon", "coordinates": [ [ [ 88.419114205902659, 22.528142318671179 ], [ 88.419142866497282, 22.528128698112354 ], [ 88.419197562801287, 22.528122934568042 ], [ 88.419220459107947, 22.528109356039227 ], [ 88.419234548201388, 22.528082430220874 ], [ 88.419233905014565, 22.528028788805969 ], [ 88.4192191727454, 22.528002073208715 ], [ 88.41919592271185, 22.527986148957723 ], [ 88.419117847809858, 22.527965259952325 ], [ 88.419097512084349, 22.527951996736959 ], [ 88.419102022246307, 22.527847353930195 ], [ 88.41909606504359, 22.527831303543554 ], [ 88.419075729340406, 22.527818040324107 ], [ 88.419050047399182, 22.527839686062926 ], [ 88.419008005141976, 22.527939237967868 ], [ 88.418979505342136, 22.52796626885706 ], [ 88.419070041296123, 22.528064853911708 ], [ 88.419114205902659, 22.528142318671179 ] ] ] } },
{ "type": "Feature", "properties": { "ward": 108, "source_sheet": "108_ruby.pdf p1", "source": "KMC ward sewerage network map (ArcMap GeoPDF)", "extraction_method": "geopdf_raster_polygonised", "georef_max_residual_m": 0.1 }, "geometry": { "type": "Polygon", "coordinates": [ [ [ 88.415066305372605, 22.528297858706676 ], [ 88.415103773276613, 22.528297586379711 ], [ 88.415169741831633, 22.528270283793919 ], [ 88.415233149038059, 22.528269822887683 ], [ 88.415256077872215, 22.528258926977532 ], [ 88.415278525454269, 22.528207799933163 ], [ 88.415278076290022, 22.52817025087726 ], [ 88.415235961756636, 22.528023030041293 ], [ 88.415152502906935, 22.52779295813184 ], [ 88.415102961249474, 22.527747718967582 ], [ 88.415033661696341, 22.527737493400416 ], [ 88.41497569823072, 22.527711091564967 ], [ 88.414946876886276, 22.527711301018854 ], [ 88.414889843621822, 22.527762679355835 ], [ 88.41484174539336, 22.527838133529194 ], [ 88.414831146993023, 22.527915997508039 ], [ 88.414838322542479, 22.528033966966195 ], [ 88.414853887942016, 22.528130416982602 ], [ 88.414866025942928, 22.528181292649105 ], [ 88.414883671639785, 22.528210669817874 ], [ 88.414892767135242, 22.528248156046207 ], [ 88.414904424022012, 22.528258800570242 ], [ 88.414956591340655, 22.528282562234743 ], [ 88.415066305372605, 22.528297858706676 ] ] ] } },
{ "type": "Feature", "properties": { "ward": 108, "source_sheet": "108_ruby.pdf p1", "source": "KMC ward sewerage network map (ArcMap GeoPDF)", "extraction_method": "geopdf_raster_polygonised", "georef_max_residual_m": 0.1 }, "geometry": { "type": "Polygon", "coordinates": [ [ [ 88.408707615641248, 22.528046212163602 ], [ 88.408779349789782, 22.528018870471335 ], [ 88.40884522373706, 22.527983524171482 ], [ 88.408873981293581, 22.527977951641059 ], [ 88.408902483169328, 22.527950922440986 ], [ 88.408933995021499, 22.527934600730884 ], [ 88.408899057708311, 22.527905347865506 ], [ 88.408869724905216, 22.527862642903063 ], [ 88.408842539222007, 22.527758229184411 ], [ 88.408830754985829, 22.527736855861608 ], [ 88.408813302342594, 22.527723570458217 ], [ 88.408770102166542, 22.527726565065468 ], [ 88.408629356503056, 22.527767817148391 ], [ 88.408571777542377, 22.527773597946517 ], [ 88.408528801007961, 22.527795367075029 ], [ 88.408532130485739, 22.527832895414665 ], [ 88.408564249468085, 22.527867533362919 ], [ 88.408584935742709, 22.527910300880293 ], [ 88.4086371658763, 22.527939428823778 ], [ 88.408672103146685, 22.527968681748284 ], [ 88.408689683632304, 22.527992695499012 ], [ 88.408693013161255, 22.528030223831962 ], [ 88.408707615641248, 22.528046212163602 ] ] ] } },
{ "type": "Feature", "properties": { "ward": 108, "source_sheet": "108_ruby.pdf p1", "source": "KMC ward sewerage network map (ArcMap GeoPDF)", "extraction_method": "geopdf_raster_polygonised", "georef_max_residual_m": 0.1 }, "geometry": { "type": "Polygon", "coordinates": [ [ [ 88.414811416454711, 22.529399457701192 ], [ 88.415010537799049, 22.529178061279321 ], [ 88.415010757387478, 22.528955428069512 ], [ 88.414921084862755, 22.528687848910863 ], [ 88.41479964492018, 22.528415135902904 ], [ 88.414700845695762, 22.528107388252248 ], [ 88.41463429564358, 22.527845005471665 ], [ 88.414590834997739, 22.527585137211506 ], [ 88.414458321041721, 22.527591464486701 ], [ 88.414503769650366, 22.528017621533799 ], [ 88.414622138281374, 22.528515671100923 ], [ 88.414742753047477, 22.529201465810264 ], [ 88.414811416454711, 22.529399457701192 ] ] ] } },
{ "type": "Feature", "properties": { "ward": 108, "source_sheet": "108_ruby.pdf p1", "source": "KMC ward sewerage network map (ArcMap GeoPDF)", "extraction_method": "geopdf_raster_polygonised", "georef_max_residual_m": 0.1 }, "geometry": { "type": "Polygon", "coordinates": [ [ [ 88.41369424034923, 22.528053005791772 ], [ 88.413725911869832, 22.528050093557628 ], [ 88.413751562675131, 22.528025766547277 ], [ 88.413751113927063, 22.527988217465058 ], [ 88.413762482225621, 22.527974723382108 ], [ 88.413820189161669, 22.527979669042196 ], [ 88.413837353789816, 22.527968815180973 ], [ 88.413906589289184, 22.527973677107489 ], [ 88.413938036386028, 22.527951990293015 ], [ 88.413904409465061, 22.527791295860641 ], [ 88.413878021450543, 22.527753935116287 ], [ 88.413794375378245, 22.527749177794998 ], [ 88.413785568699623, 22.527735830181616 ], [ 88.413785344323699, 22.527717055640139 ], [ 88.413808080870396, 22.527690067470431 ], [ 88.413804365331529, 22.52762035438387 ], [ 88.413783933965533, 22.52759904423548 ], [ 88.413743327673828, 22.52757788054944 ], [ 88.413714538394174, 22.527580771858737 ], [ 88.413703106016882, 22.527588901782522 ], [ 88.413683475959459, 22.527634643558123 ], [ 88.413651996837785, 22.527653648244474 ], [ 88.413628971809501, 22.527656497695453 ], [ 88.413620197203045, 22.527645832149339 ], [ 88.413602968494814, 22.527651321831442 ], [ 88.413626410180115, 22.527683339392535 ], [ 88.413647803068201, 22.527785111886711 ], [ 88.413673998719389, 22.527806380206808 ], [ 88.413674255132833, 22.527827836826464 ], [ 88.413665768975235, 22.527841309980943 ], [ 88.413622665096909, 22.527852352120103 ], [ 88.413614114831617, 22.527860461117122 ], [ 88.413608542856153, 22.527876595424978 ], [ 88.413612194210174, 22.527940944363625 ], [ 88.413632849962198, 22.527981029073896 ], [ 88.41363614876937, 22.528015875158726 ], [ 88.413644955453492, 22.528029222779661 ], [ 88.41365952642515, 22.528042528555236 ], [ 88.41369424034923, 22.528053005791772 ] ] ] } },
{ "type": "Feature", "properties": { "ward": 108, "source_sheet": "108_ruby.pdf p1", "source": "KMC ward sewerage network map (ArcMap GeoPDF)", "extraction_method": "geopdf_raster_polygonised", "georef_max_residual_m": 0.1 }, "geometry": { "type": "Polygon", "coordinates": [ [ [ 88.419100382270386, 22.527710568309352 ], [ 88.419238435045997, 22.527685420676075 ], [ 88.419312759344777, 22.527633914743102 ], [ 88.419321148443984, 22.527612395106921 ], [ 88.419279737399137, 22.527524181090605 ], [ 88.41918491668109, 22.527549013444318 ], [ 88.419141974203541, 22.527573467390361 ], [ 88.419101656588396, 22.527576443737775 ], [ 88.41908792122895, 22.527632872326553 ], [ 88.419067971423232, 22.527651793957236 ], [ 88.419068132201161, 22.527665204312623 ], [ 88.419100382270386, 22.527710568309352 ] ] ] } },
{ "type": "Feature", "properties": { "ward": 108, "source_sheet": "108_ruby.pdf p1", "source": "KMC ward sewerage network map (ArcMap GeoPDF)", "extraction_method": "geopdf_raster_polygonised", "georef_max_residual_m": 0.1 }, "geometry": { "type": "Polygon", "coordinates": [ [ [ 88.403455253589371, 22.528963893922423 ], [ 88.403484075332955, 22.528963686513016 ], [ 88.403627387563304, 22.528895597163533 ], [ 88.403745078720974, 22.528854515295528 ], [ 88.403805445014115, 22.528840669179154 ], [ 88.403842690198971, 22.528821624844621 ], [ 88.404078295245498, 22.528758235342732 ], [ 88.404181447815716, 22.528706528571043 ], [ 88.404229902874334, 22.528660580253185 ], [ 88.404229392946448, 22.528617666838979 ], [ 88.404138069937204, 22.528452020704883 ], [ 88.404111684319503, 22.528414658233768 ], [ 88.404071206579971, 22.528404220400116 ], [ 88.404053690540408, 22.52838557028517 ], [ 88.404038738002683, 22.528340078530459 ], [ 88.404046492222747, 22.528264917794736 ], [ 88.404034613057888, 22.528235497820209 ], [ 88.404014151155934, 22.52821150427193 ], [ 88.403978768632882, 22.528144701046006 ], [ 88.403896857435655, 22.528043362622569 ], [ 88.403873577158009, 22.528024753978791 ], [ 88.403867589810687, 22.52800602084988 ], [ 88.403921936508468, 22.527970759489904 ], [ 88.403921139918893, 22.527903707265214 ], [ 88.403877015487367, 22.527828919984241 ], [ 88.403862031215056, 22.527780746114946 ], [ 88.403832540627462, 22.527724629707308 ], [ 88.403771059703914, 22.527644602687211 ], [ 88.403744929225539, 22.527628696853846 ], [ 88.403701728889118, 22.527631690104307 ], [ 88.40369663363218, 22.527688055467866 ], [ 88.403613847783177, 22.527755709247874 ], [ 88.403591236587815, 22.527793424436261 ], [ 88.40345964517698, 22.5278775232849 ], [ 88.403416540314055, 22.527888562731736 ], [ 88.403379040483188, 22.527886150242846 ], [ 88.403303849714405, 22.527865232700208 ], [ 88.403289438955511, 22.527865336383623 ], [ 88.40327227344855, 22.52787618916113 ], [ 88.403247385147807, 22.527964884748464 ], [ 88.403227592273325, 22.527997214976061 ], [ 88.403227878925918, 22.528021353784116 ], [ 88.403280267338531, 22.528063893970021 ], [ 88.403274885242197, 22.528096120519574 ], [ 88.403243595578985, 22.52813121578486 ], [ 88.403255506420507, 22.528163317916846 ], [ 88.403273022328179, 22.528181968126077 ], [ 88.403350999867456, 22.528194818667117 ], [ 88.403337385392106, 22.52826197459602 ], [ 88.403352465106408, 22.528318194786614 ], [ 88.403381891937883, 22.528368947102734 ], [ 88.403382083060507, 22.528385039639602 ], [ 88.403402544885324, 22.52840903327203 ], [ 88.403460315564473, 22.528419346836142 ], [ 88.403495602354283, 22.528478103915091 ], [ 88.403490220297968, 22.52851033046851 ], [ 88.403475873184831, 22.528515798350654 ], [ 88.403464535657946, 22.528531973848548 ], [ 88.403464790502682, 22.528553430563147 ], [ 88.403473596279156, 22.5285667787882 ], [ 88.403490952988065, 22.528572018522286 ], [ 88.403542863836279, 22.528574327266806 ], [ 88.40355166962145, 22.528587675487099 ], [ 88.403538118931181, 22.528660195605219 ], [ 88.403521303776301, 22.528700551393555 ], [ 88.403478644653248, 22.52874914011803 ], [ 88.403412991842828, 22.528803258930669 ], [ 88.403384711657012, 22.528849061844177 ], [ 88.40339117680297, 22.528908026330075 ], [ 88.403406001784163, 22.528942789792513 ], [ 88.403455253589371, 22.528963893922423 ] ] ] } },
{ "type": "Feature", "properties": { "ward": 108, "source_sheet": "108_ruby.pdf p1", "source": "KMC ward sewerage network map (ArcMap GeoPDF)", "extraction_method": "geopdf_raster_polygonised", "georef_max_residual_m": 0.1 }, "geometry": { "type": "Polygon", "coordinates": [ [ [ 88.418973676764082, 22.527960946749996 ], [ 88.419005058698218, 22.527933894843816 ], [ 88.419044250979553, 22.527837046029259 ], [ 88.419072815052857, 22.527815379272237 ], [ 88.419049532911941, 22.527796772926205 ], [ 88.419040629276353, 22.527775379413484 ], [ 88.419040243414059, 22.527743194560575 ], [ 88.41906307536587, 22.527724251913842 ], [ 88.419094650167764, 22.527713292419278 ], [ 88.419062400099662, 22.527667928421351 ], [ 88.419062175011362, 22.527649153923768 ], [ 88.419082156973374, 22.52763291436484 ], [ 88.419095924491202, 22.527579167847513 ], [ 88.419058456844212, 22.527579441093824 ], [ 88.419038185492411, 22.527571542009422 ], [ 88.419026174666584, 22.527531395014531 ], [ 88.41903184245399, 22.527523306764969 ], [ 88.419028574473003, 22.527491142928927 ], [ 88.418953767836328, 22.527502417664103 ], [ 88.418933432195686, 22.527489154422966 ], [ 88.418910375195594, 22.527489322551538 ], [ 88.418901825276933, 22.527497431812883 ], [ 88.418905253990303, 22.527543006009548 ], [ 88.41887742943419, 22.527626360376487 ], [ 88.418886783163529, 22.527685302898483 ], [ 88.418794876533227, 22.527712796086792 ], [ 88.418784055318625, 22.527771885713065 ], [ 88.418813712551525, 22.527841409426077 ], [ 88.418816884042997, 22.527865527053351 ], [ 88.418927144615381, 22.52792641609846 ], [ 88.418973676764082, 22.527960946749996 ] ] ] } },
{ "type": "Feature", "properties": { "ward": 108, "source_sheet": "108_ruby.pdf p1", "source": "KMC ward sewerage network map (ArcMap GeoPDF)", "extraction_method": "geopdf_raster_polygonised", "georef_max_residual_m": 0.1 }, "geometry": { "type": "Polygon", "coordinates": [ [ [ 88.413221663221975, 22.527823074784003 ], [ 88.413244592159344, 22.527812179155625 ], [ 88.413258458110832, 22.527766479255863 ], [ 88.413258105631627, 22.527736976398156 ], [ 88.413249331047012, 22.527726310830712 ], [ 88.413254390365452, 22.527667263285188 ], [ 88.413231141022976, 22.527651338133548 ], [ 88.413230820594194, 22.527624517353104 ], [ 88.413245006966051, 22.527605638234654 ], [ 88.413265085775876, 22.527597445597529 ], [ 88.413267551344404, 22.52756255766835 ], [ 88.413255766464772, 22.527541184703193 ], [ 88.413203279268828, 22.527490601674643 ], [ 88.413151304768689, 22.527482931877874 ], [ 88.413128439957447, 22.527499191647404 ], [ 88.413080404903056, 22.527580009497516 ], [ 88.413063208217636, 22.527588181200791 ], [ 88.413042905121429, 22.527577599265275 ], [ 88.413016933876563, 22.52757510538293 ], [ 88.413005501455928, 22.527583235259225 ], [ 88.413014756592943, 22.527634132016225 ], [ 88.412994741837963, 22.527647688779748 ], [ 88.412986415813265, 22.527674572293115 ], [ 88.412998168626686, 22.527693263200895 ], [ 88.413078996606117, 22.527703406007397 ], [ 88.413139873926752, 22.527732469710219 ], [ 88.41317192989537, 22.52776174252519 ], [ 88.413198509983303, 22.527815195863152 ], [ 88.413221663221975, 22.527823074784003 ] ] ] } },
{ "type": "Feature", "properties": { "ward": 108, "source_sheet": "108_ruby.pdf p1", "source": "KMC ward sewerage network map (ArcMap GeoPDF)", "extraction_method": "geopdf_raster_polygonised", "georef_max_residual_m": 0.1 }, "geometry": { "type": "Polygon", "coordinates": [ [ [ 88.416893689543798, 22.527571072861061 ], [ 88.416936632452362, 22.527546619494753 ], [ 88.416947486563117, 22.527490212025246 ], [ 88.416941369051131, 22.527460751176129 ], [ 88.416924076290044, 22.527460877058658 ], [ 88.416903772947819, 22.527450295624352 ], [ 88.416880780160525, 22.527455827609369 ], [ 88.416884593570131, 22.527533586768286 ], [ 88.416873321960892, 22.527555127276312 ], [ 88.416893689543798, 22.527571072861061 ] ] ] } },
{ "type": "Feature", "properties": { "ward": 108, "source_sheet": "108_ruby.pdf p1", "source": "KMC ward sewerage network map (ArcMap GeoPDF)", "extraction_method": "geopdf_raster_polygonised", "georef_max_residual_m": 0.1 }, "geometry": { "type": "Polygon", "coordinates": [ [ [ 88.420179213175032, 22.528019208669129 ], [ 88.420196505981792, 22.528019082433303 ], [ 88.420219402165756, 22.528005503768071 ], [ 88.420261733163613, 22.527930090217172 ], [ 88.420295868238654, 22.527892288753726 ], [ 88.420301053267764, 22.527843969419834 ], [ 88.42029483849339, 22.527806462528257 ], [ 88.420303259625769, 22.527787624918172 ], [ 88.420340437686335, 22.527763212753555 ], [ 88.420357440834621, 22.527738947876514 ], [ 88.420351129510294, 22.527693394778595 ], [ 88.420304532777578, 22.527653500398163 ], [ 88.420324224967572, 22.527613122066128 ], [ 88.420324031889024, 22.527597029648568 ], [ 88.420225556951195, 22.527557513976866 ], [ 88.42018776755755, 22.527530966788071 ], [ 88.420164646209614, 22.527525770957048 ], [ 88.420006032849216, 22.527518881778917 ], [ 88.419847226472768, 22.527495900022423 ], [ 88.419823751271437, 22.527461201368901 ], [ 88.419822625327654, 22.527367328909932 ], [ 88.419773339744523, 22.527343547814635 ], [ 88.419608962347198, 22.527336700295375 ], [ 88.419560030618754, 22.527342421908678 ], [ 88.419540080920228, 22.527361343593103 ], [ 88.419514752938298, 22.527412492176094 ], [ 88.41951232110938, 22.527450062191384 ], [ 88.419524074752033, 22.527468752578759 ], [ 88.419524621542763, 22.527514347778748 ], [ 88.419516232480746, 22.527535867423868 ], [ 88.41943989457998, 22.52765981037772 ], [ 88.419402973672021, 22.527705678906585 ], [ 88.419426706117932, 22.527761834188702 ], [ 88.419610371112455, 22.527934844059963 ], [ 88.419714771282514, 22.527987728391153 ], [ 88.419757874620473, 22.52797668464278 ], [ 88.419850102909805, 22.527976011606466 ], [ 88.41990813165566, 22.528007775771485 ], [ 88.419936953001141, 22.52800756542608 ], [ 88.419962795691703, 22.527999329901125 ], [ 88.419982648894916, 22.527972361954351 ], [ 88.420008588098426, 22.527972172632044 ], [ 88.420026041773184, 22.527985456763975 ], [ 88.420057680896221, 22.527979861221212 ], [ 88.420054412661813, 22.527947697420572 ], [ 88.420077437551342, 22.527944847054435 ], [ 88.420112377085431, 22.527974097370763 ], [ 88.420155834328455, 22.527992556284072 ], [ 88.420179213175032, 22.528019208669129 ] ] ] } },
{ "type": "Feature", "properties": { "ward": 108, "source_sheet": "108_ruby.pdf p1", "source": "KMC ward sewerage network map (ArcMap GeoPDF)", "extraction_method": "geopdf_raster_polygonised", "georef_max_residual_m": 0.1 }, "geometry": { "type": "Polygon", "coordinates": [ [ [ 88.417616856176963, 22.527785756258925 ], [ 88.417700052473236, 22.527752962567615 ], [ 88.418024640753515, 22.52765939940436 ], [ 88.418130797485347, 22.527618391279141 ], [ 88.41813553334336, 22.527532522963973 ], [ 88.418128515738303, 22.527427964149879 ], [ 88.418113012464289, 22.52733687869971 ], [ 88.417983798946082, 22.527378054798664 ], [ 88.417550557885804, 22.527544831533191 ], [ 88.417447411640353, 22.527596546584245 ], [ 88.417459550521542, 22.527647422011906 ], [ 88.417482800311902, 22.527663346527643 ], [ 88.417517514378844, 22.527673822929785 ], [ 88.417564046112915, 22.527708354012464 ], [ 88.417599081469646, 22.527745651124185 ], [ 88.417616856176963, 22.527785756258925 ] ] ] } },
{ "type": "Feature", "properties": { "ward": 108, "source_sheet": "108_ruby.pdf p1", "source": "KMC ward sewerage network map (ArcMap GeoPDF)", "extraction_method": "geopdf_raster_polygonised", "georef_max_residual_m": 0.1 }, "geometry": { "type": "Polygon", "coordinates": [ [ [ 88.416225934285208, 22.527651036881455 ], [ 88.416257637733196, 22.527650806230671 ], [ 88.416283416408476, 22.527637207139726 ], [ 88.416303270305789, 22.52761023961169 ], [ 88.416302885080327, 22.527578054718905 ], [ 88.416316942604681, 22.52754844705359 ], [ 88.416339710715135, 22.527524140626653 ], [ 88.416371189409332, 22.527505135434534 ], [ 88.416468732301993, 22.527466873371296 ], [ 88.416468058094949, 22.527410549811965 ], [ 88.416487976136054, 22.527388946412408 ], [ 88.416487783503698, 22.527372853966906 ], [ 88.416421334094181, 22.527359925945916 ], [ 88.416403880823168, 22.527346641400133 ], [ 88.416397923951294, 22.527330590895467 ], [ 88.416188748615724, 22.527434040454732 ], [ 88.416183497955174, 22.527476995582195 ], [ 88.416129283197364, 22.527522989215186 ], [ 88.416120765204028, 22.527533780411812 ], [ 88.41612098989377, 22.527552554934246 ], [ 88.416135689432039, 22.527576588775155 ], [ 88.416176263952366, 22.527595069764132 ], [ 88.416196856167346, 22.527629789962486 ], [ 88.416225934285208, 22.527651036881455 ] ] ] } },
{ "type": "Feature", "properties": { "ward": 108, "source_sheet": "108_ruby.pdf p1", "source": "KMC ward sewerage network map (ArcMap GeoPDF)", "extraction_method": "geopdf_raster_polygonised", "georef_max_residual_m": 0.1 }, "geometry": { "type": "Polygon", "coordinates": [ [ [ 88.419012877679322, 22.527383965169555 ], [ 88.419024406170152, 22.527383881098796 ], [ 88.419038430928268, 22.52735159115467 ], [ 88.419072855615923, 22.527337928578952 ], [ 88.419098505309535, 22.527313600768991 ], [ 88.419092194422944, 22.527268047597079 ], [ 88.419080473010396, 22.527252039245028 ], [ 88.419037048285006, 22.527236262091563 ], [ 88.419010851977177, 22.527214994679913 ], [ 88.418956123864206, 22.527218076072 ], [ 88.418930538465659, 22.527247768002681 ], [ 88.418939956487534, 22.527312074667115 ], [ 88.41892301743512, 22.527341703548387 ], [ 88.41894613871618, 22.52734689956193 ], [ 88.418963720826653, 22.527370912104608 ], [ 88.419012877679322, 22.527383965169555 ] ] ] } },
{ "type": "Feature", "properties": { "ward": 108, "source_sheet": "108_ruby.pdf p1", "source": "KMC ward sewerage network map (ArcMap GeoPDF)", "extraction_method": "geopdf_raster_polygonised", "georef_max_residual_m": 0.1 }, "geometry": { "type": "Polygon", "coordinates": [ [ [ 88.419447917351889, 22.527367380572233 ], [ 88.419462295798255, 22.527364593374088 ], [ 88.419487655955521, 22.527316126869206 ], [ 88.41954516971208, 22.527304978056076 ], [ 88.419556473042178, 22.527286119453226 ], [ 88.419550419322832, 22.527262022871891 ], [ 88.419498444680627, 22.527254355138929 ], [ 88.419417166423628, 22.527206666576266 ], [ 88.419391163034163, 22.527201491654225 ], [ 88.419368202568535, 22.527209706058514 ], [ 88.419368717141211, 22.527252619192293 ], [ 88.419363017223517, 22.527258025381549 ], [ 88.419305439148417, 22.52726380998752 ], [ 88.419273864465708, 22.52727476951792 ], [ 88.419277100335989, 22.527304251276206 ], [ 88.419285875335419, 22.527314916493019 ], [ 88.419303168061063, 22.527314790357675 ], [ 88.419311621465013, 22.527298634863882 ], [ 88.419349121192766, 22.527301043633397 ], [ 88.419357928357954, 22.52731439091685 ], [ 88.419375317566136, 22.527322310986243 ], [ 88.419409903017794, 22.527322058694402 ], [ 88.419427324391648, 22.527332660828719 ], [ 88.419447917351889, 22.527367380572233 ] ] ] } },
{ "type": "Feature", "properties": { "ward": 108, "source_sheet": "108_ruby.pdf p1", "source": "KMC ward sewerage network map (ArcMap GeoPDF)", "extraction_method": "geopdf_raster_polygonised", "georef_max_residual_m": 0.1 }, "geometry": { "type": "Polygon", "coordinates": [ [ [ 88.41618839551937, 22.527404537634197 ], [ 88.416403335060465, 22.52730104613585 ], [ 88.416400196107659, 22.527279610511521 ], [ 88.416287946795293, 22.527052431023165 ], [ 88.416253232963456, 22.527041954342192 ], [ 88.416204236940118, 22.5270423107875 ], [ 88.416181340482652, 22.527055888894942 ], [ 88.416158668710935, 22.527088241522545 ], [ 88.416049501207738, 22.527118541023118 ], [ 88.416029486842817, 22.527132098145966 ], [ 88.416021033055699, 22.527148253486757 ], [ 88.416021450304854, 22.527183120460176 ], [ 88.416077494516287, 22.52729000513003 ], [ 88.416112689871213, 22.527340712966865 ], [ 88.416162167487798, 22.527380587663711 ], [ 88.416173920687655, 22.527399278319489 ], [ 88.41618839551937, 22.527404537634197 ] ] ] } },
{ "type": "Feature", "properties": { "ward": 108, "source_sheet": "108_ruby.pdf p1", "source": "KMC ward sewerage network map (ArcMap GeoPDF)", "extraction_method": "geopdf_raster_polygonised", "georef_max_residual_m": 0.1 }, "geometry": { "type": "Polygon", "coordinates": [ [ [ 88.416715977420793, 22.527172702535946 ], [ 88.416736152268655, 22.527172555701043 ], [ 88.416845191188202, 22.527131527444663 ], [ 88.416835998928178, 22.527085995123212 ], [ 88.416838720488627, 22.527072563775228 ], [ 88.416864306324243, 22.527042872155217 ], [ 88.416864049426849, 22.527021415563873 ], [ 88.416831832346432, 22.526978733143252 ], [ 88.416802786400211, 22.526960168403612 ], [ 88.416773868902823, 22.526952331954501 ], [ 88.416727401834933, 22.526923164765247 ], [ 88.416675523747315, 22.52692354232801 ], [ 88.41656933494103, 22.526961867416947 ], [ 88.416546502747082, 22.526980809722598 ], [ 88.41654387747721, 22.527002287290074 ], [ 88.416558994404298, 22.527061188058791 ], [ 88.416576608185096, 22.527087882960501 ], [ 88.416596975664447, 22.527103828588992 ], [ 88.416637389557778, 22.52710889909584 ], [ 88.416678381410605, 22.52716224692626 ], [ 88.416715977420793, 22.527172702535946 ] ] ] } },
{ "type": "Feature", "properties": { "ward": 108, "source_sheet": "108_ruby.pdf p1", "source": "KMC ward sewerage network map (ArcMap GeoPDF)", "extraction_method": "geopdf_raster_polygonised", "georef_max_residual_m": 0.1 }, "geometry": { "type": "Polygon", "coordinates": [ [ [ 88.419973267778786, 22.527430604854615 ], [ 88.42001342445252, 22.527414217941732 ], [ 88.420038848768115, 22.527371115499744 ], [ 88.420096040741171, 22.527333145791246 ], [ 88.420089954752044, 22.527306367165309 ], [ 88.42003490491156, 22.527282628224622 ], [ 88.420034583174498, 22.52725580752411 ], [ 88.420042875618819, 22.527226241646076 ], [ 88.420068364242525, 22.527188503340785 ], [ 88.420082131339811, 22.527134756758134 ], [ 88.420104866521044, 22.527107767764576 ], [ 88.420136344564966, 22.527088761866249 ], [ 88.420147390391719, 22.52704844666652 ], [ 88.420106204246935, 22.526979007365739 ], [ 88.420102839515039, 22.526938797351342 ], [ 88.420082310814237, 22.526909441835265 ], [ 88.420081989073211, 22.526882621134064 ], [ 88.420073149696748, 22.526866591821587 ], [ 88.419980439571532, 22.526827033893948 ], [ 88.419960071771712, 22.52681108871116 ], [ 88.419913958016394, 22.526811425247523 ], [ 88.419885265599589, 22.526822363857576 ], [ 88.419871112409055, 22.526843925583126 ], [ 88.419852192252165, 22.526948673553935 ], [ 88.419832435665327, 22.526983687692869 ], [ 88.419778254540759, 22.527032364556444 ], [ 88.419654420112238, 22.527041315049921 ], [ 88.419620510208006, 22.527097890873598 ], [ 88.419583493006058, 22.527135713224339 ], [ 88.419569468396361, 22.527168003209166 ], [ 88.419578339902372, 22.527186714621365 ], [ 88.419601493341418, 22.527194592611483 ], [ 88.419734070768442, 22.527193625272375 ], [ 88.419771795648941, 22.527214808437261 ], [ 88.419786560097705, 22.527244206055617 ], [ 88.419818359913563, 22.527252020919249 ], [ 88.41986143084641, 22.527238295084075 ], [ 88.419930633864752, 22.527240472356389 ], [ 88.419948183952457, 22.52726180271355 ], [ 88.419951355620384, 22.527285920310675 ], [ 88.419948827393796, 22.527315444116518 ], [ 88.419937459772655, 22.527328938603947 ], [ 88.419941339226114, 22.527412061743878 ], [ 88.419973267778786, 22.527430604854615 ] ] ] } },
{ "type": "Feature", "properties": { "ward": 108, "source_sheet": "108_ruby.pdf p1", "source": "KMC ward sewerage network map (ArcMap GeoPDF)", "extraction_method": "geopdf_raster_polygonised", "georef_max_residual_m": 0.1 }, "geometry": { "type": "Polygon", "coordinates": [ [ [ 88.418561337767301, 22.52722631897754 ], [ 88.418575748367232, 22.527226213930227 ], [ 88.41859854815965, 22.527204589277556 ], [ 88.41860959444638, 22.527164274160484 ], [ 88.418644083429783, 22.527155975819941 ], [ 88.41865833328707, 22.527142460406907 ], [ 88.418657915376954, 22.52710759347422 ], [ 88.418602576520755, 22.527059715379853 ], [ 88.418570166046692, 22.52700094090418 ], [ 88.418515116559192, 22.526977201423001 ], [ 88.418494620319322, 22.526950527759478 ], [ 88.418508259440799, 22.526886052991781 ], [ 88.418539609096328, 22.526856319108742 ], [ 88.418542073332773, 22.526821431164436 ], [ 88.418553344623405, 22.526799890553995 ], [ 88.41857332653241, 22.526783651059826 ], [ 88.418573165808354, 22.526770240700014 ], [ 88.418567305153246, 22.526762236502112 ], [ 88.418489391742526, 22.52675475750863 ], [ 88.418451699311291, 22.5267362560975 ], [ 88.418368021698285, 22.526728819057745 ], [ 88.418333789920609, 22.526758573912996 ], [ 88.418314290082762, 22.526815044462715 ], [ 88.418314772181247, 22.526855275546502 ], [ 88.418460045702986, 22.527192187337238 ], [ 88.418532195120861, 22.527199708349642 ], [ 88.418543948612651, 22.527218398817066 ], [ 88.418561337767301, 22.52722631897754 ] ] ] } },
{ "type": "Feature", "properties": { "ward": 108, "source_sheet": "108_ruby.pdf p1", "source": "KMC ward sewerage network map (ArcMap GeoPDF)", "extraction_method": "geopdf_raster_polygonised", "georef_max_residual_m": 0.1 }, "geometry": { "type": "Polygon", "coordinates": [ [ [ 88.409225720155092, 22.527017822235344 ], [ 88.409266069933054, 22.527017530442947 ], [ 88.40929473137237, 22.52700391159896 ], [ 88.409380683687644, 22.526960372955099 ], [ 88.40944636516808, 22.52690893394135 ], [ 88.409457669882855, 22.526890075978358 ], [ 88.409457222317101, 22.526852526819351 ], [ 88.409438938552043, 22.526769507326314 ], [ 88.40940713931046, 22.526761690375132 ], [ 88.409149090804149, 22.526876213703037 ], [ 88.409140668171801, 22.5268950508062 ], [ 88.409167470306244, 22.526967279485394 ], [ 88.409196802992227, 22.527009984403151 ], [ 88.409225720155092, 22.527017822235344 ] ] ] } },
{ "type": "Feature", "properties": { "ward": 108, "source_sheet": "108_ruby.pdf p1", "source": "KMC ward sewerage network map (ArcMap GeoPDF)", "extraction_method": "geopdf_raster_polygonised", "georef_max_residual_m": 0.1 }, "geometry": { "type": "Polygon", "coordinates": [ [ [ 88.417438733129188, 22.527593927480321 ], [ 88.41754761150581, 22.527539488378878 ], [ 88.417980852553811, 22.527372711652845 ], [ 88.418110066068166, 22.527331535556453 ], [ 88.418069899070659, 22.52710651448702 ], [ 88.418027814145219, 22.526961976571179 ], [ 88.418007125193128, 22.526919210405065 ], [ 88.417919954850234, 22.526860834754842 ], [ 88.417891326508709, 22.526877137163343 ], [ 88.417845019905769, 22.526861380671363 ], [ 88.417784463395904, 22.526859139505603 ], [ 88.417749717390578, 22.526845981077678 ], [ 88.417732199811283, 22.526827332532491 ], [ 88.417711350329597, 22.52677115595699 ], [ 88.417704525882911, 22.526682689534603 ], [ 88.417677944347489, 22.526629237011782 ], [ 88.417651844735047, 22.526616015580039 ], [ 88.417565349354788, 22.52661396325556 ], [ 88.417548088828468, 22.526616771272959 ], [ 88.417522374721244, 22.526635734698623 ], [ 88.417508221168717, 22.52665729623471 ], [ 88.417506624024028, 22.526764600154937 ], [ 88.417492663200875, 22.526802254129596 ], [ 88.417493048689067, 22.526834439008464 ], [ 88.417450877059252, 22.526923262267378 ], [ 88.417430798622618, 22.526931455409841 ], [ 88.417404827462647, 22.526928962233434 ], [ 88.417375813578673, 22.526913079673875 ], [ 88.417344110314048, 22.526913310536251 ], [ 88.417332774580444, 22.526929486925038 ], [ 88.417332967307004, 22.526945579365378 ], [ 88.41736524877075, 22.526993625824961 ], [ 88.417359805754515, 22.527020488533541 ], [ 88.417328327313072, 22.527039493907591 ], [ 88.417279363433082, 22.527042532753519 ], [ 88.417244970737116, 22.527058877024746 ], [ 88.417222363460041, 22.527096593936438 ], [ 88.417211381007135, 22.527142273125982 ], [ 88.417223969424384, 22.527230697608712 ], [ 88.417253529401407, 22.527292175439889 ], [ 88.41730268609615, 22.527305229037182 ], [ 88.41732593581024, 22.527321153580125 ], [ 88.417364367083323, 22.527401342937026 ], [ 88.417362577118453, 22.527492554413378 ], [ 88.417351305588312, 22.527514094951002 ], [ 88.417351530444122, 22.527532869463212 ], [ 88.417394955099908, 22.527548647076124 ], [ 88.417429893999014, 22.527577898010616 ], [ 88.417438733129188, 22.527593927480321 ] ] ] } },
{ "type": "Feature", "properties": { "ward": 108, "source_sheet": "108_ruby.pdf p1", "source": "KMC ward sewerage network map (ArcMap GeoPDF)", "extraction_method": "geopdf_raster_polygonised", "georef_max_residual_m": 0.1 }, "geometry": { "type": "Polygon", "coordinates": [ [ [ 88.41620996224998, 22.526798179085681 ], [ 88.416370846989906, 22.526754091671908 ], [ 88.416373087057153, 22.52670042921017 ], [ 88.416312241698961, 22.526674048813319 ], [ 88.416303402760008, 22.526658019270247 ], [ 88.416297028625124, 22.526607101786922 ], [ 88.41619372204714, 22.526645405654151 ], [ 88.416150875558913, 22.52667790504189 ], [ 88.416192476972753, 22.526782212436608 ], [ 88.41620996224998, 22.526798179085681 ] ] ] } },
{ "type": "Feature", "properties": { "ward": 108, "source_sheet": "108_ruby.pdf p1", "source": "KMC ward sewerage network map (ArcMap GeoPDF)", "extraction_method": "geopdf_raster_polygonised", "georef_max_residual_m": 0.1 }, "geometry": { "type": "Polygon", "coordinates": [ [ [ 88.416730115684231, 22.52666832576806 ], [ 88.416758872571307, 22.526662751857646 ], [ 88.416766876707683, 22.526609047444708 ], [ 88.416740712958727, 22.526590461712065 ], [ 88.416720538195449, 22.526590608543199 ], [ 88.416706031324622, 22.526582667198269 ], [ 88.416676728616665, 22.526542645835498 ], [ 88.416648003857333, 22.526550901804544 ], [ 88.416611114368649, 22.526599451805509 ], [ 88.416605542789455, 22.52661558619911 ], [ 88.416611467542523, 22.526628954623465 ], [ 88.416657549194099, 22.52662593696202 ], [ 88.416672248714676, 22.526649970756861 ], [ 88.416715576695722, 22.526657702350292 ], [ 88.416730115684231, 22.52666832576806 ] ] ] } },
{ "type": "Feature", "properties": { "ward": 108, "source_sheet": "108_ruby.pdf p1", "source": "KMC ward sewerage network map (ArcMap GeoPDF)", "extraction_method": "geopdf_raster_polygonised", "georef_max_residual_m": 0.1 }, "geometry": { "type": "Polygon", "coordinates": [ [ [ 88.420314345982675, 22.526789726657729 ], [ 88.420363341831688, 22.526789368965922 ], [ 88.420374773727787, 22.526781238591553 ], [ 88.42041159753316, 22.526727323654455 ], [ 88.420437472138019, 22.526721770135477 ], [ 88.420442818002044, 22.526686861143812 ], [ 88.420441080246491, 22.526542029375481 ], [ 88.42041190523166, 22.526512737027176 ], [ 88.420353909205375, 22.526483655081808 ], [ 88.420296267156559, 22.526484075884245 ], [ 88.420273306868268, 22.526492290409529 ], [ 88.420259057239662, 22.526505805955118 ], [ 88.420248172363699, 22.52655953151142 ], [ 88.420248783724475, 22.5266104908419 ], [ 88.420237995369078, 22.526672262607498 ], [ 88.420261760121065, 22.526731099835089 ], [ 88.420265092712711, 22.52676862777512 ], [ 88.420285460538722, 22.52678457291789 ], [ 88.420314345982675, 22.526789726657729 ] ] ] } },
{ "type": "Feature", "properties": { "ward": 108, "source_sheet": "108_ruby.pdf p1", "source": "KMC ward sewerage network map (ArcMap GeoPDF)", "extraction_method": "geopdf_raster_polygonised", "georef_max_residual_m": 0.1 }, "geometry": { "type": "Polygon", "coordinates": [ [ [ 88.419804116157422, 22.52678540376364 ], [ 88.419838604961399, 22.526777105175174 ], [ 88.419886024482111, 22.526645326178052 ], [ 88.419922816280419, 22.526588729273591 ], [ 88.419924475903656, 22.526486789564288 ], [ 88.419835034202762, 22.526479395349362 ], [ 88.419835420228139, 22.526511580195947 ], [ 88.41982414916248, 22.52653312088551 ], [ 88.41982476036705, 22.526584080225778 ], [ 88.419774651704216, 22.526731972661555 ], [ 88.4197778876607, 22.526761454406873 ], [ 88.419786726996634, 22.526777483737874 ], [ 88.419804116157422, 22.52678540376364 ] ] ] } },
{ "type": "Feature", "properties": { "ward": 108, "source_sheet": "108_ruby.pdf p1", "source": "KMC ward sewerage network map (ArcMap GeoPDF)", "extraction_method": "geopdf_raster_polygonised", "georef_max_residual_m": 0.1 }, "geometry": { "type": "Polygon", "coordinates": [ [ [ 88.416644447497049, 22.526494599217521 ], [ 88.416653093818496, 22.526494536294592 ], [ 88.416678679596444, 22.526464844705465 ], [ 88.416710222225589, 22.526451203607934 ], [ 88.416701030067699, 22.526405671270453 ], [ 88.416683737436188, 22.526405797120425 ], [ 88.416652323243156, 22.526430166509929 ], [ 88.416641083783347, 22.526454389076171 ], [ 88.416638619068593, 22.526489277017141 ], [ 88.416644447497049, 22.526494599217521 ] ] ] } },
{ "type": "Feature", "properties": { "ward": 108, "source_sheet": "108_ruby.pdf p1", "source": "KMC ward sewerage network map (ArcMap GeoPDF)", "extraction_method": "geopdf_raster_polygonised", "georef_max_residual_m": 0.1 }, "geometry": { "type": "Polygon", "coordinates": [ [ [ 88.419892708430766, 22.526481656782675 ], [ 88.419924379392199, 22.526478743352943 ], [ 88.419926907619399, 22.526449219545025 ], [ 88.419955310418089, 22.526414142297341 ], [ 88.419969302699172, 22.526379170214081 ], [ 88.419976758663339, 22.526279870506837 ], [ 88.419959240875386, 22.526261222214583 ], [ 88.41992465569588, 22.52626147461088 ], [ 88.41990464185659, 22.526275032191332 ], [ 88.41987620690162, 22.526307427359281 ], [ 88.419833329264776, 22.526337245608644 ], [ 88.419810787154503, 22.526380326986263 ], [ 88.419811205340835, 22.526415193904207 ], [ 88.419834969865249, 22.526474031208249 ], [ 88.419892708430766, 22.526481656782675 ] ] ] } },
{ "type": "Feature", "properties": { "ward": 108, "source_sheet": "108_ruby.pdf p1", "source": "KMC ward sewerage network map (ArcMap GeoPDF)", "extraction_method": "geopdf_raster_polygonised", "georef_max_residual_m": 0.1 }, "geometry": { "type": "Polygon", "coordinates": [ [ [ 88.418455695699095, 22.526588700115962 ], [ 88.418481506089918, 22.526577782764459 ], [ 88.418477306135799, 22.526467838813012 ], [ 88.418465681291394, 22.526459876624092 ], [ 88.418419599764889, 22.526462894798602 ], [ 88.418407749935852, 22.526436158099411 ], [ 88.418375886091269, 22.526422978797878 ], [ 88.418369993322585, 22.526412292518785 ], [ 88.4183723933198, 22.526372040428747 ], [ 88.418337518832274, 22.52634815383405 ], [ 88.418288298125859, 22.526329736394075 ], [ 88.418262069966573, 22.526305786771001 ], [ 88.418253198696945, 22.526287075272204 ], [ 88.41825274876598, 22.526249526256986 ], [ 88.418244038190181, 22.526244225119989 ], [ 88.418209452989771, 22.526244477147536 ], [ 88.418177910571174, 22.526258118529327 ], [ 88.418137529029792, 22.526255730471718 ], [ 88.418126064899184, 22.526261178619489 ], [ 88.418120879135273, 22.526309497928434 ], [ 88.418136093036935, 22.526376444741214 ], [ 88.418139039411585, 22.526381787885605 ], [ 88.418176506750143, 22.526381514869911 ], [ 88.418191045812378, 22.526392138151753 ], [ 88.418191270770791, 22.526410912659568 ], [ 88.418179967313705, 22.526429771174374 ], [ 88.418165621066905, 22.526435240327139 ], [ 88.418128635750406, 22.526475744430076 ], [ 88.418137635561294, 22.526505184225858 ], [ 88.418195502631647, 22.526523538703486 ], [ 88.418215902335632, 22.526542166195288 ], [ 88.418273544459353, 22.526541746136587 ], [ 88.418293847758676, 22.526552327400662 ], [ 88.418403528502935, 22.526564939579238 ], [ 88.418455695699095, 22.526588700115962 ] ] ] } },
{ "type": "Feature", "properties": { "ward": 108, "source_sheet": "108_ruby.pdf p1", "source": "KMC ward sewerage network map (ArcMap GeoPDF)", "extraction_method": "geopdf_raster_polygonised", "georef_max_residual_m": 0.1 }, "geometry": { "type": "Polygon", "coordinates": [ [ [ 88.417643693898057, 22.526176176568054 ], [ 88.41768404328829, 22.526175882678022 ], [ 88.417732846208892, 22.526159433358945 ], [ 88.417735503413326, 22.526140637853349 ], [ 88.417749785393568, 22.526129804593104 ], [ 88.417749560497512, 22.526111030080944 ], [ 88.417723396724369, 22.526092444508915 ], [ 88.41770869709238, 22.526068410814826 ], [ 88.417668347733766, 22.526068704709434 ], [ 88.417605230723709, 22.526093305183547 ], [ 88.417533338900043, 22.526107240309759 ], [ 88.417501957053645, 22.526134291928336 ], [ 88.41749942831035, 22.526163815725521 ], [ 88.417508203101733, 22.526174481051481 ], [ 88.417620572852101, 22.526170980354063 ], [ 88.417643693898057, 22.526176176568054 ] ] ] } },
{ "type": "Feature", "properties": { "ward": 108, "source_sheet": "108_ruby.pdf p1", "source": "KMC ward sewerage network map (ArcMap GeoPDF)", "extraction_method": "geopdf_raster_polygonised", "georef_max_residual_m": 0.1 }, "geometry": { "type": "Polygon", "coordinates": [ [ [ 88.417026667637955, 22.526159211036585 ], [ 88.417072781233145, 22.526158875338488 ], [ 88.417107013156837, 22.526129120743075 ], [ 88.417164590902772, 22.526123336942543 ], [ 88.417170194516316, 22.526109884606857 ], [ 88.417152709226286, 22.526093918062024 ], [ 88.417146559634119, 22.526061775140931 ], [ 88.417045878903096, 22.526078601950108 ], [ 88.417003225476378, 22.526127193992082 ], [ 88.416997653959228, 22.526143328396859 ], [ 88.416997750299828, 22.526151374619026 ], [ 88.417026667637955, 22.526159211036585 ] ] ] } },
{ "type": "Feature", "properties": { "ward": 108, "source_sheet": "108_ruby.pdf p1", "source": "KMC ward sewerage network map (ArcMap GeoPDF)", "extraction_method": "geopdf_raster_polygonised", "georef_max_residual_m": 0.1 }, "geometry": { "type": "Polygon", "coordinates": [ [ [ 88.420203897458379, 22.526232613492933 ], [ 88.420224072139916, 22.526232466227881 ], [ 88.420258367718688, 22.52620807513641 ], [ 88.420304256025005, 22.526188964021056 ], [ 88.420384793826429, 22.526174964546698 ], [ 88.420398882514164, 22.526148038641878 ], [ 88.42040976730847, 22.526094313077383 ], [ 88.420432566624442, 22.526072688186176 ], [ 88.42043234136645, 22.526053913696316 ], [ 88.420354267418062, 22.526033025239631 ], [ 88.420210162760497, 22.526034077183315 ], [ 88.420204655976278, 22.526055575820454 ], [ 88.420213945767642, 22.526109154112387 ], [ 88.420194028505421, 22.526130757937221 ], [ 88.420153968741161, 22.526155191088325 ], [ 88.42015124751741, 22.526168622476423 ], [ 88.420160312075851, 22.526203426279601 ], [ 88.420203897458379, 22.526232613492933 ] ] ] } },
{ "type": "Feature", "properties": { "ward": 108, "source_sheet": "108_ruby.pdf p1", "source": "KMC ward sewerage network map (ArcMap GeoPDF)", "extraction_method": "geopdf_raster_polygonised", "georef_max_residual_m": 0.1 }, "geometry": { "type": "Polygon", "coordinates": [ [ [ 88.401487326887448, 22.5295145074723 ], [ 88.401562136497986, 22.52950324073327 ], [ 88.401700004168205, 22.529462015354575 ], [ 88.401737186185287, 22.52943760730356 ], [ 88.401777441320121, 22.529429271079621 ], [ 88.401828875115669, 22.529391348997414 ], [ 88.401923828090474, 22.529377255018701 ], [ 88.401932251854873, 22.529358418241365 ], [ 88.401955182019719, 22.529347524165761 ], [ 88.401986886045123, 22.529347296306163 ], [ 88.402024036149484, 22.529320206101879 ], [ 88.402061472705071, 22.529317254706214 ], [ 88.402087253205167, 22.52930365780578 ], [ 88.402219769957483, 22.529297340609091 ], [ 88.402291442518475, 22.529264637534652 ], [ 88.402325996867873, 22.529261706798593 ], [ 88.402371729752588, 22.529229190175023 ], [ 88.402478529641499, 22.529241833893291 ], [ 88.402487016997114, 22.529228361271365 ], [ 88.402596444354316, 22.529219527466068 ], [ 88.402656715421287, 22.529197635497194 ], [ 88.402864232385028, 22.529196143046146 ], [ 88.40286670058093, 22.529161255148136 ], [ 88.402842751504366, 22.52908632247307 ], [ 88.402818261112429, 22.528965794263478 ], [ 88.402829216623346, 22.528917433726996 ], [ 88.40284622307091, 22.528893170540119 ], [ 88.402874790049808, 22.528871506521259 ], [ 88.403104153627439, 22.528767928533906 ], [ 88.40313838933055, 22.528738176733889 ], [ 88.40315248168271, 22.52871125216306 ], [ 88.403157481625144, 22.528646840541558 ], [ 88.403139710874527, 22.528606733605518 ], [ 88.40311848468771, 22.528518369785857 ], [ 88.403084185184383, 22.528057257669737 ], [ 88.403027226819248, 22.527872587376628 ], [ 88.402990793956448, 22.527717274927532 ], [ 88.402996048728326, 22.527674320022737 ], [ 88.403018787455807, 22.527647333270821 ], [ 88.40309036343757, 22.527606583616635 ], [ 88.403210904003572, 22.527562799357895 ], [ 88.403230887924323, 22.527546561673233 ], [ 88.403230696826114, 22.527530469133616 ], [ 88.403042338548516, 22.526960490121539 ], [ 88.402892309248443, 22.526462657762274 ], [ 88.402816976639343, 22.526186920589698 ], [ 88.402816085124812, 22.526111822044726 ], [ 88.402824604113107, 22.526101031502222 ], [ 88.402818617003234, 22.526082298318492 ], [ 88.399624233299392, 22.526507586863339 ], [ 88.395961844781795, 22.527089051777821 ], [ 88.395818181436312, 22.527127631323349 ], [ 88.395726396639475, 22.527165839945706 ], [ 88.395683481478613, 22.527192969935367 ], [ 88.395609369911526, 22.527263240083634 ], [ 88.395544285132516, 22.527365633598023 ], [ 88.395519423598216, 22.527457010340406 ], [ 88.395514261605499, 22.527508011416277 ], [ 88.395509704549113, 22.52785406397701 ], [ 88.395558923198422, 22.527872488508631 ], [ 88.395579098326976, 22.527872344320407 ], [ 88.395617010267244, 22.527909625918682 ], [ 88.395707086500607, 22.527970675587635 ], [ 88.395715891516048, 22.527984024277966 ], [ 88.395725298937236, 22.52804833284155 ], [ 88.395792793585187, 22.528149778741689 ], [ 88.395830737367717, 22.528189742380057 ], [ 88.395929365253735, 22.528242683803128 ], [ 88.395992646115459, 22.528231502084189 ], [ 88.396121645984579, 22.528171568591194 ], [ 88.396176407152439, 22.528171177019846 ], [ 88.396216884346458, 22.528181616873646 ], [ 88.396300467183792, 22.528181019154889 ], [ 88.396361151274519, 22.528193996786072 ], [ 88.396413347468965, 22.52822044672412 ], [ 88.396430640473497, 22.528220323040369 ], [ 88.396433173727516, 22.528190799351218 ], [ 88.39648457692401, 22.528150196823375 ], [ 88.396689401037847, 22.528164825612709 ], [ 88.396712616988964, 22.52817807114862 ], [ 88.396733141129019, 22.528207429884734 ], [ 88.396739444793241, 22.528252984300728 ], [ 88.39675125899457, 22.528277040697631 ], [ 88.396774570148779, 22.528298332515082 ], [ 88.396870094174531, 22.528332519278674 ], [ 88.396945252678833, 22.52835075776623 ], [ 88.397028962516956, 22.528360888051996 ], [ 88.397066652844387, 22.528379394601487 ], [ 88.39709886443363, 22.528422081266118 ], [ 88.397174149946963, 22.528451048029734 ], [ 88.397229006406263, 22.528458702384857 ], [ 88.397329882402673, 22.528457980350215 ], [ 88.397364309768975, 22.528444322298174 ], [ 88.397439087516275, 22.52843037539068 ], [ 88.397556653419926, 22.528378569588849 ], [ 88.397642991526396, 22.528367222147388 ], [ 88.397688884022969, 22.528348117291774 ], [ 88.397858963707606, 22.528349581728147 ], [ 88.397904856165141, 22.528330476812688 ], [ 88.397930763927803, 22.528327608949038 ], [ 88.397993822372783, 22.528297651778228 ], [ 88.398060112215816, 22.528297176994339 ], [ 88.398103630487057, 22.528321006199526 ], [ 88.398138216496605, 22.528320758465707 ], [ 88.398164124250442, 22.528317890564811 ], [ 88.398209984896852, 22.528296103469302 ], [ 88.398273392566423, 22.528295649243638 ], [ 88.398331162925416, 22.528305964671404 ], [ 88.398486291786156, 22.528261936066986 ], [ 88.398613043554505, 22.528255663184282 ], [ 88.398667645885709, 22.528241860288208 ], [ 88.3987916107492, 22.528243654205212 ], [ 88.398860687410476, 22.528235112151854 ], [ 88.398889318457179, 22.528218813003878 ], [ 88.399050846738447, 22.528228384445903 ], [ 88.399091038186398, 22.528214684713316 ], [ 88.399278347069867, 22.528210659496576 ], [ 88.399315974074028, 22.52822380131763 ], [ 88.399333711914068, 22.528261226642247 ], [ 88.399360032708671, 22.528293225776018 ], [ 88.399394904683476, 22.52831711662045 ], [ 88.39940671933951, 22.528341172798545 ], [ 88.399438582057002, 22.528354355923302 ], [ 88.399533725331224, 22.528356355941447 ], [ 88.399559982629327, 22.528382990850904 ], [ 88.399615125174961, 22.528414783232545 ], [ 88.399690061531601, 22.528414245760278 ], [ 88.399739185512772, 22.528424622692306 ], [ 88.399765252157707, 22.528435165003 ], [ 88.399768325030152, 22.528451236891254 ], [ 88.399791604867517, 22.528469846152458 ], [ 88.399857894742993, 22.528469370623981 ], [ 88.399901476923333, 22.528498563511086 ], [ 88.399973753664369, 22.528516821235286 ], [ 88.400002988610922, 22.528551481668412 ], [ 88.400043625096501, 22.52857533100557 ], [ 88.40007887873783, 22.528631406811037 ], [ 88.400079260222384, 22.528663591930485 ], [ 88.400065485164617, 22.528717337195179 ], [ 88.400025897684984, 22.528781996945835 ], [ 88.400023460563389, 22.528819566931112 ], [ 88.400055609556418, 22.528856888763656 ], [ 88.400081708096195, 22.528870113110397 ], [ 88.400128713086829, 22.528944880828991 ], [ 88.400192693275855, 22.528992703507267 ], [ 88.400235989546829, 22.52899775745308 ], [ 88.400267502748264, 22.528981437378484 ], [ 88.400293410560408, 22.52897856913091 ], [ 88.400373507423524, 22.528927030192563 ], [ 88.400500355021137, 22.528928802075132 ], [ 88.400563953719669, 22.528944439488253 ], [ 88.400575609630991, 22.528955085102687 ], [ 88.400595784874568, 22.528954940277671 ], [ 88.400604304203753, 22.528944149838761 ], [ 88.400670276261252, 22.528916853039149 ], [ 88.400733684149046, 22.528916397829889 ], [ 88.400768397485109, 22.528926877892935 ], [ 88.40079753729988, 22.528953491888476 ], [ 88.400855467098623, 22.52897721684695 ], [ 88.400896326493395, 22.529019840599201 ], [ 88.400917169692761, 22.529076019668963 ], [ 88.40096065685276, 22.529097165969695 ], [ 88.400978172592133, 22.52911581643637 ], [ 88.400998920414125, 22.52916394921639 ], [ 88.40102530537861, 22.529201312230022 ], [ 88.401043330097025, 22.529262876159528 ], [ 88.401106960810395, 22.529281195438351 ], [ 88.40115637149114, 22.529315710741855 ], [ 88.401312391227222, 22.52934677797198 ], [ 88.401327024859782, 22.529365449098819 ], [ 88.401408107850443, 22.52939705449241 ], [ 88.401455304636102, 22.529487914321656 ], [ 88.401487326887448, 22.5295145074723 ] ] ] } },
{ "type": "Feature", "properties": { "ward": 108, "source_sheet": "108_ruby.pdf p1", "source": "KMC ward sewerage network map (ArcMap GeoPDF)", "extraction_method": "geopdf_raster_polygonised", "georef_max_residual_m": 0.1 }, "geometry": { "type": "Polygon", "coordinates": [ [ [ 88.417342863460135, 22.526087168930612 ], [ 88.417371588076477, 22.52607891284412 ], [ 88.417374213208589, 22.526057435268225 ], [ 88.417402777210668, 22.526035768808498 ], [ 88.417405145367923, 22.525992834643336 ], [ 88.417384810093196, 22.525979571185065 ], [ 88.417324253965816, 22.525977329825693 ], [ 88.417307057749994, 22.525985501961099 ], [ 88.417290118483848, 22.526015130684794 ], [ 88.417261618704018, 22.526042161272827 ], [ 88.417261843533481, 22.526060935789232 ], [ 88.41727644673324, 22.52607692330696 ], [ 88.417319678198581, 22.526076608524612 ], [ 88.417342863460135, 22.526087168930612 ] ] ] } },
{ "type": "Feature", "properties": { "ward": 108, "source_sheet": "108_ruby.pdf p1", "source": "KMC ward sewerage network map (ArcMap GeoPDF)", "extraction_method": "geopdf_raster_polygonised", "georef_max_residual_m": 0.1 }, "geometry": { "type": "Polygon", "coordinates": [ [ [ 88.418182774949543, 22.526182978493129 ], [ 88.418208713838709, 22.526182789478046 ], [ 88.418217167312378, 22.526166634036553 ], [ 88.418231481392382, 22.526158482807972 ], [ 88.418233399370123, 22.52607799962799 ], [ 88.418247649165181, 22.526064484253222 ], [ 88.41829962331316, 22.526072152417832 ], [ 88.418328862085502, 22.526106809323391 ], [ 88.418351918861831, 22.526106641289918 ], [ 88.418391850395054, 22.52607148028207 ], [ 88.41839729318329, 22.526044617547697 ], [ 88.41838851833532, 22.526033952273153 ], [ 88.418385250558202, 22.526001788408802 ], [ 88.418361968822055, 22.525983181938809 ], [ 88.418304198378195, 22.525972873727053 ], [ 88.418295359265301, 22.525956844301604 ], [ 88.418269516832723, 22.525965079546275 ], [ 88.418197271658272, 22.525949512163137 ], [ 88.418194935882966, 22.525995128400204 ], [ 88.418160704237494, 22.526024883213857 ], [ 88.418065530813877, 22.526020212069152 ], [ 88.418072226895063, 22.526097950181967 ], [ 88.418095829962041, 22.526143377422141 ], [ 88.418182774949543, 22.526182978493129 ] ] ] } },
{ "type": "Feature", "properties": { "ward": 108, "source_sheet": "108_ruby.pdf p1", "source": "KMC ward sewerage network map (ArcMap GeoPDF)", "extraction_method": "geopdf_raster_polygonised", "georef_max_residual_m": 0.1 }, "geometry": { "type": "Polygon", "coordinates": [ [ [ 88.419260743944051, 22.52618048448857 ], [ 88.419283639935045, 22.526166905964413 ], [ 88.419306182182567, 22.526123824652892 ], [ 88.41933102765995, 22.526032445033461 ], [ 88.419336180837419, 22.525981443634802 ], [ 88.419255417911799, 22.525976668084382 ], [ 88.419237996726253, 22.525966065920269 ], [ 88.419226178947611, 22.525942011357163 ], [ 88.419194186528742, 22.525918103929051 ], [ 88.419130844810709, 22.525923930483671 ], [ 88.419090688440136, 22.52594031716237 ], [ 88.419094438684226, 22.526012712078334 ], [ 88.419083135382763, 22.526031570649511 ], [ 88.419046021835115, 22.526061346659457 ], [ 88.419023608124022, 22.526115156225085 ], [ 88.419026747441691, 22.526136591781746 ], [ 88.419058579119707, 22.526147088883455 ], [ 88.419081957433335, 22.526173741460735 ], [ 88.419260743944051, 22.52618048448857 ] ] ] } },
{ "type": "Feature", "properties": { "ward": 108, "source_sheet": "108_ruby.pdf p1", "source": "KMC ward sewerage network map (ArcMap GeoPDF)", "extraction_method": "geopdf_raster_polygonised", "georef_max_residual_m": 0.1 }, "geometry": { "type": "Polygon", "coordinates": [ [ [ 88.409056484921194, 22.526603287234625 ], [ 88.409085242184446, 22.52659771468058 ], [ 88.409125176334541, 22.526562555847025 ], [ 88.409159569969887, 22.526546213267789 ], [ 88.409182115497174, 22.526503133212341 ], [ 88.409228133466939, 22.52649475350616 ], [ 88.409245266342083, 22.526481218040747 ], [ 88.409268291304102, 22.52647836922208 ], [ 88.409302684900524, 22.526462026614023 ], [ 88.409354467077819, 22.526453605187164 ], [ 88.409368717820144, 22.526440090553056 ], [ 88.409451979466908, 22.526412665228818 ], [ 88.409520542785216, 22.526361205350675 ], [ 88.409555128141463, 22.526360955188522 ], [ 88.409584109124907, 22.526374157128416 ], [ 88.409655938149754, 22.526354861341066 ], [ 88.409670540547808, 22.526370849591867 ], [ 88.409673646468221, 22.526389603321466 ], [ 88.409702659440882, 22.526405487321732 ], [ 88.409714411709004, 22.526424178500385 ], [ 88.409754729332136, 22.526421204511706 ], [ 88.409780092815893, 22.526372739366384 ], [ 88.40979114164702, 22.526332424722735 ], [ 88.409869054601387, 22.526339907964903 ], [ 88.409900565974354, 22.52632358608685 ], [ 88.409894258147958, 22.526278032391566 ], [ 88.409899318883149, 22.526218984870852 ], [ 88.409893330828439, 22.526200251999665 ], [ 88.409875878292212, 22.526186966704394 ], [ 88.409875302722796, 22.526138689218921 ], [ 88.409857786244899, 22.526120039755991 ], [ 88.409825891210389, 22.526104176632767 ], [ 88.40975877142418, 22.526034922058841 ], [ 88.409639997620204, 22.525984817309897 ], [ 88.409576591307243, 22.525985275959481 ], [ 88.409542229830706, 22.526004300702311 ], [ 88.409459735674403, 22.526096096054445 ], [ 88.409425246284599, 22.526104392441979 ], [ 88.409370262471427, 22.526086013897224 ], [ 88.409321298608347, 22.526089050313388 ], [ 88.409177704621953, 22.526133005716886 ], [ 88.409085956553014, 22.52617390382747 ], [ 88.409037472046847, 22.526217171411641 ], [ 88.408980245298821, 22.526252455242357 ], [ 88.408966058452165, 22.52627133401046 ], [ 88.408949372990179, 22.526322418616655 ], [ 88.408949852366959, 22.526362649870141 ], [ 88.408938643494707, 22.526389554050681 ], [ 88.408933422555933, 22.526435191143413 ], [ 88.408943027656761, 22.52651559114075 ], [ 88.408957757830066, 22.526542307793253 ], [ 88.408975242290282, 22.52655827527321 ], [ 88.408995449074382, 22.52656081149652 ], [ 88.409030258210194, 22.526579336028409 ], [ 88.409056484921194, 22.526603287234625 ] ] ] } },
{ "type": "Feature", "properties": { "ward": 108, "source_sheet": "108_ruby.pdf p1", "source": "KMC ward sewerage network map (ArcMap GeoPDF)", "extraction_method": "geopdf_raster_polygonised", "georef_max_residual_m": 0.1 }, "geometry": { "type": "Polygon", "coordinates": [ [ [ 88.406467255841264, 22.526530788455855 ], [ 88.406498959163869, 22.52653055974023 ], [ 88.406519006358138, 22.52651968584513 ], [ 88.406608128680816, 22.526500266634557 ], [ 88.406720116433647, 22.526464588488306 ], [ 88.40674580017216, 22.52644294462856 ], [ 88.406745608675948, 22.526426852111669 ], [ 88.406727932981283, 22.526394791858145 ], [ 88.406646372021612, 22.526322957812049 ], [ 88.406625878075829, 22.526296282512703 ], [ 88.406616912596732, 22.526269524032877 ], [ 88.406567310312539, 22.526218917889043 ], [ 88.406529555630499, 22.526195049421965 ], [ 88.406425416637958, 22.52616361289024 ], [ 88.406332455153716, 22.526102590177945 ], [ 88.406297486932019, 22.526070654602847 ], [ 88.406247629586957, 22.525998591654719 ], [ 88.406241259160183, 22.525947673578631 ], [ 88.406218010861522, 22.525931747354413 ], [ 88.406189189779994, 22.525931955221335 ], [ 88.406160592026538, 22.525950937692148 ], [ 88.406152200932155, 22.525972456745809 ], [ 88.406309100639319, 22.526320026304507 ], [ 88.406382780896649, 22.526456292979905 ], [ 88.406467255841264, 22.526530788455855 ] ] ] } },
{ "type": "Feature", "properties": { "ward": 108, "source_sheet": "108_ruby.pdf p1", "source": "KMC ward sewerage network map (ArcMap GeoPDF)", "extraction_method": "geopdf_raster_polygonised", "georef_max_residual_m": 0.1 }, "geometry": { "type": "Polygon", "coordinates": [ [ [ 88.418777826222126, 22.526049890636187 ], [ 88.418806647175202, 22.526049680514056 ], [ 88.418838157329674, 22.526033356942392 ], [ 88.418840139255622, 22.525958237915997 ], [ 88.418865788751788, 22.52593391015013 ], [ 88.418963876358731, 22.525941241879814 ], [ 88.418986643736787, 22.52591693511102 ], [ 88.419018153838806, 22.52590061150649 ], [ 88.419058535278495, 22.525902999347721 ], [ 88.419070160105804, 22.525910961494986 ], [ 88.419082010008623, 22.525937698142823 ], [ 88.419127898409755, 22.525918587358607 ], [ 88.419179679602308, 22.52591016281017 ], [ 88.419139008769605, 22.525883636355328 ], [ 88.419115148188041, 22.525816752709002 ], [ 88.419091834239438, 22.52579546427598 ], [ 88.419031310355592, 22.525795905628041 ], [ 88.418932869196595, 22.525759071143668 ], [ 88.418906962544341, 22.525761942343276 ], [ 88.418895819983362, 22.525794211261655 ], [ 88.418902066410439, 22.525834400312355 ], [ 88.418882116821777, 22.525853321912084 ], [ 88.418824571443707, 22.525861788389943 ], [ 88.418772500914159, 22.525846074176037 ], [ 88.418749444185181, 22.52584624226753 ], [ 88.418715051968874, 22.525862586831192 ], [ 88.418698016587442, 22.525884169470991 ], [ 88.418698273755467, 22.525905626047862 ], [ 88.418727705465315, 22.525956375310695 ], [ 88.41874285531317, 22.526017957911833 ], [ 88.418751694480576, 22.526033987309727 ], [ 88.418777826222126, 22.526049890636187 ] ] ] } },
{ "type": "Feature", "properties": { "ward": 108, "source_sheet": "108_ruby.pdf p1", "source": "KMC ward sewerage network map (ArcMap GeoPDF)", "extraction_method": "geopdf_raster_polygonised", "georef_max_residual_m": 0.1 }, "geometry": { "type": "Polygon", "coordinates": [ [ [ 88.419823479710999, 22.525996664695672 ], [ 88.419976198460787, 22.525992867929769 ], [ 88.419978630161822, 22.52595529790867 ], [ 88.419934884063949, 22.525912700273299 ], [ 88.419911376963356, 22.525875319542632 ], [ 88.419916529924194, 22.525824318135712 ], [ 88.419944996947081, 22.525794605034974 ], [ 88.419944836097486, 22.525781194681702 ], [ 88.419930264807689, 22.525767889490496 ], [ 88.41993007179012, 22.525751797066402 ], [ 88.419918414761739, 22.525741152912264 ], [ 88.419892443804969, 22.525738660127868 ], [ 88.419840694900543, 22.525749766971135 ], [ 88.419797881754675, 22.525784949346203 ], [ 88.419763361024195, 22.525790565843476 ], [ 88.419808908408342, 22.525983359494386 ], [ 88.419823479710999, 22.525996664695672 ] ] ] } },
{ "type": "Feature", "properties": { "ward": 108, "source_sheet": "108_ruby.pdf p1", "source": "KMC ward sewerage network map (ArcMap GeoPDF)", "extraction_method": "geopdf_raster_polygonised", "georef_max_residual_m": 0.1 }, "geometry": { "type": "Polygon", "coordinates": [ [ [ 88.419450982153847, 22.525940371650542 ], [ 88.419494181375455, 22.525937374215221 ], [ 88.419562933469649, 22.525902002684617 ], [ 88.419611929021187, 22.525901645237628 ], [ 88.419626403805168, 22.525906904245325 ], [ 88.419643953667347, 22.525928234650181 ], [ 88.419684335116472, 22.52593062233338 ], [ 88.419712834377535, 22.525903591341315 ], [ 88.419750044231705, 22.525881861399114 ], [ 88.419746904811333, 22.525860425861364 ], [ 88.419646063815691, 22.52586384391941 ], [ 88.419619964183141, 22.525850622807948 ], [ 88.419605328588176, 22.525831953444108 ], [ 88.419598824653491, 22.525770307862615 ], [ 88.4195605534414, 22.525703529422625 ], [ 88.419531603922053, 22.525693011391336 ], [ 88.419471080094112, 22.525693452906449 ], [ 88.419430634394942, 22.525685701023324 ], [ 88.419394228517532, 22.525774482675274 ], [ 88.419372586799085, 22.525892661993488 ], [ 88.419404740038814, 22.525929979741196 ], [ 88.419450982153847, 22.525940371650542 ] ] ] } },
{ "type": "Feature", "properties": { "ward": 108, "source_sheet": "108_ruby.pdf p1", "source": "KMC ward sewerage network map (ArcMap GeoPDF)", "extraction_method": "geopdf_raster_polygonised", "georef_max_residual_m": 0.1 }, "geometry": { "type": "Polygon", "coordinates": [ [ [ 88.418257892043158, 22.525957117339086 ], [ 88.418295294988681, 22.525951480156465 ], [ 88.418295070020662, 22.52593270564844 ], [ 88.418311976918503, 22.525900394757631 ], [ 88.418380311508727, 22.525830156774902 ], [ 88.418376786623895, 22.525776536329015 ], [ 88.41834745149751, 22.525733833210083 ], [ 88.418338451702596, 22.52570439342302 ], [ 88.418312320074477, 22.525688490018595 ], [ 88.418249139088189, 22.525707726586276 ], [ 88.4182267251106, 22.525761536056148 ], [ 88.418225064216884, 22.525863475820593 ], [ 88.418211039395089, 22.525895765701602 ], [ 88.418211392897959, 22.52592526850114 ], [ 88.418202971573137, 22.525944106014762 ], [ 88.418257892043158, 22.525957117339086 ] ] ] } },
{ "type": "Feature", "properties": { "ward": 108, "source_sheet": "108_ruby.pdf p1", "source": "KMC ward sewerage network map (ArcMap GeoPDF)", "extraction_method": "geopdf_raster_polygonised", "georef_max_residual_m": 0.1 }, "geometry": { "type": "Polygon", "coordinates": [ [ [ 88.41769174859833, 22.525856631988692 ], [ 88.417717591050888, 22.525848396835986 ], [ 88.417740390770774, 22.525826772306104 ], [ 88.417754094422207, 22.525767661727837 ], [ 88.417782401279197, 22.525724538619965 ], [ 88.417779230037254, 22.525700420954323 ], [ 88.417764723207597, 22.525692479702325 ], [ 88.417744548583471, 22.525692626655104 ], [ 88.417692863735624, 22.525709096962341 ], [ 88.417666892803396, 22.525706603816346 ], [ 88.417632082852307, 22.525688081198879 ], [ 88.417600379870663, 22.525688312097369 ], [ 88.417583183707606, 22.5256964842599 ], [ 88.417511195715704, 22.525702373145688 ], [ 88.417485449642612, 22.525718654485473 ], [ 88.417482953020439, 22.525750860357284 ], [ 88.417471713756896, 22.52577508297324 ], [ 88.417474852826018, 22.525796518573788 ], [ 88.417495284448833, 22.52581782824263 ], [ 88.417544440631744, 22.525830881794075 ], [ 88.417651110169402, 22.525832787215514 ], [ 88.41769174859833, 22.525856631988692 ] ] ] } },
{ "type": "Feature", "properties": { "ward": 108, "source_sheet": "108_ruby.pdf p1", "source": "KMC ward sewerage network map (ArcMap GeoPDF)", "extraction_method": "geopdf_raster_polygonised", "georef_max_residual_m": 0.1 }, "geometry": { "type": "Polygon", "coordinates": [ [ [ 88.419117129967859, 22.525741633685115 ], [ 88.419140154521557, 22.525738783470221 ], [ 88.419168718166802, 22.525717116713711 ], [ 88.419179667728159, 22.525668755350079 ], [ 88.419199681559761, 22.525655197859674 ], [ 88.419257387604389, 22.525660141610647 ], [ 88.419277787309028, 22.525678768968945 ], [ 88.41928960507127, 22.525702823529727 ], [ 88.419324222278817, 22.525705253348452 ], [ 88.419344300416682, 22.525697059983386 ], [ 88.419367099846056, 22.525675435236927 ], [ 88.419407449061424, 22.52567514092237 ], [ 88.419412859480744, 22.525645596091948 ], [ 88.419383781347861, 22.5256243497473 ], [ 88.419143860823823, 22.525567088847893 ], [ 88.419138289578413, 22.525583223313919 ], [ 88.419098454838291, 22.525626430707284 ], [ 88.419049684440154, 22.52564556249542 ], [ 88.419020895725765, 22.525648454728568 ], [ 88.419026949267362, 22.525672551342858 ], [ 88.419070405645073, 22.525691010599001 ], [ 88.419091062557555, 22.525731094555578 ], [ 88.419117129967859, 22.525741633685115 ] ] ] } },
{ "type": "Feature", "properties": { "ward": 108, "source_sheet": "108_ruby.pdf p1", "source": "KMC ward sewerage network map (ArcMap GeoPDF)", "extraction_method": "geopdf_raster_polygonised", "georef_max_residual_m": 0.1 }, "geometry": { "type": "Polygon", "coordinates": [ [ [ 88.420591593292954, 22.526594576500582 ], [ 88.420623296441249, 22.52659434500233 ], [ 88.420631524358839, 22.526559414960957 ], [ 88.420645709585429, 22.526540535244926 ], [ 88.420728550298094, 22.526478237293507 ], [ 88.420774470805611, 22.52646180811286 ], [ 88.420826252067201, 22.526453383029764 ], [ 88.420834383363015, 22.526410406772339 ], [ 88.420848504170564, 22.526386162901552 ], [ 88.420879981946328, 22.526367156869775 ], [ 88.420937623932375, 22.526366735860798 ], [ 88.421012880425366, 22.526393009210082 ], [ 88.421090697116242, 22.526392440778103 ], [ 88.421206753780993, 22.526455968241923 ], [ 88.421229810587135, 22.526455799793236 ], [ 88.421246942211738, 22.526442263110184 ], [ 88.421261030751808, 22.526415337137962 ], [ 88.42126323673142, 22.526358992634705 ], [ 88.421239117485527, 22.526270652812663 ], [ 88.42125890581255, 22.526238320590462 ], [ 88.421299126372332, 22.526227297517739 ], [ 88.421295810138645, 22.525951044417308 ], [ 88.421266828258169, 22.525937844638957 ], [ 88.421228942554734, 22.525903251469845 ], [ 88.421181895502158, 22.525825808348888 ], [ 88.421166969966848, 22.525783000515045 ], [ 88.421165617843656, 22.525670353608039 ], [ 88.421173942162625, 22.525643469752609 ], [ 88.421188159420169, 22.525627272064533 ], [ 88.421228412007011, 22.525618931086711 ], [ 88.42123058581214, 22.525559904509283 ], [ 88.421221682011748, 22.525538511121439 ], [ 88.421149469003083, 22.525525627137966 ], [ 88.42109557863165, 22.525598443024553 ], [ 88.421067015330763, 22.525620110106679 ], [ 88.421041559441221, 22.525660530617838 ], [ 88.421018760289073, 22.525682155588029 ], [ 88.420952890794169, 22.525717506666389 ], [ 88.420921509737269, 22.525744558914322 ], [ 88.42091616401666, 22.525779467917772 ], [ 88.420924906844434, 22.525787450976132 ], [ 88.420962406168044, 22.525789859389672 ], [ 88.421034844640147, 22.525821517935903 ], [ 88.421058126682922, 22.525840124002436 ], [ 88.421075741130338, 22.525866818378955 ], [ 88.421070813939707, 22.525936594285699 ], [ 88.421048304472819, 22.525982357884892 ], [ 88.421008599011301, 22.526036294001518 ], [ 88.42097209751492, 22.526117029751539 ], [ 88.420972387226911, 22.526141168375347 ], [ 88.421011045524224, 22.526240131265581 ], [ 88.42101143181803, 22.526272316096254 ], [ 88.420982803989503, 22.526288619031021 ], [ 88.420784550796768, 22.526341030794867 ], [ 88.420753169571469, 22.526368083016891 ], [ 88.420733542036288, 22.526413825530945 ], [ 88.420590177222309, 22.526476565436766 ], [ 88.420475601125872, 22.526536412725093 ], [ 88.420522133146434, 22.526570942938729 ], [ 88.420591593292954, 22.526594576500582 ] ] ] } },
{ "type": "Feature", "properties": { "ward": 108, "source_sheet": "108_ruby.pdf p1", "source": "KMC ward sewerage network map (ArcMap GeoPDF)", "extraction_method": "geopdf_raster_polygonised", "georef_max_residual_m": 0.1 }, "geometry": { "type": "Polygon", "coordinates": [ [ [ 88.419015067248807, 22.52564313261659 ], [ 88.419046738048777, 22.525640219368228 ], [ 88.419095508445551, 22.525621087581055 ], [ 88.419140946584861, 22.525564427794169 ], [ 88.419111868508381, 22.525543181397158 ], [ 88.419073822661446, 22.525495177326803 ], [ 88.419050637384672, 22.52548461717117 ], [ 88.418915083017865, 22.525477558661386 ], [ 88.418872108958496, 22.525499330438919 ], [ 88.418857923579338, 22.525518210007892 ], [ 88.418858212916589, 22.525542348656252 ], [ 88.418846941764954, 22.525563889283617 ], [ 88.418855845209222, 22.525585282821584 ], [ 88.418881976874189, 22.525601186135734 ], [ 88.418997549669186, 22.525624484207409 ], [ 88.419015067248807, 22.52564313261659 ] ] ] } },
{ "type": "Feature", "properties": { "ward": 108, "source_sheet": "108_ruby.pdf p1", "source": "KMC ward sewerage network map (ArcMap GeoPDF)", "extraction_method": "geopdf_raster_polygonised", "georef_max_residual_m": 0.1 }, "geometry": { "type": "Polygon", "coordinates": [ [ [ 88.403314215324244, 22.527524503612902 ], [ 88.403788239846477, 22.52739234107867 ], [ 88.404034606337504, 22.527264498633347 ], [ 88.404589902714591, 22.527180030411653 ], [ 88.40637627244584, 22.526636055149844 ], [ 88.406378803567009, 22.526606531407573 ], [ 88.405900256480663, 22.525630936953299 ], [ 88.405830479977297, 22.525580476018412 ], [ 88.405706198774496, 22.5255518665309 ], [ 88.405510215906162, 22.525553279273815 ], [ 88.405049812963085, 22.525618290468092 ], [ 88.404212714117492, 22.525758435573451 ], [ 88.403077115718517, 22.526005334210318 ], [ 88.402936401625738, 22.526049263409806 ], [ 88.402879141424989, 22.526081863056003 ], [ 88.402847979442541, 22.526127686598269 ], [ 88.402845734133663, 22.526181349142185 ], [ 88.4029210667954, 22.526457086298716 ], [ 88.40323867441478, 22.527474083039195 ], [ 88.403276620040756, 22.527514044825288 ], [ 88.403314215324244, 22.527524503612902 ] ] ] } },
{ "type": "Feature", "properties": { "ward": 108, "source_sheet": "108_ruby.pdf p1", "source": "KMC ward sewerage network map (ArcMap GeoPDF)", "extraction_method": "geopdf_raster_polygonised", "georef_max_residual_m": 0.1 }, "geometry": { "type": "Polygon", "coordinates": [ [ [ 88.409372332039723, 22.528194297734053 ], [ 88.40940403570329, 22.52819406842686 ], [ 88.409487138516525, 22.528153232625094 ], [ 88.409492774931351, 22.528142462600048 ], [ 88.409489732924584, 22.528129073036329 ], [ 88.409455019244561, 22.528118594877427 ], [ 88.40944336276452, 22.528107949936366 ], [ 88.409439873179167, 22.528057011217726 ], [ 88.409453676481036, 22.528005947417011 ], [ 88.409407274398518, 22.527982142221482 ], [ 88.409398308264528, 22.527955383935037 ], [ 88.409400902686485, 22.527931224346528 ], [ 88.409411855817936, 22.527882863477014 ], [ 88.409428828988283, 22.527855917574023 ], [ 88.409491596739713, 22.527801817290538 ], [ 88.409556990807005, 22.527726239477065 ], [ 88.409568135704944, 22.527693971093626 ], [ 88.409555935730737, 22.527637730757963 ], [ 88.409517924407069, 22.527592406382482 ], [ 88.409463035892841, 22.527582074151102 ], [ 88.409425344307436, 22.527563570577019 ], [ 88.409378175141583, 22.527475395380243 ], [ 88.409331645384029, 22.527440861820718 ], [ 88.409291071718428, 22.527422379056258 ], [ 88.409281945817455, 22.527382210344445 ], [ 88.409252581055128, 22.527336823366607 ], [ 88.40919487445305, 22.527331876045842 ], [ 88.409169031142852, 22.527340109868263 ], [ 88.409134445537219, 22.527340359959904 ], [ 88.409079557144494, 22.527330027590818 ], [ 88.409044683885398, 22.527306138914966 ], [ 88.409010034364513, 22.527301024813106 ], [ 88.408972374871894, 22.527285203208514 ], [ 88.408957165211064, 22.52721825531507 ], [ 88.408945540806272, 22.527210292414246 ], [ 88.408887994053742, 22.527218755396767 ], [ 88.408864873084767, 22.527213557917314 ], [ 88.408856130816645, 22.527205574174022 ], [ 88.40885254561519, 22.527146589174698 ], [ 88.408872241155507, 22.527106212074663 ], [ 88.408874484124368, 22.527052549570772 ], [ 88.408862572118906, 22.527020447911919 ], [ 88.408842077653247, 22.526993772924129 ], [ 88.408833335400956, 22.52698578917861 ], [ 88.408792921712262, 22.526980716694982 ], [ 88.408772427265774, 22.526954041697209 ], [ 88.408774350716101, 22.526873558355959 ], [ 88.408795618169677, 22.526723195003267 ], [ 88.408794979050484, 22.526669553330667 ], [ 88.40877691939572, 22.526605308324857 ], [ 88.408753734623403, 22.526594746656201 ], [ 88.40872984685528, 22.526525179141409 ], [ 88.408711531620895, 22.526439477454169 ], [ 88.40870964634297, 22.526281234507426 ], [ 88.408700520702794, 22.526241065744667 ], [ 88.40867400654534, 22.526192975717301 ], [ 88.408653735913589, 22.526185075282545 ], [ 88.408652777339782, 22.526104612763042 ], [ 88.408663954296301, 22.526075026515844 ], [ 88.408698060295691, 22.526034545281988 ], [ 88.408752277111716, 22.525988554048393 ], [ 88.408800921411441, 22.525958696967869 ], [ 88.408898849084551, 22.525952624440894 ], [ 88.408953449295041, 22.525938818148649 ], [ 88.408960050297907, 22.52576710228281 ], [ 88.408945416087874, 22.525748431875154 ], [ 88.40893856533522, 22.525657282697306 ], [ 88.408920377946984, 22.525582309361038 ], [ 88.408919834681285, 22.52553671393537 ], [ 88.408901359715998, 22.525437601839283 ], [ 88.408852076508836, 22.525413817261949 ], [ 88.408687829085153, 22.525417686775487 ], [ 88.4085498719394, 22.525450871598299 ], [ 88.408492805103776, 22.525499565670991 ], [ 88.408485021420432, 22.525572044430877 ], [ 88.408524213953456, 22.525716606225913 ], [ 88.40853682864595, 22.525807713777937 ], [ 88.40856062032347, 22.525869235086105 ], [ 88.408558984281996, 22.52597385719756 ], [ 88.408539192939202, 22.526006188008704 ], [ 88.408513541523504, 22.526030514221638 ], [ 88.408430503523647, 22.526076713649196 ], [ 88.408336575955758, 22.52617663802431 ], [ 88.408293663751351, 22.526203771239587 ], [ 88.408218856633781, 22.526215040994511 ], [ 88.408201468132674, 22.526207119678542 ], [ 88.408206880972514, 22.526177575103464 ], [ 88.408197851315663, 22.526145452557483 ], [ 88.408174538888488, 22.526124162460398 ], [ 88.408168487181428, 22.526100065343542 ], [ 88.408150938984235, 22.526078733598141 ], [ 88.408141781578138, 22.526035882709152 ], [ 88.408152958640969, 22.526006296491914 ], [ 88.408158020116744, 22.525947248986686 ], [ 88.408130931247754, 22.525850881331284 ], [ 88.408087348332913, 22.525821690709869 ], [ 88.407998777230816, 22.525645297692648 ], [ 88.407885097850965, 22.525538826172991 ], [ 88.407860987169713, 22.525450483892794 ], [ 88.407814745889368, 22.525440088599073 ], [ 88.407466108030164, 22.52545065309565 ], [ 88.407417367807966, 22.525472463523009 ], [ 88.407409232357267, 22.525515439317413 ], [ 88.407451416579079, 22.526153525972649 ], [ 88.407464381855704, 22.526274136576845 ], [ 88.407473315565767, 22.526298212915748 ], [ 88.407473922234558, 22.526349172536861 ], [ 88.407454130582906, 22.52638150322873 ], [ 88.407446346332307, 22.526453981960916 ], [ 88.407472892061946, 22.526504754293519 ], [ 88.407496970791755, 22.526590414538724 ], [ 88.407529248879541, 22.526638463152455 ], [ 88.407582021170754, 22.52671318692509 ], [ 88.407637228572341, 22.526750340673882 ], [ 88.407689713552614, 22.526800925640828 ], [ 88.407695861020173, 22.52683306903101 ], [ 88.407707581131291, 22.526849078282371 ], [ 88.407708060159379, 22.526889309555305 ], [ 88.407716993956768, 22.526913385874707 ], [ 88.40792148961394, 22.527142587982325 ], [ 88.408100046731732, 22.527371977190839 ], [ 88.408187596939158, 22.52746254336223 ], [ 88.408214143147219, 22.527513315542667 ], [ 88.408240401857697, 22.527539948961405 ], [ 88.408272872116726, 22.527604089899764 ], [ 88.408446471490777, 22.527659164034542 ], [ 88.408506868649837, 22.527647998286298 ], [ 88.408533031583914, 22.527666585401811 ], [ 88.408550324431772, 22.527666460419464 ], [ 88.408596246971413, 22.527650034622852 ], [ 88.408679797100916, 22.527646748408529 ], [ 88.408705672456293, 22.52764119674401 ], [ 88.408722805520497, 22.527627661326264 ], [ 88.4087225498739, 22.527606204658998 ], [ 88.408707659842207, 22.52756607757464 ], [ 88.408733247577942, 22.527536387155649 ], [ 88.408776192042609, 22.527511935894204 ], [ 88.408830888744959, 22.527506175864147 ], [ 88.408868420450844, 22.527511269166123 ], [ 88.40894373954913, 22.527542912408787 ], [ 88.409036735055125, 22.527606615576861 ], [ 88.409066131774026, 22.527654684676296 ], [ 88.409066355511655, 22.527673459257187 ], [ 88.409125212948993, 22.527774961601025 ], [ 88.409172573860786, 22.527879229368526 ], [ 88.409180000335482, 22.528018655987886 ], [ 88.409222076574252, 22.528163196655647 ], [ 88.409239561278312, 22.528179164091771 ], [ 88.409262682421058, 22.528184361507833 ], [ 88.409372332039723, 22.528194297734053 ] ] ] } },
{ "type": "Feature", "properties": { "ward": 108, "source_sheet": "108_ruby.pdf p1", "source": "KMC ward sewerage network map (ArcMap GeoPDF)", "extraction_method": "geopdf_raster_polygonised", "georef_max_residual_m": 0.1 }, "geometry": { "type": "Polygon", "coordinates": [ [ [ 88.420304871869675, 22.525759790716656 ], [ 88.420319217952652, 22.525754321380631 ], [ 88.420315821033228, 22.52571142929618 ], [ 88.420335512978184, 22.525671050967691 ], [ 88.420386972200234, 22.525635805337174 ], [ 88.420435999819972, 22.52563812971432 ], [ 88.420426838701857, 22.525595279715535 ], [ 88.420400513805603, 22.525563284240246 ], [ 88.420394492212907, 22.525541869759554 ], [ 88.420362467525479, 22.525515280497959 ], [ 88.420319011053266, 22.525496821596402 ], [ 88.420255540897898, 22.525491920300272 ], [ 88.420223644946958, 22.525476059290611 ], [ 88.420208880618404, 22.525446661701181 ], [ 88.420216625971449, 22.525371500617375 ], [ 88.420212971704444, 22.525307151962725 ], [ 88.420135316457191, 22.525321130292035 ], [ 88.420074696291422, 22.525313525813832 ], [ 88.420022851049126, 22.525316586495212 ], [ 88.419997780940477, 22.525389191704221 ], [ 88.419952536235897, 22.525461944137835 ], [ 88.419958654266537, 22.525491404851177 ], [ 88.420001949841804, 22.525496453499223 ], [ 88.420022381786353, 22.525517762830226 ], [ 88.420022864352447, 22.525557993889912 ], [ 88.420003075816041, 22.525590325972598 ], [ 88.420000418926833, 22.525609121500537 ], [ 88.420006440463169, 22.525630535998783 ], [ 88.42004442231584, 22.525673175688155 ], [ 88.420096653762329, 22.52570229983921 ], [ 88.420122882099975, 22.525726249154545 ], [ 88.420241047662458, 22.525725386647782 ], [ 88.420304871869675, 22.525759790716656 ] ] ] } },
{ "type": "Feature", "properties": { "ward": 108, "source_sheet": "108_ruby.pdf p1", "source": "KMC ward sewerage network map (ArcMap GeoPDF)", "extraction_method": "geopdf_raster_polygonised", "georef_max_residual_m": 0.1 }, "geometry": { "type": "Polygon", "coordinates": [ [ [ 88.420628212751197, 22.525803029213868 ], [ 88.42065415154255, 22.525802839808375 ], [ 88.42069715756962, 22.525783749635 ], [ 88.42069049223538, 22.525708693773222 ], [ 88.420672910065207, 22.525684681418984 ], [ 88.420626410502777, 22.52565283330177 ], [ 88.420628552381089, 22.525591124649594 ], [ 88.420584838397772, 22.525551209263398 ], [ 88.420584613124262, 22.525532434773591 ], [ 88.420661592579961, 22.525462132756196 ], [ 88.420666841807588, 22.525419177547469 ], [ 88.420660948914815, 22.525408491357869 ], [ 88.420643495522057, 22.525395207277128 ], [ 88.420571282626852, 22.52538232302733 ], [ 88.420346319544805, 22.525370553900483 ], [ 88.420282270282399, 22.525317375344905 ], [ 88.420253320798395, 22.525306857441652 ], [ 88.420218735860786, 22.52530710988891 ], [ 88.420222390130434, 22.52537145854328 ], [ 88.420214644780515, 22.525446619627211 ], [ 88.42022646267877, 22.525470674112512 ], [ 88.420258358628729, 22.525486535121669 ], [ 88.420321828781653, 22.525491436416822 ], [ 88.420382706457502, 22.525520497358837 ], [ 88.42043260286961, 22.525595237633436 ], [ 88.420441763989487, 22.525638087631805 ], [ 88.420456174413204, 22.52563798242462 ], [ 88.420502609573319, 22.525664466453303 ], [ 88.420534795227908, 22.525704466033257 ], [ 88.42056137763656, 22.525757918042508 ], [ 88.420605123864817, 22.525800515500947 ], [ 88.420628212751197, 22.525803029213868 ] ] ] } },
{ "type": "Feature", "properties": { "ward": 108, "source_sheet": "108_ruby.pdf p1", "source": "KMC ward sewerage network map (ArcMap GeoPDF)", "extraction_method": "geopdf_raster_polygonised", "georef_max_residual_m": 0.1 }, "geometry": { "type": "Polygon", "coordinates": [ [ [ 88.410144070540071, 22.526439845841594 ], [ 88.410164245337413, 22.526439699835844 ], [ 88.410201456955789, 22.526417972019196 ], [ 88.410267745562862, 22.526417492253429 ], [ 88.410319335736915, 22.526392978028269 ], [ 88.410330544336219, 22.526366073765232 ], [ 88.410329808679137, 22.52630438588087 ], [ 88.410244631927284, 22.525929478473564 ], [ 88.410217829475528, 22.525857249983201 ], [ 88.410226028027125, 22.525819638256444 ], [ 88.410224205039, 22.525666759568079 ], [ 88.410200832202349, 22.525398697340687 ], [ 88.410188952041651, 22.525369277864495 ], [ 88.410062140004982, 22.525370195542472 ], [ 88.410063131343293, 22.525453340101709 ], [ 88.410078788995321, 22.525557837042346 ], [ 88.41007942857955, 22.525611478691911 ], [ 88.410109528743362, 22.525718553428497 ], [ 88.410122240409862, 22.525817707050038 ], [ 88.4101083096064, 22.525858042568448 ], [ 88.410028026473938, 22.52589349360272 ], [ 88.410005001630211, 22.525896342524547 ], [ 88.409982136674245, 22.525912601855559 ], [ 88.40997970225979, 22.525950171864586 ], [ 88.409962601500794, 22.525966389484537 ], [ 88.409959943238619, 22.525985184915967 ], [ 88.409997986207571, 22.52603319129334 ], [ 88.410042209146098, 22.526116023019604 ], [ 88.410042496959349, 22.526140161760665 ], [ 88.410054313206217, 22.526164217078531 ], [ 88.410046210531078, 22.526209875045325 ], [ 88.410113650351747, 22.52630595030822 ], [ 88.410111439838644, 22.526362294891278 ], [ 88.410140644739798, 22.526394271303204 ], [ 88.410129500063647, 22.526426539719196 ], [ 88.410144070540071, 22.526439845841594 ] ] ] } },
{ "type": "Feature", "properties": { "ward": 108, "source_sheet": "108_ruby.pdf p1", "source": "KMC ward sewerage network map (ArcMap GeoPDF)", "extraction_method": "geopdf_raster_polygonised", "georef_max_residual_m": 0.1 }, "geometry": { "type": "Polygon", "coordinates": [ [ [ 88.419704226888172, 22.525426203735325 ], [ 88.419715723048185, 22.525423437552362 ], [ 88.419726994051331, 22.525401896871298 ], [ 88.419746332313025, 22.525332015825377 ], [ 88.419745335186008, 22.52524887162253 ], [ 88.419715806786755, 22.525190076339584 ], [ 88.419678114646416, 22.525171575198808 ], [ 88.41958588821214, 22.525172248040807 ], [ 88.419528632621279, 22.525204853396467 ], [ 88.419491165621494, 22.525205126710574 ], [ 88.419456805815955, 22.525224153492783 ], [ 88.419448320381619, 22.525237626919424 ], [ 88.419448609817948, 22.525261765562277 ], [ 88.419463245328018, 22.525280434945834 ], [ 88.419466449006521, 22.525307234636333 ], [ 88.419492998768717, 22.525358004778418 ], [ 88.41957958981908, 22.525368102319469 ], [ 88.419640467300766, 22.525397163553549 ], [ 88.419666663339356, 22.525418430880041 ], [ 88.419704226888172, 22.525426203735325 ] ] ] } },
{ "type": "Feature", "properties": { "ward": 108, "source_sheet": "108_ruby.pdf p1", "source": "KMC ward sewerage network map (ArcMap GeoPDF)", "extraction_method": "geopdf_raster_polygonised", "georef_max_residual_m": 0.1 }, "geometry": { "type": "Polygon", "coordinates": [ [ [ 88.41419458435638, 22.52602422874136 ], [ 88.41421795849314, 22.525809474174963 ], [ 88.414237171372321, 22.525728865339165 ], [ 88.414046119692088, 22.525660512606802 ], [ 88.413996995890557, 22.525650140044135 ], [ 88.413875210778642, 22.525589331094846 ], [ 88.413640030749477, 22.525446193517858 ], [ 88.413364373814844, 22.525292620059492 ], [ 88.413251395729404, 22.525245158256403 ], [ 88.413124359707012, 22.525227303788313 ], [ 88.412576315081296, 22.525193726615431 ], [ 88.412574842180319, 22.525311759018873 ], [ 88.412598187127969, 22.525335730532497 ], [ 88.412967286572083, 22.52534914731401 ], [ 88.413100118907423, 22.525369642161088 ], [ 88.413181009606291, 22.525385149145933 ], [ 88.413377984927521, 22.52546687151289 ], [ 88.413543321557029, 22.52555418788058 ], [ 88.4136653308462, 22.525633771637779 ], [ 88.413778758090757, 22.525718782217094 ], [ 88.413881009669836, 22.525833379261588 ], [ 88.41419458435638, 22.52602422874136 ] ] ] } },
{ "type": "Feature", "properties": { "ward": 108, "source_sheet": "108_ruby.pdf p1", "source": "KMC ward sewerage network map (ArcMap GeoPDF)", "extraction_method": "geopdf_raster_polygonised", "georef_max_residual_m": 0.1 }, "geometry": { "type": "Polygon", "coordinates": [ [ [ 88.412514510495654, 22.525328290387822 ], [ 88.412531642892546, 22.525314754594362 ], [ 88.412530329822886, 22.525204789327763 ], [ 88.411991123659178, 22.525187239933349 ], [ 88.412012803013752, 22.525313151479192 ], [ 88.412514510495654, 22.525328290387822 ] ] ] } },
{ "type": "Feature", "properties": { "ward": 108, "source_sheet": "108_ruby.pdf p1", "source": "KMC ward sewerage network map (ArcMap GeoPDF)", "extraction_method": "geopdf_raster_polygonised", "georef_max_residual_m": 0.1 }, "geometry": { "type": "Polygon", "coordinates": [ [ [ 88.421282979640807, 22.525122306112273 ], [ 88.421284992453678, 22.5250498691857 ], [ 88.421233115165677, 22.525050248181334 ], [ 88.421245158556303, 22.525093077070959 ], [ 88.421282979640807, 22.525122306112273 ] ] ] } },
{ "type": "Feature", "properties": { "ward": 108, "source_sheet": "108_ruby.pdf p1", "source": "KMC ward sewerage network map (ArcMap GeoPDF)", "extraction_method": "geopdf_raster_polygonised", "georef_max_residual_m": 0.1 }, "geometry": { "type": "Polygon", "coordinates": [ [ [ 88.419023915442096, 22.525179029102127 ], [ 88.419049564768571, 22.525154701313745 ], [ 88.419104227761494, 22.525146255787359 ], [ 88.419129748454381, 22.525111199699708 ], [ 88.419126319775316, 22.525065625495195 ], [ 88.419114630712912, 22.52505229920391 ], [ 88.419079885060995, 22.525039141043575 ], [ 88.419071013774982, 22.525020429588523 ], [ 88.419099352223228, 22.524979988345944 ], [ 88.419098998546204, 22.524950485554594 ], [ 88.419072545466548, 22.524907761549549 ], [ 88.419075073866978, 22.524878237741575 ], [ 88.419106358662077, 22.524843139626576 ], [ 88.419106101442807, 22.524821683050753 ], [ 88.419094348099918, 22.524802992612457 ], [ 88.4189790974837, 22.52480651529504 ], [ 88.418950405388117, 22.524817453723475 ], [ 88.418901828135205, 22.524852677888312 ], [ 88.418887964303707, 22.524898378179962 ], [ 88.418894821494348, 22.524989526609023 ], [ 88.418945681415707, 22.525144729563248 ], [ 88.418977641458227, 22.525165954982359 ], [ 88.419023915442096, 22.525179029102127 ] ] ] } },
{ "type": "Feature", "properties": { "ward": 108, "source_sheet": "108_ruby.pdf p1", "source": "KMC ward sewerage network map (ArcMap GeoPDF)", "extraction_method": "geopdf_raster_polygonised", "georef_max_residual_m": 0.1 }, "geometry": { "type": "Polygon", "coordinates": [ [ [ 88.419975791677999, 22.524997735562994 ], [ 88.420010344372088, 22.524994801101062 ], [ 88.420047553940591, 22.524973071102629 ], [ 88.420046427966241, 22.524879198623886 ], [ 88.42003733137183, 22.524841712731952 ], [ 88.419987499798751, 22.524772336444965 ], [ 88.419944172282612, 22.524764605709937 ], [ 88.419915898465462, 22.524810411229439 ], [ 88.41990482054193, 22.524848044347404 ], [ 88.419908731985927, 22.524933849588489 ], [ 88.419917603375822, 22.524952560992016 ], [ 88.419975791677999, 22.524997735562994 ] ] ] } },
{ "type": "Feature", "properties": { "ward": 108, "source_sheet": "108_ruby.pdf p1", "source": "KMC ward sewerage network map (ArcMap GeoPDF)", "extraction_method": "geopdf_raster_polygonised", "georef_max_residual_m": 0.1 }, "geometry": { "type": "Polygon", "coordinates": [ [ [ 88.421233050778184, 22.525044884042611 ], [ 88.421284928064168, 22.525044505047099 ], [ 88.421281386667573, 22.524749477418347 ], [ 88.4212263376875, 22.524725738836207 ], [ 88.421194634973716, 22.524725970431287 ], [ 88.42115454359903, 22.524747721736091 ], [ 88.421134819821589, 22.5247854180807 ], [ 88.421129345411799, 22.524809598812336 ], [ 88.421138184761588, 22.524825628071223 ], [ 88.421135753376817, 22.524863198097748 ], [ 88.421115997388313, 22.524898212371081 ], [ 88.421087466419095, 22.52492256152064 ], [ 88.421084874066608, 22.524946721198912 ], [ 88.421137234196053, 22.524986573295603 ], [ 88.421209543500325, 22.525007503508139 ], [ 88.421227029086211, 22.525023469597198 ], [ 88.421233050778184, 22.525044884042611 ] ] ] } },
{ "type": "Feature", "properties": { "ward": 108, "source_sheet": "108_ruby.pdf p1", "source": "KMC ward sewerage network map (ArcMap GeoPDF)", "extraction_method": "geopdf_raster_polygonised", "georef_max_residual_m": 0.1 }, "geometry": { "type": "Polygon", "coordinates": [ [ [ 88.418321234888083, 22.525229750569764 ], [ 88.418401772398141, 22.525215752104735 ], [ 88.418398215395598, 22.525159449582269 ], [ 88.418418229238867, 22.525145892188078 ], [ 88.418478817136716, 22.525150815226329 ], [ 88.418493516791216, 22.525174848850863 ], [ 88.418534251578436, 22.525206739633244 ], [ 88.418641017042475, 22.525216690639834 ], [ 88.418669709246345, 22.525205752261595 ], [ 88.418701412103516, 22.525205521158149 ], [ 88.418724275853364, 22.525189260645146 ], [ 88.418749828798994, 22.525156886684879 ], [ 88.418775574611558, 22.525140605154682 ], [ 88.418801031095796, 22.525100184970402 ], [ 88.4188003881589, 22.525046543525171 ], [ 88.418770892343645, 22.52499043011688 ], [ 88.418747546445445, 22.524966459549628 ], [ 88.418689937131447, 22.524969561816896 ], [ 88.418680829985803, 22.524690668296916 ], [ 88.418667501671933, 22.524540556267507 ], [ 88.418652866348424, 22.524521886800386 ], [ 88.418480135353832, 22.524539239629824 ], [ 88.418460025182327, 22.524544750809348 ], [ 88.418440043565766, 22.524560990277912 ], [ 88.418396909007569, 22.524569351555652 ], [ 88.418339846176252, 22.524618048929984 ], [ 88.418322553779234, 22.524618174944571 ], [ 88.41830830413187, 22.524631690320323 ], [ 88.418285311872481, 22.524637222481008 ], [ 88.418228409649558, 22.52469933018418 ], [ 88.418211213646472, 22.524707502406596 ], [ 88.418182392964567, 22.524707712407807 ], [ 88.418173907431154, 22.524721185772815 ], [ 88.418185724915645, 22.524745240431493 ], [ 88.418183614075076, 22.524809631185782 ], [ 88.41824423395822, 22.52481723639357 ], [ 88.418270365409313, 22.524833139819563 ], [ 88.418282150784236, 22.524854512396526 ], [ 88.418285450631373, 22.524889358342975 ], [ 88.41825724049913, 22.524940527745731 ], [ 88.418252022666877, 22.52498616498875 ], [ 88.418263775917069, 22.525004855493208 ], [ 88.418264193690447, 22.525039722441164 ], [ 88.418247222601707, 22.525066669179626 ], [ 88.418247511827261, 22.525090807835909 ], [ 88.418259232950106, 22.525106816267144 ], [ 88.418290967927263, 22.525109267318566 ], [ 88.418320013654551, 22.525127831803378 ], [ 88.418320206480473, 22.525143924240265 ], [ 88.418300353313754, 22.525170891986892 ], [ 88.418309610159838, 22.525221788362586 ], [ 88.418321234888083, 22.525229750569764 ] ] ] } },
{ "type": "Feature", "properties": { "ward": 108, "source_sheet": "108_ruby.pdf p1", "source": "KMC ward sewerage network map (ArcMap GeoPDF)", "extraction_method": "geopdf_raster_polygonised", "georef_max_residual_m": 0.1 }, "geometry": { "type": "Polygon", "coordinates": [ [ [ 88.419411311357678, 22.524795316364965 ], [ 88.41945156383963, 22.524786975837753 ], [ 88.419465716906942, 22.524765414151215 ], [ 88.419465105881898, 22.524714454791223 ], [ 88.419447234622737, 22.524666303638206 ], [ 88.419446623607072, 22.524615344277159 ], [ 88.41946945501121, 22.524596401594987 ], [ 88.419471629575341, 22.524537374996335 ], [ 88.41933581888452, 22.524508860219417 ], [ 88.419269531441884, 22.524509343672719 ], [ 88.419243625031413, 22.524512214914594 ], [ 88.41916901292764, 22.524539582102239 ], [ 88.419164952921165, 22.524681773951887 ], [ 88.419170877821372, 22.52469514227667 ], [ 88.419272650508219, 22.524769504641654 ], [ 88.419411311357678, 22.524795316364965 ] ] ] } },
{ "type": "Feature", "properties": { "ward": 108, "source_sheet": "108_ruby.pdf p1", "source": "KMC ward sewerage network map (ArcMap GeoPDF)", "extraction_method": "geopdf_raster_polygonised", "georef_max_residual_m": 0.1 }, "geometry": { "type": "Polygon", "coordinates": [ [ [ 88.420117192825401, 22.524771389941456 ], [ 88.420174737649177, 22.524762923027545 ], [ 88.420237757030961, 22.524730275384179 ], [ 88.4203213047725, 22.524726983228021 ], [ 88.420376257086474, 22.524742675916272 ], [ 88.420361299754944, 22.524697185912785 ], [ 88.420320210800725, 22.524635792828448 ], [ 88.420296253386013, 22.524560863153589 ], [ 88.420273036012489, 22.524547621098982 ], [ 88.420235086595071, 22.524507663516285 ], [ 88.420243024954686, 22.524448594850647 ], [ 88.420122010589239, 22.524452160408206 ], [ 88.420116407325068, 22.524465612831218 ], [ 88.420093543864127, 22.524481873528917 ], [ 88.419955301427251, 22.524490929307017 ], [ 88.41992696332855, 22.524531370684741 ], [ 88.419936252876639, 22.524584949013317 ], [ 88.41998246239946, 22.524592658721616 ], [ 88.420054932204167, 22.524626999828218 ], [ 88.420072546297504, 22.524653694336337 ], [ 88.420084653635911, 22.524701887476805 ], [ 88.420117192825401, 22.524771389941456 ] ] ] } },
{ "type": "Feature", "properties": { "ward": 108, "source_sheet": "108_ruby.pdf p1", "source": "KMC ward sewerage network map (ArcMap GeoPDF)", "extraction_method": "geopdf_raster_polygonised", "georef_max_residual_m": 0.1 }, "geometry": { "type": "Polygon", "coordinates": [ [ [ 88.42040517428093, 22.524750511733256 ], [ 88.420448340919862, 22.524744831991072 ], [ 88.420508510336816, 22.524714887356094 ], [ 88.420525223496966, 22.524666483840171 ], [ 88.420527075815798, 22.524580636547249 ], [ 88.420546864096522, 22.524548304409905 ], [ 88.420546606658107, 22.524526847847078 ], [ 88.420482718624612, 22.524487079701963 ], [ 88.420390203085873, 22.524463614346509 ], [ 88.420366921368597, 22.524445008163724 ], [ 88.420326669053182, 22.524453348912335 ], [ 88.42024882124926, 22.524451234848328 ], [ 88.420240818544329, 22.524504939372651 ], [ 88.420275853725641, 22.524542235920482 ], [ 88.420299071098484, 22.524555477974722 ], [ 88.420313803164248, 22.524582193492311 ], [ 88.420322996337987, 22.524627725578593 ], [ 88.420367063885593, 22.524697143834949 ], [ 88.420382085572797, 22.524747997978771 ], [ 88.42040517428093, 22.524750511733256 ] ] ] } },
{ "type": "Feature", "properties": { "ward": 108, "source_sheet": "108_ruby.pdf p1", "source": "KMC ward sewerage network map (ArcMap GeoPDF)", "extraction_method": "geopdf_raster_polygonised", "georef_max_residual_m": 0.1 }, "geometry": { "type": "Polygon", "coordinates": [ [ [ 88.408220486619754, 22.528529866980168 ], [ 88.408675394568604, 22.528244936328427 ], [ 88.40850688767604, 22.528133497072947 ], [ 88.408231429010101, 22.527754598979023 ], [ 88.40759728582691, 22.527026907620296 ], [ 88.407233867766124, 22.526522573861143 ], [ 88.406376611403843, 22.525453150958697 ], [ 88.40635519234101, 22.525348695091161 ], [ 88.406441272311596, 22.525315886361717 ], [ 88.406901864878208, 22.525266963786187 ], [ 88.406996973962094, 22.525266277407891 ], [ 88.408003303396001, 22.52529924627482 ], [ 88.40830358408914, 22.525342676337772 ], [ 88.408484996224388, 22.525327953922048 ], [ 88.408741438567702, 22.525320735955308 ], [ 88.40914525107415, 22.525344639878732 ], [ 88.409695698681489, 22.52533797665561 ], [ 88.410476489470113, 22.525310868137506 ], [ 88.410568492433285, 22.525291425935908 ], [ 88.4106894122299, 22.525279821268061 ], [ 88.411107315121669, 22.525276795109733 ], [ 88.411989682275959, 22.52530795443732 ], [ 88.411976745245966, 22.525190026460688 ], [ 88.411025336759025, 22.525170096296854 ], [ 88.409968122369847, 22.525220666250402 ], [ 88.409443678035046, 22.525232506954278 ], [ 88.408474912293599, 22.525207322600579 ], [ 88.407812191078577, 22.525225521778992 ], [ 88.407001908246016, 22.525196501564995 ], [ 88.406188966743642, 22.52518627264941 ], [ 88.405498221090895, 22.525271722358887 ], [ 88.404681076475185, 22.525392949739803 ], [ 88.403030030947477, 22.525681112186867 ], [ 88.401804830504275, 22.525907187787304 ], [ 88.401734641598964, 22.525821857809774 ], [ 88.401601574119113, 22.525538487749721 ], [ 88.401308007000949, 22.524845875097039 ], [ 88.401178046151344, 22.524581258517237 ], [ 88.401023240371032, 22.524652110419211 ], [ 88.401020453692453, 22.52466017739231 ], [ 88.401507622893362, 22.525879817410409 ], [ 88.401476969502752, 22.525968554189564 ], [ 88.401316589018862, 22.526055540393102 ], [ 88.399648170371975, 22.526338428879853 ], [ 88.398558226757615, 22.526547416195509 ], [ 88.397933756809479, 22.526632359023974 ], [ 88.396524366065492, 22.526883854946803 ], [ 88.396112505470512, 22.526910941163681 ], [ 88.395833349990752, 22.526947807089201 ], [ 88.395611963998121, 22.526994988981393 ], [ 88.395206279071274, 22.527056899000627 ], [ 88.395162858697049, 22.527285206913007 ], [ 88.395165867621301, 22.527295914720654 ], [ 88.395650826775537, 22.527112733558429 ], [ 88.396772356950393, 22.526892810309821 ], [ 88.3984410438526, 22.526631407793758 ], [ 88.399448137504692, 22.52648470875388 ], [ 88.400521072366558, 22.526299978456144 ], [ 88.401323434822956, 22.5261466901452 ], [ 88.40160518245689, 22.526085655311189 ], [ 88.402281779573642, 22.526021782310238 ], [ 88.402799477631888, 22.525926861399384 ], [ 88.403757596028413, 22.525783170285209 ], [ 88.404824562624398, 22.525582360794193 ], [ 88.405555372769669, 22.525472484249217 ], [ 88.405840349722354, 22.525440924347972 ], [ 88.405967162048526, 22.525440009992575 ], [ 88.406033609811587, 22.525452942430949 ], [ 88.40610075943593, 22.525524880760205 ], [ 88.406621432205284, 22.526164881075566 ], [ 88.40746928234735, 22.527169994652926 ], [ 88.408013663787258, 22.527863464892093 ], [ 88.408146075693651, 22.528090505026064 ], [ 88.408220486619754, 22.528529866980168 ] ] ] } },
{ "type": "Feature", "properties": { "ward": 108, "source_sheet": "108_ruby.pdf p1", "source": "KMC ward sewerage network map (ArcMap GeoPDF)", "extraction_method": "geopdf_raster_polygonised", "georef_max_residual_m": 0.1 }, "geometry": { "type": "Polygon", "coordinates": [ [ [ 88.418672676369667, 22.524250829397136 ], [ 88.418695732834635, 22.52425066133025 ], [ 88.418721510636558, 22.524237061887895 ], [ 88.418709789541822, 22.524221053487622 ], [ 88.41870959667844, 22.524204961051673 ], [ 88.418695025674708, 22.52419165573146 ], [ 88.41861141388155, 22.524189582883238 ], [ 88.418600014220772, 22.524200395201976 ], [ 88.418594507239774, 22.524221893797844 ], [ 88.418632070415882, 22.52422966692431 ], [ 88.418672676369667, 22.524250829397136 ] ] ] } },
{ "type": "Feature", "properties": { "ward": 108, "source_sheet": "108_ruby.pdf p1", "source": "KMC ward sewerage network map (ArcMap GeoPDF)", "extraction_method": "geopdf_raster_polygonised", "georef_max_residual_m": 0.1 }, "geometry": { "type": "Polygon", "coordinates": [ [ [ 88.420124828306712, 22.524446775232089 ], [ 88.420335218707322, 22.524445239586246 ], [ 88.420363974956203, 22.524439665061191 ], [ 88.420366374373742, 22.524399412963405 ], [ 88.420397755256957, 22.52437236082946 ], [ 88.420435093308129, 22.524361359033733 ], [ 88.420460838765081, 22.5243450772501 ], [ 88.420483348197351, 22.524299313727781 ], [ 88.420494200678107, 22.524242906084265 ], [ 88.420531442148857, 22.524223858056743 ], [ 88.420534227666792, 22.52421579080389 ], [ 88.42047299659427, 22.524157227110567 ], [ 88.420417980153417, 22.524136170301592 ], [ 88.420305580059008, 22.524136990794236 ], [ 88.420230743178848, 22.524145583958347 ], [ 88.419969087438659, 22.524198457367195 ], [ 88.419955352688262, 22.524254886017562 ], [ 88.419964610054095, 22.524305782275551 ], [ 88.419993913163395, 22.524345803025835 ], [ 88.420025937501578, 22.524372392382059 ], [ 88.420107053376555, 22.524406670373594 ], [ 88.420124570934561, 22.524425318664949 ], [ 88.420124828306712, 22.524446775232089 ] ] ] } },
{ "type": "Feature", "properties": { "ward": 108, "source_sheet": "108_ruby.pdf p1", "source": "KMC ward sewerage network map (ArcMap GeoPDF)", "extraction_method": "geopdf_raster_polygonised", "georef_max_residual_m": 0.1 }, "geometry": { "type": "Polygon", "coordinates": [ [ [ 88.419493496181616, 22.5244379701623 ], [ 88.419510756387965, 22.524435161951448 ], [ 88.419527791473669, 22.524413579237514 ], [ 88.419577674589902, 22.524246912365687 ], [ 88.419570173810698, 22.524102122545635 ], [ 88.419523996628001, 22.524097094780611 ], [ 88.419451366434643, 22.524049343052557 ], [ 88.419367786895833, 22.524049952665408 ], [ 88.419344923406399, 22.524066213258539 ], [ 88.419336566648184, 22.524090414965883 ], [ 88.419349135873603, 22.524417564675726 ], [ 88.419464514777417, 22.5244247700318 ], [ 88.419493496181616, 22.5244379701623 ] ] ] } },
{ "type": "Feature", "properties": { "ward": 108, "source_sheet": "108_ruby.pdf p1", "source": "KMC ward sewerage network map (ArcMap GeoPDF)", "extraction_method": "geopdf_raster_polygonised", "georef_max_residual_m": 0.1 }, "geometry": { "type": "Polygon", "coordinates": [ [ [ 88.398580665221814, 22.525034424940824 ], [ 88.3986325429983, 22.525034053245747 ], [ 88.398684198463968, 22.525014906860957 ], [ 88.39914140370874, 22.524923113529244 ], [ 88.399164206333623, 22.524901491489185 ], [ 88.399169430473648, 22.524855854544398 ], [ 88.399089699373377, 22.524451395213102 ], [ 88.399029421218557, 22.524229194393005 ], [ 88.399014693173243, 22.524202476714361 ], [ 88.398988532101825, 22.524183887945256 ], [ 88.398913566243252, 22.524181742879087 ], [ 88.398522492360016, 22.524259650095292 ], [ 88.398444961900708, 22.524284346426555 ], [ 88.398410630918264, 22.524306050949054 ], [ 88.398402333939899, 22.524335615948999 ], [ 88.398554631065068, 22.525026564493213 ], [ 88.398580665221814, 22.525034424940824 ] ] ] } },
{ "type": "Feature", "properties": { "ward": 108, "source_sheet": "108_ruby.pdf p1", "source": "KMC ward sewerage network map (ArcMap GeoPDF)", "extraction_method": "geopdf_raster_polygonised", "georef_max_residual_m": 0.1 }, "geometry": { "type": "Polygon", "coordinates": [ [ [ 88.418724328405929, 22.524231676733585 ], [ 88.418750074056675, 22.524215395214334 ], [ 88.418767366400445, 22.524215269156393 ], [ 88.418781615960384, 22.524201753743824 ], [ 88.418812064900891, 22.524096921800421 ], [ 88.418805657880171, 22.524043322369469 ], [ 88.418811164822628, 22.524021823767971 ], [ 88.418721789027174, 22.524019792992558 ], [ 88.418725828264357, 22.524116326600506 ], [ 88.418711803713776, 22.524148616516868 ], [ 88.418712060864721, 22.524170073098254 ], [ 88.41869784344432, 22.524186270577584 ], [ 88.418715328648716, 22.524202236961383 ], [ 88.418724328405929, 22.524231676733585 ] ] ] } },
{ "type": "Feature", "properties": { "ward": 108, "source_sheet": "108_ruby.pdf p1", "source": "KMC ward sewerage network map (ArcMap GeoPDF)", "extraction_method": "geopdf_raster_polygonised", "georef_max_residual_m": 0.1 }, "geometry": { "type": "Polygon", "coordinates": [ [ [ 88.416892077430305, 22.524306715784284 ], [ 88.416926565838793, 22.524298417840278 ], [ 88.416949204898444, 22.524263383051498 ], [ 88.416966368820113, 22.524252528887803 ], [ 88.417078769166906, 22.524251710721884 ], [ 88.417116139608268, 22.524243391758837 ], [ 88.417127539394158, 22.524232579539152 ], [ 88.417176566521832, 22.524234904938165 ], [ 88.417164556572018, 22.524194757745629 ], [ 88.417172849492317, 22.524165191982565 ], [ 88.417165832930934, 22.524060633038061 ], [ 88.4171509730606, 22.524023188898223 ], [ 88.417015837568201, 22.524050995680053 ], [ 88.416946636113167, 22.524048817069062 ], [ 88.416880541473247, 22.524065391976642 ], [ 88.41684307473875, 22.524065664658611 ], [ 88.416794304524416, 22.524084795754518 ], [ 88.416777204821045, 22.524101014049709 ], [ 88.416780761115859, 22.524157316650392 ], [ 88.416807084927626, 22.524189312779974 ], [ 88.41680727757057, 22.524205405229587 ], [ 88.416795877760492, 22.524216217427782 ], [ 88.416801898736651, 22.524237632078094 ], [ 88.416833794044393, 22.52425349380318 ], [ 88.416892077430305, 22.524306715784284 ] ] ] } },
{ "type": "Feature", "properties": { "ward": 108, "source_sheet": "108_ruby.pdf p1", "source": "KMC ward sewerage network map (ArcMap GeoPDF)", "extraction_method": "geopdf_raster_polygonised", "georef_max_residual_m": 0.1 }, "geometry": { "type": "Polygon", "coordinates": [ [ [ 88.417205419232815, 22.52423737719651 ], [ 88.417303312908132, 22.524228617560091 ], [ 88.417317562619587, 22.524215102269782 ], [ 88.417317337800483, 22.524196327749529 ], [ 88.41732864121461, 22.524177469293576 ], [ 88.417319481167951, 22.524134619055999 ], [ 88.417290082499491, 22.52408655155249 ], [ 88.417277783488615, 22.524022265698896 ], [ 88.417263212634552, 22.524008960240678 ], [ 88.417191193376695, 22.52401216686566 ], [ 88.417156705057465, 22.524020464862208 ], [ 88.41717159704298, 22.524060591076008 ], [ 88.417178067666526, 22.52411955475338 ], [ 88.417173395433821, 22.524210787249093 ], [ 88.417182330641069, 22.524234862975355 ], [ 88.417205419232815, 22.52423737719651 ] ] ] } },
{ "type": "Feature", "properties": { "ward": 108, "source_sheet": "108_ruby.pdf p1", "source": "KMC ward sewerage network map (ArcMap GeoPDF)", "extraction_method": "geopdf_raster_polygonised", "georef_max_residual_m": 0.1 }, "geometry": { "type": "Polygon", "coordinates": [ [ [ 88.419011581086735, 22.524390520919997 ], [ 88.419054811995579, 22.52439020569863 ], [ 88.419063361724355, 22.524382096436437 ], [ 88.419068804334628, 22.524355233683984 ], [ 88.419134545120841, 22.524309155091242 ], [ 88.419134191446574, 22.524279652297878 ], [ 88.419104920742328, 22.524242313449406 ], [ 88.419093070999352, 22.524215576790581 ], [ 88.419086631711551, 22.524159295305228 ], [ 88.419063189458043, 22.524127278560218 ], [ 88.419051275433389, 22.524095177752457 ], [ 88.419067571091588, 22.524011907422146 ], [ 88.419049732222689, 22.523966438281484 ], [ 88.418969324108659, 22.523991165321945 ], [ 88.418969870635493, 22.524036760552981 ], [ 88.418950499970578, 22.524103959454916 ], [ 88.418954635818167, 22.524208539264947 ], [ 88.418938018591561, 22.524264988862885 ], [ 88.418941350728133, 22.52430251686296 ], [ 88.418994160124441, 22.524379918716257 ], [ 88.419011581086735, 22.524390520919997 ] ] ] } },
{ "type": "Feature", "properties": { "ward": 108, "source_sheet": "108_ruby.pdf p1", "source": "KMC ward sewerage network map (ArcMap GeoPDF)", "extraction_method": "geopdf_raster_polygonised", "georef_max_residual_m": 0.1 }, "geometry": { "type": "Polygon", "coordinates": [ [ [ 88.417403060830182, 22.524134010503996 ], [ 88.41753563545997, 22.524133045125666 ], [ 88.417607526273173, 22.524119110047732 ], [ 88.41762469012204, 22.524108255817183 ], [ 88.417627026090372, 22.52406263957003 ], [ 88.417608737963079, 22.523979621209381 ], [ 88.417599963313037, 22.52396895587934 ], [ 88.417562432373117, 22.523963864579201 ], [ 88.41750495190314, 22.523977694699202 ], [ 88.417453107051728, 22.523980754530314 ], [ 88.417392905098211, 22.524008015968651 ], [ 88.417381505351486, 22.524018828205417 ], [ 88.41738246889328, 22.524099290434258 ], [ 88.417385640013634, 22.524123408117802 ], [ 88.417403060830182, 22.524134010503996 ] ] ] } },
{ "type": "Feature", "properties": { "ward": 108, "source_sheet": "108_ruby.pdf p1", "source": "KMC ward sewerage network map (ArcMap GeoPDF)", "extraction_method": "geopdf_raster_polygonised", "georef_max_residual_m": 0.1 }, "geometry": { "type": "Polygon", "coordinates": [ [ [ 88.417802156820017, 22.524005035581023 ], [ 88.417825213252669, 22.524004867640915 ], [ 88.417853680395368, 22.523975154899833 ], [ 88.417896686301091, 22.523956065480085 ], [ 88.417899022180279, 22.523910449232879 ], [ 88.41787574087239, 22.523891842666444 ], [ 88.417826713867171, 22.523889517474739 ], [ 88.417797764846895, 22.523878999102973 ], [ 88.417731541910698, 22.52388484605537 ], [ 88.417671404305395, 22.523917471741232 ], [ 88.417648669115991, 22.523944460398766 ], [ 88.41766346486132, 22.523976540338548 ], [ 88.417701156427597, 22.523995041984453 ], [ 88.417802156820017, 22.524005035581023 ] ] ] } },
{ "type": "Feature", "properties": { "ward": 108, "source_sheet": "108_ruby.pdf p1", "source": "KMC ward sewerage network map (ArcMap GeoPDF)", "extraction_method": "geopdf_raster_polygonised", "georef_max_residual_m": 0.1 }, "geometry": { "type": "Polygon", "coordinates": [ [ [ 88.420684866897872, 22.52427906626589 ], [ 88.420736711726875, 22.524276005391553 ], [ 88.420779685097102, 22.524254233147403 ], [ 88.420828036346123, 22.524200233957565 ], [ 88.420850384708075, 22.524141060039927 ], [ 88.420895982583247, 22.524097810159713 ], [ 88.420891298128623, 22.523947635281178 ], [ 88.420902311351981, 22.523904637968432 ], [ 88.420901667637068, 22.52385099656545 ], [ 88.420881268010064, 22.523832369406318 ], [ 88.420771718047249, 22.523830487094202 ], [ 88.420740787914156, 22.523895088277566 ], [ 88.420697975554333, 22.523930270858738 ], [ 88.420646903194793, 22.523997701404337 ], [ 88.420627179370186, 22.524035397691719 ], [ 88.420613380541766, 22.524086462243901 ], [ 88.420568168733354, 22.524161896893954 ], [ 88.420519495602917, 22.52418907530549 ], [ 88.420540023956292, 22.524218430791365 ], [ 88.420606375585464, 22.524223310962821 ], [ 88.420650089133844, 22.524263226370774 ], [ 88.420684866897872, 22.52427906626589 ] ] ] } },
{ "type": "Feature", "properties": { "ward": 108, "source_sheet": "108_ruby.pdf p1", "source": "KMC ward sewerage network map (ArcMap GeoPDF)", "extraction_method": "geopdf_raster_polygonised", "georef_max_residual_m": 0.1 }, "geometry": { "type": "Polygon", "coordinates": [ [ [ 88.420513699315023, 22.524186435317183 ], [ 88.420565222320107, 22.524156553795006 ], [ 88.420607616437053, 22.52408650432924 ], [ 88.420621415267618, 22.52403543977745 ], [ 88.42064395678247, 22.523992358306696 ], [ 88.420695029141669, 22.523924927762028 ], [ 88.420737841500724, 22.523889745181663 ], [ 88.420768836000377, 22.523830508139465 ], [ 88.420739758071335, 22.523809262026322 ], [ 88.420719068832554, 22.523766496211522 ], [ 88.420675838148256, 22.523766811869837 ], [ 88.420644232187755, 22.523775089556704 ], [ 88.42063011158173, 22.523799333405318 ], [ 88.420630433385838, 22.523826154110285 ], [ 88.420621980326686, 22.523842309661305 ], [ 88.420519095437399, 22.523915483068503 ], [ 88.420496393003731, 22.523945154170466 ], [ 88.420481982755859, 22.523945259372219 ], [ 88.420473980159244, 22.523998963905257 ], [ 88.420488776548211, 22.524031043551108 ], [ 88.420489291396507, 22.524073956680475 ], [ 88.420458425436422, 22.524143921958409 ], [ 88.420513699315023, 22.524186435317183 ] ] ] } },
{ "type": "Feature", "properties": { "ward": 108, "source_sheet": "108_ruby.pdf p1", "source": "KMC ward sewerage network map (ArcMap GeoPDF)", "extraction_method": "geopdf_raster_polygonised", "georef_max_residual_m": 0.1 }, "geometry": { "type": "Polygon", "coordinates": [ [ [ 88.419969023102297, 22.524193093224884 ], [ 88.42027384529321, 22.524134540130245 ], [ 88.42042079785341, 22.52413078512101 ], [ 88.420455479027709, 22.524138578857208 ], [ 88.420483527291992, 22.524073998761345 ], [ 88.420483012445501, 22.524031085631876 ], [ 88.420468216057813, 22.52399900598542 ], [ 88.420476250834284, 22.523947983523193 ], [ 88.420447526868813, 22.523956240133831 ], [ 88.42041844895796, 22.523934993961763 ], [ 88.420409352341466, 22.523897508088595 ], [ 88.420382802564404, 22.523846738091663 ], [ 88.42036227430269, 22.523817382579868 ], [ 88.420309850493084, 22.523772166049397 ], [ 88.420286633254719, 22.523758923988773 ], [ 88.420229056679901, 22.523764708850926 ], [ 88.42017474820436, 22.523802657510835 ], [ 88.420097254635039, 22.523830046136698 ], [ 88.41996830234298, 22.523892680218175 ], [ 88.419925521942858, 22.523930544675178 ], [ 88.419920047344846, 22.523954725377283 ], [ 88.419923765737622, 22.524024438200428 ], [ 88.419932926569658, 22.524067288249309 ], [ 88.419965369013326, 22.524128744547973 ], [ 88.419969023102297, 22.524193093224884 ] ] ] } },
{ "type": "Feature", "properties": { "ward": 108, "source_sheet": "108_ruby.pdf p1", "source": "KMC ward sewerage network map (ArcMap GeoPDF)", "extraction_method": "geopdf_raster_polygonised", "georef_max_residual_m": 0.1 }, "geometry": { "type": "Polygon", "coordinates": [ [ [ 88.418940278548376, 22.523972600944031 ], [ 88.419014922555036, 22.523947915946334 ], [ 88.419000287253922, 22.523929246508676 ], [ 88.419008740511487, 22.523913091033016 ], [ 88.419008386869947, 22.52388358823654 ], [ 88.419025293376365, 22.523851277284223 ], [ 88.419036275029555, 22.523805597996912 ], [ 88.419036082131811, 22.523789505562466 ], [ 88.419003415134199, 22.523709274541343 ], [ 88.418956595135228, 22.52365060515481 ], [ 88.418890533117747, 22.523669862939293 ], [ 88.4188243103536, 22.523675710334061 ], [ 88.418862548458904, 22.523739806939865 ], [ 88.418871837528854, 22.523793385358889 ], [ 88.418823067724048, 22.523812517050999 ], [ 88.418811925272593, 22.52384478596408 ], [ 88.418815000194712, 22.52386085738976 ], [ 88.418847152788246, 22.523898175289965 ], [ 88.418853302644479, 22.523930318139101 ], [ 88.418902490398835, 22.523946053378982 ], [ 88.418940278548376, 22.523972600944031 ] ] ] } },
{ "type": "Feature", "properties": { "ward": 108, "source_sheet": "108_ruby.pdf p1", "source": "KMC ward sewerage network map (ArcMap GeoPDF)", "extraction_method": "geopdf_raster_polygonised", "georef_max_residual_m": 0.1 }, "geometry": { "type": "Polygon", "coordinates": [ [ [ 88.405732363741009, 22.524843546030759 ], [ 88.405818666843885, 22.524829512255504 ], [ 88.406005938610306, 22.524822797360127 ], [ 88.40615827439818, 22.524786828706635 ], [ 88.406198336451396, 22.524762398930033 ], [ 88.406043789906917, 22.524127804145678 ], [ 88.405984883820153, 22.523779527568973 ], [ 88.405970282116741, 22.52376353894309 ], [ 88.405906908615947, 22.523766678183549 ], [ 88.4058924345061, 22.523761417902261 ], [ 88.405857467001269, 22.523729482187278 ], [ 88.40582576430927, 22.523729710744004 ], [ 88.40576831441075, 22.523746218814939 ], [ 88.405615565048194, 22.523747319901712 ], [ 88.405575343717203, 22.52375833908436 ], [ 88.405532399760034, 22.523782789472044 ], [ 88.405495570688743, 22.52383670127908 ], [ 88.405438280136835, 22.523866619678962 ], [ 88.405427198291065, 22.52390425200165 ], [ 88.405425145289087, 22.5239740070745 ], [ 88.405447775123392, 22.524180382491021 ], [ 88.405572987935187, 22.524772272315357 ], [ 88.405593672793842, 22.524815040303842 ], [ 88.40561115665966, 22.524831008183547 ], [ 88.405634309024961, 22.524838888246524 ], [ 88.405732363741009, 22.524843546030759 ] ] ] } },
{ "type": "Feature", "properties": { "ward": 108, "source_sheet": "108_ruby.pdf p1", "source": "KMC ward sewerage network map (ArcMap GeoPDF)", "extraction_method": "geopdf_raster_polygonised", "georef_max_residual_m": 0.1 }, "geometry": { "type": "Polygon", "coordinates": [ [ [ 88.396383961852777, 22.524760457413795 ], [ 88.39686586982161, 22.524563883180452 ], [ 88.397893810884938, 22.52398787333858 ], [ 88.39814302780735, 22.523857337159971 ], [ 88.398148537984511, 22.523835839102141 ], [ 88.398121678681406, 22.523758244043165 ], [ 88.398107109589162, 22.523744936754788 ], [ 88.398078352353608, 22.523750507341063 ], [ 88.396924268237342, 22.52438374959695 ], [ 88.396843855292744, 22.524408465793258 ], [ 88.396783299726465, 22.524406216650981 ], [ 88.396650184468484, 22.524361569273051 ], [ 88.396383961852777, 22.524760457413795 ] ] ] } },
{ "type": "Feature", "properties": { "ward": 108, "source_sheet": "108_ruby.pdf p1", "source": "KMC ward sewerage network map (ArcMap GeoPDF)", "extraction_method": "geopdf_raster_polygonised", "georef_max_residual_m": 0.1 }, "geometry": { "type": "Polygon", "coordinates": [ [ [ 88.419275195649703, 22.523779714992461 ], [ 88.419332804446128, 22.523776612541301 ], [ 88.41943620442305, 22.523746353015728 ], [ 88.4194386362676, 22.523708782987125 ], [ 88.41942595043291, 22.52361231248036 ], [ 88.419417079204024, 22.523593601038886 ], [ 88.419382301744534, 22.523577760852149 ], [ 88.419339038939313, 22.523575394076342 ], [ 88.41919836540437, 22.523622019192015 ], [ 88.419181266050728, 22.523638237726196 ], [ 88.41918165187748, 22.523670422593575 ], [ 88.419211565530119, 22.523761402880183 ], [ 88.419231900628091, 22.523774666118882 ], [ 88.419275195649703, 22.523779714992461 ] ] ] } },
{ "type": "Feature", "properties": { "ward": 108, "source_sheet": "108_ruby.pdf p1", "source": "KMC ward sewerage network map (ArcMap GeoPDF)", "extraction_method": "geopdf_raster_polygonised", "georef_max_residual_m": 0.1 }, "geometry": { "type": "Polygon", "coordinates": [ [ [ 88.39820313865917, 22.523822036442233 ], [ 88.398440890194109, 22.523696946587361 ], [ 88.398440509170456, 22.523664761424801 ], [ 88.398384860807283, 22.523590054961463 ], [ 88.398367568393198, 22.523590178825966 ], [ 88.39815569211693, 22.52370971861345 ], [ 88.398188601299779, 22.523811411259199 ], [ 88.39820313865917, 22.523822036442233 ] ] ] } },
{ "type": "Feature", "properties": { "ward": 108, "source_sheet": "108_ruby.pdf p1", "source": "KMC ward sewerage network map (ArcMap GeoPDF)", "extraction_method": "geopdf_raster_polygonised", "georef_max_residual_m": 0.1 }, "geometry": { "type": "Polygon", "coordinates": [ [ [ 88.418266468671632, 22.523545660683485 ], [ 88.418344187450543, 22.52353704744122 ], [ 88.418354815815491, 22.52346186538179 ], [ 88.41841207101271, 22.523429260459793 ], [ 88.418403103519651, 22.523402502734488 ], [ 88.418385650591802, 22.523389218381507 ], [ 88.418356155331551, 22.523333104859226 ], [ 88.41832134591121, 22.523314582359692 ], [ 88.418272383379417, 22.523317621440448 ], [ 88.418255316081044, 22.523336521953951 ], [ 88.418241355753949, 22.523374175980912 ], [ 88.418236491415101, 22.523449316037578 ], [ 88.418266468671632, 22.523545660683485 ] ] ] } },
{ "type": "Feature", "properties": { "ward": 108, "source_sheet": "108_ruby.pdf p1", "source": "KMC ward sewerage network map (ArcMap GeoPDF)", "extraction_method": "geopdf_raster_polygonised", "georef_max_residual_m": 0.1 }, "geometry": { "type": "Polygon", "coordinates": [ [ [ 88.418818481971044, 22.523670388209052 ], [ 88.41888758677878, 22.523664519805447 ], [ 88.418947884703769, 22.523645304047243 ], [ 88.418926874558153, 22.523575717245436 ], [ 88.418934299092527, 22.523473735449716 ], [ 88.41891383547933, 22.523449743878526 ], [ 88.418907621343919, 22.523412236884091 ], [ 88.418913063957845, 22.523385374134183 ], [ 88.418927249128672, 22.523366494567121 ], [ 88.418993150257549, 22.523333826411498 ], [ 88.418987128995923, 22.523312411856224 ], [ 88.418816992296016, 22.52330560530217 ], [ 88.418796978749114, 22.523319162733291 ], [ 88.418788525498272, 22.523335318198381 ], [ 88.418774726038578, 22.523386382628452 ], [ 88.418778829556217, 22.523488280387124 ], [ 88.41876771925989, 22.523523231370415 ], [ 88.41879750402947, 22.523603483460167 ], [ 88.418797954056373, 22.523641032478682 ], [ 88.418818481971044, 22.523670388209052 ] ] ] } },
{ "type": "Feature", "properties": { "ward": 108, "source_sheet": "108_ruby.pdf p1", "source": "KMC ward sewerage network map (ArcMap GeoPDF)", "extraction_method": "geopdf_raster_polygonised", "georef_max_residual_m": 0.1 }, "geometry": { "type": "Polygon", "coordinates": [ [ [ 88.406379843915957, 22.524755725175591 ], [ 88.406411546834661, 22.524755496497825 ], [ 88.406517928646863, 22.524733270567296 ], [ 88.406613037380723, 22.52473258443446 ], [ 88.406641985855146, 22.524743104851694 ], [ 88.406685217099152, 22.524742792946618 ], [ 88.406799989776374, 22.524699047756524 ], [ 88.406866086162253, 22.524682476913821 ], [ 88.406834967450038, 22.524489574644104 ], [ 88.406620138787076, 22.523391374550258 ], [ 88.406464731159218, 22.523411271826586 ], [ 88.406231986490937, 22.523471961473003 ], [ 88.406120351859954, 22.523537142142043 ], [ 88.406100432646767, 22.523558744322504 ], [ 88.406098156680542, 22.523609724774332 ], [ 88.406174642469878, 22.523982015391137 ], [ 88.406212226119251, 22.524233882208716 ], [ 88.406310259140795, 22.524721356953243 ], [ 88.40633943093421, 22.524750652036623 ], [ 88.406379843915957, 22.524755725175591 ] ] ] } },
{ "type": "Feature", "properties": { "ward": 108, "source_sheet": "108_ruby.pdf p1", "source": "KMC ward sewerage network map (ArcMap GeoPDF)", "extraction_method": "geopdf_raster_polygonised", "georef_max_residual_m": 0.1 }, "geometry": { "type": "Polygon", "coordinates": [ [ [ 88.407322572348505, 22.524773063318548 ], [ 88.40744643804905, 22.524766804462555 ], [ 88.407477630110492, 22.524723662201076 ], [ 88.407485542012651, 22.524661911801541 ], [ 88.407458166562265, 22.524541405207938 ], [ 88.407410201598879, 22.524386177135209 ], [ 88.407385548726779, 22.524252239282017 ], [ 88.407384112088508, 22.52413154540568 ], [ 88.407311111589578, 22.523810194377035 ], [ 88.407221849765861, 22.52333338627561 ], [ 88.407106471885726, 22.523326172061076 ], [ 88.407019627289202, 22.523294610998509 ], [ 88.406958944607496, 22.523281637321183 ], [ 88.406907099580934, 22.523284693753279 ], [ 88.40682409449856, 22.523333574397583 ], [ 88.406757998739096, 22.523350145193195 ], [ 88.406729369668597, 22.523366445652687 ], [ 88.406625870987426, 22.523388650879923 ], [ 88.406840731604959, 22.524489533051053 ], [ 88.406871818409044, 22.524679753232661 ], [ 88.407007180473144, 22.524670729441787 ], [ 88.40705060320505, 22.524686509958038 ], [ 88.407197748957827, 22.524698859494379 ], [ 88.407235790631887, 22.524746866599102 ], [ 88.407264866844955, 22.524768115246072 ], [ 88.407322572348505, 22.524773063318548 ] ] ] } },
{ "type": "Feature", "properties": { "ward": 108, "source_sheet": "108_ruby.pdf p1", "source": "KMC ward sewerage network map (ArcMap GeoPDF)", "extraction_method": "geopdf_raster_polygonised", "georef_max_residual_m": 0.1 }, "geometry": { "type": "Polygon", "coordinates": [ [ [ 88.419873072508821, 22.523402513077432 ], [ 88.419999850056556, 22.523398905691558 ], [ 88.419995070135997, 22.523240684508778 ], [ 88.419985780686289, 22.523187106171459 ], [ 88.419853207096608, 22.52318807352118 ], [ 88.419813115921414, 22.523209824483736 ], [ 88.419813308904324, 22.52322591691377 ], [ 88.419827976394686, 22.523247268348907 ], [ 88.419837040638782, 22.52328207219654 ], [ 88.419837941242747, 22.523357170201603 ], [ 88.419873072508821, 22.523402513077432 ] ] ] } },
{ "type": "Feature", "properties": { "ward": 108, "source_sheet": "108_ruby.pdf p1", "source": "KMC ward sewerage network map (ArcMap GeoPDF)", "extraction_method": "geopdf_raster_polygonised", "georef_max_residual_m": 0.1 }, "geometry": { "type": "Polygon", "coordinates": [ [ [ 88.403134965309718, 22.525294103358828 ], [ 88.403229947175944, 22.525282690842449 ], [ 88.403362523692607, 22.525281737080689 ], [ 88.403465928859177, 22.525251487587681 ], [ 88.403586308022867, 22.525194292693858 ], [ 88.403626529950188, 22.525183273981046 ], [ 88.403666879290128, 22.525182983619345 ], [ 88.403329832634114, 22.523256820656172 ], [ 88.402745634690447, 22.523333444756148 ], [ 88.403134965309718, 22.525294103358828 ] ] ] } },
{ "type": "Feature", "properties": { "ward": 108, "source_sheet": "108_ruby.pdf p1", "source": "KMC ward sewerage network map (ArcMap GeoPDF)", "extraction_method": "geopdf_raster_polygonised", "georef_max_residual_m": 0.1 }, "geometry": { "type": "Polygon", "coordinates": [ [ [ 88.420154965418149, 22.523354856802683 ], [ 88.420206777753634, 22.523349114044766 ], [ 88.420243246901791, 22.523265696384904 ], [ 88.420277380911429, 22.523227894963039 ], [ 88.420294576601748, 22.52321972253408 ], [ 88.420328646238801, 22.523176556960276 ], [ 88.420243973407324, 22.523085976581267 ], [ 88.420077201566485, 22.523119381383712 ], [ 88.420031217710346, 22.52313044617636 ], [ 88.420022668113845, 22.523138555484319 ], [ 88.420065332726537, 22.523331370181754 ], [ 88.420154965418149, 22.523354856802683 ] ] ] } },
{ "type": "Feature", "properties": { "ward": 108, "source_sheet": "108_ruby.pdf p1", "source": "KMC ward sewerage network map (ArcMap GeoPDF)", "extraction_method": "geopdf_raster_polygonised", "georef_max_residual_m": 0.1 }, "geometry": { "type": "Polygon", "coordinates": [ [ [ 88.403672611626476, 22.525180260048074 ], [ 88.403689904200121, 22.525180135603645 ], [ 88.40374152706967, 22.525158305538216 ], [ 88.403885599959736, 22.525154586294121 ], [ 88.403989036760507, 22.52512701856498 ], [ 88.404095674240736, 22.525126250920586 ], [ 88.40421659472311, 22.525114651096558 ], [ 88.404256720969926, 22.525095585961196 ], [ 88.404014553635477, 22.523635465294557 ], [ 88.403913774955242, 22.523158737742694 ], [ 88.403335564900516, 22.523254097099983 ], [ 88.403672611626476, 22.525180260048074 ] ] ] } },
{ "type": "Feature", "properties": { "ward": 108, "source_sheet": "108_ruby.pdf p1", "source": "KMC ward sewerage network map (ArcMap GeoPDF)", "extraction_method": "geopdf_raster_polygonised", "georef_max_residual_m": 0.1 }, "geometry": { "type": "Polygon", "coordinates": [ [ [ 88.419563234874019, 22.523042662118641 ], [ 88.419629392968616, 22.523031450292578 ], [ 88.419652063296724, 22.522999097235889 ], [ 88.419634385190264, 22.5229670385175 ], [ 88.419565184302456, 22.522964861006646 ], [ 88.419527910855123, 22.522981226730753 ], [ 88.419525350403859, 22.52300806847375 ], [ 88.419563234874019, 22.523042662118641 ] ] ] } },
{ "type": "Feature", "properties": { "ward": 108, "source_sheet": "108_ruby.pdf p1", "source": "KMC ward sewerage network map (ArcMap GeoPDF)", "extraction_method": "geopdf_raster_polygonised", "georef_max_residual_m": 0.1 }, "geometry": { "type": "Polygon", "coordinates": [ [ [ 88.41880836736695, 22.523066942835019 ], [ 88.418845833800972, 22.523066669709493 ], [ 88.418894506908927, 22.523039491803935 ], [ 88.418934726780435, 22.523028469356063 ], [ 88.41895182609359, 22.523012250849273 ], [ 88.418945194067433, 22.522939876907508 ], [ 88.418930269572442, 22.522897068799796 ], [ 88.418800835380921, 22.522919470840968 ], [ 88.418809674336259, 22.522935500251457 ], [ 88.418810027921168, 22.522965003054029 ], [ 88.418798724803253, 22.522983861601347 ], [ 88.418807885204188, 22.523026711741053 ], [ 88.418799624834548, 22.523058959643947 ], [ 88.41880836736695, 22.523066942835019 ] ] ] } },
{ "type": "Feature", "properties": { "ward": 108, "source_sheet": "108_ruby.pdf p1", "source": "KMC ward sewerage network map (ArcMap GeoPDF)", "extraction_method": "geopdf_raster_polygonised", "georef_max_residual_m": 0.1 }, "geometry": { "type": "Polygon", "coordinates": [ [ [ 88.418795007032685, 22.522914148712932 ], [ 88.418927323250159, 22.522891725665417 ], [ 88.418917134153332, 22.522763049201068 ], [ 88.418862343495221, 22.522760766326734 ], [ 88.418842072872835, 22.522752867176241 ], [ 88.41882189868474, 22.522753014242095 ], [ 88.418807584981579, 22.522761165506676 ], [ 88.418808195714135, 22.522812124894024 ], [ 88.418796924750822, 22.52283366551395 ], [ 88.418774061381427, 22.522849926021479 ], [ 88.418771372211751, 22.522866039468155 ], [ 88.418771597214416, 22.522884813979381 ], [ 88.418795007032685, 22.522914148712932 ] ] ] } },
{ "type": "Feature", "properties": { "ward": 108, "source_sheet": "108_ruby.pdf p1", "source": "KMC ward sewerage network map (ArcMap GeoPDF)", "extraction_method": "geopdf_raster_polygonised", "georef_max_residual_m": 0.1 }, "geometry": { "type": "Polygon", "coordinates": [ [ [ 88.420928352040661, 22.52295222940111 ], [ 88.420974432309407, 22.522949210569713 ], [ 88.421028804604248, 22.522916625805149 ], [ 88.421042925058046, 22.522892381927186 ], [ 88.421048141930228, 22.522846744633512 ], [ 88.421044712724367, 22.522801170487043 ], [ 88.42094591923977, 22.52273483436403 ], [ 88.420908581665742, 22.522745836255805 ], [ 88.420886104782269, 22.522794281896477 ], [ 88.420849249935927, 22.522845514833836 ], [ 88.420852679079843, 22.522891088987475 ], [ 88.420884799772409, 22.522925724397744 ], [ 88.420928352040661, 22.52295222940111 ] ] ] } },
{ "type": "Feature", "properties": { "ward": 108, "source_sheet": "108_ruby.pdf p1", "source": "KMC ward sewerage network map (ArcMap GeoPDF)", "extraction_method": "geopdf_raster_polygonised", "georef_max_residual_m": 0.1 }, "geometry": { "type": "Polygon", "coordinates": [ [ [ 88.418957525863775, 22.523006844679987 ], [ 88.419043247403039, 22.522944526627473 ], [ 88.419098038133114, 22.522946809436277 ], [ 88.419120965777225, 22.522935913029219 ], [ 88.419132236696271, 22.522914372389028 ], [ 88.419131432941256, 22.522847320574034 ], [ 88.419119133230438, 22.522783034889841 ], [ 88.419101165929234, 22.522726837450165 ], [ 88.419077627487326, 22.522686774471282 ], [ 88.419002759125718, 22.52269268495662 ], [ 88.418922833915275, 22.522757643033298 ], [ 88.418933055163052, 22.522889001569947 ], [ 88.418950958128647, 22.522939834884131 ], [ 88.418957525863775, 22.523006844679987 ] ] ] } },
{ "type": "Feature", "properties": { "ward": 108, "source_sheet": "108_ruby.pdf p1", "source": "KMC ward sewerage network map (ArcMap GeoPDF)", "extraction_method": "geopdf_raster_polygonised", "georef_max_residual_m": 0.1 }, "geometry": { "type": "Polygon", "coordinates": [ [ [ 88.420744595911003, 22.522771174463323 ], [ 88.420784944259395, 22.522770879846913 ], [ 88.420819399826968, 22.522759899028035 ], [ 88.420850490616942, 22.522708708188691 ], [ 88.420861503777786, 22.522665710876751 ], [ 88.420889680327491, 22.522611859006112 ], [ 88.420932492249278, 22.522576676391836 ], [ 88.420975690373211, 22.522573678613163 ], [ 88.42106237629676, 22.52259182165486 ], [ 88.42111425267062, 22.522591442761517 ], [ 88.421160204057159, 22.522577695602045 ], [ 88.421157032337106, 22.522553578020368 ], [ 88.42108171357016, 22.522521940479663 ], [ 88.420994480533679, 22.52245820224751 ], [ 88.420948239504654, 22.522447810723545 ], [ 88.420899245198797, 22.522448168514558 ], [ 88.420859315324535, 22.522483330073545 ], [ 88.420822685820127, 22.522553337497776 ], [ 88.42069748592516, 22.522688366961308 ], [ 88.42069223675982, 22.522731322179347 ], [ 88.420715646939229, 22.522760656614452 ], [ 88.420744595911003, 22.522771174463323 ] ] ] } },
{ "type": "Feature", "properties": { "ward": 108, "source_sheet": "108_ruby.pdf p1", "source": "KMC ward sewerage network map (ArcMap GeoPDF)", "extraction_method": "geopdf_raster_polygonised", "georef_max_residual_m": 0.1 }, "geometry": { "type": "Polygon", "coordinates": [ [ [ 88.419354579430703, 22.522467488029143 ], [ 88.41937174293551, 22.522456633627645 ], [ 88.419368539373778, 22.522429833921745 ], [ 88.419379906680021, 22.522416339484373 ], [ 88.419423136967879, 22.522416024195696 ], [ 88.419451764224959, 22.522399721562532 ], [ 88.419497876525071, 22.522399385233889 ], [ 88.419549945807148, 22.522415099281947 ], [ 88.419567205763045, 22.522412291077373 ], [ 88.41957860520597, 22.52240147869923 ], [ 88.419578315782729, 22.522377340049157 ], [ 88.419549206182921, 22.522353411619815 ], [ 88.419525603371383, 22.52230798456343 ], [ 88.419490601137511, 22.522273369875151 ], [ 88.419444295946789, 22.522257613764964 ], [ 88.419380891597143, 22.522258076189011 ], [ 88.419303237928673, 22.522272054038321 ], [ 88.419288924304212, 22.522280205342177 ], [ 88.419287328384968, 22.52238750926314 ], [ 88.419354579430703, 22.522467488029143 ] ] ] } },
{ "type": "Feature", "properties": { "ward": 108, "source_sheet": "108_ruby.pdf p1", "source": "KMC ward sewerage network map (ArcMap GeoPDF)", "extraction_method": "geopdf_raster_polygonised", "georef_max_residual_m": 0.1 }, "geometry": { "type": "Polygon", "coordinates": [ [ [ 88.398866070574712, 22.522604876698768 ], [ 88.398955096456376, 22.522577415501264 ], [ 88.399013936092373, 22.522434830649225 ], [ 88.399012570358963, 22.522319500493627 ], [ 88.398980200927511, 22.522263403655153 ], [ 88.39895400848097, 22.522242132760546 ], [ 88.398948085601276, 22.522228763582635 ], [ 88.398835844822941, 22.52224297949062 ], [ 88.398787008917054, 22.52225674103315 ], [ 88.398814789210149, 22.522412116800425 ], [ 88.398829898101624, 22.522471019676701 ], [ 88.398856566951551, 22.52253252204142 ], [ 88.398856821019123, 22.522553978815587 ], [ 88.398845515139115, 22.522572836099002 ], [ 88.398854447107269, 22.522596913015359 ], [ 88.398866070574712, 22.522604876698768 ] ] ] } },
{ "type": "Feature", "properties": { "ward": 108, "source_sheet": "108_ruby.pdf p1", "source": "KMC ward sewerage network map (ArcMap GeoPDF)", "extraction_method": "geopdf_raster_polygonised", "georef_max_residual_m": 0.1 }, "geometry": { "type": "Polygon", "coordinates": [ [ [ 88.414443365253547, 22.527545973864726 ], [ 88.414590289824417, 22.527539541911839 ], [ 88.414552112623852, 22.527239400597022 ], [ 88.414463079797912, 22.526784054711346 ], [ 88.414418914506669, 22.526465180643985 ], [ 88.414415547790298, 22.526183562551466 ], [ 88.414430082916496, 22.525952778312504 ], [ 88.414468825402693, 22.525576973489326 ], [ 88.41453097711333, 22.525230504022552 ], [ 88.414625152062314, 22.524910625009465 ], [ 88.414754809365448, 22.524665592857325 ], [ 88.414881167250769, 22.524385714554359 ], [ 88.415011845519658, 22.523985100813412 ], [ 88.415133331693625, 22.523538954506837 ], [ 88.415258404872233, 22.523151792876057 ], [ 88.415658184548889, 22.522116197514929 ], [ 88.415658120384691, 22.522110833360934 ], [ 88.415510784619414, 22.522082398992065 ], [ 88.415496438692202, 22.522087867892026 ], [ 88.415362849201259, 22.52248582082423 ], [ 88.414985256841575, 22.523448831955733 ], [ 88.414679675287275, 22.524167228970057 ], [ 88.414553733991454, 22.524481974140713 ], [ 88.414425551327696, 22.524850381714177 ], [ 88.414223722684909, 22.525809432314752 ], [ 88.414200412675882, 22.526029551036387 ], [ 88.414275959835564, 22.52632137419566 ], [ 88.414344848919782, 22.526779548868735 ], [ 88.414443365253547, 22.527545973864726 ] ] ] } },
{ "type": "Feature", "properties": { "ward": 108, "source_sheet": "108_ruby.pdf p1", "source": "KMC ward sewerage network map (ArcMap GeoPDF)", "extraction_method": "geopdf_raster_polygonised", "georef_max_residual_m": 0.1 }, "geometry": { "type": "Polygon", "coordinates": [ [ [ 88.419179954229563, 22.522326599190677 ], [ 88.419211656422959, 22.522326368020533 ], [ 88.419225970056971, 22.522318216723111 ], [ 88.419237305217749, 22.522302040222719 ], [ 88.419256707694302, 22.522237523364467 ], [ 88.41923051234356, 22.522216255928932 ], [ 88.419230190831925, 22.522189435201849 ], [ 88.419212577235811, 22.522162740569158 ], [ 88.419186478356892, 22.522149519343515 ], [ 88.419139723147424, 22.522096214121834 ], [ 88.419055598262915, 22.522051228272137 ], [ 88.419018389281007, 22.522072958016473 ], [ 88.418981501749428, 22.522121508483135 ], [ 88.418962034864137, 22.522180661168786 ], [ 88.418971002370071, 22.522207418865385 ], [ 88.419005747288637, 22.52222057709076 ], [ 88.419020446691036, 22.522244610686908 ], [ 88.419046513426466, 22.522255149866297 ], [ 88.419066912577009, 22.522273777286191 ], [ 88.419142166504216, 22.522300051655929 ], [ 88.419179954229563, 22.522326599190677 ] ] ] } },
{ "type": "Feature", "properties": { "ward": 108, "source_sheet": "108_ruby.pdf p1", "source": "KMC ward sewerage network map (ArcMap GeoPDF)", "extraction_method": "geopdf_raster_polygonised", "georef_max_residual_m": 0.1 }, "geometry": { "type": "Polygon", "coordinates": [ [ [ 88.421093501658405, 22.522063180135589 ], [ 88.421110793717133, 22.522063053839709 ], [ 88.421127957025405, 22.52205219926002 ], [ 88.421150659033586, 22.52202252808512 ], [ 88.421141819880148, 22.522006498812381 ], [ 88.421086643289598, 22.521972031835084 ], [ 88.42106640486152, 22.521966815035206 ], [ 88.421034863703412, 22.521980456919497 ], [ 88.421023625340041, 22.522004679746878 ], [ 88.421026700462107, 22.522020751122756 ], [ 88.421093501658405, 22.522063180135589 ] ] ] } },
{ "type": "Feature", "properties": { "ward": 108, "source_sheet": "108_ruby.pdf p1", "source": "KMC ward sewerage network map (ArcMap GeoPDF)", "extraction_method": "geopdf_raster_polygonised", "georef_max_residual_m": 0.1 }, "geometry": { "type": "Polygon", "coordinates": [ [ [ 88.418696793059382, 22.522174547754133 ], [ 88.41871408514956, 22.522174421714968 ], [ 88.418748347911389, 22.522147348898102 ], [ 88.418817130539054, 22.522114659830148 ], [ 88.418886170287948, 22.5221034273196 ], [ 88.418966898805678, 22.522105521101228 ], [ 88.418986719289109, 22.522075871218622 ], [ 88.418986558557734, 22.522062460853395 ], [ 88.418893112672848, 22.521961214412425 ], [ 88.418846936219495, 22.52195618641387 ], [ 88.418809630798449, 22.521969869890718 ], [ 88.418758268874072, 22.522013161202981 ], [ 88.418715167263244, 22.522024204600228 ], [ 88.418669858575811, 22.522091592533958 ], [ 88.41864696316766, 22.52210517094592 ], [ 88.418638509964367, 22.522121326402587 ], [ 88.41864449897065, 22.522140058905961 ], [ 88.418696793059382, 22.522174547754133 ] ] ] } },
{ "type": "Feature", "properties": { "ward": 108, "source_sheet": "108_ruby.pdf p1", "source": "KMC ward sewerage network map (ArcMap GeoPDF)", "extraction_method": "geopdf_raster_polygonised", "georef_max_residual_m": 0.1 }, "geometry": { "type": "Polygon", "coordinates": [ [ [ 88.413265596064051, 22.522090656561549 ], [ 88.413317408348078, 22.522084916030618 ], [ 88.413331658260901, 22.52207140108117 ], [ 88.413331401963859, 22.522049944442845 ], [ 88.413307416750285, 22.521972331407468 ], [ 88.4132815747016, 22.521980565832109 ], [ 88.413244621038189, 22.522023750926287 ], [ 88.413242091408691, 22.52205327471383 ], [ 88.413265596064051, 22.522090656561549 ] ] ] } },
{ "type": "Feature", "properties": { "ward": 108, "source_sheet": "108_ruby.pdf p1", "source": "KMC ward sewerage network map (ArcMap GeoPDF)", "extraction_method": "geopdf_raster_polygonised", "georef_max_residual_m": 0.1 }, "geometry": { "type": "Polygon", "coordinates": [ [ [ 88.413063534340594, 22.522065299267972 ], [ 88.413106732601861, 22.522062303600958 ], [ 88.413106444306891, 22.522038164880392 ], [ 88.413086013914878, 22.52201685458143 ], [ 88.413085373269112, 22.52196321297928 ], [ 88.413067953036503, 22.521952610091954 ], [ 88.413050660932697, 22.521952735523243 ], [ 88.413042207069168, 22.521968890719201 ], [ 88.413043007856004, 22.522035942723061 ], [ 88.413034650081258, 22.522060144159202 ], [ 88.413063534340594, 22.522065299267972 ] ] ] } },
{ "type": "Feature", "properties": { "ward": 108, "source_sheet": "108_ruby.pdf p1", "source": "KMC ward sewerage network map (ArcMap GeoPDF)", "extraction_method": "geopdf_raster_polygonised", "georef_max_residual_m": 0.1 }, "geometry": { "type": "Polygon", "coordinates": [ [ [ 88.420325356131329, 22.522181445422554 ], [ 88.420351294249912, 22.522181256100666 ], [ 88.420374221662257, 22.522170359525635 ], [ 88.420396859508443, 22.522135324305516 ], [ 88.420448735726509, 22.522134945635404 ], [ 88.420486394935097, 22.522150764568405 ], [ 88.420535324792127, 22.522145042766102 ], [ 88.420561037664342, 22.522126078912752 ], [ 88.420656144050184, 22.522125384574789 ], [ 88.420663502939007, 22.522018038608834 ], [ 88.420602047598209, 22.521940700403974 ], [ 88.42059887599558, 22.521916582803705 ], [ 88.420560541136794, 22.521844440398166 ], [ 88.420537324209931, 22.521831198355247 ], [ 88.420485512456949, 22.521836941190728 ], [ 88.420376671860723, 22.521894064099214 ], [ 88.420253228106205, 22.521935199679522 ], [ 88.420241957436104, 22.521956740387711 ], [ 88.420242279139771, 22.521983561103482 ], [ 88.420271710480193, 22.522034310121612 ], [ 88.420272193046074, 22.522074541194304 ], [ 88.42026390089336, 22.522104107084097 ], [ 88.420269954456614, 22.522128203658752 ], [ 88.420290514600069, 22.522160241273635 ], [ 88.420325356131329, 22.522181445422554 ] ] ] } },
{ "type": "Feature", "properties": { "ward": 108, "source_sheet": "108_ruby.pdf p1", "source": "KMC ward sewerage network map (ArcMap GeoPDF)", "extraction_method": "geopdf_raster_polygonised", "georef_max_residual_m": 0.1 }, "geometry": { "type": "Polygon", "coordinates": [ [ [ 88.419003722045474, 22.522051606491722 ], [ 88.41908685032088, 22.522013448108595 ], [ 88.419141190594317, 22.521978181901318 ], [ 88.419102952897887, 22.521914085329787 ], [ 88.41909055686466, 22.521841753412261 ], [ 88.419032530948797, 22.521809988786416 ], [ 88.418926893173733, 22.521893910463731 ], [ 88.418901340825983, 22.521926284431768 ], [ 88.418907458435484, 22.521955745217131 ], [ 88.419003722045474, 22.522051606491722 ] ] ] } },
{ "type": "Feature", "properties": { "ward": 108, "source_sheet": "108_ruby.pdf p1", "source": "KMC ward sewerage network map (ArcMap GeoPDF)", "extraction_method": "geopdf_raster_polygonised", "georef_max_residual_m": 0.1 }, "geometry": { "type": "Polygon", "coordinates": [ [ [ 88.420827970558378, 22.522032931589699 ], [ 88.420879717997735, 22.522021824499465 ], [ 88.420902548789044, 22.522002881640098 ], [ 88.420910872982375, 22.521975997795135 ], [ 88.420936521402325, 22.521951669744158 ], [ 88.421011099563913, 22.521921619747417 ], [ 88.421028166307437, 22.5219027189667 ], [ 88.421027844453249, 22.521875898260063 ], [ 88.421019101879551, 22.521867915191137 ], [ 88.420987206707466, 22.521852054287482 ], [ 88.42094682644553, 22.521849666870068 ], [ 88.420929276944548, 22.52182833658058 ], [ 88.420934011083702, 22.521742468222598 ], [ 88.420959949113652, 22.521742278806865 ], [ 88.420983262614911, 22.521763566999926 ], [ 88.421032288862975, 22.521765891266472 ], [ 88.421049773999243, 22.521781857403134 ], [ 88.421064634623292, 22.521819301151222 ], [ 88.421076162642379, 22.521819216957287 ], [ 88.421101971938114, 22.521808299235499 ], [ 88.421107381892071, 22.521778754360714 ], [ 88.421104017087529, 22.521738544350548 ], [ 88.421083585575857, 22.52171723512707 ], [ 88.420991490227294, 22.521728636939283 ], [ 88.420953444880951, 22.521680633270929 ], [ 88.420910247032779, 22.521683631029632 ], [ 88.420887319745106, 22.521694527675365 ], [ 88.420853186261098, 22.521732329205584 ], [ 88.420836473509254, 22.521780732748553 ], [ 88.420790554524785, 22.521797161875931 ], [ 88.420710598514574, 22.521859438706834 ], [ 88.420713963210744, 22.521899648730368 ], [ 88.420757740377582, 22.521944928298335 ], [ 88.420804817938333, 22.522025053730378 ], [ 88.420827970558378, 22.522032931589699 ] ] ] } },
{ "type": "Feature", "properties": { "ward": 108, "source_sheet": "108_ruby.pdf p1", "source": "KMC ward sewerage network map (ArcMap GeoPDF)", "extraction_method": "geopdf_raster_polygonised", "georef_max_residual_m": 0.1 }, "geometry": { "type": "Polygon", "coordinates": [ [ [ 88.418091582776682, 22.521698824690358 ], [ 88.418123188454175, 22.521690547519299 ], [ 88.418168914985472, 22.521658026693455 ], [ 88.418186207015211, 22.521657900714303 ], [ 88.418165069086342, 22.521577585464517 ], [ 88.418132628080912, 22.521516128712278 ], [ 88.418035154042983, 22.521559755721608 ], [ 88.418032464802863, 22.521575869161566 ], [ 88.418044571110485, 22.521624062523681 ], [ 88.418091582776682, 22.521698824690358 ] ] ] } },
{ "type": "Feature", "properties": { "ward": 108, "source_sheet": "108_ruby.pdf p1", "source": "KMC ward sewerage network map (ArcMap GeoPDF)", "extraction_method": "geopdf_raster_polygonised", "georef_max_residual_m": 0.1 }, "geometry": { "type": "Polygon", "coordinates": [ [ [ 88.418256178423988, 22.52172444863022 ], [ 88.4182792344738, 22.521724280644541 ], [ 88.418442930386391, 22.521674806322284 ], [ 88.418488496152122, 22.52162887504074 ], [ 88.418359310098324, 22.521431325607516 ], [ 88.418321972627808, 22.521442326893347 ], [ 88.418287838471002, 22.521480127913371 ], [ 88.418247715373198, 22.521499196403514 ], [ 88.418135445824831, 22.521510743568186 ], [ 88.418170833092958, 22.52157754347197 ], [ 88.418192003155482, 22.521660540794969 ], [ 88.418209295185378, 22.521660414813319 ], [ 88.418235907986272, 22.52171654939281 ], [ 88.418256178423988, 22.52172444863022 ] ] ] } },
{ "type": "Feature", "properties": { "ward": 108, "source_sheet": "108_ruby.pdf p1", "source": "KMC ward sewerage network map (ArcMap GeoPDF)", "extraction_method": "geopdf_raster_polygonised", "georef_max_residual_m": 0.1 }, "geometry": { "type": "Polygon", "coordinates": [ [ [ 88.419449927696206, 22.521525302860258 ], [ 88.419487393704387, 22.521525029606806 ], [ 88.419504589241399, 22.521516857269056 ], [ 88.419512720752422, 22.521473881046706 ], [ 88.419521270283653, 22.521465771767968 ], [ 88.419601548218708, 22.521430316234518 ], [ 88.419641060089859, 22.521360288039947 ], [ 88.419640577721509, 22.521320056952348 ], [ 88.419649030761931, 22.521303901450011 ], [ 88.419648644866257, 22.521271716579832 ], [ 88.419639805934196, 22.521255687211745 ], [ 88.419553410399658, 22.521261682001999 ], [ 88.419513223245062, 22.521275386650625 ], [ 88.419361184837271, 22.521335506242441 ], [ 88.41930690916881, 22.521376136656681 ], [ 88.419290067299031, 22.521413811775119 ], [ 88.419313637714453, 22.521456556809881 ], [ 88.419403751378098, 22.521520275014783 ], [ 88.419449927696206, 22.521525302860258 ] ] ] } },
{ "type": "Feature", "properties": { "ward": 108, "source_sheet": "108_ruby.pdf p1", "source": "KMC ward sewerage network map (ArcMap GeoPDF)", "extraction_method": "geopdf_raster_polygonised", "georef_max_residual_m": 0.1 }, "geometry": { "type": "Polygon", "coordinates": [ [ [ 88.403037037639834, 22.525300172367444 ], [ 88.403129232957127, 22.525296826911688 ], [ 88.403129073733808, 22.525283416457633 ], [ 88.402736956680741, 22.523330824830101 ], [ 88.40332976894264, 22.523251456473663 ], [ 88.403864811902892, 22.523161772452937 ], [ 88.403910829188192, 22.523153394304238 ], [ 88.403907628567438, 22.523126594140834 ], [ 88.404534641220664, 22.523014787427858 ], [ 88.404146017350968, 22.521357229380072 ], [ 88.403893037030883, 22.521412696566717 ], [ 88.402780019869539, 22.521616512050429 ], [ 88.402777424342474, 22.521640671603304 ], [ 88.402743476707911, 22.521694562099025 ], [ 88.402655120698256, 22.521778349272022 ], [ 88.402577847084302, 22.521824504234928 ], [ 88.402520270193193, 22.521830282758863 ], [ 88.402514633450423, 22.521841052562365 ], [ 88.402451483453916, 22.521862965051223 ], [ 88.402370818485778, 22.521866227150074 ], [ 88.402324610556775, 22.521858512285256 ], [ 88.402261205932263, 22.521858967957591 ], [ 88.402183518450116, 22.521870255529993 ], [ 88.402057441025661, 22.521932854882948 ], [ 88.402011869456842, 22.521978781793397 ], [ 88.401986058448045, 22.521989696531641 ], [ 88.40195470609406, 22.522019427332058 ], [ 88.401903624929417, 22.522086852374116 ], [ 88.401892733123958, 22.522140577062981 ], [ 88.401969734200009, 22.522314374760612 ], [ 88.401968252164821, 22.522432407566626 ], [ 88.401977343746438, 22.522469894748568 ], [ 88.402006736905662, 22.522517965347554 ], [ 88.402012787364498, 22.52254206276902 ], [ 88.40202882038578, 22.522678745971344 ], [ 88.402030379563655, 22.522810168526419 ], [ 88.402042703265792, 22.522877138014092 ], [ 88.402075010413313, 22.522927869976503 ], [ 88.402104976503153, 22.523024218218499 ], [ 88.402103240035714, 22.523120794268252 ], [ 88.402124400911958, 22.523203794168793 ], [ 88.402153985229177, 22.523267957282012 ], [ 88.402158490272086, 22.523404723293798 ], [ 88.402197325498719, 22.523519784017122 ], [ 88.40221595451284, 22.523632307625135 ], [ 88.402223978220576, 22.523822694759946 ], [ 88.402259454176246, 22.523897544782518 ], [ 88.402316218630318, 22.524066123017761 ], [ 88.402328478960925, 22.52412772827644 ], [ 88.402329561102391, 22.524218919408835 ], [ 88.402377743210124, 22.524392923935711 ], [ 88.402411355879508, 22.524553621566284 ], [ 88.402414333453237, 22.524561647124614 ], [ 88.402466561109904, 22.524590777213177 ], [ 88.402504488467642, 22.524872148221448 ], [ 88.402515999654895, 22.525113474310395 ], [ 88.402568896052557, 22.525198928274126 ], [ 88.402629802114802, 22.525230678222197 ], [ 88.402658909613493, 22.525254609822401 ], [ 88.402699354499461, 22.525262365976175 ], [ 88.40282898525021, 22.525256069195631 ], [ 88.402927135790705, 22.525268774952135 ], [ 88.403037037639834, 22.525300172367444 ] ] ] } },
{ "type": "Feature", "properties": { "ward": 108, "source_sheet": "108_ruby.pdf p1", "source": "KMC ward sewerage network map (ArcMap GeoPDF)", "extraction_method": "geopdf_raster_polygonised", "georef_max_residual_m": 0.1 }, "geometry": { "type": "Polygon", "coordinates": [ [ [ 88.418194136448221, 22.521357424419342 ], [ 88.418217096046433, 22.521349210223068 ], [ 88.418331508403554, 22.521275954305473 ], [ 88.418474226426511, 22.521159575117817 ], [ 88.418439321150714, 22.521133006389704 ], [ 88.418387477395967, 22.521136066467154 ], [ 88.418367592636173, 22.521160352130817 ], [ 88.41830460647266, 22.521195681069131 ], [ 88.418216132135555, 22.521268747996505 ], [ 88.418161631228955, 22.521290603520779 ], [ 88.418153306528183, 22.521317487251054 ], [ 88.418188179671574, 22.521341373966813 ], [ 88.418194136448221, 22.521357424419342 ] ] ] } },
{ "type": "Feature", "properties": { "ward": 108, "source_sheet": "108_ruby.pdf p1", "source": "KMC ward sewerage network map (ArcMap GeoPDF)", "extraction_method": "geopdf_raster_polygonised", "georef_max_residual_m": 0.1 }, "geometry": { "type": "Polygon", "coordinates": [ [ [ 88.404540373451184, 22.523012063830389 ], [ 88.404983348356041, 22.522936450715427 ], [ 88.405023473874635, 22.522917385421326 ], [ 88.405037597205762, 22.522893142804623 ], [ 88.405054761970703, 22.522882289870719 ], [ 88.405097036285596, 22.522801515742337 ], [ 88.404969532692235, 22.522016514754991 ], [ 88.404764088980201, 22.52122134558762 ], [ 88.40415174952345, 22.521354505799 ], [ 88.404540373451184, 22.523012063830389 ] ] ] } },
{ "type": "Feature", "properties": { "ward": 108, "source_sheet": "108_ruby.pdf p1", "source": "KMC ward sewerage network map (ArcMap GeoPDF)", "extraction_method": "geopdf_raster_polygonised", "georef_max_residual_m": 0.1 }, "geometry": { "type": "Polygon", "coordinates": [ [ [ 88.420921681775752, 22.521195367845095 ], [ 88.420987935407339, 22.521192201721941 ], [ 88.421001347665992, 22.52110895229039 ], [ 88.421000800541606, 22.521063357083978 ], [ 88.420966216671161, 22.521063609637441 ], [ 88.420923179925893, 22.521080017745195 ], [ 88.42088574624205, 22.521082973397711 ], [ 88.420836752416136, 22.521083331144919 ], [ 88.420799190008822, 22.521075558492637 ], [ 88.420629152610871, 22.521076799930139 ], [ 88.420606482805582, 22.521109153104046 ], [ 88.420604340867555, 22.521170861786153 ], [ 88.420627525509374, 22.521181421754445 ], [ 88.420774667998316, 22.521193759009758 ], [ 88.420921681775752, 22.521195367845095 ] ] ] } },
{ "type": "Feature", "properties": { "ward": 108, "source_sheet": "108_ruby.pdf p1", "source": "KMC ward sewerage network map (ArcMap GeoPDF)", "extraction_method": "geopdf_raster_polygonised", "georef_max_residual_m": 0.1 }, "geometry": { "type": "Polygon", "coordinates": [ [ [ 88.407617651002397, 22.522442682092485 ], [ 88.407637825240769, 22.52244253643299 ], [ 88.407657712125626, 22.522418251993312 ], [ 88.407689350636545, 22.522412658918334 ], [ 88.407665751589377, 22.522367229924274 ], [ 88.407668154698314, 22.522326977818814 ], [ 88.407699825116907, 22.522324066829199 ], [ 88.407725859188261, 22.522331925799215 ], [ 88.407737291526161, 22.522323796299204 ], [ 88.407739886191507, 22.522299636711704 ], [ 88.407718754101907, 22.522219319791198 ], [ 88.407684497519526, 22.522004981778487 ], [ 88.407635607471676, 22.52177197318143 ], [ 88.407617772601313, 22.52172650255449 ], [ 88.407581304759461, 22.521568509122801 ], [ 88.407551590703179, 22.521493618756324 ], [ 88.40751323951072, 22.521177382167021 ], [ 88.40748384481634, 22.521129312648828 ], [ 88.407467423658403, 22.520960445183881 ], [ 88.407449237819705, 22.520885471566906 ], [ 88.407440432204666, 22.520872123541725 ], [ 88.40737683664274, 22.520856488682313 ], [ 88.407273084587658, 22.520857237532748 ], [ 88.407155114016518, 22.520874182833946 ], [ 88.406916641799228, 22.52093759694106 ], [ 88.406891022878909, 22.520964604964675 ], [ 88.406891278169709, 22.520986061667092 ], [ 88.406949770042019, 22.521299470834506 ], [ 88.407016684869177, 22.521594042953431 ], [ 88.407078123215072, 22.521912795401263 ], [ 88.407171806832352, 22.522276914480692 ], [ 88.407197936627099, 22.522292819799151 ], [ 88.407333519788452, 22.522302570459161 ], [ 88.40736842339021, 22.522329141686328 ], [ 88.40738622634683, 22.522371930251069 ], [ 88.407403773929403, 22.52239326211933 ], [ 88.407429808000046, 22.522401121137367 ], [ 88.407456065543016, 22.52242775475759 ], [ 88.407487735991381, 22.522424843808352 ], [ 88.407507750602093, 22.522411287732325 ], [ 88.407550981104876, 22.522410975631757 ], [ 88.407617651002397, 22.522442682092485 ] ] ] } },
{ "type": "Feature", "properties": { "ward": 108, "source_sheet": "108_ruby.pdf p1", "source": "KMC ward sewerage network map (ArcMap GeoPDF)", "extraction_method": "geopdf_raster_polygonised", "georef_max_residual_m": 0.1 }, "geometry": { "type": "Polygon", "coordinates": [ [ [ 88.417919864683142, 22.521319187735916 ], [ 88.417977440395774, 22.521313403745562 ], [ 88.41800312136823, 22.521291758214485 ], [ 88.418069118164141, 22.521267136691904 ], [ 88.418106005818046, 22.521218586424656 ], [ 88.418160603094321, 22.521204777143002 ], [ 88.418189230271835, 22.521188474737297 ], [ 88.418228967726662, 22.521137221374158 ], [ 88.418259223771983, 22.521016297064225 ], [ 88.418258645418632, 22.520968019727288 ], [ 88.418240967911146, 22.520935960818104 ], [ 88.418159597489179, 22.520880225148016 ], [ 88.418077905861381, 22.520797668687539 ], [ 88.418022858970005, 22.52077392888928 ], [ 88.417965219232968, 22.520774348735252 ], [ 88.417885037570457, 22.520817849681542 ], [ 88.417808283917182, 22.520906924873639 ], [ 88.417753879439474, 22.520936826481424 ], [ 88.417716831125318, 22.520971966297456 ], [ 88.417702646008721, 22.520990845759144 ], [ 88.417694578191401, 22.521039186069789 ], [ 88.417654840557404, 22.521090439310278 ], [ 88.417658332818235, 22.521141377747739 ], [ 88.41768190269454, 22.521184123051153 ], [ 88.41773992806057, 22.521215888195776 ], [ 88.417751713016031, 22.521237260840895 ], [ 88.417789500193862, 22.521263808734115 ], [ 88.417804263526051, 22.521293206609617 ], [ 88.417919864683142, 22.521319187735916 ] ] ] } },
{ "type": "Feature", "properties": { "ward": 108, "source_sheet": "108_ruby.pdf p1", "source": "KMC ward sewerage network map (ArcMap GeoPDF)", "extraction_method": "geopdf_raster_polygonised", "georef_max_residual_m": 0.1 }, "geometry": { "type": "Polygon", "coordinates": [ [ [ 88.40858413633579, 22.522036036040458 ], [ 88.408607192531363, 22.522035869437282 ], [ 88.408641457358556, 22.52200879867258 ], [ 88.408681709849773, 22.522000460844893 ], [ 88.408718856676174, 22.521973369237884 ], [ 88.408753313157277, 22.521962390962699 ], [ 88.408793693424514, 22.521964781448894 ], [ 88.408825619324659, 22.521983326924467 ], [ 88.408863213427495, 22.521993784477665 ], [ 88.408906443775763, 22.521993472019744 ], [ 88.408932222223655, 22.521979874114212 ], [ 88.408955278406523, 22.521979707461657 ], [ 88.408980960987577, 22.521958063293674 ], [ 88.409031974632228, 22.521885272011954 ], [ 88.409031399462478, 22.521836994482538 ], [ 88.408949782629207, 22.521518388824614 ], [ 88.408920674934947, 22.521494458366959 ], [ 88.408897139570982, 22.521454393731588 ], [ 88.408887726722881, 22.521390086175046 ], [ 88.408875975028579, 22.521371394897209 ], [ 88.408878345835404, 22.521328460702353 ], [ 88.408857532774263, 22.521274964801815 ], [ 88.408831147410496, 22.521237603067522 ], [ 88.408818756760624, 22.521165270075272 ], [ 88.408838355718473, 22.521116846736859 ], [ 88.408843704388985, 22.521081937968432 ], [ 88.408831888831102, 22.5210578825141 ], [ 88.408831633239913, 22.521036425830285 ], [ 88.408814053682519, 22.52101241203118 ], [ 88.408801886705817, 22.520958853632994 ], [ 88.408787221113244, 22.520937501087584 ], [ 88.40879205862592, 22.520859678950522 ], [ 88.408754432892323, 22.520846539277663 ], [ 88.408728239323011, 22.520825270033018 ], [ 88.408699451277101, 22.520828160381015 ], [ 88.408679532847486, 22.520849762847401 ], [ 88.408656604630437, 22.520860657793886 ], [ 88.408593168685528, 22.520858433850925 ], [ 88.408555958231489, 22.52088016124684 ], [ 88.408455152093609, 22.520886254208364 ], [ 88.408369203105124, 22.520929792212232 ], [ 88.40828271111188, 22.520927734707996 ], [ 88.408256996658736, 22.520946696676862 ], [ 88.408269482806446, 22.521027075988673 ], [ 88.40828709421362, 22.521053771938067 ], [ 88.408302047193914, 22.521099263306901 ], [ 88.408302909541661, 22.521171679630942 ], [ 88.408291573146059, 22.521187855423928 ], [ 88.408300730189609, 22.521230706343385 ], [ 88.408301400907533, 22.521287030150141 ], [ 88.408292978451598, 22.521305867210145 ], [ 88.408347888930862, 22.521560290618883 ], [ 88.408345454079353, 22.521597860641588 ], [ 88.408366075358543, 22.521635264098901 ], [ 88.408357748715034, 22.521662147419633 ], [ 88.408361397308894, 22.521726496658527 ], [ 88.408390824377491, 22.521777248076734 ], [ 88.408414966556947, 22.521868272417681 ], [ 88.408471130456704, 22.521985888557591 ], [ 88.40852050818701, 22.522017719583527 ], [ 88.408569598432678, 22.522025411823925 ], [ 88.40858413633579, 22.522036036040458 ] ] ] } },
{ "type": "Feature", "properties": { "ward": 108, "source_sheet": "108_ruby.pdf p1", "source": "KMC ward sewerage network map (ArcMap GeoPDF)", "extraction_method": "geopdf_raster_polygonised", "georef_max_residual_m": 0.1 }, "geometry": { "type": "Polygon", "coordinates": [ [ [ 88.418622151454443, 22.520756150898833 ], [ 88.418679726890858, 22.520750366670356 ], [ 88.418722731697827, 22.520731277079719 ], [ 88.418768136374737, 22.520671935365577 ], [ 88.418776493063632, 22.520647733683305 ], [ 88.41877873224162, 22.520594071201565 ], [ 88.418769347075013, 22.520532446522214 ], [ 88.418749012510887, 22.520519183193159 ], [ 88.418711514623368, 22.520516774186952 ], [ 88.418699793869294, 22.520500765762552 ], [ 88.418699376068261, 22.520465898801618 ], [ 88.418713336023558, 22.520428244743201 ], [ 88.418712886081778, 22.520390695708226 ], [ 88.418701197477475, 22.520377369357103 ], [ 88.418675323953323, 22.520382922543774 ], [ 88.418638500985267, 22.520436837072744 ], [ 88.418610002561991, 22.520463867845283 ], [ 88.418558448285424, 22.520491066631706 ], [ 88.41848153457893, 22.520566731746197 ], [ 88.418473081438805, 22.520582887193317 ], [ 88.418473627722662, 22.52062848245383 ], [ 88.418488519659206, 22.520668608561273 ], [ 88.418514714597535, 22.520689876142441 ], [ 88.418523617634463, 22.520711269730061 ], [ 88.418570050756102, 22.520737754436006 ], [ 88.418622151454443, 22.520756150898833 ] ] ] } },
{ "type": "Feature", "properties": { "ward": 108, "source_sheet": "108_ruby.pdf p1", "source": "KMC ward sewerage network map (ArcMap GeoPDF)", "extraction_method": "geopdf_raster_polygonised", "georef_max_residual_m": 0.1 }, "geometry": { "type": "Polygon", "coordinates": [ [ [ 88.420905923630613, 22.520602693259004 ], [ 88.420969327183983, 22.520602230273248 ], [ 88.421164625880337, 22.520544475578777 ], [ 88.42122952732106, 22.520428662394188 ], [ 88.4212284329559, 22.520337471982661 ], [ 88.42065197375527, 22.520336316754086 ], [ 88.420525038177985, 22.520326514151069 ], [ 88.420467237825477, 22.520313524524003 ], [ 88.420476881100427, 22.520396605642485 ], [ 88.420491709229623, 22.520431367393535 ], [ 88.420506215633054, 22.520439308425001 ], [ 88.420569715646337, 22.520446891815574 ], [ 88.420705232911644, 22.520451267113067 ], [ 88.420800563398771, 22.520469347248856 ], [ 88.420815230719114, 22.52049069860827 ], [ 88.420821895701494, 22.520565754521439 ], [ 88.420833681056564, 22.520587126920926 ], [ 88.420851101654378, 22.520597728947653 ], [ 88.420905923630613, 22.520602693259004 ] ] ] } },
{ "type": "Feature", "properties": { "ward": 108, "source_sheet": "108_ruby.pdf p1", "source": "KMC ward sewerage network map (ArcMap GeoPDF)", "extraction_method": "geopdf_raster_polygonised", "georef_max_residual_m": 0.1 }, "geometry": { "type": "Polygon", "coordinates": [ [ [ 88.409427711854107, 22.521716107320287 ], [ 88.409496848293614, 22.521712925062111 ], [ 88.409525476680813, 22.521696624141065 ], [ 88.409542385216582, 22.521664314076979 ], [ 88.409542065582201, 22.52163749323266 ], [ 88.409561824158232, 22.521602480240539 ], [ 88.409596184578547, 22.521583455539318 ], [ 88.409616007063107, 22.521553806710177 ], [ 88.409630321234104, 22.521545656240686 ], [ 88.409673583394834, 22.521548025668213 ], [ 88.409766479130226, 22.521603682396201 ], [ 88.409853035458426, 22.521611103248297 ], [ 88.40998358933183, 22.521682581326171 ], [ 88.410061659535273, 22.521703475031348 ], [ 88.410217160475185, 22.52169162065216 ], [ 88.410317551333137, 22.521650659475938 ], [ 88.410576069059971, 22.521576365997099 ], [ 88.410607451358601, 22.521549315698032 ], [ 88.410687763866008, 22.52151654657543 ], [ 88.41083442654714, 22.52148866170171 ], [ 88.411112349870422, 22.521349851349562 ], [ 88.411158046060123, 22.521314650353364 ], [ 88.411197786246035, 22.52126339859214 ], [ 88.411243642364013, 22.521241607986639 ], [ 88.411249150407102, 22.521220109582252 ], [ 88.411150975456536, 22.520721910070293 ], [ 88.411122382129861, 22.520499485015076 ], [ 88.411061575227549, 22.520234376162275 ], [ 88.411049759376056, 22.52021032088431 ], [ 88.411009347625637, 22.520205248856403 ], [ 88.410554857663485, 22.520280961405518 ], [ 88.40992779951776, 22.520387426564586 ], [ 88.409421688036275, 22.520484967899673 ], [ 88.409417426150171, 22.520611067569302 ], [ 88.409432379438172, 22.52065655881902 ], [ 88.409436891398954, 22.520793324308343 ], [ 88.409506757059532, 22.521093238482383 ], [ 88.409528689023176, 22.521240607249783 ], [ 88.409530127345135, 22.52136130105518 ], [ 88.409533648612566, 22.521414921904352 ], [ 88.409545560212607, 22.521447023551847 ], [ 88.409546359294524, 22.521514075663962 ], [ 88.409532077084364, 22.521524908210584 ], [ 88.409506011119547, 22.521514367444979 ], [ 88.409468097491214, 22.52147708919145 ], [ 88.409409019029255, 22.521356812179537 ], [ 88.409402743645416, 22.521313940502658 ], [ 88.409422534177011, 22.521281609611531 ], [ 88.409421575360312, 22.521201147070183 ], [ 88.409385553098716, 22.521080703322582 ], [ 88.409354400060721, 22.520885119509217 ], [ 88.409345658185956, 22.520877135767499 ], [ 88.409270726197562, 22.52087767752753 ], [ 88.40918125638629, 22.520867595086141 ], [ 88.40899114026567, 22.520877016316231 ], [ 88.408953770119311, 22.520885333374263 ], [ 88.40892542937523, 22.520925772958769 ], [ 88.408943168693924, 22.520963197172421 ], [ 88.408938459069816, 22.521051747650304 ], [ 88.409003780287406, 22.521212214481789 ], [ 88.409040792818431, 22.521415802966867 ], [ 88.409041304074009, 22.521458716328443 ], [ 88.409030447046192, 22.521515123446072 ], [ 88.409039444574759, 22.521544563883722 ], [ 88.409068680115979, 22.521579222658254 ], [ 88.409080751399372, 22.521624734769258 ], [ 88.409164937009123, 22.521675090184615 ], [ 88.40921703700181, 22.521693489736219 ], [ 88.409271859232874, 22.5216984580094 ], [ 88.40929770150602, 22.521690224218894 ], [ 88.409340931751942, 22.521689911649126 ], [ 88.409398859725115, 22.521713633632654 ], [ 88.409427711854107, 22.521716107320287 ] ] ] } },
{ "type": "Feature", "properties": { "ward": 108, "source_sheet": "108_ruby.pdf p1", "source": "KMC ward sewerage network map (ArcMap GeoPDF)", "extraction_method": "geopdf_raster_polygonised", "georef_max_residual_m": 0.1 }, "geometry": { "type": "Polygon", "coordinates": [ [ [ 88.401008511903271, 22.524625392946195 ], [ 88.401169081834269, 22.524554499669208 ], [ 88.401171868502303, 22.524546432693974 ], [ 88.400797671462257, 22.523859762423111 ], [ 88.400676644948504, 22.523619222096162 ], [ 88.400424845225615, 22.523288421108884 ], [ 88.400232213509668, 22.523085946690909 ], [ 88.400065044097062, 22.522843054520091 ], [ 88.399905282054476, 22.522495498401934 ], [ 88.399789450485429, 22.522206638165436 ], [ 88.399592119035731, 22.521607212607208 ], [ 88.399516510163863, 22.521307334393544 ], [ 88.39935858519236, 22.520871247656228 ], [ 88.399222359911505, 22.520563756757888 ], [ 88.399171777734594, 22.520430003049103 ], [ 88.399190427179491, 22.520301117801772 ], [ 88.399229949350286, 22.520231094099501 ], [ 88.399157295930877, 22.520180650632486 ], [ 88.39897646847065, 22.520487731513924 ], [ 88.399073257873511, 22.520629201134714 ], [ 88.399171127391554, 22.520861861982137 ], [ 88.399473678997111, 22.521828012338222 ], [ 88.399693717141929, 22.522397769651707 ], [ 88.399895034831445, 22.522846956264175 ], [ 88.399545426138161, 22.52301844971775 ], [ 88.399069196498104, 22.523206943946747 ], [ 88.399049339707247, 22.523233909501265 ], [ 88.39841054541813, 22.523568412385629 ], [ 88.398407822105554, 22.52358184351505 ], [ 88.398454760761766, 22.523651247713236 ], [ 88.398478007839117, 22.52366717512821 ], [ 88.398498182332446, 22.52366703060504 ], [ 88.399056691995199, 22.523367973003761 ], [ 88.399664289464368, 22.523076608537725 ], [ 88.399824540639102, 22.522978895690233 ], [ 88.399956288860508, 22.522908210365816 ], [ 88.399973549397757, 22.522905404239626 ], [ 88.400272477466402, 22.523321702238061 ], [ 88.400460394551189, 22.523612727064936 ], [ 88.401008511903271, 22.524625392946195 ] ] ] } },
{ "type": "Feature", "properties": { "ward": 108, "source_sheet": "108_ruby.pdf p1", "source": "KMC ward sewerage network map (ArcMap GeoPDF)", "extraction_method": "geopdf_raster_polygonised", "georef_max_residual_m": 0.1 }, "geometry": { "type": "Polygon", "coordinates": [ [ [ 88.413906732524936, 22.520267396289125 ], [ 88.413941220161249, 22.520259099023288 ], [ 88.413949737918273, 22.520248307946812 ], [ 88.413949513592456, 22.520229533389159 ], [ 88.413916273607825, 22.520101023671593 ], [ 88.4139154724664, 22.520033971677538 ], [ 88.413897764019381, 22.519999230150219 ], [ 88.413897411522299, 22.51996972727229 ], [ 88.413877205651318, 22.519967191617962 ], [ 88.413863020087177, 22.519986070765029 ], [ 88.413875124795453, 22.520034264531521 ], [ 88.413863821201645, 22.520053122761048 ], [ 88.413817901832815, 22.520069549915306 ], [ 88.413818062051703, 22.520082960314692 ], [ 88.413827028424294, 22.520109718362612 ], [ 88.413850340605052, 22.520131007663547 ], [ 88.413859210853346, 22.520149719469632 ], [ 88.413863118265922, 22.520235525105072 ], [ 88.413877688395232, 22.52024883091428 ], [ 88.413897926353059, 22.520254048646084 ], [ 88.413906732524936, 22.520267396289125 ] ] ] } },
{ "type": "Feature", "properties": { "ward": 108, "source_sheet": "108_ruby.pdf p1", "source": "KMC ward sewerage network map (ArcMap GeoPDF)", "extraction_method": "geopdf_raster_polygonised", "georef_max_residual_m": 0.1 }, "geometry": { "type": "Polygon", "coordinates": [ [ [ 88.418883705004419, 22.520695233745155 ], [ 88.419004651900266, 22.520686305137332 ], [ 88.41901320141703, 22.520678195885782 ], [ 88.419012912113445, 22.520654057224437 ], [ 88.419032893123983, 22.52063781770952 ], [ 88.419052391947076, 22.520581347090477 ], [ 88.419080986740326, 22.520562362463487 ], [ 88.41915709641755, 22.520419645244882 ], [ 88.419201761403059, 22.520298615733289 ], [ 88.419229938188295, 22.520244764129504 ], [ 88.419243737235121, 22.520193699665807 ], [ 88.419286195247921, 22.52012901468947 ], [ 88.419302715487589, 22.520064518840265 ], [ 88.419370403841043, 22.519940639095456 ], [ 88.419361565034038, 22.519924609703498 ], [ 88.419278277313524, 22.519949357802787 ], [ 88.418789274713589, 22.520030709652236 ], [ 88.418757765872513, 22.520047033156246 ], [ 88.418875026909788, 22.520692614695701 ], [ 88.418883705004419, 22.520695233745155 ] ] ] } },
{ "type": "Feature", "properties": { "ward": 108, "source_sheet": "108_ruby.pdf p1", "source": "KMC ward sewerage network map (ArcMap GeoPDF)", "extraction_method": "geopdf_raster_polygonised", "georef_max_residual_m": 0.1 }, "geometry": { "type": "Polygon", "coordinates": [ [ [ 88.420919997369225, 22.520334359865963 ], [ 88.421228368581637, 22.520332107840762 ], [ 88.421223283069551, 22.519908340619718 ], [ 88.421148351979411, 22.519908887880948 ], [ 88.42111360747684, 22.519895730095165 ], [ 88.421056322194957, 22.519925653813136 ], [ 88.42097879876043, 22.519950360684369 ], [ 88.420880876269706, 22.519956440322375 ], [ 88.420911304961535, 22.520090333460228 ], [ 88.420919997369225, 22.520334359865963 ] ] ] } },
{ "type": "Feature", "properties": { "ward": 108, "source_sheet": "108_ruby.pdf p1", "source": "KMC ward sewerage network map (ArcMap GeoPDF)", "extraction_method": "geopdf_raster_polygonised", "georef_max_residual_m": 0.1 }, "geometry": { "type": "Polygon", "coordinates": [ [ [ 88.413736309285895, 22.519995037325675 ], [ 88.413768011020309, 22.519994807254761 ], [ 88.413796702605495, 22.519983869774258 ], [ 88.413796382173288, 22.519957048974884 ], [ 88.413767177911495, 22.519925073175418 ], [ 88.41374415415838, 22.519927922579633 ], [ 88.413715686871214, 22.519957634610751 ], [ 88.413718921305275, 22.519987116576196 ], [ 88.413736309285895, 22.519995037325675 ] ] ] } },
{ "type": "Feature", "properties": { "ward": 108, "source_sheet": "108_ruby.pdf p1", "source": "KMC ward sewerage network map (ArcMap GeoPDF)", "extraction_method": "geopdf_raster_polygonised", "georef_max_residual_m": 0.1 }, "geometry": { "type": "Polygon", "coordinates": [ [ [ 88.420905587498368, 22.520334465086339 ], [ 88.420914233420888, 22.520334401954266 ], [ 88.420905541023302, 22.52009037554771 ], [ 88.420872069471955, 22.519943093093953 ], [ 88.420845262939693, 22.519870866546501 ], [ 88.420799344574277, 22.519887295647528 ], [ 88.420511405432464, 22.519910856122131 ], [ 88.420430999926936, 22.519935583770543 ], [ 88.420402405456414, 22.519954568622676 ], [ 88.42039673803427, 22.519962656907836 ], [ 88.420397477958488, 22.520024344565059 ], [ 88.420409424053886, 22.520059127362856 ], [ 88.420438597631232, 22.520088419804296 ], [ 88.420450415055925, 22.520112474310164 ], [ 88.420451412384182, 22.52019561854015 ], [ 88.420464291506491, 22.520308181416318 ], [ 88.420527855805261, 22.520321128970341 ], [ 88.420654791377657, 22.520330931571394 ], [ 88.420905587498368, 22.520334465086339 ] ] ] } },
{ "type": "Feature", "properties": { "ward": 108, "source_sheet": "108_ruby.pdf p1", "source": "KMC ward sewerage network map (ArcMap GeoPDF)", "extraction_method": "geopdf_raster_polygonised", "georef_max_residual_m": 0.1 }, "geometry": { "type": "Polygon", "coordinates": [ [ [ 88.420877929943657, 22.519951097222467 ], [ 88.420975852430857, 22.519945017586437 ], [ 88.421053375863067, 22.519920310716731 ], [ 88.421110693327762, 22.51989306907112 ], [ 88.421090262103519, 22.519871759829797 ], [ 88.421089940265475, 22.519844939117107 ], [ 88.421081101272449, 22.519828909829325 ], [ 88.421054938319443, 22.519810324746917 ], [ 88.420997266874167, 22.519808063586432 ], [ 88.420931206985415, 22.519827322108721 ], [ 88.420899762826025, 22.51984901016014 ], [ 88.420850994689744, 22.519868142390109 ], [ 88.420877929943657, 22.519951097222467 ] ] ] } },
{ "type": "Feature", "properties": { "ward": 108, "source_sheet": "108_ruby.pdf p1", "source": "KMC ward sewerage network map (ArcMap GeoPDF)", "extraction_method": "geopdf_raster_polygonised", "georef_max_residual_m": 0.1 }, "geometry": { "type": "Polygon", "coordinates": [ [ [ 88.410841041060522, 22.520109904034175 ], [ 88.410866946909465, 22.52010703417676 ], [ 88.410878314900742, 22.520093540303485 ], [ 88.410915620719578, 22.520079858647918 ], [ 88.410921288718043, 22.520071770668142 ], [ 88.410915268854254, 22.520050355731271 ], [ 88.410903740932412, 22.520050439190111 ], [ 88.410883343159298, 22.520031810657471 ], [ 88.410863169298452, 22.520031956705768 ], [ 88.410848599465666, 22.520018650607319 ], [ 88.41085695752632, 22.519994449265539 ], [ 88.410879821439352, 22.519978189853791 ], [ 88.410864643865438, 22.519913924171306 ], [ 88.410823816391101, 22.519873985006491 ], [ 88.410846488372499, 22.519841633099119 ], [ 88.410846264469782, 22.519822858514672 ], [ 88.410820166759379, 22.519809635864998 ], [ 88.410727943538916, 22.519810303450036 ], [ 88.41069367966162, 22.519837374617577 ], [ 88.4106590319807, 22.519832260773914 ], [ 88.410647568040247, 22.51983770838094 ], [ 88.410645101833069, 22.519872596329122 ], [ 88.410622365834698, 22.519899584043202 ], [ 88.410614039718908, 22.51992646745861 ], [ 88.410620507277386, 22.519985431581752 ], [ 88.410652400946717, 22.520001294626464 ], [ 88.410681604542162, 22.520033271026822 ], [ 88.41072486623149, 22.520035640195367 ], [ 88.410754101835167, 22.520070298664738 ], [ 88.410841041060522, 22.520109904034175 ] ] ] } },
{ "type": "Feature", "properties": { "ward": 108, "source_sheet": "108_ruby.pdf p1", "source": "KMC ward sewerage network map (ArcMap GeoPDF)", "extraction_method": "geopdf_raster_polygonised", "georef_max_residual_m": 0.1 }, "geometry": { "type": "Polygon", "coordinates": [ [ [ 88.418815994700779, 22.51961475711639 ], [ 88.418844621477874, 22.519598454611831 ], [ 88.418844396497178, 22.519579680093521 ], [ 88.418826815473267, 22.519555667463418 ], [ 88.418823612116341, 22.519528867728457 ], [ 88.41879187841694, 22.51952641671523 ], [ 88.418772347469854, 22.519580205233577 ], [ 88.418815994700779, 22.51961475711639 ] ] ] } },
{ "type": "Feature", "properties": { "ward": 108, "source_sheet": "108_ruby.pdf p1", "source": "KMC ward sewerage network map (ArcMap GeoPDF)", "extraction_method": "geopdf_raster_polygonised", "georef_max_residual_m": 0.1 }, "geometry": { "type": "Polygon", "coordinates": [ [ [ 88.410137718408805, 22.51962144798873 ], [ 88.410155010243756, 22.519621322885151 ], [ 88.410166442215569, 22.519613193228619 ], [ 88.410166250379561, 22.519597100722365 ], [ 88.410139992910402, 22.519570467534482 ], [ 88.410139737133647, 22.519549010859105 ], [ 88.410148223185459, 22.519535537885581 ], [ 88.410147903463439, 22.519508717041333 ], [ 88.410159239509682, 22.519492541132383 ], [ 88.410173585413347, 22.519487072709481 ], [ 88.410166990189566, 22.51941738021619 ], [ 88.410120527010704, 22.519388210892121 ], [ 88.410100353236814, 22.519388356840064 ], [ 88.410054497514693, 22.519410147102509 ], [ 88.409973930277758, 22.519421459185367 ], [ 88.409974122090048, 22.51943755169334 ], [ 88.409982831934485, 22.519442853320449 ], [ 88.410023147530225, 22.519439879366068 ], [ 88.41004088692398, 22.519477303459979 ], [ 88.410067144356432, 22.519503936666208 ], [ 88.410076717421333, 22.519581654569414 ], [ 88.410088501077468, 22.519603027847545 ], [ 88.410117512629469, 22.519618911856135 ], [ 88.410137718408805, 22.51962144798873 ] ] ] } },
{ "type": "Feature", "properties": { "ward": 108, "source_sheet": "108_ruby.pdf p1", "source": "KMC ward sewerage network map (ArcMap GeoPDF)", "extraction_method": "geopdf_raster_polygonised", "georef_max_residual_m": 0.1 }, "geometry": { "type": "Polygon", "coordinates": [ [ [ 88.401453522358381, 22.51961698394506 ], [ 88.401761226487309, 22.51955844530486 ], [ 88.401724606895826, 22.519387039663872 ], [ 88.401419689691124, 22.519437511238184 ], [ 88.401453522358381, 22.51961698394506 ] ] ] } },
{ "type": "Feature", "properties": { "ward": 108, "source_sheet": "108_ruby.pdf p1", "source": "KMC ward sewerage network map (ArcMap GeoPDF)", "extraction_method": "geopdf_raster_polygonised", "georef_max_residual_m": 0.1 }, "geometry": { "type": "Polygon", "coordinates": [ [ [ 88.401766958639428, 22.519555721809542 ], [ 88.402057434220751, 22.519502671006265 ], [ 88.40202949203065, 22.519333885428725 ], [ 88.401730339041848, 22.519384316170129 ], [ 88.401766958639428, 22.519555721809542 ] ] ] } },
{ "type": "Feature", "properties": { "ward": 108, "source_sheet": "108_ruby.pdf p1", "source": "KMC ward sewerage network map (ArcMap GeoPDF)", "extraction_method": "geopdf_raster_polygonised", "georef_max_residual_m": 0.1 }, "geometry": { "type": "Polygon", "coordinates": [ [ [ 88.408794563953393, 22.520586064561034 ], [ 88.409243132393811, 22.520496988130756 ], [ 88.409274610606019, 22.520477984342737 ], [ 88.40929151907018, 22.520445674304884 ], [ 88.409281978310247, 22.52037063842878 ], [ 88.409098386789481, 22.519476071923922 ], [ 88.409067170744351, 22.519275123806516 ], [ 88.408557956945984, 22.519353908489016 ], [ 88.408794563953393, 22.520586064561034 ] ] ] } },
{ "type": "Feature", "properties": { "ward": 108, "source_sheet": "108_ruby.pdf p1", "source": "KMC ward sewerage network map (ArcMap GeoPDF)", "extraction_method": "geopdf_raster_polygonised", "georef_max_residual_m": 0.1 }, "geometry": { "type": "Polygon", "coordinates": [ [ [ 88.417698619638102, 22.519451229662732 ], [ 88.417713029436939, 22.519451124734083 ], [ 88.417778672124115, 22.519397000538262 ], [ 88.417778029739623, 22.519343359030454 ], [ 88.417786579253928, 22.51933524984333 ], [ 88.417835540406585, 22.519332210980668 ], [ 88.417835411925523, 22.519321482679317 ], [ 88.417815109747536, 22.519310901291966 ], [ 88.417812067191889, 22.519297511902614 ], [ 88.417814756429422, 22.51928139846288 ], [ 88.417851643689815, 22.519232848264917 ], [ 88.417851161883561, 22.519192617134571 ], [ 88.417830988203875, 22.519192764049695 ], [ 88.417822759899209, 22.519227693992633 ], [ 88.41774245057816, 22.519260466530497 ], [ 88.417725319433771, 22.519274002824091 ], [ 88.417647667201337, 22.519287979802201 ], [ 88.417644849477952, 22.519293364937845 ], [ 88.417604309391095, 22.519277566261607 ], [ 88.417578468130046, 22.51928580134004 ], [ 88.417561529655359, 22.51931543007116 ], [ 88.417561722345226, 22.519331522525146 ], [ 88.417608186939049, 22.519360689621806 ], [ 88.417640466575335, 22.519408736155867 ], [ 88.417675114317234, 22.519413848488984 ], [ 88.417684145604142, 22.519445970439136 ], [ 88.417698619638102, 22.519451229662732 ] ] ] } },
{ "type": "Feature", "properties": { "ward": 108, "source_sheet": "108_ruby.pdf p1", "source": "KMC ward sewerage network map (ArcMap GeoPDF)", "extraction_method": "geopdf_raster_polygonised", "georef_max_residual_m": 0.1 }, "geometry": { "type": "Polygon", "coordinates": [ [ [ 88.401896638593939, 22.52174088303201 ], [ 88.40248070323257, 22.521653533945646 ], [ 88.403116165809749, 22.521525578320468 ], [ 88.403901396394303, 22.521388495524032 ], [ 88.404180219225182, 22.521324795345411 ], [ 88.403754616764132, 22.519222236474572 ], [ 88.403139020796132, 22.519323228088492 ], [ 88.401485446806433, 22.519635530959565 ], [ 88.401472372700752, 22.519748282411751 ], [ 88.401478804582439, 22.519804565007412 ], [ 88.40151158784029, 22.51989552856665 ], [ 88.401518369617278, 22.519981314198024 ], [ 88.401548716255462, 22.520109847762857 ], [ 88.401566338784718, 22.520380635805065 ], [ 88.401590189980467, 22.520447522577403 ], [ 88.401610745685133, 22.520479562818579 ], [ 88.401611509096966, 22.520543933079431 ], [ 88.40165113818459, 22.520726046390539 ], [ 88.401646773807727, 22.520844099928869 ], [ 88.401710127185524, 22.52108237158318 ], [ 88.401735282888126, 22.521259224165693 ], [ 88.401789863328062, 22.521486829490446 ], [ 88.401816501430886, 22.521545649221249 ], [ 88.401822997206196, 22.521607295966813 ], [ 88.401896638593939, 22.52174088303201 ] ] ] } },
{ "type": "Feature", "properties": { "ward": 108, "source_sheet": "108_ruby.pdf p1", "source": "KMC ward sewerage network map (ArcMap GeoPDF)", "extraction_method": "geopdf_raster_polygonised", "georef_max_residual_m": 0.1 }, "geometry": { "type": "Polygon", "coordinates": [ [ [ 88.401416744104679, 22.519432167742774 ], [ 88.401721661299163, 22.519381696174552 ], [ 88.401682223458053, 22.519215675403842 ], [ 88.401388834508552, 22.519266064107097 ], [ 88.401416744104679, 22.519432167742774 ] ] ] } },
{ "type": "Feature", "properties": { "ward": 108, "source_sheet": "108_ruby.pdf p1", "source": "KMC ward sewerage network map (ArcMap GeoPDF)", "extraction_method": "geopdf_raster_polygonised", "georef_max_residual_m": 0.1 }, "geometry": { "type": "Polygon", "coordinates": [ [ [ 88.416070375906443, 22.519468442451494 ], [ 88.416081903754886, 22.519468358625186 ], [ 88.41619058400623, 22.519397828225269 ], [ 88.416262312117766, 22.519370483473452 ], [ 88.416324945046171, 22.519305652494015 ], [ 88.416324752499705, 22.519289560031126 ], [ 88.416289687646753, 22.519249580399443 ], [ 88.416231695518533, 22.519220496742363 ], [ 88.416132714281986, 22.519138064921925 ], [ 88.416086250049815, 22.519108897378715 ], [ 88.416040202945666, 22.519114596829219 ], [ 88.41602018968662, 22.519128153904706 ], [ 88.415969277014639, 22.519208993418701 ], [ 88.415975843034843, 22.519276003449434 ], [ 88.416026376421783, 22.519404386933793 ], [ 88.416070375906443, 22.519468442451494 ] ] ] } },
{ "type": "Feature", "properties": { "ward": 108, "source_sheet": "108_ruby.pdf p1", "source": "KMC ward sewerage network map (ArcMap GeoPDF)", "extraction_method": "geopdf_raster_polygonised", "georef_max_residual_m": 0.1 }, "geometry": { "type": "Polygon", "coordinates": [ [ [ 88.421066805665006, 22.519598335879532 ], [ 88.421098507210644, 22.519598104369894 ], [ 88.421135811751483, 22.519584420403032 ], [ 88.421219517285479, 22.519594538295397 ], [ 88.421212661779805, 22.519023257107989 ], [ 88.420964782176256, 22.519022384977365 ], [ 88.420947715754167, 22.519041285740087 ], [ 88.420954895574496, 22.519159254807505 ], [ 88.420984326507394, 22.519210003729992 ], [ 88.420993358532343, 22.519242125456458 ], [ 88.421001922215439, 22.519475423591949 ], [ 88.421028213824542, 22.5195047369732 ], [ 88.421042687973411, 22.519509995889162 ], [ 88.421043202892449, 22.519552909032125 ], [ 88.421066805665006, 22.519598335879532 ] ] ] } },
{ "type": "Feature", "properties": { "ward": 108, "source_sheet": "108_ruby.pdf p1", "source": "KMC ward sewerage network map (ArcMap GeoPDF)", "extraction_method": "geopdf_raster_polygonised", "georef_max_residual_m": 0.1 }, "geometry": { "type": "Polygon", "coordinates": [ [ [ 88.401727393445043, 22.519378972680915 ], [ 88.402026546423855, 22.519328541945484 ], [ 88.401998572504041, 22.519157074261159 ], [ 88.401687955598135, 22.519212951911864 ], [ 88.401727393445043, 22.519378972680915 ] ] ] } },
{ "type": "Feature", "properties": { "ward": 108, "source_sheet": "108_ruby.pdf p1", "source": "KMC ward sewerage network map (ArcMap GeoPDF)", "extraction_method": "geopdf_raster_polygonised", "georef_max_residual_m": 0.1 }, "geometry": { "type": "Polygon", "coordinates": [ [ [ 88.401385888927308, 22.519260720610756 ], [ 88.401679277867018, 22.519210331913367 ], [ 88.401639744714572, 22.519036264839805 ], [ 88.401346260714888, 22.519078607163227 ], [ 88.401385888927308, 22.519260720610756 ] ] ] } },
{ "type": "Feature", "properties": { "ward": 108, "source_sheet": "108_ruby.pdf p1", "source": "KMC ward sewerage network map (ArcMap GeoPDF)", "extraction_method": "geopdf_raster_polygonised", "georef_max_residual_m": 0.1 }, "geometry": { "type": "Polygon", "coordinates": [ [ [ 88.401685010006943, 22.5192076084215 ], [ 88.401995626902547, 22.51915173077699 ], [ 88.401967716696277, 22.51898562726846 ], [ 88.401645476848373, 22.519033541349621 ], [ 88.401685010006943, 22.5192076084215 ] ] ] } },
{ "type": "Feature", "properties": { "ward": 108, "source_sheet": "108_ruby.pdf p1", "source": "KMC ward sewerage network map (ArcMap GeoPDF)", "extraction_method": "geopdf_raster_polygonised", "georef_max_residual_m": 0.1 }, "geometry": { "type": "Polygon", "coordinates": [ [ [ 88.402727471280201, 22.519374468893904 ], [ 88.40378023602247, 22.519195228929856 ], [ 88.403701355716933, 22.518863188617416 ], [ 88.402674626541312, 22.519050287785827 ], [ 88.402727471280201, 22.519374468893904 ] ] ] } },
{ "type": "Feature", "properties": { "ward": 108, "source_sheet": "108_ruby.pdf p1", "source": "KMC ward sewerage network map (ArcMap GeoPDF)", "extraction_method": "geopdf_raster_polygonised", "georef_max_residual_m": 0.1 }, "geometry": { "type": "Polygon", "coordinates": [ [ [ 88.401343315139627, 22.519073263665707 ], [ 88.401636799129335, 22.519030921348158 ], [ 88.401600211673511, 22.518862197747843 ], [ 88.401306759822887, 22.518907222077054 ], [ 88.401343315139627, 22.519073263665707 ] ] ] } },
{ "type": "Feature", "properties": { "ward": 108, "source_sheet": "108_ruby.pdf p1", "source": "KMC ward sewerage network map (ArcMap GeoPDF)", "extraction_method": "geopdf_raster_polygonised", "georef_max_residual_m": 0.1 }, "geometry": { "type": "Polygon", "coordinates": [ [ [ 88.401642531262979, 22.519028197858091 ], [ 88.401964771099969, 22.518980283783371 ], [ 88.401936829164029, 22.518811498168038 ], [ 88.401605943801187, 22.518859474259337 ], [ 88.401642531262979, 22.519028197858091 ] ] ] } },
{ "type": "Feature", "properties": { "ward": 108, "source_sheet": "108_ruby.pdf p1", "source": "KMC ward sewerage network map (ArcMap GeoPDF)", "extraction_method": "geopdf_raster_polygonised", "georef_max_residual_m": 0.1 }, "geometry": { "type": "Polygon", "coordinates": [ [ [ 88.404446449227308, 22.51923066886263 ], [ 88.404351277796295, 22.518740489291492 ], [ 88.403707087799049, 22.518860465056182 ], [ 88.403785968116182, 22.519192505365293 ], [ 88.404275011144648, 22.519113880888046 ], [ 88.404326727290737, 22.519100097013016 ], [ 88.404364192883804, 22.519099827312282 ], [ 88.404381612137186, 22.519110431197678 ], [ 88.404446449227308, 22.51923066886263 ] ] ] } },
{ "type": "Feature", "properties": { "ward": 108, "source_sheet": "108_ruby.pdf p1", "source": "KMC ward sewerage network map (ArcMap GeoPDF)", "extraction_method": "geopdf_raster_polygonised", "georef_max_residual_m": 0.1 }, "geometry": { "type": "Polygon", "coordinates": [ [ [ 88.401617376249163, 22.518851345186999 ], [ 88.401933883572951, 22.518806154682029 ], [ 88.40190587809785, 22.51863200486514 ], [ 88.401580725265362, 22.51867725738531 ], [ 88.401617376249163, 22.518851345186999 ] ] ] } },
{ "type": "Feature", "properties": { "ward": 108, "source_sheet": "108_ruby.pdf p1", "source": "KMC ward sewerage network map (ArcMap GeoPDF)", "extraction_method": "geopdf_raster_polygonised", "georef_max_residual_m": 0.1 }, "geometry": { "type": "Polygon", "coordinates": [ [ [ 88.401303814253126, 22.51890187857844 ], [ 88.401611644122056, 22.518854068675882 ], [ 88.401550633428926, 22.518570180549339 ], [ 88.401239922192957, 22.518618010996022 ], [ 88.401303814253126, 22.51890187857844 ] ] ] } },
{ "type": "Feature", "properties": { "ward": 108, "source_sheet": "108_ruby.pdf p1", "source": "KMC ward sewerage network map (ArcMap GeoPDF)", "extraction_method": "geopdf_raster_polygonised", "georef_max_residual_m": 0.1 }, "geometry": { "type": "Polygon", "coordinates": [ [ [ 88.402671680917038, 22.519044944315169 ], [ 88.403698410058695, 22.518857845167251 ], [ 88.403619370961309, 22.518512394319 ], [ 88.402612690643949, 22.518688619469113 ], [ 88.402671680917038, 22.519044944315169 ] ] ] } },
{ "type": "Feature", "properties": { "ward": 108, "source_sheet": "108_ruby.pdf p1", "source": "KMC ward sewerage network map (ArcMap GeoPDF)", "extraction_method": "geopdf_raster_polygonised", "georef_max_residual_m": 0.1 }, "geometry": { "type": "Polygon", "coordinates": [ [ [ 88.415689084674909, 22.522048915116393 ], [ 88.415706344688502, 22.52204610732413 ], [ 88.415759434630274, 22.521906241213333 ], [ 88.415869549360323, 22.521473588652881 ], [ 88.415915302738384, 22.521202342637938 ], [ 88.415962301561891, 22.520794289724318 ], [ 88.415954670877611, 22.520397363261516 ], [ 88.415898592183254, 22.520046388317898 ], [ 88.41585878445737, 22.519850869059251 ], [ 88.41578019597614, 22.519545656968731 ], [ 88.415731229445669, 22.519307287258624 ], [ 88.415686396122638, 22.519173497609852 ], [ 88.415568102701599, 22.518922220195542 ], [ 88.415426593795232, 22.518657699827006 ], [ 88.415253063410233, 22.518366588861468 ], [ 88.415244417589435, 22.518366651683252 ], [ 88.415103875902744, 22.518424001363723 ], [ 88.415336007149193, 22.51879515601593 ], [ 88.415545661389316, 22.519214755234692 ], [ 88.415677311399079, 22.519618827285647 ], [ 88.415735822146232, 22.519932232324194 ], [ 88.415802786640114, 22.520229481994008 ], [ 88.415825147618065, 22.52065312450188 ], [ 88.415826078035806, 22.520730904742944 ], [ 88.415815352163008, 22.520798040487971 ], [ 88.415742190340566, 22.521187507414464 ], [ 88.415602998666614, 22.521598912800108 ], [ 88.415518532449425, 22.522007237982777 ], [ 88.415518660766523, 22.522017966291578 ], [ 88.415689084674909, 22.522048915116393 ] ] ] } },
{ "type": "Feature", "properties": { "ward": 108, "source_sheet": "108_ruby.pdf p1", "source": "KMC ward sewerage network map (ArcMap GeoPDF)", "extraction_method": "geopdf_raster_polygonised", "georef_max_residual_m": 0.1 }, "geometry": { "type": "Polygon", "coordinates": [ [ [ 88.40370414214064, 22.518855121606112 ], [ 88.404348332116626, 22.518735145854276 ], [ 88.404280883040883, 22.518394976605681 ], [ 88.403625103031132, 22.518509670761226 ], [ 88.40370414214064, 22.518855121606112 ] ] ] } },
{ "type": "Feature", "properties": { "ward": 108, "source_sheet": "108_ruby.pdf p1", "source": "KMC ward sewerage network map (ArcMap GeoPDF)", "extraction_method": "geopdf_raster_polygonised", "georef_max_residual_m": 0.1 }, "geometry": { "type": "Polygon", "coordinates": [ [ [ 88.402063166364186, 22.519499947500794 ], [ 88.40272173915622, 22.519377192422144 ], [ 88.402557410108813, 22.518402008296249 ], [ 88.40189003676754, 22.518511414121306 ], [ 88.402063166364186, 22.519499947500794 ] ] ] } },
{ "type": "Feature", "properties": { "ward": 108, "source_sheet": "108_ruby.pdf p1", "source": "KMC ward sewerage network map (ArcMap GeoPDF)", "extraction_method": "geopdf_raster_polygonised", "georef_max_residual_m": 0.1 }, "geometry": { "type": "Polygon", "coordinates": [ [ [ 88.402609745030489, 22.518683275996583 ], [ 88.403616425314354, 22.518507050866567 ], [ 88.403546510164873, 22.518201769140838 ], [ 88.402563142197252, 22.518399284775423 ], [ 88.402609745030489, 22.518683275996583 ] ] ] } },
{ "type": "Feature", "properties": { "ward": 108, "source_sheet": "108_ruby.pdf p1", "source": "KMC ward sewerage network map (ArcMap GeoPDF)", "extraction_method": "geopdf_raster_polygonised", "georef_max_residual_m": 0.1 }, "geometry": { "type": "Polygon", "coordinates": [ [ [ 88.41023763690275, 22.519057438768129 ], [ 88.410275006469291, 22.519049121439249 ], [ 88.410459355998441, 22.51903974053425 ], [ 88.410496693565705, 22.519028741070624 ], [ 88.410576876761539, 22.518985243730299 ], [ 88.410611332344985, 22.518974265098819 ], [ 88.410657443680577, 22.518973931360474 ], [ 88.410692347001259, 22.519000501887636 ], [ 88.410721262538218, 22.519008339539695 ], [ 88.410747168186731, 22.519005469711583 ], [ 88.41079017368402, 22.518986382208446 ], [ 88.410705193254145, 22.518627567052778 ], [ 88.410671189161988, 22.518434686447023 ], [ 88.410654380898762, 22.518233634423574 ], [ 88.410642373427208, 22.518193486591905 ], [ 88.410613202231588, 22.5181641922414 ], [ 88.410578427059065, 22.518148350020368 ], [ 88.410319020341802, 22.518147544836051 ], [ 88.410254206413015, 22.518271400319286 ], [ 88.410237682080677, 22.518335895458375 ], [ 88.410172580258731, 22.518435612151457 ], [ 88.410174114880306, 22.518564352218831 ], [ 88.41020974892426, 22.5188940192742 ], [ 88.410214133597734, 22.519020056396432 ], [ 88.41023763690275, 22.519057438768129 ] ] ] } },
{ "type": "Feature", "properties": { "ward": 108, "source_sheet": "108_ruby.pdf p1", "source": "KMC ward sewerage network map (ArcMap GeoPDF)", "extraction_method": "geopdf_raster_polygonised", "georef_max_residual_m": 0.1 }, "geometry": { "type": "Polygon", "coordinates": [ [ [ 88.401212394607441, 22.518484092438591 ], [ 88.401339010025893, 22.518467089480282 ], [ 88.40142515077585, 22.518439647754089 ], [ 88.4014623300084, 22.518415239881911 ], [ 88.401502550204242, 22.518404221782365 ], [ 88.401626569800399, 22.518411378151971 ], [ 88.40167261750878, 22.518405682806609 ], [ 88.401732852341397, 22.518381109291983 ], [ 88.401738552638534, 22.518375703704969 ], [ 88.401729397837443, 22.518332852284555 ], [ 88.401733316878634, 22.518177249388227 ], [ 88.401724289326893, 22.518145126345182 ], [ 88.401704083854995, 22.518142589137042 ], [ 88.401160285165801, 22.51822159879778 ], [ 88.401188067016506, 22.518376974136917 ], [ 88.401205931127592, 22.518425127719357 ], [ 88.401212394607441, 22.518484092438591 ] ] ] } },
{ "type": "Feature", "properties": { "ward": 108, "source_sheet": "108_ruby.pdf p1", "source": "KMC ward sewerage network map (ArcMap GeoPDF)", "extraction_method": "geopdf_raster_polygonised", "georef_max_residual_m": 0.1 }, "geometry": { "type": "Polygon", "coordinates": [ [ [ 88.410879642339239, 22.518996463813725 ], [ 88.41184894192638, 22.518828505078087 ], [ 88.412021603099134, 22.518805795511909 ], [ 88.412035916842669, 22.518797644847506 ], [ 88.41204699654557, 22.518760012159078 ], [ 88.412007130646913, 22.518559127455141 ], [ 88.411903447609419, 22.518082426712461 ], [ 88.411885803937636, 22.518053049082713 ], [ 88.41185682454315, 22.518039847466376 ], [ 88.411839532917369, 22.51803997274266 ], [ 88.410754609262725, 22.518179262671442 ], [ 88.410731681654298, 22.518190157886156 ], [ 88.410711795890847, 22.518214442659556 ], [ 88.410709297723201, 22.518246648529043 ], [ 88.410729179907364, 22.518463772187097 ], [ 88.410756972427023, 22.518619145320582 ], [ 88.410838847130876, 22.518959206718502 ], [ 88.410856458729427, 22.518985902381512 ], [ 88.410879642339239, 22.518996463813725 ] ] ] } },
{ "type": "Feature", "properties": { "ward": 108, "source_sheet": "108_ruby.pdf p1", "source": "KMC ward sewerage network map (ArcMap GeoPDF)", "extraction_method": "geopdf_raster_polygonised", "georef_max_residual_m": 0.1 }, "geometry": { "type": "Polygon", "coordinates": [ [ [ 88.403622157384035, 22.518504327308897 ], [ 88.404277937371958, 22.51838963316645 ], [ 88.40421067981832, 22.518065556408565 ], [ 88.40355224222381, 22.518199045586123 ], [ 88.403622157384035, 22.518504327308897 ] ] ] } },
{ "type": "Feature", "properties": { "ward": 108, "source_sheet": "108_ruby.pdf p1", "source": "KMC ward sewerage network map (ArcMap GeoPDF)", "extraction_method": "geopdf_raster_polygonised", "georef_max_residual_m": 0.1 }, "geometry": { "type": "Polygon", "coordinates": [ [ [ 88.402314052981239, 22.518296464281978 ], [ 88.402365800879934, 22.518285363135377 ], [ 88.40237425581951, 22.518269208441104 ], [ 88.402370228333027, 22.518172673764564 ], [ 88.402378301421336, 22.518124333941149 ], [ 88.402339786014267, 22.518036094059308 ], [ 88.402227389998131, 22.518036901678435 ], [ 88.402228185432776, 22.518103954035698 ], [ 88.402219794119276, 22.518125472911542 ], [ 88.402220271379377, 22.518165704325657 ], [ 88.402211816426998, 22.518181859012635 ], [ 88.402256063890263, 22.518267375415665 ], [ 88.402314052981239, 22.518296464281978 ] ] ] } },
{ "type": "Feature", "properties": { "ward": 108, "source_sheet": "108_ruby.pdf p1", "source": "KMC ward sewerage network map (ArcMap GeoPDF)", "extraction_method": "geopdf_raster_polygonised", "georef_max_residual_m": 0.1 }, "geometry": { "type": "Polygon", "coordinates": [ [ [ 88.412110751595108, 22.518789055610885 ], [ 88.412617142746512, 22.518715644948685 ], [ 88.413267086164453, 22.518595592135778 ], [ 88.413652658352817, 22.518541830822585 ], [ 88.413669853911415, 22.518533659106687 ], [ 88.413686857233301, 22.518509394905724 ], [ 88.413686664998849, 22.51849330242236 ], [ 88.413626109238464, 22.518008243146877 ], [ 88.413611058826248, 22.517954706085625 ], [ 88.412412174057607, 22.517963400535155 ], [ 88.412374836949724, 22.517974400422123 ], [ 88.412038066539182, 22.518011711126515 ], [ 88.411951800462575, 22.518028430082509 ], [ 88.411931850933641, 22.518047350829423 ], [ 88.411926503116845, 22.518082259667487 ], [ 88.41206998814755, 22.518754480923 ], [ 88.41209336385181, 22.518781134672128 ], [ 88.412110751595108, 22.518789055610885 ] ] ] } },
{ "type": "Feature", "properties": { "ward": 108, "source_sheet": "108_ruby.pdf p1", "source": "KMC ward sewerage network map (ArcMap GeoPDF)", "extraction_method": "geopdf_raster_polygonised", "georef_max_residual_m": 0.1 }, "geometry": { "type": "Polygon", "coordinates": [ [ [ 88.404185951395618, 22.521322071763223 ], [ 88.404815518996344, 22.521183422709697 ], [ 88.406722526486718, 22.520853163218295 ], [ 88.406826150923052, 22.520841686371121 ], [ 88.406233295621718, 22.518008068890978 ], [ 88.404423434160421, 22.518021107839871 ], [ 88.404216411857391, 22.518062832831102 ], [ 88.404458232008608, 22.519252042599703 ], [ 88.40452002794548, 22.519358890518905 ], [ 88.404534628996728, 22.519374879316995 ], [ 88.404563608059476, 22.519388082271004 ], [ 88.404624129521167, 22.519387646500824 ], [ 88.405122009771077, 22.51932504972962 ], [ 88.405145065550371, 22.519324883645183 ], [ 88.405148234401963, 22.519349001698128 ], [ 88.404604242486315, 22.519411930579416 ], [ 88.40454080717474, 22.51940970500161 ], [ 88.404508850545014, 22.519388476519669 ], [ 88.404376357964097, 22.519153386153651 ], [ 88.404361788815024, 22.519140079430059 ], [ 88.404332841681907, 22.519129558527155 ], [ 88.403760380708007, 22.519222195002939 ], [ 88.404185951395618, 22.521322071763223 ] ] ] } },
{ "type": "Feature", "properties": { "ward": 108, "source_sheet": "108_ruby.pdf p1", "source": "KMC ward sewerage network map (ArcMap GeoPDF)", "extraction_method": "geopdf_raster_polygonised", "georef_max_residual_m": 0.1 }, "geometry": { "type": "Polygon", "coordinates": [ [ [ 88.402008788478199, 22.518317433807812 ], [ 88.402031844120387, 22.51831726817769 ], [ 88.402060377342451, 22.518292922285692 ], [ 88.4020595819823, 22.518225869925054 ], [ 88.402044822261033, 22.518196470407222 ], [ 88.402020398658891, 22.518081305974185 ], [ 88.4020285354935, 22.518038330350929 ], [ 88.401867146316661, 22.518039489672773 ], [ 88.401874055396675, 22.518136003680528 ], [ 88.401892142382678, 22.518202931840211 ], [ 88.401924543724519, 22.518261710203316 ], [ 88.401968218414851, 22.518298948990982 ], [ 88.402008788478199, 22.518317433807812 ] ] ] } },
{ "type": "Feature", "properties": { "ward": 108, "source_sheet": "108_ruby.pdf p1", "source": "KMC ward sewerage network map (ArcMap GeoPDF)", "extraction_method": "geopdf_raster_polygonised", "georef_max_residual_m": 0.1 }, "geometry": { "type": "Polygon", "coordinates": [ [ [ 88.401160221571814, 22.518216234606776 ], [ 88.401447971738364, 22.518176616190075 ], [ 88.401450567468714, 22.518152456640088 ], [ 88.401434853818401, 22.518042594202527 ], [ 88.40113801291875, 22.518044725307796 ], [ 88.401160221571814, 22.518216234606776 ] ] ] } },
{ "type": "Feature", "properties": { "ward": 108, "source_sheet": "108_ruby.pdf p1", "source": "KMC ward sewerage network map (ArcMap GeoPDF)", "extraction_method": "geopdf_raster_polygonised", "georef_max_residual_m": 0.1 }, "geometry": { "type": "Polygon", "coordinates": [ [ [ 88.402987570751691, 22.518219200443887 ], [ 88.403056673933108, 22.518213338939095 ], [ 88.403105316934813, 22.518183483628807 ], [ 88.403104521074354, 22.518116431298118 ], [ 88.403077819514479, 22.518052247563926 ], [ 88.403077564844523, 22.518030790817555 ], [ 88.402867182626053, 22.51803230341449 ], [ 88.402880620220657, 22.518193146149962 ], [ 88.402958560240691, 22.518203315090791 ], [ 88.402987570751691, 22.518219200443887 ] ] ] } },
{ "type": "Feature", "properties": { "ward": 108, "source_sheet": "108_ruby.pdf p1", "source": "KMC ward sewerage network map (ArcMap GeoPDF)", "extraction_method": "geopdf_raster_polygonised", "georef_max_residual_m": 0.1 }, "geometry": { "type": "Polygon", "coordinates": [ [ [ 88.40683188301665, 22.520838962698189 ], [ 88.407485203481926, 22.520759143019035 ], [ 88.406939435544984, 22.518008340703286 ], [ 88.406936489785764, 22.518002997317257 ], [ 88.406239059509261, 22.518008027333174 ], [ 88.406242260400745, 22.518034827449792 ], [ 88.40683188301665, 22.520838962698189 ] ] ] } },
{ "type": "Feature", "properties": { "ward": 108, "source_sheet": "108_ruby.pdf p1", "source": "KMC ward sewerage network map (ArcMap GeoPDF)", "extraction_method": "geopdf_raster_polygonised", "georef_max_residual_m": 0.1 }, "geometry": { "type": "Polygon", "coordinates": [ [ [ 88.408555011094663, 22.519348565138124 ], [ 88.409064224875834, 22.519269780465809 ], [ 88.408971312213367, 22.518728623997664 ], [ 88.408973906632809, 22.518704464394222 ], [ 88.409015889938161, 22.51859955060252 ], [ 88.409014580029222, 22.518489585072551 ], [ 88.408967382592238, 22.518398727401834 ], [ 88.408866482444154, 22.518396774270876 ], [ 88.408851881027061, 22.518380785884123 ], [ 88.408842947673136, 22.518356709584982 ], [ 88.408842117093769, 22.518286975339208 ], [ 88.408836033749253, 22.518260196126782 ], [ 88.408821368461119, 22.518238843563232 ], [ 88.40881115734112, 22.518107483802591 ], [ 88.408792939306892, 22.518029828243165 ], [ 88.408795342087657, 22.51798957612041 ], [ 88.408296766359001, 22.517993178019431 ], [ 88.408555011094663, 22.519348565138124 ] ] ] } },
{ "type": "Feature", "properties": { "ward": 108, "source_sheet": "108_ruby.pdf p1", "source": "KMC ward sewerage network map (ArcMap GeoPDF)", "extraction_method": "geopdf_raster_polygonised", "georef_max_residual_m": 0.1 }, "geometry": { "type": "Polygon", "coordinates": [ [ [ 88.401456585794833, 22.518173872014557 ], [ 88.401718429999789, 22.518137121457052 ], [ 88.40170351132285, 22.518094311428968 ], [ 88.401702875177662, 22.518040669530741 ], [ 88.401440617718947, 22.518042552816425 ], [ 88.401456585794833, 22.518173872014557 ] ] ] } },
{ "type": "Feature", "properties": { "ward": 108, "source_sheet": "108_ruby.pdf p1", "source": "KMC ward sewerage network map (ArcMap GeoPDF)", "extraction_method": "geopdf_raster_polygonised", "georef_max_residual_m": 0.1 }, "geometry": { "type": "Polygon", "coordinates": [ [ [ 88.407490935557917, 22.520756419323437 ], [ 88.408414843379148, 22.52064781922596 ], [ 88.408788831912545, 22.520588788301456 ], [ 88.408291002477057, 22.517993219650858 ], [ 88.406942253671389, 22.518002955734296 ], [ 88.407490935557917, 22.520756419323437 ] ] ] } },
{ "type": "Feature", "properties": { "ward": 108, "source_sheet": "108_ruby.pdf p1", "source": "KMC ward sewerage network map (ArcMap GeoPDF)", "extraction_method": "geopdf_raster_polygonised", "georef_max_residual_m": 0.1 }, "geometry": { "type": "Polygon", "coordinates": [ [ [ 88.411945716539876, 22.518001651016924 ], [ 88.412233494057816, 22.51796469557851 ], [ 88.411904953373593, 22.517967076270008 ], [ 88.411928360910593, 22.517996412136874 ], [ 88.411945716539876, 22.518001651016924 ] ] ] } },
{ "type": "Feature", "properties": { "ward": 108, "source_sheet": "108_ruby.pdf p1", "source": "KMC ward sewerage network map (ArcMap GeoPDF)", "extraction_method": "geopdf_raster_polygonised", "georef_max_residual_m": 0.1 }, "geometry": { "type": "Polygon", "coordinates": [ [ [ 88.41108021354357, 22.5201054900988 ], [ 88.411201128785478, 22.520093885272694 ], [ 88.411287236269516, 22.5200637562384 ], [ 88.411382085642629, 22.520041610788965 ], [ 88.411534862561169, 22.520043186521548 ], [ 88.411578252256632, 22.520056283790016 ], [ 88.411609954033878, 22.520056054143314 ], [ 88.411684661487456, 22.520036736740256 ], [ 88.411831034321693, 22.519984712302985 ], [ 88.411891459838998, 22.519976227541122 ], [ 88.412047150649684, 22.519980463990599 ], [ 88.412176487507537, 22.519950021212757 ], [ 88.412230956950097, 22.519925485608745 ], [ 88.412323116159172, 22.519919452995438 ], [ 88.412357507779006, 22.51990310982319 ], [ 88.412463980788289, 22.519888926432571 ], [ 88.412633985299053, 22.519885011611859 ], [ 88.412720156344548, 22.519860245995243 ], [ 88.412763065727788, 22.519833111723536 ], [ 88.412836876186731, 22.519738695527028 ], [ 88.412896885182406, 22.519695343341667 ], [ 88.412939922584428, 22.519678937350911 ], [ 88.413055233421488, 22.51968078336408 ], [ 88.413089624888443, 22.519664440042352 ], [ 88.413158696071307, 22.519655892105259 ], [ 88.413187227487441, 22.519631544330196 ], [ 88.413215951082705, 22.519623289035003 ], [ 88.413250534708055, 22.519623038164756 ], [ 88.413311280284759, 22.519641373688351 ], [ 88.413357423823555, 22.519643721246002 ], [ 88.413371737565058, 22.519635570463201 ], [ 88.413388709029476, 22.519608624206807 ], [ 88.413426046474626, 22.519597624068375 ], [ 88.413477921898263, 22.519597247693024 ], [ 88.413506997874563, 22.519618495231605 ], [ 88.41354446346277, 22.519618223387514 ], [ 88.413587340561307, 22.519588406827026 ], [ 88.413647861880634, 22.519587967660399 ], [ 88.413713794681271, 22.519557983760432 ], [ 88.413817545485074, 22.519557230809113 ], [ 88.413840473044601, 22.519546335157418 ], [ 88.413866218478645, 22.519530054425566 ], [ 88.413886071797847, 22.519503087204882 ], [ 88.413893916583916, 22.519435972452722 ], [ 88.413870380212757, 22.519395908590404 ], [ 88.413849437427743, 22.519331685086424 ], [ 88.413847675049482, 22.519184170680187 ], [ 88.413811873931863, 22.519082502625587 ], [ 88.413812673145301, 22.518908146494152 ], [ 88.413765632700517, 22.518830700805093 ], [ 88.413753207752166, 22.518755686212163 ], [ 88.413741359546847, 22.51872894906457 ], [ 88.414081010699533, 22.518450205687589 ], [ 88.414222225922614, 22.518449180556381 ], [ 88.414253734998326, 22.518432857928442 ], [ 88.414291104103185, 22.518424539687381 ], [ 88.41436312061586, 22.518421334503611 ], [ 88.414437730584694, 22.5183939696444 ], [ 88.414541448432416, 22.518390534191557 ], [ 88.414587399216472, 22.518376788939968 ], [ 88.414604530581101, 22.518363252968886 ], [ 88.414699634631461, 22.51836256228183 ], [ 88.414722593981566, 22.518354348595974 ], [ 88.414753974734055, 22.518327297556635 ], [ 88.414788012993498, 22.51828145102424 ], [ 88.414784201317246, 22.51820369165566 ], [ 88.414588034131498, 22.51794761434693 ], [ 88.413636996229599, 22.517954517885943 ], [ 88.413652014613902, 22.518005372863495 ], [ 88.41371241026458, 22.518477021722152 ], [ 88.413710137071064, 22.518528002165432 ], [ 88.413684551991466, 22.518557693268406 ], [ 88.413255878683785, 22.518622496567197 ], [ 88.412623194817684, 22.518739741896603 ], [ 88.412134063293948, 22.518810345188687 ], [ 88.412111135704194, 22.518821240598871 ], [ 88.412094100053423, 22.518842822566196 ], [ 88.41209150617847, 22.518866982191856 ], [ 88.412166178891653, 22.5193277990799 ], [ 88.412184142911613, 22.519383997483615 ], [ 88.412269607896008, 22.519783042833456 ], [ 88.412269799977068, 22.51979913532433 ], [ 88.412261186069614, 22.519801880072311 ], [ 88.412243862214524, 22.519799323321404 ], [ 88.412182925536996, 22.519523486636011 ], [ 88.41214315519035, 22.519330648251881 ], [ 88.41206838652576, 22.518861785102391 ], [ 88.41205368868124, 22.518837750781255 ], [ 88.41203630093456, 22.518829829836534 ], [ 88.412001717488891, 22.518830080435858 ], [ 88.411889513315742, 22.51884698732789 ], [ 88.410877048250626, 22.519020623430347 ], [ 88.410862798381388, 22.519034138163597 ], [ 88.410860172304211, 22.519055615696281 ], [ 88.410939773370743, 22.51944665744913 ], [ 88.410953156530184, 22.51960213483148 ], [ 88.410970992156464, 22.519647605058466 ], [ 88.41108021354357, 22.5201054900988 ] ] ] } },
{ "type": "Feature", "properties": { "ward": 108, "source_sheet": "108_ruby.pdf p1", "source": "KMC ward sewerage network map (ArcMap GeoPDF)", "extraction_method": "geopdf_raster_polygonised", "georef_max_residual_m": 0.1 }, "geometry": { "type": "Polygon", "coordinates": [ [ [ 88.40258780681512, 22.518291814600314 ], [ 88.402717208299777, 22.51826674357995 ], [ 88.402748559682209, 22.518237012669019 ], [ 88.402754100793345, 22.518218196580165 ], [ 88.402750645943328, 22.518169939611575 ], [ 88.402700029615715, 22.51803350500796 ], [ 88.40249829320642, 22.518034954975967 ], [ 88.402561805580163, 22.518286636835651 ], [ 88.40258780681512, 22.518291814600314 ] ] ] } },
{ "type": "Feature", "properties": { "ward": 108, "source_sheet": "108_ruby.pdf p1", "source": "KMC ward sewerage network map (ArcMap GeoPDF)", "extraction_method": "geopdf_raster_polygonised", "georef_max_residual_m": 0.1 }, "geometry": { "type": "Polygon", "coordinates": [ [ [ 88.403272310908761, 22.518168871140318 ], [ 88.403352941847913, 22.518162926605708 ], [ 88.403499316318189, 22.51811090967583 ], [ 88.403565441932727, 22.518097022408206 ], [ 88.403556000010909, 22.51803003228347 ], [ 88.403230308085995, 22.518029692458569 ], [ 88.40325185071849, 22.51814487738373 ], [ 88.403272310908761, 22.518168871140318 ] ] ] } },
{ "type": "Feature", "properties": { "ward": 108, "source_sheet": "108_ruby.pdf p1", "source": "KMC ward sewerage network map (ArcMap GeoPDF)", "extraction_method": "geopdf_raster_polygonised", "georef_max_residual_m": 0.1 }, "geometry": { "type": "Polygon", "coordinates": [ [ [ 88.403571173987061, 22.518094298853029 ], [ 88.403715048498313, 22.518074487576378 ], [ 88.403752290896918, 22.518055443384615 ], [ 88.403766541400401, 22.518041929249115 ], [ 88.40376635031825, 22.518025836694203 ], [ 88.40355885011536, 22.518027329459755 ], [ 88.403571173987061, 22.518094298853029 ] ] ] } },
{ "type": "Feature", "properties": { "ward": 108, "source_sheet": "108_ruby.pdf p1", "source": "KMC ward sewerage network map (ArcMap GeoPDF)", "extraction_method": "geopdf_raster_polygonised", "georef_max_residual_m": 0.1 }, "geometry": { "type": "Polygon", "coordinates": [ [ [ 88.410751407501081, 22.518152462689752 ], [ 88.410834951813399, 22.518149175647789 ], [ 88.411839276895122, 22.518018516079344 ], [ 88.411870722177184, 22.517996829741957 ], [ 88.4118761340129, 22.517967285070622 ], [ 88.410556206871405, 22.51797684261313 ], [ 88.410585953628598, 22.518054414496532 ], [ 88.410609392893377, 22.518086432652812 ], [ 88.410653101694294, 22.518126351052633 ], [ 88.410722556106521, 22.518149989201667 ], [ 88.410751407501081, 22.518152462689752 ] ] ] } },
{ "type": "Feature", "properties": { "ward": 108, "source_sheet": "108_ruby.pdf p1", "source": "KMC ward sewerage network map (ArcMap GeoPDF)", "extraction_method": "geopdf_raster_polygonised", "georef_max_residual_m": 0.1 }, "geometry": { "type": "Polygon", "coordinates": [ [ [ 88.41509209160759, 22.51840262848425 ], [ 88.415238429227131, 22.518347919012864 ], [ 88.414954039512764, 22.517944956034139 ], [ 88.4147782416604, 22.517946232965329 ], [ 88.415039222650577, 22.518319860907972 ], [ 88.41509209160759, 22.51840262848425 ] ] ] } }
]
}
