{
"type": "FeatureCollection",
"name": "ward108_p2_water_bodies",
"crs": { "type": "name", "properties": { "name": "urn:ogc:def:crs:OGC:1.3:CRS84" } },
"features": [
{ "type": "Feature", "properties": { "ward": 108, "source_sheet": "108_ruby.pdf p2", "source": "KMC ward sewerage network map (ArcMap GeoPDF)", "extraction_method": "geopdf_raster_polygonised", "georef_max_residual_m": 2.8 }, "geometry": { "type": "Polygon", "coordinates": [ [ [ 88.401381831243825, 22.519160629987869 ], [ 88.401682546500766, 22.51915789047839 ], [ 88.401682459967972, 22.519148701395423 ], [ 88.401667064973751, 22.519084512557008 ], [ 88.401654740585286, 22.519084624841504 ], [ 88.401374133812496, 22.519128535551161 ], [ 88.401381831243825, 22.519160629987869 ] ] ] } },
{ "type": "Feature", "properties": { "ward": 108, "source_sheet": "108_ruby.pdf p2", "source": "KMC ward sewerage network map (ArcMap GeoPDF)", "extraction_method": "geopdf_raster_polygonised", "georef_max_residual_m": 2.8 }, "geometry": { "type": "Polygon", "coordinates": [ [ [ 88.401687476258687, 22.519157845563718 ], [ 88.40201530513427, 22.51915485839978 ], [ 88.401994460914281, 22.519035580034142 ], [ 88.401671973096171, 22.51908217037218 ], [ 88.401687476258687, 22.519157845563718 ] ] ] } },
{ "type": "Feature", "properties": { "ward": 108, "source_sheet": "108_ruby.pdf p2", "source": "KMC ward sewerage network map (ArcMap GeoPDF)", "extraction_method": "geopdf_raster_polygonised", "georef_max_residual_m": 2.8 }, "geometry": { "type": "Polygon", "coordinates": [ [ [ 88.410869129381922, 22.519073930227361 ], [ 88.412096633102351, 22.519062671825843 ], [ 88.412096393245008, 22.519037401959633 ], [ 88.412067797006074, 22.518881437017871 ], [ 88.412045438805904, 22.518863262475161 ], [ 88.412005979199307, 22.51886132706014 ], [ 88.410893560204983, 22.519050731629612 ], [ 88.410873950192112, 22.519062398722788 ], [ 88.410869129381922, 22.519073930227361 ] ] ] } },
{ "type": "Feature", "properties": { "ward": 108, "source_sheet": "108_ruby.pdf p2", "source": "KMC ward sewerage network map (ArcMap GeoPDF)", "extraction_method": "geopdf_raster_polygonised", "georef_max_residual_m": 2.8 }, "geometry": { "type": "Polygon", "coordinates": [ [ [ 88.402705471013263, 22.519148567453165 ], [ 88.403777692533268, 22.519138788153779 ], [ 88.403777584194259, 22.519127301810276 ], [ 88.40372629331992, 22.518916402861684 ], [ 88.403723763447417, 22.518909533543589 ], [ 88.403713903957822, 22.518909623496555 ], [ 88.402707459588598, 22.519098005045731 ], [ 88.402697621731235, 22.519100392206919 ], [ 88.402705471013263, 22.519148567453165 ] ] ] } },
{ "type": "Feature", "properties": { "ward": 108, "source_sheet": "108_ruby.pdf p2", "source": "KMC ward sewerage network map (ArcMap GeoPDF)", "extraction_method": "geopdf_raster_polygonised", "georef_max_residual_m": 2.8 }, "geometry": { "type": "Polygon", "coordinates": [ [ [ 88.401371625677669, 22.519123963461585 ], [ 88.401664556830426, 22.519079940472423 ], [ 88.401628469397522, 22.518912554094889 ], [ 88.401335560206533, 22.518958874273007 ], [ 88.401371625677669, 22.519123963461585 ] ] ] } },
{ "type": "Feature", "properties": { "ward": 108, "source_sheet": "108_ruby.pdf p2", "source": "KMC ward sewerage network map (ArcMap GeoPDF)", "extraction_method": "geopdf_raster_polygonised", "georef_max_residual_m": 2.8 }, "geometry": { "type": "Polygon", "coordinates": [ [ [ 88.401669464952732, 22.519077598287677 ], [ 88.401991952761463, 22.519031007955135 ], [ 88.401963237937466, 22.5188612570151 ], [ 88.40163337751477, 22.518910211911457 ], [ 88.401669464952732, 22.519077598287677 ] ] ] } },
{ "type": "Feature", "properties": { "ward": 108, "source_sheet": "108_ruby.pdf p2", "source": "KMC ward sewerage network map (ArcMap GeoPDF)", "extraction_method": "geopdf_raster_polygonised", "georef_max_residual_m": 2.8 }, "geometry": { "type": "Polygon", "coordinates": [ [ [ 88.403782622286059, 22.519138743174999 ], [ 88.404440744175076, 22.51913273715423 ], [ 88.404370919239582, 22.51878645713359 ], [ 88.403728671525457, 22.518907191298066 ], [ 88.403782622286059, 22.519138743174999 ] ] ] } },
{ "type": "Feature", "properties": { "ward": 108, "source_sheet": "108_ruby.pdf p2", "source": "KMC ward sewerage network map (ArcMap GeoPDF)", "extraction_method": "geopdf_raster_polygonised", "georef_max_residual_m": 2.8 }, "geometry": { "type": "Polygon", "coordinates": [ [ [ 88.401645636990963, 22.518903207816845 ], [ 88.401960729789124, 22.518856684935304 ], [ 88.401931950141176, 22.518680042170459 ], [ 88.40160948474454, 22.518728929615207 ], [ 88.401645636990963, 22.518903207816845 ] ] ] } },
{ "type": "Feature", "properties": { "ward": 108, "source_sheet": "108_ruby.pdf p2", "source": "KMC ward sewerage network map (ArcMap GeoPDF)", "extraction_method": "geopdf_raster_polygonised", "georef_max_residual_m": 2.8 }, "geometry": { "type": "Polygon", "coordinates": [ [ [ 88.401333052076325, 22.518954302182514 ], [ 88.401640728874185, 22.518905550000628 ], [ 88.401578868001451, 22.518618930075046 ], [ 88.401266283688102, 22.518670024281469 ], [ 88.401333052076325, 22.518954302182514 ] ] ] } },
{ "type": "Feature", "properties": { "ward": 108, "source_sheet": "108_ruby.pdf p2", "source": "KMC ward sewerage network map (ArcMap GeoPDF)", "extraction_method": "geopdf_raster_polygonised", "georef_max_residual_m": 2.8 }, "geometry": { "type": "Polygon", "coordinates": [ [ [ 88.402695113554614, 22.519095820140144 ], [ 88.403721255241791, 22.51890496149425 ], [ 88.403644037630613, 22.518558748515169 ], [ 88.402637509060739, 22.518737940430981 ], [ 88.402695113554614, 22.519095820140144 ] ] ] } },
{ "type": "Feature", "properties": { "ward": 108, "source_sheet": "108_ruby.pdf p2", "source": "KMC ward sewerage network map (ArcMap GeoPDF)", "extraction_method": "geopdf_raster_polygonised", "georef_max_residual_m": 2.8 }, "geometry": { "type": "Polygon", "coordinates": [ [ [ 88.415438988800105, 22.519031969017714 ], [ 88.415601669686495, 22.51903047286368 ], [ 88.41560162596025, 22.519025878349442 ], [ 88.415370639864037, 22.518584593172257 ], [ 88.415252955747491, 22.518392688807175 ], [ 88.415245561194823, 22.518392756799994 ], [ 88.415103124338671, 22.518449205447766 ], [ 88.415335940319125, 22.51882384793986 ], [ 88.415438988800105, 22.519031969017714 ] ] ] } },
{ "type": "Feature", "properties": { "ward": 108, "source_sheet": "108_ruby.pdf p2", "source": "KMC ward sewerage network map (ArcMap GeoPDF)", "extraction_method": "geopdf_raster_polygonised", "georef_max_residual_m": 2.8 }, "geometry": { "type": "Polygon", "coordinates": [ [ [ 88.403726163319718, 22.518902619248809 ], [ 88.404368411015724, 22.518781885095244 ], [ 88.404303581240598, 22.5184424518221 ], [ 88.403648945698095, 22.518556406272548 ], [ 88.403726163319718, 22.518902619248809 ] ] ] } },
{ "type": "Feature", "properties": { "ward": 108, "source_sheet": "108_ruby.pdf p2", "source": "KMC ward sewerage network map (ArcMap GeoPDF)", "extraction_method": "geopdf_raster_polygonised", "georef_max_residual_m": 2.8 }, "geometry": { "type": "Polygon", "coordinates": [ [ [ 88.402020234891381, 22.519154813474923 ], [ 88.402700541257829, 22.519148612398975 ], [ 88.402585505711002, 22.518451231102059 ], [ 88.401916035823689, 22.518560718859348 ], [ 88.402020234891381, 22.519154813474923 ] ] ] } },
{ "type": "Feature", "properties": { "ward": 108, "source_sheet": "108_ruby.pdf p2", "source": "KMC ward sewerage network map (ArcMap GeoPDF)", "extraction_method": "geopdf_raster_polygonised", "georef_max_residual_m": 2.8 }, "geometry": { "type": "Polygon", "coordinates": [ [ [ 88.402635000893284, 22.518733368362632 ], [ 88.403641529434552, 22.51855417646394 ], [ 88.403572096787585, 22.51824924680087 ], [ 88.402590413794556, 22.518448888890962 ], [ 88.402635000893284, 22.518733368362632 ] ] ] } },
{ "type": "Feature", "properties": { "ward": 108, "source_sheet": "108_ruby.pdf p2", "source": "KMC ward sewerage network map (ArcMap GeoPDF)", "extraction_method": "geopdf_raster_polygonised", "georef_max_residual_m": 2.8 }, "geometry": { "type": "Polygon", "coordinates": [ [ [ 88.410233193422741, 22.519079759215575 ], [ 88.410467312355252, 22.519073018650364 ], [ 88.410504198260469, 22.519063490722257 ], [ 88.410619524308231, 22.519007294556516 ], [ 88.410663891909266, 22.51900688785911 ], [ 88.410698661427602, 22.519034138673828 ], [ 88.410728305180854, 22.519040759314489 ], [ 88.410755418720186, 22.519040510759986 ], [ 88.410797147192355, 22.519021748526544 ], [ 88.410712386791886, 22.518661824065539 ], [ 88.410680978837902, 22.51846912518781 ], [ 88.410659234376496, 22.518255660559877 ], [ 88.410651578451393, 22.518228161194795 ], [ 88.410631641827564, 22.518205369321123 ], [ 88.41058949976167, 22.518180483518623 ], [ 88.410328225419633, 22.518182878138493 ], [ 88.410262850197384, 22.518307540201359 ], [ 88.410246205881066, 22.518372021667911 ], [ 88.410180591002373, 22.518471413814257 ], [ 88.410181788515615, 22.518597763256935 ], [ 88.41021661873728, 22.518891519224312 ], [ 88.410223094431956, 22.51905457968132 ], [ 88.410233193422741, 22.519079759215575 ] ] ] } },
{ "type": "Feature", "properties": { "ward": 108, "source_sheet": "108_ruby.pdf p2", "source": "KMC ward sewerage network map (ArcMap GeoPDF)", "extraction_method": "geopdf_raster_polygonised", "georef_max_residual_m": 2.8 }, "geometry": { "type": "Polygon", "coordinates": [ [ [ 88.401242845582715, 22.5185369845974 ], [ 88.401368402477516, 22.518519758699458 ], [ 88.401530499749967, 22.518456250471957 ], [ 88.401599516016105, 22.518455621735747 ], [ 88.401619321474314, 22.518464631175398 ], [ 88.401656294475131, 22.518464294335594 ], [ 88.4016710187786, 22.518457267784449 ], [ 88.401703062043609, 22.51845697584691 ], [ 88.401764445734401, 22.518431144431165 ], [ 88.401769159128378, 22.518408126806655 ], [ 88.401759083329949, 22.51838524392932 ], [ 88.401758802093497, 22.518355379407758 ], [ 88.401765850548998, 22.518318555700105 ], [ 88.401765093373783, 22.518238151218288 ], [ 88.401752336395035, 22.518192318087682 ], [ 88.401191061425067, 22.518273247375266 ], [ 88.401242845582715, 22.5185369845974 ] ] ] } },
{ "type": "Feature", "properties": { "ward": 108, "source_sheet": "108_ruby.pdf p2", "source": "KMC ward sewerage network map (ArcMap GeoPDF)", "extraction_method": "geopdf_raster_polygonised", "georef_max_residual_m": 2.8 }, "geometry": { "type": "Polygon", "coordinates": [ [ [ 88.410885947751353, 22.519027826806443 ], [ 88.412035274099594, 22.51883119128793 ], [ 88.412052288287867, 22.518805763111285 ], [ 88.412046944286814, 22.518762160389542 ], [ 88.411910158636658, 22.518115531383675 ], [ 88.411892621279776, 22.518085825279645 ], [ 88.411862912289521, 22.518072313061857 ], [ 88.411825939556607, 22.518072652239802 ], [ 88.410764830988072, 22.518213338269934 ], [ 88.410737826519252, 22.518225073128466 ], [ 88.410715947784922, 22.518257438152638 ], [ 88.410737953718808, 22.518498469913116 ], [ 88.410846226683077, 22.518998323967086 ], [ 88.410863676810536, 22.519018841140308 ], [ 88.410885947751353, 22.519027826806443 ] ] ] } },
{ "type": "Feature", "properties": { "ward": 108, "source_sheet": "108_ruby.pdf p2", "source": "KMC ward sewerage network map (ArcMap GeoPDF)", "extraction_method": "geopdf_raster_polygonised", "georef_max_residual_m": 2.8 }, "geometry": { "type": "Polygon", "coordinates": [ [ [ 88.403646437501919, 22.518551834221391 ], [ 88.404301073025778, 22.518437879782077 ], [ 88.404236373669093, 22.518112230062435 ], [ 88.403577004845786, 22.518246904560844 ], [ 88.403646437501919, 22.518551834221391 ] ] ] } },
{ "type": "Feature", "properties": { "ward": 108, "source_sheet": "108_ruby.pdf p2", "source": "KMC ward sewerage network map (ArcMap GeoPDF)", "extraction_method": "geopdf_raster_polygonised", "georef_max_residual_m": 2.8 }, "geometry": { "type": "Polygon", "coordinates": [ [ [ 88.402034996744987, 22.518366647528044 ], [ 88.402059645390466, 22.518366422906372 ], [ 88.402086542510432, 22.518343203112448 ], [ 88.402088855901596, 22.518327099755645 ], [ 88.402088379844812, 22.518276559802732 ], [ 88.40206055228488, 22.518200996959468 ], [ 88.402050043693677, 22.518132168688169 ], [ 88.402061827038523, 22.518074624610989 ], [ 88.40206128608331, 22.518017192843839 ], [ 88.402028939997948, 22.517985323057285 ], [ 88.402001696739021, 22.517971786507385 ], [ 88.401979513020521, 22.517971988655873 ], [ 88.401952464495452, 22.517979127534542 ], [ 88.401920724245556, 22.518011581307842 ], [ 88.40189410841792, 22.51806466559416 ], [ 88.401902649686107, 22.518186353568751 ], [ 88.401920531162574, 22.518252817201759 ], [ 88.401953136930643, 22.518312254255804 ], [ 88.401995407449277, 22.518350926020243 ], [ 88.402034996744987, 22.518366647528044 ] ] ] } },
{ "type": "Feature", "properties": { "ward": 108, "source_sheet": "108_ruby.pdf p2", "source": "KMC ward sewerage network map (ArcMap GeoPDF)", "extraction_method": "geopdf_raster_polygonised", "georef_max_residual_m": 2.8 }, "geometry": { "type": "Polygon", "coordinates": [ [ [ 88.401188553313204, 22.518268675281274 ], [ 88.401481504384947, 22.518226949980843 ], [ 88.401451990163579, 22.517972199855368 ], [ 88.401168834179188, 22.518006943468446 ], [ 88.401159147728791, 22.518025411434337 ], [ 88.401159450454855, 22.518057573236291 ], [ 88.401180207272873, 22.518167662682036 ], [ 88.401188553313204, 22.518268675281274 ] ] ] } },
{ "type": "Feature", "properties": { "ward": 108, "source_sheet": "108_ruby.pdf p2", "source": "KMC ward sewerage network map (ArcMap GeoPDF)", "extraction_method": "geopdf_raster_polygonised", "georef_max_residual_m": 2.8 }, "geometry": { "type": "Polygon", "coordinates": [ [ [ 88.402340488425438, 22.518347781060541 ], [ 88.402392142346713, 22.518335822901442 ], [ 88.402401828648024, 22.518317354869286 ], [ 88.402398476379162, 22.518223189254819 ], [ 88.402407881299354, 22.518174856708484 ], [ 88.402360074998541, 22.518071906417696 ], [ 88.402352139346249, 22.518014542057522 ], [ 88.402332052557668, 22.517975668191024 ], [ 88.40230467942142, 22.517948348070981 ], [ 88.402272636281992, 22.517948640122285 ], [ 88.402257912064599, 22.5179556667246 ], [ 88.402257178521907, 22.518139470829226 ], [ 88.402240790152604, 22.518231518903384 ], [ 88.402283515206193, 22.518318433268192 ], [ 88.402340488425438, 22.518347781060541 ] ] ] } },
{ "type": "Feature", "properties": { "ward": 108, "source_sheet": "108_ruby.pdf p2", "source": "KMC ward sewerage network map (ArcMap GeoPDF)", "extraction_method": "geopdf_raster_polygonised", "georef_max_residual_m": 2.8 }, "geometry": { "type": "Polygon", "coordinates": [ [ [ 88.40148641248139, 22.518224607802811 ], [ 88.40174982826683, 22.51818774600326 ], [ 88.401734649703585, 22.518146529869828 ], [ 88.401731881982599, 22.518114390533221 ], [ 88.401741265498941, 22.518063760742777 ], [ 88.401740616512228, 22.517994842612659 ], [ 88.401708054179522, 22.517940000046984 ], [ 88.401456898251809, 22.51796985767859 ], [ 88.40148641248139, 22.518224607802811 ] ] ] } },
{ "type": "Feature", "properties": { "ward": 108, "source_sheet": "108_ruby.pdf p2", "source": "KMC ward sewerage network map (ArcMap GeoPDF)", "extraction_method": "geopdf_raster_polygonised", "georef_max_residual_m": 2.8 }, "geometry": { "type": "Polygon", "coordinates": [ [ [ 88.412118992188297, 22.51882123329764 ], [ 88.412621147720159, 22.518745403633162 ], [ 88.41326831457603, 22.518624589145855 ], [ 88.413669540479347, 22.518563467798312 ], [ 88.413686597990164, 22.518542633983404 ], [ 88.413688866366883, 22.51852193601059 ], [ 88.413630011659066, 22.518035415126743 ], [ 88.413586537612304, 22.51787039730953 ], [ 88.413538832480484, 22.517778937051538 ], [ 88.413523912465308, 22.517765289318913 ], [ 88.413489361028923, 22.517761011718171 ], [ 88.412392222259953, 22.5180008300227 ], [ 88.411976120916094, 22.51805289477555 ], [ 88.411949138393695, 22.518066927091681 ], [ 88.411934545514569, 22.518087738120784 ], [ 88.411932342282526, 22.518115327865971 ], [ 88.412009470986419, 22.518450049538654 ], [ 88.412074297606068, 22.518787181483102 ], [ 88.412089283016982, 22.518807721132038 ], [ 88.412118992188297, 22.51882123329764 ] ] ] } },
{ "type": "Feature", "properties": { "ward": 108, "source_sheet": "108_ruby.pdf p2", "source": "KMC ward sewerage network map (ArcMap GeoPDF)", "extraction_method": "geopdf_raster_polygonised", "georef_max_residual_m": 2.8 }, "geometry": { "type": "Polygon", "coordinates": [ [ [ 88.404448138801811, 22.519132669655576 ], [ 88.406471800627784, 22.519114184768849 ], [ 88.406195382248484, 22.517774991674319 ], [ 88.40556291380075, 22.517886453683339 ], [ 88.404430728902213, 22.51807139924253 ], [ 88.404241281710199, 22.518109887802932 ], [ 88.404448138801811, 22.519132669655576 ] ] ] } },
{ "type": "Feature", "properties": { "ward": 108, "source_sheet": "108_ruby.pdf p2", "source": "KMC ward sewerage network map (ArcMap GeoPDF)", "extraction_method": "geopdf_raster_polygonised", "georef_max_residual_m": 2.8 }, "geometry": { "type": "Polygon", "coordinates": [ [ [ 88.402616509868253, 22.51834067002051 ], [ 88.402744466267137, 22.518316528785629 ], [ 88.402773763168426, 22.518286394600469 ], [ 88.40278068144795, 22.518235787242372 ], [ 88.402729998656753, 22.518089211420374 ], [ 88.402729240932871, 22.518008806969245 ], [ 88.402713369343758, 22.517894078298475 ], [ 88.402698190537237, 22.517852862267386 ], [ 88.402670644174151, 22.517807164050396 ], [ 88.402638384597736, 22.517784483470923 ], [ 88.402581692964191, 22.517785000286814 ], [ 88.402557109365688, 22.517792116793977 ], [ 88.402505780340547, 22.517838534050519 ], [ 88.402491294243603, 22.517870830646583 ], [ 88.402489175709846, 22.517907609440087 ], [ 88.402494754779099, 22.517976482611765 ], [ 88.402589353075228, 22.518336322657472 ], [ 88.402616509868253, 22.51834067002051 ] ] ] } },
{ "type": "Feature", "properties": { "ward": 108, "source_sheet": "108_ruby.pdf p2", "source": "KMC ward sewerage network map (ArcMap GeoPDF)", "extraction_method": "geopdf_raster_polygonised", "georef_max_residual_m": 2.8 }, "geometry": { "type": "Polygon", "coordinates": [ [ [ 88.403012703223126, 22.518268133633448 ], [ 88.403084140902621, 22.518262887249548 ], [ 88.403123362127999, 22.518239554901712 ], [ 88.403130691743158, 22.518232595657214 ], [ 88.403130085373775, 22.518168272108468 ], [ 88.403104787108148, 22.518099578802961 ], [ 88.403096179834876, 22.517970999135187 ], [ 88.403060394225292, 22.517835774906356 ], [ 88.403054511726523, 22.517734739989926 ], [ 88.403012457662513, 22.517719041204785 ], [ 88.402980414585755, 22.517719333394233 ], [ 88.402943593371234, 22.517735751417387 ], [ 88.402911550289673, 22.517736043593327 ], [ 88.402842815880192, 22.517766537383793 ], [ 88.402833432782757, 22.517817167218805 ], [ 88.40288465685866, 22.518021174759955 ], [ 88.402908940848917, 22.518243807660326 ], [ 88.402982994959515, 22.518254619734655 ], [ 88.403012703223126, 22.518268133633448 ] ] ] } },
{ "type": "Feature", "properties": { "ward": 108, "source_sheet": "108_ruby.pdf p2", "source": "KMC ward sewerage network map (ArcMap GeoPDF)", "extraction_method": "geopdf_raster_polygonised", "georef_max_residual_m": 2.8 }, "geometry": { "type": "Polygon", "coordinates": [ [ [ 88.406476730373939, 22.519114139707643 ], [ 88.407161964973099, 22.519107874731723 ], [ 88.406877059609144, 22.517653887464238 ], [ 88.406200290241443, 22.517772649357276 ], [ 88.406476730373939, 22.519114139707643 ] ] ] } },
{ "type": "Feature", "properties": { "ward": 108, "source_sheet": "108_ruby.pdf p2", "source": "KMC ward sewerage network map (ArcMap GeoPDF)", "extraction_method": "geopdf_raster_polygonised", "georef_max_residual_m": 2.8 }, "geometry": { "type": "Polygon", "coordinates": [ [ [ 88.403298172332342, 22.518217283406678 ], [ 88.403396680110816, 22.518207195052018 ], [ 88.403524419590624, 22.518160080517454 ], [ 88.403590840809343, 22.518145689804793 ], [ 88.403504821483239, 22.517650221636735 ], [ 88.403391503345802, 22.51765814766155 ], [ 88.403275828629205, 22.51767758243561 ], [ 88.403229169716028, 22.51769638771264 ], [ 88.403197581436373, 22.517744922607985 ], [ 88.403203399069213, 22.517839065704848 ], [ 88.403246536070668, 22.51796962791526 ], [ 88.403252353754979, 22.518063771005639 ], [ 88.403275663710303, 22.518183026693929 ], [ 88.403298172332342, 22.518217283406678 ] ] ] } },
{ "type": "Feature", "properties": { "ward": 108, "source_sheet": "108_ruby.pdf p2", "source": "KMC ward sewerage network map (ArcMap GeoPDF)", "extraction_method": "geopdf_raster_polygonised", "georef_max_residual_m": 2.8 }, "geometry": { "type": "Polygon", "coordinates": [ [ [ 88.403957541354544, 22.518082610043511 ], [ 88.404031422065103, 22.518075043485783 ], [ 88.404127226410623, 22.518039707228446 ], [ 88.404126922998117, 22.518007545467018 ], [ 88.404078963818748, 22.517888514865479 ], [ 88.40407355734321, 22.517838019938097 ], [ 88.404002959549047, 22.517670949091514 ], [ 88.403975499487046, 22.517634440192612 ], [ 88.403943478111984, 22.517637029841655 ], [ 88.403921467813504, 22.517655610406784 ], [ 88.403897339349186, 22.517710969762916 ], [ 88.403892691332686, 22.517740879239469 ], [ 88.403919831748553, 22.518004840264936 ], [ 88.403935119275886, 22.518057542505005 ], [ 88.403957541354544, 22.518082610043511 ] ] ] } },
{ "type": "Feature", "properties": { "ward": 108, "source_sheet": "108_ruby.pdf p2", "source": "KMC ward sewerage network map (ArcMap GeoPDF)", "extraction_method": "geopdf_raster_polygonised", "georef_max_residual_m": 2.8 }, "geometry": { "type": "Polygon", "coordinates": [ [ [ 88.403595748863623, 22.518143347564376 ], [ 88.403741002207312, 22.518123642692213 ], [ 88.403765542459254, 22.518111931466599 ], [ 88.403792417563636, 22.518086414134928 ], [ 88.403792005893777, 22.518042766024127 ], [ 88.403741018815865, 22.517864028800719 ], [ 88.403731544366664, 22.5176435584264 ], [ 88.403713987106372, 22.517611554067877 ], [ 88.403699133015678, 22.517604797181551 ], [ 88.403667089974775, 22.517605089506297 ], [ 88.403541750912851, 22.517645289836327 ], [ 88.403509729522128, 22.517647879399618 ], [ 88.403595748863623, 22.518143347564376 ] ] ] } },
{ "type": "Feature", "properties": { "ward": 108, "source_sheet": "108_ruby.pdf p2", "source": "KMC ward sewerage network map (ArcMap GeoPDF)", "extraction_method": "geopdf_raster_polygonised", "georef_max_residual_m": 2.8 }, "geometry": { "type": "Polygon", "coordinates": [ [ [ 88.404279830761496, 22.518015339860796 ], [ 88.40430938735723, 22.518012772637306 ], [ 88.40434614343566, 22.517989462501316 ], [ 88.404427288567462, 22.517968044663768 ], [ 88.404446899019234, 22.517956378334777 ], [ 88.4044489736781, 22.517915005005328 ], [ 88.404477771519282, 22.517832033358935 ], [ 88.404469423142388, 22.517731021045506 ], [ 88.404446805940921, 22.517685278162986 ], [ 88.404428684916311, 22.517593544910529 ], [ 88.404403797992757, 22.51756849993404 ], [ 88.40438154933365, 22.517561810604487 ], [ 88.404339646920775, 22.517562193050946 ], [ 88.404305269099225, 22.517576291610435 ], [ 88.404260901832416, 22.517576696532611 ], [ 88.404233918543767, 22.517590727591205 ], [ 88.404207043615344, 22.517616244989089 ], [ 88.404199887472359, 22.517641582428428 ], [ 88.40421316534723, 22.517742549777751 ], [ 88.404224953713126, 22.517946916706482 ], [ 88.404250079095291, 22.517997231661884 ], [ 88.404279830761496, 22.518015339860796 ] ] ] } },
{ "type": "Feature", "properties": { "ward": 108, "source_sheet": "108_ruby.pdf p2", "source": "KMC ward sewerage network map (ArcMap GeoPDF)", "extraction_method": "geopdf_raster_polygonised", "georef_max_residual_m": 2.8 }, "geometry": { "type": "Polygon", "coordinates": [ [ [ 88.407166894717562, 22.519107829649396 ], [ 88.408505319891376, 22.519095584217467 ], [ 88.408196390954771, 22.517448832800877 ], [ 88.408161796217115, 22.517439959514071 ], [ 88.408080478179983, 22.51744300107093 ], [ 88.407620204606275, 22.517516135912015 ], [ 88.407563665304394, 22.517532735334317 ], [ 88.406881967585221, 22.517651545127183 ], [ 88.407166894717562, 22.519107829649396 ] ] ] } },
{ "type": "Feature", "properties": { "ward": 108, "source_sheet": "108_ruby.pdf p2", "source": "KMC ward sewerage network map (ArcMap GeoPDF)", "extraction_method": "geopdf_raster_polygonised", "georef_max_residual_m": 2.8 }, "geometry": { "type": "Polygon", "coordinates": [ [ [ 88.408510249632528, 22.519095539094032 ], [ 88.409037731866235, 22.519090710015242 ], [ 88.40898288058105, 22.518764972533891 ], [ 88.408982706553758, 22.518746594424233 ], [ 88.40902849477007, 22.51863589695601 ], [ 88.409024920458592, 22.518518759075704 ], [ 88.40898736022524, 22.518457071486065 ], [ 88.408982234730274, 22.518436441248785 ], [ 88.408881132031283, 22.518432771992948 ], [ 88.40886372576476, 22.518416849112413 ], [ 88.40885611368104, 22.518393944172566 ], [ 88.40885027043349, 22.518297504219245 ], [ 88.408835285543091, 22.518276964240112 ], [ 88.408824034109273, 22.518130029606471 ], [ 88.408806171144377, 22.518065864171422 ], [ 88.408808027004596, 22.518001518211687 ], [ 88.408782595524499, 22.517919042354329 ], [ 88.408782073545737, 22.517863908014714 ], [ 88.408754612234944, 22.517827399998183 ], [ 88.408754416497786, 22.517806724620396 ], [ 88.408778782235942, 22.517776634540887 ], [ 88.40875522846035, 22.517632109974926 ], [ 88.40869077280199, 22.517593643137406 ], [ 88.408625142890401, 22.517431123993521 ], [ 88.408558287755739, 22.517399571450859 ], [ 88.408481877700339, 22.517400270822325 ], [ 88.408356605659534, 22.517447366616356 ], [ 88.408272888007119, 22.517457322622619 ], [ 88.408201320638184, 22.517448787689883 ], [ 88.408510249632528, 22.519095539094032 ] ] ] } },
{ "type": "Feature", "properties": { "ward": 108, "source_sheet": "108_ruby.pdf p2", "source": "KMC ward sewerage network map (ArcMap GeoPDF)", "extraction_method": "geopdf_raster_polygonised", "georef_max_residual_m": 2.8 }, "geometry": { "type": "Polygon", "coordinates": [ [ [ 88.410762126531452, 22.51818809098209 ], [ 88.410808958720267, 22.518187661662658 ], [ 88.411852834893537, 22.518049430899282 ], [ 88.411870001631286, 22.518040083570266 ], [ 88.411884550914763, 22.518014678024528 ], [ 88.411884376510628, 22.51799629993597 ], [ 88.411762468782698, 22.517358724041344 ], [ 88.411747352802408, 22.517324400779515 ], [ 88.411725060295481, 22.517313117958171 ], [ 88.411693017433407, 22.51731341187649 ], [ 88.411114826771239, 22.517428992493009 ], [ 88.410605411006216, 22.517518668620003 ], [ 88.410568547291433, 22.517530493814199 ], [ 88.410549089901409, 22.517558241697902 ], [ 88.410563065379989, 22.517992333931922 ], [ 88.410570830166179, 22.518031319615343 ], [ 88.410601018182163, 22.518095371849508 ], [ 88.410650837919718, 22.518150054278944 ], [ 88.410685563649437, 22.518172710586011 ], [ 88.410762126531452, 22.51818809098209 ] ] ] } },
{ "type": "Feature", "properties": { "ward": 108, "source_sheet": "108_ruby.pdf p2", "source": "KMC ward sewerage network map (ArcMap GeoPDF)", "extraction_method": "geopdf_raster_polygonised", "georef_max_residual_m": 2.8 }, "geometry": { "type": "Polygon", "coordinates": [ [ [ 88.405963469345707, 22.517754136200093 ], [ 88.406032463427337, 22.517751208314809 ], [ 88.40608653818235, 22.517734631940399 ], [ 88.406096289055768, 22.517723055512246 ], [ 88.406095833261304, 22.517674812908631 ], [ 88.406088286787067, 22.517658799611013 ], [ 88.406095138719891, 22.517601300369218 ], [ 88.406091783998136, 22.517507134950396 ], [ 88.40606836327882, 22.517376393443062 ], [ 88.40603579944883, 22.51732155182863 ], [ 88.406011020815086, 22.51730799344729 ], [ 88.405981464418431, 22.517310560974231 ], [ 88.405959389352702, 22.517322250001008 ], [ 88.405910092514944, 22.517322700415562 ], [ 88.405890460582214, 22.517332069645743 ], [ 88.405868559107518, 22.517362136797853 ], [ 88.405859003539845, 22.517394388616825 ], [ 88.405860262158413, 22.517527630110834 ], [ 88.405896223968668, 22.517681231723483 ], [ 88.405918798231397, 22.517722379844002 ], [ 88.405963469345707, 22.517754136200093 ] ] ] } },
{ "type": "Feature", "properties": { "ward": 108, "source_sheet": "108_ruby.pdf p2", "source": "KMC ward sewerage network map (ArcMap GeoPDF)", "extraction_method": "geopdf_raster_polygonised", "georef_max_residual_m": 2.8 }, "geometry": { "type": "Polygon", "coordinates": [ [ [ 88.406271597218407, 22.517753617977451 ], [ 88.40651034019173, 22.517714676488762 ], [ 88.406516475475257, 22.517581367445345 ], [ 88.406451000031723, 22.517434928150251 ], [ 88.406430586574857, 22.517361595847809 ], [ 88.406419750282964, 22.517258308962486 ], [ 88.406404700732494, 22.517230876930387 ], [ 88.40637497069514, 22.517215066394819 ], [ 88.406325717319774, 22.517220111468156 ], [ 88.406283945287612, 22.517234278015984 ], [ 88.406269286488893, 22.517248196772059 ], [ 88.406197979766887, 22.517267228138781 ], [ 88.406178391274025, 22.517281191936508 ], [ 88.406163884395667, 22.517311191551883 ], [ 88.406271597218407, 22.517753617977451 ] ] ] } },
{ "type": "Feature", "properties": { "ward": 108, "source_sheet": "108_ruby.pdf p2", "source": "KMC ward sewerage network map (ArcMap GeoPDF)", "extraction_method": "geopdf_raster_polygonised", "georef_max_residual_m": 2.8 }, "geometry": { "type": "Polygon", "coordinates": [ [ [ 88.411953762866943, 22.518034720210839 ], [ 88.412374772053397, 22.517980313017723 ], [ 88.41349160760258, 22.517738016485779 ], [ 88.413506243860439, 22.5177217998476 ], [ 88.413508490431056, 22.517698804615033 ], [ 88.413485302844421, 22.517593334404999 ], [ 88.413320985495702, 22.517162920852062 ], [ 88.413287764265263, 22.517039163049063 ], [ 88.413265471693052, 22.517027880444754 ], [ 88.413238358575924, 22.51702812940179 ], [ 88.412832381673454, 22.51710767280326 ], [ 88.41239451408083, 22.517203590085781 ], [ 88.411830852030704, 22.517291470369475 ], [ 88.41179893996491, 22.517305547876735 ], [ 88.411781969492182, 22.517335570546866 ], [ 88.41178216567485, 22.517356245899094 ], [ 88.411906516535979, 22.517991501900688 ], [ 88.411921545432463, 22.518016636094959 ], [ 88.411953762866943, 22.518034720210839 ] ] ] } },
{ "type": "Feature", "properties": { "ward": 108, "source_sheet": "108_ruby.pdf p2", "source": "KMC ward sewerage network map (ArcMap GeoPDF)", "extraction_method": "geopdf_raster_polygonised", "georef_max_residual_m": 2.8 }, "geometry": { "type": "Polygon", "coordinates": [ [ [ 88.40680997677174, 22.517337450638202 ], [ 88.406859230162098, 22.517332405415512 ], [ 88.406893477329888, 22.517304522729411 ], [ 88.406984459240746, 22.517280716233465 ], [ 88.406994210006516, 22.51726913975574 ], [ 88.407007761061521, 22.517138060366783 ], [ 88.407017468377802, 22.517121889355856 ], [ 88.407034722237938, 22.517121731595093 ], [ 88.407044451269471, 22.51710785784881 ], [ 88.407029184425085, 22.517057453219056 ], [ 88.407016816806973, 22.517052971372539 ], [ 88.406994676720515, 22.51705776873672 ], [ 88.406931047051401, 22.517106597268619 ], [ 88.406852432862095, 22.517134885589499 ], [ 88.40681057405412, 22.517139863204921 ], [ 88.406771071505261, 22.517133331944578 ], [ 88.406741363166262, 22.517119818743943 ], [ 88.406682163639971, 22.517115764989608 ], [ 88.40665018589219, 22.517122949701566 ], [ 88.406633084018125, 22.51713918828645 ], [ 88.406630814594635, 22.517159886215925 ], [ 88.406645842466972, 22.517185020958792 ], [ 88.406661413177844, 22.517267587360298 ], [ 88.406678884195244, 22.517290402300642 ], [ 88.406733349546414, 22.517315176515162 ], [ 88.40680997677174, 22.517337450638202 ] ] ] } },
{ "type": "Feature", "properties": { "ward": 108, "source_sheet": "108_ruby.pdf p2", "source": "KMC ward sewerage network map (ArcMap GeoPDF)", "extraction_method": "geopdf_raster_polygonised", "georef_max_residual_m": 2.8 }, "geometry": { "type": "Polygon", "coordinates": [ [ [ 88.412123746629817, 22.519062423040722 ], [ 88.413812179205053, 22.519046921523532 ], [ 88.413813574225856, 22.518934333194984 ], [ 88.413766021369611, 22.51885895385529 ], [ 88.413765672048555, 22.518822197711582 ], [ 88.41374287700782, 22.518758078235113 ], [ 88.413752627282477, 22.518746501373535 ], [ 88.414082850030653, 22.518476962389606 ], [ 88.414220881829209, 22.518475694126867 ], [ 88.414255258735963, 22.518461593491075 ], [ 88.41437588364235, 22.518444402829587 ], [ 88.414437286527857, 22.518420863959722 ], [ 88.414540788475009, 22.518417615289696 ], [ 88.414602169471394, 22.518391779100597 ], [ 88.414698298680008, 22.518390895551697 ], [ 88.414722837954969, 22.518379182700617 ], [ 88.414766812002114, 22.518337424236517 ], [ 88.414786246770419, 22.518307378625025 ], [ 88.414790673946129, 22.518254496373732 ], [ 88.414785547609597, 22.518233866364589 ], [ 88.414625700081174, 22.518014779536831 ], [ 88.41447368445337, 22.517841569734763 ], [ 88.41409132283097, 22.517293692869046 ], [ 88.413956518822445, 22.517115729451522 ], [ 88.413911693395931, 22.517067894579178 ], [ 88.413837137242368, 22.517004250576132 ], [ 88.413775189087772, 22.516970357706708 ], [ 88.413693762470047, 22.516961915781536 ], [ 88.413543691754157, 22.516993161076705 ], [ 88.413450464797208, 22.517039966447619 ], [ 88.413396805997735, 22.517100193175736 ], [ 88.413342950739406, 22.517139744549013 ], [ 88.413343038033958, 22.51714893358853 ], [ 88.413507442737995, 22.517588536155394 ], [ 88.413540904425233, 22.517737563742799 ], [ 88.413608677545128, 22.517865599044065 ], [ 88.413652064296954, 22.518021427816826 ], [ 88.4137134057586, 22.518510223308041 ], [ 88.413713776891512, 22.518549276713109 ], [ 88.413706535144399, 22.518565425449513 ], [ 88.413669802447458, 22.51859103490812 ], [ 88.413275927389705, 22.518647493838422 ], [ 88.412626295576416, 22.518768330985633 ], [ 88.412126604828416, 22.518844138053211 ], [ 88.412102130646488, 22.518862742305071 ], [ 88.412094910498524, 22.518881188239412 ], [ 88.412123746629817, 22.519062423040722 ] ] ] } },
{ "type": "Feature", "properties": { "ward": 108, "source_sheet": "108_ruby.pdf p2", "source": "KMC ward sewerage network map (ArcMap GeoPDF)", "extraction_method": "geopdf_raster_polygonised", "georef_max_residual_m": 2.8 }, "geometry": { "type": "Polygon", "coordinates": [ [ [ 88.407676700432802, 22.517494941939809 ], [ 88.408075418075029, 22.517429262588369 ], [ 88.40813457426998, 22.517428721291346 ], [ 88.408136778256534, 22.517401131557804 ], [ 88.408188192095835, 22.517363901666858 ], [ 88.408227520842161, 22.517352054453681 ], [ 88.408313768498189, 22.51734896771114 ], [ 88.40834810232478, 22.517330273789248 ], [ 88.408345137437138, 22.517277459257738 ], [ 88.408322432111461, 22.517222527919625 ], [ 88.408306947391239, 22.517149150787894 ], [ 88.408289193515017, 22.517096471593522 ], [ 88.408266705641196, 22.517064512892627 ], [ 88.408201967778325, 22.516996181391828 ], [ 88.408100431385293, 22.516946566288905 ], [ 88.408073122596335, 22.516926138989461 ], [ 88.408055607936319, 22.516898729678537 ], [ 88.408032707173732, 22.516823122901368 ], [ 88.408012727705284, 22.516795736136707 ], [ 88.407913743286883, 22.516755287413083 ], [ 88.407702354630374, 22.516819252786291 ], [ 88.407739739979206, 22.516862562616097 ], [ 88.407772021836251, 22.516887539409442 ], [ 88.407794661691185, 22.516935579045182 ], [ 88.407795052862369, 22.516976929822111 ], [ 88.407781046196121, 22.517059766668503 ], [ 88.40774950315344, 22.517112896903104 ], [ 88.407641398026584, 22.517150645240257 ], [ 88.407609615891971, 22.5171785055302 ], [ 88.407597465534053, 22.517196996385 ], [ 88.40757857251289, 22.517284472841947 ], [ 88.407588866445124, 22.517330327967972 ], [ 88.407664006804595, 22.517456001165861 ], [ 88.407676700432802, 22.517494941939809 ] ] ] } },
{ "type": "Feature", "properties": { "ward": 108, "source_sheet": "108_ruby.pdf p2", "source": "KMC ward sewerage network map (ArcMap GeoPDF)", "extraction_method": "geopdf_raster_polygonised", "georef_max_residual_m": 2.8 }, "geometry": { "type": "Polygon", "coordinates": [ [ [ 88.412961337771151, 22.516929584524103 ], [ 88.412993249621394, 22.516915506796209 ], [ 88.413049918825649, 22.516912689072875 ], [ 88.413121027872705, 22.516872979385528 ], [ 88.41320236713635, 22.516872232564637 ], [ 88.413244029141453, 22.516846577962045 ], [ 88.413308114606565, 22.516845989512806 ], [ 88.413380074672659, 22.516895872853798 ], [ 88.413399815107653, 22.516897989038082 ], [ 88.413421889421528, 22.516886299025749 ], [ 88.413428978353366, 22.516854069482555 ], [ 88.413441171531559, 22.51684017274782 ], [ 88.413458359832944, 22.516833122521053 ], [ 88.41349286738479, 22.516832805621171 ], [ 88.413510230290768, 22.516844133467483 ], [ 88.413534878543544, 22.516843907103148 ], [ 88.413546984403212, 22.516820821321886 ], [ 88.413529184971196, 22.516763548283546 ], [ 88.413491885228424, 22.516729428928528 ], [ 88.413352938542019, 22.516634211557516 ], [ 88.413174118516437, 22.516493410949288 ], [ 88.413124603934349, 22.516470890954558 ], [ 88.413011331340073, 22.51648341819682 ], [ 88.412863245834117, 22.516464100480949 ], [ 88.412690206802054, 22.516412847211761 ], [ 88.412648130396164, 22.516394853716253 ], [ 88.412608387954918, 22.516363054022204 ], [ 88.41283526071517, 22.51689168507146 ], [ 88.412887065710194, 22.516895804438853 ], [ 88.412961337771151, 22.516929584524103 ] ] ] } },
{ "type": "Feature", "properties": { "ward": 108, "source_sheet": "108_ruby.pdf p2", "source": "KMC ward sewerage network map (ArcMap GeoPDF)", "extraction_method": "geopdf_raster_polygonised", "georef_max_residual_m": 2.8 }, "geometry": { "type": "Polygon", "coordinates": [ [ [ 88.410639657418571, 22.517490785173528 ], [ 88.411122003413439, 22.517405952072636 ], [ 88.411697750934835, 22.517292691305617 ], [ 88.411724689745313, 22.51727406451386 ], [ 88.411734396504244, 22.517257893246331 ], [ 88.411736599772269, 22.517230303499687 ], [ 88.411673999989787, 22.516867878791039 ], [ 88.411640954652952, 22.516762498658139 ], [ 88.411616044858448, 22.516735157591558 ], [ 88.411569213175454, 22.516735587120678 ], [ 88.411320723374814, 22.516786112680123 ], [ 88.411246822152236, 22.516791385267652 ], [ 88.411214714039588, 22.516784787298441 ], [ 88.411192225571753, 22.516752829036978 ], [ 88.411061661324723, 22.516241692128546 ], [ 88.410685001604776, 22.516293391732738 ], [ 88.410295647323977, 22.516306149930095 ], [ 88.410246394482371, 22.516311196179998 ], [ 88.410187412981657, 22.516330116334238 ], [ 88.410145859363894, 22.516367256484457 ], [ 88.410111983189694, 22.516434193296032 ], [ 88.410070277139681, 22.516455252585892 ], [ 88.410018907698131, 22.516497077565756 ], [ 88.409943825961832, 22.516637910671548 ], [ 88.409944413668867, 22.516699936782217 ], [ 88.409962037498403, 22.516738832187073 ], [ 88.409960269225067, 22.516812367194881 ], [ 88.410025290810594, 22.516910562371848 ], [ 88.410025508496176, 22.516933535003904 ], [ 88.410008472364808, 22.516956665716069 ], [ 88.410008690048144, 22.516979638348168 ], [ 88.410021253659593, 22.517004795328919 ], [ 88.410048540962478, 22.51702292501901 ], [ 88.410149969181859, 22.517061052538828 ], [ 88.410189841934468, 22.517106636433812 ], [ 88.410218566234107, 22.517276385446838 ], [ 88.410251349381127, 22.51735419876 ], [ 88.410298573223926, 22.517395120334037 ], [ 88.410330768543304, 22.517410907531602 ], [ 88.410439352101264, 22.5174236971949 ], [ 88.410506207628728, 22.517455248933633 ], [ 88.410612369948993, 22.517472655593323 ], [ 88.410639657418571, 22.517490785173528 ] ] ] } },
{ "type": "Feature", "properties": { "ward": 108, "source_sheet": "108_ruby.pdf p2", "source": "KMC ward sewerage network map (ArcMap GeoPDF)", "extraction_method": "geopdf_raster_polygonised", "georef_max_residual_m": 2.8 }, "geometry": { "type": "Polygon", "coordinates": [ [ [ 88.411798634788894, 22.517273386217713 ], [ 88.412389388143637, 22.51718295997745 ], [ 88.412770673648623, 22.517099049402386 ], [ 88.412767837978905, 22.517060018599626 ], [ 88.412752634537753, 22.517016506400079 ], [ 88.412752176449885, 22.516968263929481 ], [ 88.412764173383508, 22.516933691897659 ], [ 88.412783652049271, 22.516908241031757 ], [ 88.412808147619529, 22.516891933954717 ], [ 88.412830287431689, 22.516887135802392 ], [ 88.41264389872029, 22.516468411306153 ], [ 88.412600928070262, 22.516356230105558 ], [ 88.412536341195292, 22.516303981260982 ], [ 88.412429067428462, 22.516169415521418 ], [ 88.412403372549946, 22.516059373177701 ], [ 88.412267131911904, 22.51598940204423 ], [ 88.412203046812635, 22.515989990059001 ], [ 88.41187893415875, 22.516123918884499 ], [ 88.411807541732003, 22.51613376362344 ], [ 88.411731372234854, 22.516159734380295 ], [ 88.411576263226308, 22.51617953672967 ], [ 88.411367276848779, 22.516236592397139 ], [ 88.411099112865116, 22.516291892922411 ], [ 88.411221847061739, 22.516757152350227 ], [ 88.411251533919184, 22.516768367444048 ], [ 88.411315575824432, 22.51676318526561 ], [ 88.411566530411946, 22.51671263710962 ], [ 88.411628172831968, 22.51671436920013 ], [ 88.411663029108297, 22.516750808880353 ], [ 88.411696139846597, 22.516863080792898 ], [ 88.41176133530297, 22.517239266448957 ], [ 88.411771369021906, 22.517257554100496 ], [ 88.411798634788894, 22.517273386217713 ] ] ] } },
{ "type": "Feature", "properties": { "ward": 108, "source_sheet": "108_ruby.pdf p2", "source": "KMC ward sewerage network map (ArcMap GeoPDF)", "extraction_method": "geopdf_raster_polygonised", "georef_max_residual_m": 2.8 }, "geometry": { "type": "Polygon", "coordinates": [ [ [ 88.409901390338021, 22.516061636253948 ], [ 88.409980090291114, 22.516042535557069 ], [ 88.409992109627538, 22.516010260960254 ], [ 88.410041297073633, 22.515998323002627 ], [ 88.410055933581646, 22.515982106663557 ], [ 88.410040404597581, 22.515904135200479 ], [ 88.409997936847418, 22.515844790242078 ], [ 88.409980269603224, 22.515801300304538 ], [ 88.409938237227777, 22.515787900599019 ], [ 88.409884033163294, 22.51579069462711 ], [ 88.40986935312371, 22.515802316423571 ], [ 88.409847213355746, 22.515807114165611 ], [ 88.409763300970909, 22.515796395519068 ], [ 88.409709140420205, 22.51580378401626 ], [ 88.409704363132278, 22.515819910017296 ], [ 88.409716795999344, 22.515831283450602 ], [ 88.409756298269983, 22.515837814000857 ], [ 88.409756646476396, 22.515874570221232 ], [ 88.409737276181247, 22.515911507063851 ], [ 88.409747396586368, 22.515938983918094 ], [ 88.409831613756964, 22.515981864259746 ], [ 88.409856174837543, 22.515972449411709 ], [ 88.409883287788659, 22.515972201034629 ], [ 88.409891378719351, 22.516045645729761 ], [ 88.409901390338021, 22.516061636253948 ] ] ] } },
{ "type": "Feature", "properties": { "ward": 108, "source_sheet": "108_ruby.pdf p2", "source": "KMC ward sewerage network map (ArcMap GeoPDF)", "extraction_method": "geopdf_raster_polygonised", "georef_max_residual_m": 2.8 }, "geometry": { "type": "Polygon", "coordinates": [ [ [ 88.409174726520362, 22.516116538351625 ], [ 88.409206769141619, 22.516116244948474 ], [ 88.409290290096678, 22.516085613122179 ], [ 88.409213234778917, 22.515757781441323 ], [ 88.409168802927724, 22.515751295892933 ], [ 88.409141777021787, 22.515760733205141 ], [ 88.40905308733457, 22.51576614017214 ], [ 88.409021175295791, 22.515780217127695 ], [ 88.409016332675662, 22.515789451318845 ], [ 88.409021523306777, 22.515816973359883 ], [ 88.409061395324485, 22.51586255757848 ], [ 88.409069029029595, 22.515887759785393 ], [ 88.409069507564979, 22.51593829960289 ], [ 88.409089791628958, 22.51599784793633 ], [ 88.40913721044106, 22.516059445277925 ], [ 88.409145018197165, 22.516103025593829 ], [ 88.409152499660465, 22.516112146944558 ], [ 88.409174726520362, 22.516116538351625 ] ] ] } },
{ "type": "Feature", "properties": { "ward": 108, "source_sheet": "108_ruby.pdf p2", "source": "KMC ward sewerage network map (ArcMap GeoPDF)", "extraction_method": "geopdf_raster_polygonised", "georef_max_residual_m": 2.8 }, "geometry": { "type": "Polygon", "coordinates": [ [ [ 88.410694951809944, 22.516042877128751 ], [ 88.410741761498002, 22.516040150603047 ], [ 88.410810558483803, 22.516016545353391 ], [ 88.410837497184758, 22.515997918713847 ], [ 88.410874360474097, 22.515986093477888 ], [ 88.410940845073597, 22.5159785916081 ], [ 88.410977642998091, 22.515959874561517 ], [ 88.410999434205223, 22.515918320464365 ], [ 88.411033571237908, 22.515878950640399 ], [ 88.411035665719936, 22.515839874580152 ], [ 88.411015489781732, 22.515791812845116 ], [ 88.410978038415934, 22.515741612020321 ], [ 88.410965344067193, 22.515702671537685 ], [ 88.410943051885369, 22.515691388589232 ], [ 88.410920868616785, 22.515691591950869 ], [ 88.410837282961324, 22.515715332805925 ], [ 88.410682108932392, 22.515728242487153 ], [ 88.410670198669308, 22.515772003441629 ], [ 88.410678202883219, 22.515836259026766 ], [ 88.410675146183848, 22.516033868815697 ], [ 88.410694951809944, 22.516042877128751 ] ] ] } },
{ "type": "Feature", "properties": { "ward": 108, "source_sheet": "108_ruby.pdf p2", "source": "KMC ward sewerage network map (ArcMap GeoPDF)", "extraction_method": "geopdf_raster_polygonised", "georef_max_residual_m": 2.8 }, "geometry": { "type": "Polygon", "coordinates": [ [ [ 88.407576484005105, 22.516542410958728 ], [ 88.407628223628251, 22.51653964023658 ], [ 88.407736436944887, 22.516513378257478 ], [ 88.407899158894779, 22.516516484566345 ], [ 88.408007089580593, 22.516460357959481 ], [ 88.408169289762171, 22.516408329633634 ], [ 88.408171167678404, 22.516346280919635 ], [ 88.408140655133579, 22.516247769160799 ], [ 88.408123184026778, 22.516224954381837 ], [ 88.408110338260187, 22.516169932780528 ], [ 88.408117211050211, 22.516114730754193 ], [ 88.408141794021944, 22.516107613426048 ], [ 88.408129078679082, 22.516066375417147 ], [ 88.408129608978726, 22.51586189624884 ], [ 88.408116611101548, 22.515790793786266 ], [ 88.408086185680602, 22.515701471064116 ], [ 88.408051678328476, 22.515701786791105 ], [ 88.407975073590009, 22.515681810484452 ], [ 88.407915918134364, 22.515682351684955 ], [ 88.407822472633555, 22.5157061811985 ], [ 88.407711925518342, 22.515746249346403 ], [ 88.407509789195245, 22.515745800766958 ], [ 88.407421121124926, 22.515753504103568 ], [ 88.407364560776685, 22.515767806157864 ], [ 88.407362530429069, 22.515813774021872 ], [ 88.407404704686513, 22.516102868880246 ], [ 88.407454717990589, 22.516178227806606 ], [ 88.407526979921144, 22.51626027561586 ], [ 88.407542268565422, 22.516312977464292 ], [ 88.407541476714485, 22.516489889474709 ], [ 88.407556700212623, 22.516535699521523 ], [ 88.407576484005105, 22.516542410958728 ] ] ] } },
{ "type": "Feature", "properties": { "ward": 108, "source_sheet": "108_ruby.pdf p2", "source": "KMC ward sewerage network map (ArcMap GeoPDF)", "extraction_method": "geopdf_raster_polygonised", "georef_max_residual_m": 2.8 }, "geometry": { "type": "Polygon", "coordinates": [ [ [ 88.4084759359164, 22.516251593328196 ], [ 88.40850056237548, 22.516249070474867 ], [ 88.408510160743049, 22.516221413059785 ], [ 88.408403964195102, 22.515939796911514 ], [ 88.408292425456906, 22.515614577732144 ], [ 88.408249893308877, 22.515548340471717 ], [ 88.408190737917081, 22.515548881770265 ], [ 88.408114502750166, 22.515567959039171 ], [ 88.408089985075776, 22.51558196815526 ], [ 88.408090202426408, 22.515604940810093 ], [ 88.408118010864982, 22.515678205228152 ], [ 88.408105904167272, 22.515701290645382 ], [ 88.408091137037488, 22.515703723225108 ], [ 88.408131834695865, 22.515836603776759 ], [ 88.40813400831361, 22.516066330310711 ], [ 88.408146723657893, 22.516107568319146 ], [ 88.408166463938571, 22.516109685155318 ], [ 88.408191938138643, 22.516196755694075 ], [ 88.408209474465721, 22.516226462260821 ], [ 88.408236587485789, 22.516226214158447 ], [ 88.408266013154659, 22.516209862640185 ], [ 88.408372000397534, 22.516208892722954 ], [ 88.4084759359164, 22.516251593328196 ] ] ] } },
{ "type": "Feature", "properties": { "ward": 108, "source_sheet": "108_ruby.pdf p2", "source": "KMC ward sewerage network map (ArcMap GeoPDF)", "extraction_method": "geopdf_raster_polygonised", "georef_max_residual_m": 2.8 }, "geometry": { "type": "Polygon", "coordinates": [ [ [ 88.413207052348909, 22.515548852225226 ], [ 88.413253883598728, 22.515548422240272 ], [ 88.413336901304646, 22.515464951386896 ], [ 88.413336661266939, 22.515439681522846 ], [ 88.413289349998138, 22.51538957180064 ], [ 88.413247448402146, 22.515389956531429 ], [ 88.413178979480818, 22.515448021695239 ], [ 88.413157123552438, 22.515482684270989 ], [ 88.413207052348909, 22.515548852225226 ] ] ] } },
{ "type": "Feature", "properties": { "ward": 108, "source_sheet": "108_ruby.pdf p2", "source": "KMC ward sewerage network map (ArcMap GeoPDF)", "extraction_method": "geopdf_raster_polygonised", "georef_max_residual_m": 2.8 }, "geometry": { "type": "Polygon", "coordinates": [ [ [ 88.410215759346514, 22.515679674634306 ], [ 88.410237942619986, 22.515679471369886 ], [ 88.410250157806445, 22.515667872127189 ], [ 88.410252121884781, 22.515615012484911 ], [ 88.410315270677671, 22.515515642933135 ], [ 88.410272432836777, 22.515417244566859 ], [ 88.410247893654613, 22.515428956735985 ], [ 88.410223223847353, 22.515426885320963 ], [ 88.410205839602455, 22.51541325983186 ], [ 88.410190789546888, 22.515385828175692 ], [ 88.410163654944654, 22.515383779335192 ], [ 88.410146444861283, 22.51538853194721 ], [ 88.410132026108784, 22.515427720927221 ], [ 88.410132483250464, 22.515475963461117 ], [ 88.410120703440029, 22.515533507965074 ], [ 88.410138218306059, 22.515560917043747 ], [ 88.410170543788311, 22.515590487880239 ], [ 88.410165810099372, 22.515611208419141 ], [ 88.41015104302636, 22.515613641185556 ], [ 88.410151217179617, 22.515632019293175 ], [ 88.410188515837348, 22.515666139484033 ], [ 88.410215759346514, 22.515679674634306 ] ] ] } },
{ "type": "Feature", "properties": { "ward": 108, "source_sheet": "108_ruby.pdf p2", "source": "KMC ward sewerage network map (ArcMap GeoPDF)", "extraction_method": "geopdf_raster_polygonised", "georef_max_residual_m": 2.8 }, "geometry": { "type": "Polygon", "coordinates": [ [ [ 88.410320222059823, 22.515517895024097 ], [ 88.410374317137126, 22.515503614538598 ], [ 88.410492497120288, 22.51548874673869 ], [ 88.410548969867222, 22.515465254554648 ], [ 88.410541314150208, 22.515437755166086 ], [ 88.410504080799555, 22.515410526846829 ], [ 88.410496033152796, 22.515341676717977 ], [ 88.410485999750307, 22.515323388967026 ], [ 88.410436333568569, 22.515284787255599 ], [ 88.410413845536596, 22.515252828857999 ], [ 88.410391640560178, 22.515250734879842 ], [ 88.410372031018952, 22.515262401891874 ], [ 88.410337959247229, 22.515308663370377 ], [ 88.410321097526193, 22.515350172214184 ], [ 88.41027483232736, 22.515410330191273 ], [ 88.410320222059823, 22.515517895024097 ] ] ] } },
{ "type": "Feature", "properties": { "ward": 108, "source_sheet": "108_ruby.pdf p2", "source": "KMC ward sewerage network map (ArcMap GeoPDF)", "extraction_method": "geopdf_raster_polygonised", "georef_max_residual_m": 2.8 }, "geometry": { "type": "Polygon", "coordinates": [ [ [ 88.415148218904918, 22.515156531927879 ], [ 88.415312813722437, 22.515097582175084 ], [ 88.415244013508257, 22.514861576403934 ], [ 88.415064542795704, 22.514911472990313 ], [ 88.415148218904918, 22.515156531927879 ] ] ] } },
{ "type": "Feature", "properties": { "ward": 108, "source_sheet": "108_ruby.pdf p2", "source": "KMC ward sewerage network map (ArcMap GeoPDF)", "extraction_method": "geopdf_raster_polygonised", "georef_max_residual_m": 2.8 }, "geometry": { "type": "Polygon", "coordinates": [ [ [ 88.408926838245293, 22.515709859427069 ], [ 88.408953929406678, 22.515707313944464 ], [ 88.408971074328022, 22.51569566966225 ], [ 88.409042510308964, 22.515690420711195 ], [ 88.409089037168002, 22.515657830232119 ], [ 88.409123174706451, 22.515618460787646 ], [ 88.409152252095168, 22.515565352886927 ], [ 88.409176682638162, 22.515542154556908 ], [ 88.409183946540253, 22.515528303263967 ], [ 88.409183685503677, 22.515500736090772 ], [ 88.409051810980571, 22.515370988103328 ], [ 88.40902125457626, 22.515267881991541 ], [ 88.409006204765447, 22.515240450211351 ], [ 88.408922205770708, 22.515220542045718 ], [ 88.408879608221227, 22.515147413163248 ], [ 88.408869379314453, 22.515108449915811 ], [ 88.408829529334682, 22.515065162896118 ], [ 88.408741630489985, 22.514893657701421 ], [ 88.408691051669109, 22.514758570282151 ], [ 88.408681127263534, 22.514751768728811 ], [ 88.408641712312445, 22.514754426956163 ], [ 88.408631896624712, 22.514759111725589 ], [ 88.408634774537873, 22.51480273720431 ], [ 88.408618021064569, 22.514855732221015 ], [ 88.408621377324934, 22.514949897532951 ], [ 88.408605167405312, 22.515060324176954 ], [ 88.40861077103915, 22.515131494276314 ], [ 88.408630728618803, 22.515156583713363 ], [ 88.408631076515206, 22.515193339954514 ], [ 88.40858230231602, 22.51524892551096 ], [ 88.408587688521877, 22.515297122958952 ], [ 88.408605203062805, 22.515324532222227 ], [ 88.408634998143597, 22.515347234152198 ], [ 88.408679299381149, 22.515339936266294 ], [ 88.408770779818155, 22.515368965929113 ], [ 88.408780813004853, 22.515387253798284 ], [ 88.408781008721164, 22.515407929182025 ], [ 88.408756491147287, 22.515421938395033 ], [ 88.408751713757596, 22.515438064373519 ], [ 88.408774049230018, 22.515453942166715 ], [ 88.408803626898447, 22.515453671414058 ], [ 88.408811108302771, 22.515462792784305 ], [ 88.408833878730576, 22.515524615864262 ], [ 88.408858766024224, 22.515549660139826 ], [ 88.408864195839001, 22.515602452100765 ], [ 88.408906510802083, 22.515645716535964 ], [ 88.408916892009486, 22.515700760628466 ], [ 88.408926838245293, 22.515709859427069 ] ] ] } },
{ "type": "Feature", "properties": { "ward": 108, "source_sheet": "108_ruby.pdf p2", "source": "KMC ward sewerage network map (ArcMap GeoPDF)", "extraction_method": "geopdf_raster_polygonised", "georef_max_residual_m": 2.8 }, "geometry": { "type": "Polygon", "coordinates": [ [ [ 88.414745481819622, 22.515576074158638 ], [ 88.414797177112419, 22.515568706639662 ], [ 88.415221752056013, 22.515371817083512 ], [ 88.415057148427621, 22.51491154096497 ], [ 88.41524150501516, 22.514857004547572 ], [ 88.415200713600441, 22.51471493707708 ], [ 88.415109621518397, 22.514467648861839 ], [ 88.414846392332763, 22.514522910072888 ], [ 88.414706271048345, 22.514563254730746 ], [ 88.414381924135512, 22.514671918469883 ], [ 88.414367288284708, 22.514688135171887 ], [ 88.414367397473583, 22.514699621469731 ], [ 88.414455259263988, 22.514866528727474 ], [ 88.414510751369548, 22.514999271485159 ], [ 88.41458583088658, 22.515118049452738 ], [ 88.414654062228294, 22.515294326812111 ], [ 88.414667806038636, 22.51544353539019 ], [ 88.414690644551669, 22.515512249285269 ], [ 88.414713286488677, 22.515560287844583 ], [ 88.414745481819622, 22.515576074158638 ] ] ] } },
{ "type": "Feature", "properties": { "ward": 108, "source_sheet": "108_ruby.pdf p2", "source": "KMC ward sewerage network map (ArcMap GeoPDF)", "extraction_method": "geopdf_raster_polygonised", "georef_max_residual_m": 2.8 }, "geometry": { "type": "Polygon", "coordinates": [ [ [ 88.415405803188804, 22.515285118835312 ], [ 88.41548439250721, 22.51525452921517 ], [ 88.415486726160751, 22.515240723000286 ], [ 88.415321308618275, 22.514435835722846 ], [ 88.415316182378632, 22.514415205717931 ], [ 88.415308788037763, 22.514415273702795 ], [ 88.415188254161066, 22.514441653921384 ], [ 88.415163781157247, 22.514460258587761 ], [ 88.415114529231403, 22.514465306285736 ], [ 88.415114594781002, 22.514472198062432 ], [ 88.415205643171888, 22.51471489175664 ], [ 88.415317765161163, 22.51509983410903 ], [ 88.415405803188804, 22.515285118835312 ] ] ] } },
{ "type": "Feature", "properties": { "ward": 108, "source_sheet": "108_ruby.pdf p2", "source": "KMC ward sewerage network map (ArcMap GeoPDF)", "extraction_method": "geopdf_raster_polygonised", "georef_max_residual_m": 2.8 }, "geometry": { "type": "Polygon", "coordinates": [ [ [ 88.410504071924663, 22.514629389567002 ], [ 88.410526255027776, 22.514629186271438 ], [ 88.410555680075277, 22.514612834362556 ], [ 88.410555527652491, 22.51459675351915 ], [ 88.410572519873455, 22.514569028235336 ], [ 88.41057467981237, 22.514536843959341 ], [ 88.410609056184626, 22.514522744126644 ], [ 88.410613789779234, 22.514502023577286 ], [ 88.410630912632456, 22.51448808186802 ], [ 88.410662954858083, 22.514487788194327 ], [ 88.410690524822996, 22.514535782224229 ], [ 88.410705400655615, 22.514544835730444 ], [ 88.410722610613519, 22.51454008306451 ], [ 88.410742067580742, 22.514512335173187 ], [ 88.410776465706192, 22.514500532569045 ], [ 88.410776313258765, 22.514484451726936 ], [ 88.410748808609384, 22.514443349502027 ], [ 88.410755963410665, 22.514418011831289 ], [ 88.410780524150084, 22.514408596857791 ], [ 88.410767459775499, 22.51433060286972 ], [ 88.410779674803464, 22.5143190035933 ], [ 88.410779391688919, 22.514289139171574 ], [ 88.410769401890121, 22.514275445960447 ], [ 88.410680865698851, 22.514296934616585 ], [ 88.41038844911715, 22.514393810441536 ], [ 88.410373965206318, 22.514426107648411 ], [ 88.410401513288861, 22.514471804470375 ], [ 88.410401665692831, 22.514487885315091 ], [ 88.410377300855231, 22.51451797560464 ], [ 88.410340503212069, 22.514536692501796 ], [ 88.410340699151647, 22.514557367873945 ], [ 88.41036303464503, 22.514573245446289 ], [ 88.410424567264258, 22.514563491730151 ], [ 88.410442299782687, 22.514613873416714 ], [ 88.410489196094673, 22.514620336042061 ], [ 88.410504071924663, 22.514629389567002 ] ] ] } },
{ "type": "Feature", "properties": { "ward": 108, "source_sheet": "108_ruby.pdf p2", "source": "KMC ward sewerage network map (ArcMap GeoPDF)", "extraction_method": "geopdf_raster_polygonised", "georef_max_residual_m": 2.8 }, "geometry": { "type": "Polygon", "coordinates": [ [ [ 88.410653012703122, 22.514219076157453 ], [ 88.410697313445525, 22.514211777738996 ], [ 88.410724121165288, 22.514179367551723 ], [ 88.410768291224088, 22.514158285534943 ], [ 88.410768182335673, 22.514146799218629 ], [ 88.410718320529512, 22.514087522201311 ], [ 88.410715703312974, 22.514071463948945 ], [ 88.410643767431225, 22.514023876539181 ], [ 88.410631073360122, 22.513984936009297 ], [ 88.410635698061483, 22.513952729141799 ], [ 88.410605685241009, 22.513907054944877 ], [ 88.410593296035785, 22.51390027609952 ], [ 88.410563718720852, 22.513900547163971 ], [ 88.410443684930783, 22.513979760918023 ], [ 88.410434130627294, 22.51401201295549 ], [ 88.410436791354172, 22.514032665741517 ], [ 88.410446889963836, 22.514057845294303 ], [ 88.410531345664836, 22.514125995225626 ], [ 88.410553550461486, 22.514128089193896 ], [ 88.410565721942874, 22.514111895406479 ], [ 88.410602758967372, 22.514118448362041 ], [ 88.410610850110103, 22.514191893023433 ], [ 88.410623348219687, 22.514210158182784 ], [ 88.410653012703122, 22.514219076157453 ] ] ] } },
{ "type": "Feature", "properties": { "ward": 108, "source_sheet": "108_ruby.pdf p2", "source": "KMC ward sewerage network map (ArcMap GeoPDF)", "extraction_method": "geopdf_raster_polygonised", "georef_max_residual_m": 2.8 }, "geometry": { "type": "Polygon", "coordinates": [ [ [ 88.414496171674173, 22.514243541072762 ], [ 88.414523284233354, 22.514243291931791 ], [ 88.414592079609051, 22.514219685139395 ], [ 88.414665607934936, 22.514175357680987 ], [ 88.414795760524242, 22.514123617393754 ], [ 88.414819796632912, 22.514059067597163 ], [ 88.414814561261935, 22.514026951274229 ], [ 88.414628913647618, 22.513686335868424 ], [ 88.414272548491184, 22.513797591011013 ], [ 88.414295670356665, 22.513896169378043 ], [ 88.414350899829543, 22.514001345116657 ], [ 88.414424103476748, 22.514182171866572 ], [ 88.414449056987522, 22.51421410702136 ], [ 88.414496171674173, 22.514243541072762 ] ] ] } },
{ "type": "Feature", "properties": { "ward": 108, "source_sheet": "108_ruby.pdf p2", "source": "KMC ward sewerage network map (ArcMap GeoPDF)", "extraction_method": "geopdf_raster_polygonised", "georef_max_residual_m": 2.8 }, "geometry": { "type": "Polygon", "coordinates": [ [ [ 88.411416923311847, 22.513934080022331 ], [ 88.411458759135925, 22.513926804002313 ], [ 88.411517347219359, 22.513866532711059 ], [ 88.411517238270719, 22.513855046398007 ], [ 88.411504827240464, 22.51384597036218 ], [ 88.41148273142835, 22.513855362836729 ], [ 88.411467920992536, 22.513853201188393 ], [ 88.411433087325207, 22.51381905867602 ], [ 88.411447636294795, 22.513793653175448 ], [ 88.411434745932937, 22.513734037353828 ], [ 88.41145904503891, 22.513697055132027 ], [ 88.411458892518937, 22.513680974293003 ], [ 88.4114489680681, 22.513674172912431 ], [ 88.411426785126267, 22.513674376327288 ], [ 88.411397425745591, 22.513697620170138 ], [ 88.411274753577899, 22.513758479010736 ], [ 88.411297328682551, 22.513799626347428 ], [ 88.411302585021829, 22.51383404009065 ], [ 88.411322477507952, 22.513852237394097 ], [ 88.411369330011951, 22.513854105249159 ], [ 88.411381806397216, 22.513870073084075 ], [ 88.411392079462686, 22.513913630671659 ], [ 88.411416923311847, 22.513934080022331 ] ] ] } },
{ "type": "Feature", "properties": { "ward": 108, "source_sheet": "108_ruby.pdf p2", "source": "KMC ward sewerage network map (ArcMap GeoPDF)", "extraction_method": "geopdf_raster_polygonised", "georef_max_residual_m": 2.8 }, "geometry": { "type": "Polygon", "coordinates": [ [ [ 88.412773531281346, 22.513765407062724 ], [ 88.412839949241857, 22.513751012682249 ], [ 88.412901328583089, 22.513725177216894 ], [ 88.412957909240276, 22.513713170546602 ], [ 88.412967681067656, 22.513703891001597 ], [ 88.412969862261846, 22.513674003980498 ], [ 88.412954397433737, 22.513602924631336 ], [ 88.412929226243634, 22.513548016606144 ], [ 88.412923991332264, 22.513515900196314 ], [ 88.41290658527781, 22.513499977735734 ], [ 88.412881850363732, 22.513491014928054 ], [ 88.412830133888235, 22.513496084537834 ], [ 88.412685323292024, 22.513561742540755 ], [ 88.412773531281346, 22.513765407062724 ] ] ] } },
{ "type": "Feature", "properties": { "ward": 108, "source_sheet": "108_ruby.pdf p2", "source": "KMC ward sewerage network map (ArcMap GeoPDF)", "extraction_method": "geopdf_raster_polygonised", "georef_max_residual_m": 2.8 }, "geometry": { "type": "Polygon", "coordinates": [ [ [ 88.411307414563922, 22.513043668642496 ], [ 88.411327132646008, 22.513043487848627 ], [ 88.411326914789612, 22.513020515218294 ], [ 88.411203480741477, 22.513000969770733 ], [ 88.411203785711649, 22.513033131454957 ], [ 88.411307414563922, 22.513043668642496 ] ] ] } },
{ "type": "Feature", "properties": { "ward": 108, "source_sheet": "108_ruby.pdf p2", "source": "KMC ward sewerage network map (ArcMap GeoPDF)", "extraction_method": "geopdf_raster_polygonised", "georef_max_residual_m": 2.8 }, "geometry": { "type": "Polygon", "coordinates": [ [ [ 88.414809402506279, 22.513225185078504 ], [ 88.414826590293288, 22.513218134729097 ], [ 88.414900554924486, 22.513219752378692 ], [ 88.414944636602669, 22.513189480223954 ], [ 88.414974170017729, 22.513184613843915 ], [ 88.414993778856342, 22.5131729463032 ], [ 88.414993473007158, 22.513140784671766 ], [ 88.415044490122099, 22.513062202078238 ], [ 88.415044227957083, 22.513034634965805 ], [ 88.415034063076291, 22.51300256395912 ], [ 88.414972007270435, 22.51295718516003 ], [ 88.414935014102809, 22.512955227722557 ], [ 88.414908098402336, 22.512976152255703 ], [ 88.41489664841049, 22.513068155906765 ], [ 88.4148626005409, 22.513116715509785 ], [ 88.414820983623983, 22.513146964989136 ], [ 88.41475709648843, 22.51316822928958 ], [ 88.414774677441528, 22.513202529618688 ], [ 88.414809402506279, 22.513225185078504 ] ] ] } },
{ "type": "Feature", "properties": { "ward": 108, "source_sheet": "108_ruby.pdf p2", "source": "KMC ward sewerage network map (ArcMap GeoPDF)", "extraction_method": "geopdf_raster_polygonised", "georef_max_residual_m": 2.8 }, "geometry": { "type": "Polygon", "coordinates": [ [ [ 88.414150067099186, 22.513100288210659 ], [ 88.414184551881135, 22.513097673949858 ], [ 88.414233650539799, 22.513076545737668 ], [ 88.414240913809934, 22.513062694244887 ], [ 88.414237488368869, 22.512961637441197 ], [ 88.414217748490046, 22.512959521330561 ], [ 88.414173513883298, 22.512973712469755 ], [ 88.414121754007496, 22.512974187961927 ], [ 88.414102188779296, 22.512990449919645 ], [ 88.414097630400335, 22.513029548628506 ], [ 88.414105483134421, 22.513077723169186 ], [ 88.414150067099186, 22.513100288210659 ] ] ] } },
{ "type": "Feature", "properties": { "ward": 108, "source_sheet": "108_ruby.pdf p2", "source": "KMC ward sewerage network map (ArcMap GeoPDF)", "extraction_method": "geopdf_raster_polygonised", "georef_max_residual_m": 2.8 }, "geometry": { "type": "Polygon", "coordinates": [ [ [ 88.411164284199231, 22.513026601220346 ], [ 88.411184002280137, 22.51302642044412 ], [ 88.411183675531419, 22.512991961496414 ], [ 88.410840943267502, 22.512981318553845 ], [ 88.410841095710438, 22.512997399398504 ], [ 88.411164284199231, 22.513026601220346 ] ] ] } },
{ "type": "Feature", "properties": { "ward": 108, "source_sheet": "108_ruby.pdf p2", "source": "KMC ward sewerage network map (ArcMap GeoPDF)", "extraction_method": "geopdf_raster_polygonised", "georef_max_residual_m": 2.8 }, "geometry": { "type": "Polygon", "coordinates": [ [ [ 88.410513391470474, 22.513011890107581 ], [ 88.410565020803489, 22.512997632191571 ], [ 88.410621666740653, 22.512992518137484 ], [ 88.410821312298978, 22.512990688341912 ], [ 88.410821203412837, 22.512979202024194 ], [ 88.410540264337826, 22.512986371747399 ], [ 88.410505844784495, 22.512995877021179 ], [ 88.410513391470474, 22.513011890107581 ] ] ] } },
{ "type": "Feature", "properties": { "ward": 108, "source_sheet": "108_ruby.pdf p2", "source": "KMC ward sewerage network map (ArcMap GeoPDF)", "extraction_method": "geopdf_raster_polygonised", "georef_max_residual_m": 2.8 }, "geometry": { "type": "Polygon", "coordinates": [ [ [ 88.413440084722069, 22.512833411039157 ], [ 88.413587969972099, 22.512832053079581 ], [ 88.413587686276315, 22.512802188688269 ], [ 88.41327217597987, 22.512802788239426 ], [ 88.413272415972784, 22.512828058112429 ], [ 88.413440084722069, 22.512833411039157 ] ] ] } },
{ "type": "Feature", "properties": { "ward": 108, "source_sheet": "108_ruby.pdf p2", "source": "KMC ward sewerage network map (ArcMap GeoPDF)", "extraction_method": "geopdf_raster_polygonised", "georef_max_residual_m": 2.8 }, "geometry": { "type": "Polygon", "coordinates": [ [ [ 88.413632335544975, 22.512831645665237 ], [ 88.413802228954737, 22.512811705711865 ], [ 88.413839091122213, 22.512799879848721 ], [ 88.413839025641565, 22.512792988066828 ], [ 88.413831434941557, 22.512772380633702 ], [ 88.413811716919412, 22.512772561732191 ], [ 88.413644353783425, 22.512799370841016 ], [ 88.413607382481544, 22.512799710356134 ], [ 88.41360766618152, 22.512829574747201 ], [ 88.413632335544975, 22.512831645665237 ] ] ] } },
{ "type": "Feature", "properties": { "ward": 108, "source_sheet": "108_ruby.pdf p2", "source": "KMC ward sewerage network map (ArcMap GeoPDF)", "extraction_method": "geopdf_raster_polygonised", "georef_max_residual_m": 2.8 }, "geometry": { "type": "Polygon", "coordinates": [ [ [ 88.411393746531928, 22.5130497694404 ], [ 88.411622903854095, 22.513040775651085 ], [ 88.411775501030618, 22.513016401510392 ], [ 88.412311771995221, 22.512901203878236 ], [ 88.412449449499746, 22.512863181225459 ], [ 88.41264390351607, 22.512833827271066 ], [ 88.412897511541161, 22.512803930139967 ], [ 88.4131047690408, 22.512825002271729 ], [ 88.413252654303491, 22.512823644620493 ], [ 88.413252457948616, 22.512802969269682 ], [ 88.41315860095672, 22.512783153778706 ], [ 88.413064853058799, 22.512774824538571 ], [ 88.412919410778088, 22.512773862129684 ], [ 88.412525464435504, 22.512821129384722 ], [ 88.412296743638606, 22.512876069680178 ], [ 88.412050703948097, 22.512924276145938 ], [ 88.41189579474225, 22.51296475398561 ], [ 88.411578167749397, 22.513002129047912 ], [ 88.411474647858313, 22.513003078348572 ], [ 88.411403256982638, 22.513012922831123 ], [ 88.411346523938548, 22.513008848107113 ], [ 88.411346894299882, 22.513047901578371 ], [ 88.411393746531928, 22.5130497694404 ] ] ] } },
{ "type": "Feature", "properties": { "ward": 108, "source_sheet": "108_ruby.pdf p2", "source": "KMC ward sewerage network map (ArcMap GeoPDF)", "extraction_method": "geopdf_raster_polygonised", "georef_max_residual_m": 2.8 }, "geometry": { "type": "Polygon", "coordinates": [ [ [ 88.414523989643854, 22.513021036518452 ], [ 88.414568333419737, 22.513018331583336 ], [ 88.414671416365408, 22.512971435098617 ], [ 88.414658612095323, 22.512921008635505 ], [ 88.414665831633414, 22.512902562606325 ], [ 88.414667772211558, 22.512847405721004 ], [ 88.414659897461476, 22.512796933955951 ], [ 88.414667204356121, 22.512787676966038 ], [ 88.41464011392263, 22.512790223376523 ], [ 88.414563400859265, 22.512758763864987 ], [ 88.414519035327658, 22.512759171534608 ], [ 88.414450393504836, 22.512798859083595 ], [ 88.414413509561612, 22.512808387823974 ], [ 88.414401338651075, 22.512824581875996 ], [ 88.414408929437315, 22.512845189277638 ], [ 88.414441276948239, 22.512877056511932 ], [ 88.414464180365911, 22.512952662267725 ], [ 88.414469546626435, 22.512998562172164 ], [ 88.414523989643854, 22.513021036518452 ] ] ] } },
{ "type": "Feature", "properties": { "ward": 108, "source_sheet": "108_ruby.pdf p2", "source": "KMC ward sewerage network map (ArcMap GeoPDF)", "extraction_method": "geopdf_raster_polygonised", "georef_max_residual_m": 2.8 }, "geometry": { "type": "Polygon", "coordinates": [ [ [ 88.41467632403527, 22.512969092537794 ], [ 88.414698397626807, 22.512957402382455 ], [ 88.414735325269305, 22.512952468095342 ], [ 88.414831166746438, 22.512921720284858 ], [ 88.415001300326594, 22.512927048923554 ], [ 88.415055328295125, 22.512905875158751 ], [ 88.41496622199702, 22.51260802436801 ], [ 88.414894766129777, 22.512610978597486 ], [ 88.414857947802744, 22.512627399214786 ], [ 88.414831075836659, 22.512652918252595 ], [ 88.414809417317116, 22.512708256357868 ], [ 88.414782698223746, 22.512749856206586 ], [ 88.414748431965293, 22.512775443188044 ], [ 88.414672133860378, 22.512787631665429 ], [ 88.41467076114175, 22.512902517305555 ], [ 88.414663541604313, 22.512920963334921 ], [ 88.41467632403527, 22.512969092537794 ] ] ] } },
{ "type": "Feature", "properties": { "ward": 108, "source_sheet": "108_ruby.pdf p2", "source": "KMC ward sewerage network map (ArcMap GeoPDF)", "extraction_method": "geopdf_raster_polygonised", "georef_max_residual_m": 2.8 }, "geometry": { "type": "Polygon", "coordinates": [ [ [ 88.413858743666381, 22.512792806964857 ], [ 88.414170850327181, 22.51269344671439 ], [ 88.414335289919237, 22.512618417250867 ], [ 88.41457114150019, 22.512535839055051 ], [ 88.41475311783509, 22.512490515021504 ], [ 88.414809741482273, 22.512483102252109 ], [ 88.414918299550507, 22.51249359181838 ], [ 88.414898144696991, 22.512447827854356 ], [ 88.414878426730041, 22.51244800908108 ], [ 88.414735646194273, 22.512467700981404 ], [ 88.414474907149483, 22.512525236020117 ], [ 88.414246406101967, 22.512603151625662 ], [ 88.414081966474086, 22.512678181000069 ], [ 88.413853530407891, 22.512762987852522 ], [ 88.413858743666381, 22.512792806964857 ] ] ] } },
{ "type": "Feature", "properties": { "ward": 108, "source_sheet": "108_ruby.pdf p2", "source": "KMC ward sewerage network map (ArcMap GeoPDF)", "extraction_method": "geopdf_raster_polygonised", "georef_max_residual_m": 2.8 }, "geometry": { "type": "Polygon", "coordinates": [ [ [ 88.414962577609273, 22.512483995004693 ], [ 88.415223731466568, 22.512470107118055 ], [ 88.415573266395967, 22.51241864679243 ], [ 88.415706318886052, 22.512412828374693 ], [ 88.41613177945213, 22.512310124507344 ], [ 88.416136031144731, 22.512238864148891 ], [ 88.415868117610714, 22.512319441997978 ], [ 88.41515175132615, 22.512417927231528 ], [ 88.415001445563504, 22.512423903778615 ], [ 88.414944843799233, 22.512433613873377 ], [ 88.414962577609273, 22.512483995004693 ] ] ] } },
{ "type": "Feature", "properties": { "ward": 108, "source_sheet": "108_ruby.pdf p2", "source": "KMC ward sewerage network map (ArcMap GeoPDF)", "extraction_method": "geopdf_raster_polygonised", "georef_max_residual_m": 2.8 }, "geometry": { "type": "Polygon", "coordinates": [ [ [ 88.415090603392358, 22.518428643437606 ], [ 88.415235526940549, 22.518374469395237 ], [ 88.414970581666836, 22.517990932231488 ], [ 88.41448593628408, 22.517315338944595 ], [ 88.414227996594406, 22.516890381682753 ], [ 88.413501588820296, 22.51619403155231 ], [ 88.412981468551337, 22.515674986141391 ], [ 88.411812722018269, 22.514601309069043 ], [ 88.411150923546259, 22.513957196138112 ], [ 88.410672677981765, 22.513433163564812 ], [ 88.41038170945032, 22.513162431901922 ], [ 88.409542642742011, 22.512278702144744 ], [ 88.409408415155781, 22.512160463156722 ], [ 88.409378794690809, 22.512156139454277 ], [ 88.409361650225364, 22.512167783760759 ], [ 88.40919779540377, 22.512304834422263 ], [ 88.409359069975778, 22.512415933536982 ], [ 88.409642423133917, 22.512663762326937 ], [ 88.410160294298635, 22.513208112419985 ], [ 88.410583310576712, 22.513626969503097 ], [ 88.411499301775976, 22.514562829286433 ], [ 88.412103782254405, 22.515140840033713 ], [ 88.412596522721827, 22.515632570287949 ], [ 88.412611529648913, 22.515655407170584 ], [ 88.412272411307626, 22.515766499849299 ], [ 88.41202658455164, 22.515837679139629 ], [ 88.41128892834405, 22.516032836734084 ], [ 88.410885156340953, 22.516084785389484 ], [ 88.410488517121252, 22.516109098123501 ], [ 88.409675149602336, 22.516118847812852 ], [ 88.409584125470985, 22.516138061242852 ], [ 88.409458528592424, 22.516150698864916 ], [ 88.409357666888781, 22.516172299727621 ], [ 88.409308718625596, 22.516209507387522 ], [ 88.409291725963328, 22.516237232555643 ], [ 88.409289565723142, 22.516269416824418 ], [ 88.40931918707075, 22.516273740496381 ], [ 88.409964099050356, 22.51617593490943 ], [ 88.41023267702775, 22.516164284264001 ], [ 88.410494056463719, 22.516173376307865 ], [ 88.411023752343709, 22.516143248813052 ], [ 88.411380780133072, 22.516100918315921 ], [ 88.411848092120209, 22.515990949032997 ], [ 88.41274303680207, 22.515746098618138 ], [ 88.413252991751023, 22.516233073711486 ], [ 88.414180490744542, 22.517079209867006 ], [ 88.414670675181782, 22.51781908213685 ], [ 88.415090603392358, 22.518428643437606 ] ] ] } },
{ "type": "Feature", "properties": { "ward": 108, "source_sheet": "108_ruby.pdf p2", "source": "KMC ward sewerage network map (ArcMap GeoPDF)", "extraction_method": "geopdf_raster_polygonised", "georef_max_residual_m": 2.8 }, "geometry": { "type": "Polygon", "coordinates": [ [ [ 88.402644080849029, 22.512371596308959 ], [ 88.402759816237264, 22.512359054011998 ], [ 88.402828894373158, 22.512365316717453 ], [ 88.402846104384778, 22.512360564892411 ], [ 88.402850817451124, 22.512337547239021 ], [ 88.40284307686639, 22.512300858301124 ], [ 88.402862535176368, 22.512273111290376 ], [ 88.402899225119114, 22.51224290971917 ], [ 88.402918553535457, 22.512201379073371 ], [ 88.402989403649272, 22.512134106557017 ], [ 88.40301804985269, 22.51203505423047 ], [ 88.403071841418026, 22.511988614424048 ], [ 88.403118087157495, 22.511926161119952 ], [ 88.403194429431849, 22.511918572632609 ], [ 88.403208828221977, 22.511877086904814 ], [ 88.403233389102013, 22.511867673076789 ], [ 88.403267527505406, 22.511828304819026 ], [ 88.403345251845067, 22.511705830226838 ], [ 88.403400750060356, 22.511578963352306 ], [ 88.403407559654894, 22.511516869598935 ], [ 88.403380209317916, 22.511491846857737 ], [ 88.403382262659875, 22.511448176227294 ], [ 88.403411774586075, 22.511441014694508 ], [ 88.403421720160139, 22.511450113871913 ], [ 88.403441438083689, 22.511449934054962 ], [ 88.403463469170148, 22.511433650859651 ], [ 88.403470430310819, 22.51138763800278 ], [ 88.403506686800924, 22.511311490884797 ], [ 88.403506491910832, 22.511290815444067 ], [ 88.403486644085774, 22.511277211640522 ], [ 88.403483919499976, 22.511249666863609 ], [ 88.403498513032687, 22.511228856555533 ], [ 88.403552369097071, 22.511189308421709 ], [ 88.40355431411065, 22.511134151434511 ], [ 88.403585749306529, 22.511069535615267 ], [ 88.403572970878258, 22.511021405315262 ], [ 88.403569315114424, 22.51089507787659 ], [ 88.403559153024702, 22.510863005993535 ], [ 88.403573768163596, 22.51084449295157 ], [ 88.403576059652551, 22.51082609230275 ], [ 88.403541293589313, 22.510798839746215 ], [ 88.403533661205429, 22.510773637196245 ], [ 88.403518786219081, 22.510764582978659 ], [ 88.403518612986801, 22.510746204807969 ], [ 88.40349364090396, 22.510711970513722 ], [ 88.403493294447188, 22.510675214171677 ], [ 88.403475543336853, 22.510622534269903 ], [ 88.403502438783647, 22.510599314306209 ], [ 88.403502265555019, 22.510580936135014 ], [ 88.40347251563071, 22.510562827689828 ], [ 88.403445403659092, 22.510563074933941 ], [ 88.403425772470499, 22.510572443830888 ], [ 88.403413405541812, 22.510567961668627 ], [ 88.403407999748794, 22.510517466647546 ], [ 88.403397967638924, 22.510499178378716 ], [ 88.403410031433779, 22.510471498741286 ], [ 88.403427197886771, 22.51046215232299 ], [ 88.403439348282348, 22.510443661769724 ], [ 88.403438958540136, 22.510402310882572 ], [ 88.403423715515999, 22.510354203037359 ], [ 88.403435649381706, 22.510312739769173 ], [ 88.403435237991147, 22.510269091609729 ], [ 88.403410136110892, 22.510221073665619 ], [ 88.403434090433691, 22.510147336216324 ], [ 88.403425960121211, 22.510069296409345 ], [ 88.403435559162631, 22.510041639246502 ], [ 88.403435256036971, 22.510009477443752 ], [ 88.403402825020308, 22.509968418736943 ], [ 88.403404445337216, 22.509878802665913 ], [ 88.403396921293194, 22.509865086461364 ], [ 88.403406541979933, 22.509839726571709 ], [ 88.403391515548577, 22.509814591433756 ], [ 88.403415274963592, 22.509720178541141 ], [ 88.403416873627933, 22.509628265196113 ], [ 88.403376940337836, 22.509575787543838 ], [ 88.40336649695449, 22.509513851102533 ], [ 88.403368636908695, 22.509479369550526 ], [ 88.403393045808826, 22.509453874814785 ], [ 88.403407032964409, 22.509368740908133 ], [ 88.403481641677899, 22.509177370610363 ], [ 88.403483478480609, 22.509110727251482 ], [ 88.403468387168445, 22.509078700299625 ], [ 88.403469076466365, 22.508890301529302 ], [ 88.403516356750885, 22.50867620572755 ], [ 88.40355032112285, 22.508618459263452 ], [ 88.403550082949508, 22.508593189272371 ], [ 88.403525111277403, 22.5085589549548 ], [ 88.403519965383609, 22.508536027186977 ], [ 88.40348526488286, 22.508515666397059 ], [ 88.403470108691039, 22.508476747623707 ], [ 88.403430262337906, 22.508433459049861 ], [ 88.403382697214639, 22.508355778803473 ], [ 88.403323220037038, 22.508321859075323 ], [ 88.403286249759987, 22.508322196160677 ], [ 88.403249431010138, 22.508338614143565 ], [ 88.403091864286651, 22.50835843042351 ], [ 88.403043003435585, 22.508404825248146 ], [ 88.402993926124466, 22.50842824733428 ], [ 88.402959442143427, 22.508430859150895 ], [ 88.402932200731229, 22.508417322652065 ], [ 88.402875512924311, 22.508417839377181 ], [ 88.40277223408512, 22.508444052910715 ], [ 88.40271576264503, 22.508467542307837 ], [ 88.402381235615763, 22.508541812457768 ], [ 88.402324785694589, 22.508567598995981 ], [ 88.402150333383616, 22.508626625221652 ], [ 88.402096348073584, 22.508652389228438 ], [ 88.402074382120986, 22.508675564047817 ], [ 88.402077690302491, 22.508765135253554 ], [ 88.402090273312311, 22.508792590262704 ], [ 88.402100240233281, 22.508803986811998 ], [ 88.402127351877695, 22.508803739811743 ], [ 88.402142291450858, 22.508819685995043 ], [ 88.402142486112922, 22.508840361454098 ], [ 88.402108283174911, 22.508872837646532 ], [ 88.402089084684917, 22.50892815183996 ], [ 88.402101927256837, 22.508983174125554 ], [ 88.402100500734022, 22.509093465694193 ], [ 88.402110813741643, 22.509141618612123 ], [ 88.402119354189324, 22.509263306724183 ], [ 88.402142250295142, 22.509338914639176 ], [ 88.40219011794386, 22.509448757083184 ], [ 88.402208019815916, 22.509517518077406 ], [ 88.40220129625142, 22.509588800909128 ], [ 88.402214398518609, 22.5096713904511 ], [ 88.402207437011285, 22.509717403279982 ], [ 88.402267606790716, 22.509824836128768 ], [ 88.402266029003442, 22.509919046771877 ], [ 88.402301573392421, 22.510029001449446 ], [ 88.402299952367684, 22.510118617544098 ], [ 88.402329961658012, 22.510164293491609 ], [ 88.402330286164229, 22.510198752581527 ], [ 88.402313422531307, 22.51024026070256 ], [ 88.402321876744793, 22.510352759684828 ], [ 88.402339670653163, 22.510410034284735 ], [ 88.402337876589257, 22.510481272194124 ], [ 88.402345573643572, 22.510513366631198 ], [ 88.402358027076076, 22.510527037967677 ], [ 88.402355778696588, 22.510550033152857 ], [ 88.402383150299073, 22.510577353362283 ], [ 88.40234989893959, 22.510710909608232 ], [ 88.402352471841709, 22.510722373510745 ], [ 88.402379692033108, 22.510733612811308 ], [ 88.402389745666866, 22.510754198421477 ], [ 88.402393638340385, 22.510905795940296 ], [ 88.402386655219601, 22.510949511497834 ], [ 88.402394222503119, 22.510967822294653 ], [ 88.402394720124946, 22.511020659559087 ], [ 88.402387672093766, 22.511057483299282 ], [ 88.402413141613437, 22.511144555037607 ], [ 88.402401272289609, 22.511192910061947 ], [ 88.402399824449191, 22.511300904320677 ], [ 88.402390225125828, 22.511328561432517 ], [ 88.402396106596782, 22.51142959648956 ], [ 88.402376648298514, 22.511457343445475 ], [ 88.402357060178687, 22.511471306765742 ], [ 88.402349947214915, 22.51150123868716 ], [ 88.402352628313679, 22.511524188949142 ], [ 88.402370141145269, 22.511551598990327 ], [ 88.40241718763636, 22.511574144946966 ], [ 88.402459456116418, 22.511612816718753 ], [ 88.402477033894087, 22.511647118562692 ], [ 88.402487606929398, 22.511722838690254 ], [ 88.40247119758213, 22.511812589540575 ], [ 88.402475566482451, 22.512014727016179 ], [ 88.402466573001419, 22.512106707747598 ], [ 88.402422532006938, 22.512141571154743 ], [ 88.402417862148511, 22.512169183343431 ], [ 88.402455612434281, 22.512251548195991 ], [ 88.402451007494449, 22.512286052200967 ], [ 88.402458531592913, 22.512299768443803 ], [ 88.402493124739621, 22.512308643045788 ], [ 88.402517945420271, 22.512326796583544 ], [ 88.40258449385712, 22.512326190043751 ], [ 88.402644080849029, 22.512371596308959 ] ] ] } },
{ "type": "Feature", "properties": { "ward": 108, "source_sheet": "108_ruby.pdf p2", "source": "KMC ward sewerage network map (ArcMap GeoPDF)", "extraction_method": "geopdf_raster_polygonised", "georef_max_residual_m": 2.8 }, "geometry": { "type": "Polygon", "coordinates": [ [ [ 88.406834894011737, 22.508236960114388 ], [ 88.406916141616293, 22.508227027651294 ], [ 88.406928334769276, 22.508213131400872 ], [ 88.406912808648727, 22.508135159428981 ], [ 88.406915099669348, 22.508116758751498 ], [ 88.406937151522939, 22.508102772390821 ], [ 88.406939485955093, 22.5080889662506 ], [ 88.406919703416406, 22.508082254665169 ], [ 88.406892353194863, 22.508057232508069 ], [ 88.406860355811006, 22.508062119893665 ], [ 88.406835926101479, 22.508085317845541 ], [ 88.406844253490945, 22.508184032826414 ], [ 88.406822483789369, 22.508227883670099 ], [ 88.406834894011737, 22.508236960114388 ] ] ] } },
{ "type": "Feature", "properties": { "ward": 108, "source_sheet": "108_ruby.pdf p2", "source": "KMC ward sewerage network map (ArcMap GeoPDF)", "extraction_method": "geopdf_raster_polygonised", "georef_max_residual_m": 2.8 }, "geometry": { "type": "Polygon", "coordinates": [ [ [ 88.41017722040128, 22.507969738879691 ], [ 88.410219054532462, 22.507962463265336 ], [ 88.410305318028705, 22.507961673018468 ], [ 88.410327391253276, 22.507949983477364 ], [ 88.410351776798763, 22.507922190495499 ], [ 88.410371450634756, 22.507917415324904 ], [ 88.410373567080427, 22.507880636497887 ], [ 88.410358692006724, 22.507871582916081 ], [ 88.410262439316426, 22.507858679909319 ], [ 88.410232906805703, 22.507863545378463 ], [ 88.410196176133198, 22.507889153965127 ], [ 88.41017397234144, 22.507887059894625 ], [ 88.410139184078062, 22.50785751151615 ], [ 88.410114189226817, 22.50782098102809 ], [ 88.410081974456801, 22.507802896388142 ], [ 88.41004989024637, 22.507798595335952 ], [ 88.410013050764121, 22.507812717552877 ], [ 88.409981554005071, 22.507870442664441 ], [ 88.409974399326785, 22.507895780310683 ], [ 88.409981989156364, 22.507916387980774 ], [ 88.409994377783775, 22.507923166906924 ], [ 88.410058459226647, 22.5079225799611 ], [ 88.41017722040128, 22.507969738879691 ] ] ] } },
{ "type": "Feature", "properties": { "ward": 108, "source_sheet": "108_ruby.pdf p2", "source": "KMC ward sewerage network map (ArcMap GeoPDF)", "extraction_method": "geopdf_raster_polygonised", "georef_max_residual_m": 2.8 }, "geometry": { "type": "Polygon", "coordinates": [ [ [ 88.409157750442148, 22.512240872044863 ], [ 88.409319183991073, 22.512108438523274 ], [ 88.409318966477102, 22.512085465870552 ], [ 88.40929405801127, 22.512058124362877 ], [ 88.40882389431215, 22.511605233023904 ], [ 88.408522748230894, 22.511300128805146 ], [ 88.40818197225957, 22.510974709339088 ], [ 88.407736397890531, 22.510514697098582 ], [ 88.407034811767076, 22.509829574800204 ], [ 88.406840589136593, 22.509622280665042 ], [ 88.406121477077789, 22.508907447045125 ], [ 88.405885357400251, 22.508700534362184 ], [ 88.405467429890223, 22.508295401804769 ], [ 88.405044206979454, 22.507851259414238 ], [ 88.40500944142569, 22.507824007141707 ], [ 88.404952688888372, 22.507817632773193 ], [ 88.404886619490696, 22.507868780139759 ], [ 88.404803514029709, 22.507943057655588 ], [ 88.404815989119811, 22.507959026076442 ], [ 88.405567390796676, 22.508701140850292 ], [ 88.405592254550697, 22.508723888474108 ], [ 88.405626933700461, 22.508741951521127 ], [ 88.405748722878272, 22.508848820247294 ], [ 88.405795812297271, 22.508875959781946 ], [ 88.405810925797908, 22.508910283759779 ], [ 88.405811207765765, 22.50894014826476 ], [ 88.405928176328914, 22.509058548206553 ], [ 88.409157750442148, 22.512240872044863 ] ] ] } },
{ "type": "Feature", "properties": { "ward": 108, "source_sheet": "108_ruby.pdf p2", "source": "KMC ward sewerage network map (ArcMap GeoPDF)", "extraction_method": "geopdf_raster_polygonised", "georef_max_residual_m": 2.8 }, "geometry": { "type": "Polygon", "coordinates": [ [ [ 88.401712612617089, 22.508474384547238 ], [ 88.403896296183433, 22.507928360526186 ], [ 88.403880035460745, 22.507772280928872 ], [ 88.403865139130133, 22.507760929452939 ], [ 88.40384542173328, 22.507761109295132 ], [ 88.40372990683511, 22.507796624898948 ], [ 88.402586515254185, 22.508091935132441 ], [ 88.40197910116801, 22.508242210124617 ], [ 88.401683728106235, 22.508286255022572 ], [ 88.401669069712938, 22.508300173350079 ], [ 88.401671664123924, 22.508313934545768 ], [ 88.401683965936598, 22.50831152503466 ], [ 88.401689025036234, 22.508325263782385 ], [ 88.401674301777135, 22.508332290289022 ], [ 88.401674431502116, 22.508346073931975 ], [ 88.401694170621582, 22.508348191625103 ], [ 88.401702105216685, 22.508405556126405 ], [ 88.401684874019438, 22.508408010534655 ], [ 88.401685046988177, 22.508426388724992 ], [ 88.401707207564996, 22.508423889420676 ], [ 88.401707380536834, 22.50844226761081 ], [ 88.401687684646149, 22.508444744467589 ], [ 88.401690365547438, 22.508467694757606 ], [ 88.401710018198173, 22.508460623352835 ], [ 88.401712612617089, 22.508474384547238 ] ] ] } },
{ "type": "Feature", "properties": { "ward": 108, "source_sheet": "108_ruby.pdf p2", "source": "KMC ward sewerage network map (ArcMap GeoPDF)", "extraction_method": "geopdf_raster_polygonised", "georef_max_residual_m": 2.8 }, "geometry": { "type": "Polygon", "coordinates": [ [ [ 88.408662107428498, 22.507792920999069 ], [ 88.408718599209394, 22.507771726846816 ], [ 88.408735851896523, 22.50777156896304 ], [ 88.408738381776786, 22.507778438209279 ], [ 88.408765471405943, 22.507775892834939 ], [ 88.408762332881537, 22.507704700111564 ], [ 88.408739911761074, 22.507679633169719 ], [ 88.408712735204418, 22.507672989470361 ], [ 88.408633909301543, 22.507678305729904 ], [ 88.408624333183198, 22.507708260416539 ], [ 88.408597613049807, 22.507749859309381 ], [ 88.40861514828805, 22.507779565912237 ], [ 88.408662107428498, 22.507792920999069 ] ] ] } },
{ "type": "Feature", "properties": { "ward": 108, "source_sheet": "108_ruby.pdf p2", "source": "KMC ward sewerage network map (ArcMap GeoPDF)", "extraction_method": "geopdf_raster_polygonised", "georef_max_residual_m": 2.8 }, "geometry": { "type": "Polygon", "coordinates": [ [ [ 88.403920877986138, 22.507921243898537 ], [ 88.404248268456243, 22.507874605378738 ], [ 88.404696601102287, 22.507845242250568 ], [ 88.404485002039294, 22.507624318727199 ], [ 88.404275613264787, 22.507637716580238 ], [ 88.403921631729403, 22.507739736947027 ], [ 88.403907016940749, 22.507758250008461 ], [ 88.403920877986138, 22.507921243898537 ] ] ] } },
{ "type": "Feature", "properties": { "ward": 108, "source_sheet": "108_ruby.pdf p2", "source": "KMC ward sewerage network map (ArcMap GeoPDF)", "extraction_method": "geopdf_raster_polygonised", "georef_max_residual_m": 2.8 }, "geometry": { "type": "Polygon", "coordinates": [ [ [ 88.409550084456015, 22.507858311692043 ], [ 88.409591962098659, 22.507855630773005 ], [ 88.409653187314234, 22.507813715767131 ], [ 88.409660124527377, 22.507765405470469 ], [ 88.409693759781206, 22.507673198853535 ], [ 88.409693564008322, 22.507652523458052 ], [ 88.409555064177866, 22.507603247432211 ], [ 88.408865465840918, 22.507402788220709 ], [ 88.408811308469296, 22.507410176258222 ], [ 88.408786879211078, 22.507433374485423 ], [ 88.408784805818726, 22.507474747848942 ], [ 88.408805023099262, 22.507527404547169 ], [ 88.408790517695437, 22.507557404353374 ], [ 88.408770952529849, 22.507573665666648 ], [ 88.408751256938345, 22.507576143375076 ], [ 88.408741550430989, 22.507592314464695 ], [ 88.408751648202596, 22.507617494183041 ], [ 88.408783949720856, 22.507644768168898 ], [ 88.408803580107758, 22.507635398654891 ], [ 88.408828226778553, 22.507635173094311 ], [ 88.408852960403536, 22.507644136597946 ], [ 88.408914577082484, 22.507643572670347 ], [ 88.408931916712021, 22.507652603834071 ], [ 88.409025661031762, 22.507660935675901 ], [ 88.409050438156228, 22.507674493681883 ], [ 88.40908036204533, 22.507710979231131 ], [ 88.409137419049941, 22.507749513870966 ], [ 88.409216331938197, 22.507753386430302 ], [ 88.409236136268404, 22.507762394997116 ], [ 88.409243639001176, 22.507773813642025 ], [ 88.409401943260619, 22.507832098476985 ], [ 88.409550084456015, 22.507858311692043 ] ] ] } },
{ "type": "Feature", "properties": { "ward": 108, "source_sheet": "108_ruby.pdf p2", "source": "KMC ward sewerage network map (ArcMap GeoPDF)", "extraction_method": "geopdf_raster_polygonised", "georef_max_residual_m": 2.8 }, "geometry": { "type": "Polygon", "coordinates": [ [ [ 88.408636317381948, 22.507411777623894 ], [ 88.408663385207703, 22.507406935002926 ], [ 88.408697673134284, 22.507383646577793 ], [ 88.408727249087008, 22.507383375926825 ], [ 88.408749257158348, 22.507364794797638 ], [ 88.408746553393996, 22.507339547413402 ], [ 88.408699268366902, 22.507291733334416 ], [ 88.408669757638933, 22.507298895781084 ], [ 88.408642798508183, 22.507315224738573 ], [ 88.408636317381948, 22.507411777623894 ] ] ] } },
{ "type": "Feature", "properties": { "ward": 108, "source_sheet": "108_ruby.pdf p2", "source": "KMC ward sewerage network map (ArcMap GeoPDF)", "extraction_method": "geopdf_raster_polygonised", "georef_max_residual_m": 2.8 }, "geometry": { "type": "Polygon", "coordinates": [ [ [ 88.413779664286423, 22.505505983434833 ], [ 88.413806775150491, 22.505505734501803 ], [ 88.413826317595564, 22.505487175354993 ], [ 88.413826186685625, 22.505473391778665 ], [ 88.413798639471381, 22.505427695459492 ], [ 88.413800515013222, 22.505365646734379 ], [ 88.413743065130376, 22.505285763020744 ], [ 88.413737874090529, 22.505258241124871 ], [ 88.413744962515608, 22.505226011556918 ], [ 88.413702933094555, 22.505212612671784 ], [ 88.413711374127587, 22.505322813404735 ], [ 88.41366978099073, 22.505355359770686 ], [ 88.413660075212917, 22.505371531123824 ], [ 88.413662976145162, 22.505417453753836 ], [ 88.413683020364203, 22.505451731670142 ], [ 88.413752466153497, 22.505497043312158 ], [ 88.413779664286423, 22.505505983434833 ] ] ] } },
{ "type": "Feature", "properties": { "ward": 108, "source_sheet": "108_ruby.pdf p2", "source": "KMC ward sewerage network map (ArcMap GeoPDF)", "extraction_method": "geopdf_raster_polygonised", "georef_max_residual_m": 2.8 }, "geometry": { "type": "Polygon", "coordinates": [ [ [ 88.402063786369681, 22.508073723316283 ], [ 88.402145055991056, 22.508066090521613 ], [ 88.402297606689487, 22.508037130997881 ], [ 88.402683414828445, 22.50791184936697 ], [ 88.402850688365035, 22.507875862739112 ], [ 88.402951285679833, 22.507826698915093 ], [ 88.40301534563153, 22.507823817500629 ], [ 88.403128547598556, 22.507804405776252 ], [ 88.403180110991244, 22.507783258462275 ], [ 88.403337568811608, 22.507751955766668 ], [ 88.403386559232871, 22.507719344499705 ], [ 88.403472844483758, 22.507720855191579 ], [ 88.403524537691368, 22.507713491404569 ], [ 88.403598153135249, 22.507678358050548 ], [ 88.403664569398657, 22.50766396754522 ], [ 88.403753232664741, 22.507656266523163 ], [ 88.40380483920741, 22.507639713560287 ], [ 88.403848921784785, 22.507609444390358 ], [ 88.403878043063614, 22.507560931917563 ], [ 88.403904894563425, 22.507533117367963 ], [ 88.403912158633688, 22.507519266294096 ], [ 88.403913973597923, 22.50745032565677 ], [ 88.403886255860982, 22.507386249330395 ], [ 88.403826692379269, 22.5073431406814 ], [ 88.403692171248707, 22.507192734554899 ], [ 88.403595161622718, 22.507099422975831 ], [ 88.403388862757026, 22.50691750652673 ], [ 88.403359092011556, 22.506897100739263 ], [ 88.403289843430642, 22.506872459938528 ], [ 88.403240290500463, 22.506845342074833 ], [ 88.403197850189429, 22.50678829224081 ], [ 88.403150675390421, 22.506751962786176 ], [ 88.403041840909665, 22.506711600454356 ], [ 88.403019485868043, 22.506693424470964 ], [ 88.402970171095504, 22.506691576520872 ], [ 88.402940465376858, 22.506678062469017 ], [ 88.402793665852826, 22.506532362369857 ], [ 88.402739443464867, 22.506532856545064 ], [ 88.402692939572191, 22.506567742418149 ], [ 88.402663471891444, 22.506579498319219 ], [ 88.402631409742341, 22.506577493035309 ], [ 88.402549686728747, 22.506536883288121 ], [ 88.402537147126864, 22.506514022848641 ], [ 88.402512327526779, 22.506495869248361 ], [ 88.402477714215792, 22.506484697297051 ], [ 88.402410173552852, 22.506379629062767 ], [ 88.402376792011736, 22.50623749002915 ], [ 88.40235560400329, 22.506081455061221 ], [ 88.402312883119635, 22.505994540398135 ], [ 88.402302613597669, 22.505950982014369 ], [ 88.40230920727295, 22.505865915515379 ], [ 88.40229413824953, 22.505836185683119 ], [ 88.402199508647158, 22.505733661601063 ], [ 88.402124120541501, 22.505580417809615 ], [ 88.402099344414921, 22.505566858680776 ], [ 88.402049619184993, 22.505521362216811 ], [ 88.401940137305957, 22.505412080837704 ], [ 88.401893049786565, 22.505384940065802 ], [ 88.401771115260473, 22.505261987150302 ], [ 88.401746382460757, 22.505253022511244 ], [ 88.401719271504064, 22.505253269412204 ], [ 88.401684961207309, 22.505274259115385 ], [ 88.401559264927968, 22.505275403752631 ], [ 88.401542077342413, 22.505282452676525 ], [ 88.401507875082999, 22.505314928717862 ], [ 88.401480764111454, 22.505315175579291 ], [ 88.401478450776921, 22.505331278945125 ], [ 88.401503248419857, 22.505347135449963 ], [ 88.401513928321066, 22.505434342124389 ], [ 88.401517041406336, 22.505503237925872 ], [ 88.401497540456688, 22.505526390212395 ], [ 88.401497756604115, 22.505549362960345 ], [ 88.401505258592309, 22.505560782007446 ], [ 88.401510728243878, 22.50561816899187 ], [ 88.401538120275859, 22.505647786693849 ], [ 88.401558183246934, 22.505684363544486 ], [ 88.401553707899438, 22.505732651199441 ], [ 88.401558766877542, 22.505746389960958 ], [ 88.401581099964147, 22.505762268892084 ], [ 88.401581380977277, 22.505792133462467 ], [ 88.401566787670035, 22.505812943595913 ], [ 88.401574830088478, 22.505881794504159 ], [ 88.401582418568552, 22.505902402644416 ], [ 88.401614653495372, 22.505922786342666 ], [ 88.401619755721825, 22.505941119650419 ], [ 88.401619928659656, 22.505959497846881 ], [ 88.401590612319922, 22.505987334472529 ], [ 88.401593487685759, 22.506030960245255 ], [ 88.401676485626126, 22.506207109702142 ], [ 88.401677199036726, 22.50628291975794 ], [ 88.401692462555303, 22.506333325120032 ], [ 88.401692916552022, 22.506381567881817 ], [ 88.401759181148236, 22.506613008975432 ], [ 88.401769515424633, 22.506663459219208 ], [ 88.401770120799981, 22.506727782896789 ], [ 88.401835218141144, 22.506835171133837 ], [ 88.401835455980972, 22.506860441148852 ], [ 88.401828191728796, 22.506874292138921 ], [ 88.401810982344216, 22.506879043825435 ], [ 88.401793881064179, 22.506895281880777 ], [ 88.401794075654848, 22.506915957347818 ], [ 88.401841963709174, 22.507028097257948 ], [ 88.401842633996196, 22.50709931275269 ], [ 88.401855368147636, 22.507142848713698 ], [ 88.40185623304869, 22.507234739672704 ], [ 88.401874004670233, 22.507289717101752 ], [ 88.401867237728126, 22.507356405394052 ], [ 88.40187048082565, 22.507439084805 ], [ 88.401931081745744, 22.507592463348573 ], [ 88.401933957281031, 22.507636089099652 ], [ 88.401921763653561, 22.507649984995695 ], [ 88.40193968673492, 22.507721043326953 ], [ 88.401959706890381, 22.507753025550361 ], [ 88.401959901514445, 22.50777370101375 ], [ 88.401947794377335, 22.507796786006864 ], [ 88.401948075499121, 22.507826650565061 ], [ 88.401965501244234, 22.507844871595548 ], [ 88.401965652619864, 22.507860952511297 ], [ 88.401951102423055, 22.507886357229896 ], [ 88.40194887561772, 22.507911649691639 ], [ 88.401973933291671, 22.50795507337665 ], [ 88.401979251909935, 22.507996379398602 ], [ 88.401994407632273, 22.508035298338509 ], [ 88.402026686380381, 22.50806027646788 ], [ 88.402063786369681, 22.508073723316283 ] ] ] } },
{ "type": "Feature", "properties": { "ward": 108, "source_sheet": "108_ruby.pdf p2", "source": "KMC ward sewerage network map (ArcMap GeoPDF)", "extraction_method": "geopdf_raster_polygonised", "georef_max_residual_m": 2.8 }, "geometry": { "type": "Polygon", "coordinates": [ [ [ 88.413095155777043, 22.504283124012414 ], [ 88.413176487677305, 22.504282377581845 ], [ 88.413247895740497, 22.504274829802945 ], [ 88.413269989934349, 22.504265437159624 ], [ 88.413298889111289, 22.504193950531675 ], [ 88.413298627413766, 22.504166383368347 ], [ 88.413288529123307, 22.504141203954109 ], [ 88.413285475711476, 22.504079200457031 ], [ 88.413260633452254, 22.504058751294149 ], [ 88.413213762458781, 22.504054586555348 ], [ 88.413181831702957, 22.504066366932179 ], [ 88.413014456986502, 22.504090877618101 ], [ 88.41300248283801, 22.504127746925775 ], [ 88.413003093328015, 22.504192070315206 ], [ 88.413021086861093, 22.504270018966906 ], [ 88.413095155777043, 22.504283124012414 ] ] ] } },
{ "type": "Feature", "properties": { "ward": 108, "source_sheet": "108_ruby.pdf p2", "source": "KMC ward sewerage network map (ArcMap GeoPDF)", "extraction_method": "geopdf_raster_polygonised", "georef_max_residual_m": 2.8 }, "geometry": { "type": "Polygon", "coordinates": [ [ [ 88.41204980499549, 22.50529440866935 ], [ 88.412094168193349, 22.505294001801818 ], [ 88.412118705464451, 22.505282289436746 ], [ 88.412189111737675, 22.505169067935835 ], [ 88.412215961058578, 22.505141252101033 ], [ 88.41228699916546, 22.505094651229747 ], [ 88.41242264034814, 22.505102596852318 ], [ 88.412491475293535, 22.505083585673997 ], [ 88.412547529400186, 22.505016444975567 ], [ 88.412589166315001, 22.50498849341804 ], [ 88.412655492965314, 22.504964910256703 ], [ 88.412709714508694, 22.504964412775248 ], [ 88.412759181220508, 22.504982338614873 ], [ 88.412830655078565, 22.504981682793566 ], [ 88.412950854361853, 22.504920845752611 ], [ 88.413061129667881, 22.504853207310184 ], [ 88.413100236395167, 22.504818386455327 ], [ 88.413051947840771, 22.50466489954302 ], [ 88.413002612034575, 22.504660757371383 ], [ 88.412975392309079, 22.504649519841681 ], [ 88.412948085376357, 22.504629093251829 ], [ 88.412908171978358, 22.504578915306574 ], [ 88.412892861082739, 22.504523916667548 ], [ 88.41286280616319, 22.504473648245277 ], [ 88.412857593534682, 22.504443829043851 ], [ 88.41285973112349, 22.504409347469242 ], [ 88.41287920815212, 22.504383896644459 ], [ 88.412876394725174, 22.504347163036133 ], [ 88.412861607098378, 22.504347298726639 ], [ 88.412839709067711, 22.504377366692001 ], [ 88.412817593023505, 22.504384462014535 ], [ 88.412765531120499, 22.504352775210055 ], [ 88.412707624496306, 22.504224648517713 ], [ 88.412657482342198, 22.504135507454851 ], [ 88.412639837786415, 22.50409431497852 ], [ 88.412636980838784, 22.50405298683259 ], [ 88.412651136315446, 22.503986230499784 ], [ 88.412665662336011, 22.503958527659037 ], [ 88.412674888598616, 22.50389181654764 ], [ 88.411428865619527, 22.504275432844945 ], [ 88.411414949077653, 22.504367459019182 ], [ 88.411415515286507, 22.504427187919639 ], [ 88.411445939911701, 22.504516510150562 ], [ 88.411541380976374, 22.504704027319484 ], [ 88.411631566358579, 22.504857130631969 ], [ 88.411816039161039, 22.505075995804475 ], [ 88.411997416081888, 22.505228262659781 ], [ 88.41204980499549, 22.50529440866935 ] ] ] } },
{ "type": "Feature", "properties": { "ward": 108, "source_sheet": "108_ruby.pdf p2", "source": "KMC ward sewerage network map (ArcMap GeoPDF)", "extraction_method": "geopdf_raster_polygonised", "georef_max_residual_m": 2.8 }, "geometry": { "type": "Polygon", "coordinates": [ [ [ 88.404768726824571, 22.507913508059218 ], [ 88.404917880012604, 22.507785785937816 ], [ 88.404131765000145, 22.507021009680997 ], [ 88.402956823932854, 22.505797982191599 ], [ 88.401859517601977, 22.504702896443028 ], [ 88.40131946467659, 22.504151825933398 ], [ 88.400899034817755, 22.503739810530469 ], [ 88.400894343235095, 22.503765125428043 ], [ 88.400896937458981, 22.50377888665194 ], [ 88.400906795887735, 22.503778796925932 ], [ 88.400902169114445, 22.503811003651208 ], [ 88.400912092354815, 22.50381780575233 ], [ 88.400919896640673, 22.50386138669807 ], [ 88.400915205059036, 22.503886701595889 ], [ 88.400925128305616, 22.503893503695839 ], [ 88.40092300935099, 22.503930282540864 ], [ 88.400932867790374, 22.503930192812721 ], [ 88.400938164273001, 22.503969201636885 ], [ 88.400933451088562, 22.503992219259143 ], [ 88.400936045321856, 22.504005980481626 ], [ 88.400945903766527, 22.504005890752406 ], [ 88.400941255394059, 22.504035800202082 ], [ 88.400951178652889, 22.504042602299705 ], [ 88.400958961363457, 22.504083885965361 ], [ 88.400954291388047, 22.504111498139395 ], [ 88.400964193048765, 22.504116002960121 ], [ 88.400964322674767, 22.504129786614421 ], [ 88.401115614785923, 22.504229498269517 ], [ 88.401756889795848, 22.504798027448501 ], [ 88.402570912176955, 22.505649866171616 ], [ 88.404768726824571, 22.507913508059218 ] ] ] } },
{ "type": "Feature", "properties": { "ward": 108, "source_sheet": "108_ruby.pdf p2", "source": "KMC ward sewerage network map (ArcMap GeoPDF)", "extraction_method": "geopdf_raster_polygonised", "georef_max_residual_m": 2.8 }, "geometry": { "type": "Polygon", "coordinates": [ [ [ 88.411431286669497, 22.504270815721089 ], [ 88.41267730960017, 22.503887199407313 ], [ 88.412681846436698, 22.503845803426234 ], [ 88.412701236235009, 22.503811163566411 ], [ 88.412742676583662, 22.503762536606757 ], [ 88.412769678125628, 22.503750801544381 ], [ 88.412754258401804, 22.503684316557781 ], [ 88.412722459898845, 22.503450266943965 ], [ 88.412701893090585, 22.503360854526679 ], [ 88.412458685454411, 22.503186180904287 ], [ 88.412367430457095, 22.503180125570971 ], [ 88.412330614228878, 22.503196545515934 ], [ 88.412301039212778, 22.503196816782879 ], [ 88.412268803501661, 22.503176435265111 ], [ 88.412241388020391, 22.503144522206892 ], [ 88.412204266740559, 22.50312878041365 ], [ 88.412162347030915, 22.503126867407946 ], [ 88.412140122202786, 22.503122476304821 ], [ 88.412130154930509, 22.5031110803905 ], [ 88.41208577064269, 22.503109189967173 ], [ 88.412056108496515, 22.503100272127657 ], [ 88.411929434456695, 22.502998047818494 ], [ 88.411833054382456, 22.502971361985125 ], [ 88.411798267079973, 22.502941813902623 ], [ 88.411778485089343, 22.502935102884479 ], [ 88.411741429255827, 22.502926252775065 ], [ 88.411687208484096, 22.502926749889959 ], [ 88.411650370452136, 22.502940872415003 ], [ 88.411584262336305, 22.502987427783648 ], [ 88.411584937469669, 22.503058643018068 ], [ 88.411511631521492, 22.50312594153398 ], [ 88.411504738646983, 22.503178846423815 ], [ 88.411492568160938, 22.503195040248819 ], [ 88.411468074742913, 22.503211347036597 ], [ 88.411418891905328, 22.503223285210197 ], [ 88.411376993941033, 22.503223669266745 ], [ 88.411357386126554, 22.503235336324423 ], [ 88.411347701979651, 22.5032538048143 ], [ 88.411254243641721, 22.503275338631227 ], [ 88.411200327536761, 22.503307997312127 ], [ 88.411190839315083, 22.503347141187053 ], [ 88.411156770511553, 22.50339340274142 ], [ 88.411147238729569, 22.503427952082419 ], [ 88.411145274889265, 22.503480811786833 ], [ 88.411208261353366, 22.503624974825154 ], [ 88.411325991667852, 22.503823775213775 ], [ 88.411444615202925, 22.504116763378434 ], [ 88.411443021698943, 22.504208676589183 ], [ 88.411431286669497, 22.504270815721089 ] ] ] } },
{ "type": "Feature", "properties": { "ward": 108, "source_sheet": "108_ruby.pdf p2", "source": "KMC ward sewerage network map (ArcMap GeoPDF)", "extraction_method": "geopdf_raster_polygonised", "georef_max_residual_m": 2.8 }, "geometry": { "type": "Polygon", "coordinates": [ [ [ 88.400729429932127, 22.501430096317009 ], [ 88.400874428910612, 22.501385124818221 ], [ 88.401071270040561, 22.501348871237518 ], [ 88.401231077790669, 22.501306062111535 ], [ 88.401344555723796, 22.501316516474077 ], [ 88.401468453769667, 22.501386610180564 ], [ 88.401589260634921, 22.501390105224381 ], [ 88.401675477151741, 22.501384725254393 ], [ 88.40234704880406, 22.501245355448667 ], [ 88.402624895296682, 22.501173899960495 ], [ 88.403205406010201, 22.501049141142424 ], [ 88.403485651215604, 22.500970769923192 ], [ 88.404257767176858, 22.500777633811165 ], [ 88.404703482497808, 22.500734510649028 ], [ 88.405040562347097, 22.500671700498565 ], [ 88.405182921018266, 22.500608369538941 ], [ 88.40539385334948, 22.500498463101657 ], [ 88.406127911172291, 22.500190792139851 ], [ 88.406515637902274, 22.500010345472891 ], [ 88.406591517846294, 22.499954513008245 ], [ 88.406613221403063, 22.499903770400493 ], [ 88.406659505179292, 22.499845910817793 ], [ 88.406713421146762, 22.499813253657717 ], [ 88.406927227767824, 22.499746970960487 ], [ 88.407005767217782, 22.499711791234393 ], [ 88.407174929909274, 22.499616049074639 ], [ 88.40737161452877, 22.499563707101849 ], [ 88.407449784746973, 22.499489473567653 ], [ 88.407888176944667, 22.499193687161466 ], [ 88.408113631345628, 22.499056074914741 ], [ 88.408579716872836, 22.49882206512633 ], [ 88.408549664819887, 22.498771795721421 ], [ 88.408495662818709, 22.498795264378128 ], [ 88.408130209732363, 22.498984701776102 ], [ 88.407885039322863, 22.49912249431457 ], [ 88.407765081282264, 22.499208597448479 ], [ 88.407215763445095, 22.499503099892205 ], [ 88.406700425974378, 22.499742150829707 ], [ 88.406374118364056, 22.499901359670744 ], [ 88.406182838982517, 22.500004195428701 ], [ 88.406047658192392, 22.500044486982453 ], [ 88.405996141456541, 22.500070229609396 ], [ 88.405988704482937, 22.500065702583552 ], [ 88.405976425168035, 22.500070409656832 ], [ 88.405974069044419, 22.500081918522447 ], [ 88.405959325191176, 22.500086648100257 ], [ 88.405951888217757, 22.500082121072701 ], [ 88.405934723190938, 22.500091467697708 ], [ 88.405934788236507, 22.500098359513714 ], [ 88.405885714314294, 22.500121782330005 ], [ 88.405875812804112, 22.500117277803348 ], [ 88.405861090624001, 22.500124304644572 ], [ 88.405861177346736, 22.500133493732836 ], [ 88.405846433483703, 22.500138223300755 ], [ 88.405838996510781, 22.500133696267977 ], [ 88.405804731465167, 22.500159281309841 ], [ 88.405772822548698, 22.500173357481543 ], [ 88.40576292103799, 22.500168852947976 ], [ 88.405738449087082, 22.500187456149497 ], [ 88.405731012114657, 22.500182929111705 ], [ 88.405716289919681, 22.500189955940368 ], [ 88.405716376633166, 22.500199145029121 ], [ 88.40566728095807, 22.500220270510052 ], [ 88.405659843985944, 22.500215743468956 ], [ 88.405628021748299, 22.500239008702323 ], [ 88.405618120236952, 22.500234504159895 ], [ 88.405603398030365, 22.500241530978755 ], [ 88.405603484736616, 22.5002507200679 ], [ 88.40555194616023, 22.500274165287902 ], [ 88.405542044648485, 22.500269660740798 ], [ 88.405529852000399, 22.500283556870993 ], [ 88.405517572649089, 22.500288263910953 ], [ 88.405510135677687, 22.500283736862926 ], [ 88.405495413459974, 22.500290763672425 ], [ 88.405495500159319, 22.500299952761932 ], [ 88.405446426086044, 22.50032337545121 ], [ 88.405431617165434, 22.500321213165506 ], [ 88.405421824021971, 22.500328194973225 ], [ 88.405421910716626, 22.50033738406297 ], [ 88.405387472156079, 22.500344590842236 ], [ 88.405385115979882, 22.50035609970158 ], [ 88.405338506408995, 22.500379499862749 ], [ 88.405328604895715, 22.500374995302618 ], [ 88.405313969346224, 22.500391211186518 ], [ 88.405279552436951, 22.50040071521618 ], [ 88.40527963912254, 22.500409904306409 ], [ 88.405233029514577, 22.500433304438726 ], [ 88.405208427421968, 22.500438123929442 ], [ 88.405208514103009, 22.500447313019908 ], [ 88.405176540045559, 22.500454497261522 ], [ 88.405164369013733, 22.500470690639084 ], [ 88.405120158902577, 22.500487176428784 ], [ 88.405107814512021, 22.500484991620905 ], [ 88.405088249835487, 22.500501252471683 ], [ 88.405068533478143, 22.500501432411145 ], [ 88.405051433339509, 22.500517670765454 ], [ 88.405004780320183, 22.500536476289646 ], [ 88.404997343350303, 22.500531949217901 ], [ 88.404985063957142, 22.50053665621915 ], [ 88.404982686078313, 22.500545867801407 ], [ 88.404967963804154, 22.500552894565242 ], [ 88.404958062288827, 22.500548389982441 ], [ 88.404948247438455, 22.500553074490359 ], [ 88.404940962131164, 22.500564628325879 ], [ 88.404891757872548, 22.500574267217665 ], [ 88.404884320903946, 22.500569740140634 ], [ 88.404862248312511, 22.500581428909424 ], [ 88.404844974823803, 22.500579289059971 ], [ 88.404773719612393, 22.500602913953177 ], [ 88.404763818099013, 22.500598409358322 ], [ 88.404734373513804, 22.500612462846313 ], [ 88.404724472000851, 22.500607958249017 ], [ 88.404704863935976, 22.500619624510037 ], [ 88.404655681298834, 22.500631560604553 ], [ 88.404633478710906, 22.500629465704669 ], [ 88.404628636259687, 22.50063869976859 ], [ 88.404603947462732, 22.500634330077183 ], [ 88.40458918183775, 22.50063676226145 ], [ 88.404589268478787, 22.500645951354105 ], [ 88.404544971597403, 22.500653247899102 ], [ 88.404517818251819, 22.500648900678879 ], [ 88.404493281066323, 22.500660611883195 ], [ 88.404466149378635, 22.50065856192753 ], [ 88.404466214353405, 22.500665453747377 ], [ 88.404389856670861, 22.500670745255718 ], [ 88.40438501420175, 22.500679979313173 ], [ 88.404345559767933, 22.50067804174677 ], [ 88.404345646393068, 22.500687230840342 ], [ 88.404298884932984, 22.500694549800318 ], [ 88.404274196133372, 22.500690180058363 ], [ 88.40424965891809, 22.50070189122691 ], [ 88.404229899216361, 22.500697476518212 ], [ 88.404217663087863, 22.500706778009949 ], [ 88.404170923265767, 22.500716394206972 ], [ 88.404163529617406, 22.500716461643048 ], [ 88.404163464657472, 22.500709569822359 ], [ 88.404148699014485, 22.50071200196702 ], [ 88.404146321077221, 22.500721213539705 ], [ 88.404111795730657, 22.50071923095966 ], [ 88.404097095042147, 22.500728554920549 ], [ 88.40404789065245, 22.500738193560252 ], [ 88.404037989150041, 22.500733688920135 ], [ 88.404008522805, 22.5007454450067 ], [ 88.403986320203273, 22.500743350018052 ], [ 88.403983942254683, 22.500752561588893 ], [ 88.403910049043091, 22.500757830397113 ], [ 88.403885511782249, 22.500769541512266 ], [ 88.403873145731595, 22.500765059336281 ], [ 88.403806776043524, 22.500784044318063 ], [ 88.403784573436965, 22.500781949301771 ], [ 88.403782195474335, 22.500791160870307 ], [ 88.403757506668953, 22.500786791049233 ], [ 88.403735433940284, 22.500798479669868 ], [ 88.403686229494525, 22.500808118201547 ], [ 88.403668934342832, 22.500803680952501 ], [ 88.403656719810414, 22.500815279677916 ], [ 88.403636960106894, 22.500810864896376 ], [ 88.403617351915329, 22.500822531030824 ], [ 88.403568169094456, 22.500834466801347 ], [ 88.403555803046686, 22.500829984600809 ], [ 88.403528822831078, 22.500844015407253 ], [ 88.403523850440493, 22.500839465796961 ], [ 88.403501712754576, 22.500844262564421 ], [ 88.403496848577092, 22.500851199324124 ], [ 88.403192347549336, 22.500971146132862 ], [ 88.402808525870114, 22.501043568303846 ], [ 88.402675807499563, 22.501083834665458 ], [ 88.402461758617392, 22.501124841890025 ], [ 88.402294622713882, 22.501174611385586 ], [ 88.401751100521693, 22.501301327633101 ], [ 88.401647740185851, 22.501318351105798 ], [ 88.401539212977127, 22.501310149356122 ], [ 88.401487241060508, 22.501287647807313 ], [ 88.401467222029126, 22.501255665447296 ], [ 88.40141767148809, 22.501228546884199 ], [ 88.401422557393744, 22.501223907457746 ], [ 88.401417563445378, 22.501217060503709 ], [ 88.401405197422449, 22.501212578136428 ], [ 88.401397846955291, 22.501217239999171 ], [ 88.401382973155748, 22.501208185514638 ], [ 88.401267138779332, 22.501209239990718 ], [ 88.401013677786182, 22.501252901549609 ], [ 88.401011278029486, 22.501259815809988 ], [ 88.400935006196136, 22.501274294809374 ], [ 88.400935070998045, 22.501281186639037 ], [ 88.400920326821378, 22.501285915770058 ], [ 88.400900588717221, 22.501283797928586 ], [ 88.400893281428097, 22.501293054322495 ], [ 88.40084165519589, 22.501307308985815 ], [ 88.400821917089303, 22.501305191134797 ], [ 88.400817074357292, 22.501314425097465 ], [ 88.400802330172525, 22.501319154218052 ], [ 88.400787499593704, 22.50131469423059 ], [ 88.400775284765643, 22.501326292751283 ], [ 88.40071872937861, 22.501340592231049 ], [ 88.400729429932127, 22.501430096317009 ] ] ] } },
{ "type": "Feature", "properties": { "ward": 108, "source_sheet": "108_ruby.pdf p2", "source": "KMC ward sewerage network map (ArcMap GeoPDF)", "extraction_method": "geopdf_raster_polygonised", "georef_max_residual_m": 2.8 }, "geometry": { "type": "Polygon", "coordinates": [ [ [ 88.408633957843023, 22.49882386640866 ], [ 88.408771275191697, 22.498749091185875 ], [ 88.409267019501584, 22.498523998018083 ], [ 88.409527061368465, 22.498395257215321 ], [ 88.409848650002942, 22.498259060136817 ], [ 88.409813864335163, 22.498229511526791 ], [ 88.409796656326591, 22.498234264002988 ], [ 88.409215025815939, 22.498499201697054 ], [ 88.40876824577758, 22.498689384723161 ], [ 88.408596316721017, 22.498752989221163 ], [ 88.408633957843023, 22.49882386640866 ] ] ] } }
]
}
