{
"type": "FeatureCollection",
"name": "ward107_p1_pipes",
"crs": { "type": "name", "properties": { "name": "urn:ogc:def:crs:OGC:1.3:CRS84" } },
"features": [
{ "type": "Feature", "properties": { "ward": 107, "source_sheet": "107_vip bazar.pdf p1", "source": "KMC ward sewerage network map (ArcMap GeoPDF)", "extraction_method": "geopdf_vector", "georef_max_residual_m": 0.1, "conduit_type": "pipe", "pipe_diameter_mm": 300.0, "diameter_source": "legend_colour", "diameter_candidates_mm": null, "label_diameter_mm": 300.0, "label_agrees": true, "scheme": null, "flow_arrow": "end" }, "geometry": { "type": "LineString", "coordinates": [ [ 88.382609688078418, 22.511610081422251 ], [ 88.382729408693706, 22.511594059093859 ], [ 88.38273272636242, 22.511463432783316 ], [ 88.382620764441953, 22.511331662825842 ], [ 88.382612980225673, 22.511243951383111 ], [ 88.382605153645329, 22.511151958439431 ], [ 88.382597390548696, 22.511066387832685 ] ] } },
{ "type": "Feature", "properties": { "ward": 107, "source_sheet": "107_vip bazar.pdf p1", "source": "KMC ward sewerage network map (ArcMap GeoPDF)", "extraction_method": "geopdf_vector", "georef_max_residual_m": 0.1, "conduit_type": "pipe", "pipe_diameter_mm": 300.0, "diameter_source": "legend_colour", "diameter_candidates_mm": null, "label_diameter_mm": 300.0, "label_agrees": true, "scheme": null, "flow_arrow": "end" }, "geometry": { "type": "LineString", "coordinates": [ [ 88.38335346728455, 22.510359756799996 ], [ 88.383252210141478, 22.510377760692826 ], [ 88.383235120272985, 22.510281566087563 ], [ 88.383218051532836, 22.510187512228303 ], [ 88.383203287954814, 22.510093438416547 ], [ 88.383193516301375, 22.510037858370723 ] ] } },
{ "type": "Feature", "properties": { "ward": 107, "source_sheet": "107_vip bazar.pdf p1", "source": "KMC ward sewerage network map (ArcMap GeoPDF)", "extraction_method": "geopdf_vector", "georef_max_residual_m": 0.1, "conduit_type": "pipe", "pipe_diameter_mm": 300.0, "diameter_source": "legend_colour", "diameter_candidates_mm": null, "label_diameter_mm": 300.0, "label_agrees": true, "scheme": null, "flow_arrow": "end" }, "geometry": { "type": "LineString", "coordinates": [ [ 88.382150461350889, 22.512262759741052 ], [ 88.382142486700516, 22.512155781436391 ], [ 88.38213446970272, 22.512044521629804 ], [ 88.382126494991738, 22.511937543410308 ] ] } },
{ "type": "Feature", "properties": { "ward": 107, "source_sheet": "107_vip bazar.pdf p1", "source": "KMC ward sewerage network map (ArcMap GeoPDF)", "extraction_method": "geopdf_vector", "georef_max_residual_m": 0.1, "conduit_type": "pipe", "pipe_diameter_mm": 300.0, "diameter_source": "legend_colour", "diameter_candidates_mm": null, "label_diameter_mm": 300.0, "label_agrees": true, "scheme": null, "flow_arrow": "end" }, "geometry": { "type": "LineString", "coordinates": [ [ 88.385870573173747, 22.510558468871253 ], [ 88.386008669868218, 22.510535861939442 ], [ 88.386142198717593, 22.510517576455456 ], [ 88.386162902584502, 22.510513115042311 ] ] } },
{ "type": "Feature", "properties": { "ward": 107, "source_sheet": "107_vip bazar.pdf p1", "source": "KMC ward sewerage network map (ArcMap GeoPDF)", "extraction_method": "geopdf_vector", "georef_max_residual_m": 0.1, "conduit_type": "pipe", "pipe_diameter_mm": 400.0, "diameter_source": "legend_colour", "diameter_candidates_mm": null, "label_diameter_mm": 400.0, "label_agrees": true, "scheme": null, "flow_arrow": "end" }, "geometry": { "type": "LineString", "coordinates": [ [ 88.386343809584702, 22.512016628611885 ], [ 88.386341971761269, 22.51206374528628 ], [ 88.386340643966378, 22.512162240129502 ], [ 88.386337117242135, 22.51227145878546 ], [ 88.386345116368759, 22.512380577463894 ], [ 88.386353264343512, 22.512504681448988 ], [ 88.38638907452669, 22.512628545389333 ], [ 88.386422473263195, 22.512741725674996 ], [ 88.386453481976986, 22.512846362784973 ], [ 88.386484469396407, 22.512948859229748 ], [ 88.386508307659284, 22.513027867279721 ] ] } },
{ "type": "Feature", "properties": { "ward": 107, "source_sheet": "107_vip bazar.pdf p1", "source": "KMC ward sewerage network map (ArcMap GeoPDF)", "extraction_method": "geopdf_vector", "georef_max_residual_m": 0.1, "conduit_type": "pipe", "pipe_diameter_mm": 300.0, "diameter_source": "legend_colour", "diameter_candidates_mm": null, "label_diameter_mm": 300.0, "label_agrees": true, "scheme": null, "flow_arrow": "end" }, "geometry": { "type": "LineString", "coordinates": [ [ 88.386379536918128, 22.513990267215952 ], [ 88.386415262584123, 22.514105568215669 ], [ 88.386450945811674, 22.514216587623128 ], [ 88.386467571093533, 22.514265685041256 ] ] } },
{ "type": "Feature", "properties": { "ward": 107, "source_sheet": "107_vip bazar.pdf p1", "source": "KMC ward sewerage network map (ArcMap GeoPDF)", "extraction_method": "geopdf_vector", "georef_max_residual_m": 0.1, "conduit_type": "pipe", "pipe_diameter_mm": 225.0, "diameter_source": "legend_colour", "diameter_candidates_mm": null, "label_diameter_mm": 225.0, "label_agrees": true, "scheme": null, "flow_arrow": "end" }, "geometry": { "type": "LineString", "coordinates": [ [ 88.388950043078012, 22.512828967862781 ], [ 88.388978641973395, 22.512922920616358 ], [ 88.38900487196247, 22.513010471254322 ], [ 88.388982373499303, 22.513066331275947 ] ] } },
{ "type": "Feature", "properties": { "ward": 107, "source_sheet": "107_vip bazar.pdf p1", "source": "KMC ward sewerage network map (ArcMap GeoPDF)", "extraction_method": "geopdf_vector", "georef_max_residual_m": 0.1, "conduit_type": "pipe", "pipe_diameter_mm": 400.0, "diameter_source": "legend_colour", "diameter_candidates_mm": null, "label_diameter_mm": 400.0, "label_agrees": true, "scheme": null, "flow_arrow": "end" }, "geometry": { "type": "LineString", "coordinates": [ [ 88.388040463900865, 22.513862380559608 ], [ 88.387963051881854, 22.51372817364626 ], [ 88.387911146197112, 22.513608731688713 ], [ 88.387871064353575, 22.513519160214965 ], [ 88.3878286561078, 22.5134274680901 ], [ 88.387793248556974, 22.513344278787763 ] ] } },
{ "type": "Feature", "properties": { "ward": 107, "source_sheet": "107_vip bazar.pdf p1", "source": "KMC ward sewerage network map (ArcMap GeoPDF)", "extraction_method": "geopdf_vector", "georef_max_residual_m": 0.1, "conduit_type": "pipe", "pipe_diameter_mm": 300.0, "diameter_source": "legend_colour", "diameter_candidates_mm": null, "label_diameter_mm": 300.0, "label_agrees": true, "scheme": null, "flow_arrow": "end" }, "geometry": { "type": "LineString", "coordinates": [ [ 88.388285213924888, 22.511348931048406 ], [ 88.388218690805232, 22.511150401266811 ] ] } },
{ "type": "Feature", "properties": { "ward": 107, "source_sheet": "107_vip bazar.pdf p1", "source": "KMC ward sewerage network map (ArcMap GeoPDF)", "extraction_method": "geopdf_vector", "georef_max_residual_m": 0.1, "conduit_type": "pipe", "pipe_diameter_mm": 300.0, "diameter_source": "legend_colour", "diameter_candidates_mm": null, "label_diameter_mm": 300.0, "label_agrees": true, "scheme": null, "flow_arrow": "end" }, "geometry": { "type": "LineString", "coordinates": [ [ 88.387803155466543, 22.513877287095141 ], [ 88.387774769828795, 22.513804741555205 ], [ 88.387864311087156, 22.513767568036062 ], [ 88.387963051881854, 22.51372817364626 ] ] } },
{ "type": "Feature", "properties": { "ward": 107, "source_sheet": "107_vip bazar.pdf p1", "source": "KMC ward sewerage network map (ArcMap GeoPDF)", "extraction_method": "geopdf_vector", "georef_max_residual_m": 0.1, "conduit_type": "pipe", "pipe_diameter_mm": 225.0, "diameter_source": "legend_colour", "diameter_candidates_mm": null, "label_diameter_mm": 225.0, "label_agrees": true, "scheme": null, "flow_arrow": "end" }, "geometry": { "type": "LineString", "coordinates": [ [ 88.392754983554966, 22.511085246663722 ], [ 88.392842493967166, 22.51107592031839 ], [ 88.39296456043509, 22.511064151852416 ], [ 88.393095847348349, 22.511052303021831 ], [ 88.393236333637248, 22.511038232883362 ], [ 88.393367620489059, 22.511026383744319 ], [ 88.393482771328905, 22.511014675263784 ] ] } },
{ "type": "Feature", "properties": { "ward": 107, "source_sheet": "107_vip bazar.pdf p1", "source": "KMC ward sewerage network map (ArcMap GeoPDF)", "extraction_method": "geopdf_vector", "georef_max_residual_m": 0.1, "conduit_type": "pipe", "pipe_diameter_mm": 400.0, "diameter_source": "legend_colour", "diameter_candidates_mm": null, "label_diameter_mm": 400.0, "label_agrees": true, "scheme": null, "flow_arrow": "end" }, "geometry": { "type": "LineString", "coordinates": [ [ 88.394711726465545, 22.511727593143732 ], [ 88.394704362029373, 22.511682697713507 ], [ 88.394694457417202, 22.51161427418365 ], [ 88.394684574095635, 22.511547991391449 ], [ 88.394674669506642, 22.511479567858281 ], [ 88.394664807582288, 22.511415425801371 ], [ 88.39465251237344, 22.511338459334837 ], [ 88.394642564976166, 22.511265754230855 ], [ 88.394630248423908, 22.511186647021322 ], [ 88.394617931792226, 22.511107539810208 ], [ 88.39460557243082, 22.511024151119297 ], [ 88.394595582440246, 22.510947164528996 ], [ 88.39458328723002, 22.510870198049634 ], [ 88.394570692916858, 22.510763261045593 ], [ 88.394558141276804, 22.510660605605903 ], [ 88.394545397408237, 22.510538683333898 ], [ 88.394530348342556, 22.510416781169663 ], [ 88.394517583066971, 22.510292718240564 ], [ 88.39450247004882, 22.510164393849642 ], [ 88.394487292857619, 22.510029647148336 ], [ 88.394472179814088, 22.509901322748465 ], [ 88.394467184912884, 22.509862829484891 ] ] } },
{ "type": "Feature", "properties": { "ward": 107, "source_sheet": "107_vip bazar.pdf p1", "source": "KMC ward sewerage network map (ArcMap GeoPDF)", "extraction_method": "geopdf_vector", "georef_max_residual_m": 0.1, "conduit_type": "pipe", "pipe_diameter_mm": 225.0, "diameter_source": "legend_colour", "diameter_candidates_mm": null, "label_diameter_mm": 225.0, "label_agrees": true, "scheme": null, "flow_arrow": "end" }, "geometry": { "type": "LineString", "coordinates": [ [ 88.392752742357686, 22.510860467583687 ], [ 88.392865566653811, 22.51084663889414 ], [ 88.392983001198232, 22.510832769859412 ], [ 88.393098130576504, 22.510818920830872 ], [ 88.393220153987713, 22.510802870704026 ], [ 88.393339893581839, 22.510788981320125 ], [ 88.393450433956247, 22.51077731306038 ] ] } },
{ "type": "Feature", "properties": { "ward": 107, "source_sheet": "107_vip bazar.pdf p1", "source": "KMC ward sewerage network map (ArcMap GeoPDF)", "extraction_method": "geopdf_vector", "georef_max_residual_m": 0.1, "conduit_type": "pipe", "pipe_diameter_mm": 225.0, "diameter_source": "legend_colour", "diameter_candidates_mm": null, "label_diameter_mm": 225.0, "label_agrees": true, "scheme": null, "flow_arrow": "end" }, "geometry": { "type": "LineString", "coordinates": [ [ 88.392784929321408, 22.511314066090844 ], [ 88.39285171490684, 22.511307061341128 ], [ 88.392996790335644, 22.511290810483395 ], [ 88.39314647610955, 22.511274519312323 ], [ 88.39330766621103, 22.511255986794158 ], [ 88.393443520931925, 22.511239815915005 ], [ 88.393512611576, 22.51123279070935 ] ] } },
{ "type": "Feature", "properties": { "ward": 107, "source_sheet": "107_vip bazar.pdf p1", "source": "KMC ward sewerage network map (ArcMap GeoPDF)", "extraction_method": "geopdf_vector", "georef_max_residual_m": 0.1, "conduit_type": "pipe", "pipe_diameter_mm": 300.0, "diameter_source": "legend_colour", "diameter_candidates_mm": null, "label_diameter_mm": 300.0, "label_agrees": true, "scheme": null, "flow_arrow": "end" }, "geometry": { "type": "LineString", "coordinates": [ [ 88.392996788861083, 22.510597146470204 ], [ 88.393116507057513, 22.510581116518928 ], [ 88.393240856743674, 22.510567187035928 ], [ 88.393351375600773, 22.510553378023236 ], [ 88.393418139330151, 22.510544232318765 ] ] } },
{ "type": "Feature", "properties": { "ward": 107, "source_sheet": "107_vip bazar.pdf p1", "source": "KMC ward sewerage network map (ArcMap GeoPDF)", "extraction_method": "geopdf_vector", "georef_max_residual_m": 0.1, "conduit_type": "pipe", "pipe_diameter_mm": 225.0, "diameter_source": "legend_colour", "diameter_candidates_mm": null, "label_diameter_mm": 225.0, "label_agrees": true, "scheme": null, "flow_arrow": "end" }, "geometry": { "type": "LineString", "coordinates": [ [ 88.392727385960271, 22.511785573956072 ], [ 88.392872440559188, 22.511767182445212 ], [ 88.393024432017555, 22.511750871273595 ], [ 88.393171791774378, 22.511732459405508 ], [ 88.393328372093848, 22.511713967025813 ], [ 88.393475731755245, 22.511695554883445 ], [ 88.39357474697438, 22.511683986898962 ] ] } },
{ "type": "Feature", "properties": { "ward": 107, "source_sheet": "107_vip bazar.pdf p1", "source": "KMC ward sewerage network map (ArcMap GeoPDF)", "extraction_method": "geopdf_vector", "georef_max_residual_m": 0.1, "conduit_type": "pipe", "pipe_diameter_mm": 400.0, "diameter_source": "legend_colour", "diameter_candidates_mm": null, "label_diameter_mm": 400.0, "label_agrees": true, "scheme": null, "flow_arrow": "end" }, "geometry": { "type": "LineString", "coordinates": [ [ 88.395245903941046, 22.511660843904092 ], [ 88.395240865967892, 22.511618069210829 ], [ 88.395230939619694, 22.511547504900257 ], [ 88.395220927847205, 22.511468377635072 ], [ 88.395210916088729, 22.51138925036793 ], [ 88.395200882865566, 22.511307982361586 ], [ 88.395190806988154, 22.511222432876178 ], [ 88.395180837940927, 22.51114758708016 ], [ 88.395170804857045, 22.511066319066973 ], [ 88.395160814454968, 22.510989332529 ], [ 88.395150824162471, 22.510912345988299 ], [ 88.395140876549902, 22.510839640923052 ] ] } },
{ "type": "Feature", "properties": { "ward": 107, "source_sheet": "107_vip bazar.pdf p1", "source": "KMC ward sewerage network map (ArcMap GeoPDF)", "extraction_method": "geopdf_vector", "georef_max_residual_m": 0.1, "conduit_type": "pipe", "pipe_diameter_mm": 225.0, "diameter_source": "legend_colour", "diameter_candidates_mm": null, "label_diameter_mm": null, "label_agrees": null, "scheme": null, "flow_arrow": "end" }, "geometry": { "type": "LineString", "coordinates": [ [ 88.392665295906426, 22.511569880169894 ], [ 88.392743586030107, 22.511560634292501 ], [ 88.392817265839938, 22.511551428462969 ], [ 88.392872547037342, 22.511546664876047 ], [ 88.392987676922473, 22.511532815898036 ], [ 88.393123510614302, 22.511514504533963 ], [ 88.393282395943928, 22.511495992118153 ], [ 88.393438975977787, 22.511477499644588 ], [ 88.393544885133835, 22.511463730657859 ] ] } },
{ "type": "Feature", "properties": { "ward": 107, "source_sheet": "107_vip bazar.pdf p1", "source": "KMC ward sewerage network map (ArcMap GeoPDF)", "extraction_method": "geopdf_vector", "georef_max_residual_m": 0.1, "conduit_type": "pipe", "pipe_diameter_mm": 300.0, "diameter_source": "legend_colour", "diameter_candidates_mm": null, "label_diameter_mm": 300.0, "label_agrees": true, "scheme": null, "flow_arrow": "end" }, "geometry": { "type": "LineString", "coordinates": [ [ 88.392749648613176, 22.512631050496712 ], [ 88.392823371585536, 22.512626126206715 ], [ 88.392931651005981, 22.512618759708293 ], [ 88.393086012602225, 22.512608850651848 ], [ 88.393217343753889, 22.512601283129317 ], [ 88.393258815599864, 22.512598780603728 ] ] } },
{ "type": "Feature", "properties": { "ward": 107, "source_sheet": "107_vip bazar.pdf p1", "source": "KMC ward sewerage network map (ArcMap GeoPDF)", "extraction_method": "geopdf_vector", "georef_max_residual_m": 0.1, "conduit_type": "pipe", "pipe_diameter_mm": 300.0, "diameter_source": "legend_colour", "diameter_candidates_mm": null, "label_diameter_mm": 300.0, "label_agrees": true, "scheme": null, "flow_arrow": "end" }, "geometry": { "type": "LineString", "coordinates": [ [ 88.395662921988446, 22.513481280726747 ], [ 88.395794189515911, 22.513467288857083 ], [ 88.395941571863972, 22.513451015121358 ], [ 88.396088932867173, 22.513432600514864 ], [ 88.396217895106972, 22.513418628350564 ], [ 88.396293880748743, 22.513409400756057 ] ] } },
{ "type": "Feature", "properties": { "ward": 107, "source_sheet": "107_vip bazar.pdf p1", "source": "KMC ward sewerage network map (ArcMap GeoPDF)", "extraction_method": "geopdf_vector", "georef_max_residual_m": 0.1, "conduit_type": "pipe", "pipe_diameter_mm": 300.0, "diameter_source": "legend_colour", "diameter_candidates_mm": null, "label_diameter_mm": 300.0, "label_agrees": true, "scheme": null, "flow_arrow": "end" }, "geometry": { "type": "LineString", "coordinates": [ [ 88.395589209975341, 22.513025905081999 ], [ 88.395672111074092, 22.513016617403803 ], [ 88.395757295841648, 22.513005168816633 ], [ 88.395849396202806, 22.512993659877939 ], [ 88.395939191277932, 22.512982170932123 ], [ 88.396005956027508, 22.512973024105737 ], [ 88.396158275206119, 22.513220042110984 ] ] } },
{ "type": "Feature", "properties": { "ward": 107, "source_sheet": "107_vip bazar.pdf p1", "source": "KMC ward sewerage network map (ArcMap GeoPDF)", "extraction_method": "geopdf_vector", "georef_max_residual_m": 0.1, "conduit_type": "pipe", "pipe_diameter_mm": 400.0, "diameter_source": "legend_colour", "diameter_candidates_mm": null, "label_diameter_mm": 400.0, "label_agrees": true, "scheme": null, "flow_arrow": "end" }, "geometry": { "type": "LineString", "coordinates": [ [ 88.39458328723002, 22.510870198049634 ], [ 88.394461349462361, 22.510894812249248 ], [ 88.394344000552792, 22.510917245313326 ], [ 88.394217452317022, 22.510941899461109 ], [ 88.394232394355654, 22.511053097873585 ], [ 88.394245009913234, 22.511162175650377 ], [ 88.3942575826634, 22.511266971946686 ], [ 88.394272546152564, 22.511380311086583 ], [ 88.394285054941733, 22.511478685069299 ], [ 88.394299911544735, 22.511581320508174 ], [ 88.394312463118297, 22.511683975962065 ], [ 88.394322581248474, 22.511773807090112 ] ] } },
{ "type": "Feature", "properties": { "ward": 107, "source_sheet": "107_vip bazar.pdf p1", "source": "KMC ward sewerage network map (ArcMap GeoPDF)", "extraction_method": "geopdf_vector", "georef_max_residual_m": 0.1, "conduit_type": "pipe", "pipe_diameter_mm": 300.0, "diameter_source": "legend_colour", "diameter_candidates_mm": null, "label_diameter_mm": 300.0, "label_agrees": true, "scheme": null, "flow_arrow": "end" }, "geometry": { "type": "LineString", "coordinates": [ [ 88.396164360475126, 22.509907960827121 ], [ 88.396592900767104, 22.509882807890381 ], [ 88.39705552537302, 22.5098081143224 ], [ 88.397077770232684, 22.509957785465776 ] ] } },
{ "type": "Feature", "properties": { "ward": 107, "source_sheet": "107_vip bazar.pdf p1", "source": "KMC ward sewerage network map (ArcMap GeoPDF)", "extraction_method": "geopdf_vector", "georef_max_residual_m": 0.1, "conduit_type": "pipe", "pipe_diameter_mm": 500.0, "diameter_source": "legend_colour", "diameter_candidates_mm": null, "label_diameter_mm": 500.0, "label_agrees": true, "scheme": null, "flow_arrow": "end" }, "geometry": { "type": "LineString", "coordinates": [ [ 88.396569512048231, 22.513077288468118 ], [ 88.396559392234295, 22.512987457663904 ], [ 88.396541907518881, 22.512852731459965 ], [ 88.396527006175873, 22.512745814862456 ], [ 88.396511955030931, 22.512623913105333 ], [ 88.396497010937935, 22.512512715026549 ], [ 88.396479483562501, 22.512373707328784 ], [ 88.396471925883048, 22.51230954529461 ], [ 88.396462041747199, 22.512243262661752 ], [ 88.396454441279786, 22.51217481906238 ], [ 88.396449467117151, 22.512138466639556 ], [ 88.39644193096926, 22.512076445336689 ], [ 88.396434566049692, 22.512031550015955 ], [ 88.39642952759668, 22.51198877538188 ], [ 88.396417038730149, 22.511892542387113 ], [ 88.396406940546342, 22.511804852198768 ], [ 88.396392060867583, 22.511700076301199 ], [ 88.396379529262319, 22.511599561823708 ], [ 88.396366997583371, 22.51149904734395 ], [ 88.396349577431366, 22.511370743377075 ], [ 88.396337003099276, 22.511265947325935 ], [ 88.396321973755406, 22.511146186160634 ], [ 88.396307051442079, 22.511037128854987 ], [ 88.396292065054283, 22.510921649154565 ], [ 88.396277100000461, 22.510808310277135 ], [ 88.396262006585602, 22.510682126882703 ], [ 88.39624462947242, 22.510558104356377 ], [ 88.396078830477677, 22.51057668002224 ] ] } },
{ "type": "Feature", "properties": { "ward": 107, "source_sheet": "107_vip bazar.pdf p1", "source": "KMC ward sewerage network map (ArcMap GeoPDF)", "extraction_method": "geopdf_vector", "georef_max_residual_m": 0.1, "conduit_type": "pipe", "pipe_diameter_mm": 300.0, "diameter_source": "legend_colour", "diameter_candidates_mm": null, "label_diameter_mm": 300.0, "label_agrees": true, "scheme": null, "flow_arrow": "end" }, "geometry": { "type": "LineString", "coordinates": [ [ 88.396274113833982, 22.510048303972361 ], [ 88.396382348136669, 22.510036653876252 ], [ 88.396497476378613, 22.510022802465997 ], [ 88.396612625995814, 22.510011091711689 ], [ 88.396732364425176, 22.509997199855011 ], [ 88.396847492585053, 22.509983348197821 ], [ 88.396955726766762, 22.509971697721138 ], [ 88.397077770232684, 22.509957785465776 ], [ 88.397213623067813, 22.509941611489193 ], [ 88.397340276707766, 22.509927658739702 ], [ 88.397483044921287, 22.509911424085864 ], [ 88.39753599868024, 22.509904538354153 ] ] } },
{ "type": "Feature", "properties": { "ward": 107, "source_sheet": "107_vip bazar.pdf p1", "source": "KMC ward sewerage network map (ArcMap GeoPDF)", "extraction_method": "geopdf_vector", "georef_max_residual_m": 0.1, "conduit_type": "pipe", "pipe_diameter_mm": 300.0, "diameter_source": "legend_colour", "diameter_candidates_mm": null, "label_diameter_mm": 300.0, "label_agrees": true, "scheme": null, "flow_arrow": "end" }, "geometry": { "type": "LineString", "coordinates": [ [ 88.39991624996857, 22.509329208511183 ], [ 88.399883558910005, 22.509057596162201 ] ] } },
{ "type": "Feature", "properties": { "ward": 107, "source_sheet": "107_vip bazar.pdf p1", "source": "KMC ward sewerage network map (ArcMap GeoPDF)", "extraction_method": "geopdf_vector", "georef_max_residual_m": 0.1, "conduit_type": "pipe", "pipe_diameter_mm": 300.0, "diameter_source": "legend_colour", "diameter_candidates_mm": null, "label_diameter_mm": 300.0, "label_agrees": true, "scheme": null, "flow_arrow": "end" }, "geometry": { "type": "LineString", "coordinates": [ [ 88.389525356718991, 22.520139556099412 ], [ 88.389512551877985, 22.520011211166771 ], [ 88.389497441871953, 22.51988288627583 ], [ 88.389439856466439, 22.51965644749739 ], [ 88.38942066847919, 22.519581681566095 ], [ 88.389401544419911, 22.519513337765176 ], [ 88.389384725666631, 22.519444974004937 ], [ 88.389370318721973, 22.519387293903332 ], [ 88.389348804234061, 22.519310407260406 ] ] } },
{ "type": "Feature", "properties": { "ward": 107, "source_sheet": "107_vip bazar.pdf p1", "source": "KMC ward sewerage network map (ArcMap GeoPDF)", "extraction_method": "geopdf_vector", "georef_max_residual_m": 0.1, "conduit_type": "pipe", "pipe_diameter_mm": 300.0, "diameter_source": "legend_colour", "diameter_candidates_mm": null, "label_diameter_mm": 300.0, "label_agrees": true, "scheme": null, "flow_arrow": "end" }, "geometry": { "type": "LineString", "coordinates": [ [ 88.388928324626576, 22.520149028761526 ], [ 88.388919215324918, 22.519928591256011 ], [ 88.388889933227915, 22.519766134466327 ], [ 88.388949274790633, 22.51970567234671 ], [ 88.388903323354299, 22.519489837015328 ] ] } },
{ "type": "Feature", "properties": { "ward": 107, "source_sheet": "107_vip bazar.pdf p1", "source": "KMC ward sewerage network map (ArcMap GeoPDF)", "extraction_method": "geopdf_vector", "georef_max_residual_m": 0.1, "conduit_type": "pipe", "pipe_diameter_mm": 300.0, "diameter_source": "legend_colour", "diameter_candidates_mm": null, "label_diameter_mm": 300.0, "label_agrees": true, "scheme": null, "flow_arrow": "end" }, "geometry": { "type": "LineString", "coordinates": [ [ 88.39529031866941, 22.524411865292677 ], [ 88.395168561877497, 22.524455747195301 ], [ 88.395055983667078, 22.524495267108815 ], [ 88.394927310532609, 22.524539209227218 ], [ 88.394956515387861, 22.524693101477986 ], [ 88.39498574161513, 22.524849134452847 ], [ 88.39509168207006, 22.524837504696468 ], [ 88.395197601202369, 22.524823734135886 ], [ 88.395307767267525, 22.52477353057543 ], [ 88.395417954553821, 22.524725467678454 ], [ 88.395523531126031, 22.524677444982853 ], [ 88.395619928876144, 22.524633784333432 ], [ 88.395709431876028, 22.524592324692978 ], [ 88.395799469875399, 22.524604383713022 ], [ 88.395896424075033, 22.524616382254258 ] ] } },
{ "type": "Feature", "properties": { "ward": 107, "source_sheet": "107_vip bazar.pdf p1", "source": "KMC ward sewerage network map (ArcMap GeoPDF)", "extraction_method": "geopdf_vector", "georef_max_residual_m": 0.1, "conduit_type": "pipe", "pipe_diameter_mm": 300.0, "diameter_source": "legend_colour", "diameter_candidates_mm": null, "label_diameter_mm": 300.0, "label_agrees": true, "scheme": null, "flow_arrow": "end" }, "geometry": { "type": "LineString", "coordinates": [ [ 88.391761707060695, 22.525922029527109 ], [ 88.391709985014302, 22.525821856091873 ], [ 88.391660632463953, 22.525728084943296 ], [ 88.39158779928772, 22.525591699483169 ], [ 88.391512276646736, 22.525416800604852 ], [ 88.391469904641184, 22.525329391261906 ], [ 88.391425163295267, 22.525235579769546 ], [ 88.391380357901497, 22.525135346047794 ], [ 88.391328572532743, 22.525028750237045 ], [ 88.391283852629414, 22.524937079431133 ], [ 88.391229719372248, 22.524826222178756 ] ] } },
{ "type": "Feature", "properties": { "ward": 107, "source_sheet": "107_vip bazar.pdf p1", "source": "KMC ward sewerage network map (ArcMap GeoPDF)", "extraction_method": "geopdf_vector", "georef_max_residual_m": 0.1, "conduit_type": "pipe", "pipe_diameter_mm": 400.0, "diameter_source": "legend_colour", "diameter_candidates_mm": null, "label_diameter_mm": 400.0, "label_agrees": true, "scheme": null, "flow_arrow": "end" }, "geometry": { "type": "LineString", "coordinates": [ [ 88.394318421501779, 22.524979133997398 ], [ 88.394504383870213, 22.525823179692665 ] ] } },
{ "type": "Feature", "properties": { "ward": 107, "source_sheet": "107_vip bazar.pdf p1", "source": "KMC ward sewerage network map (ArcMap GeoPDF)", "extraction_method": "geopdf_vector", "georef_max_residual_m": 0.1, "conduit_type": "pipe", "pipe_diameter_mm": 225.0, "diameter_source": "legend_colour", "diameter_candidates_mm": null, "label_diameter_mm": 225.0, "label_agrees": true, "scheme": null, "flow_arrow": "end" }, "geometry": { "type": "LineString", "coordinates": [ [ 88.391981850452396, 22.524646255017405 ], [ 88.391901823812887, 22.524713321241453 ], [ 88.391819491821138, 22.524780407512313 ], [ 88.391737181092907, 22.524849634482159 ] ] } },
{ "type": "Feature", "properties": { "ward": 107, "source_sheet": "107_vip bazar.pdf p1", "source": "KMC ward sewerage network map (ArcMap GeoPDF)", "extraction_method": "geopdf_vector", "georef_max_residual_m": 0.1, "conduit_type": "pipe", "pipe_diameter_mm": 225.0, "diameter_source": "legend_colour", "diameter_candidates_mm": null, "label_diameter_mm": 225.0, "label_agrees": true, "scheme": null, "flow_arrow": "end" }, "geometry": { "type": "LineString", "coordinates": [ [ 88.393082714547589, 22.524987772901884 ], [ 88.393051676401228, 22.524880996784756 ], [ 88.393023071761263, 22.524787045065555 ], [ 88.392994509985087, 22.524697374810479 ], [ 88.392965862799798, 22.524599141601147 ], [ 88.392937258286196, 22.524505189857614 ], [ 88.392906241741656, 22.524400554521012 ], [ 88.392872877068655, 22.524291657711633 ] ] } },
{ "type": "Feature", "properties": { "ward": 107, "source_sheet": "107_vip bazar.pdf p1", "source": "KMC ward sewerage network map (ArcMap GeoPDF)", "extraction_method": "geopdf_vector", "georef_max_residual_m": 0.1, "conduit_type": "pipe", "pipe_diameter_mm": 600.0, "diameter_source": "legend_colour", "diameter_candidates_mm": null, "label_diameter_mm": 600.0, "label_agrees": true, "scheme": null, "flow_arrow": "end" }, "geometry": { "type": "LineString", "coordinates": [ [ 88.393731133333731, 22.522271694274338 ], [ 88.393729872406482, 22.522145390105756 ], [ 88.393728696973469, 22.522027648881426 ], [ 88.393727478806852, 22.521905626271309 ], [ 88.39372636750376, 22.521794307342482 ], [ 88.393725256207688, 22.521682988412067 ] ] } },
{ "type": "Feature", "properties": { "ward": 107, "source_sheet": "107_vip bazar.pdf p1", "source": "KMC ward sewerage network map (ArcMap GeoPDF)", "extraction_method": "geopdf_vector", "georef_max_residual_m": 0.1, "conduit_type": "pipe", "pipe_diameter_mm": 900.0, "diameter_source": "legend_colour", "diameter_candidates_mm": null, "label_diameter_mm": null, "label_agrees": null, "scheme": null, "flow_arrow": "end" }, "geometry": { "type": "LineString", "coordinates": [ [ 88.394746633509101, 22.528377339066399 ], [ 88.394546466687174, 22.528419764389334 ], [ 88.394376206430991, 22.528455505568591 ], [ 88.394192134691551, 22.528493508035531 ], [ 88.393945965595606, 22.528547038808924 ], [ 88.39367452194854, 22.528609353320128 ], [ 88.393518051032203, 22.528640691459785 ] ] } },
{ "type": "Feature", "properties": { "ward": 107, "source_sheet": "107_vip bazar.pdf p1", "source": "KMC ward sewerage network map (ArcMap GeoPDF)", "extraction_method": "geopdf_vector", "georef_max_residual_m": 0.1, "conduit_type": "pipe", "pipe_diameter_mm": 700.0, "diameter_source": "map_label", "diameter_candidates_mm": null, "label_diameter_mm": 700.0, "label_agrees": null, "scheme": "KEIIP", "flow_arrow": "end" }, "geometry": { "type": "LineString", "coordinates": [ [ 88.395124532922424, 22.530891775461946 ], [ 88.395079123708513, 22.530731602183902 ], [ 88.395228230542102, 22.53065536718832 ], [ 88.395198938231218, 22.530492912243382 ], [ 88.395169624597415, 22.530328316553415 ], [ 88.395089697714297, 22.530174867506553 ], [ 88.394882590691125, 22.530215212948086 ], [ 88.394707717354748, 22.530250994843303 ], [ 88.394659917739034, 22.530082278596005 ], [ 88.394612075559351, 22.529909280767818 ], [ 88.394564725537819, 22.529785520059772 ], [ 88.39452437752054, 22.529670261975632 ], [ 88.394484072357088, 22.529559285344156 ] ] } },
{ "type": "Feature", "properties": { "ward": 107, "source_sheet": "107_vip bazar.pdf p1", "source": "KMC ward sewerage network map (ArcMap GeoPDF)", "extraction_method": "geopdf_vector", "georef_max_residual_m": 0.1, "conduit_type": "pipe", "pipe_diameter_mm": 300.0, "diameter_source": "legend_colour", "diameter_candidates_mm": null, "label_diameter_mm": 300.0, "label_agrees": true, "scheme": null, "flow_arrow": "end" }, "geometry": { "type": "LineString", "coordinates": [ [ 88.394980158054352, 22.529826852213468 ], [ 88.394842129862113, 22.529858030620272 ], [ 88.394727113431287, 22.529884726056324 ], [ 88.394612075559351, 22.529909280767818 ] ] } },
{ "type": "Feature", "properties": { "ward": 107, "source_sheet": "107_vip bazar.pdf p1", "source": "KMC ward sewerage network map (ArcMap GeoPDF)", "extraction_method": "geopdf_vector", "georef_max_residual_m": 0.1, "conduit_type": "pipe", "pipe_diameter_mm": 300.0, "diameter_source": "legend_colour", "diameter_candidates_mm": null, "label_diameter_mm": 300.0, "label_agrees": true, "scheme": null, "flow_arrow": "end" }, "geometry": { "type": "LineString", "coordinates": [ [ 88.394939611555316, 22.529461106877285 ], [ 88.394783161443542, 22.529494587011857 ], [ 88.394633627587581, 22.529528006613106 ], [ 88.394484072357088, 22.529559285344156 ] ] } },
{ "type": "Feature", "properties": { "ward": 107, "source_sheet": "107_vip bazar.pdf p1", "source": "KMC ward sewerage network map (ArcMap GeoPDF)", "extraction_method": "geopdf_vector", "georef_max_residual_m": 0.1, "conduit_type": "pipe", "pipe_diameter_mm": 300.0, "diameter_source": "legend_colour", "diameter_candidates_mm": null, "label_diameter_mm": 300.0, "label_agrees": true, "scheme": null, "flow_arrow": "end" }, "geometry": { "type": "LineString", "coordinates": [ [ 88.394801139989553, 22.528755808252907 ], [ 88.394688365800235, 22.52877606128634 ], [ 88.394552579723637, 22.528800797069387 ], [ 88.394423688699575, 22.528823331541126 ], [ 88.394281007597172, 22.528850268207947 ] ] } },
{ "type": "Feature", "properties": { "ward": 107, "source_sheet": "107_vip bazar.pdf p1", "source": "KMC ward sewerage network map (ArcMap GeoPDF)", "extraction_method": "geopdf_vector", "georef_max_residual_m": 0.1, "conduit_type": "pipe", "pipe_diameter_mm": 450.0, "diameter_source": "legend_colour", "diameter_candidates_mm": null, "label_diameter_mm": 450.0, "label_agrees": true, "scheme": null, "flow_arrow": "end" }, "geometry": { "type": "LineString", "coordinates": [ [ 88.393928260423564, 22.529313647357004 ], [ 88.393885543498712, 22.529191986897608 ], [ 88.393842826655174, 22.529070326510492 ], [ 88.393800109795151, 22.528948666018113 ], [ 88.393755087675828, 22.528827025623162 ], [ 88.393719565295115, 22.52873313448276 ], [ 88.39367452194854, 22.528609353320128 ] ] } },
{ "type": "Feature", "properties": { "ward": 107, "source_sheet": "107_vip bazar.pdf p1", "source": "KMC ward sewerage network map (ArcMap GeoPDF)", "extraction_method": "geopdf_vector", "georef_max_residual_m": 0.1, "conduit_type": "pipe", "pipe_diameter_mm": 300.0, "diameter_source": "legend_colour", "diameter_candidates_mm": null, "label_diameter_mm": 300.0, "label_agrees": true, "scheme": null, "flow_arrow": "end" }, "geometry": { "type": "LineString", "coordinates": [ [ 88.395157232807748, 22.523783593013846 ], [ 88.395279160299097, 22.523756837022685 ], [ 88.395394171594347, 22.523730141434733 ], [ 88.395518404236199, 22.52370336513329 ], [ 88.395638026127841, 22.523676629013977 ], [ 88.39575534262147, 22.523649913036678 ], [ 88.395868048369621, 22.523623237169051 ], [ 88.395942355049172, 22.523676111255327 ], [ 88.396062319364049, 22.523683626837808 ], [ 88.396179978338495, 22.523691162475792 ], [ 88.396316101614303, 22.523700677491529 ] ] } },
{ "type": "Feature", "properties": { "ward": 107, "source_sheet": "107_vip bazar.pdf p1", "source": "KMC ward sewerage network map (ArcMap GeoPDF)", "extraction_method": "geopdf_vector", "georef_max_residual_m": 0.1, "conduit_type": "pipe", "pipe_diameter_mm": 225.0, "diameter_source": "legend_colour", "diameter_candidates_mm": null, "label_diameter_mm": 225.0, "label_agrees": true, "scheme": null, "flow_arrow": "end" }, "geometry": { "type": "LineString", "coordinates": [ [ 88.391547925674089, 22.525061094723746 ], [ 88.391623661972929, 22.525026180067456 ], [ 88.391701724949527, 22.524993386032403 ], [ 88.39178894544429, 22.524954089412834 ] ] } },
{ "type": "Feature", "properties": { "ward": 107, "source_sheet": "107_vip bazar.pdf p1", "source": "KMC ward sewerage network map (ArcMap GeoPDF)", "extraction_method": "geopdf_vector", "georef_max_residual_m": 0.1, "conduit_type": "pipe", "pipe_diameter_mm": 225.0, "diameter_source": "legend_colour", "diameter_candidates_mm": null, "label_diameter_mm": 225.0, "label_agrees": true, "scheme": null, "flow_arrow": "end" }, "geometry": { "type": "LineString", "coordinates": [ [ 88.391714318748782, 22.525331544202128 ], [ 88.391824529295818, 22.52528562442043 ], [ 88.391930129010305, 22.525239744738805 ] ] } },
{ "type": "Feature", "properties": { "ward": 107, "source_sheet": "107_vip bazar.pdf p1", "source": "KMC ward sewerage network map (ArcMap GeoPDF)", "extraction_method": "geopdf_vector", "georef_max_residual_m": 0.1, "conduit_type": "pipe", "pipe_diameter_mm": 300.0, "diameter_source": "legend_colour", "diameter_candidates_mm": null, "label_diameter_mm": 300.0, "label_agrees": true, "scheme": null, "flow_arrow": "end" }, "geometry": { "type": "LineString", "coordinates": [ [ 88.392493366026741, 22.52438274423756 ], [ 88.392601483753651, 22.524358251611268 ], [ 88.392727980260659, 22.52432717584183 ], [ 88.392872877068655, 22.524291657711633 ], [ 88.393013141614475, 22.524254038831067 ], [ 88.393160279524622, 22.524212078139008 ] ] } },
{ "type": "Feature", "properties": { "ward": 107, "source_sheet": "107_vip bazar.pdf p1", "source": "KMC ward sewerage network map (ArcMap GeoPDF)", "extraction_method": "geopdf_vector", "georef_max_residual_m": 0.1, "conduit_type": "pipe", "pipe_diameter_mm": 450.0, "diameter_source": "legend_colour", "diameter_candidates_mm": null, "label_diameter_mm": 450.0, "label_agrees": true, "scheme": null, "flow_arrow": "end" }, "geometry": { "type": "LineString", "coordinates": [ [ 88.393920424014311, 22.525066103417238 ], [ 88.393942219990663, 22.525170819052384 ], [ 88.393964058761085, 22.525279816152594 ], [ 88.393988331222388, 22.52540163754372 ], [ 88.39401027697312, 22.525521338397116 ], [ 88.394036940432315, 22.52565170268754 ], [ 88.394058800850473, 22.525762840495432 ], [ 88.394078206063924, 22.525859013180263 ], [ 88.394095327397366, 22.525957346712289 ] ] } },
{ "type": "Feature", "properties": { "ward": 107, "source_sheet": "107_vip bazar.pdf p1", "source": "KMC ward sewerage network map (ArcMap GeoPDF)", "extraction_method": "geopdf_vector", "georef_max_residual_m": 0.1, "conduit_type": "pipe", "pipe_diameter_mm": 600.0, "diameter_source": "legend_colour", "diameter_candidates_mm": null, "label_diameter_mm": 600.0, "label_agrees": true, "scheme": null, "flow_arrow": "end" }, "geometry": { "type": "LineString", "coordinates": [ [ 88.394578659525934, 22.521949581703467 ], [ 88.394536179905685, 22.521851469496159 ], [ 88.394484265249758, 22.521732030214455 ], [ 88.394432371974702, 22.521614731735838 ], [ 88.394285044806423, 22.521637426730745 ], [ 88.394128496316242, 22.521660202051475 ], [ 88.393985630140079, 22.521667871392228 ], [ 88.393858901159163, 22.521675399743891 ], [ 88.393725256207688, 22.521682988412067 ], [ 88.393573767017884, 22.521750678721681 ], [ 88.393481703364202, 22.521766468212618 ], [ 88.393385050413826, 22.521784438596875 ], [ 88.393237466476961, 22.521781443716051 ], [ 88.393078377301123, 22.521780689845876 ] ] } },
{ "type": "Feature", "properties": { "ward": 107, "source_sheet": "107_vip bazar.pdf p1", "source": "KMC ward sewerage network map (ArcMap GeoPDF)", "extraction_method": "geopdf_vector", "georef_max_residual_m": 0.1, "conduit_type": "pipe", "pipe_diameter_mm": 225.0, "diameter_source": "legend_colour", "diameter_candidates_mm": null, "label_diameter_mm": 225.0, "label_agrees": true, "scheme": null, "flow_arrow": "end" }, "geometry": { "type": "LineString", "coordinates": [ [ 88.386490488956554, 22.518431757661066 ], [ 88.386656150312277, 22.518398206053664 ], [ 88.386819570188578, 22.518371096517455 ], [ 88.386936969384465, 22.518352950067268 ], [ 88.387045190000464, 22.518339165061775 ], [ 88.387076413227931, 22.518465209509724 ], [ 88.387107594083048, 22.518586972458969 ], [ 88.387132071742286, 22.51873020295805 ], [ 88.38715418038224, 22.518867031141351 ] ] } },
{ "type": "Feature", "properties": { "ward": 107, "source_sheet": "107_vip bazar.pdf p1", "source": "KMC ward sewerage network map (ArcMap GeoPDF)", "extraction_method": "geopdf_vector", "georef_max_residual_m": 0.1, "conduit_type": "pipe", "pipe_diameter_mm": 225.0, "diameter_source": "legend_colour", "diameter_candidates_mm": null, "label_diameter_mm": 225.0, "label_agrees": true, "scheme": null, "flow_arrow": "end" }, "geometry": { "type": "LineString", "coordinates": [ [ 88.386490488956554, 22.518431757661066 ], [ 88.386593579443499, 22.518597856441101 ], [ 88.386632653641868, 22.518818034242432 ], [ 88.38667437341816, 22.519072444095638 ], [ 88.386821593231701, 22.519039052328029 ], [ 88.386955023721413, 22.519010061975226 ] ] } },
{ "type": "Feature", "properties": { "ward": 107, "source_sheet": "107_vip bazar.pdf p1", "source": "KMC ward sewerage network map (ArcMap GeoPDF)", "extraction_method": "geopdf_vector", "georef_max_residual_m": 0.1, "conduit_type": "pipe", "pipe_diameter_mm": 600.0, "diameter_source": "legend_colour", "diameter_candidates_mm": null, "label_diameter_mm": 600.0, "label_agrees": true, "scheme": null, "flow_arrow": "end" }, "geometry": { "type": "LineString", "coordinates": [ [ 88.392738337232089, 22.513577443648057 ], [ 88.392922560644962, 22.513556569762343 ], [ 88.393097584611766, 22.513537916780017 ], [ 88.393265671617428, 22.513517183067457 ], [ 88.393373908879738, 22.513505534850051 ], [ 88.393438390285155, 22.513498549814631 ], [ 88.393502871587458, 22.513491564843743 ], [ 88.393571941980042, 22.513482398819001 ], [ 88.393634118083767, 22.513475433895906 ], [ 88.393707820180467, 22.513468368351358 ], [ 88.393832172348056, 22.513454438377813 ], [ 88.393968029116238, 22.513438266954537 ], [ 88.394115411841781, 22.513421994880641 ], [ 88.39427890941073, 22.513403441167707 ], [ 88.39444471220142, 22.513384867177958 ], [ 88.394543728500366, 22.513373298542927 ], [ 88.394624324632005, 22.51336403150502 ], [ 88.394721035717509, 22.51335248296623 ], [ 88.394817746782678, 22.51334093428094 ], [ 88.394912174032058, 22.513331546484121 ], [ 88.395004274705457, 22.513320037925695 ], [ 88.395101007097907, 22.513310629810178 ], [ 88.395232253162561, 22.513294497577032 ], [ 88.395312849183526, 22.513285230288137 ] ] } },
{ "type": "Feature", "properties": { "ward": 107, "source_sheet": "107_vip bazar.pdf p1", "source": "KMC ward sewerage network map (ArcMap GeoPDF)", "extraction_method": "geopdf_vector", "georef_max_residual_m": 0.1, "conduit_type": "pipe", "pipe_diameter_mm": 300.0, "diameter_source": "legend_colour", "diameter_candidates_mm": null, "label_diameter_mm": 300.0, "label_agrees": true, "scheme": null, "flow_arrow": "end" }, "geometry": { "type": "LineString", "coordinates": [ [ 88.393576307678032, 22.512071482971425 ], [ 88.393447367647127, 22.512087593711314 ], [ 88.393313838617132, 22.512105885278771 ], [ 88.393164173334355, 22.512124317387887 ], [ 88.392961553184151, 22.512149633745359 ], [ 88.392834918141446, 22.512165723911949 ], [ 88.392680663728243, 22.512186336494064 ], [ 88.392700343135104, 22.512310339445392 ], [ 88.39271752530739, 22.512415095727658 ], [ 88.392734814239873, 22.512530555705485 ], [ 88.392749648613176, 22.512631050496712 ], [ 88.392764418876197, 22.512725123065323 ], [ 88.392781601165993, 22.512829879330479 ], [ 88.3927889863198, 22.51287691561155 ], [ 88.392869603778479, 22.512869790199247 ], [ 88.392982472378009, 22.512860242828541 ], [ 88.393097624680067, 22.512848534459167 ], [ 88.393224303005468, 22.512836725536228 ], [ 88.393288805373203, 22.51283188140496 ] ] } },
{ "type": "Feature", "properties": { "ward": 107, "source_sheet": "107_vip bazar.pdf p1", "source": "KMC ward sewerage network map (ArcMap GeoPDF)", "extraction_method": "geopdf_vector", "georef_max_residual_m": 0.1, "conduit_type": "pipe", "pipe_diameter_mm": 225.0, "diameter_source": "legend_colour", "diameter_candidates_mm": null, "label_diameter_mm": 225.0, "label_agrees": true, "scheme": null, "flow_arrow": "end" }, "geometry": { "type": "LineString", "coordinates": [ [ 88.393021554368445, 22.513080418802051 ], [ 88.393088362130953, 22.513075554563635 ], [ 88.393182810730835, 22.513068308523636 ], [ 88.393263449527723, 22.51306332373909 ], [ 88.393316426123718, 22.513058579976644 ] ] } },
{ "type": "Feature", "properties": { "ward": 107, "source_sheet": "107_vip bazar.pdf p1", "source": "KMC ward sewerage network map (ArcMap GeoPDF)", "extraction_method": "geopdf_vector", "georef_max_residual_m": 0.1, "conduit_type": "pipe", "pipe_diameter_mm": 400.0, "diameter_source": "legend_colour", "diameter_candidates_mm": null, "label_diameter_mm": null, "label_agrees": null, "scheme": null, "flow_arrow": "end" }, "geometry": { "type": "LineString", "coordinates": [ [ 88.395001978831033, 22.512628535447043 ], [ 88.394994293619391, 22.512551528793928 ], [ 88.39498665108475, 22.512478803705267 ], [ 88.394976596591562, 22.512395394954112 ], [ 88.394968954174658, 22.51232266977231 ], [ 88.394961247532109, 22.512243522375794 ], [ 88.394951086180043, 22.512149409839463 ] ] } },
{ "type": "Feature", "properties": { "ward": 107, "source_sheet": "107_vip bazar.pdf p1", "source": "KMC ward sewerage network map (ArcMap GeoPDF)", "extraction_method": "geopdf_vector", "georef_max_residual_m": 0.1, "conduit_type": "pipe", "pipe_diameter_mm": 400.0, "diameter_source": "legend_colour", "diameter_candidates_mm": null, "label_diameter_mm": 400.0, "label_agrees": true, "scheme": null, "flow_arrow": "end" }, "geometry": { "type": "LineString", "coordinates": [ [ 88.393373908879738, 22.513505534850051 ], [ 88.393366395342767, 22.513445654086802 ], [ 88.393353865584629, 22.513345139292799 ], [ 88.393341335943987, 22.513244624405665 ], [ 88.393331154118187, 22.513148370988098 ], [ 88.393316426123718, 22.513058579976644 ], [ 88.393311345857384, 22.513011523635615 ], [ 88.393303811032141, 22.512949502212983 ], [ 88.393296340279278, 22.512893902918197 ], [ 88.393288805373203, 22.51283188140496 ], [ 88.393278858628662, 22.512759176287428 ], [ 88.393268869091074, 22.512682189600799 ], [ 88.393258815599864, 22.512598780603728 ], [ 88.393243852742458, 22.512485441351007 ], [ 88.393233906056679, 22.512412736225212 ], [ 88.393284107350979, 22.512360916042649 ], [ 88.393403848366219, 22.512347026634497 ], [ 88.393523589255437, 22.512333137050099 ], [ 88.393659444986184, 22.512316965938783 ], [ 88.393804521325222, 22.512300714306491 ], [ 88.393933482858387, 22.512286744012002 ], [ 88.394053223619977, 22.512272854038869 ], [ 88.394168354031336, 22.512259004192334 ], [ 88.394294988943344, 22.512242913069667 ], [ 88.394442370257423, 22.512226640761082 ], [ 88.394601256142707, 22.512208126923628 ], [ 88.394755531563789, 22.512189653252651 ], [ 88.394905217901467, 22.512173360410248 ], [ 88.394951086180043, 22.512149409839463 ], [ 88.394936143400869, 22.512038211543491 ], [ 88.394923527184105, 22.511929133863887 ] ] } },
{ "type": "Feature", "properties": { "ward": 107, "source_sheet": "107_vip bazar.pdf p1", "source": "KMC ward sewerage network map (ArcMap GeoPDF)", "extraction_method": "geopdf_vector", "georef_max_residual_m": 0.1, "conduit_type": "pipe", "pipe_diameter_mm": 300.0, "diameter_source": "legend_colour", "diameter_candidates_mm": null, "label_diameter_mm": 300.0, "label_agrees": true, "scheme": null, "flow_arrow": "end" }, "geometry": { "type": "LineString", "coordinates": [ [ 88.394421370258527, 22.512432353928691 ], [ 88.39452521004317, 22.512442152588488 ], [ 88.394702537460518, 22.51242347782815 ], [ 88.394822299606645, 22.512411728019252 ], [ 88.394919010010582, 22.512400179394625 ], [ 88.394976596591562, 22.512395394954112 ] ] } },
{ "type": "Feature", "properties": { "ward": 107, "source_sheet": "107_vip bazar.pdf p1", "source": "KMC ward sewerage network map (ArcMap GeoPDF)", "extraction_method": "geopdf_vector", "georef_max_residual_m": 0.1, "conduit_type": "pipe", "pipe_diameter_mm": 400.0, "diameter_source": "legend_colour", "diameter_candidates_mm": null, "label_diameter_mm": 400.0, "label_agrees": true, "scheme": null, "flow_arrow": "end" }, "geometry": { "type": "LineString", "coordinates": [ [ 88.394446858445264, 22.512676198336205 ], [ 88.394628817979793, 22.512659624156257 ], [ 88.394813103907282, 22.512645170394958 ], [ 88.394946697321345, 22.512633299782706 ], [ 88.395001978831033, 22.512628535447043 ], [ 88.39522082094291, 22.512611638688369 ] ] } },
{ "type": "Feature", "properties": { "ward": 107, "source_sheet": "107_vip bazar.pdf p1", "source": "KMC ward sewerage network map (ArcMap GeoPDF)", "extraction_method": "geopdf_vector", "georef_max_residual_m": 0.1, "conduit_type": "pipe", "pipe_diameter_mm": 225.0, "diameter_source": "legend_colour", "diameter_candidates_mm": null, "label_diameter_mm": 225.0, "label_agrees": true, "scheme": null, "flow_arrow": "end" }, "geometry": { "type": "LineString", "coordinates": [ [ 88.39195836646816, 22.510032421219911 ], [ 88.391992131666527, 22.510181992878625 ], [ 88.392025939516898, 22.510335846096375 ], [ 88.392062095347939, 22.510493960706306 ], [ 88.392095946135342, 22.510652095377175 ], [ 88.392206379876029, 22.510629724177459 ], [ 88.392298393641013, 22.510609654190667 ], [ 88.392327250372645, 22.510729295440218 ] ] } },
{ "type": "Feature", "properties": { "ward": 107, "source_sheet": "107_vip bazar.pdf p1", "source": "KMC ward sewerage network map (ArcMap GeoPDF)", "extraction_method": "geopdf_vector", "georef_max_residual_m": 0.1, "conduit_type": "pipe", "pipe_diameter_mm": 225.0, "diameter_source": "legend_colour", "diameter_candidates_mm": null, "label_diameter_mm": 225.0, "label_agrees": true, "scheme": null, "flow_arrow": "end" }, "geometry": { "type": "LineString", "coordinates": [ [ 88.391754014811184, 22.510809220651211 ], [ 88.391734549820114, 22.510706625011551 ], [ 88.391727293150524, 22.510672433183643 ], [ 88.391793929105106, 22.510650443607176 ], [ 88.391767143458438, 22.510507233919796 ], [ 88.3917404005321, 22.510368305705658 ], [ 88.391657653536896, 22.509930133571544 ], [ 88.391642991057481, 22.509846764614561 ] ] } },
{ "type": "Feature", "properties": { "ward": 107, "source_sheet": "107_vip bazar.pdf p1", "source": "KMC ward sewerage network map (ArcMap GeoPDF)", "extraction_method": "geopdf_vector", "georef_max_residual_m": 0.1, "conduit_type": "pipe", "pipe_diameter_mm": 225.0, "diameter_source": "legend_colour", "diameter_candidates_mm": null, "label_diameter_mm": 225.0, "label_agrees": true, "scheme": null, "flow_arrow": "end" }, "geometry": { "type": "LineString", "coordinates": [ [ 88.391316213885759, 22.510136495194942 ], [ 88.391291563413304, 22.509976139300026 ], [ 88.391269281996827, 22.509822185558722 ], [ 88.391259485852302, 22.509764465509512 ] ] } },
{ "type": "Feature", "properties": { "ward": 107, "source_sheet": "107_vip bazar.pdf p1", "source": "KMC ward sewerage network map (ArcMap GeoPDF)", "extraction_method": "geopdf_vector", "georef_max_residual_m": 0.1, "conduit_type": "pipe", "pipe_diameter_mm": 300.0, "diameter_source": "legend_colour", "diameter_candidates_mm": null, "label_diameter_mm": 300.0, "label_agrees": true, "scheme": null, "flow_arrow": "end" }, "geometry": { "type": "LineString", "coordinates": [ [ 88.390266156464349, 22.510254819786098 ], [ 88.390271022492186, 22.510280468778436 ], [ 88.39030824156292, 22.510545621559128 ], [ 88.390342793535524, 22.510774401651819 ], [ 88.390395978662426, 22.511022287990819 ] ] } },
{ "type": "Feature", "properties": { "ward": 107, "source_sheet": "107_vip bazar.pdf p1", "source": "KMC ward sewerage network map (ArcMap GeoPDF)", "extraction_method": "geopdf_vector", "georef_max_residual_m": 0.1, "conduit_type": "pipe", "pipe_diameter_mm": 225.0, "diameter_source": "legend_colour", "diameter_candidates_mm": null, "label_diameter_mm": 225.0, "label_agrees": true, "scheme": null, "flow_arrow": "end" }, "geometry": { "type": "LineString", "coordinates": [ [ 88.390742891386267, 22.510439075232853 ], [ 88.390925993723258, 22.511000549068818 ], [ 88.390952117805043, 22.511077395567685 ] ] } },
{ "type": "Feature", "properties": { "ward": 107, "source_sheet": "107_vip bazar.pdf p1", "source": "KMC ward sewerage network map (ArcMap GeoPDF)", "extraction_method": "geopdf_vector", "georef_max_residual_m": 0.1, "conduit_type": "pipe", "pipe_diameter_mm": 225.0, "diameter_source": "legend_colour", "diameter_candidates_mm": null, "label_diameter_mm": 225.0, "label_agrees": true, "scheme": null, "flow_arrow": "end" }, "geometry": { "type": "LineString", "coordinates": [ [ 88.391076607199693, 22.510151426289067 ], [ 88.391059405316383, 22.510044528984213 ], [ 88.391037422676362, 22.509920545768644 ], [ 88.391017851788817, 22.509807246286865 ], [ 88.391005622727889, 22.509736701733658 ] ] } },
{ "type": "Feature", "properties": { "ward": 107, "source_sheet": "107_vip bazar.pdf p1", "source": "KMC ward sewerage network map (ArcMap GeoPDF)", "extraction_method": "geopdf_vector", "georef_max_residual_m": 0.1, "conduit_type": "pipe", "pipe_diameter_mm": 300.0, "diameter_source": "legend_colour", "diameter_candidates_mm": null, "label_diameter_mm": 300.0, "label_agrees": true, "scheme": null, "flow_arrow": "end" }, "geometry": { "type": "LineString", "coordinates": [ [ 88.389503441546424, 22.510753868301919 ], [ 88.389488439430139, 22.510636247023172 ], [ 88.389473437344108, 22.510518625650882 ], [ 88.389453633380839, 22.51038177756941 ], [ 88.38943368041528, 22.510229944275935 ], [ 88.389413833964127, 22.5100888146934 ], [ 88.389396420440406, 22.509960509618615 ], [ 88.389381461218051, 22.509847169796469 ], [ 88.389371452837906, 22.509768041977495 ] ] } },
{ "type": "Feature", "properties": { "ward": 107, "source_sheet": "107_vip bazar.pdf p1", "source": "KMC ward sewerage network map (ArcMap GeoPDF)", "extraction_method": "geopdf_vector", "georef_max_residual_m": 0.1, "conduit_type": "pipe", "pipe_diameter_mm": 225.0, "diameter_source": "legend_colour", "diameter_candidates_mm": null, "label_diameter_mm": null, "label_agrees": null, "scheme": null, "flow_arrow": "end" }, "geometry": { "type": "LineString", "coordinates": [ [ 88.389547399042428, 22.510306029594069 ], [ 88.389597808896212, 22.510506839708679 ], [ 88.389617378768975, 22.510620139496243 ], [ 88.389641622846824, 22.510739821336756 ], [ 88.389656326856311, 22.510827472098679 ], [ 88.389673336125398, 22.510915102725633 ], [ 88.389680656300001, 22.510955716988008 ] ] } },
{ "type": "Feature", "properties": { "ward": 107, "source_sheet": "107_vip bazar.pdf p1", "source": "KMC ward sewerage network map (ArcMap GeoPDF)", "extraction_method": "geopdf_vector", "georef_max_residual_m": 0.1, "conduit_type": "pipe", "pipe_diameter_mm": 225.0, "diameter_source": "legend_colour", "diameter_candidates_mm": null, "label_diameter_mm": 225.0, "label_agrees": true, "scheme": null, "flow_arrow": "end" }, "geometry": { "type": "LineString", "coordinates": [ [ 88.38996524327294, 22.510595705350497 ], [ 88.389980330895185, 22.510721889627241 ], [ 88.389993049600292, 22.510841671715877 ], [ 88.390005619215586, 22.510946468421899 ], [ 88.390010676853748, 22.5109913841973 ] ] } },
{ "type": "Feature", "properties": { "ward": 107, "source_sheet": "107_vip bazar.pdf p1", "source": "KMC ward sewerage network map (ArcMap GeoPDF)", "extraction_method": "geopdf_vector", "georef_max_residual_m": 0.1, "conduit_type": "pipe", "pipe_diameter_mm": 225.0, "diameter_source": "legend_colour", "diameter_candidates_mm": null, "label_diameter_mm": 225.0, "label_agrees": true, "scheme": null, "flow_arrow": "end" }, "geometry": { "type": "LineString", "coordinates": [ [ 88.388433063548973, 22.510683954991272 ], [ 88.388469960206933, 22.510916997100846 ], [ 88.388477258657502, 22.510955470603019 ] ] } },
{ "type": "Feature", "properties": { "ward": 107, "source_sheet": "107_vip bazar.pdf p1", "source": "KMC ward sewerage network map (ArcMap GeoPDF)", "extraction_method": "geopdf_vector", "georef_max_residual_m": 0.1, "conduit_type": "pipe", "pipe_diameter_mm": 225.0, "diameter_source": "legend_colour", "diameter_candidates_mm": null, "label_diameter_mm": 225.0, "label_agrees": true, "scheme": null, "flow_arrow": "end" }, "geometry": { "type": "LineString", "coordinates": [ [ 88.387902261843266, 22.510626477658114 ], [ 88.388006312675017, 22.51065768824386 ], [ 88.388049188069942, 22.510796477130263 ], [ 88.388096844127062, 22.510952352005834 ], [ 88.388108731495649, 22.510988644746465 ] ] } },
{ "type": "Feature", "properties": { "ward": 107, "source_sheet": "107_vip bazar.pdf p1", "source": "KMC ward sewerage network map (ArcMap GeoPDF)", "extraction_method": "geopdf_vector", "georef_max_residual_m": 0.1, "conduit_type": "pipe", "pipe_diameter_mm": 225.0, "diameter_source": "legend_colour", "diameter_candidates_mm": null, "label_diameter_mm": 225.0, "label_agrees": true, "scheme": null, "flow_arrow": "end" }, "geometry": { "type": "LineString", "coordinates": [ [ 88.387672269983526, 22.510913219833817 ], [ 88.387564267842478, 22.510948412519131 ] ] } },
{ "type": "Feature", "properties": { "ward": 107, "source_sheet": "107_vip bazar.pdf p1", "source": "KMC ward sewerage network map (ArcMap GeoPDF)", "extraction_method": "geopdf_vector", "georef_max_residual_m": 0.1, "conduit_type": "pipe", "pipe_diameter_mm": 300.0, "diameter_source": "legend_colour", "diameter_candidates_mm": null, "label_diameter_mm": 300.0, "label_agrees": true, "scheme": null, "flow_arrow": "end" }, "geometry": { "type": "LineString", "coordinates": [ [ 88.387352716061628, 22.511234994192662 ], [ 88.387293003453863, 22.511025700203099 ], [ 88.387264065982876, 22.510897494857218 ], [ 88.387237433618537, 22.51076926949554 ], [ 88.387210865182794, 22.510647466360769 ], [ 88.387193942528157, 22.510568398373117 ] ] } },
{ "type": "Feature", "properties": { "ward": 107, "source_sheet": "107_vip bazar.pdf p1", "source": "KMC ward sewerage network map (ArcMap GeoPDF)", "extraction_method": "geopdf_vector", "georef_max_residual_m": 0.1, "conduit_type": "pipe", "pipe_diameter_mm": 300.0, "diameter_source": "legend_colour", "diameter_candidates_mm": null, "label_diameter_mm": 300.0, "label_agrees": true, "scheme": null, "flow_arrow": "end" }, "geometry": { "type": "LineString", "coordinates": [ [ 88.386878438130708, 22.511530278342278 ], [ 88.38685922015064, 22.511220008542097 ], [ 88.386848150356059, 22.511033842600281 ], [ 88.386837059448311, 22.510845535905379 ], [ 88.386831131356374, 22.510712848952515 ] ] } },
{ "type": "Feature", "properties": { "ward": 107, "source_sheet": "107_vip bazar.pdf p1", "source": "KMC ward sewerage network map (ArcMap GeoPDF)", "extraction_method": "geopdf_vector", "georef_max_residual_m": 0.1, "conduit_type": "pipe", "pipe_diameter_mm": 300.0, "diameter_source": "legend_colour", "diameter_candidates_mm": null, "label_diameter_mm": 300.0, "label_agrees": true, "scheme": null, "flow_arrow": "end" }, "geometry": { "type": "LineString", "coordinates": [ [ 88.385998959581116, 22.510951289124353 ], [ 88.386050086089071, 22.511689470936602 ] ] } },
{ "type": "Feature", "properties": { "ward": 107, "source_sheet": "107_vip bazar.pdf p1", "source": "KMC ward sewerage network map (ArcMap GeoPDF)", "extraction_method": "geopdf_vector", "georef_max_residual_m": 0.1, "conduit_type": "pipe", "pipe_diameter_mm": 300.0, "diameter_source": "legend_colour", "diameter_candidates_mm": null, "label_diameter_mm": 300.0, "label_agrees": true, "scheme": null, "flow_arrow": "end" }, "geometry": { "type": "LineString", "coordinates": [ [ 88.385367464521693, 22.510736246766445 ], [ 88.385359551155432, 22.510635690964101 ], [ 88.385449239865039, 22.510613504162869 ], [ 88.385436716172507, 22.510512988416508 ], [ 88.38542415013508, 22.510408191082583 ], [ 88.385411584025107, 22.510303393746234 ], [ 88.385404031689816, 22.510239230911818 ] ] } },
{ "type": "Feature", "properties": { "ward": 107, "source_sheet": "107_vip bazar.pdf p1", "source": "KMC ward sewerage network map (ArcMap GeoPDF)", "extraction_method": "geopdf_vector", "georef_max_residual_m": 0.1, "conduit_type": "pipe", "pipe_diameter_mm": 300.0, "diameter_source": "legend_colour", "diameter_candidates_mm": null, "label_diameter_mm": 300.0, "label_agrees": true, "scheme": null, "flow_arrow": "end" }, "geometry": { "type": "LineString", "coordinates": [ [ 88.385347746094524, 22.51107254574325 ], [ 88.385248645409874, 22.511075545603028 ], [ 88.385151849867242, 22.511078525424857 ], [ 88.385165265012418, 22.511268953113518 ], [ 88.385167867361119, 22.51129890377544 ] ] } },
{ "type": "Feature", "properties": { "ward": 107, "source_sheet": "107_vip bazar.pdf p1", "source": "KMC ward sewerage network map (ArcMap GeoPDF)", "extraction_method": "geopdf_vector", "georef_max_residual_m": 0.1, "conduit_type": "pipe", "pipe_diameter_mm": 800.0, "diameter_source": "legend_colour", "diameter_candidates_mm": null, "label_diameter_mm": 800.0, "label_agrees": true, "scheme": "KEIIP", "flow_arrow": "end" }, "geometry": { "type": "LineString", "coordinates": [ [ 88.382126494991738, 22.511937543410308 ], [ 88.382430651436067, 22.511922067157307 ], [ 88.382688725458408, 22.511909129942818 ], [ 88.382946799312634, 22.511896192317828 ], [ 88.383190702930278, 22.511849121909886 ], [ 88.383168599584224, 22.511712292725612 ], [ 88.383290561857208, 22.511689827782273 ], [ 88.383407956069803, 22.511671684152194 ], [ 88.383413875077451, 22.511571008479702 ], [ 88.383519616153578, 22.511540119955704 ], [ 88.383667083387294, 22.511532420568042 ], [ 88.383828402947998, 22.51152674204177 ], [ 88.383971281026447, 22.511521222953224 ], [ 88.383969775117407, 22.511369229023813 ], [ 88.383965603503128, 22.511180862062538 ], [ 88.383961580380799, 22.51100748042424 ], [ 88.38403257377847, 22.510959764911711 ], [ 88.384105808544405, 22.510905607163988 ], [ 88.384174496691699, 22.510857911555391 ], [ 88.384205687083195, 22.510748453284869 ], [ 88.384232394326531, 22.510651879516153 ], [ 88.384341917409898, 22.510537460851825 ], [ 88.38436795295091, 22.510605745618804 ], [ 88.384379443677332, 22.510834727049339 ], [ 88.384390764640031, 22.511046582487779 ], [ 88.384402234170338, 22.511273423153717 ] ] } },
{ "type": "Feature", "properties": { "ward": 107, "source_sheet": "107_vip bazar.pdf p1", "source": "KMC ward sewerage network map (ArcMap GeoPDF)", "extraction_method": "geopdf_vector", "georef_max_residual_m": 0.1, "conduit_type": "pipe", "pipe_diameter_mm": 300.0, "diameter_source": "legend_colour", "diameter_candidates_mm": null, "label_diameter_mm": 300.0, "label_agrees": true, "scheme": null, "flow_arrow": "end" }, "geometry": { "type": "LineString", "coordinates": [ [ 88.381404005128516, 22.51231203232285 ], [ 88.381611556529492, 22.512318801970281 ], [ 88.38172901508878, 22.512307081867657 ], [ 88.381867199099332, 22.512293041461085 ], [ 88.382016887854661, 22.512276760520511 ], [ 88.382150461350889, 22.512262759741052 ], [ 88.382436219403601, 22.512251724511962 ], [ 88.382558351807319, 22.512246386089874 ], [ 88.382673589777227, 22.512243248242996 ], [ 88.382786501277153, 22.512237989509902 ], [ 88.382890213369279, 22.512234951229573 ], [ 88.382909862923682, 22.512356814978816 ], [ 88.38294184381607, 22.512559927982803 ], [ 88.382976193683533, 22.512769443358152 ], [ 88.383013166808269, 22.513011050087531 ], [ 88.382879613824414, 22.513027192362991 ], [ 88.382748365987979, 22.513043314584792 ] ] } },
{ "type": "Feature", "properties": { "ward": 107, "source_sheet": "107_vip bazar.pdf p1", "source": "KMC ward sewerage network map (ArcMap GeoPDF)", "extraction_method": "geopdf_vector", "georef_max_residual_m": 0.1, "conduit_type": "pipe", "pipe_diameter_mm": 300.0, "diameter_source": "legend_colour", "diameter_candidates_mm": null, "label_diameter_mm": 300.0, "label_agrees": true, "scheme": null, "flow_arrow": "end" }, "geometry": { "type": "LineString", "coordinates": [ [ 88.382006466827718, 22.512621542796925 ], [ 88.381858849914124, 22.512614255387643 ], [ 88.381715843462189, 22.51260692807211 ], [ 88.381588994441429, 22.512601601798355 ], [ 88.3815991652544, 22.512464493438557 ], [ 88.381611556529492, 22.512318801970281 ] ] } },
{ "type": "Feature", "properties": { "ward": 107, "source_sheet": "107_vip bazar.pdf p1", "source": "KMC ward sewerage network map (ArcMap GeoPDF)", "extraction_method": "geopdf_vector", "georef_max_residual_m": 0.1, "conduit_type": "pipe", "pipe_diameter_mm": 1200.0, "diameter_source": "legend_colour", "diameter_candidates_mm": null, "label_diameter_mm": 1200.0, "label_agrees": true, "scheme": null, "flow_arrow": "end" }, "geometry": { "type": "LineString", "coordinates": [ [ 88.385715033748482, 22.513238136787354 ], [ 88.385919920124721, 22.513208527924842 ], [ 88.38604653598567, 22.513190302365793 ], [ 88.386041288211203, 22.513126119615393 ], [ 88.386036167999634, 22.513074781338993 ], [ 88.386033331731781, 22.513021282413746 ], [ 88.386022666374686, 22.512875790849108 ], [ 88.386011852445378, 22.512715313967565 ], [ 88.385998818251366, 22.512563420056818 ], [ 88.385987855700449, 22.512387957852571 ], [ 88.385977445379339, 22.512268155402094 ], [ 88.385963922837874, 22.512067024043457 ], [ 88.385958717752274, 22.512007122769411 ], [ 88.385953321407428, 22.511927954689163 ] ] } },
{ "type": "Feature", "properties": { "ward": 107, "source_sheet": "107_vip bazar.pdf p1", "source": "KMC ward sewerage network map (ArcMap GeoPDF)", "extraction_method": "geopdf_vector", "georef_max_residual_m": 0.1, "conduit_type": "pipe", "pipe_diameter_mm": 300.0, "diameter_source": "legend_colour", "diameter_candidates_mm": null, "label_diameter_mm": 300.0, "label_agrees": true, "scheme": null, "flow_arrow": "end" }, "geometry": { "type": "LineString", "coordinates": [ [ 88.383451227944974, 22.510919838083375 ], [ 88.383921713961257, 22.51093931543593 ], [ 88.383961580380799, 22.51100748042424 ] ] } },
{ "type": "Feature", "properties": { "ward": 107, "source_sheet": "107_vip bazar.pdf p1", "source": "KMC ward sewerage network map (ArcMap GeoPDF)", "extraction_method": "geopdf_vector", "georef_max_residual_m": 0.1, "conduit_type": "pipe", "pipe_diameter_mm": 300.0, "diameter_source": "legend_colour", "diameter_candidates_mm": null, "label_diameter_mm": 300.0, "label_agrees": true, "scheme": null, "flow_arrow": "end" }, "geometry": { "type": "LineString", "coordinates": [ [ 88.384515233471504, 22.51267262135655 ], [ 88.384384007452539, 22.512690885633774 ], [ 88.384394819504791, 22.512851362719847 ], [ 88.384405525597742, 22.513001136062741 ] ] } },
{ "type": "Feature", "properties": { "ward": 107, "source_sheet": "107_vip bazar.pdf p1", "source": "KMC ward sewerage network map (ArcMap GeoPDF)", "extraction_method": "geopdf_vector", "georef_max_residual_m": 0.1, "conduit_type": "pipe", "pipe_diameter_mm": 300.0, "diameter_source": "legend_colour", "diameter_candidates_mm": null, "label_diameter_mm": 300.0, "label_agrees": true, "scheme": null, "flow_arrow": "end" }, "geometry": { "type": "LineString", "coordinates": [ [ 88.38433380879205, 22.512278118363653 ], [ 88.384341551848493, 22.512361548158538 ], [ 88.38434690477915, 22.512436434750352 ], [ 88.384484961209324, 22.512409547618411 ], [ 88.384620691185717, 22.512380539504729 ], [ 88.384744916465124, 22.512353771889138 ], [ 88.384853047753111, 22.512331425583699 ], [ 88.3850347963443, 22.512293454652504 ], [ 88.385276352032093, 22.512242119481623 ] ] } },
{ "type": "Feature", "properties": { "ward": 107, "source_sheet": "107_vip bazar.pdf p1", "source": "KMC ward sewerage network map (ArcMap GeoPDF)", "extraction_method": "geopdf_vector", "georef_max_residual_m": 0.1, "conduit_type": "pipe", "pipe_diameter_mm": 225.0, "diameter_source": "legend_colour", "diameter_candidates_mm": null, "label_diameter_mm": 225.0, "label_agrees": true, "scheme": null, "flow_arrow": "end" }, "geometry": { "type": "LineString", "coordinates": [ [ 88.38933375831229, 22.512468095693137 ], [ 88.38946496194086, 22.512447686680883 ] ] } },
{ "type": "Feature", "properties": { "ward": 107, "source_sheet": "107_vip bazar.pdf p1", "source": "KMC ward sewerage network map (ArcMap GeoPDF)", "extraction_method": "geopdf_vector", "georef_max_residual_m": 0.1, "conduit_type": "pipe", "pipe_diameter_mm": 600.0, "diameter_source": "legend_colour", "diameter_candidates_mm": null, "label_diameter_mm": 600.0, "label_agrees": true, "scheme": null, "flow_arrow": "end" }, "geometry": { "type": "LineString", "coordinates": [ [ 88.387059737458927, 22.513072324144911 ], [ 88.387206261584168, 22.513201649836887 ], [ 88.387410373269091, 22.51332619361466 ], [ 88.387495899422419, 22.513349001536493 ], [ 88.387576815325545, 22.513371849349035 ], [ 88.387662213916116, 22.513381812623951 ], [ 88.387793248556974, 22.513344278787763 ], [ 88.38794959769686, 22.513302243240506 ], [ 88.388310577110843, 22.513204906559814 ], [ 88.388618877079054, 22.513142281836288 ], [ 88.388869653400334, 22.513090861156069 ], [ 88.388982373499303, 22.513066331275947 ], [ 88.389118464990872, 22.513073712198768 ], [ 88.389231525705085, 22.51308343421454 ], [ 88.389351523454494, 22.513095236774635 ], [ 88.389503793727485, 22.513106758582111 ], [ 88.389579928919233, 22.513112519520135 ], [ 88.38965147505489, 22.5131204611619 ], [ 88.389894031387698, 22.513169734600147 ], [ 88.389940476036571, 22.513203585712482 ], [ 88.389989247193114, 22.513239557504257 ], [ 88.390037997165408, 22.513273388536739 ], [ 88.390079810213209, 22.513305138960568 ], [ 88.39016313806242, 22.513338669204177 ], [ 88.390225634070859, 22.51336381690092 ], [ 88.390320530618496, 22.513401528283353 ], [ 88.390509599130951, 22.513404165384436 ], [ 88.390592607517092, 22.513405584091895 ], [ 88.390671005440311, 22.513407042873588 ], [ 88.390754013728909, 22.513408461498479 ], [ 88.390860073941937, 22.513409679473106 ], [ 88.390908461751749, 22.5134071174447 ], [ 88.391219577650702, 22.513395845862462 ], [ 88.391307153731546, 22.513392942497994 ], [ 88.391406255717072, 22.513389938832578 ], [ 88.391391400868798, 22.513287303140675 ], [ 88.391378872550376, 22.513186788028843 ], [ 88.391363932546099, 22.513075589275314 ], [ 88.39134410489892, 22.512936600929063 ], [ 88.391326667769064, 22.512806155384748 ], [ 88.391311813066807, 22.512703519672154 ], [ 88.391304215180241, 22.512635075794606 ], [ 88.391294333361486, 22.512568792635047 ], [ 88.391286863437458, 22.512513193291944 ], [ 88.391279500138097, 22.512468297654564 ], [ 88.391267057302301, 22.51237634557102 ], [ 88.391254507871963, 22.512273689777569 ], [ 88.391343300868499, 22.512161588018369 ], [ 88.391320379287379, 22.511943411744493 ], [ 88.39130008279993, 22.511757326693523 ], [ 88.39127980770472, 22.511573382463865 ], [ 88.391266959858399, 22.5114407560079 ] ] } },
{ "type": "Feature", "properties": { "ward": 107, "source_sheet": "107_vip bazar.pdf p1", "source": "KMC ward sewerage network map (ArcMap GeoPDF)", "extraction_method": "geopdf_vector", "georef_max_residual_m": 0.1, "conduit_type": "pipe", "pipe_diameter_mm": 225.0, "diameter_source": "legend_colour", "diameter_candidates_mm": null, "label_diameter_mm": 225.0, "label_agrees": true, "scheme": null, "flow_arrow": "end" }, "geometry": { "type": "LineString", "coordinates": [ [ 88.388332792026617, 22.512656632705152 ], [ 88.388235910451797, 22.51265105145675 ], [ 88.388134397259407, 22.512643369358692 ], [ 88.388028273633665, 22.512635727325431 ], [ 88.387931477163434, 22.51263870886979 ], [ 88.387832375512502, 22.512641710373032 ], [ 88.387728663507147, 22.512644751846253 ] ] } },
{ "type": "Feature", "properties": { "ward": 107, "source_sheet": "107_vip bazar.pdf p1", "source": "KMC ward sewerage network map (ArcMap GeoPDF)", "extraction_method": "geopdf_vector", "georef_max_residual_m": 0.1, "conduit_type": "pipe", "pipe_diameter_mm": 300.0, "diameter_source": "legend_colour", "diameter_candidates_mm": null, "label_diameter_mm": 300.0, "label_agrees": true, "scheme": null, "flow_arrow": "end" }, "geometry": { "type": "LineString", "coordinates": [ [ 88.388855576836519, 22.511907043320019 ], [ 88.388886587036865, 22.512011679978858 ], [ 88.388915249646558, 22.51211205508276 ], [ 88.388929570228868, 22.512161172260608 ] ] } },
{ "type": "Feature", "properties": { "ward": 107, "source_sheet": "107_vip bazar.pdf p1", "source": "KMC ward sewerage network map (ArcMap GeoPDF)", "extraction_method": "geopdf_vector", "georef_max_residual_m": 0.1, "conduit_type": "pipe", "pipe_diameter_mm": 400.0, "diameter_source": "legend_colour", "diameter_candidates_mm": null, "label_diameter_mm": 400.0, "label_agrees": true, "scheme": null, "flow_arrow": "end" }, "geometry": { "type": "LineString", "coordinates": [ [ 88.397935049683667, 22.512921908194357 ], [ 88.397925078993566, 22.512847062754005 ], [ 88.397915129837671, 22.512774357956982 ], [ 88.397885196553318, 22.512547680704955 ], [ 88.397870101501425, 22.512421497570603 ], [ 88.397850246100276, 22.512280369515352 ], [ 88.39783521529948, 22.512160608577744 ], [ 88.39782029165022, 22.512051551402312 ], [ 88.397802891489789, 22.511925388408415 ], [ 88.397787860882886, 22.511805627545598 ], [ 88.397772937325044, 22.511696570357291 ], [ 88.397757970950977, 22.511583231693656 ], [ 88.397742897496073, 22.511459189258083 ], [ 88.397725604715873, 22.511343730006647 ], [ 88.397712986417574, 22.511234652644443 ] ] } },
{ "type": "Feature", "properties": { "ward": 107, "source_sheet": "107_vip bazar.pdf p1", "source": "KMC ward sewerage network map (ArcMap GeoPDF)", "extraction_method": "geopdf_vector", "georef_max_residual_m": 0.1, "conduit_type": "pipe", "pipe_diameter_mm": 600.0, "diameter_source": "legend_colour", "diameter_candidates_mm": null, "label_diameter_mm": 600.0, "label_agrees": true, "scheme": null, "flow_arrow": "end" }, "geometry": { "type": "LineString", "coordinates": [ [ 88.398942198696204, 22.512431386107405 ], [ 88.398915255215059, 22.512273192801075 ], [ 88.398895484552625, 22.512140627952185 ], [ 88.398875778255103, 22.512014485300408 ], [ 88.398863459124698, 22.511935378548422 ], [ 88.398941748862413, 22.511926129578367 ], [ 88.399024627541593, 22.511914699482713 ], [ 88.399162787102696, 22.511898503602954 ], [ 88.399250275944297, 22.511887033126072 ], [ 88.399312429477902, 22.511877925235748 ], [ 88.399409138981127, 22.511866373950685 ], [ 88.399508153708666, 22.511854802335016 ], [ 88.399591032185853, 22.511843371953034 ], [ 88.399715382050957, 22.511829437446625 ], [ 88.399871939778777, 22.511808798007451 ], [ 88.399968241490996, 22.511756572185188 ] ] } },
{ "type": "Feature", "properties": { "ward": 107, "source_sheet": "107_vip bazar.pdf p1", "source": "KMC ward sewerage network map (ArcMap GeoPDF)", "extraction_method": "geopdf_vector", "georef_max_residual_m": 0.1, "conduit_type": "pipe", "pipe_diameter_mm": 400.0, "diameter_source": "legend_colour", "diameter_candidates_mm": null, "label_diameter_mm": 400.0, "label_agrees": true, "scheme": null, "flow_arrow": "end" }, "geometry": { "type": "LineString", "coordinates": [ [ 88.396439156881442, 22.513643634431336 ], [ 88.396358560763133, 22.513652902379679 ], [ 88.396268743807752, 22.513662250753903 ], [ 88.396172011292222, 22.51367165957916 ], [ 88.396075278759312, 22.513681068257739 ], [ 88.395980872790517, 22.513692597570444 ], [ 88.395886445406234, 22.513701986002548 ], [ 88.395787407640753, 22.513711414732349 ], [ 88.395702201053282, 22.513720722530142 ], [ 88.39563771971244, 22.513727708471663 ] ] } },
{ "type": "Feature", "properties": { "ward": 107, "source_sheet": "107_vip bazar.pdf p1", "source": "KMC ward sewerage network map (ArcMap GeoPDF)", "extraction_method": "geopdf_vector", "georef_max_residual_m": 0.1, "conduit_type": "pipe", "pipe_diameter_mm": 500.0, "diameter_source": "legend_colour", "diameter_candidates_mm": null, "label_diameter_mm": 500.0, "label_agrees": true, "scheme": null, "flow_arrow": "end" }, "geometry": { "type": "LineString", "coordinates": [ [ 88.395568446926376, 22.513255166498187 ], [ 88.395736661431741, 22.513247274841696 ], [ 88.395877192218066, 22.513237483778138 ], [ 88.39601313402585, 22.513229873687813 ], [ 88.396128329143664, 22.513222444621004 ], [ 88.396158275206119, 22.513220042110984 ], [ 88.396220279801298, 22.51319595021889 ] ] } },
{ "type": "Feature", "properties": { "ward": 107, "source_sheet": "107_vip bazar.pdf p1", "source": "KMC ward sewerage network map (ArcMap GeoPDF)", "extraction_method": "geopdf_vector", "georef_max_residual_m": 0.1, "conduit_type": "pipe", "pipe_diameter_mm": 300.0, "diameter_source": "legend_colour", "diameter_candidates_mm": null, "label_diameter_mm": 300.0, "label_agrees": true, "scheme": null, "flow_arrow": "end" }, "geometry": { "type": "LineString", "coordinates": [ [ 88.39606039489955, 22.510808062203214 ], [ 88.39612263382233, 22.510807518595847 ], [ 88.396187177877721, 22.510806954829565 ], [ 88.396235585989956, 22.510806531987267 ], [ 88.396277100000461, 22.510808310277135 ] ] } },
{ "type": "Feature", "properties": { "ward": 107, "source_sheet": "107_vip bazar.pdf p1", "source": "KMC ward sewerage network map (ArcMap GeoPDF)", "extraction_method": "geopdf_vector", "georef_max_residual_m": 0.1, "conduit_type": "pipe", "pipe_diameter_mm": 300.0, "diameter_source": "legend_colour", "diameter_candidates_mm": null, "label_diameter_mm": 300.0, "label_agrees": true, "scheme": null, "flow_arrow": "end" }, "geometry": { "type": "LineString", "coordinates": [ [ 88.395947512302939, 22.511046692020575 ], [ 88.396023582263425, 22.511046027654722 ], [ 88.396097325686384, 22.511043242649439 ], [ 88.396171069008346, 22.511040457611372 ], [ 88.396244812421429, 22.511037672538826 ], [ 88.396307051442079, 22.511037128854987 ] ] } },
{ "type": "Feature", "properties": { "ward": 107, "source_sheet": "107_vip bazar.pdf p1", "source": "KMC ward sewerage network map (ArcMap GeoPDF)", "extraction_method": "geopdf_vector", "georef_max_residual_m": 0.1, "conduit_type": "pipe", "pipe_diameter_mm": 300.0, "diameter_source": "legend_colour", "diameter_candidates_mm": null, "label_diameter_mm": 300.0, "label_agrees": true, "scheme": null, "flow_arrow": "end" }, "geometry": { "type": "LineString", "coordinates": [ [ 88.396053576156092, 22.511279127766386 ], [ 88.396134213730221, 22.511274141511368 ], [ 88.396221788217872, 22.511271235634617 ], [ 88.396288616228546, 22.511268510943903 ], [ 88.396337003099276, 22.511265947325935 ] ] } },
{ "type": "Feature", "properties": { "ward": 107, "source_sheet": "107_vip bazar.pdf p1", "source": "KMC ward sewerage network map (ArcMap GeoPDF)", "extraction_method": "geopdf_vector", "georef_max_residual_m": 0.1, "conduit_type": "pipe", "pipe_diameter_mm": 300.0, "diameter_source": "legend_colour", "diameter_candidates_mm": null, "label_diameter_mm": 300.0, "label_agrees": true, "scheme": null, "flow_arrow": "end" }, "geometry": { "type": "LineString", "coordinates": [ [ 88.395871880820124, 22.511552613508478 ], [ 88.395998536115513, 22.511538661735948 ], [ 88.396111381897725, 22.5115269714092 ], [ 88.396226511404819, 22.511513120220389 ], [ 88.396325547566676, 22.511503691298934 ], [ 88.396366997583371, 22.51149904734395 ] ] } },
{ "type": "Feature", "properties": { "ward": 107, "source_sheet": "107_vip bazar.pdf p1", "source": "KMC ward sewerage network map (ArcMap GeoPDF)", "extraction_method": "geopdf_vector", "georef_max_residual_m": 0.1, "conduit_type": "pipe", "pipe_diameter_mm": 300.0, "diameter_source": "legend_colour", "diameter_candidates_mm": null, "label_diameter_mm": 300.0, "label_agrees": true, "scheme": null, "flow_arrow": "end" }, "geometry": { "type": "LineString", "coordinates": [ [ 88.395918037611622, 22.512018934461075 ], [ 88.396028578637868, 22.512007264394146 ], [ 88.396139098146406, 22.511993453426843 ], [ 88.396251944278049, 22.511981762984068 ], [ 88.39636479038613, 22.511970072463139 ], [ 88.39642952759668, 22.51198877538188 ] ] } },
{ "type": "Feature", "properties": { "ward": 107, "source_sheet": "107_vip bazar.pdf p1", "source": "KMC ward sewerage network map (ArcMap GeoPDF)", "extraction_method": "geopdf_vector", "georef_max_residual_m": 0.1, "conduit_type": "pipe", "pipe_diameter_mm": 300.0, "diameter_source": "legend_colour", "diameter_candidates_mm": null, "label_diameter_mm": 300.0, "label_agrees": true, "scheme": null, "flow_arrow": "end" }, "geometry": { "type": "LineString", "coordinates": [ [ 88.396055989522765, 22.512212554841117 ], [ 88.396175751314573, 22.51220080404001 ], [ 88.396279398283809, 22.512191334850861 ], [ 88.396371519450341, 22.512181966378655 ], [ 88.396454441279786, 22.51217481906238 ] ] } },
{ "type": "Feature", "properties": { "ward": 107, "source_sheet": "107_vip bazar.pdf p1", "source": "KMC ward sewerage network map (ArcMap GeoPDF)", "extraction_method": "geopdf_vector", "georef_max_residual_m": 0.1, "conduit_type": "pipe", "pipe_diameter_mm": 300.0, "diameter_source": "legend_colour", "diameter_candidates_mm": null, "label_diameter_mm": 300.0, "label_agrees": true, "scheme": null, "flow_arrow": "end" }, "geometry": { "type": "LineString", "coordinates": [ [ 88.396141222412055, 22.512436608614191 ], [ 88.396286341350702, 22.512424636226648 ], [ 88.396433765321532, 22.512412643570624 ], [ 88.396479483562501, 22.512373707328784 ] ] } },
{ "type": "Feature", "properties": { "ward": 107, "source_sheet": "107_vip bazar.pdf p1", "source": "KMC ward sewerage network map (ArcMap GeoPDF)", "extraction_method": "geopdf_vector", "georef_max_residual_m": 0.1, "conduit_type": "pipe", "pipe_diameter_mm": 300.0, "diameter_source": "legend_colour", "diameter_candidates_mm": null, "label_diameter_mm": null, "label_agrees": null, "scheme": null, "flow_arrow": "end" }, "geometry": { "type": "LineString", "coordinates": [ [ 88.396403718837959, 22.512635563385818 ], [ 88.396468199523554, 22.512628577254237 ], [ 88.396511955030931, 22.512623913105333 ] ] } },
{ "type": "Feature", "properties": { "ward": 107, "source_sheet": "107_vip bazar.pdf p1", "source": "KMC ward sewerage network map (ArcMap GeoPDF)", "extraction_method": "geopdf_vector", "georef_max_residual_m": 0.1, "conduit_type": "pipe", "pipe_diameter_mm": 300.0, "diameter_source": "legend_colour", "diameter_candidates_mm": null, "label_diameter_mm": 300.0, "label_agrees": true, "scheme": null, "flow_arrow": "end" }, "geometry": { "type": "LineString", "coordinates": [ [ 88.396913698141319, 22.513376152508755 ], [ 88.396889382942618, 22.513250049845535 ], [ 88.396867458704676, 22.513132490060588 ], [ 88.396855269128679, 22.51306622761749 ], [ 88.396880283541662, 22.513031754049248 ] ] } },
{ "type": "Feature", "properties": { "ward": 107, "source_sheet": "107_vip bazar.pdf p1", "source": "KMC ward sewerage network map (ArcMap GeoPDF)", "extraction_method": "geopdf_vector", "georef_max_residual_m": 0.1, "conduit_type": "pipe", "pipe_diameter_mm": 400.0, "diameter_source": "legend_colour", "diameter_candidates_mm": null, "label_diameter_mm": 400.0, "label_agrees": true, "scheme": null, "flow_arrow": "end" }, "geometry": { "type": "LineString", "coordinates": [ [ 88.39671718878796, 22.511476719247458 ], [ 88.39673217570882, 22.511592198789593 ], [ 88.396747141253272, 22.511705537590906 ], [ 88.396759523285809, 22.511791066779665 ], [ 88.396702129711201, 22.511815118650048 ], [ 88.396642409558297, 22.511837049817391 ], [ 88.396659808656764, 22.511963212992111 ], [ 88.396669821391541, 22.512042340118892 ], [ 88.396679812638013, 22.512119326508049 ], [ 88.396689718367185, 22.51218774985934 ], [ 88.396702164646285, 22.512279701345705 ], [ 88.396712177438417, 22.51235882846445 ], [ 88.396724516716844, 22.512440076174538 ], [ 88.396734422500913, 22.51250849960736 ], [ 88.396744371015245, 22.512581204422823 ], [ 88.396754469495932, 22.512668894568129 ], [ 88.396766873061935, 22.512756564478078 ], [ 88.396784229619442, 22.512878446141389 ], [ 88.396806603330177, 22.513040961673727 ] ] } },
{ "type": "Feature", "properties": { "ward": 107, "source_sheet": "107_vip bazar.pdf p1", "source": "KMC ward sewerage network map (ArcMap GeoPDF)", "extraction_method": "geopdf_vector", "georef_max_residual_m": 0.1, "conduit_type": "pipe", "pipe_diameter_mm": 300.0, "diameter_source": "legend_colour", "diameter_candidates_mm": null, "label_diameter_mm": 300.0, "label_agrees": true, "scheme": null, "flow_arrow": "end" }, "geometry": { "type": "LineString", "coordinates": [ [ 88.397069656835612, 22.511912530602359 ], [ 88.397050059285803, 22.51179709140828 ], [ 88.397030504692538, 22.511685933680329 ], [ 88.397010842984784, 22.511564072176796 ], [ 88.396991245549586, 22.511448632965738 ], [ 88.396974124575593, 22.511350299583242 ], [ 88.396994078772252, 22.511270910567521 ], [ 88.397065431481309, 22.511259582225815 ], [ 88.397201392649905, 22.511254111967993 ], [ 88.397335048563434, 22.511248661659234 ], [ 88.397459505412314, 22.511245432678518 ], [ 88.397588551111113, 22.511240022555416 ], [ 88.397712986417574, 22.511234652644443 ] ] } },
{ "type": "Feature", "properties": { "ward": 107, "source_sheet": "107_vip bazar.pdf p1", "source": "KMC ward sewerage network map (ArcMap GeoPDF)", "extraction_method": "geopdf_vector", "georef_max_residual_m": 0.1, "conduit_type": "pipe", "pipe_diameter_mm": 300.0, "diameter_source": "legend_colour", "diameter_candidates_mm": null, "label_diameter_mm": 300.0, "label_agrees": true, "scheme": null, "flow_arrow": "end" }, "geometry": { "type": "LineString", "coordinates": [ [ 88.396550329463096, 22.510236434281058 ], [ 88.396656280156819, 22.510226944871409 ], [ 88.39676912479797, 22.510215254138615 ], [ 88.396872748824222, 22.51020364390553 ], [ 88.396983309705718, 22.510194113994583 ], [ 88.397093849156136, 22.510182443182622 ], [ 88.397227418400405, 22.510168430068465 ], [ 88.397384039124617, 22.510154215329329 ], [ 88.397473853618919, 22.510144866448645 ], [ 88.397568278437433, 22.510135477120311 ] ] } },
{ "type": "Feature", "properties": { "ward": 107, "source_sheet": "107_vip bazar.pdf p1", "source": "KMC ward sewerage network map (ArcMap GeoPDF)", "extraction_method": "geopdf_vector", "georef_max_residual_m": 0.1, "conduit_type": "pipe", "pipe_diameter_mm": 300.0, "diameter_source": "legend_colour", "diameter_candidates_mm": null, "label_diameter_mm": 300.0, "label_agrees": true, "scheme": null, "flow_arrow": "end" }, "geometry": { "type": "LineString", "coordinates": [ [ 88.397615710375916, 22.512111145677483 ], [ 88.397610243144086, 22.51202555611825 ], [ 88.397602342342793, 22.511927142120193 ], [ 88.397596789547862, 22.511832989524805 ], [ 88.397497796122025, 22.511846700707167 ], [ 88.397396518843351, 22.511862572719476 ], [ 88.397290631331586, 22.511878484971582 ], [ 88.397173239351375, 22.511896638642153 ], [ 88.397069656835612, 22.511912530602359 ], [ 88.396913077005564, 22.511931026606714 ], [ 88.396802557654468, 22.511944838099076 ], [ 88.396694343334076, 22.511958629374409 ], [ 88.396659808656764, 22.511963212992111 ] ] } },
{ "type": "Feature", "properties": { "ward": 107, "source_sheet": "107_vip bazar.pdf p1", "source": "KMC ward sewerage network map (ArcMap GeoPDF)", "extraction_method": "geopdf_vector", "georef_max_residual_m": 0.1, "conduit_type": "pipe", "pipe_diameter_mm": 300.0, "diameter_source": "legend_colour", "diameter_candidates_mm": null, "label_diameter_mm": 300.0, "label_agrees": true, "scheme": null, "flow_arrow": "end" }, "geometry": { "type": "LineString", "coordinates": [ [ 88.397774916776569, 22.512124740036928 ], [ 88.39774497099468, 22.512127142834601 ], [ 88.397712720152555, 22.512129565783763 ], [ 88.397648218272579, 22.512134411753745 ], [ 88.397615710375916, 22.512111145677483 ], [ 88.397385365076218, 22.512130287140948 ], [ 88.397249467314879, 22.512142179893868 ], [ 88.397115853265603, 22.512151911558636 ], [ 88.396979955446767, 22.512163804086242 ], [ 88.396860172284704, 22.512173414745135 ], [ 88.396751915075896, 22.512182924504661 ], [ 88.396689718367185, 22.51218774985934 ] ] } },
{ "type": "Feature", "properties": { "ward": 107, "source_sheet": "107_vip bazar.pdf p1", "source": "KMC ward sewerage network map (ArcMap GeoPDF)", "extraction_method": "geopdf_vector", "georef_max_residual_m": 0.1, "conduit_type": "pipe", "pipe_diameter_mm": 300.0, "diameter_source": "legend_colour", "diameter_candidates_mm": null, "label_diameter_mm": 300.0, "label_agrees": true, "scheme": null, "flow_arrow": "end" }, "geometry": { "type": "LineString", "coordinates": [ [ 88.397610932128757, 22.512785582001133 ], [ 88.397247099542867, 22.512827299821748 ], [ 88.397106633577309, 22.512843514263555 ], [ 88.396989176521899, 22.512855245632348 ], [ 88.396878656354872, 22.512869057123986 ], [ 88.396784229619442, 22.512878446141389 ] ] } },
{ "type": "Feature", "properties": { "ward": 107, "source_sheet": "107_vip bazar.pdf p1", "source": "KMC ward sewerage network map (ArcMap GeoPDF)", "extraction_method": "geopdf_vector", "georef_max_residual_m": 0.1, "conduit_type": "pipe", "pipe_diameter_mm": 300.0, "diameter_source": "legend_colour", "diameter_candidates_mm": null, "label_diameter_mm": 300.0, "label_agrees": true, "scheme": null, "flow_arrow": "end" }, "geometry": { "type": "LineString", "coordinates": [ [ 88.396818586215929, 22.512625515512465 ], [ 88.396963662434317, 22.512609261035259 ], [ 88.397097234016186, 22.512595247914124 ], [ 88.397242331571235, 22.512581133924872 ], [ 88.397382797251453, 22.512564919467597 ], [ 88.397502559174939, 22.512553167670173 ], [ 88.397606206360976, 22.512543697617559 ], [ 88.397657177177393, 22.512568943166009 ], [ 88.397672357845735, 22.51270368926804 ], [ 88.397682735415515, 22.512819209062382 ], [ 88.397690464978282, 22.512900496979068 ], [ 88.397695525194294, 22.512945412372993 ] ] } },
{ "type": "Feature", "properties": { "ward": 107, "source_sheet": "107_vip bazar.pdf p1", "source": "KMC ward sewerage network map (ArcMap GeoPDF)", "extraction_method": "geopdf_vector", "georef_max_residual_m": 0.1, "conduit_type": "pipe", "pipe_diameter_mm": 600.0, "diameter_source": "legend_colour", "diameter_candidates_mm": null, "label_diameter_mm": 600.0, "label_agrees": true, "scheme": null, "flow_arrow": "end" }, "geometry": { "type": "LineString", "coordinates": [ [ 88.399563108647513, 22.510437022891928 ], [ 88.399573251558351, 22.51052899417996 ], [ 88.399585699519079, 22.510620945372342 ], [ 88.399593387188403, 22.510697951699523 ], [ 88.39960833336545, 22.510809149400025 ], [ 88.399620867282351, 22.510909663519854 ], [ 88.399630838583988, 22.510984508923304 ], [ 88.399648154420603, 22.5111021087193 ], [ 88.399658018596313, 22.511166250357665 ], [ 88.399670445242378, 22.511256060707485 ], [ 88.399682914908198, 22.511350152610852 ], [ 88.39969771118821, 22.511446365059605 ], [ 88.399727368084143, 22.511645212238136 ], [ 88.399779518955924, 22.511788198096021 ], [ 88.399871939778777, 22.511808798007451 ] ] } },
{ "type": "Feature", "properties": { "ward": 107, "source_sheet": "107_vip bazar.pdf p1", "source": "KMC ward sewerage network map (ArcMap GeoPDF)", "extraction_method": "geopdf_vector", "georef_max_residual_m": 0.1, "conduit_type": "pipe", "pipe_diameter_mm": 300.0, "diameter_source": "legend_colour", "diameter_candidates_mm": null, "label_diameter_mm": 300.0, "label_agrees": true, "scheme": null, "flow_arrow": "end" }, "geometry": { "type": "LineString", "coordinates": [ [ 88.399387348593862, 22.509231074599953 ], [ 88.399401994145393, 22.509312301890617 ], [ 88.399414248923051, 22.5093849864184 ], [ 88.399306101274931, 22.509405201543565 ], [ 88.399108118291693, 22.509432625765648 ], [ 88.398935470077518, 22.509457687021047 ], [ 88.398769694346129, 22.50947840620011 ], [ 88.398603939891615, 22.509501265858027 ], [ 88.398551007791937, 22.509510292755536 ] ] } },
{ "type": "Feature", "properties": { "ward": 107, "source_sheet": "107_vip bazar.pdf p1", "source": "KMC ward sewerage network map (ArcMap GeoPDF)", "extraction_method": "geopdf_vector", "georef_max_residual_m": 0.1, "conduit_type": "pipe", "pipe_diameter_mm": 300.0, "diameter_source": "legend_colour", "diameter_candidates_mm": null, "label_diameter_mm": null, "label_agrees": null, "scheme": null, "flow_arrow": "end" }, "geometry": { "type": "LineString", "coordinates": [ [ 88.398538346331947, 22.509396933897314 ], [ 88.398577426210494, 22.509385887368516 ], [ 88.398747597832255, 22.509343720607241 ], [ 88.398880973092318, 22.509310439462702 ], [ 88.399007433059438, 22.509277218731963 ], [ 88.39917529928826, 22.509235071794546 ], [ 88.399317873392903, 22.50919956876777 ], [ 88.399504137450094, 22.509152978598902 ], [ 88.399540933513308, 22.509144092669704 ], [ 88.399623703141316, 22.509121958676435 ], [ 88.399678897208616, 22.50910862978435 ], [ 88.399731786161652, 22.509095321058044 ], [ 88.399816860827087, 22.509073166784191 ], [ 88.399883558910005, 22.509057596162201 ], [ 88.399982442869515, 22.509033179859621 ], [ 88.400076716398061, 22.509008803967017 ], [ 88.400120406321463, 22.508997716606771 ], [ 88.400260674796456, 22.508962233047527 ], [ 88.400304364591761, 22.508951145639639 ], [ 88.400428540192507, 22.508920084751281 ], [ 88.40055502073487, 22.508889003574939 ], [ 88.400674585922815, 22.508857982983724 ], [ 88.400814854184091, 22.508822498865392 ], [ 88.400916042782825, 22.50879806189614 ], [ 88.401226459305903, 22.508718267622697 ] ] } },
{ "type": "Feature", "properties": { "ward": 107, "source_sheet": "107_vip bazar.pdf p1", "source": "KMC ward sewerage network map (ArcMap GeoPDF)", "extraction_method": "geopdf_vector", "georef_max_residual_m": 0.1, "conduit_type": "pipe", "pipe_diameter_mm": 300.0, "diameter_source": "legend_colour", "diameter_candidates_mm": null, "label_diameter_mm": 300.0, "label_agrees": true, "scheme": null, "flow_arrow": "end" }, "geometry": { "type": "LineString", "coordinates": [ [ 88.399593387188403, 22.510697951699523 ], [ 88.399521841998563, 22.510690014350374 ], [ 88.399406692189814, 22.510701727200715 ], [ 88.399291520911888, 22.510711299235165 ], [ 88.399174044482251, 22.510720891276403 ], [ 88.399049673986269, 22.510732684584966 ], [ 88.398913777809724, 22.51074457866817 ], [ 88.39878018682947, 22.510756452375862 ], [ 88.398701854762777, 22.510761419766503 ] ] } },
{ "type": "Feature", "properties": { "ward": 107, "source_sheet": "107_vip bazar.pdf p1", "source": "KMC ward sewerage network map (ArcMap GeoPDF)", "extraction_method": "geopdf_vector", "georef_max_residual_m": 0.1, "conduit_type": "pipe", "pipe_diameter_mm": 300.0, "diameter_source": "legend_colour", "diameter_candidates_mm": null, "label_diameter_mm": 300.0, "label_agrees": true, "scheme": null, "flow_arrow": "end" }, "geometry": { "type": "LineString", "coordinates": [ [ 88.399620867282351, 22.510909663519854 ], [ 88.399521853333084, 22.510921235170596 ], [ 88.399402093067067, 22.510932988392423 ], [ 88.399277743857098, 22.510946922619976 ], [ 88.399148784347474, 22.510960897018389 ], [ 88.39902902399956, 22.510972649965968 ], [ 88.398904674796015, 22.510986583908156 ], [ 88.398796440069418, 22.51099823572557 ], [ 88.398731960308297, 22.511005222835919 ] ] } },
{ "type": "Feature", "properties": { "ward": 107, "source_sheet": "107_vip bazar.pdf p1", "source": "KMC ward sewerage network map (ArcMap GeoPDF)", "extraction_method": "geopdf_vector", "georef_max_residual_m": 0.1, "conduit_type": "pipe", "pipe_diameter_mm": 300.0, "diameter_source": "legend_colour", "diameter_candidates_mm": null, "label_diameter_mm": 300.0, "label_agrees": true, "scheme": null, "flow_arrow": "end" }, "geometry": { "type": "LineString", "coordinates": [ [ 88.399658018596313, 22.511166250357665 ], [ 88.399581734187421, 22.511145508923878 ], [ 88.399425155693763, 22.511164007312416 ], [ 88.39929389086906, 22.511178002106906 ], [ 88.399155753484621, 22.511196338797873 ], [ 88.399012984242674, 22.511212574989752 ], [ 88.398764306715236, 22.5112425835114 ] ] } },
{ "type": "Feature", "properties": { "ward": 107, "source_sheet": "107_vip bazar.pdf p1", "source": "KMC ward sewerage network map (ArcMap GeoPDF)", "extraction_method": "geopdf_vector", "georef_max_residual_m": 0.1, "conduit_type": "pipe", "pipe_diameter_mm": 300.0, "diameter_source": "legend_colour", "diameter_candidates_mm": null, "label_diameter_mm": 300.0, "label_agrees": true, "scheme": null, "flow_arrow": "end" }, "geometry": { "type": "LineString", "coordinates": [ [ 88.39969771118821, 22.511446365059605 ], [ 88.399644242164214, 22.511401873642438 ], [ 88.399492252229621, 22.511418191006015 ], [ 88.399349482914218, 22.511434427504643 ], [ 88.399202103177657, 22.511450704236346 ], [ 88.399073164635666, 22.511466819421166 ], [ 88.39894650985633, 22.511480773593828 ], [ 88.398840579896614, 22.511492405373836 ], [ 88.398801435145387, 22.511497029788558 ] ] } },
{ "type": "Feature", "properties": { "ward": 107, "source_sheet": "107_vip bazar.pdf p1", "source": "KMC ward sewerage network map (ArcMap GeoPDF)", "extraction_method": "geopdf_vector", "georef_max_residual_m": 0.1, "conduit_type": "pipe", "pipe_diameter_mm": 300.0, "diameter_source": "legend_colour", "diameter_candidates_mm": null, "label_diameter_mm": 300.0, "label_agrees": true, "scheme": null, "flow_arrow": "end" }, "geometry": { "type": "LineString", "coordinates": [ [ 88.398262682582939, 22.513409316254545 ], [ 88.398252668898735, 22.513330189290091 ], [ 88.398240328528033, 22.513248941756071 ], [ 88.398225597373283, 22.513159151356327 ], [ 88.39820823951203, 22.513037270007725 ], [ 88.398190817395374, 22.512908966359969 ], [ 88.398173502467642, 22.512791366381546 ], [ 88.398153860982774, 22.512671645916903 ], [ 88.398141863717072, 22.512624650301191 ], [ 88.398093219295447, 22.512601525484158 ], [ 88.397959626334085, 22.512613398692555 ], [ 88.397885196553318, 22.512547680704955 ] ] } },
{ "type": "Feature", "properties": { "ward": 107, "source_sheet": "107_vip bazar.pdf p1", "source": "KMC ward sewerage network map (ArcMap GeoPDF)", "extraction_method": "geopdf_vector", "georef_max_residual_m": 0.1, "conduit_type": "pipe", "pipe_diameter_mm": 400.0, "diameter_source": "legend_colour", "diameter_candidates_mm": null, "label_diameter_mm": 400.0, "label_agrees": true, "scheme": null, "flow_arrow": "end" }, "geometry": { "type": "LineString", "coordinates": [ [ 88.398445032042716, 22.51251066947 ], [ 88.398546159582111, 22.512479811549237 ], [ 88.398824763660528, 22.512445259525009 ], [ 88.398942198696204, 22.512431386107405 ], [ 88.399018183545422, 22.512422157262446 ], [ 88.399091863225095, 22.512412948649125 ], [ 88.399167848050212, 22.512403719734515 ], [ 88.399255337206853, 22.512392249239422 ], [ 88.399400412769012, 22.512375992592563 ], [ 88.399533962408881, 22.512359836738334 ], [ 88.399598421283827, 22.512350708544201 ], [ 88.399651397271597, 22.5123459628105 ] ] } },
{ "type": "Feature", "properties": { "ward": 107, "source_sheet": "107_vip bazar.pdf p1", "source": "KMC ward sewerage network map (ArcMap GeoPDF)", "extraction_method": "geopdf_vector", "georef_max_residual_m": 0.1, "conduit_type": "pipe", "pipe_diameter_mm": 400.0, "diameter_source": "legend_colour", "diameter_candidates_mm": null, "label_diameter_mm": 400.0, "label_agrees": true, "scheme": null, "flow_arrow": "end" }, "geometry": { "type": "LineString", "coordinates": [ [ 88.398190817395374, 22.512908966359969 ], [ 88.398285244007837, 22.512899576521281 ], [ 88.398391175005258, 22.51288794505264 ], [ 88.398490190482164, 22.512876374113251 ], [ 88.398591532636956, 22.512866923587303 ], [ 88.398715883557628, 22.51285298980304 ], [ 88.398840255985007, 22.51284119674666 ], [ 88.398971522342336, 22.512827202243518 ], [ 88.399116619848371, 22.512813086562616 ], [ 88.399266306199507, 22.512796789657244 ], [ 88.399416013860488, 22.512782633349115 ], [ 88.399561089800187, 22.512766376538437 ], [ 88.399713102642636, 22.512752199860692 ] ] } },
{ "type": "Feature", "properties": { "ward": 107, "source_sheet": "107_vip bazar.pdf p1", "source": "KMC ward sewerage network map (ArcMap GeoPDF)", "extraction_method": "geopdf_vector", "georef_max_residual_m": 0.1, "conduit_type": "pipe", "pipe_diameter_mm": 400.0, "diameter_source": "legend_colour", "diameter_candidates_mm": null, "label_diameter_mm": 400.0, "label_agrees": true, "scheme": null, "flow_arrow": "end" }, "geometry": { "type": "LineString", "coordinates": [ [ 88.399646164842352, 22.512283921546658 ], [ 88.399807376311784, 22.512267523240808 ], [ 88.39996626112206, 22.512249004232139 ], [ 88.400033411405516, 22.51227838914571 ] ] } },
{ "type": "Feature", "properties": { "ward": 107, "source_sheet": "107_vip bazar.pdf p1", "source": "KMC ward sewerage network map (ArcMap GeoPDF)", "extraction_method": "geopdf_vector", "georef_max_residual_m": 0.1, "conduit_type": "pipe", "pipe_diameter_mm": 400.0, "diameter_source": "legend_colour", "diameter_candidates_mm": null, "label_diameter_mm": 400.0, "label_agrees": true, "scheme": null, "flow_arrow": "end" }, "geometry": { "type": "LineString", "coordinates": [ [ 88.398731960308297, 22.511005222835919 ], [ 88.398749296829749, 22.511124963412538 ], [ 88.398764306715236, 22.5112425835114 ], [ 88.398776711455866, 22.511330253222756 ], [ 88.398784141389811, 22.511381570697129 ], [ 88.398793940882101, 22.511439290112087 ], [ 88.398801435145387, 22.511497029788558 ], [ 88.39881390425802, 22.511591121785326 ], [ 88.398826244661166, 22.51167236928287 ], [ 88.398838606616664, 22.511755757511732 ], [ 88.398851075787817, 22.511849849500223 ], [ 88.398863459124698, 22.511935378548422 ] ] } },
{ "type": "Feature", "properties": { "ward": 107, "source_sheet": "107_vip bazar.pdf p1", "source": "KMC ward sewerage network map (ArcMap GeoPDF)", "extraction_method": "geopdf_vector", "georef_max_residual_m": 0.1, "conduit_type": "pipe", "pipe_diameter_mm": 600.0, "diameter_source": "legend_colour", "diameter_candidates_mm": null, "label_diameter_mm": 600.0, "label_agrees": true, "scheme": null, "flow_arrow": "end" }, "geometry": { "type": "LineString", "coordinates": [ [ 88.399620867282351, 22.510909663519854 ], [ 88.399648314464343, 22.510888013876976 ], [ 88.399800303795757, 22.510871696395437 ], [ 88.399842010900954, 22.510892740457415 ], [ 88.399977885641192, 22.510878704942911 ], [ 88.400189722775778, 22.510853299140091 ], [ 88.400396971018381, 22.51083007427539 ], [ 88.400574273756902, 22.510809252454784 ], [ 88.400770017563545, 22.510788268748943 ], [ 88.400965739923365, 22.510765144163464 ], [ 88.4011660723652, 22.510741978932032 ], [ 88.401366404724897, 22.510718813365447 ], [ 88.401525309053611, 22.510702433646923 ] ] } },
{ "type": "Feature", "properties": { "ward": 107, "source_sheet": "107_vip bazar.pdf p1", "source": "KMC ward sewerage network map (ArcMap GeoPDF)", "extraction_method": "geopdf_vector", "georef_max_residual_m": 0.1, "conduit_type": "pipe", "pipe_diameter_mm": 600.0, "diameter_source": "legend_colour", "diameter_candidates_mm": null, "label_diameter_mm": 600.0, "label_agrees": true, "scheme": null, "flow_arrow": "end" }, "geometry": { "type": "LineString", "coordinates": [ [ 88.400532145757879, 22.510516313646164 ], [ 88.400824576075649, 22.510481637195976 ], [ 88.401176896867909, 22.510442153408281 ], [ 88.401503882353836, 22.5104050319127 ] ] } },
{ "type": "Feature", "properties": { "ward": 107, "source_sheet": "107_vip bazar.pdf p1", "source": "KMC ward sewerage network map (ArcMap GeoPDF)", "extraction_method": "geopdf_vector", "georef_max_residual_m": 0.1, "conduit_type": "pipe", "pipe_diameter_mm": 300.0, "diameter_source": "legend_colour", "diameter_candidates_mm": null, "label_diameter_mm": 300.0, "label_agrees": true, "scheme": null, "flow_arrow": "end" }, "geometry": { "type": "LineString", "coordinates": [ [ 88.400708686861691, 22.509499964258801 ], [ 88.401033322278479, 22.509458582553155 ], [ 88.401176896867909, 22.510442153408281 ] ] } },
{ "type": "Feature", "properties": { "ward": 107, "source_sheet": "107_vip bazar.pdf p1", "source": "KMC ward sewerage network map (ArcMap GeoPDF)", "extraction_method": "geopdf_vector", "georef_max_residual_m": 0.1, "conduit_type": "pipe", "pipe_diameter_mm": 300.0, "diameter_source": "legend_colour", "diameter_candidates_mm": null, "label_diameter_mm": 300.0, "label_agrees": true, "scheme": null, "flow_arrow": "end" }, "geometry": { "type": "LineString", "coordinates": [ [ 88.40098729286494, 22.511764770981447 ], [ 88.400885395582762, 22.511029183135943 ] ] } },
{ "type": "Feature", "properties": { "ward": 107, "source_sheet": "107_vip bazar.pdf p1", "source": "KMC ward sewerage network map (ArcMap GeoPDF)", "extraction_method": "geopdf_vector", "georef_max_residual_m": 0.1, "conduit_type": "pipe", "pipe_diameter_mm": 600.0, "diameter_source": "legend_colour", "diameter_candidates_mm": null, "label_diameter_mm": 600.0, "label_agrees": true, "scheme": null, "flow_arrow": "end" }, "geometry": { "type": "LineString", "coordinates": [ [ 88.40060673064734, 22.511057316273085 ], [ 88.400885395582762, 22.511029183135943 ], [ 88.401203226447123, 22.51099856518632 ], [ 88.401541781841956, 22.510965623980354 ] ] } },
{ "type": "Feature", "properties": { "ward": 107, "source_sheet": "107_vip bazar.pdf p1", "source": "KMC ward sewerage network map (ArcMap GeoPDF)", "extraction_method": "geopdf_vector", "georef_max_residual_m": 0.1, "conduit_type": "pipe", "pipe_diameter_mm": 300.0, "diameter_source": "legend_colour", "diameter_candidates_mm": null, "label_diameter_mm": 300.0, "label_agrees": true, "scheme": null, "flow_arrow": "end" }, "geometry": { "type": "LineString", "coordinates": [ [ 88.401259065136273, 22.511738838476965 ], [ 88.401203226447123, 22.51099856518632 ] ] } },
{ "type": "Feature", "properties": { "ward": 107, "source_sheet": "107_vip bazar.pdf p1", "source": "KMC ward sewerage network map (ArcMap GeoPDF)", "extraction_method": "geopdf_vector", "georef_max_residual_m": 0.1, "conduit_type": "pipe", "pipe_diameter_mm": 700.0, "diameter_source": "map_label", "diameter_candidates_mm": null, "label_diameter_mm": 700.0, "label_agrees": null, "scheme": "KEIIP", "flow_arrow": "end" }, "geometry": { "type": "LineString", "coordinates": [ [ 88.401525309053611, 22.510702433646923 ], [ 88.401514649337187, 22.510559084613742 ], [ 88.401503882353836, 22.5104050319127 ], [ 88.401467007157777, 22.510176275343216 ], [ 88.401435128927147, 22.509986011790971 ], [ 88.401405620438027, 22.509802150301653 ], [ 88.401373763882631, 22.509614027452919 ], [ 88.40134423410592, 22.509428025113831 ], [ 88.401304989998636, 22.509192866461934 ], [ 88.401270592456157, 22.508981215617904 ], [ 88.401248515119548, 22.508848671212718 ], [ 88.401226459305903, 22.508718267622697 ], [ 88.401167457448295, 22.508581765010813 ] ] } },
{ "type": "Feature", "properties": { "ward": 107, "source_sheet": "107_vip bazar.pdf p1", "source": "KMC ward sewerage network map (ArcMap GeoPDF)", "extraction_method": "geopdf_vector", "georef_max_residual_m": 0.1, "conduit_type": "pipe", "pipe_diameter_mm": 300.0, "diameter_source": "legend_colour", "diameter_candidates_mm": null, "label_diameter_mm": 300.0, "label_agrees": true, "scheme": null, "flow_arrow": "end" }, "geometry": { "type": "LineString", "coordinates": [ [ 88.387336670100154, 22.514493646400965 ], [ 88.387327810689953, 22.514530119279907 ], [ 88.387370389118317, 22.514638937657292 ], [ 88.387413010150397, 22.51475203750714 ], [ 88.38747925777902, 22.514922737653478 ], [ 88.387391850663917, 22.514942764941349 ], [ 88.38713430355773, 22.51500922883082 ], [ 88.386968710022728, 22.515049202969259 ], [ 88.386874429614053, 22.515073571581443 ], [ 88.386816947768494, 22.515089057004804 ], [ 88.386752550263907, 22.51510460241872 ] ] } },
{ "type": "Feature", "properties": { "ward": 107, "source_sheet": "107_vip bazar.pdf p1", "source": "KMC ward sewerage network map (ArcMap GeoPDF)", "extraction_method": "geopdf_vector", "georef_max_residual_m": 0.1, "conduit_type": "pipe", "pipe_diameter_mm": 300.0, "diameter_source": "legend_colour", "diameter_candidates_mm": null, "label_diameter_mm": 300.0, "label_agrees": true, "scheme": null, "flow_arrow": "end" }, "geometry": { "type": "LineString", "coordinates": [ [ 88.387138152104271, 22.51539670570644 ], [ 88.387039112228877, 22.515406129142765 ], [ 88.386850529668564, 22.515452725583273 ], [ 88.386874347294153, 22.515529592779366 ], [ 88.386895817205684, 22.515602198397623 ], [ 88.386919613626645, 22.515676924838619 ], [ 88.386964837638388, 22.515819975388087 ] ] } },
{ "type": "Feature", "properties": { "ward": 107, "source_sheet": "107_vip bazar.pdf p1", "source": "KMC ward sewerage network map (ArcMap GeoPDF)", "extraction_method": "geopdf_vector", "georef_max_residual_m": 0.1, "conduit_type": "pipe", "pipe_diameter_mm": 300.0, "diameter_source": "legend_colour", "diameter_candidates_mm": null, "label_diameter_mm": 300.0, "label_agrees": true, "scheme": null, "flow_arrow": "end" }, "geometry": { "type": "LineString", "coordinates": [ [ 88.387022173583986, 22.514629114535474 ], [ 88.387084214126759, 22.514840529213764 ], [ 88.387119961890221, 22.514957970749276 ], [ 88.38713430355773, 22.51500922883082 ] ] } },
{ "type": "Feature", "properties": { "ward": 107, "source_sheet": "107_vip bazar.pdf p1", "source": "KMC ward sewerage network map (ArcMap GeoPDF)", "extraction_method": "geopdf_vector", "georef_max_residual_m": 0.1, "conduit_type": "pipe", "pipe_diameter_mm": 400.0, "diameter_source": "legend_colour", "diameter_candidates_mm": null, "label_diameter_mm": 400.0, "label_agrees": true, "scheme": null, "flow_arrow": "end" }, "geometry": { "type": "LineString", "coordinates": [ [ 88.387937607996648, 22.514415636567342 ], [ 88.387994209650714, 22.514543601421309 ], [ 88.388060266281627, 22.514695034520219 ], [ 88.388107625965645, 22.514820938663217 ], [ 88.388153063631719, 22.514985396370513 ], [ 88.38819135160962, 22.515126365862375 ], [ 88.388227227962631, 22.515256651558225 ], [ 88.388260735427181, 22.515380535035131 ], [ 88.388429123622984, 22.515389776900903 ], [ 88.388588290861534, 22.515399098621135 ], [ 88.388615010643903, 22.515535886642059 ], [ 88.388622352120223, 22.515578641676232 ], [ 88.388646660324611, 22.515704745912579 ], [ 88.388675919623097, 22.515865062141557 ], [ 88.388705115232881, 22.516018956129649 ], [ 88.388729253305584, 22.516127934219174 ] ] } },
{ "type": "Feature", "properties": { "ward": 107, "source_sheet": "107_vip bazar.pdf p1", "source": "KMC ward sewerage network map (ArcMap GeoPDF)", "extraction_method": "geopdf_vector", "georef_max_residual_m": 0.1, "conduit_type": "pipe", "pipe_diameter_mm": 400.0, "diameter_source": "legend_colour", "diameter_candidates_mm": null, "label_diameter_mm": 400.0, "label_agrees": true, "scheme": null, "flow_arrow": "end" }, "geometry": { "type": "LineString", "coordinates": [ [ 88.388410694314956, 22.514231688330565 ], [ 88.388376846661615, 22.514073552784321 ], [ 88.388343126679075, 22.513928261775909 ], [ 88.388351709053012, 22.513863958919753 ], [ 88.388408041033941, 22.51373287220089 ], [ 88.388396798627141, 22.513529580497114 ], [ 88.388322549877387, 22.513249762326812 ], [ 88.388310577110843, 22.513204906559814 ] ] } },
{ "type": "Feature", "properties": { "ward": 107, "source_sheet": "107_vip bazar.pdf p1", "source": "KMC ward sewerage network map (ArcMap GeoPDF)", "extraction_method": "geopdf_vector", "georef_max_residual_m": 0.1, "conduit_type": "pipe", "pipe_diameter_mm": 300.0, "diameter_source": "legend_colour", "diameter_candidates_mm": null, "label_diameter_mm": 300.0, "label_agrees": true, "scheme": null, "flow_arrow": "end" }, "geometry": { "type": "LineString", "coordinates": [ [ 88.389679130108632, 22.514509690602821 ], [ 88.389676292380372, 22.514456191823232 ], [ 88.389668375539458, 22.514355636445678 ], [ 88.389660437510713, 22.514252940411954 ], [ 88.389655337204104, 22.514203743158738 ], [ 88.389652499497259, 22.514150244286785 ], [ 88.389647207401779, 22.514081780262373 ], [ 88.38964197930926, 22.514019738463418 ], [ 88.389634211732073, 22.513934168451158 ], [ 88.389628749358025, 22.513848578304415 ], [ 88.389575559276679, 22.513831913270625 ], [ 88.389501814071338, 22.513834695368839 ], [ 88.389409605937544, 22.513835497015947 ], [ 88.389406810933835, 22.513786279706725 ], [ 88.389398724083279, 22.513668598353284 ], [ 88.389378003859946, 22.513439697857528 ], [ 88.389364646464514, 22.513255693189208 ], [ 88.389351523454494, 22.513095236774635 ] ] } },
{ "type": "Feature", "properties": { "ward": 107, "source_sheet": "107_vip bazar.pdf p1", "source": "KMC ward sewerage network map (ArcMap GeoPDF)", "extraction_method": "geopdf_vector", "georef_max_residual_m": 0.1, "conduit_type": "pipe", "pipe_diameter_mm": 300.0, "diameter_source": "legend_colour", "diameter_candidates_mm": null, "label_diameter_mm": 300.0, "label_agrees": true, "scheme": null, "flow_arrow": "end" }, "geometry": { "type": "LineString", "coordinates": [ [ 88.389039589144701, 22.51511043168173 ], [ 88.388880890602167, 22.515148207002063 ], [ 88.388903106624568, 22.515295738749078 ], [ 88.38892762792166, 22.515443250453181 ], [ 88.388935054649949, 22.515494568528876 ], [ 88.388944829089681, 22.515550147965413 ], [ 88.388968158175246, 22.515577777443593 ], [ 88.389010184734673, 22.515630935627986 ], [ 88.389040535975923, 22.515669208787166 ], [ 88.389070887329353, 22.515707481849574 ], [ 88.389115240390723, 22.515762760797028 ] ] } },
{ "type": "Feature", "properties": { "ward": 107, "source_sheet": "107_vip bazar.pdf p1", "source": "KMC ward sewerage network map (ArcMap GeoPDF)", "extraction_method": "geopdf_vector", "georef_max_residual_m": 0.1, "conduit_type": "pipe", "pipe_diameter_mm": 300.0, "diameter_source": "legend_colour", "diameter_candidates_mm": null, "label_diameter_mm": 300.0, "label_agrees": true, "scheme": null, "flow_arrow": "end" }, "geometry": { "type": "LineString", "coordinates": [ [ 88.388197288511805, 22.515723636652364 ], [ 88.388223497270957, 22.515809046554686 ], [ 88.38825679199141, 22.515911522497387 ], [ 88.388290150703739, 22.516020420568815 ], [ 88.388340156957454, 22.516180556719206 ], [ 88.388392489756427, 22.516342813471809 ], [ 88.38841628711954, 22.516417539637892 ] ] } },
{ "type": "Feature", "properties": { "ward": 107, "source_sheet": "107_vip bazar.pdf p1", "source": "KMC ward sewerage network map (ArcMap GeoPDF)", "extraction_method": "geopdf_vector", "georef_max_residual_m": 0.1, "conduit_type": "pipe", "pipe_diameter_mm": 400.0, "diameter_source": "legend_colour", "diameter_candidates_mm": null, "label_diameter_mm": 400.0, "label_agrees": true, "scheme": null, "flow_arrow": "end" }, "geometry": { "type": "LineString", "coordinates": [ [ 88.387958536528814, 22.51605755617814 ], [ 88.388112817449795, 22.516039088621657 ], [ 88.388181478161968, 22.516220472071119 ], [ 88.388247791364606, 22.516397594017267 ] ] } },
{ "type": "Feature", "properties": { "ward": 107, "source_sheet": "107_vip bazar.pdf p1", "source": "KMC ward sewerage network map (ArcMap GeoPDF)", "extraction_method": "geopdf_vector", "georef_max_residual_m": 0.1, "conduit_type": "pipe", "pipe_diameter_mm": 300.0, "diameter_source": "legend_colour", "diameter_candidates_mm": null, "label_diameter_mm": 300.0, "label_agrees": true, "scheme": null, "flow_arrow": "end" }, "geometry": { "type": "LineString", "coordinates": [ [ 88.387313477237655, 22.515408029458506 ], [ 88.387426114557144, 22.51537493749996 ], [ 88.387564045507048, 22.51533520306662 ], [ 88.3877203756618, 22.51529102680259 ] ] } },
{ "type": "Feature", "properties": { "ward": 107, "source_sheet": "107_vip bazar.pdf p1", "source": "KMC ward sewerage network map (ArcMap GeoPDF)", "extraction_method": "geopdf_vector", "georef_max_residual_m": 0.1, "conduit_type": "pipe", "pipe_diameter_mm": 400.0, "diameter_source": "legend_colour", "diameter_candidates_mm": null, "label_diameter_mm": 400.0, "label_agrees": true, "scheme": null, "flow_arrow": "end" }, "geometry": { "type": "LineString", "coordinates": [ [ 88.387818038511199, 22.515607037908048 ], [ 88.38763404517249, 22.515651454483812 ], [ 88.387413274358551, 22.515706894794274 ], [ 88.387162620283164, 22.515771158009112 ], [ 88.386964837638388, 22.515819975388087 ], [ 88.386686626468261, 22.515895181778511 ], [ 88.386686605211878, 22.515893041033895 ], [ 88.386705885646975, 22.515745148732712 ], [ 88.386616947606569, 22.515611041205894 ], [ 88.386467149805952, 22.515616622757538 ] ] } },
{ "type": "Feature", "properties": { "ward": 107, "source_sheet": "107_vip bazar.pdf p1", "source": "KMC ward sewerage network map (ArcMap GeoPDF)", "extraction_method": "geopdf_vector", "georef_max_residual_m": 0.1, "conduit_type": "pipe", "pipe_diameter_mm": 300.0, "diameter_source": "legend_colour", "diameter_candidates_mm": null, "label_diameter_mm": 300.0, "label_agrees": true, "scheme": null, "flow_arrow": "end" }, "geometry": { "type": "LineString", "coordinates": [ [ 88.385973873597109, 22.513766845930302 ], [ 88.38611406626292, 22.513722811218592 ], [ 88.386274941817319, 22.51367217419487 ], [ 88.386442711664273, 22.513619336276538 ], [ 88.38660817608887, 22.51356651819037 ], [ 88.386655640401742, 22.51370312658872 ], [ 88.38670312597425, 22.513841875801297 ], [ 88.386884578286825, 22.513773932105817 ], [ 88.387050340335222, 22.513751084172053 ], [ 88.387123958045038, 22.513735458638727 ], [ 88.387241268255266, 22.513708749087801 ], [ 88.387314737069417, 22.513678138167666 ], [ 88.387463915987752, 22.513610473985441 ], [ 88.387557833748517, 22.51354971224502 ], [ 88.387576815325545, 22.513371849349035 ] ] } },
{ "type": "Feature", "properties": { "ward": 107, "source_sheet": "107_vip bazar.pdf p1", "source": "KMC ward sewerage network map (ArcMap GeoPDF)", "extraction_method": "geopdf_vector", "georef_max_residual_m": 0.1, "conduit_type": "pipe", "pipe_diameter_mm": 225.0, "diameter_source": "legend_colour", "diameter_candidates_mm": null, "label_diameter_mm": 225.0, "label_agrees": true, "scheme": null, "flow_arrow": "end" }, "geometry": { "type": "LineString", "coordinates": [ [ 88.385911534333744, 22.516312966404445 ], [ 88.385798640924548, 22.516320368233785 ], [ 88.385662695038846, 22.516327969875601 ], [ 88.385593580138575, 22.516332851109198 ] ] } },
{ "type": "Feature", "properties": { "ward": 107, "source_sheet": "107_vip bazar.pdf p1", "source": "KMC ward sewerage network map (ArcMap GeoPDF)", "extraction_method": "geopdf_vector", "georef_max_residual_m": 0.1, "conduit_type": "pipe", "pipe_diameter_mm": 225.0, "diameter_source": "legend_colour", "diameter_candidates_mm": null, "label_diameter_mm": 225.0, "label_agrees": true, "scheme": null, "flow_arrow": "end" }, "geometry": { "type": "LineString", "coordinates": [ [ 88.385798151680646, 22.51673571511424 ], [ 88.385669121120543, 22.516743256897179 ], [ 88.385618426816563, 22.516745837400748 ] ] } },
{ "type": "Feature", "properties": { "ward": 107, "source_sheet": "107_vip bazar.pdf p1", "source": "KMC ward sewerage network map (ArcMap GeoPDF)", "extraction_method": "geopdf_vector", "georef_max_residual_m": 0.1, "conduit_type": "pipe", "pipe_diameter_mm": 225.0, "diameter_source": "legend_colour", "diameter_candidates_mm": null, "label_diameter_mm": 225.0, "label_agrees": true, "scheme": null, "flow_arrow": "end" }, "geometry": { "type": "LineString", "coordinates": [ [ 88.385843024129088, 22.517075735702441 ], [ 88.38569094067303, 22.517083477349033 ], [ 88.385642551495067, 22.51708603787641 ] ] } },
{ "type": "Feature", "properties": { "ward": 107, "source_sheet": "107_vip bazar.pdf p1", "source": "KMC ward sewerage network map (ArcMap GeoPDF)", "extraction_method": "geopdf_vector", "georef_max_residual_m": 0.1, "conduit_type": "pipe", "pipe_diameter_mm": 450.0, "diameter_source": "legend_colour", "diameter_candidates_mm": null, "label_diameter_mm": 450.0, "label_agrees": true, "scheme": null, "flow_arrow": "end" }, "geometry": { "type": "LineString", "coordinates": [ [ 88.393208255665712, 22.51746771234993 ], [ 88.393355621310874, 22.517449300021404 ], [ 88.393486871542962, 22.517433169011198 ], [ 88.393657268392417, 22.517412414651218 ], [ 88.393806960605488, 22.517396122548014 ], [ 88.393977357342152, 22.517375367853788 ], [ 88.394051040001884, 22.517366161314836 ], [ 88.394136249068609, 22.517356854275473 ], [ 88.394219152779471, 22.51734756721542 ], [ 88.394295140743679, 22.517338340542398 ], [ 88.394368823450364, 22.517329133859143 ], [ 88.394442506146234, 22.517319927231828 ], [ 88.394513883489466, 22.517310740599317 ] ] } },
{ "type": "Feature", "properties": { "ward": 107, "source_sheet": "107_vip bazar.pdf p1", "source": "KMC ward sewerage network map (ArcMap GeoPDF)", "extraction_method": "geopdf_vector", "georef_max_residual_m": 0.1, "conduit_type": "pipe", "pipe_diameter_mm": 300.0, "diameter_source": "legend_colour", "diameter_candidates_mm": null, "label_diameter_mm": 300.0, "label_agrees": true, "scheme": null, "flow_arrow": "end" }, "geometry": { "type": "LineString", "coordinates": [ [ 88.390268889446503, 22.521182147882303 ], [ 88.39035179580145, 22.521172862779412 ], [ 88.390425523533281, 22.521167939269372 ], [ 88.390499229938172, 22.521160875075257 ], [ 88.39056602030179, 22.521153870948801 ], [ 88.390621305423238, 22.52114910794354 ], [ 88.390690401180365, 22.521142083790519 ], [ 88.390768718172382, 22.521134979255375 ], [ 88.390842424533233, 22.521127914905808 ], [ 88.390886182979315, 22.521123252146037 ], [ 88.390971394549126, 22.521113946570892 ], [ 88.391068154082816, 22.521106681428066 ], [ 88.391167197581396, 22.521097255327582 ], [ 88.391236293271575, 22.521090230942832 ], [ 88.391309999571604, 22.521083166292296 ], [ 88.391381400457476, 22.521076121773106 ], [ 88.391450496120996, 22.521069097297449 ], [ 88.391521897084061, 22.521062052626601 ], [ 88.391588580637517, 22.521044344386691 ], [ 88.391655264268522, 22.521026636119132 ] ] } },
{ "type": "Feature", "properties": { "ward": 107, "source_sheet": "107_vip bazar.pdf p1", "source": "KMC ward sewerage network map (ArcMap GeoPDF)", "extraction_method": "geopdf_vector", "georef_max_residual_m": 0.1, "conduit_type": "pipe", "pipe_diameter_mm": 300.0, "diameter_source": "legend_colour", "diameter_candidates_mm": null, "label_diameter_mm": 300.0, "label_agrees": true, "scheme": null, "flow_arrow": "end" }, "geometry": { "type": "LineString", "coordinates": [ [ 88.389368840682266, 22.521787298545856 ], [ 88.390352877291662, 22.52174448363893 ] ] } },
{ "type": "Feature", "properties": { "ward": 107, "source_sheet": "107_vip bazar.pdf p1", "source": "KMC ward sewerage network map (ArcMap GeoPDF)", "extraction_method": "geopdf_vector", "georef_max_residual_m": 0.1, "conduit_type": "pipe", "pipe_diameter_mm": 225.0, "diameter_source": "legend_colour", "diameter_candidates_mm": null, "label_diameter_mm": 225.0, "label_agrees": true, "scheme": null, "flow_arrow": "end" }, "geometry": { "type": "LineString", "coordinates": [ [ 88.388125385659379, 22.521941549381161 ], [ 88.387794353121237, 22.52203862638336 ] ] } },
{ "type": "Feature", "properties": { "ward": 107, "source_sheet": "107_vip bazar.pdf p1", "source": "KMC ward sewerage network map (ArcMap GeoPDF)", "extraction_method": "geopdf_vector", "georef_max_residual_m": 0.1, "conduit_type": "pipe", "pipe_diameter_mm": 300.0, "diameter_source": "legend_colour", "diameter_candidates_mm": null, "label_diameter_mm": 300.0, "label_agrees": true, "scheme": null, "flow_arrow": "end" }, "geometry": { "type": "LineString", "coordinates": [ [ 88.395721729229606, 22.519826498882686 ], [ 88.395690904366347, 22.519741130696485 ], [ 88.395664775798693, 22.519664285262099 ], [ 88.395638625767972, 22.519585299086661 ], [ 88.395612540059318, 22.519512735199633 ], [ 88.39558406351216, 22.519431628408402 ], [ 88.395721995677945, 22.519391886828416 ], [ 88.395681671641498, 22.519278769521375 ], [ 88.395646022416287, 22.519172034137895 ], [ 88.39560804658106, 22.519063178140261 ] ] } },
{ "type": "Feature", "properties": { "ward": 107, "source_sheet": "107_vip bazar.pdf p1", "source": "KMC ward sewerage network map (ArcMap GeoPDF)", "extraction_method": "geopdf_vector", "georef_max_residual_m": 0.1, "conduit_type": "pipe", "pipe_diameter_mm": 400.0, "diameter_source": "legend_colour", "diameter_candidates_mm": null, "label_diameter_mm": 400.0, "label_agrees": true, "scheme": "KEIIP", "flow_arrow": "end" }, "geometry": { "type": "LineString", "coordinates": [ [ 88.391372596771632, 22.522968786323258 ], [ 88.391225416854141, 22.523006463959693 ], [ 88.391117342629101, 22.523035237101027 ], [ 88.391016163054303, 22.523061809309137 ], [ 88.39091039398356, 22.52309056233452 ], [ 88.390774719277942, 22.523125998393322 ] ] } },
{ "type": "Feature", "properties": { "ward": 107, "source_sheet": "107_vip bazar.pdf p1", "source": "KMC ward sewerage network map (ArcMap GeoPDF)", "extraction_method": "geopdf_vector", "georef_max_residual_m": 0.1, "conduit_type": "pipe", "pipe_diameter_mm": 400.0, "diameter_source": "legend_colour", "diameter_candidates_mm": null, "label_diameter_mm": 400.0, "label_agrees": true, "scheme": null, "flow_arrow": "end" }, "geometry": { "type": "LineString", "coordinates": [ [ 88.392455248045891, 22.512006320762946 ], [ 88.392588798478897, 22.511990170646857 ], [ 88.392722348874472, 22.511974020421516 ], [ 88.3931229783893, 22.511923428351004 ], [ 88.393367048545983, 22.511893468613653 ], [ 88.39359959270719, 22.511863609006397 ], [ 88.39383907357383, 22.511835829590293 ], [ 88.394087732299937, 22.511803687832284 ], [ 88.394322581248474, 22.511773807090112 ], [ 88.394518306520524, 22.511750690221191 ], [ 88.394711726465545, 22.511727593143732 ], [ 88.394909735256462, 22.511702314953389 ], [ 88.395084713745533, 22.511679378372779 ], [ 88.395245903941046, 22.511660843904092 ], [ 88.395413817150384, 22.511622982172536 ], [ 88.395498915549524, 22.511602970811456 ] ] } },
{ "type": "Feature", "properties": { "ward": 107, "source_sheet": "107_vip bazar.pdf p1", "source": "KMC ward sewerage network map (ArcMap GeoPDF)", "extraction_method": "geopdf_vector", "georef_max_residual_m": 0.1, "conduit_type": "pipe", "pipe_diameter_mm": 500.0, "diameter_source": "legend_colour", "diameter_candidates_mm": null, "label_diameter_mm": null, "label_agrees": null, "scheme": null, "flow_arrow": "end" }, "geometry": { "type": "LineString", "coordinates": [ [ 88.395312849183526, 22.513285230288137 ], [ 88.395302901244008, 22.513212525266589 ], [ 88.39527542702335, 22.513000812456998 ], [ 88.39526302426377, 22.512913142299727 ], [ 88.395253097870196, 22.51284257809515 ], [ 88.395243128622184, 22.512767732325187 ], [ 88.395215847078404, 22.512575286213757 ], [ 88.395208225906458, 22.512504701878676 ], [ 88.395190870787189, 22.512382819967485 ], [ 88.395183335177904, 22.512320798579719 ], [ 88.395161006283615, 22.512162564181274 ], [ 88.395138677354538, 22.512004329774992 ], [ 88.395126274902509, 22.511916659586952 ], [ 88.395116241672341, 22.511835391579911 ], [ 88.395101320288035, 22.511726334037281 ], [ 88.395093934345738, 22.511679297893178 ] ] } },
{ "type": "Feature", "properties": { "ward": 107, "source_sheet": "107_vip bazar.pdf p1", "source": "KMC ward sewerage network map (ArcMap GeoPDF)", "extraction_method": "geopdf_vector", "georef_max_residual_m": 0.1, "conduit_type": "pipe", "pipe_diameter_mm": 600.0, "diameter_source": "legend_colour", "diameter_candidates_mm": null, "label_diameter_mm": 600.0, "label_agrees": true, "scheme": null, "flow_arrow": "end" }, "geometry": { "type": "LineString", "coordinates": [ [ 88.388247791364606, 22.516397594017267 ], [ 88.388105206482251, 22.516433087637129 ], [ 88.387941916945366, 22.516473042905794 ], [ 88.387714229183402, 22.516528543748827 ], [ 88.38743134281296, 22.516597369187629 ], [ 88.387180644635563, 22.51665735101632 ], [ 88.387151569523695, 22.516747522937912 ], [ 88.387124778259562, 22.516835534012646 ], [ 88.386927440592103, 22.516929307310182 ], [ 88.386828973622741, 22.516996531031936 ], [ 88.386723654589233, 22.517070237033835 ], [ 88.386710375717882, 22.517126016680809 ], [ 88.386692528854539, 22.51718611791328 ], [ 88.386669773868789, 22.517216288554003 ], [ 88.38664699761614, 22.517244318447599 ], [ 88.38648182638201, 22.517327107371344 ], [ 88.386281906027506, 22.51739307007275 ], [ 88.386199776640424, 22.517248198567113 ] ] } },
{ "type": "Feature", "properties": { "ward": 107, "source_sheet": "107_vip bazar.pdf p1", "source": "KMC ward sewerage network map (ArcMap GeoPDF)", "extraction_method": "geopdf_vector", "georef_max_residual_m": 0.1, "conduit_type": "pipe", "pipe_diameter_mm": 300.0, "diameter_source": "legend_colour", "diameter_candidates_mm": null, "label_diameter_mm": 300.0, "label_agrees": true, "scheme": null, "flow_arrow": "end" }, "geometry": { "type": "LineString", "coordinates": [ [ 88.386967241687969, 22.510722372653817 ], [ 88.386996221450062, 22.510854859561913 ], [ 88.387025201178432, 22.510987346460738 ], [ 88.387056571242937, 22.511128376415535 ], [ 88.387067322371962, 22.511282430966521 ], [ 88.387075598414668, 22.511419379464133 ], [ 88.387078626334798, 22.511492145160855 ] ] } },
{ "type": "Feature", "properties": { "ward": 107, "source_sheet": "107_vip bazar.pdf p1", "source": "KMC ward sewerage network map (ArcMap GeoPDF)", "extraction_method": "geopdf_vector", "georef_max_residual_m": 0.1, "conduit_type": "pipe", "pipe_diameter_mm": 300.0, "diameter_source": "legend_colour", "diameter_candidates_mm": null, "label_diameter_mm": 300.0, "label_agrees": true, "scheme": null, "flow_arrow": "end" }, "geometry": { "type": "LineString", "coordinates": [ [ 88.389034084555021, 22.510847867406298 ], [ 88.389018784896322, 22.510700275382973 ], [ 88.388996931641529, 22.510589136364601 ], [ 88.388972709336883, 22.510471595140285 ], [ 88.388952607875112, 22.510304776376305 ], [ 88.388930116203213, 22.510129414658085 ], [ 88.388909908443992, 22.509951892155964 ], [ 88.388887416908759, 22.509776530418719 ] ] } },
{ "type": "Feature", "properties": { "ward": 107, "source_sheet": "107_vip bazar.pdf p1", "source": "KMC ward sewerage network map (ArcMap GeoPDF)", "extraction_method": "geopdf_vector", "georef_max_residual_m": 0.1, "conduit_type": "pipe", "pipe_diameter_mm": 300.0, "diameter_source": "legend_colour", "diameter_candidates_mm": null, "label_diameter_mm": 300.0, "label_agrees": true, "scheme": null, "flow_arrow": "end" }, "geometry": { "type": "LineString", "coordinates": [ [ 88.38266623843846, 22.512665077953205 ], [ 88.382748365987979, 22.513043314584792 ], [ 88.382786626713312, 22.513182144859961 ], [ 88.382822518751723, 22.513314572908378 ] ] } },
{ "type": "Feature", "properties": { "ward": 107, "source_sheet": "107_vip bazar.pdf p1", "source": "KMC ward sewerage network map (ArcMap GeoPDF)", "extraction_method": "geopdf_vector", "georef_max_residual_m": 0.1, "conduit_type": "pipe", "pipe_diameter_mm": 300.0, "diameter_source": "legend_colour", "diameter_candidates_mm": null, "label_diameter_mm": 300.0, "label_agrees": true, "scheme": null, "flow_arrow": "end" }, "geometry": { "type": "LineString", "coordinates": [ [ 88.383759394310061, 22.512240273872468 ], [ 88.383662703903383, 22.512253956582487 ], [ 88.383538393637721, 22.512272160286333 ], [ 88.383409451884646, 22.512288263052969 ], [ 88.383269026444481, 22.512308747062644 ], [ 88.383144694958915, 22.512324809717818 ], [ 88.383027278957698, 22.51234081243507 ], [ 88.382909862923682, 22.512356814978816 ] ] } },
{ "type": "Feature", "properties": { "ward": 107, "source_sheet": "107_vip bazar.pdf p1", "source": "KMC ward sewerage network map (ArcMap GeoPDF)", "extraction_method": "geopdf_vector", "georef_max_residual_m": 0.1, "conduit_type": "pipe", "pipe_diameter_mm": 300.0, "diameter_source": "legend_colour", "diameter_candidates_mm": null, "label_diameter_mm": 300.0, "label_agrees": true, "scheme": null, "flow_arrow": "end" }, "geometry": { "type": "LineString", "coordinates": [ [ 88.384853047753111, 22.512331425583699 ], [ 88.384824260732984, 22.512218205039911 ], [ 88.384795409998105, 22.512098562156684 ], [ 88.384764169358903, 22.511970376246008 ], [ 88.384750988084193, 22.51180349691624 ], [ 88.384740281883779, 22.511653723587983 ], [ 88.384729533176539, 22.511499668760859 ], [ 88.38472686725099, 22.511463295845292 ] ] } },
{ "type": "Feature", "properties": { "ward": 107, "source_sheet": "107_vip bazar.pdf p1", "source": "KMC ward sewerage network map (ArcMap GeoPDF)", "extraction_method": "geopdf_vector", "georef_max_residual_m": 0.1, "conduit_type": "pipe", "pipe_diameter_mm": 300.0, "diameter_source": "legend_colour", "diameter_candidates_mm": null, "label_diameter_mm": 300.0, "label_agrees": true, "scheme": null, "flow_arrow": "end" }, "geometry": { "type": "LineString", "coordinates": [ [ 88.3850347963443, 22.512293454652504 ], [ 88.384975277664566, 22.51210342649075 ], [ 88.384915780386379, 22.51191553904172 ], [ 88.384990598837803, 22.511788575062056 ], [ 88.384957490181819, 22.511472002355063 ] ] } },
{ "type": "Feature", "properties": { "ward": 107, "source_sheet": "107_vip bazar.pdf p1", "source": "KMC ward sewerage network map (ArcMap GeoPDF)", "extraction_method": "geopdf_vector", "georef_max_residual_m": 0.1, "conduit_type": "pipe", "pipe_diameter_mm": 300.0, "diameter_source": "legend_colour", "diameter_candidates_mm": null, "label_diameter_mm": 300.0, "label_agrees": true, "scheme": null, "flow_arrow": "end" }, "geometry": { "type": "LineString", "coordinates": [ [ 88.383253913374219, 22.512645006081957 ], [ 88.383403687078314, 22.512637286835574 ], [ 88.383564986644203, 22.512629467761503 ], [ 88.383703234414099, 22.512621848105635 ], [ 88.383779263215985, 22.512616907893914 ], [ 88.383915205678463, 22.512609308016827 ], [ 88.384062674000305, 22.512601608211821 ] ] } },
{ "type": "Feature", "properties": { "ward": 107, "source_sheet": "107_vip bazar.pdf p1", "source": "KMC ward sewerage network map (ArcMap GeoPDF)", "extraction_method": "geopdf_vector", "georef_max_residual_m": 0.1, "conduit_type": "pipe", "pipe_diameter_mm": 300.0, "diameter_source": "legend_colour", "diameter_candidates_mm": null, "label_diameter_mm": 300.0, "label_agrees": true, "scheme": null, "flow_arrow": "end" }, "geometry": { "type": "LineString", "coordinates": [ [ 88.383779263215985, 22.512616907893914 ], [ 88.383789671598777, 22.512736710665575 ], [ 88.383800143727754, 22.51286293567723 ], [ 88.383810636995392, 22.512991301434148 ], [ 88.383821130289263, 22.513119667187421 ], [ 88.383829170050348, 22.513233067571701 ], [ 88.38383714610444, 22.513340045710564 ] ] } },
{ "type": "Feature", "properties": { "ward": 107, "source_sheet": "107_vip bazar.pdf p1", "source": "KMC ward sewerage network map (ArcMap GeoPDF)", "extraction_method": "geopdf_vector", "georef_max_residual_m": 0.1, "conduit_type": "pipe", "pipe_diameter_mm": 300.0, "diameter_source": "legend_colour", "diameter_candidates_mm": null, "label_diameter_mm": 300.0, "label_agrees": true, "scheme": null, "flow_arrow": "end" }, "geometry": { "type": "LineString", "coordinates": [ [ 88.383996524211483, 22.511974884501964 ], [ 88.384029546028898, 22.512282894410383 ], [ 88.384062674000305, 22.512601608211821 ], [ 88.384075006065487, 22.512682857260597 ], [ 88.384087274411712, 22.512757683975131 ], [ 88.384126575846551, 22.51300141122551 ], [ 88.384182006593491, 22.51301163581336 ], [ 88.384189961776585, 22.513116473176112 ], [ 88.384195738985198, 22.513234174988181 ], [ 88.384203778967816, 22.513347575426508 ], [ 88.384206423606301, 22.513381807600013 ] ] } },
{ "type": "Feature", "properties": { "ward": 107, "source_sheet": "107_vip bazar.pdf p1", "source": "KMC ward sewerage network map (ArcMap GeoPDF)", "extraction_method": "geopdf_vector", "georef_max_residual_m": 0.1, "conduit_type": "pipe", "pipe_diameter_mm": 300.0, "diameter_source": "legend_colour", "diameter_candidates_mm": null, "label_diameter_mm": 300.0, "label_agrees": true, "scheme": null, "flow_arrow": "end" }, "geometry": { "type": "LineString", "coordinates": [ [ 88.38485484731045, 22.512977974825574 ], [ 88.384642854419809, 22.512988375338708 ], [ 88.38452996358285, 22.51299577623789 ], [ 88.384405525597742, 22.513001136062741 ], [ 88.384182006593491, 22.51301163581336 ] ] } },
{ "type": "Feature", "properties": { "ward": 107, "source_sheet": "107_vip bazar.pdf p1", "source": "KMC ward sewerage network map (ArcMap GeoPDF)", "extraction_method": "geopdf_vector", "georef_max_residual_m": 0.1, "conduit_type": "pipe", "pipe_diameter_mm": 300.0, "diameter_source": "legend_colour", "diameter_candidates_mm": null, "label_diameter_mm": 300.0, "label_agrees": true, "scheme": null, "flow_arrow": "end" }, "geometry": { "type": "LineString", "coordinates": [ [ 88.387401108453489, 22.510536627078757 ], [ 88.387434209820185, 22.510619836463661 ], [ 88.387479155885387, 22.510735057235166 ], [ 88.387564267842478, 22.510948412519131 ], [ 88.387644663449123, 22.511151104040316 ] ] } },
{ "type": "Feature", "properties": { "ward": 107, "source_sheet": "107_vip bazar.pdf p1", "source": "KMC ward sewerage network map (ArcMap GeoPDF)", "extraction_method": "geopdf_vector", "georef_max_residual_m": 0.1, "conduit_type": "pipe", "pipe_diameter_mm": 300.0, "diameter_source": "legend_colour", "diameter_candidates_mm": null, "label_diameter_mm": 300.0, "label_agrees": true, "scheme": null, "flow_arrow": "end" }, "geometry": { "type": "LineString", "coordinates": [ [ 88.388445341190049, 22.510527559612246 ], [ 88.388606488772893, 22.510504750322998 ], [ 88.38858442308468, 22.510372203605908 ], [ 88.388557534388369, 22.510218289487845 ], [ 88.388465435004818, 22.510229794196125 ], [ 88.388382556231193, 22.510241218850236 ], [ 88.388358419718813, 22.510132240476956 ], [ 88.388331892921698, 22.510014719140649 ], [ 88.388317466435964, 22.509954898062375 ] ] } },
{ "type": "Feature", "properties": { "ward": 107, "source_sheet": "107_vip bazar.pdf p1", "source": "KMC ward sewerage network map (ArcMap GeoPDF)", "extraction_method": "geopdf_vector", "georef_max_residual_m": 0.1, "conduit_type": "pipe", "pipe_diameter_mm": 300.0, "diameter_source": "legend_colour", "diameter_candidates_mm": null, "label_diameter_mm": 300.0, "label_agrees": true, "scheme": null, "flow_arrow": "end" }, "geometry": { "type": "LineString", "coordinates": [ [ 88.388445341190049, 22.510527559612246 ], [ 88.388413948626123, 22.510384389237583 ], [ 88.388382556231193, 22.510241218850236 ] ] } },
{ "type": "Feature", "properties": { "ward": 107, "source_sheet": "107_vip bazar.pdf p1", "source": "KMC ward sewerage network map (ArcMap GeoPDF)", "extraction_method": "geopdf_vector", "georef_max_residual_m": 0.1, "conduit_type": "pipe", "pipe_diameter_mm": 225.0, "diameter_source": "legend_colour", "diameter_candidates_mm": null, "label_diameter_mm": 225.0, "label_agrees": true, "scheme": null, "flow_arrow": "end" }, "geometry": { "type": "LineString", "coordinates": [ [ 88.388640584277113, 22.510919796676259 ], [ 88.388606864980048, 22.510774505643216 ], [ 88.388573230977528, 22.510637777573361 ], [ 88.388625972719666, 22.51060948711649 ], [ 88.388606488772893, 22.510504750322998 ] ] } },
{ "type": "Feature", "properties": { "ward": 107, "source_sheet": "107_vip bazar.pdf p1", "source": "KMC ward sewerage network map (ArcMap GeoPDF)", "extraction_method": "geopdf_vector", "georef_max_residual_m": 0.1, "conduit_type": "pipe", "pipe_diameter_mm": 300.0, "diameter_source": "legend_colour", "diameter_candidates_mm": null, "label_diameter_mm": 300.0, "label_agrees": true, "scheme": null, "flow_arrow": "end" }, "geometry": { "type": "LineString", "coordinates": [ [ 88.390931617889379, 22.510176238338939 ], [ 88.390953408643242, 22.510280954798656 ], [ 88.390980001550773, 22.510404897901246 ], [ 88.391004140155701, 22.510513875771682 ], [ 88.391028342852337, 22.510629275860513 ], [ 88.391063921961873, 22.51072959035254 ], [ 88.391097153444804, 22.510825643410232 ], [ 88.391132775397821, 22.510930239451774 ], [ 88.391066139094988, 22.510952228766744 ], [ 88.390990324835883, 22.5109785798712 ], [ 88.390925993723258, 22.511000549068818 ] ] } },
{ "type": "Feature", "properties": { "ward": 107, "source_sheet": "107_vip bazar.pdf p1", "source": "KMC ward sewerage network map (ArcMap GeoPDF)", "extraction_method": "geopdf_vector", "georef_max_residual_m": 0.1, "conduit_type": "pipe", "pipe_diameter_mm": 400.0, "diameter_source": "legend_colour", "diameter_candidates_mm": null, "label_diameter_mm": 400.0, "label_agrees": true, "scheme": null, "flow_arrow": "end" }, "geometry": { "type": "LineString", "coordinates": [ [ 88.386815924162363, 22.511967572996799 ], [ 88.386890072358881, 22.512005466517991 ], [ 88.386961894078652, 22.512041239351365 ], [ 88.387001889933572, 22.512122248047106 ], [ 88.387021946845877, 22.512284785544082 ], [ 88.387039571192346, 22.512434498566261 ], [ 88.387038520263289, 22.512560823251903 ], [ 88.387039774513696, 22.512687127930203 ], [ 88.387017785583467, 22.512794365777609 ], [ 88.386995754108867, 22.512897322221271 ], [ 88.387008215366635, 22.512991415515398 ], [ 88.387059737458927, 22.513072324144911 ] ] } },
{ "type": "Feature", "properties": { "ward": 107, "source_sheet": "107_vip bazar.pdf p1", "source": "KMC ward sewerage network map (ArcMap GeoPDF)", "extraction_method": "geopdf_vector", "georef_max_residual_m": 0.1, "conduit_type": "pipe", "pipe_diameter_mm": 300.0, "diameter_source": "legend_colour", "diameter_candidates_mm": null, "label_diameter_mm": 300.0, "label_agrees": true, "scheme": null, "flow_arrow": "end" }, "geometry": { "type": "LineString", "coordinates": [ [ 88.38946496194086, 22.512447686680883 ], [ 88.389463982344026, 22.512349211966814 ], [ 88.389435383169371, 22.512255259215213 ], [ 88.389406784132845, 22.51216130645469 ], [ 88.389375879880262, 22.512067373725365 ], [ 88.389347302222646, 22.511975561691404 ] ] } },
{ "type": "Feature", "properties": { "ward": 107, "source_sheet": "107_vip bazar.pdf p1", "source": "KMC ward sewerage network map (ArcMap GeoPDF)", "extraction_method": "geopdf_vector", "georef_max_residual_m": 0.1, "conduit_type": "pipe", "pipe_diameter_mm": 400.0, "diameter_source": "legend_colour", "diameter_candidates_mm": null, "label_diameter_mm": 400.0, "label_agrees": true, "scheme": null, "flow_arrow": "end" }, "geometry": { "type": "LineString", "coordinates": [ [ 88.387122746200745, 22.511988460837657 ], [ 88.387198637835809, 22.512201896296613 ], [ 88.387274083126712, 22.51237037587973 ], [ 88.387347159744635, 22.512532453099915 ], [ 88.387415498607027, 22.512681725739057 ], [ 88.387479142113222, 22.512822475385047 ], [ 88.387526287880533, 22.512926972250558 ] ] } },
{ "type": "Feature", "properties": { "ward": 107, "source_sheet": "107_vip bazar.pdf p1", "source": "KMC ward sewerage network map (ArcMap GeoPDF)", "extraction_method": "geopdf_vector", "georef_max_residual_m": 0.1, "conduit_type": "pipe", "pipe_diameter_mm": 750.0, "diameter_source": "map_label", "diameter_candidates_mm": null, "label_diameter_mm": 750.0, "label_agrees": null, "scheme": null, "flow_arrow": "end" }, "geometry": { "type": "LineString", "coordinates": [ [ 88.38604653598567, 22.513190302365793 ], [ 88.386184380283098, 22.513142006121118 ], [ 88.386319919296653, 22.513093729758523 ], [ 88.386508307659284, 22.513027867279721 ], [ 88.386805613640945, 22.513018864898292 ], [ 88.387059737458927, 22.513072324144911 ], [ 88.387195446149263, 22.513041173112139 ], [ 88.387324239233266, 22.513010081997681 ], [ 88.387526287880533, 22.512926972250558 ], [ 88.387689233250057, 22.512852765499179 ], [ 88.387711200393653, 22.512743386752749 ], [ 88.387728663507147, 22.512644751846253 ], [ 88.387826446391671, 22.512509023536456 ], [ 88.387915178587747, 22.512390501201605 ], [ 88.387985660563515, 22.51229140585427 ], [ 88.388049333408915, 22.512203074348982 ], [ 88.388118254644155, 22.512178925378507 ], [ 88.388154988552614, 22.512163619744754 ], [ 88.388196460436816, 22.512161118614408 ], [ 88.388311634140067, 22.512151554419837 ], [ 88.38842936834088, 22.512167659314596 ], [ 88.388535555457082, 22.512181723332564 ], [ 88.388671752398878, 22.512199808577034 ], [ 88.388803104900646, 22.512194385317297 ], [ 88.388929570228868, 22.512161172260608 ], [ 88.389028266991645, 22.512117495795614 ], [ 88.389131552819705, 22.512071638369715 ], [ 88.389237122350565, 22.512023620101822 ], [ 88.38929908519431, 22.511995249262689 ], [ 88.389347302222646, 22.511975561691404 ], [ 88.389448325164381, 22.511934005597208 ], [ 88.389572335935256, 22.511885826802065 ], [ 88.389779268690276, 22.511830504120354 ], [ 88.390007096991312, 22.511789986043102 ], [ 88.390177295951645, 22.511749968815035 ], [ 88.39032448577251, 22.511714433505613 ], [ 88.390349459024804, 22.511675679392088 ], [ 88.390337293908431, 22.511611557023283 ], [ 88.390378211527093, 22.51155339568157 ], [ 88.390479532263456, 22.511541809539533 ], [ 88.390585441875416, 22.511528042482595 ], [ 88.390684436008343, 22.511514335616525 ], [ 88.39078806183096, 22.511502729226251 ], [ 88.390884750766787, 22.511489042207852 ], [ 88.391036720947412, 22.511470592174117 ], [ 88.391177165232719, 22.511452242318772 ], [ 88.391266959858399, 22.5114407560079 ], [ 88.391382089979743, 22.511426908173494 ], [ 88.39147416848634, 22.511413261028949 ], [ 88.391573183744498, 22.511401694276913 ], [ 88.391676788047477, 22.511387946581117 ], [ 88.391789612919112, 22.511374118530238 ], [ 88.39185637718036, 22.511364973449215 ], [ 88.391930056969784, 22.511355768027794 ], [ 88.392047470740692, 22.511339758908914 ], [ 88.392229364873117, 22.511316765290953 ], [ 88.392362893346444, 22.511298474652452 ] ] } },
{ "type": "Feature", "properties": { "ward": 107, "source_sheet": "107_vip bazar.pdf p1", "source": "KMC ward sewerage network map (ArcMap GeoPDF)", "extraction_method": "geopdf_vector", "georef_max_residual_m": 0.1, "conduit_type": "pipe", "pipe_diameter_mm": 400.0, "diameter_source": "legend_colour", "diameter_candidates_mm": null, "label_diameter_mm": 400.0, "label_agrees": true, "scheme": null, "flow_arrow": "end" }, "geometry": { "type": "LineString", "coordinates": [ [ 88.387715668557249, 22.511336749512939 ], [ 88.387763324370681, 22.51149262448746 ], [ 88.387796723977914, 22.511605804370792 ], [ 88.387816058636616, 22.511695555969286 ], [ 88.387835329515227, 22.511778885418426 ], [ 88.387895923327264, 22.511844728423942 ], [ 88.388006763027136, 22.511863034350373 ], [ 88.388106034306517, 22.511877158812059 ], [ 88.388143534028643, 22.511938920427212 ], [ 88.388146690183532, 22.512024530625634 ], [ 88.388152151510297, 22.512110120891155 ], [ 88.388154988552614, 22.512163619744754 ] ] } },
{ "type": "Feature", "properties": { "ward": 107, "source_sheet": "107_vip bazar.pdf p1", "source": "KMC ward sewerage network map (ArcMap GeoPDF)", "extraction_method": "geopdf_vector", "georef_max_residual_m": 0.1, "conduit_type": "pipe", "pipe_diameter_mm": 300.0, "diameter_source": "legend_colour", "diameter_candidates_mm": null, "label_diameter_mm": 300.0, "label_agrees": true, "scheme": null, "flow_arrow": "end" }, "geometry": { "type": "LineString", "coordinates": [ [ 88.388611022523307, 22.511656537176634 ], [ 88.388719131314858, 22.511632047586392 ], [ 88.388847773606344, 22.511585970035775 ], [ 88.388878038808699, 22.511615680225997 ], [ 88.388956095161276, 22.511582887817426 ], [ 88.389055792070792, 22.511639826838966 ], [ 88.389162468494575, 22.511703127918729 ], [ 88.389255505502859, 22.511785815923123 ], [ 88.389272472090397, 22.511869165102485 ], [ 88.389291786446961, 22.511956775816842 ], [ 88.38929908519431, 22.511995249262689 ] ] } },
{ "type": "Feature", "properties": { "ward": 107, "source_sheet": "107_vip bazar.pdf p1", "source": "KMC ward sewerage network map (ArcMap GeoPDF)", "extraction_method": "geopdf_vector", "georef_max_residual_m": 0.1, "conduit_type": "pipe", "pipe_diameter_mm": 300.0, "diameter_source": "legend_colour", "diameter_candidates_mm": null, "label_diameter_mm": 300.0, "label_agrees": true, "scheme": null, "flow_arrow": "end" }, "geometry": { "type": "LineString", "coordinates": [ [ 88.38946496194086, 22.512447686680883 ], [ 88.389486262247274, 22.51250316590334 ], [ 88.38952647255779, 22.512605581494775 ], [ 88.389562051288138, 22.512705896323233 ], [ 88.389628641064633, 22.512910847606253 ], [ 88.389646460013282, 22.513079826959324 ], [ 88.38965147505489, 22.5131204611619 ] ] } },
{ "type": "Feature", "properties": { "ward": 107, "source_sheet": "107_vip bazar.pdf p1", "source": "KMC ward sewerage network map (ArcMap GeoPDF)", "extraction_method": "geopdf_vector", "georef_max_residual_m": 0.1, "conduit_type": "pipe", "pipe_diameter_mm": 300.0, "diameter_source": "legend_colour", "diameter_candidates_mm": null, "label_diameter_mm": 300.0, "label_agrees": true, "scheme": null, "flow_arrow": "end" }, "geometry": { "type": "LineString", "coordinates": [ [ 88.390079810213209, 22.513305138960568 ], [ 88.390110928323679, 22.513420479013632 ], [ 88.390142025088807, 22.513533678404396 ], [ 88.390175427192332, 22.513646857643828 ], [ 88.390213652819327, 22.513781404277317 ], [ 88.39021922209065, 22.51387769809654 ], [ 88.390225111008206, 22.514006103221035 ], [ 88.390230744329685, 22.514108819350373 ], [ 88.390236271020697, 22.514200831680284 ], [ 88.390232832642539, 22.514318613210133 ], [ 88.390215328563258, 22.514412966805704 ], [ 88.390153513940504, 22.514456323317216 ] ] } },
{ "type": "Feature", "properties": { "ward": 107, "source_sheet": "107_vip bazar.pdf p1", "source": "KMC ward sewerage network map (ArcMap GeoPDF)", "extraction_method": "geopdf_vector", "georef_max_residual_m": 0.1, "conduit_type": "pipe", "pipe_diameter_mm": 400.0, "diameter_source": "legend_colour", "diameter_candidates_mm": null, "label_diameter_mm": 400.0, "label_agrees": true, "scheme": null, "flow_arrow": "end" }, "geometry": { "type": "LineString", "coordinates": [ [ 88.389679130108632, 22.514509690602821 ], [ 88.38987488151875, 22.514488719896406 ], [ 88.389966983539608, 22.514477214161857 ], [ 88.39008213765014, 22.514465507870504 ], [ 88.390153513940504, 22.514456323317216 ], [ 88.390182391149537, 22.5145781056906 ], [ 88.390201621312144, 22.514657153163029 ], [ 88.390211204390042, 22.514693465740908 ], [ 88.390225696317401, 22.514759708773603 ] ] } },
{ "type": "Feature", "properties": { "ward": 107, "source_sheet": "107_vip bazar.pdf p1", "source": "KMC ward sewerage network map (ArcMap GeoPDF)", "extraction_method": "geopdf_vector", "georef_max_residual_m": 0.1, "conduit_type": "pipe", "pipe_diameter_mm": 300.0, "diameter_source": "legend_colour", "diameter_candidates_mm": null, "label_diameter_mm": 225.0, "label_agrees": false, "scheme": null, "flow_arrow": "end" }, "geometry": { "type": "LineString", "coordinates": [ [ 88.388905633279663, 22.514158877637023 ], [ 88.388987656846496, 22.514293044051822 ], [ 88.389030215174728, 22.514399721188468 ], [ 88.389068077999525, 22.514497875320945 ], [ 88.389087009433297, 22.514546952382393 ], [ 88.389108459009648, 22.514617416920707 ], [ 88.389125255613635, 22.51468364013239 ], [ 88.389158742405684, 22.514805382565626 ], [ 88.389260193317909, 22.514806641616257 ], [ 88.389292423826021, 22.51480207957907 ], [ 88.389299680178055, 22.514836271519119 ], [ 88.389328514057951, 22.514953772589806 ], [ 88.389359738486817, 22.515079816579274 ], [ 88.389386203372965, 22.515190915355635 ], [ 88.389407823599058, 22.515278505863598 ], [ 88.389429443856372, 22.515366096455548 ], [ 88.389448631134286, 22.5154408625421 ] ] } },
{ "type": "Feature", "properties": { "ward": 107, "source_sheet": "107_vip bazar.pdf p1", "source": "KMC ward sewerage network map (ArcMap GeoPDF)", "extraction_method": "geopdf_vector", "georef_max_residual_m": 0.1, "conduit_type": "pipe", "pipe_diameter_mm": 300.0, "diameter_source": "legend_colour", "diameter_candidates_mm": null, "label_diameter_mm": 300.0, "label_agrees": true, "scheme": null, "flow_arrow": "end" }, "geometry": { "type": "LineString", "coordinates": [ [ 88.388905633279663, 22.514158877637023 ], [ 88.388776711852245, 22.514177125500076 ], [ 88.388705356864051, 22.514188450272954 ], [ 88.388640896076282, 22.51419757418331 ], [ 88.388530395063725, 22.514213520868633 ], [ 88.388410694314956, 22.514231688330565 ] ] } },
{ "type": "Feature", "properties": { "ward": 107, "source_sheet": "107_vip bazar.pdf p1", "source": "KMC ward sewerage network map (ArcMap GeoPDF)", "extraction_method": "geopdf_vector", "georef_max_residual_m": 0.1, "conduit_type": "pipe", "pipe_diameter_mm": 300.0, "diameter_source": "legend_colour", "diameter_candidates_mm": null, "label_diameter_mm": 300.0, "label_agrees": true, "scheme": null, "flow_arrow": "end" }, "geometry": { "type": "LineString", "coordinates": [ [ 88.389087009433297, 22.514546952382393 ], [ 88.389227606220487, 22.51454358935273 ], [ 88.389356655682008, 22.514538185659681 ], [ 88.389444232579649, 22.514535283270817 ], [ 88.389566387609904, 22.514532080277963 ], [ 88.389679130108632, 22.514509690602821 ] ] } },
{ "type": "Feature", "properties": { "ward": 107, "source_sheet": "107_vip bazar.pdf p1", "source": "KMC ward sewerage network map (ArcMap GeoPDF)", "extraction_method": "geopdf_vector", "georef_max_residual_m": 0.1, "conduit_type": "pipe", "pipe_diameter_mm": 300.0, "diameter_source": "legend_colour", "diameter_candidates_mm": null, "label_diameter_mm": 300.0, "label_agrees": true, "scheme": null, "flow_arrow": "end" }, "geometry": { "type": "LineString", "coordinates": [ [ 88.390850298943576, 22.513354100169636 ], [ 88.390833267232708, 22.513264328914616 ], [ 88.390813759830749, 22.5131574516938 ], [ 88.390791883336675, 22.513044172302369 ], [ 88.390897261181067, 22.512976886178855 ], [ 88.390875512563667, 22.512876451337171 ], [ 88.390851352126376, 22.512765332753276 ], [ 88.390829646216503, 22.512669179293695 ], [ 88.390800683772895, 22.512538834049156 ], [ 88.390774133135963, 22.512419172534184 ], [ 88.390808028609143, 22.51235036746467 ], [ 88.390906959339418, 22.512330238120217 ] ] } },
{ "type": "Feature", "properties": { "ward": 107, "source_sheet": "107_vip bazar.pdf p1", "source": "KMC ward sewerage network map (ArcMap GeoPDF)", "extraction_method": "geopdf_vector", "georef_max_residual_m": 0.1, "conduit_type": "pipe", "pipe_diameter_mm": 900.0, "diameter_source": "legend_colour", "diameter_candidates_mm": null, "label_diameter_mm": null, "label_agrees": null, "scheme": null, "flow_arrow": "end" }, "geometry": { "type": "LineString", "coordinates": [ [ 88.392340461180254, 22.511129535879526 ], [ 88.39235538041747, 22.511238593798012 ], [ 88.392362893346444, 22.511298474652452 ], [ 88.392367973196727, 22.511345531052541 ], [ 88.392382935071268, 22.511458870445441 ], [ 88.392407821897976, 22.511642774391966 ], [ 88.392430318286472, 22.511818135358158 ], [ 88.392455248045891, 22.512006320762946 ], [ 88.392607282438206, 22.513150398047586 ], [ 88.392642116557298, 22.513407007058291 ], [ 88.39272935187482, 22.514063514756149 ], [ 88.392741817139864, 22.514157607391791 ], [ 88.392754197129221, 22.514243137065577 ], [ 88.392766641181922, 22.514335088955256 ] ] } },
{ "type": "Feature", "properties": { "ward": 107, "source_sheet": "107_vip bazar.pdf p1", "source": "KMC ward sewerage network map (ArcMap GeoPDF)", "extraction_method": "geopdf_vector", "georef_max_residual_m": 0.1, "conduit_type": "pipe", "pipe_diameter_mm": 400.0, "diameter_source": "legend_colour", "diameter_candidates_mm": null, "label_diameter_mm": 900.0, "label_agrees": false, "scheme": null, "flow_arrow": "end" }, "geometry": { "type": "LineString", "coordinates": [ [ 88.390988197692138, 22.514005886406103 ], [ 88.391057289793125, 22.513998862181609 ], [ 88.391167811665227, 22.513985054613894 ], [ 88.39127835483518, 22.513973387623132 ], [ 88.391469494756706, 22.513952455160993 ], [ 88.391649129888336, 22.513933763579363 ], [ 88.391863300337931, 22.513910489097622 ], [ 88.392061334276704, 22.513887354974219 ], [ 88.392254779097343, 22.513866401512935 ], [ 88.392455139507945, 22.51384538756934 ], [ 88.392611722327146, 22.513826895676925 ], [ 88.392671593465963, 22.513819951201878 ], [ 88.392651828408134, 22.513687385320019 ], [ 88.392634347232473, 22.51355265851636 ], [ 88.392589502607208, 22.513216922027915 ], [ 88.392557165920707, 22.512979559657563 ], [ 88.392524786778196, 22.512737915787213 ], [ 88.392494904923694, 22.5125155185663 ], [ 88.392465001939883, 22.512290980587895 ], [ 88.3924126026197, 22.511891081545844 ], [ 88.392347781490571, 22.511401371303826 ], [ 88.392305585101383, 22.511099866529779 ] ] } },
{ "type": "Feature", "properties": { "ward": 107, "source_sheet": "107_vip bazar.pdf p1", "source": "KMC ward sewerage network map (ArcMap GeoPDF)", "extraction_method": "geopdf_vector", "georef_max_residual_m": 0.1, "conduit_type": "pipe", "pipe_diameter_mm": 300.0, "diameter_source": "legend_colour", "diameter_candidates_mm": null, "label_diameter_mm": 300.0, "label_agrees": true, "scheme": null, "flow_arrow": "end" }, "geometry": { "type": "LineString", "coordinates": [ [ 88.390908461751749, 22.5134071174447 ], [ 88.390920840526078, 22.513492647238465 ], [ 88.39093343241781, 22.513599584622519 ], [ 88.390948308297766, 22.513704361198759 ], [ 88.390960900239222, 22.513811298575895 ], [ 88.390975818811555, 22.513920356538026 ], [ 88.390988197692138, 22.514005886406103 ] ] } },
{ "type": "Feature", "properties": { "ward": 107, "source_sheet": "107_vip bazar.pdf p1", "source": "KMC ward sewerage network map (ArcMap GeoPDF)", "extraction_method": "geopdf_vector", "georef_max_residual_m": 0.1, "conduit_type": "pipe", "pipe_diameter_mm": 300.0, "diameter_source": "legend_colour", "diameter_candidates_mm": null, "label_diameter_mm": 300.0, "label_agrees": true, "scheme": null, "flow_arrow": "end" }, "geometry": { "type": "LineString", "coordinates": [ [ 88.387336670100154, 22.514493646400965 ], [ 88.387296992352901, 22.514444749200109 ], [ 88.387259109507099, 22.51434445375288 ], [ 88.387209402943682, 22.514214287826977 ], [ 88.387162108082393, 22.514094805593039 ], [ 88.38695282295815, 22.514145863723822 ], [ 88.386771136487752, 22.51419025914187 ], [ 88.386612459391685, 22.514230172953958 ], [ 88.386467571093533, 22.514265685041256 ] ] } },
{ "type": "Feature", "properties": { "ward": 107, "source_sheet": "107_vip bazar.pdf p1", "source": "KMC ward sewerage network map (ArcMap GeoPDF)", "extraction_method": "geopdf_vector", "georef_max_residual_m": 0.1, "conduit_type": "pipe", "pipe_diameter_mm": 600.0, "diameter_source": "legend_colour", "diameter_candidates_mm": null, "label_diameter_mm": 600.0, "label_agrees": true, "scheme": null, "flow_arrow": "end" }, "geometry": { "type": "LineString", "coordinates": [ [ 88.385677352912509, 22.517340508127528 ], [ 88.386199776640424, 22.517248198567113 ], [ 88.386231986594822, 22.517241496276615 ], [ 88.386264334164423, 22.517016416865488 ], [ 88.386292432340397, 22.51682777028326 ], [ 88.386271631433132, 22.516590306261282 ], [ 88.38624850413413, 22.516350721478627 ], [ 88.386240717173209, 22.516263010482913 ], [ 88.38620422601582, 22.516070642229185 ], [ 88.386170189039646, 22.515893239355076 ] ] } },
{ "type": "Feature", "properties": { "ward": 107, "source_sheet": "107_vip bazar.pdf p1", "source": "KMC ward sewerage network map (ArcMap GeoPDF)", "extraction_method": "geopdf_vector", "georef_max_residual_m": 0.1, "conduit_type": "pipe", "pipe_diameter_mm": 300.0, "diameter_source": "legend_colour", "diameter_candidates_mm": null, "label_diameter_mm": 300.0, "label_agrees": true, "scheme": null, "flow_arrow": "end" }, "geometry": { "type": "LineString", "coordinates": [ [ 88.387425443206624, 22.516235601536643 ], [ 88.387454446126227, 22.516370228938094 ], [ 88.387219778790481, 22.51641936689543 ], [ 88.386994332219487, 22.516468424486813 ], [ 88.386778064004844, 22.516513120260914 ], [ 88.38658021629314, 22.516555514901036 ], [ 88.38635684078902, 22.516581003337233 ], [ 88.386271631433132, 22.516590306261282 ] ] } },
{ "type": "Feature", "properties": { "ward": 107, "source_sheet": "107_vip bazar.pdf p1", "source": "KMC ward sewerage network map (ArcMap GeoPDF)", "extraction_method": "geopdf_vector", "georef_max_residual_m": 0.1, "conduit_type": "pipe", "pipe_diameter_mm": 300.0, "diameter_source": "legend_colour", "diameter_candidates_mm": null, "label_diameter_mm": 300.0, "label_agrees": true, "scheme": null, "flow_arrow": "end" }, "geometry": { "type": "LineString", "coordinates": [ [ 88.386616943958472, 22.514681872659917 ], [ 88.386576650046536, 22.514570893309205 ], [ 88.386531554521326, 22.514440687147765 ], [ 88.386488934303372, 22.514327587019324 ], [ 88.386467571093533, 22.514265685041256 ] ] } },
{ "type": "Feature", "properties": { "ward": 107, "source_sheet": "107_vip bazar.pdf p1", "source": "KMC ward sewerage network map (ArcMap GeoPDF)", "extraction_method": "geopdf_vector", "georef_max_residual_m": 0.1, "conduit_type": "pipe", "pipe_diameter_mm": 400.0, "diameter_source": "legend_colour", "diameter_candidates_mm": null, "label_diameter_mm": 400.0, "label_agrees": true, "scheme": null, "flow_arrow": "end" }, "geometry": { "type": "LineString", "coordinates": [ [ 88.387937607996648, 22.514415636567342 ], [ 88.387790265713164, 22.514436184560715 ], [ 88.387677480351456, 22.514454291437229 ], [ 88.387619913787333, 22.51446121415449 ], [ 88.387483821033271, 22.514453831940465 ], [ 88.387336670100154, 22.514493646400965 ], [ 88.387143520993945, 22.514544564634082 ], [ 88.386968749702021, 22.514588900270272 ], [ 88.386791694242618, 22.514635396560603 ], [ 88.386616943958472, 22.514681872659917 ], [ 88.386423794280489, 22.51473279005474 ], [ 88.386244433309116, 22.514779305758328 ], [ 88.386205350784053, 22.514790349501396 ] ] } },
{ "type": "Feature", "properties": { "ward": 107, "source_sheet": "107_vip bazar.pdf p1", "source": "KMC ward sewerage network map (ArcMap GeoPDF)", "extraction_method": "geopdf_vector", "georef_max_residual_m": 0.1, "conduit_type": "pipe", "pipe_diameter_mm": 400.0, "diameter_source": "legend_colour", "diameter_candidates_mm": null, "label_diameter_mm": 400.0, "label_agrees": true, "scheme": null, "flow_arrow": "end" }, "geometry": { "type": "LineString", "coordinates": [ [ 88.386850529668564, 22.515452725583273 ], [ 88.386800504159041, 22.515290448200833 ], [ 88.386752550263907, 22.51510460241872 ], [ 88.386718597830395, 22.514935762643468 ], [ 88.386616943958472, 22.514681872659917 ] ] } },
{ "type": "Feature", "properties": { "ward": 107, "source_sheet": "107_vip bazar.pdf p1", "source": "KMC ward sewerage network map (ArcMap GeoPDF)", "extraction_method": "geopdf_vector", "georef_max_residual_m": 0.1, "conduit_type": "pipe", "pipe_diameter_mm": 600.0, "diameter_source": "legend_colour", "diameter_candidates_mm": null, "label_diameter_mm": 600.0, "label_agrees": true, "scheme": null, "flow_arrow": "end" }, "geometry": { "type": "LineString", "coordinates": [ [ 88.388903323354299, 22.519489837015328 ], [ 88.389116885356046, 22.519404483887747 ], [ 88.389348804234061, 22.519310407260406 ], [ 88.389470771831569, 22.519287937279934 ], [ 88.389590434007999, 22.519265487346541 ], [ 88.389717011982185, 22.519242977089032 ], [ 88.389795264064261, 22.519229450943978 ], [ 88.389882801272037, 22.519222266687628 ], [ 88.389986454118514, 22.519212801361235 ], [ 88.390126309696484, 22.51913451094206 ], [ 88.390238650700226, 22.519071446366141 ], [ 88.390362432906429, 22.51899971837236 ], [ 88.390346789289509, 22.518817874800305 ], [ 88.390464273518901, 22.518808288744026 ], [ 88.390542589221042, 22.518801184471997 ], [ 88.390630126098728, 22.518793999913566 ], [ 88.390715357595425, 22.518786835282874 ], [ 88.390786757449462, 22.518779791082824 ], [ 88.390844346890702, 22.518775007983422 ], [ 88.390938799540919, 22.518767762974147 ], [ 88.391100041355656, 22.518753513708667 ], [ 88.391263503175466, 22.518730681252642 ], [ 88.391482227607938, 22.518700944553629 ], [ 88.391687141650905, 22.518673468853457 ], [ 88.39187822379246, 22.518646113288092 ], [ 88.392064738090681, 22.518623079230835 ], [ 88.392255862848941, 22.518600004701092 ], [ 88.392499966263316, 22.518572186527553 ], [ 88.392504555448312, 22.518570005611657 ], [ 88.392771668789322, 22.518537704576115 ], [ 88.392817882017411, 22.518779227577639 ], [ 88.392952869712772, 22.518906507104202 ], [ 88.393073897766499, 22.519021062570779 ] ] } },
{ "type": "Feature", "properties": { "ward": 107, "source_sheet": "107_vip bazar.pdf p1", "source": "KMC ward sewerage network map (ArcMap GeoPDF)", "extraction_method": "geopdf_vector", "georef_max_residual_m": 0.1, "conduit_type": "pipe", "pipe_diameter_mm": 600.0, "diameter_source": "legend_colour", "diameter_candidates_mm": null, "label_diameter_mm": 600.0, "label_agrees": true, "scheme": null, "flow_arrow": "end" }, "geometry": { "type": "LineString", "coordinates": [ [ 88.400304364591761, 22.508951145639639 ], [ 88.400311752084093, 22.508998181477914 ], [ 88.400334043161635, 22.509152133482171 ], [ 88.400351316348704, 22.509265451652816 ], [ 88.400356355758333, 22.509308226211868 ] ] } },
{ "type": "Feature", "properties": { "ward": 107, "source_sheet": "107_vip bazar.pdf p1", "source": "KMC ward sewerage network map (ArcMap GeoPDF)", "extraction_method": "geopdf_vector", "georef_max_residual_m": 0.1, "conduit_type": "pipe", "pipe_diameter_mm": 600.0, "diameter_source": "legend_colour", "diameter_candidates_mm": null, "label_diameter_mm": 600.0, "label_agrees": true, "scheme": null, "flow_arrow": "end" }, "geometry": { "type": "LineString", "coordinates": [ [ 88.400731648572673, 22.512019641581194 ], [ 88.400724088970563, 22.511955479842737 ], [ 88.400716508005047, 22.511889177369362 ], [ 88.400706643369645, 22.51182503582806 ], [ 88.400694130017612, 22.511726662491746 ], [ 88.400671666225875, 22.51155558476237 ], [ 88.400651572040388, 22.511390908934281 ], [ 88.400626610045933, 22.511200584608794 ], [ 88.40060673064734, 22.511057316273085 ], [ 88.400591697681477, 22.510937555778494 ], [ 88.400574273756902, 22.510809252454784 ], [ 88.400556935729128, 22.510689512058935 ], [ 88.400544465657234, 22.510595420242051 ], [ 88.400532145757879, 22.510516313646164 ], [ 88.400519847434794, 22.510439347780469 ], [ 88.400509897082259, 22.510366643273048 ], [ 88.400499968300636, 22.510296079407304 ], [ 88.400487669925852, 22.510219113536053 ], [ 88.400477741171287, 22.510148549755769 ], [ 88.400470246225836, 22.510090810180525 ], [ 88.400460338955313, 22.510022387130761 ], [ 88.400450410137523, 22.509951823257349 ], [ 88.400430552636266, 22.509810695682887 ], [ 88.400420731258606, 22.509750835561221 ], [ 88.400413236463919, 22.509693095977422 ], [ 88.400403457931731, 22.509637517410599 ], [ 88.400395898770697, 22.509573355623189 ], [ 88.400388468285954, 22.509522038238241 ], [ 88.4003786684153, 22.509464318932984 ], [ 88.400368675314766, 22.509387332844081 ], [ 88.400356355758333, 22.509308226211868 ] ] } },
{ "type": "Feature", "properties": { "ward": 107, "source_sheet": "107_vip bazar.pdf p1", "source": "KMC ward sewerage network map (ArcMap GeoPDF)", "extraction_method": "geopdf_vector", "georef_max_residual_m": 0.1, "conduit_type": "pipe", "pipe_diameter_mm": 300.0, "diameter_source": "legend_colour", "diameter_candidates_mm": null, "label_diameter_mm": 300.0, "label_agrees": true, "scheme": null, "flow_arrow": "end" }, "geometry": { "type": "LineString", "coordinates": [ [ 88.400141894047678, 22.509301541028712 ], [ 88.400076716398061, 22.509008803967017 ] ] } },
{ "type": "Feature", "properties": { "ward": 107, "source_sheet": "107_vip bazar.pdf p1", "source": "KMC ward sewerage network map (ArcMap GeoPDF)", "extraction_method": "geopdf_vector", "georef_max_residual_m": 0.1, "conduit_type": "pipe", "pipe_diameter_mm": 300.0, "diameter_source": "legend_colour", "diameter_candidates_mm": null, "label_diameter_mm": 300.0, "label_agrees": true, "scheme": null, "flow_arrow": "end" }, "geometry": { "type": "LineString", "coordinates": [ [ 88.399076832379777, 22.509991683517207 ], [ 88.399071771883612, 22.509946768167953 ], [ 88.399064106105456, 22.50987190261537 ], [ 88.39905417800675, 22.509801338617955 ], [ 88.399046619451525, 22.509737176737229 ], [ 88.399041451778942, 22.509681557709715 ], [ 88.398944765180389, 22.509695249436263 ], [ 88.398785904415192, 22.509715908126161 ], [ 88.398631632483799, 22.509734385498398 ], [ 88.398578678960718, 22.509741271583739 ] ] } },
{ "type": "Feature", "properties": { "ward": 107, "source_sheet": "107_vip bazar.pdf p1", "source": "KMC ward sewerage network map (ArcMap GeoPDF)", "extraction_method": "geopdf_vector", "georef_max_residual_m": 0.1, "conduit_type": "pipe", "pipe_diameter_mm": 300.0, "diameter_source": "legend_colour", "diameter_candidates_mm": null, "label_diameter_mm": 300.0, "label_agrees": true, "scheme": null, "flow_arrow": "end" }, "geometry": { "type": "LineString", "coordinates": [ [ 88.39791653355779, 22.510380780410287 ], [ 88.39864649028236, 22.510297321319499 ] ] } },
{ "type": "Feature", "properties": { "ward": 107, "source_sheet": "107_vip bazar.pdf p1", "source": "KMC ward sewerage network map (ArcMap GeoPDF)", "extraction_method": "geopdf_vector", "georef_max_residual_m": 0.1, "conduit_type": "pipe", "pipe_diameter_mm": 300.0, "diameter_source": "legend_colour", "diameter_candidates_mm": null, "label_diameter_mm": 300.0, "label_agrees": true, "scheme": null, "flow_arrow": "end" }, "geometry": { "type": "LineString", "coordinates": [ [ 88.397158669014857, 22.513436098378136 ], [ 88.397143360327235, 22.513288507713632 ], [ 88.397128222900221, 22.513158043020045 ], [ 88.397113171164378, 22.513036141265033 ], [ 88.397149690037409, 22.512999426171337 ] ] } },
{ "type": "Feature", "properties": { "ward": 107, "source_sheet": "107_vip bazar.pdf p1", "source": "KMC ward sewerage network map (ArcMap GeoPDF)", "extraction_method": "geopdf_vector", "georef_max_residual_m": 0.1, "conduit_type": "pipe", "pipe_diameter_mm": 300.0, "diameter_source": "legend_colour", "diameter_candidates_mm": null, "label_diameter_mm": 300.0, "label_agrees": true, "scheme": null, "flow_arrow": "end" }, "geometry": { "type": "LineString", "coordinates": [ [ 88.397030504692538, 22.511685933680329 ], [ 88.396889975512352, 22.511695725580445 ], [ 88.396747141253272, 22.511705537590906 ] ] } },
{ "type": "Feature", "properties": { "ward": 107, "source_sheet": "107_vip bazar.pdf p1", "source": "KMC ward sewerage network map (ArcMap GeoPDF)", "extraction_method": "geopdf_vector", "georef_max_residual_m": 0.1, "conduit_type": "pipe", "pipe_diameter_mm": 300.0, "diameter_source": "legend_colour", "diameter_candidates_mm": null, "label_diameter_mm": 300.0, "label_agrees": true, "scheme": null, "flow_arrow": "end" }, "geometry": { "type": "LineString", "coordinates": [ [ 88.396991245549586, 22.511448632965738 ], [ 88.396836928552503, 22.511462827251055 ], [ 88.39671718878796, 22.511476719247458 ] ] } },
{ "type": "Feature", "properties": { "ward": 107, "source_sheet": "107_vip bazar.pdf p1", "source": "KMC ward sewerage network map (ArcMap GeoPDF)", "extraction_method": "geopdf_vector", "georef_max_residual_m": 0.1, "conduit_type": "pipe", "pipe_diameter_mm": 400.0, "diameter_source": "legend_colour", "diameter_candidates_mm": null, "label_diameter_mm": 400.0, "label_agrees": true, "scheme": null, "flow_arrow": "end" }, "geometry": { "type": "LineString", "coordinates": [ [ 88.398460192026704, 22.512643274725455 ], [ 88.398579932442985, 22.512629381393154 ], [ 88.398731902413374, 22.51261092408604 ], [ 88.398888482657995, 22.512592426287448 ], [ 88.399045062852096, 22.512573928338625 ], [ 88.399190117193044, 22.512555531136631 ], [ 88.399337476552091, 22.512537113625278 ], [ 88.399482530800668, 22.512518716163633 ], [ 88.399611491696518, 22.51250474133948 ], [ 88.399675972084879, 22.512497753934166 ] ] } },
{ "type": "Feature", "properties": { "ward": 107, "source_sheet": "107_vip bazar.pdf p1", "source": "KMC ward sewerage network map (ArcMap GeoPDF)", "extraction_method": "geopdf_vector", "georef_max_residual_m": 0.1, "conduit_type": "pipe", "pipe_diameter_mm": 500.0, "diameter_source": "legend_colour", "diameter_candidates_mm": null, "label_diameter_mm": 500.0, "label_agrees": true, "scheme": null, "flow_arrow": "end" }, "geometry": { "type": "LineString", "coordinates": [ [ 88.399842010900954, 22.510892740457415 ], [ 88.399859262535898, 22.511003917932623 ], [ 88.399876664385474, 22.511130080629211 ], [ 88.399896478686898, 22.511266926890219 ], [ 88.399918791275226, 22.511423019648554 ], [ 88.399945928771871, 22.511600479445534 ], [ 88.399968241490996, 22.511756572185188 ], [ 88.399988141835493, 22.511901981349638 ], [ 88.400003303183695, 22.512034586487186 ], [ 88.4000208984681, 22.512180015829454 ], [ 88.400033411405516, 22.51227838914571 ], [ 88.400053333383156, 22.512425939019028 ], [ 88.400060828243639, 22.512483678600702 ], [ 88.400078423672426, 22.512629107922862 ], [ 88.400088352478036, 22.512699671797204 ], [ 88.400098453068708, 22.51278736153461 ] ] } },
{ "type": "Feature", "properties": { "ward": 107, "source_sheet": "107_vip bazar.pdf p1", "source": "KMC ward sewerage network map (ArcMap GeoPDF)", "extraction_method": "geopdf_vector", "georef_max_residual_m": 0.1, "conduit_type": "pipe", "pipe_diameter_mm": 600.0, "diameter_source": "legend_colour", "diameter_candidates_mm": null, "label_diameter_mm": 600.0, "label_agrees": true, "scheme": null, "flow_arrow": "end" }, "geometry": { "type": "LineString", "coordinates": [ [ 88.400731648572673, 22.512019641581194 ], [ 88.401576955305273, 22.511943721795589 ] ] } },
{ "type": "Feature", "properties": { "ward": 107, "source_sheet": "107_vip bazar.pdf p1", "source": "KMC ward sewerage network map (ArcMap GeoPDF)", "extraction_method": "geopdf_vector", "georef_max_residual_m": 0.1, "conduit_type": "pipe", "pipe_diameter_mm": 300.0, "diameter_source": "legend_colour", "diameter_candidates_mm": null, "label_diameter_mm": 300.0, "label_agrees": true, "scheme": null, "flow_arrow": "end" }, "geometry": { "type": "LineString", "coordinates": [ [ 88.401309728908615, 22.512652572476945 ], [ 88.401229155385209, 22.511974603204202 ] ] } },
{ "type": "Feature", "properties": { "ward": 107, "source_sheet": "107_vip bazar.pdf p1", "source": "KMC ward sewerage network map (ArcMap GeoPDF)", "extraction_method": "geopdf_vector", "georef_max_residual_m": 0.1, "conduit_type": "pipe", "pipe_diameter_mm": 300.0, "diameter_source": "legend_colour", "diameter_candidates_mm": null, "label_diameter_mm": 300.0, "label_agrees": true, "scheme": null, "flow_arrow": "end" }, "geometry": { "type": "LineString", "coordinates": [ [ 88.401072532478679, 22.512678202150227 ], [ 88.400989611892669, 22.511995971442978 ] ] } },
{ "type": "Feature", "properties": { "ward": 107, "source_sheet": "107_vip bazar.pdf p1", "source": "KMC ward sewerage network map (ArcMap GeoPDF)", "extraction_method": "geopdf_vector", "georef_max_residual_m": 0.1, "conduit_type": "pipe", "pipe_diameter_mm": 400.0, "diameter_source": "legend_colour", "diameter_candidates_mm": null, "label_diameter_mm": 400.0, "label_agrees": true, "scheme": null, "flow_arrow": "end" }, "geometry": { "type": "LineString", "coordinates": [ [ 88.395086763887747, 22.510499704284577 ], [ 88.395103968824372, 22.510606600994375 ], [ 88.395123585926356, 22.510724181270735 ], [ 88.395140876549902, 22.510839640923052 ], [ 88.395200788993151, 22.510836977052875 ], [ 88.395316003597287, 22.510831689490924 ], [ 88.395428913052257, 22.510826421971021 ], [ 88.395544106241104, 22.510818993419598 ], [ 88.395654710532582, 22.510813745867932 ], [ 88.395730758984897, 22.510810940909089 ] ] } },
{ "type": "Feature", "properties": { "ward": 107, "source_sheet": "107_vip bazar.pdf p1", "source": "KMC ward sewerage network map (ArcMap GeoPDF)", "extraction_method": "geopdf_vector", "georef_max_residual_m": 0.1, "conduit_type": "pipe", "pipe_diameter_mm": 400.0, "diameter_source": "legend_colour", "diameter_candidates_mm": null, "label_diameter_mm": 400.0, "label_agrees": true, "scheme": null, "flow_arrow": "end" }, "geometry": { "type": "LineString", "coordinates": [ [ 88.39359959270719, 22.511863609006397 ], [ 88.393587148424331, 22.511771657170446 ], [ 88.39357474697438, 22.511683986898962 ], [ 88.393559869433901, 22.511579210629193 ], [ 88.393544885133835, 22.511463730657859 ], [ 88.393529943674167, 22.511352532160615 ], [ 88.393512611576, 22.51123279070935 ], [ 88.393505055351156, 22.511168628454506 ], [ 88.39349519408897, 22.511104486294236 ], [ 88.393490113968738, 22.511057429946391 ], [ 88.393482771328905, 22.511014675263784 ], [ 88.393467723209483, 22.51089277296176 ], [ 88.393457904605981, 22.510832912275639 ], [ 88.393450433956247, 22.51077731306038 ], [ 88.393432973897646, 22.510644727056775 ], [ 88.393418139330151, 22.510544232318765 ], [ 88.393405567306502, 22.51043943591241 ], [ 88.393446738360907, 22.510175741663978 ], [ 88.393453226648177, 22.510132866311245 ] ] } },
{ "type": "Feature", "properties": { "ward": 107, "source_sheet": "107_vip bazar.pdf p1", "source": "KMC ward sewerage network map (ArcMap GeoPDF)", "extraction_method": "geopdf_vector", "georef_max_residual_m": 0.1, "conduit_type": "pipe", "pipe_diameter_mm": 300.0, "diameter_source": "legend_colour", "diameter_candidates_mm": null, "label_diameter_mm": 300.0, "label_agrees": true, "scheme": null, "flow_arrow": "end" }, "geometry": { "type": "LineString", "coordinates": [ [ 88.392839592865073, 22.512403327299101 ], [ 88.39271752530739, 22.512415095727658 ] ] } },
{ "type": "Feature", "properties": { "ward": 107, "source_sheet": "107_vip bazar.pdf p1", "source": "KMC ward sewerage network map (ArcMap GeoPDF)", "extraction_method": "geopdf_vector", "georef_max_residual_m": 0.1, "conduit_type": "pipe", "pipe_diameter_mm": 225.0, "diameter_source": "legend_colour", "diameter_candidates_mm": null, "label_diameter_mm": 225.0, "label_agrees": true, "scheme": null, "flow_arrow": "end" }, "geometry": { "type": "LineString", "coordinates": [ [ 88.393832206844934, 22.512533835073135 ], [ 88.39382223838895, 22.512458989172501 ], [ 88.393812077779728, 22.512364876528423 ], [ 88.393804521325222, 22.512300714306491 ] ] } },
{ "type": "Feature", "properties": { "ward": 107, "source_sheet": "107_vip bazar.pdf p1", "source": "KMC ward sewerage network map (ArcMap GeoPDF)", "extraction_method": "geopdf_vector", "georef_max_residual_m": 0.1, "conduit_type": "pipe", "pipe_diameter_mm": 300.0, "diameter_source": "legend_colour", "diameter_candidates_mm": null, "label_diameter_mm": 300.0, "label_agrees": true, "scheme": null, "flow_arrow": "end" }, "geometry": { "type": "LineString", "coordinates": [ [ 88.394078796585916, 22.512525261587882 ], [ 88.39409583025477, 22.512615032405975 ], [ 88.394115361424554, 22.512724049850846 ], [ 88.394132501987642, 22.512824524353753 ], [ 88.394149557107042, 22.512916435897928 ], [ 88.394161724019099, 22.512980557874609 ], [ 88.394187358905384, 22.513008166465685 ] ] } },
{ "type": "Feature", "properties": { "ward": 107, "source_sheet": "107_vip bazar.pdf p1", "source": "KMC ward sewerage network map (ArcMap GeoPDF)", "extraction_method": "geopdf_vector", "georef_max_residual_m": 0.1, "conduit_type": "pipe", "pipe_diameter_mm": 225.0, "diameter_source": "legend_colour", "diameter_candidates_mm": null, "label_diameter_mm": 225.0, "label_agrees": true, "scheme": null, "flow_arrow": "end" }, "geometry": { "type": "LineString", "coordinates": [ [ 88.393556076781593, 22.512585484433586 ], [ 88.393661986855548, 22.512571715328647 ], [ 88.393784011703758, 22.512555664703143 ], [ 88.393832206844934, 22.512533835073135 ], [ 88.393866912602988, 22.512546377963027 ], [ 88.3939820646318, 22.512534669065836 ], [ 88.394078796585916, 22.512525261587882 ] ] } },
{ "type": "Feature", "properties": { "ward": 107, "source_sheet": "107_vip bazar.pdf p1", "source": "KMC ward sewerage network map (ArcMap GeoPDF)", "extraction_method": "geopdf_vector", "georef_max_residual_m": 0.1, "conduit_type": "pipe", "pipe_diameter_mm": 300.0, "diameter_source": "legend_colour", "diameter_candidates_mm": null, "label_diameter_mm": 300.0, "label_agrees": true, "scheme": null, "flow_arrow": "end" }, "geometry": { "type": "LineString", "coordinates": [ [ 88.393832206844934, 22.512533835073135 ], [ 88.393849603438227, 22.512659998666766 ], [ 88.393864694996168, 22.512786182357477 ], [ 88.393882049030893, 22.512908064372922 ], [ 88.393889477288297, 22.512959382061663 ], [ 88.393894579111603, 22.513008579202932 ], [ 88.393899488560834, 22.513038509427588 ] ] } },
{ "type": "Feature", "properties": { "ward": 107, "source_sheet": "107_vip bazar.pdf p1", "source": "KMC ward sewerage network map (ArcMap GeoPDF)", "extraction_method": "geopdf_vector", "georef_max_residual_m": 0.1, "conduit_type": "pipe", "pipe_diameter_mm": 300.0, "diameter_source": "legend_colour", "diameter_candidates_mm": null, "label_diameter_mm": 300.0, "label_agrees": true, "scheme": null, "flow_arrow": "end" }, "geometry": { "type": "LineString", "coordinates": [ [ 88.394331655168557, 22.511989962621609 ], [ 88.39444450152385, 22.51197827343827 ], [ 88.394552737448834, 22.511966624402614 ], [ 88.394642553486634, 22.511957277033648 ], [ 88.394720865014108, 22.511950170839846 ], [ 88.394799176532246, 22.511943064697544 ], [ 88.394923527184105, 22.511929133863887 ] ] } },
{ "type": "Feature", "properties": { "ward": 107, "source_sheet": "107_vip bazar.pdf p1", "source": "KMC ward sewerage network map (ArcMap GeoPDF)", "extraction_method": "geopdf_vector", "georef_max_residual_m": 0.1, "conduit_type": "pipe", "pipe_diameter_mm": 400.0, "diameter_source": "legend_colour", "diameter_candidates_mm": null, "label_diameter_mm": 400.0, "label_agrees": true, "scheme": null, "flow_arrow": "end" }, "geometry": { "type": "LineString", "coordinates": [ [ 88.39491670376033, 22.511015013322272 ], [ 88.394926843582979, 22.511106985140639 ], [ 88.394937047557974, 22.511205379171699 ], [ 88.394947208890059, 22.51129949172276 ], [ 88.394957263248699, 22.511382900580855 ], [ 88.394858227029275, 22.511392328571841 ], [ 88.394756907023861, 22.51140391744514 ], [ 88.394664807582288, 22.511415425801371 ] ] } },
{ "type": "Feature", "properties": { "ward": 107, "source_sheet": "107_vip bazar.pdf p1", "source": "KMC ward sewerage network map (ArcMap GeoPDF)", "extraction_method": "geopdf_vector", "georef_max_residual_m": 0.1, "conduit_type": "pipe", "pipe_diameter_mm": null, "diameter_source": null, "diameter_candidates_mm": "700|750", "label_diameter_mm": null, "label_agrees": null, "scheme": null, "flow_arrow": "start" }, "geometry": { "type": "LineString", "coordinates": [ [ 88.391672171985832, 22.520409899078953 ], [ 88.391674477284027, 22.520409879000638 ], [ 88.391676782582223, 22.520409858922296 ], [ 88.391679066542395, 22.520407698105046 ], [ 88.391681371840548, 22.520407678026633 ], [ 88.391683655800605, 22.520405517209323 ], [ 88.391685961194767, 22.520405497130007 ], [ 88.391688245154711, 22.520403336312626 ], [ 88.391690550452779, 22.520403316234091 ], [ 88.391692834412623, 22.520401155416657 ], [ 88.391695139710663, 22.520401135338048 ], [ 88.391697423669498, 22.520398974431362 ], [ 88.391699728967495, 22.520398954352693 ], [ 88.391702012927126, 22.520396793535134 ], [ 88.391704318321118, 22.520396773455573 ], [ 88.391706602280635, 22.520394612637954 ], [ 88.391708907578533, 22.520394592559157 ], [ 88.391711191537951, 22.520392431741485 ], [ 88.391713475497284, 22.520390270923773 ], [ 88.391715780795124, 22.520390250844887 ], [ 88.391718064754329, 22.520388090027119 ], [ 88.391720370052127, 22.520388069948169 ], [ 88.391722654011232, 22.52038590913034 ], [ 88.391724959405039, 22.520385889050488 ], [ 88.391727243364045, 22.520383728232598 ], [ 88.391729548661758, 22.520383708153524 ], [ 88.391731832619769, 22.520381547246384 ], [ 88.391734137917439, 22.520381527167231 ], [ 88.391736421876217, 22.520379366349225 ], [ 88.391738705834939, 22.520377205531194 ], [ 88.391741011132524, 22.520377185451952 ], [ 88.391743295187183, 22.520375024633015 ], [ 88.391745600484725, 22.520375004553717 ], [ 88.391747884443234, 22.520372843735554 ], [ 88.391750189740748, 22.520372823656189 ], [ 88.391752473699128, 22.520370662837976 ], [ 88.391754757657452, 22.520368502019725 ], [ 88.391757062954881, 22.520368481940267 ], [ 88.391759346912195, 22.52036632103276 ], [ 88.391761652209595, 22.520366300953231 ], [ 88.391763936263743, 22.520364140134031 ], [ 88.391766241561086, 22.520364120054438 ], [ 88.391768525519083, 22.520361959236016 ], [ 88.391770809477009, 22.520359798417555 ], [ 88.391773114774267, 22.52035977833787 ], [ 88.391775398732094, 22.520357617519355 ], [ 88.391777704029323, 22.520357597439599 ], [ 88.391779987987022, 22.520355436621028 ], [ 88.3917822720407, 22.520353275801583 ], [ 88.391784577337859, 22.520353255721741 ], [ 88.391786861295358, 22.520351094903074 ], [ 88.391789145251934, 22.52034893399518 ], [ 88.391791450548993, 22.520348913915242 ], [ 88.391793734506351, 22.520346753096483 ], [ 88.391796039803367, 22.520346733016492 ], [ 88.391798323760597, 22.520344572197665 ], [ 88.391800607813821, 22.520342411377985 ], [ 88.391802913110766, 22.520342391297884 ], [ 88.391805197067825, 22.520340230478979 ], [ 88.391807481024799, 22.520338069660042 ], [ 88.391809786321673, 22.520338049579856 ], [ 88.391812070278547, 22.520335888760854 ], [ 88.391814354234469, 22.520333727852634 ], [ 88.391816659531258, 22.520333707772345 ], [ 88.391818943487962, 22.520331546953262 ], [ 88.391821227540618, 22.520329386133309 ], [ 88.391823532837336, 22.520329366052927 ], [ 88.391823511497179, 22.520327225314162 ] ] } },
{ "type": "Feature", "properties": { "ward": 107, "source_sheet": "107_vip bazar.pdf p1", "source": "KMC ward sewerage network map (ArcMap GeoPDF)", "extraction_method": "geopdf_vector", "georef_max_residual_m": 0.1, "conduit_type": "pipe", "pipe_diameter_mm": 750.0, "diameter_source": "map_label", "diameter_candidates_mm": null, "label_diameter_mm": 750.0, "label_agrees": null, "scheme": null, "flow_arrow": "end" }, "geometry": { "type": "LineString", "coordinates": [ [ 88.391823511497179, 22.520327225314162 ], [ 88.392040488090785, 22.520121946192624 ], [ 88.392243632307029, 22.519916787322888 ], [ 88.392439817274322, 22.519707407012366 ], [ 88.392642832189495, 22.519489403259385 ], [ 88.39285493945377, 22.519258474292918 ], [ 88.393073897766499, 22.519021062570779 ], [ 88.393361586563273, 22.518740232625508 ], [ 88.393363056860636, 22.518425502179426 ] ] } },
{ "type": "Feature", "properties": { "ward": 107, "source_sheet": "107_vip bazar.pdf p1", "source": "KMC ward sewerage network map (ArcMap GeoPDF)", "extraction_method": "geopdf_vector", "georef_max_residual_m": 0.1, "conduit_type": "box_sewer", "pipe_diameter_mm": null, "diameter_source": null, "diameter_candidates_mm": null, "label_diameter_mm": null, "label_agrees": null, "scheme": null, "flow_arrow": "end" }, "geometry": { "type": "LineString", "coordinates": [ [ 88.392438727064402, 22.52607027734815 ], [ 88.392655434896497, 22.5260683883563 ], [ 88.3928767534873, 22.526066458872393 ], [ 88.39307965029478, 22.526066830646979 ], [ 88.393291747281353, 22.526064981005138 ], [ 88.393522308835728, 22.526065110943737 ], [ 88.393750543509242, 22.526063119930104 ], [ 88.393932114417623, 22.526005871433174 ], [ 88.394095327397366, 22.525957346712289 ], [ 88.394178108013733, 22.525935215011305 ], [ 88.394274614003052, 22.525902258784164 ], [ 88.394387214875337, 22.525864880180009 ], [ 88.394504383870213, 22.525823179692665 ], [ 88.394630731453674, 22.525777117154309 ], [ 88.394747878806427, 22.525733275852012 ], [ 88.394876446124186, 22.525678629973342 ], [ 88.395002643674289, 22.525617581924543 ], [ 88.395098913863848, 22.525561077055293 ], [ 88.395263939157076, 22.525463293905112 ], [ 88.395403754681411, 22.525380717322925 ], [ 88.395575674256293, 22.525280732641829 ], [ 88.395753238303939, 22.525514684089906 ] ] } },
{ "type": "Feature", "properties": { "ward": 107, "source_sheet": "107_vip bazar.pdf p1", "source": "KMC ward sewerage network map (ArcMap GeoPDF)", "extraction_method": "geopdf_vector", "georef_max_residual_m": 0.1, "conduit_type": "pipe", "pipe_diameter_mm": 300.0, "diameter_source": "legend_colour", "diameter_candidates_mm": null, "label_diameter_mm": 300.0, "label_agrees": true, "scheme": null, "flow_arrow": "end" }, "geometry": { "type": "LineString", "coordinates": [ [ 88.394394473490152, 22.527053034924702 ], [ 88.394440325239728, 22.527026943465266 ], [ 88.394483657587969, 22.526979464683613 ], [ 88.394535676891934, 22.526878386760718 ], [ 88.394587653247427, 22.526773027266195 ], [ 88.394644240421982, 22.526667627504576 ], [ 88.394703111521238, 22.526560066953948 ], [ 88.394759655744735, 22.526450385688928 ], [ 88.394811524918182, 22.52633432246029 ], [ 88.39484759846242, 22.52625265195989 ], [ 88.394876777188983, 22.526173182663534 ], [ 88.39490595578846, 22.526093713363665 ], [ 88.39493739705263, 22.526009942460039 ], [ 88.394986725105028, 22.525870351058188 ], [ 88.395005890529362, 22.525711754644021 ], [ 88.395002643674289, 22.525617581924543 ] ] } },
{ "type": "Feature", "properties": { "ward": 107, "source_sheet": "107_vip bazar.pdf p1", "source": "KMC ward sewerage network map (ArcMap GeoPDF)", "extraction_method": "geopdf_vector", "georef_max_residual_m": 0.1, "conduit_type": "pipe", "pipe_diameter_mm": 600.0, "diameter_source": "legend_colour", "diameter_candidates_mm": null, "label_diameter_mm": 600.0, "label_agrees": true, "scheme": null, "flow_arrow": "end" }, "geometry": { "type": "LineString", "coordinates": [ [ 88.396316101614303, 22.523700677491529 ], [ 88.396232366408881, 22.523857697392586 ], [ 88.396169036722597, 22.523980284026266 ], [ 88.396105664012239, 22.524098589082818 ], [ 88.396044575243053, 22.524214733328602 ], [ 88.395995163031685, 22.524345761975002 ], [ 88.395948034782862, 22.524474629731245 ], [ 88.395896424075033, 22.524616382254258 ], [ 88.395908207882698, 22.52464197043739 ], [ 88.395844877489779, 22.524764556965383 ], [ 88.395774738010005, 22.524897907563709 ], [ 88.395702335745014, 22.52503555983402 ], [ 88.395638983698532, 22.525156005558632 ], [ 88.395575674256293, 22.525280732641829 ] ] } },
{ "type": "Feature", "properties": { "ward": 107, "source_sheet": "107_vip bazar.pdf p1", "source": "KMC ward sewerage network map (ArcMap GeoPDF)", "extraction_method": "geopdf_vector", "georef_max_residual_m": 0.1, "conduit_type": "pipe", "pipe_diameter_mm": 600.0, "diameter_source": "legend_colour", "diameter_candidates_mm": null, "label_diameter_mm": 600.0, "label_agrees": true, "scheme": "KEIIP", "flow_arrow": "end" }, "geometry": { "type": "LineString", "coordinates": [ [ 88.396753599261942, 22.52157090699917 ], [ 88.396944576999317, 22.521532841606799 ], [ 88.397158543551754, 22.521488152126185 ], [ 88.39738403659527, 22.521443361562689 ], [ 88.397627929085019, 22.521394127999073 ], [ 88.397690044211174, 22.521380739057115 ] ] } },
{ "type": "Feature", "properties": { "ward": 107, "source_sheet": "107_vip bazar.pdf p1", "source": "KMC ward sewerage network map (ArcMap GeoPDF)", "extraction_method": "geopdf_vector", "georef_max_residual_m": 0.1, "conduit_type": "pipe", "pipe_diameter_mm": 400.0, "diameter_source": "legend_colour", "diameter_candidates_mm": null, "label_diameter_mm": 400.0, "label_agrees": true, "scheme": null, "flow_arrow": "end" }, "geometry": { "type": "LineString", "coordinates": [ [ 88.394578659525934, 22.521949581703467 ], [ 88.394654329171189, 22.521908243435572 ], [ 88.394743766621872, 22.521860362185876 ], [ 88.39489536233549, 22.521803374564779 ], [ 88.395042368577933, 22.521748567709288 ], [ 88.395189353401221, 22.521691620078045 ], [ 88.395382530172711, 22.521642832614969 ], [ 88.395536815849269, 22.521624357690403 ], [ 88.395656564373752, 22.521610466140388 ], [ 88.395831597882264, 22.52159180970763 ], [ 88.395935380382483, 22.521595184890732 ], [ 88.396039162788668, 22.52159856009667 ], [ 88.396142966603136, 22.521604075880717 ], [ 88.396244443794743, 22.521607471006934 ], [ 88.396341310264489, 22.521610906362124 ], [ 88.396433566109508, 22.52161438204298 ], [ 88.396523516545656, 22.521617877731149 ] ] } },
{ "type": "Feature", "properties": { "ward": 107, "source_sheet": "107_vip bazar.pdf p1", "source": "KMC ward sewerage network map (ArcMap GeoPDF)", "extraction_method": "geopdf_vector", "georef_max_residual_m": 0.1, "conduit_type": "pipe", "pipe_diameter_mm": 300.0, "diameter_source": "legend_colour", "diameter_candidates_mm": null, "label_diameter_mm": 300.0, "label_agrees": true, "scheme": null, "flow_arrow": "end" }, "geometry": { "type": "LineString", "coordinates": [ [ 88.395157232807748, 22.523783593013846 ], [ 88.395012315930103, 22.523816972411034 ], [ 88.394878904345262, 22.523848110311011 ], [ 88.394724787201056, 22.523883710700002 ], [ 88.394584480800603, 22.523917049472082 ], [ 88.394434974197424, 22.523952609344907 ], [ 88.394296951616752, 22.523983787016668 ], [ 88.394172739720617, 22.524012703135298 ], [ 88.394055443931862, 22.524041558813487 ], [ 88.393928926661999, 22.52407049477431 ], [ 88.3938070199534, 22.524099390504425 ] ] } },
{ "type": "Feature", "properties": { "ward": 107, "source_sheet": "107_vip bazar.pdf p1", "source": "KMC ward sewerage network map (ArcMap GeoPDF)", "extraction_method": "geopdf_vector", "georef_max_residual_m": 0.1, "conduit_type": "pipe", "pipe_diameter_mm": 450.0, "diameter_source": "legend_colour", "diameter_candidates_mm": null, "label_diameter_mm": 450.0, "label_agrees": true, "scheme": null, "flow_arrow": "end" }, "geometry": { "type": "LineString", "coordinates": [ [ 88.393469135142894, 22.524202961758107 ], [ 88.393570272234314, 22.524172106520677 ], [ 88.39368058806042, 22.524136889308441 ], [ 88.3938070199534, 22.524099390504425 ], [ 88.393770964677657, 22.523951980593715 ], [ 88.393737171996051, 22.523800268997199 ], [ 88.393703486261671, 22.52365926115711 ], [ 88.393664976188248, 22.523496886071442 ] ] } },
{ "type": "Feature", "properties": { "ward": 107, "source_sheet": "107_vip bazar.pdf p1", "source": "KMC ward sewerage network map (ArcMap GeoPDF)", "extraction_method": "geopdf_vector", "georef_max_residual_m": 0.1, "conduit_type": "pipe", "pipe_diameter_mm": 225.0, "diameter_source": "legend_colour", "diameter_candidates_mm": null, "label_diameter_mm": 225.0, "label_agrees": true, "scheme": null, "flow_arrow": "end" }, "geometry": { "type": "LineString", "coordinates": [ [ 88.393317244126266, 22.524923640576379 ], [ 88.393290581418597, 22.524793276025655 ], [ 88.393264047067376, 22.524675756061256 ], [ 88.393227842514776, 22.524513360774584 ], [ 88.393191723519465, 22.524359528418099 ], [ 88.393160279524622, 22.524212078139008 ] ] } },
{ "type": "Feature", "properties": { "ward": 107, "source_sheet": "107_vip bazar.pdf p1", "source": "KMC ward sewerage network map (ArcMap GeoPDF)", "extraction_method": "geopdf_vector", "georef_max_residual_m": 0.1, "conduit_type": "pipe", "pipe_diameter_mm": 225.0, "diameter_source": "legend_colour", "diameter_candidates_mm": null, "label_diameter_mm": 225.0, "label_agrees": true, "scheme": null, "flow_arrow": "end" }, "geometry": { "type": "LineString", "coordinates": [ [ 88.392405657525714, 22.525066467003022 ], [ 88.392374876115667, 22.524985379753609 ], [ 88.392351096273686, 22.524912795257986 ], [ 88.392107259291578, 22.524968443512378 ] ] } },
{ "type": "Feature", "properties": { "ward": 107, "source_sheet": "107_vip bazar.pdf p1", "source": "KMC ward sewerage network map (ArcMap GeoPDF)", "extraction_method": "geopdf_vector", "georef_max_residual_m": 0.1, "conduit_type": "pipe", "pipe_diameter_mm": 225.0, "diameter_source": "legend_colour", "diameter_candidates_mm": null, "label_diameter_mm": 225.0, "label_agrees": true, "scheme": null, "flow_arrow": "end" }, "geometry": { "type": "LineString", "coordinates": [ [ 88.392225176119808, 22.525232891969797 ], [ 88.392189805272679, 22.525153985601424 ], [ 88.392152107742561, 22.525072958574388 ], [ 88.392107259291578, 22.524968443512378 ] ] } },
{ "type": "Feature", "properties": { "ward": 107, "source_sheet": "107_vip bazar.pdf p1", "source": "KMC ward sewerage network map (ArcMap GeoPDF)", "extraction_method": "geopdf_vector", "georef_max_residual_m": 0.1, "conduit_type": "pipe", "pipe_diameter_mm": 750.0, "diameter_source": "map_label", "diameter_candidates_mm": null, "label_diameter_mm": 750.0, "label_agrees": null, "scheme": null, "flow_arrow": "end" }, "geometry": { "type": "LineString", "coordinates": [ [ 88.392456732925325, 22.523483870637655 ], [ 88.392411714657541, 22.523593450706173 ], [ 88.39235764582709, 22.523720237115345 ], [ 88.392151956357893, 22.523901868194024 ], [ 88.392018074412348, 22.52411712826024 ], [ 88.391890339716426, 22.524255261064273 ], [ 88.391730222857518, 22.524382971157934 ], [ 88.391560926821384, 22.52451504290261 ], [ 88.391387339794733, 22.524679265887471 ], [ 88.391229719372248, 22.524826222178756 ], [ 88.391126467748009, 22.524876362890197 ], [ 88.391011774506737, 22.524935166766276 ], [ 88.390910828186946, 22.524985287184041 ], [ 88.390816776589347, 22.525033206593815 ], [ 88.390674567754516, 22.525107236427719 ] ] } },
{ "type": "Feature", "properties": { "ward": 107, "source_sheet": "107_vip bazar.pdf p1", "source": "KMC ward sewerage network map (ArcMap GeoPDF)", "extraction_method": "geopdf_vector", "georef_max_residual_m": 0.1, "conduit_type": "pipe", "pipe_diameter_mm": 300.0, "diameter_source": "legend_colour", "diameter_candidates_mm": null, "label_diameter_mm": 300.0, "label_agrees": true, "scheme": null, "flow_arrow": "end" }, "geometry": { "type": "LineString", "coordinates": [ [ 88.392015215158168, 22.525448815027843 ], [ 88.391977368201552, 22.525352802711467 ], [ 88.391930129010305, 22.525239744738805 ], [ 88.391868780048299, 22.525098977493371 ], [ 88.39178894544429, 22.524954089412834 ], [ 88.391737181092907, 22.524849634482159 ] ] } },
{ "type": "Feature", "properties": { "ward": 107, "source_sheet": "107_vip bazar.pdf p1", "source": "KMC ward sewerage network map (ArcMap GeoPDF)", "extraction_method": "geopdf_vector", "georef_max_residual_m": 0.1, "conduit_type": "pipe", "pipe_diameter_mm": 600.0, "diameter_source": "legend_colour", "diameter_candidates_mm": null, "label_diameter_mm": 600.0, "label_agrees": true, "scheme": null, "flow_arrow": "end" }, "geometry": { "type": "LineString", "coordinates": [ [ 88.393664976188248, 22.523496886071442 ], [ 88.39351777518975, 22.523532424972618 ], [ 88.393347563162195, 22.523572446357623 ], [ 88.393046265847076, 22.523645724504554 ], [ 88.392896566811316, 22.523662016233242 ], [ 88.392758373227096, 22.523676066604036 ], [ 88.39260867420542, 22.523692358067361 ], [ 88.392477396602985, 22.523706347827073 ], [ 88.39235764582709, 22.523720237115345 ] ] } },
{ "type": "Feature", "properties": { "ward": 107, "source_sheet": "107_vip bazar.pdf p1", "source": "KMC ward sewerage network map (ArcMap GeoPDF)", "extraction_method": "geopdf_vector", "georef_max_residual_m": 0.1, "conduit_type": "pipe", "pipe_diameter_mm": 900.0, "diameter_source": "legend_colour", "diameter_candidates_mm": null, "label_diameter_mm": 900.0, "label_agrees": true, "scheme": null, "flow_arrow": "end" }, "geometry": { "type": "LineString", "coordinates": [ [ 88.394016267540621, 22.520580009039811 ], [ 88.394198276786895, 22.520336495396286 ], [ 88.394431130266085, 22.520105383411412 ], [ 88.394628081819874, 22.519973067545592 ], [ 88.394727483439368, 22.519768811116496 ], [ 88.394919203437738, 22.519574453464877 ], [ 88.395043534837598, 22.519327160599804 ], [ 88.395277497641558, 22.519207366413291 ], [ 88.39560804658106, 22.519063178140261 ], [ 88.395804888509034, 22.518920157182531 ], [ 88.395851801400582, 22.51876988202579 ], [ 88.395894253382991, 22.518634632370887 ], [ 88.395950130322447, 22.518458587547784 ] ] } },
{ "type": "Feature", "properties": { "ward": 107, "source_sheet": "107_vip bazar.pdf p1", "source": "KMC ward sewerage network map (ArcMap GeoPDF)", "extraction_method": "geopdf_vector", "georef_max_residual_m": 0.1, "conduit_type": "pipe", "pipe_diameter_mm": 900.0, "diameter_source": "legend_colour", "diameter_candidates_mm": null, "label_diameter_mm": 900.0, "label_agrees": true, "scheme": null, "flow_arrow": "end" }, "geometry": { "type": "LineString", "coordinates": [ [ 88.395804888509034, 22.518920157182531 ], [ 88.395887835884139, 22.518915150782302 ], [ 88.395970783154723, 22.518910144340452 ], [ 88.396232707485368, 22.518820077640459 ], [ 88.396414224999674, 22.518758545444555 ], [ 88.396555739011873, 22.518616007092636 ], [ 88.396601352095288, 22.518566366979865 ], [ 88.39662867274491, 22.518531873183612 ] ] } },
{ "type": "Feature", "properties": { "ward": 107, "source_sheet": "107_vip bazar.pdf p1", "source": "KMC ward sewerage network map (ArcMap GeoPDF)", "extraction_method": "geopdf_vector", "georef_max_residual_m": 0.1, "conduit_type": "pipe", "pipe_diameter_mm": 600.0, "diameter_source": "legend_colour", "diameter_candidates_mm": null, "label_diameter_mm": 600.0, "label_agrees": true, "scheme": null, "flow_arrow": "end" }, "geometry": { "type": "LineString", "coordinates": [ [ 88.392998548199046, 22.52232946536634 ], [ 88.393009540922961, 22.522275846174075 ], [ 88.39302277488369, 22.522215784581299 ], [ 88.393038228716136, 22.522147139850393 ], [ 88.393057267853095, 22.521975699088209 ], [ 88.393078377301123, 22.521780689845876 ], [ 88.393090073191587, 22.521566494362304 ], [ 88.393101640802783, 22.521339454361843 ], [ 88.393204782272946, 22.521278608844426 ], [ 88.393328585982204, 22.521209019304326 ], [ 88.393466136046783, 22.521130746187847 ], [ 88.393532178410666, 22.521048814596334 ], [ 88.393602788477324, 22.520962561384184 ], [ 88.393662617391684, 22.520720113882717 ], [ 88.393915517843979, 22.520649397873857 ], [ 88.394016267540621, 22.520580009039811 ] ] } },
{ "type": "Feature", "properties": { "ward": 107, "source_sheet": "107_vip bazar.pdf p1", "source": "KMC ward sewerage network map (ArcMap GeoPDF)", "extraction_method": "geopdf_vector", "georef_max_residual_m": 0.1, "conduit_type": "pipe", "pipe_diameter_mm": 600.0, "diameter_source": "legend_colour", "diameter_candidates_mm": null, "label_diameter_mm": 600.0, "label_agrees": true, "scheme": null, "flow_arrow": "end" }, "geometry": { "type": "LineString", "coordinates": [ [ 88.392998548199046, 22.52232946536634 ], [ 88.392935643394566, 22.522494865781145 ], [ 88.392783917886746, 22.522539007206451 ], [ 88.392731044544504, 22.52255445465795 ], [ 88.392675865760495, 22.522569922187973 ], [ 88.392625980991596, 22.522653853466583 ], [ 88.392615521972843, 22.522760991431085 ], [ 88.392602779055622, 22.522870290224578 ], [ 88.392590014672479, 22.522977448280109 ], [ 88.392590976655299, 22.523305002967437 ], [ 88.392524996781418, 22.5233933564447 ], [ 88.392456732925325, 22.523483870637655 ] ] } },
{ "type": "Feature", "properties": { "ward": 107, "source_sheet": "107_vip bazar.pdf p1", "source": "KMC ward sewerage network map (ArcMap GeoPDF)", "extraction_method": "geopdf_vector", "georef_max_residual_m": 0.1, "conduit_type": "pipe", "pipe_diameter_mm": 400.0, "diameter_source": "legend_colour", "diameter_candidates_mm": null, "label_diameter_mm": 400.0, "label_agrees": true, "scheme": "KEIIP", "flow_arrow": "end" }, "geometry": { "type": "LineString", "coordinates": [ [ 88.394701327677126, 22.527996648583184 ], [ 88.39458855398405, 22.528016901608051 ], [ 88.394457379558517, 22.528041596933349 ], [ 88.39433771090232, 22.528064050804755 ], [ 88.394204252338966, 22.528090906874628 ], [ 88.39405926650312, 22.528117863432236 ], [ 88.39390734294922, 22.52814273938845 ], [ 88.393813269130504, 22.528188519851717 ], [ 88.393678231721509, 22.528288180956615 ], [ 88.39356612024622, 22.528374796426405 ] ] } },
{ "type": "Feature", "properties": { "ward": 107, "source_sheet": "107_vip bazar.pdf p1", "source": "KMC ward sewerage network map (ArcMap GeoPDF)", "extraction_method": "geopdf_vector", "georef_max_residual_m": 0.1, "conduit_type": "pipe", "pipe_diameter_mm": 1000.0, "diameter_source": "legend_colour", "diameter_candidates_mm": null, "label_diameter_mm": 1000.0, "label_agrees": true, "scheme": "KEIIP", "flow_arrow": "end" }, "geometry": { "type": "LineString", "coordinates": [ [ 88.393615233444919, 22.52798257709529 ], [ 88.393547136176991, 22.527858996991533 ], [ 88.393474299861666, 22.527722612571399 ], [ 88.393457071807092, 22.527613575217075 ], [ 88.393442234786363, 22.527513080778427 ], [ 88.393422615890813, 22.527395500582852 ], [ 88.393405195584364, 22.527267196506113 ], [ 88.39349956826905, 22.527251386774299 ], [ 88.393600835782905, 22.527233375918158 ], [ 88.393715914440065, 22.52721310349536 ], [ 88.393824076834008, 22.527192891425614 ], [ 88.393934458983964, 22.52716409613992 ], [ 88.39404714658842, 22.52713528075115 ], [ 88.394162118164417, 22.52710430434216 ], [ 88.394286290020261, 22.527071106632956 ], [ 88.394394473490152, 22.527053034924702 ], [ 88.394379849746258, 22.526973948032904 ], [ 88.394362877749074, 22.526890599702686 ], [ 88.394348189791756, 22.526805090601311 ], [ 88.394333587397924, 22.526728144435896 ], [ 88.394314181756627, 22.526631971807877 ], [ 88.394294647836318, 22.526522954676665 ], [ 88.394275263643109, 22.526428922773665 ], [ 88.394255815327796, 22.526328468661077 ], [ 88.394236409811882, 22.52623229601349 ], [ 88.394216897505927, 22.526125419595861 ], [ 88.394197534818858, 22.526033528408597 ], [ 88.394187821364326, 22.525984371710987 ], [ 88.394178108013733, 22.525935215011305 ] ] } },
{ "type": "Feature", "properties": { "ward": 107, "source_sheet": "107_vip bazar.pdf p1", "source": "KMC ward sewerage network map (ArcMap GeoPDF)", "extraction_method": "geopdf_vector", "georef_max_residual_m": 0.1, "conduit_type": "pipe", "pipe_diameter_mm": 300.0, "diameter_source": "legend_colour", "diameter_candidates_mm": null, "label_diameter_mm": 300.0, "label_agrees": true, "scheme": null, "flow_arrow": "end" }, "geometry": { "type": "LineString", "coordinates": [ [ 88.395721729229606, 22.519826498882686 ], [ 88.395816010863427, 22.519802125018145 ], [ 88.395928692115888, 22.519773308519355 ], [ 88.396048289262822, 22.519744431611265 ], [ 88.396163275693695, 22.51971559481246 ], [ 88.39628287263568, 22.519686717646479 ], [ 88.396320892007267, 22.519799854910854 ], [ 88.396440488981142, 22.519770977626017 ], [ 88.396548559393679, 22.519742201082938 ], [ 88.396572940007161, 22.51987472586076 ], [ 88.396599754346298, 22.520020074978877 ], [ 88.396624006492956, 22.520139755333815 ] ] } },
{ "type": "Feature", "properties": { "ward": 107, "source_sheet": "107_vip bazar.pdf p1", "source": "KMC ward sewerage network map (ArcMap GeoPDF)", "extraction_method": "geopdf_vector", "georef_max_residual_m": 0.1, "conduit_type": "pipe", "pipe_diameter_mm": 300.0, "diameter_source": "legend_colour", "diameter_candidates_mm": null, "label_diameter_mm": 300.0, "label_agrees": true, "scheme": null, "flow_arrow": "end" }, "geometry": { "type": "LineString", "coordinates": [ [ 88.391936662922902, 22.520807950355927 ], [ 88.391949171309832, 22.520906324538434 ], [ 88.39196167971761, 22.521004698628705 ], [ 88.391974145364486, 22.52109879123994 ], [ 88.391987208752184, 22.521252824789631 ], [ 88.392005053562272, 22.52142394425108 ], [ 88.392015640867029, 22.52156087196791 ], [ 88.391976642381749, 22.521580480129693 ], [ 88.391991584282465, 22.521691678640586 ], [ 88.392006398048096, 22.521790032629777 ], [ 88.392018842577926, 22.521881984484537 ], [ 88.392033635141814, 22.521978197727996 ] ] } },
{ "type": "Feature", "properties": { "ward": 107, "source_sheet": "107_vip bazar.pdf p1", "source": "KMC ward sewerage network map (ArcMap GeoPDF)", "extraction_method": "geopdf_vector", "georef_max_residual_m": 0.1, "conduit_type": "pipe", "pipe_diameter_mm": 450.0, "diameter_source": "legend_colour", "diameter_candidates_mm": null, "label_diameter_mm": 450.0, "label_agrees": true, "scheme": null, "flow_arrow": "end" }, "geometry": { "type": "LineString", "coordinates": [ [ 88.390904551772081, 22.52227277533887 ], [ 88.391021868208469, 22.522246062821882 ], [ 88.391162152744755, 22.52221058636259 ], [ 88.391288669046929, 22.522181652627101 ], [ 88.391438153410149, 22.522143954897718 ], [ 88.391615173664661, 22.522093171657211 ], [ 88.39176459380532, 22.522049051507537 ], [ 88.391888761797617, 22.522015855828688 ], [ 88.392033635141814, 22.521978197727996 ], [ 88.392201924545006, 22.521976731444123 ], [ 88.392333285962764, 22.521971304938951 ], [ 88.392441594035503, 22.521966079235703 ], [ 88.392570650098449, 22.521960672539148 ] ] } },
{ "type": "Feature", "properties": { "ward": 107, "source_sheet": "107_vip bazar.pdf p1", "source": "KMC ward sewerage network map (ArcMap GeoPDF)", "extraction_method": "geopdf_vector", "georef_max_residual_m": 0.1, "conduit_type": "pipe", "pipe_diameter_mm": 600.0, "diameter_source": "legend_colour", "diameter_candidates_mm": null, "label_diameter_mm": 600.0, "label_agrees": true, "scheme": null, "flow_arrow": "end" }, "geometry": { "type": "LineString", "coordinates": [ [ 88.392570650098449, 22.521960672539148 ], [ 88.392583714186699, 22.522114706076906 ], [ 88.392594430373634, 22.522264478226422 ], [ 88.392607494535568, 22.52241851166464 ], [ 88.392620473414127, 22.522563982236061 ], [ 88.392625980991596, 22.522653853466583 ] ] } },
{ "type": "Feature", "properties": { "ward": 107, "source_sheet": "107_vip bazar.pdf p1", "source": "KMC ward sewerage network map (ArcMap GeoPDF)", "extraction_method": "geopdf_vector", "georef_max_residual_m": 0.1, "conduit_type": "pipe", "pipe_diameter_mm": 400.0, "diameter_source": "legend_colour", "diameter_candidates_mm": null, "label_diameter_mm": 400.0, "label_agrees": true, "scheme": "KEIIP", "flow_arrow": "end" }, "geometry": { "type": "LineString", "coordinates": [ [ 88.391582662674324, 22.522532346798489 ], [ 88.39139413642279, 22.522585371149894 ], [ 88.391267683787575, 22.522620727289546 ], [ 88.391134314979553, 22.522656143640532 ], [ 88.391026240904367, 22.52268491670992 ], [ 88.390918188206172, 22.5227158305362 ], [ 88.390830798186542, 22.522738000723606 ], [ 88.390743429557716, 22.522762311513979 ], [ 88.390656060799728, 22.522786622259229 ] ] } },
{ "type": "Feature", "properties": { "ward": 107, "source_sheet": "107_vip bazar.pdf p1", "source": "KMC ward sewerage network map (ArcMap GeoPDF)", "extraction_method": "geopdf_vector", "georef_max_residual_m": 0.1, "conduit_type": "pipe", "pipe_diameter_mm": 400.0, "diameter_source": "legend_colour", "diameter_candidates_mm": null, "label_diameter_mm": 400.0, "label_agrees": true, "scheme": null, "flow_arrow": "end" }, "geometry": { "type": "LineString", "coordinates": [ [ 88.389277789368236, 22.520283010746404 ], [ 88.389283358516977, 22.5203793045422 ], [ 88.389288863869552, 22.520469176112357 ], [ 88.389294369135698, 22.520559047592638 ], [ 88.389302328830354, 22.520663884392047 ], [ 88.389310501561837, 22.520790128687679 ], [ 88.389316347799806, 22.520914252283497 ], [ 88.389326932395292, 22.521051180232224 ], [ 88.389332650759499, 22.52116245928903 ], [ 88.389340674548947, 22.52127371829722 ], [ 88.389346329034339, 22.521378575127308 ], [ 88.389351962228702, 22.521481291125539 ], [ 88.389359879549161, 22.521581846423416 ] ] } },
{ "type": "Feature", "properties": { "ward": 107, "source_sheet": "107_vip bazar.pdf p1", "source": "KMC ward sewerage network map (ArcMap GeoPDF)", "extraction_method": "geopdf_vector", "georef_max_residual_m": 0.1, "conduit_type": "pipe", "pipe_diameter_mm": 300.0, "diameter_source": "legend_colour", "diameter_candidates_mm": null, "label_diameter_mm": 300.0, "label_agrees": true, "scheme": null, "flow_arrow": "end" }, "geometry": { "type": "LineString", "coordinates": [ [ 88.389383733488941, 22.522125437193218 ], [ 88.389496631163809, 22.522118032626896 ], [ 88.389625666312241, 22.522110487538992 ], [ 88.389752396113352, 22.522102962489761 ], [ 88.389879125797975, 22.522095437253054 ], [ 88.39001736088413, 22.522085670986023 ], [ 88.390151006605535, 22.522078085456933 ], [ 88.39028002033254, 22.52206839910825 ], [ 88.390372191254585, 22.522063315208374 ], [ 88.3904413087064, 22.52205843179069 ] ] } },
{ "type": "Feature", "properties": { "ward": 107, "source_sheet": "107_vip bazar.pdf p1", "source": "KMC ward sewerage network map (ArcMap GeoPDF)", "extraction_method": "geopdf_vector", "georef_max_residual_m": 0.1, "conduit_type": "pipe", "pipe_diameter_mm": 300.0, "diameter_source": "legend_colour", "diameter_candidates_mm": null, "label_diameter_mm": 300.0, "label_agrees": true, "scheme": null, "flow_arrow": "end" }, "geometry": { "type": "LineString", "coordinates": [ [ 88.389383733488941, 22.522125437193218 ], [ 88.389284646373198, 22.522130580668449 ], [ 88.389201696744408, 22.522135583860798 ], [ 88.38910952569249, 22.522140667094799 ], [ 88.389012743971577, 22.522145790359748 ], [ 88.388999705120852, 22.521993897162936 ], [ 88.388989141921698, 22.521859109848165 ], [ 88.388980905468102, 22.52172644331797 ], [ 88.388970448811293, 22.521602359789998 ] ] } },
{ "type": "Feature", "properties": { "ward": 107, "source_sheet": "107_vip bazar.pdf p1", "source": "KMC ward sewerage network map (ArcMap GeoPDF)", "extraction_method": "geopdf_vector", "georef_max_residual_m": 0.1, "conduit_type": "pipe", "pipe_diameter_mm": 400.0, "diameter_source": "legend_colour", "diameter_candidates_mm": null, "label_diameter_mm": 400.0, "label_agrees": true, "scheme": null, "flow_arrow": "end" }, "geometry": { "type": "LineString", "coordinates": [ [ 88.3904413087064, 22.52205843179069 ], [ 88.390415011920325, 22.521964459483701 ], [ 88.390386345888871, 22.521864084833297 ], [ 88.390352877291662, 22.52174448363893 ], [ 88.390326516679167, 22.52164408891019 ], [ 88.390295460104369, 22.521535171334627 ], [ 88.390284831856974, 22.521393961938671 ], [ 88.390276807301476, 22.521282703017686 ], [ 88.390268889446503, 22.521182147882303 ], [ 88.390263426137409, 22.521096557955154 ], [ 88.390255550847982, 22.521000284296697 ], [ 88.390247739618886, 22.520910432855498 ], [ 88.390239800504716, 22.520807736882766 ], [ 88.390231925259656, 22.520711463218156 ], [ 88.390223964862173, 22.520606626590062 ] ] } },
{ "type": "Feature", "properties": { "ward": 107, "source_sheet": "107_vip bazar.pdf p1", "source": "KMC ward sewerage network map (ArcMap GeoPDF)", "extraction_method": "geopdf_vector", "georef_max_residual_m": 0.1, "conduit_type": "pipe", "pipe_diameter_mm": 400.0, "diameter_source": "legend_colour", "diameter_candidates_mm": null, "label_diameter_mm": 400.0, "label_agrees": true, "scheme": null, "flow_arrow": "end" }, "geometry": { "type": "LineString", "coordinates": [ [ 88.387744217405924, 22.521865645797742 ], [ 88.387836260688516, 22.52184771881112 ], [ 88.387930587988066, 22.521827631005205 ], [ 88.388040903546042, 22.521792417582695 ], [ 88.388144324454089, 22.521759405004211 ], [ 88.388252355860303, 22.521726352301645 ], [ 88.388507481622653, 22.521647061571407 ], [ 88.388659463186755, 22.52162861322881 ], [ 88.388804550130558, 22.521612365599889 ], [ 88.388970448811293, 22.521602359789998 ], [ 88.389104115476826, 22.521596915891394 ], [ 88.38922392890187, 22.521589451318281 ], [ 88.389359879549161, 22.521581846423416 ], [ 88.389578800757093, 22.521571378828085 ], [ 88.389758531297772, 22.521561251913848 ], [ 88.389952115121318, 22.521553145123168 ], [ 88.39012031899432, 22.521543118080082 ], [ 88.390295460104369, 22.521535171334627 ] ] } },
{ "type": "Feature", "properties": { "ward": 107, "source_sheet": "107_vip bazar.pdf p1", "source": "KMC ward sewerage network map (ArcMap GeoPDF)", "extraction_method": "geopdf_vector", "georef_max_residual_m": 0.1, "conduit_type": "pipe", "pipe_diameter_mm": 225.0, "diameter_source": "legend_colour", "diameter_candidates_mm": null, "label_diameter_mm": 225.0, "label_agrees": true, "scheme": null, "flow_arrow": "end" }, "geometry": { "type": "LineString", "coordinates": [ [ 88.390362432906429, 22.51899971837236 ], [ 88.390477825193443, 22.51901155993901 ], [ 88.390617906743572, 22.519650481352265 ], [ 88.390647190714688, 22.519812937729874 ] ] } },
{ "type": "Feature", "properties": { "ward": 107, "source_sheet": "107_vip bazar.pdf p1", "source": "KMC ward sewerage network map (ArcMap GeoPDF)", "extraction_method": "geopdf_vector", "georef_max_residual_m": 0.1, "conduit_type": "pipe", "pipe_diameter_mm": 450.0, "diameter_source": "legend_colour", "diameter_candidates_mm": null, "label_diameter_mm": 450.0, "label_agrees": true, "scheme": null, "flow_arrow": "end" }, "geometry": { "type": "LineString", "coordinates": [ [ 88.387568455425196, 22.519955313488492 ], [ 88.387692558938895, 22.519915698854799 ], [ 88.387816662472048, 22.51987608403876 ], [ 88.387922387238049, 22.519843051642713 ], [ 88.388025806754413, 22.519810039204387 ], [ 88.388117720852648, 22.519779267580702 ], [ 88.388209656288325, 22.51975063673704 ], [ 88.388301591682492, 22.519722005753472 ], [ 88.388398116328375, 22.519691193915563 ], [ 88.388494619640269, 22.519658241279831 ], [ 88.388607238727033, 22.519623007610186 ], [ 88.388754117777154, 22.519555362024974 ], [ 88.388903323354299, 22.519489837015328 ] ] } },
{ "type": "Feature", "properties": { "ward": 107, "source_sheet": "107_vip bazar.pdf p1", "source": "KMC ward sewerage network map (ArcMap GeoPDF)", "extraction_method": "geopdf_vector", "georef_max_residual_m": 0.1, "conduit_type": "pipe", "pipe_diameter_mm": 600.0, "diameter_source": "legend_colour", "diameter_candidates_mm": null, "label_diameter_mm": 600.0, "label_agrees": true, "scheme": "KEIIP", "flow_arrow": "end" }, "geometry": { "type": "LineString", "coordinates": [ [ 88.390774719277942, 22.523125998393322 ], [ 88.390789319223231, 22.523202945033905 ], [ 88.390801571088431, 22.523275630173703 ], [ 88.39073740497544, 22.523314725642649 ], [ 88.390731341999242, 22.52340041584873 ], [ 88.390723101532657, 22.523498970644969 ], [ 88.39071479717488, 22.523591103222646 ], [ 88.390613617013472, 22.523617675201038 ], [ 88.390503215493084, 22.52364432728498 ], [ 88.390387947263349, 22.523645330461957 ], [ 88.390284205793378, 22.523646233251203 ], [ 88.390175853707461, 22.52364717609203 ] ] } },
{ "type": "Feature", "properties": { "ward": 107, "source_sheet": "107_vip bazar.pdf p1", "source": "KMC ward sewerage network map (ArcMap GeoPDF)", "extraction_method": "geopdf_vector", "georef_max_residual_m": 0.1, "conduit_type": "pipe", "pipe_diameter_mm": 300.0, "diameter_source": "legend_colour", "diameter_candidates_mm": null, "label_diameter_mm": 300.0, "label_agrees": true, "scheme": null, "flow_arrow": "end" }, "geometry": { "type": "LineString", "coordinates": [ [ 88.392575068676393, 22.52656364482548 ], [ 88.392720117356177, 22.526543111965868 ], [ 88.392816816415731, 22.526529423291876 ], [ 88.392897377568858, 22.526515875269009 ], [ 88.392977960068436, 22.52650446794264 ], [ 88.393058521186774, 22.526490919840573 ], [ 88.393136776890572, 22.526477391892488 ], [ 88.393151528163557, 22.526569323355016 ], [ 88.393166343564005, 22.526667677200145 ], [ 88.393181073516132, 22.526757467920024 ], [ 88.393307721610185, 22.526741376839109 ], [ 88.393322387554093, 22.526824745422402 ], [ 88.393337074888024, 22.526910254649085 ], [ 88.393354088924482, 22.526997884590376 ], [ 88.393371103080696, 22.527085514437818 ], [ 88.393388224119988, 22.527183848048239 ], [ 88.393405195584364, 22.527267196506113 ] ] } },
{ "type": "Feature", "properties": { "ward": 107, "source_sheet": "107_vip bazar.pdf p1", "source": "KMC ward sewerage network map (ArcMap GeoPDF)", "extraction_method": "geopdf_vector", "georef_max_residual_m": 0.1, "conduit_type": "pipe", "pipe_diameter_mm": 300.0, "diameter_source": "legend_colour", "diameter_candidates_mm": null, "label_diameter_mm": 300.0, "label_agrees": true, "scheme": null, "flow_arrow": "end" }, "geometry": { "type": "LineString", "coordinates": [ [ 88.392747941775951, 22.527945181362622 ], [ 88.392794755400104, 22.528015423993935 ], [ 88.392846201382781, 22.528087767229778 ], [ 88.392902343635654, 22.528168633184741 ], [ 88.392956201990557, 22.528251659954055 ], [ 88.393007626782179, 22.528321862391969 ], [ 88.393047396178403, 22.528379320832588 ] ] } },
{ "type": "Feature", "properties": { "ward": 107, "source_sheet": "107_vip bazar.pdf p1", "source": "KMC ward sewerage network map (ArcMap GeoPDF)", "extraction_method": "geopdf_vector", "georef_max_residual_m": 0.1, "conduit_type": "pipe", "pipe_diameter_mm": 300.0, "diameter_source": "legend_colour", "diameter_candidates_mm": null, "label_diameter_mm": 300.0, "label_agrees": true, "scheme": "KEIIP", "flow_arrow": "end" }, "geometry": { "type": "LineString", "coordinates": [ [ 88.39468616872378, 22.527864043121809 ], [ 88.394668854133769, 22.527746443011381 ], [ 88.394646757615988, 22.527611757097468 ], [ 88.394527239092781, 22.527649196320276 ], [ 88.394403130960555, 22.527688816528929 ], [ 88.394242563690611, 22.527771573460029 ], [ 88.394098070008596, 22.527847767201603 ], [ 88.393948986797696, 22.527926141699954 ], [ 88.39390734294922, 22.52814273938845 ] ] } },
{ "type": "Feature", "properties": { "ward": 107, "source_sheet": "107_vip bazar.pdf p1", "source": "KMC ward sewerage network map (ArcMap GeoPDF)", "extraction_method": "geopdf_vector", "georef_max_residual_m": 0.1, "conduit_type": "pipe", "pipe_diameter_mm": 400.0, "diameter_source": "legend_colour", "diameter_candidates_mm": null, "label_diameter_mm": 400.0, "label_agrees": true, "scheme": null, "flow_arrow": "end" }, "geometry": { "type": "LineString", "coordinates": [ [ 88.398225597373283, 22.513159151356327 ], [ 88.398336138917884, 22.513147479671037 ], [ 88.398467405733726, 22.513133485561379 ], [ 88.398522687249596, 22.513128720012958 ], [ 88.398568747981344, 22.513124035041297 ], [ 88.398656259190417, 22.51311470558085 ], [ 88.39877602142154, 22.513102952818173 ], [ 88.398898067355475, 22.513089039057604 ], [ 88.399015524365112, 22.513077306383646 ], [ 88.399082310325809, 22.513070298934259 ], [ 88.399211271790307, 22.513056324492791 ], [ 88.399282667967569, 22.513049276601961 ], [ 88.399370179059062, 22.513039946758141 ], [ 88.3994576900391, 22.513030616778973 ], [ 88.399549811436472, 22.513021246382316 ], [ 88.399658047635725, 22.513009593984311 ], [ 88.399706413439191, 22.513004888593784 ], [ 88.399750168998978, 22.513000223474361 ], [ 88.399732917108693, 22.512889046022348 ], [ 88.399727941961771, 22.512852693749664 ], [ 88.399722966914055, 22.512816341475702 ] ] } },
{ "type": "Feature", "properties": { "ward": 107, "source_sheet": "107_vip bazar.pdf p1", "source": "KMC ward sewerage network map (ArcMap GeoPDF)", "extraction_method": "geopdf_vector", "georef_max_residual_m": 0.1, "conduit_type": "pipe", "pipe_diameter_mm": 300.0, "diameter_source": "legend_colour", "diameter_candidates_mm": null, "label_diameter_mm": 300.0, "label_agrees": true, "scheme": null, "flow_arrow": "end" }, "geometry": { "type": "LineString", "coordinates": [ [ 88.398806106405218, 22.513344615038363 ], [ 88.398798461818259, 22.513271890241118 ], [ 88.398786056913721, 22.513184220471391 ], [ 88.39877602142154, 22.513102952818173 ] ] } },
{ "type": "Feature", "properties": { "ward": 107, "source_sheet": "107_vip bazar.pdf p1", "source": "KMC ward sewerage network map (ArcMap GeoPDF)", "extraction_method": "geopdf_vector", "georef_max_residual_m": 0.1, "conduit_type": "pipe", "pipe_diameter_mm": 300.0, "diameter_source": "legend_colour", "diameter_candidates_mm": null, "label_diameter_mm": 300.0, "label_agrees": true, "scheme": null, "flow_arrow": "end" }, "geometry": { "type": "LineString", "coordinates": [ [ 88.399050198657108, 22.513316787449032 ], [ 88.399042682704618, 22.513256907072989 ], [ 88.39902543133195, 22.513145729521426 ], [ 88.399015524365112, 22.513077306383646 ] ] } },
{ "type": "Feature", "properties": { "ward": 107, "source_sheet": "107_vip bazar.pdf p1", "source": "KMC ward sewerage network map (ArcMap GeoPDF)", "extraction_method": "geopdf_vector", "georef_max_residual_m": 0.1, "conduit_type": "pipe", "pipe_diameter_mm": 300.0, "diameter_source": "legend_colour", "diameter_candidates_mm": null, "label_diameter_mm": 300.0, "label_agrees": true, "scheme": null, "flow_arrow": "end" }, "geometry": { "type": "LineString", "coordinates": [ [ 88.399314994638019, 22.513284496301736 ], [ 88.39930745712681, 22.513222475209723 ], [ 88.399292703748458, 22.513130544209247 ], [ 88.399282667967569, 22.513049276601961 ] ] } },
{ "type": "Feature", "properties": { "ward": 107, "source_sheet": "107_vip bazar.pdf p1", "source": "KMC ward sewerage network map (ArcMap GeoPDF)", "extraction_method": "geopdf_vector", "georef_max_residual_m": 0.1, "conduit_type": "pipe", "pipe_diameter_mm": 300.0, "diameter_source": "legend_colour", "diameter_candidates_mm": null, "label_diameter_mm": 300.0, "label_agrees": true, "scheme": null, "flow_arrow": "end" }, "geometry": { "type": "LineString", "coordinates": [ [ 88.399582009833708, 22.513243621605273 ], [ 88.399571995324536, 22.513164494759728 ], [ 88.399557220425478, 22.513070423056977 ], [ 88.399549811436472, 22.513021246382316 ] ] } },
{ "type": "Feature", "properties": { "ward": 107, "source_sheet": "107_vip bazar.pdf p1", "source": "KMC ward sewerage network map (ArcMap GeoPDF)", "extraction_method": "geopdf_vector", "georef_max_residual_m": 0.1, "conduit_type": "pipe", "pipe_diameter_mm": 750.0, "diameter_source": "map_label", "diameter_candidates_mm": null, "label_diameter_mm": 750.0, "label_agrees": null, "scheme": null, "flow_arrow": "end" }, "geometry": { "type": "LineString", "coordinates": [ [ 88.398863459124698, 22.511935378548422 ], [ 88.398785169373483, 22.511944627391735 ], [ 88.398686133155053, 22.511954057833343 ], [ 88.398584834639195, 22.511967789854502 ], [ 88.398524943283164, 22.511972595740055 ], [ 88.398395982717474, 22.511986569675109 ], [ 88.398278547976204, 22.512000442589446 ], [ 88.398168007236066, 22.512012114280722 ], [ 88.39807358121115, 22.512021504021408 ], [ 88.398004512044622, 22.512030671837366 ], [ 88.39782029165022, 22.512051551402312 ] ] } },
{ "type": "Feature", "properties": { "ward": 107, "source_sheet": "107_vip bazar.pdf p1", "source": "KMC ward sewerage network map (ArcMap GeoPDF)", "extraction_method": "geopdf_vector", "georef_max_residual_m": 0.1, "conduit_type": "pipe", "pipe_diameter_mm": 300.0, "diameter_source": "legend_colour", "diameter_candidates_mm": null, "label_diameter_mm": 300.0, "label_agrees": true, "scheme": null, "flow_arrow": "end" }, "geometry": { "type": "LineString", "coordinates": [ [ 88.398644579039825, 22.511027396771333 ], [ 88.398731960308297, 22.511005222835919 ] ] } },
{ "type": "Feature", "properties": { "ward": 107, "source_sheet": "107_vip bazar.pdf p1", "source": "KMC ward sewerage network map (ArcMap GeoPDF)", "extraction_method": "geopdf_vector", "georef_max_residual_m": 0.1, "conduit_type": "pipe", "pipe_diameter_mm": 400.0, "diameter_source": "legend_colour", "diameter_candidates_mm": null, "label_diameter_mm": 400.0, "label_agrees": true, "scheme": null, "flow_arrow": "end" }, "geometry": { "type": "LineString", "coordinates": [ [ 88.398350980144656, 22.510715248097451 ], [ 88.398320768302298, 22.510460741143856 ], [ 88.397620670213087, 22.51053323311309 ] ] } },
{ "type": "Feature", "properties": { "ward": 107, "source_sheet": "107_vip bazar.pdf p1", "source": "KMC ward sewerage network map (ArcMap GeoPDF)", "extraction_method": "geopdf_vector", "georef_max_residual_m": 0.1, "conduit_type": "pipe", "pipe_diameter_mm": 300.0, "diameter_source": "legend_colour", "diameter_candidates_mm": null, "label_diameter_mm": 300.0, "label_agrees": true, "scheme": null, "flow_arrow": "end" }, "geometry": { "type": "LineString", "coordinates": [ [ 88.394507013210941, 22.513159525175787 ], [ 88.394543728500366, 22.513373298542927 ] ] } },
{ "type": "Feature", "properties": { "ward": 107, "source_sheet": "107_vip bazar.pdf p1", "source": "KMC ward sewerage network map (ArcMap GeoPDF)", "extraction_method": "geopdf_vector", "georef_max_residual_m": 0.1, "conduit_type": "pipe", "pipe_diameter_mm": 300.0, "diameter_source": "legend_colour", "diameter_candidates_mm": null, "label_diameter_mm": 300.0, "label_agrees": true, "scheme": null, "flow_arrow": "end" }, "geometry": { "type": "LineString", "coordinates": [ [ 88.394475229093516, 22.512977822906052 ], [ 88.394470212560805, 22.512937188835803 ], [ 88.394459688121202, 22.512806683531682 ], [ 88.394446858445264, 22.512676198336205 ], [ 88.394434199874709, 22.512562839132379 ], [ 88.394421370258527, 22.512432353928691 ], [ 88.394408348424534, 22.512282601894622 ], [ 88.394442370257423, 22.512226640761082 ] ] } },
{ "type": "Feature", "properties": { "ward": 107, "source_sheet": "107_vip bazar.pdf p1", "source": "KMC ward sewerage network map (ArcMap GeoPDF)", "extraction_method": "geopdf_vector", "georef_max_residual_m": 0.1, "conduit_type": "pipe", "pipe_diameter_mm": 225.0, "diameter_source": "legend_colour", "diameter_candidates_mm": null, "label_diameter_mm": 225.0, "label_agrees": true, "scheme": null, "flow_arrow": "end" }, "geometry": { "type": "LineString", "coordinates": [ [ 88.392240945112505, 22.522421706109288 ], [ 88.392235544544576, 22.522342538539295 ], [ 88.39222792405171, 22.522271954096592 ], [ 88.392220218078705, 22.522192806612555 ], [ 88.39221494562851, 22.522126483555422 ], [ 88.39220732516344, 22.52205589901958 ], [ 88.392201924545006, 22.521976731444123 ] ] } },
{ "type": "Feature", "properties": { "ward": 107, "source_sheet": "107_vip bazar.pdf p1", "source": "KMC ward sewerage network map (ArcMap GeoPDF)", "extraction_method": "geopdf_vector", "georef_max_residual_m": 0.1, "conduit_type": "pipe", "pipe_diameter_mm": 300.0, "diameter_source": "legend_colour", "diameter_candidates_mm": null, "label_diameter_mm": 300.0, "label_agrees": true, "scheme": null, "flow_arrow": "end" }, "geometry": { "type": "LineString", "coordinates": [ [ 88.389359879549161, 22.521581846423416 ], [ 88.389363207448937, 22.521684582464058 ], [ 88.389368840682266, 22.521787298545856 ], [ 88.389372296427723, 22.521902879115864 ], [ 88.389377972294582, 22.52200987667495 ], [ 88.389383733488941, 22.522125437193218 ] ] } },
{ "type": "Feature", "properties": { "ward": 107, "source_sheet": "107_vip bazar.pdf p1", "source": "KMC ward sewerage network map (ArcMap GeoPDF)", "extraction_method": "geopdf_vector", "georef_max_residual_m": 0.1, "conduit_type": "pipe", "pipe_diameter_mm": 400.0, "diameter_source": "legend_colour", "diameter_candidates_mm": null, "label_diameter_mm": 400.0, "label_agrees": true, "scheme": null, "flow_arrow": "end" }, "geometry": { "type": "LineString", "coordinates": [ [ 88.387379939765978, 22.517920916636339 ], [ 88.387486960817185, 22.518018470645831 ], [ 88.387529817130485, 22.518155118715903 ], [ 88.387602498967112, 22.518741105115449 ], [ 88.387729154574529, 22.518958380988888 ], [ 88.38782923948817, 22.51905385411521 ] ] } },
{ "type": "Feature", "properties": { "ward": 107, "source_sheet": "107_vip bazar.pdf p1", "source": "KMC ward sewerage network map (ArcMap GeoPDF)", "extraction_method": "geopdf_vector", "georef_max_residual_m": 0.1, "conduit_type": "pipe", "pipe_diameter_mm": 225.0, "diameter_source": "legend_colour", "diameter_candidates_mm": null, "label_diameter_mm": 225.0, "label_agrees": true, "scheme": null, "flow_arrow": "end" }, "geometry": { "type": "LineString", "coordinates": [ [ 88.389141556621524, 22.509832127402625 ], [ 88.389147912591227, 22.510007629321656 ], [ 88.389118861107576, 22.510099942281006 ], [ 88.389136231824679, 22.510223965818732 ], [ 88.389153517425981, 22.510339426464963 ], [ 88.389168455251266, 22.510450625564474 ], [ 88.389074029458726, 22.510460009915242 ], [ 88.388972709336883, 22.510471595140285 ] ] } },
{ "type": "Feature", "properties": { "ward": 107, "source_sheet": "107_vip bazar.pdf p1", "source": "KMC ward sewerage network map (ArcMap GeoPDF)", "extraction_method": "geopdf_vector", "georef_max_residual_m": 0.1, "conduit_type": "pipe", "pipe_diameter_mm": 225.0, "diameter_source": "legend_colour", "diameter_candidates_mm": null, "label_diameter_mm": 225.0, "label_agrees": true, "scheme": null, "flow_arrow": "end" }, "geometry": { "type": "LineString", "coordinates": [ [ 88.38918601767962, 22.510593915959351 ], [ 88.389168455251266, 22.510450625564474 ] ] } },
{ "type": "Feature", "properties": { "ward": 107, "source_sheet": "107_vip bazar.pdf p1", "source": "KMC ward sewerage network map (ArcMap GeoPDF)", "extraction_method": "geopdf_vector", "georef_max_residual_m": 0.1, "conduit_type": "pipe", "pipe_diameter_mm": 400.0, "diameter_source": "legend_colour", "diameter_candidates_mm": null, "label_diameter_mm": 400.0, "label_agrees": true, "scheme": null, "flow_arrow": "end" }, "geometry": { "type": "LineString", "coordinates": [ [ 88.392693983212837, 22.51329094448759 ], [ 88.392818164680321, 22.513259889202747 ], [ 88.392995237264145, 22.513215527206874 ], [ 88.393172309724321, 22.513171165021706 ], [ 88.39332869945089, 22.513133405819751 ], [ 88.393446071775756, 22.513113114137898 ], [ 88.393625598727567, 22.513083716631737 ], [ 88.393770611780155, 22.513061042773966 ], [ 88.393899488560834, 22.513038509427588 ], [ 88.394030755934622, 22.513024519007388 ], [ 88.394115962260955, 22.513015212020324 ], [ 88.394187358905384, 22.513008166465685 ], [ 88.394323236552268, 22.5129941355044 ], [ 88.394475229093516, 22.512977822906052 ], [ 88.394601650756655, 22.512940323952542 ], [ 88.394656825525871, 22.512924855948842 ], [ 88.394723483477947, 22.512905005871733 ], [ 88.394873042310337, 22.512875868504345 ], [ 88.394926018749203, 22.512871124218478 ], [ 88.394974384844616, 22.512866420243125 ], [ 88.395027361179316, 22.512861676014293 ], [ 88.395204710413054, 22.512845141415699 ], [ 88.395253097870196, 22.51284257809515 ] ] } },
{ "type": "Feature", "properties": { "ward": 107, "source_sheet": "107_vip bazar.pdf p1", "source": "KMC ward sewerage network map (ArcMap GeoPDF)", "extraction_method": "geopdf_vector", "georef_max_residual_m": 0.1, "conduit_type": "pipe", "pipe_diameter_mm": 300.0, "diameter_source": "legend_colour", "diameter_candidates_mm": null, "label_diameter_mm": 300.0, "label_agrees": true, "scheme": null, "flow_arrow": "end" }, "geometry": { "type": "LineString", "coordinates": [ [ 88.390930775538692, 22.514490238287681 ], [ 88.390917991551817, 22.514364034159968 ], [ 88.390905314193702, 22.51424853382343 ], [ 88.390890267804764, 22.514126631231274 ], [ 88.390880044929332, 22.514026096103699 ], [ 88.390988197692138, 22.514005886406103 ] ] } },
{ "type": "Feature", "properties": { "ward": 107, "source_sheet": "107_vip bazar.pdf p1", "source": "KMC ward sewerage network map (ArcMap GeoPDF)", "extraction_method": "geopdf_vector", "georef_max_residual_m": 0.1, "conduit_type": "pipe", "pipe_diameter_mm": 300.0, "diameter_source": "legend_colour", "diameter_candidates_mm": null, "label_diameter_mm": 300.0, "label_agrees": true, "scheme": null, "flow_arrow": "end" }, "geometry": { "type": "LineString", "coordinates": [ [ 88.389737545814327, 22.513661370511286 ], [ 88.389728627966178, 22.513460199783548 ], [ 88.389716616769746, 22.513179841084 ], [ 88.38965147505489, 22.5131204611619 ] ] } },
{ "type": "Feature", "properties": { "ward": 107, "source_sheet": "107_vip bazar.pdf p1", "source": "KMC ward sewerage network map (ArcMap GeoPDF)", "extraction_method": "geopdf_vector", "georef_max_residual_m": 0.1, "conduit_type": "pipe", "pipe_diameter_mm": 225.0, "diameter_source": "legend_colour", "diameter_candidates_mm": null, "label_diameter_mm": 225.0, "label_agrees": true, "scheme": null, "flow_arrow": "end" }, "geometry": { "type": "LineString", "coordinates": [ [ 88.388755137413526, 22.514789621887438 ], [ 88.388610355529849, 22.514835839708581 ], [ 88.388458700479347, 22.514886398973839 ], [ 88.38839665106282, 22.514906206490828 ], [ 88.388272552173859, 22.514945821544767 ], [ 88.388153063631719, 22.514985396370513 ] ] } },
{ "type": "Feature", "properties": { "ward": 107, "source_sheet": "107_vip bazar.pdf p1", "source": "KMC ward sewerage network map (ArcMap GeoPDF)", "extraction_method": "geopdf_vector", "georef_max_residual_m": 0.1, "conduit_type": "pipe", "pipe_diameter_mm": 225.0, "diameter_source": "legend_colour", "diameter_candidates_mm": null, "label_diameter_mm": 225.0, "label_agrees": true, "scheme": null, "flow_arrow": "end" }, "geometry": { "type": "LineString", "coordinates": [ [ 88.388434683868383, 22.515021486906445 ], [ 88.38839665106282, 22.514906206490828 ] ] } },
{ "type": "Feature", "properties": { "ward": 107, "source_sheet": "107_vip bazar.pdf p1", "source": "KMC ward sewerage network map (ArcMap GeoPDF)", "extraction_method": "geopdf_vector", "georef_max_residual_m": 0.1, "conduit_type": "pipe", "pipe_diameter_mm": 300.0, "diameter_source": "legend_colour", "diameter_candidates_mm": null, "label_diameter_mm": 300.0, "label_agrees": true, "scheme": null, "flow_arrow": "end" }, "geometry": { "type": "LineString", "coordinates": [ [ 88.386891975102529, 22.517768863841713 ], [ 88.386808900347731, 22.517761021034083 ], [ 88.386684288133722, 22.517749256875955 ], [ 88.386656029707169, 22.517689555737171 ], [ 88.386622841836143, 22.517597783258402 ], [ 88.386591959363173, 22.51750599076561 ], [ 88.386535060025679, 22.517348054860438 ], [ 88.38648182638201, 22.517327107371344 ] ] } },
{ "type": "Feature", "properties": { "ward": 107, "source_sheet": "107_vip bazar.pdf p1", "source": "KMC ward sewerage network map (ArcMap GeoPDF)", "extraction_method": "geopdf_vector", "georef_max_residual_m": 0.1, "conduit_type": "pipe", "pipe_diameter_mm": 225.0, "diameter_source": "legend_colour", "diameter_candidates_mm": null, "label_diameter_mm": 225.0, "label_agrees": true, "scheme": null, "flow_arrow": "end" }, "geometry": { "type": "LineString", "coordinates": [ [ 88.385240005608779, 22.512993905416081 ], [ 88.385250011895067, 22.513073033568862 ], [ 88.385257437096371, 22.513124351814504 ], [ 88.385282314984636, 22.513308257286369 ] ] } },
{ "type": "Feature", "properties": { "ward": 107, "source_sheet": "107_vip bazar.pdf p1", "source": "KMC ward sewerage network map (ArcMap GeoPDF)", "extraction_method": "geopdf_vector", "georef_max_residual_m": 0.1, "conduit_type": "pipe", "pipe_diameter_mm": 225.0, "diameter_source": "legend_colour", "diameter_candidates_mm": null, "label_diameter_mm": 225.0, "label_agrees": true, "scheme": null, "flow_arrow": "end" }, "geometry": { "type": "LineString", "coordinates": [ [ 88.385611566363778, 22.513033503382442 ], [ 88.385676005551886, 22.513022239955621 ], [ 88.385690558835336, 22.513094905855731 ], [ 88.385702870667274, 22.513174013978631 ], [ 88.385715033748482, 22.513238136787354 ] ] } },
{ "type": "Feature", "properties": { "ward": 107, "source_sheet": "107_vip bazar.pdf p1", "source": "KMC ward sewerage network map (ArcMap GeoPDF)", "extraction_method": "geopdf_vector", "georef_max_residual_m": 0.1, "conduit_type": "pipe", "pipe_diameter_mm": 300.0, "diameter_source": "legend_colour", "diameter_candidates_mm": null, "label_diameter_mm": 300.0, "label_agrees": true, "scheme": null, "flow_arrow": "end" }, "geometry": { "type": "LineString", "coordinates": [ [ 88.386304568334353, 22.511314739900605 ], [ 88.386294455312338, 22.511224908001058 ], [ 88.386281973517725, 22.51112867385309 ], [ 88.386285691515397, 22.511038721988232 ], [ 88.386291799639508, 22.510957313203541 ], [ 88.38631165374531, 22.51086722138195 ], [ 88.386361411150702, 22.510770447395455 ] ] } },
{ "type": "Feature", "properties": { "ward": 107, "source_sheet": "107_vip bazar.pdf p1", "source": "KMC ward sewerage network map (ArcMap GeoPDF)", "extraction_method": "geopdf_vector", "georef_max_residual_m": 0.1, "conduit_type": "pipe", "pipe_diameter_mm": 300.0, "diameter_source": "legend_colour", "diameter_candidates_mm": null, "label_diameter_mm": 300.0, "label_agrees": true, "scheme": null, "flow_arrow": "end" }, "geometry": { "type": "LineString", "coordinates": [ [ 88.388136527215266, 22.51146583325739 ], [ 88.388084388242319, 22.511322843009651 ], [ 88.388041661526586, 22.511199039453015 ] ] } },
{ "type": "Feature", "properties": { "ward": 107, "source_sheet": "107_vip bazar.pdf p1", "source": "KMC ward sewerage network map (ArcMap GeoPDF)", "extraction_method": "geopdf_vector", "georef_max_residual_m": 0.1, "conduit_type": "pipe", "pipe_diameter_mm": 225.0, "diameter_source": "legend_colour", "diameter_candidates_mm": null, "label_diameter_mm": 225.0, "label_agrees": true, "scheme": null, "flow_arrow": "end" }, "geometry": { "type": "LineString", "coordinates": [ [ 88.389039589144701, 22.51511043168173 ], [ 88.389053058552719, 22.515073918659287 ], [ 88.389015025226641, 22.514958638506304 ], [ 88.388983992852957, 22.514851861204608 ], [ 88.389069051743476, 22.514827571618159 ], [ 88.389158742405684, 22.514805382565626 ] ] } },
{ "type": "Feature", "properties": { "ward": 107, "source_sheet": "107_vip bazar.pdf p1", "source": "KMC ward sewerage network map (ArcMap GeoPDF)", "extraction_method": "geopdf_vector", "georef_max_residual_m": 0.1, "conduit_type": "pipe", "pipe_diameter_mm": 300.0, "diameter_source": "legend_colour", "diameter_candidates_mm": null, "label_diameter_mm": 300.0, "label_agrees": true, "scheme": null, "flow_arrow": "end" }, "geometry": { "type": "LineString", "coordinates": [ [ 88.387987101355293, 22.515220200392793 ], [ 88.3877203756618, 22.51529102680259 ] ] } },
{ "type": "Feature", "properties": { "ward": 107, "source_sheet": "107_vip bazar.pdf p1", "source": "KMC ward sewerage network map (ArcMap GeoPDF)", "extraction_method": "geopdf_vector", "georef_max_residual_m": 0.1, "conduit_type": "pipe", "pipe_diameter_mm": 225.0, "diameter_source": "legend_colour", "diameter_candidates_mm": null, "label_diameter_mm": 225.0, "label_agrees": true, "scheme": null, "flow_arrow": "end" }, "geometry": { "type": "LineString", "coordinates": [ [ 88.388397969740907, 22.514343127774421 ], [ 88.388163178438873, 22.514379422379459 ], [ 88.388078013250649, 22.514393007763932 ], [ 88.387937607996648, 22.514415636567342 ] ] } },
{ "type": "Feature", "properties": { "ward": 107, "source_sheet": "107_vip bazar.pdf p1", "source": "KMC ward sewerage network map (ArcMap GeoPDF)", "extraction_method": "geopdf_vector", "georef_max_residual_m": 0.1, "conduit_type": "pipe", "pipe_diameter_mm": 225.0, "diameter_source": "legend_colour", "diameter_candidates_mm": null, "label_diameter_mm": null, "label_agrees": null, "scheme": null, "flow_arrow": "end" }, "geometry": { "type": "LineString", "coordinates": [ [ 88.388155198960419, 22.514272444639126 ], [ 88.388163178438873, 22.514379422379459 ] ] } },
{ "type": "Feature", "properties": { "ward": 107, "source_sheet": "107_vip bazar.pdf p1", "source": "KMC ward sewerage network map (ArcMap GeoPDF)", "extraction_method": "geopdf_vector", "georef_max_residual_m": 0.1, "conduit_type": "pipe", "pipe_diameter_mm": 225.0, "diameter_source": "legend_colour", "diameter_candidates_mm": null, "label_diameter_mm": 225.0, "label_agrees": true, "scheme": null, "flow_arrow": "end" }, "geometry": { "type": "LineString", "coordinates": [ [ 88.38797733602982, 22.514237593481937 ], [ 88.387982754868972, 22.514318902154351 ], [ 88.387988237542686, 22.514406633146159 ] ] } },
{ "type": "Feature", "properties": { "ward": 107, "source_sheet": "107_vip bazar.pdf p1", "source": "KMC ward sewerage network map (ArcMap GeoPDF)", "extraction_method": "geopdf_vector", "georef_max_residual_m": 0.1, "conduit_type": "pipe", "pipe_diameter_mm": 225.0, "diameter_source": "legend_colour", "diameter_candidates_mm": null, "label_diameter_mm": 225.0, "label_agrees": true, "scheme": null, "flow_arrow": "end" }, "geometry": { "type": "LineString", "coordinates": [ [ 88.388254379805701, 22.514509227523966 ], [ 88.388164582768653, 22.514520712263636 ], [ 88.388031050563498, 22.514538999595988 ], [ 88.387994209650714, 22.514543601421309 ] ] } },
{ "type": "Feature", "properties": { "ward": 107, "source_sheet": "107_vip bazar.pdf p1", "source": "KMC ward sewerage network map (ArcMap GeoPDF)", "extraction_method": "geopdf_vector", "georef_max_residual_m": 0.1, "conduit_type": "pipe", "pipe_diameter_mm": 225.0, "diameter_source": "legend_colour", "diameter_candidates_mm": null, "label_diameter_mm": 225.0, "label_agrees": true, "scheme": null, "flow_arrow": "end" }, "geometry": { "type": "LineString", "coordinates": [ [ 88.388729977855576, 22.514577887480598 ], [ 88.388824406560204, 22.514568503103881 ], [ 88.388934971676804, 22.514558978522839 ], [ 88.389040947753031, 22.514551634590941 ], [ 88.389087009433297, 22.514546952382393 ] ] } },
{ "type": "Feature", "properties": { "ward": 107, "source_sheet": "107_vip bazar.pdf p1", "source": "KMC ward sewerage network map (ArcMap GeoPDF)", "extraction_method": "geopdf_vector", "georef_max_residual_m": 0.1, "conduit_type": "pipe", "pipe_diameter_mm": 225.0, "diameter_source": "legend_colour", "diameter_candidates_mm": null, "label_diameter_mm": 225.0, "label_agrees": true, "scheme": null, "flow_arrow": "end" }, "geometry": { "type": "LineString", "coordinates": [ [ 88.388410694314956, 22.514231688330565 ], [ 88.388397969740907, 22.514343127774421 ], [ 88.388405608909196, 22.514415853329524 ], [ 88.388428420162839, 22.514623326357931 ], [ 88.388443613557214, 22.514760214570838 ], [ 88.388458700479347, 22.514886398973839 ] ] } },
{ "type": "Feature", "properties": { "ward": 107, "source_sheet": "107_vip bazar.pdf p1", "source": "KMC ward sewerage network map (ArcMap GeoPDF)", "extraction_method": "geopdf_vector", "georef_max_residual_m": 0.1, "conduit_type": "pipe", "pipe_diameter_mm": 225.0, "diameter_source": "legend_colour", "diameter_candidates_mm": null, "label_diameter_mm": null, "label_agrees": null, "scheme": null, "flow_arrow": "none" }, "geometry": { "type": "LineString", "coordinates": [ [ 88.388305541164911, 22.51385793718968 ], [ 88.388351709053012, 22.513863958919753 ] ] } },
{ "type": "Feature", "properties": { "ward": 107, "source_sheet": "107_vip bazar.pdf p1", "source": "KMC ward sewerage network map (ArcMap GeoPDF)", "extraction_method": "geopdf_vector", "georef_max_residual_m": 0.1, "conduit_type": "pipe", "pipe_diameter_mm": 225.0, "diameter_source": "legend_colour", "diameter_candidates_mm": null, "label_diameter_mm": 225.0, "label_agrees": true, "scheme": null, "flow_arrow": "end" }, "geometry": { "type": "LineString", "coordinates": [ [ 88.388611594712401, 22.514032976320088 ], [ 88.388621368887783, 22.514088555886961 ], [ 88.388631164451894, 22.514146276105762 ], [ 88.388640896076282, 22.51419757418331 ] ] } },
{ "type": "Feature", "properties": { "ward": 107, "source_sheet": "107_vip bazar.pdf p1", "source": "KMC ward sewerage network map (ArcMap GeoPDF)", "extraction_method": "geopdf_vector", "georef_max_residual_m": 0.1, "conduit_type": "pipe", "pipe_diameter_mm": 300.0, "diameter_source": "legend_colour", "diameter_candidates_mm": null, "label_diameter_mm": 300.0, "label_agrees": true, "scheme": null, "flow_arrow": "end" }, "geometry": { "type": "LineString", "coordinates": [ [ 88.3877203756618, 22.51529102680259 ], [ 88.38775616663753, 22.515412749645048 ], [ 88.387796589397126, 22.515536573180878 ], [ 88.387818038511199, 22.515607037908048 ], [ 88.387879953122564, 22.515805607710309 ], [ 88.387922851557519, 22.515946537214052 ], [ 88.387948996468793, 22.516025524934019 ], [ 88.387958536528814, 22.51605755617814 ] ] } },
{ "type": "Feature", "properties": { "ward": 107, "source_sheet": "107_vip bazar.pdf p1", "source": "KMC ward sewerage network map (ArcMap GeoPDF)", "extraction_method": "geopdf_vector", "georef_max_residual_m": 0.1, "conduit_type": "pipe", "pipe_diameter_mm": 400.0, "diameter_source": "legend_colour", "diameter_candidates_mm": null, "label_diameter_mm": 400.0, "label_agrees": true, "scheme": null, "flow_arrow": "end" }, "geometry": { "type": "LineString", "coordinates": [ [ 88.386467571093533, 22.514265685041256 ], [ 88.386421594281089, 22.514278929571322 ], [ 88.386233034323055, 22.514327665972669 ], [ 88.386085882999396, 22.514367479213298 ] ] } },
{ "type": "Feature", "properties": { "ward": 107, "source_sheet": "107_vip bazar.pdf p1", "source": "KMC ward sewerage network map (ArcMap GeoPDF)", "extraction_method": "geopdf_vector", "georef_max_residual_m": 0.1, "conduit_type": "pipe", "pipe_diameter_mm": 225.0, "diameter_source": "legend_colour", "diameter_candidates_mm": null, "label_diameter_mm": 225.0, "label_agrees": true, "scheme": null, "flow_arrow": "end" }, "geometry": { "type": "LineString", "coordinates": [ [ 88.387050340335222, 22.513751084172053 ], [ 88.387024111487989, 22.513663533167534 ], [ 88.38710688613638, 22.513641405384792 ], [ 88.387098992585521, 22.513542990608109 ], [ 88.3872111819759, 22.513464942957892 ], [ 88.387305057234599, 22.513399899873811 ], [ 88.387410373269091, 22.51332619361466 ] ] } },
{ "type": "Feature", "properties": { "ward": 107, "source_sheet": "107_vip bazar.pdf p1", "source": "KMC ward sewerage network map (ArcMap GeoPDF)", "extraction_method": "geopdf_vector", "georef_max_residual_m": 0.1, "conduit_type": "pipe", "pipe_diameter_mm": 500.0, "diameter_source": "legend_colour", "diameter_candidates_mm": null, "label_diameter_mm": 500.0, "label_agrees": true, "scheme": null, "flow_arrow": "end" }, "geometry": { "type": "LineString", "coordinates": [ [ 88.398618797497647, 22.510064201704456 ], [ 88.398613758483322, 22.510021427159142 ], [ 88.398606328715005, 22.509970109750803 ], [ 88.398593752784379, 22.509865313939109 ], [ 88.398578678960718, 22.509741271583739 ], [ 88.398575987955795, 22.509702758336989 ], [ 88.398565995918332, 22.509625772087652 ], [ 88.398551007791937, 22.509510292755536 ], [ 88.398538346331947, 22.509396933897314 ], [ 88.398523486855026, 22.509294299059658 ] ] } },
{ "type": "Feature", "properties": { "ward": 107, "source_sheet": "107_vip bazar.pdf p1", "source": "KMC ward sewerage network map (ArcMap GeoPDF)", "extraction_method": "geopdf_vector", "georef_max_residual_m": 0.1, "conduit_type": "pipe", "pipe_diameter_mm": 400.0, "diameter_source": "legend_colour", "diameter_candidates_mm": null, "label_diameter_mm": 400.0, "label_agrees": true, "scheme": null, "flow_arrow": "end" }, "geometry": { "type": "LineString", "coordinates": [ [ 88.397575922019769, 22.510208202134944 ], [ 88.397679524619249, 22.510194450649287 ], [ 88.397787715922192, 22.510178518048338 ], [ 88.397895928715101, 22.510164726110997 ], [ 88.397994920899805, 22.510151014833081 ], [ 88.398103112216631, 22.510135082022806 ], [ 88.398213608625582, 22.51011912897777 ], [ 88.3983885843802, 22.510096188930628 ], [ 88.39851980536325, 22.510077913449901 ], [ 88.398618797497647, 22.510064201704456 ] ] } },
{ "type": "Feature", "properties": { "ward": 107, "source_sheet": "107_vip bazar.pdf p1", "source": "KMC ward sewerage network map (ArcMap GeoPDF)", "extraction_method": "geopdf_vector", "georef_max_residual_m": 0.1, "conduit_type": "pipe", "pipe_diameter_mm": 300.0, "diameter_source": "legend_colour", "diameter_candidates_mm": null, "label_diameter_mm": 300.0, "label_agrees": true, "scheme": null, "flow_arrow": "end" }, "geometry": { "type": "LineString", "coordinates": [ [ 88.399231372614238, 22.510230115477551 ], [ 88.399100130078793, 22.510246250806539 ], [ 88.3988721577185, 22.510271796351343 ], [ 88.398681024458355, 22.510292737299046 ], [ 88.39864649028236, 22.510297321319499 ] ] } },
{ "type": "Feature", "properties": { "ward": 107, "source_sheet": "107_vip bazar.pdf p1", "source": "KMC ward sewerage network map (ArcMap GeoPDF)", "extraction_method": "geopdf_vector", "georef_max_residual_m": 0.1, "conduit_type": "pipe", "pipe_diameter_mm": 400.0, "diameter_source": "legend_colour", "diameter_candidates_mm": null, "label_diameter_mm": 400.0, "label_agrees": true, "scheme": null, "flow_arrow": "end" }, "geometry": { "type": "LineString", "coordinates": [ [ 88.398731960308297, 22.511005222835919 ], [ 88.398716928955096, 22.510885461993851 ], [ 88.398701854762777, 22.510761419766503 ], [ 88.398689150135084, 22.510643779479146 ], [ 88.39867407600542, 22.510519737153793 ], [ 88.398659151954448, 22.510410680059081 ], [ 88.39864649028236, 22.510297321319499 ], [ 88.398638910343294, 22.510231018680891 ], [ 88.398626355884119, 22.510128363701085 ], [ 88.398618797497647, 22.510064201704456 ] ] } },
{ "type": "Feature", "properties": { "ward": 107, "source_sheet": "107_vip bazar.pdf p1", "source": "KMC ward sewerage network map (ArcMap GeoPDF)", "extraction_method": "geopdf_vector", "georef_max_residual_m": 0.1, "conduit_type": "pipe", "pipe_diameter_mm": 400.0, "diameter_source": "legend_colour", "diameter_candidates_mm": null, "label_diameter_mm": 400.0, "label_agrees": true, "scheme": null, "flow_arrow": "end" }, "geometry": { "type": "LineString", "coordinates": [ [ 88.398066844072034, 22.511118088442998 ], [ 88.398012424204623, 22.510748182601546 ] ] } },
{ "type": "Feature", "properties": { "ward": 107, "source_sheet": "107_vip bazar.pdf p1", "source": "KMC ward sewerage network map (ArcMap GeoPDF)", "extraction_method": "geopdf_vector", "georef_max_residual_m": 0.1, "conduit_type": "pipe", "pipe_diameter_mm": 300.0, "diameter_source": "legend_colour", "diameter_candidates_mm": null, "label_diameter_mm": 300.0, "label_agrees": true, "scheme": null, "flow_arrow": "end" }, "geometry": { "type": "LineString", "coordinates": [ [ 88.398552814580512, 22.513374663771611 ], [ 88.398540238327683, 22.51326986810064 ], [ 88.398530181532465, 22.513186459602217 ], [ 88.398522687249596, 22.513128720012958 ], [ 88.398515192973434, 22.513070980333424 ], [ 88.398500140042444, 22.512949078768152 ], [ 88.398490190482164, 22.512876374113251 ], [ 88.398470205755785, 22.512722401680051 ], [ 88.398460192026704, 22.512643274725455 ], [ 88.398445032042716, 22.51251066947 ] ] } },
{ "type": "Feature", "properties": { "ward": 107, "source_sheet": "107_vip bazar.pdf p1", "source": "KMC ward sewerage network map (ArcMap GeoPDF)", "extraction_method": "geopdf_vector", "georef_max_residual_m": 0.1, "conduit_type": "pipe", "pipe_diameter_mm": 600.0, "diameter_source": "legend_colour", "diameter_candidates_mm": null, "label_diameter_mm": 600.0, "label_agrees": true, "scheme": null, "flow_arrow": "end" }, "geometry": { "type": "LineString", "coordinates": [ [ 88.390223964862173, 22.520606626590062 ], [ 88.390371377004513, 22.52059249829281 ], [ 88.39053951569953, 22.520576048561821 ], [ 88.390700738439676, 22.520559658850829 ], [ 88.390861961036379, 22.520543268981051 ], [ 88.391043931388651, 22.520526698327551 ], [ 88.391207459283081, 22.520510288045326 ], [ 88.391361787166872, 22.520496098634794 ], [ 88.391472164686178, 22.52046730534741 ], [ 88.391571058429747, 22.520442893759213 ], [ 88.391672171985832, 22.520409899078953 ] ] } },
{ "type": "Feature", "properties": { "ward": 107, "source_sheet": "107_vip bazar.pdf p1", "source": "KMC ward sewerage network map (ArcMap GeoPDF)", "extraction_method": "geopdf_vector", "georef_max_residual_m": 0.1, "conduit_type": "pipe", "pipe_diameter_mm": 300.0, "diameter_source": "legend_colour", "diameter_candidates_mm": null, "label_diameter_mm": 300.0, "label_agrees": true, "scheme": null, "flow_arrow": "end" }, "geometry": { "type": "LineString", "coordinates": [ [ 88.390647190714688, 22.519812937729874 ], [ 88.390766853097105, 22.519790486909969 ], [ 88.390891126107661, 22.519767995779851 ], [ 88.391008504440904, 22.519747705590312 ], [ 88.391132777268382, 22.519725214367433 ], [ 88.391236067831528, 22.519679355382536 ], [ 88.391355431326289, 22.519626933605416 ] ] } },
{ "type": "Feature", "properties": { "ward": 107, "source_sheet": "107_vip bazar.pdf p1", "source": "KMC ward sewerage network map (ArcMap GeoPDF)", "extraction_method": "geopdf_vector", "georef_max_residual_m": 0.1, "conduit_type": "pipe", "pipe_diameter_mm": 225.0, "diameter_source": "legend_colour", "diameter_candidates_mm": null, "label_diameter_mm": 225.0, "label_agrees": true, "scheme": null, "flow_arrow": "end" }, "geometry": { "type": "LineString", "coordinates": [ [ 88.389869703717835, 22.519990977448469 ], [ 88.389957113434647, 22.519970948685739 ], [ 88.390046807198587, 22.519948758991621 ], [ 88.390081983539218, 22.520008399255847 ], [ 88.390112463971917, 22.520059516571934 ], [ 88.390216053565325, 22.520043628756877 ], [ 88.390305811179942, 22.520027861229064 ], [ 88.390404790038829, 22.520012013412352 ], [ 88.390503747648239, 22.519994024794986 ], [ 88.390586610633534, 22.519980458037214 ], [ 88.390678673542325, 22.519964670331472 ], [ 88.390647190714688, 22.519812937729874 ] ] } },
{ "type": "Feature", "properties": { "ward": 107, "source_sheet": "107_vip bazar.pdf p1", "source": "KMC ward sewerage network map (ArcMap GeoPDF)", "extraction_method": "geopdf_vector", "georef_max_residual_m": 0.1, "conduit_type": "pipe", "pipe_diameter_mm": 600.0, "diameter_source": "legend_colour", "diameter_candidates_mm": null, "label_diameter_mm": 600.0, "label_agrees": true, "scheme": null, "flow_arrow": "end" }, "geometry": { "type": "LineString", "coordinates": [ [ 88.394513883489466, 22.517310740599317 ], [ 88.394523895574252, 22.517389867851058 ], [ 88.39453629843625, 22.517477538021403 ], [ 88.394548679840938, 22.51756306736371 ], [ 88.394563537647628, 22.517665702659389 ], [ 88.394576004612787, 22.517759795032905 ], [ 88.394585867118678, 22.517823937025522 ], [ 88.394595772299922, 22.517892360491174 ], [ 88.394605656208384, 22.517958643217483 ], [ 88.394615540032049, 22.518024925943003 ], [ 88.394623118707088, 22.518091228873889 ] ] } },
{ "type": "Feature", "properties": { "ward": 107, "source_sheet": "107_vip bazar.pdf p1", "source": "KMC ward sewerage network map (ArcMap GeoPDF)", "extraction_method": "geopdf_vector", "georef_max_residual_m": 0.1, "conduit_type": "pipe", "pipe_diameter_mm": 225.0, "diameter_source": "legend_colour", "diameter_candidates_mm": null, "label_diameter_mm": 225.0, "label_agrees": true, "scheme": null, "flow_arrow": "end" }, "geometry": { "type": "LineString", "coordinates": [ [ 88.397306921406596, 22.513276373160323 ], [ 88.397194052946844, 22.51328592365395 ], [ 88.397143360327235, 22.513288507713632 ] ] } },
{ "type": "Feature", "properties": { "ward": 107, "source_sheet": "107_vip bazar.pdf p1", "source": "KMC ward sewerage network map (ArcMap GeoPDF)", "extraction_method": "geopdf_vector", "georef_max_residual_m": 0.1, "conduit_type": "pipe", "pipe_diameter_mm": 400.0, "diameter_source": "legend_colour", "diameter_candidates_mm": null, "label_diameter_mm": 400.0, "label_agrees": true, "scheme": null, "flow_arrow": "end" }, "geometry": { "type": "LineString", "coordinates": [ [ 88.395897863665382, 22.512768438330827 ], [ 88.395695200498366, 22.512789476585887 ], [ 88.395540924593874, 22.512807951183511 ], [ 88.395508694822965, 22.512812514439101 ] ] } },
{ "type": "Feature", "properties": { "ward": 107, "source_sheet": "107_vip bazar.pdf p1", "source": "KMC ward sewerage network map (ArcMap GeoPDF)", "extraction_method": "geopdf_vector", "georef_max_residual_m": 0.1, "conduit_type": "pipe", "pipe_diameter_mm": 600.0, "diameter_source": "legend_colour", "diameter_candidates_mm": null, "label_diameter_mm": 600.0, "label_agrees": true, "scheme": null, "flow_arrow": "end" }, "geometry": { "type": "LineString", "coordinates": [ [ 88.395126274902509, 22.511916659586952 ], [ 88.395188450197139, 22.511909694101639 ], [ 88.395407226985256, 22.511886374933344 ], [ 88.395444066852903, 22.511881771368856 ], [ 88.39549704288514, 22.511877027003901 ] ] } },
{ "type": "Feature", "properties": { "ward": 107, "source_sheet": "107_vip bazar.pdf p1", "source": "KMC ward sewerage network map (ArcMap GeoPDF)", "extraction_method": "geopdf_vector", "georef_max_residual_m": 0.1, "conduit_type": "pipe", "pipe_diameter_mm": 300.0, "diameter_source": "legend_colour", "diameter_candidates_mm": null, "label_diameter_mm": 300.0, "label_agrees": true, "scheme": null, "flow_arrow": "end" }, "geometry": { "type": "LineString", "coordinates": [ [ 88.395190870787189, 22.512382819967485 ], [ 88.39556784970334, 22.512272482010413 ], [ 88.395629896781571, 22.512252671834116 ] ] } },
{ "type": "Feature", "properties": { "ward": 107, "source_sheet": "107_vip bazar.pdf p1", "source": "KMC ward sewerage network map (ArcMap GeoPDF)", "extraction_method": "geopdf_vector", "georef_max_residual_m": 0.1, "conduit_type": "pipe", "pipe_diameter_mm": 225.0, "diameter_source": "legend_colour", "diameter_candidates_mm": null, "label_diameter_mm": 225.0, "label_agrees": true, "scheme": null, "flow_arrow": "end" }, "geometry": { "type": "LineString", "coordinates": [ [ 88.396988526440566, 22.511176757921461 ], [ 88.396994078772252, 22.511270910567521 ] ] } },
{ "type": "Feature", "properties": { "ward": 107, "source_sheet": "107_vip bazar.pdf p1", "source": "KMC ward sewerage network map (ArcMap GeoPDF)", "extraction_method": "geopdf_vector", "georef_max_residual_m": 0.1, "conduit_type": "pipe", "pipe_diameter_mm": 300.0, "diameter_source": "legend_colour", "diameter_candidates_mm": null, "label_diameter_mm": 300.0, "label_agrees": true, "scheme": null, "flow_arrow": "end" }, "geometry": { "type": "LineString", "coordinates": [ [ 88.396214627710606, 22.511708049180715 ], [ 88.396222228020662, 22.511776492713349 ], [ 88.396234588342253, 22.51185988122084 ], [ 88.396249339529618, 22.511951812625238 ], [ 88.396251944278049, 22.511981762984068 ] ] } },
{ "type": "Feature", "properties": { "ward": 107, "source_sheet": "107_vip bazar.pdf p1", "source": "KMC ward sewerage network map (ArcMap GeoPDF)", "extraction_method": "geopdf_vector", "georef_max_residual_m": 0.1, "conduit_type": "pipe", "pipe_diameter_mm": 225.0, "diameter_source": "legend_colour", "diameter_candidates_mm": null, "label_diameter_mm": 225.0, "label_agrees": true, "scheme": null, "flow_arrow": "end" }, "geometry": { "type": "LineString", "coordinates": [ [ 88.390886538423999, 22.511900087033865 ], [ 88.390867031234379, 22.511793209794337 ], [ 88.390841525111981, 22.511778445166559 ], [ 88.390814718836552, 22.511633094559539 ], [ 88.390692694317366, 22.511649142912422 ], [ 88.39058676322054, 22.511660769302487 ], [ 88.390485463817399, 22.511674496257228 ] ] } },
{ "type": "Feature", "properties": { "ward": 107, "source_sheet": "107_vip bazar.pdf p1", "source": "KMC ward sewerage network map (ArcMap GeoPDF)", "extraction_method": "geopdf_vector", "georef_max_residual_m": 0.1, "conduit_type": "pipe", "pipe_diameter_mm": 300.0, "diameter_source": "legend_colour", "diameter_candidates_mm": null, "label_diameter_mm": 300.0, "label_agrees": true, "scheme": null, "flow_arrow": "end" }, "geometry": { "type": "LineString", "coordinates": [ [ 88.390485463817399, 22.511674496257228 ], [ 88.39048108792332, 22.511698084619489 ], [ 88.390550690400872, 22.511742438837238 ], [ 88.390615640079531, 22.51178255156012 ], [ 88.390680589699656, 22.511822664344734 ], [ 88.390771279951949, 22.511901089994431 ], [ 88.390787991575678, 22.51195874997476 ], [ 88.390811746781125, 22.512029194225203 ], [ 88.390835565866183, 22.5121060607859 ], [ 88.390861711459166, 22.512185048023024 ], [ 88.390883182805013, 22.512257653148822 ], [ 88.390906959339418, 22.512330238120217 ] ] } },
{ "type": "Feature", "properties": { "ward": 107, "source_sheet": "107_vip bazar.pdf p1", "source": "KMC ward sewerage network map (ArcMap GeoPDF)", "extraction_method": "geopdf_vector", "georef_max_residual_m": 0.1, "conduit_type": "pipe", "pipe_diameter_mm": 225.0, "diameter_source": "legend_colour", "diameter_candidates_mm": null, "label_diameter_mm": 225.0, "label_agrees": true, "scheme": null, "flow_arrow": "end" }, "geometry": { "type": "LineString", "coordinates": [ [ 88.390404757975389, 22.511904278861088 ], [ 88.390485374969757, 22.511897154754351 ], [ 88.390563686794636, 22.511890050573783 ], [ 88.390639714765399, 22.511885107243199 ], [ 88.390708827159528, 22.511880224050095 ], [ 88.390771279951949, 22.511901089994431 ] ] } },
{ "type": "Feature", "properties": { "ward": 107, "source_sheet": "107_vip bazar.pdf p1", "source": "KMC ward sewerage network map (ArcMap GeoPDF)", "extraction_method": "geopdf_vector", "georef_max_residual_m": 0.1, "conduit_type": "pipe", "pipe_diameter_mm": 225.0, "diameter_source": "legend_colour", "diameter_candidates_mm": null, "label_diameter_mm": null, "label_agrees": null, "scheme": null, "flow_arrow": "end" }, "geometry": { "type": "LineString", "coordinates": [ [ 88.390404757975389, 22.511904278861088 ], [ 88.390410330948157, 22.511769351222902 ], [ 88.390368347841303, 22.511720474742141 ], [ 88.390349459024804, 22.511675679392088 ] ] } },
{ "type": "Feature", "properties": { "ward": 107, "source_sheet": "107_vip bazar.pdf p1", "source": "KMC ward sewerage network map (ArcMap GeoPDF)", "extraction_method": "geopdf_vector", "georef_max_residual_m": 0.1, "conduit_type": "pipe", "pipe_diameter_mm": 225.0, "diameter_source": "legend_colour", "diameter_candidates_mm": null, "label_diameter_mm": 225.0, "label_agrees": true, "scheme": null, "flow_arrow": "end" }, "geometry": { "type": "LineString", "coordinates": [ [ 88.390841525111981, 22.511778445166559 ], [ 88.390680589699656, 22.511822664344734 ] ] } },
{ "type": "Feature", "properties": { "ward": 107, "source_sheet": "107_vip bazar.pdf p1", "source": "KMC ward sewerage network map (ArcMap GeoPDF)", "extraction_method": "geopdf_vector", "georef_max_residual_m": 0.1, "conduit_type": "pipe", "pipe_diameter_mm": 225.0, "diameter_source": "legend_colour", "diameter_candidates_mm": null, "label_diameter_mm": 225.0, "label_agrees": true, "scheme": null, "flow_arrow": "end" }, "geometry": { "type": "LineString", "coordinates": [ [ 88.391294862152989, 22.513084754350228 ], [ 88.391363932546099, 22.513075589275314 ] ] } },
{ "type": "Feature", "properties": { "ward": 107, "source_sheet": "107_vip bazar.pdf p1", "source": "KMC ward sewerage network map (ArcMap GeoPDF)", "extraction_method": "geopdf_vector", "georef_max_residual_m": 0.1, "conduit_type": "pipe", "pipe_diameter_mm": 225.0, "diameter_source": "legend_colour", "diameter_candidates_mm": null, "label_diameter_mm": 225.0, "label_agrees": true, "scheme": null, "flow_arrow": "end" }, "geometry": { "type": "LineString", "coordinates": [ [ 88.391097601687477, 22.512722511762064 ], [ 88.391311813066807, 22.512703519672154 ] ] } },
{ "type": "Feature", "properties": { "ward": 107, "source_sheet": "107_vip bazar.pdf p1", "source": "KMC ward sewerage network map (ArcMap GeoPDF)", "extraction_method": "geopdf_vector", "georef_max_residual_m": 0.1, "conduit_type": "pipe", "pipe_diameter_mm": 225.0, "diameter_source": "legend_colour", "diameter_candidates_mm": null, "label_diameter_mm": 225.0, "label_agrees": true, "scheme": null, "flow_arrow": "end" }, "geometry": { "type": "LineString", "coordinates": [ [ 88.391104988853158, 22.512538326670207 ], [ 88.391286863437458, 22.512513193291944 ] ] } },
{ "type": "Feature", "properties": { "ward": 107, "source_sheet": "107_vip bazar.pdf p1", "source": "KMC ward sewerage network map (ArcMap GeoPDF)", "extraction_method": "geopdf_vector", "georef_max_residual_m": 0.1, "conduit_type": "pipe", "pipe_diameter_mm": 400.0, "diameter_source": "legend_colour", "diameter_candidates_mm": null, "label_diameter_mm": 400.0, "label_agrees": true, "scheme": null, "flow_arrow": "end" }, "geometry": { "type": "LineString", "coordinates": [ [ 88.390767602579828, 22.521717323881337 ], [ 88.390657053318563, 22.521728990823071 ], [ 88.390551114580163, 22.52174061747478 ], [ 88.390454397203612, 22.521752163898306 ], [ 88.390352877291662, 22.52174448363893 ] ] } },
{ "type": "Feature", "properties": { "ward": 107, "source_sheet": "107_vip bazar.pdf p1", "source": "KMC ward sewerage network map (ArcMap GeoPDF)", "extraction_method": "geopdf_vector", "georef_max_residual_m": 0.1, "conduit_type": "pipe", "pipe_diameter_mm": 225.0, "diameter_source": "legend_colour", "diameter_candidates_mm": null, "label_diameter_mm": 225.0, "label_agrees": true, "scheme": null, "flow_arrow": "end" }, "geometry": { "type": "LineString", "coordinates": [ [ 88.391829102269767, 22.521119323157912 ], [ 88.391974145364486, 22.52109879123994 ] ] } },
{ "type": "Feature", "properties": { "ward": 107, "source_sheet": "107_vip bazar.pdf p1", "source": "KMC ward sewerage network map (ArcMap GeoPDF)", "extraction_method": "geopdf_vector", "georef_max_residual_m": 0.1, "conduit_type": "pipe", "pipe_diameter_mm": 300.0, "diameter_source": "legend_colour", "diameter_candidates_mm": null, "label_diameter_mm": null, "label_agrees": null, "scheme": null, "flow_arrow": "end" }, "geometry": { "type": "LineString", "coordinates": [ [ 88.393891449456945, 22.511539923426554 ], [ 88.393776319597904, 22.511553773047471 ], [ 88.393668083895818, 22.511565421459498 ], [ 88.393559869433901, 22.511579210629193 ] ] } },
{ "type": "Feature", "properties": { "ward": 107, "source_sheet": "107_vip bazar.pdf p1", "source": "KMC ward sewerage network map (ArcMap GeoPDF)", "extraction_method": "geopdf_vector", "georef_max_residual_m": 0.1, "conduit_type": "pipe", "pipe_diameter_mm": 300.0, "diameter_source": "legend_colour", "diameter_candidates_mm": null, "label_diameter_mm": 300.0, "label_agrees": true, "scheme": null, "flow_arrow": "end" }, "geometry": { "type": "LineString", "coordinates": [ [ 88.393833903960797, 22.51131776774772 ], [ 88.393704964762094, 22.511333878657638 ], [ 88.393587508542268, 22.511345607496434 ], [ 88.393529943674167, 22.511352532160615 ] ] } },
{ "type": "Feature", "properties": { "ward": 107, "source_sheet": "107_vip bazar.pdf p1", "source": "KMC ward sewerage network map (ArcMap GeoPDF)", "extraction_method": "geopdf_vector", "georef_max_residual_m": 0.1, "conduit_type": "pipe", "pipe_diameter_mm": 300.0, "diameter_source": "legend_colour", "diameter_candidates_mm": null, "label_diameter_mm": 300.0, "label_agrees": true, "scheme": null, "flow_arrow": "end" }, "geometry": { "type": "LineString", "coordinates": [ [ 88.392817265839938, 22.511551428462969 ], [ 88.392807276682461, 22.511474441719169 ], [ 88.392797351672627, 22.511403877282568 ], [ 88.392784929321408, 22.511314066090844 ], [ 88.39276996704767, 22.511200726749966 ], [ 88.392754983554966, 22.511085246663722 ], [ 88.392747128864485, 22.510991113810086 ], [ 88.392741643456816, 22.5109033830893 ], [ 88.392752742357686, 22.510860467583687 ], [ 88.392733532758641, 22.51078356125635 ], [ 88.392731142244003, 22.51077501829069 ] ] } },
{ "type": "Feature", "properties": { "ward": 107, "source_sheet": "107_vip bazar.pdf p1", "source": "KMC ward sewerage network map (ArcMap GeoPDF)", "extraction_method": "geopdf_vector", "georef_max_residual_m": 0.1, "conduit_type": "pipe", "pipe_diameter_mm": 300.0, "diameter_source": "legend_colour", "diameter_candidates_mm": null, "label_diameter_mm": 300.0, "label_agrees": true, "scheme": null, "flow_arrow": "end" }, "geometry": { "type": "LineString", "coordinates": [ [ 88.394331655168557, 22.511989962621609 ], [ 88.394198083654288, 22.512003973345305 ], [ 88.39414282371601, 22.512010878222124 ], [ 88.394092152717235, 22.512015602040378 ], [ 88.394036871400601, 22.512020366053182 ], [ 88.394039603966689, 22.512063160993666 ], [ 88.39404513301136, 22.512155173091987 ], [ 88.394053223619977, 22.512272854038869 ] ] } },
{ "type": "Feature", "properties": { "ward": 107, "source_sheet": "107_vip bazar.pdf p1", "source": "KMC ward sewerage network map (ArcMap GeoPDF)", "extraction_method": "geopdf_vector", "georef_max_residual_m": 0.1, "conduit_type": "pipe", "pipe_diameter_mm": 600.0, "diameter_source": "legend_colour", "diameter_candidates_mm": null, "label_diameter_mm": 600.0, "label_agrees": true, "scheme": null, "flow_arrow": "end" }, "geometry": { "type": "LineString", "coordinates": [ [ 88.393731133333731, 22.522271694274338 ], [ 88.393565384071053, 22.522296690260092 ], [ 88.393383539982807, 22.52232610837417 ], [ 88.393176059464579, 22.522327917645296 ], [ 88.392998548199046, 22.52232946536634 ] ] } },
{ "type": "Feature", "properties": { "ward": 107, "source_sheet": "107_vip bazar.pdf p1", "source": "KMC ward sewerage network map (ArcMap GeoPDF)", "extraction_method": "geopdf_vector", "georef_max_residual_m": 0.1, "conduit_type": "pipe", "pipe_diameter_mm": 300.0, "diameter_source": "legend_colour", "diameter_candidates_mm": null, "label_diameter_mm": 300.0, "label_agrees": true, "scheme": null, "flow_arrow": "end" }, "geometry": { "type": "LineString", "coordinates": [ [ 88.394578659525934, 22.521949581703467 ], [ 88.394457097034774, 22.52201272978434 ], [ 88.394340123695002, 22.522073696806782 ], [ 88.394202487749183, 22.522143407739289 ], [ 88.394016354027002, 22.522204978006034 ], [ 88.393832375937862, 22.522251542620449 ], [ 88.393731133333731, 22.522271694274338 ] ] } },
{ "type": "Feature", "properties": { "ward": 107, "source_sheet": "107_vip bazar.pdf p1", "source": "KMC ward sewerage network map (ArcMap GeoPDF)", "extraction_method": "geopdf_vector", "georef_max_residual_m": 0.1, "conduit_type": "pipe", "pipe_diameter_mm": 225.0, "diameter_source": "legend_colour", "diameter_candidates_mm": null, "label_diameter_mm": null, "label_agrees": null, "scheme": null, "flow_arrow": "end" }, "geometry": { "type": "LineString", "coordinates": [ [ 88.388670984798338, 22.511426935575361 ], [ 88.388551371671667, 22.511453666090656 ] ] } },
{ "type": "Feature", "properties": { "ward": 107, "source_sheet": "107_vip bazar.pdf p1", "source": "KMC ward sewerage network map (ArcMap GeoPDF)", "extraction_method": "geopdf_vector", "georef_max_residual_m": 0.1, "conduit_type": "pipe", "pipe_diameter_mm": 225.0, "diameter_source": "legend_colour", "diameter_candidates_mm": null, "label_diameter_mm": 225.0, "label_agrees": true, "scheme": null, "flow_arrow": "end" }, "geometry": { "type": "LineString", "coordinates": [ [ 88.388464662133757, 22.51177556049397 ], [ 88.388459328316713, 22.511702814798568 ], [ 88.388588375212422, 22.511697411851209 ], [ 88.388604256026184, 22.511671582555156 ], [ 88.388611022523307, 22.511656537176634 ], [ 88.388606220677161, 22.511637310445703 ], [ 88.388580033808012, 22.511554041279837 ], [ 88.388551371671667, 22.511453666090656 ], [ 88.388534533257896, 22.511383161271553 ], [ 88.388510481496297, 22.511282746017997 ], [ 88.388486451052614, 22.511184471502116 ], [ 88.388476868618099, 22.511148158682897 ] ] } },
{ "type": "Feature", "properties": { "ward": 107, "source_sheet": "107_vip bazar.pdf p1", "source": "KMC ward sewerage network map (ArcMap GeoPDF)", "extraction_method": "geopdf_vector", "georef_max_residual_m": 0.1, "conduit_type": "pipe", "pipe_diameter_mm": 225.0, "diameter_source": "legend_colour", "diameter_candidates_mm": null, "label_diameter_mm": 225.0, "label_agrees": true, "scheme": null, "flow_arrow": "end" }, "geometry": { "type": "LineString", "coordinates": [ [ 88.389968028064743, 22.512265614483457 ], [ 88.389866834647989, 22.512290044786631 ], [ 88.389900236076471, 22.512403224127365 ], [ 88.389695416014902, 22.51243926018369 ], [ 88.389729435044757, 22.512614521459131 ], [ 88.389543056087859, 22.51265039707393 ] ] } },
{ "type": "Feature", "properties": { "ward": 107, "source_sheet": "107_vip bazar.pdf p1", "source": "KMC ward sewerage network map (ArcMap GeoPDF)", "extraction_method": "geopdf_vector", "georef_max_residual_m": 0.1, "conduit_type": "pipe", "pipe_diameter_mm": 225.0, "diameter_source": "legend_colour", "diameter_candidates_mm": null, "label_diameter_mm": 225.0, "label_agrees": true, "scheme": null, "flow_arrow": "end" }, "geometry": { "type": "LineString", "coordinates": [ [ 88.387852835779512, 22.516092729211675 ], [ 88.387958536528814, 22.51605755617814 ] ] } },
{ "type": "Feature", "properties": { "ward": 107, "source_sheet": "107_vip bazar.pdf p1", "source": "KMC ward sewerage network map (ArcMap GeoPDF)", "extraction_method": "geopdf_vector", "georef_max_residual_m": 0.1, "conduit_type": "pipe", "pipe_diameter_mm": 225.0, "diameter_source": "legend_colour", "diameter_candidates_mm": null, "label_diameter_mm": 225.0, "label_agrees": true, "scheme": null, "flow_arrow": "end" }, "geometry": { "type": "LineString", "coordinates": [ [ 88.395142917152754, 22.510351489549976 ], [ 88.395373174382016, 22.510323788383875 ], [ 88.395324398706023, 22.510056597036623 ] ] } },
{ "type": "Feature", "properties": { "ward": 107, "source_sheet": "107_vip bazar.pdf p1", "source": "KMC ward sewerage network map (ArcMap GeoPDF)", "extraction_method": "geopdf_vector", "georef_max_residual_m": 0.1, "conduit_type": "pipe", "pipe_diameter_mm": 225.0, "diameter_source": "legend_colour", "diameter_candidates_mm": null, "label_diameter_mm": 225.0, "label_agrees": true, "scheme": null, "flow_arrow": "end" }, "geometry": { "type": "LineString", "coordinates": [ [ 88.394537963019474, 22.510024923242778 ], [ 88.394609358103267, 22.510017877488181 ], [ 88.394692278792832, 22.510010731227791 ], [ 88.39477519956742, 22.510003584924274 ], [ 88.394849049376262, 22.510011504210986 ], [ 88.394925225596154, 22.510021544175967 ], [ 88.394999075419122, 22.510029463392932 ], [ 88.395061399635154, 22.510037483255822 ], [ 88.395065625052723, 22.509998909458137 ], [ 88.395069871848634, 22.509962476488028 ] ] } },
{ "type": "Feature", "properties": { "ward": 107, "source_sheet": "107_vip bazar.pdf p1", "source": "KMC ward sewerage network map (ArcMap GeoPDF)", "extraction_method": "geopdf_vector", "georef_max_residual_m": 0.1, "conduit_type": "pipe", "pipe_diameter_mm": 300.0, "diameter_source": "legend_colour", "diameter_candidates_mm": null, "label_diameter_mm": 300.0, "label_agrees": true, "scheme": null, "flow_arrow": "end" }, "geometry": { "type": "LineString", "coordinates": [ [ 88.39377638002874, 22.511097752772486 ], [ 88.393658838580762, 22.511100918605955 ], [ 88.393550496429597, 22.511101863224081 ], [ 88.39349519408897, 22.511104486294236 ] ] } },
{ "type": "Feature", "properties": { "ward": 107, "source_sheet": "107_vip bazar.pdf p1", "source": "KMC ward sewerage network map (ArcMap GeoPDF)", "extraction_method": "geopdf_vector", "georef_max_residual_m": 0.1, "conduit_type": "pipe", "pipe_diameter_mm": 225.0, "diameter_source": "legend_colour", "diameter_candidates_mm": null, "label_diameter_mm": 225.0, "label_agrees": true, "scheme": null, "flow_arrow": "end" }, "geometry": { "type": "LineString", "coordinates": [ [ 88.387234466021198, 22.519290240290086 ], [ 88.387217456941315, 22.519202609467936 ], [ 88.387197993729657, 22.519100013273672 ], [ 88.387178509283842, 22.518995276331005 ], [ 88.38715418038224, 22.518867031141351 ] ] } },
{ "type": "Feature", "properties": { "ward": 107, "source_sheet": "107_vip bazar.pdf p1", "source": "KMC ward sewerage network map (ArcMap GeoPDF)", "extraction_method": "geopdf_vector", "georef_max_residual_m": 0.1, "conduit_type": "pipe", "pipe_diameter_mm": 225.0, "diameter_source": "legend_colour", "diameter_candidates_mm": null, "label_diameter_mm": 225.0, "label_agrees": true, "scheme": null, "flow_arrow": "end" }, "geometry": { "type": "LineString", "coordinates": [ [ 88.38715418038224, 22.518867031141351 ], [ 88.386944547949241, 22.518883837429911 ], [ 88.386955023721413, 22.519010061975226 ], [ 88.386984537179515, 22.519196067611276 ], [ 88.38700649692187, 22.519317910606834 ], [ 88.387023697276661, 22.519424808235637 ], [ 88.38700337490512, 22.519467803468736 ], [ 88.387029881501491, 22.519583184113351 ], [ 88.387053253478371, 22.519615095327328 ] ] } },
{ "type": "Feature", "properties": { "ward": 107, "source_sheet": "107_vip bazar.pdf p1", "source": "KMC ward sewerage network map (ArcMap GeoPDF)", "extraction_method": "geopdf_vector", "georef_max_residual_m": 0.1, "conduit_type": "pipe", "pipe_diameter_mm": 225.0, "diameter_source": "legend_colour", "diameter_candidates_mm": null, "label_diameter_mm": 225.0, "label_agrees": true, "scheme": null, "flow_arrow": "end" }, "geometry": { "type": "LineString", "coordinates": [ [ 88.390797326192882, 22.509886239085773 ], [ 88.39079205523015, 22.509819915825791 ], [ 88.390781939489287, 22.509730084332894 ] ] } },
{ "type": "Feature", "properties": { "ward": 107, "source_sheet": "107_vip bazar.pdf p1", "source": "KMC ward sewerage network map (ArcMap GeoPDF)", "extraction_method": "geopdf_vector", "georef_max_residual_m": 0.1, "conduit_type": "pipe", "pipe_diameter_mm": 300.0, "diameter_source": "legend_colour", "diameter_candidates_mm": null, "label_diameter_mm": 300.0, "label_agrees": true, "scheme": null, "flow_arrow": "end" }, "geometry": { "type": "LineString", "coordinates": [ [ 88.390931617889379, 22.510176238338939 ], [ 88.390772755019427, 22.510196889207897 ], [ 88.390611586866129, 22.510217559888666 ], [ 88.390466554762725, 22.510238090041863 ], [ 88.390456758812348, 22.510180369842974 ], [ 88.390432002773835, 22.510009310053711 ], [ 88.39041207013031, 22.509859617579604 ], [ 88.390404685994781, 22.509812581123633 ], [ 88.390397216540933, 22.50975698169615 ] ] } },
{ "type": "Feature", "properties": { "ward": 107, "source_sheet": "107_vip bazar.pdf p1", "source": "KMC ward sewerage network map (ArcMap GeoPDF)", "extraction_method": "geopdf_vector", "georef_max_residual_m": 0.1, "conduit_type": "pipe", "pipe_diameter_mm": 300.0, "diameter_source": "legend_colour", "diameter_candidates_mm": null, "label_diameter_mm": 300.0, "label_agrees": true, "scheme": null, "flow_arrow": "end" }, "geometry": { "type": "LineString", "coordinates": [ [ 88.390466554762725, 22.510238090041863 ], [ 88.39044141121596, 22.510259718135636 ], [ 88.390271022492186, 22.510280468778436 ] ] } },
{ "type": "Feature", "properties": { "ward": 107, "source_sheet": "107_vip bazar.pdf p1", "source": "KMC ward sewerage network map (ArcMap GeoPDF)", "extraction_method": "geopdf_vector", "georef_max_residual_m": 0.1, "conduit_type": "pipe", "pipe_diameter_mm": 300.0, "diameter_source": "legend_colour", "diameter_candidates_mm": null, "label_diameter_mm": 300.0, "label_agrees": true, "scheme": null, "flow_arrow": "end" }, "geometry": { "type": "LineString", "coordinates": [ [ 88.382597390548696, 22.511066387832685 ], [ 88.382516964084758, 22.51109277491156 ], [ 88.382504717866212, 22.511020088673817 ], [ 88.382492408198885, 22.510940980183815 ], [ 88.382466140441366, 22.510849146736319 ], [ 88.382439830254626, 22.51075303178294 ], [ 88.382427965551145, 22.510718879297016 ] ] } },
{ "type": "Feature", "properties": { "ward": 107, "source_sheet": "107_vip bazar.pdf p1", "source": "KMC ward sewerage network map (ArcMap GeoPDF)", "extraction_method": "geopdf_vector", "georef_max_residual_m": 0.1, "conduit_type": "pipe", "pipe_diameter_mm": 225.0, "diameter_source": "legend_colour", "diameter_candidates_mm": null, "label_diameter_mm": 225.0, "label_agrees": true, "scheme": null, "flow_arrow": "end" }, "geometry": { "type": "LineString", "coordinates": [ [ 88.387640844013362, 22.510534545963321 ], [ 88.387546694346341, 22.510571759293569 ], [ 88.387461765282438, 22.51060889262039 ], [ 88.387434209820185, 22.510619836463661 ] ] } },
{ "type": "Feature", "properties": { "ward": 107, "source_sheet": "107_vip bazar.pdf p1", "source": "KMC ward sewerage network map (ArcMap GeoPDF)", "extraction_method": "geopdf_vector", "georef_max_residual_m": 0.1, "conduit_type": "pipe", "pipe_diameter_mm": 300.0, "diameter_source": "legend_colour", "diameter_candidates_mm": null, "label_diameter_mm": 300.0, "label_agrees": true, "scheme": null, "flow_arrow": "end" }, "geometry": { "type": "LineString", "coordinates": [ [ 88.394606786513748, 22.529149295867182 ], [ 88.394491770607814, 22.529175991199022 ], [ 88.394365291612118, 22.529209209274587 ] ] } },
{ "type": "Feature", "properties": { "ward": 107, "source_sheet": "107_vip bazar.pdf p1", "source": "KMC ward sewerage network map (ArcMap GeoPDF)", "extraction_method": "geopdf_vector", "georef_max_residual_m": 0.1, "conduit_type": "pipe", "pipe_diameter_mm": 225.0, "diameter_source": "legend_colour", "diameter_candidates_mm": null, "label_diameter_mm": 225.0, "label_agrees": true, "scheme": null, "flow_arrow": "end" }, "geometry": { "type": "LineString", "coordinates": [ [ 88.393928260423564, 22.529313647357004 ], [ 88.394165187618555, 22.529258056388191 ], [ 88.394365291612118, 22.529209209274587 ] ] } },
{ "type": "Feature", "properties": { "ward": 107, "source_sheet": "107_vip bazar.pdf p1", "source": "KMC ward sewerage network map (ArcMap GeoPDF)", "extraction_method": "geopdf_vector", "georef_max_residual_m": 0.1, "conduit_type": "box_sewer", "pipe_diameter_mm": null, "diameter_source": null, "diameter_candidates_mm": null, "label_diameter_mm": null, "label_agrees": null, "scheme": null, "flow_arrow": "end" }, "geometry": { "type": "LineString", "coordinates": [ [ 88.392438727064402, 22.52607027734815 ], [ 88.392335005228745, 22.526073322286951 ], [ 88.392222061818003, 22.526076447523018 ], [ 88.39211834006089, 22.526079492321767 ], [ 88.392010007415323, 22.526082577230561 ] ] } },
{ "type": "Feature", "properties": { "ward": 107, "source_sheet": "107_vip bazar.pdf p1", "source": "KMC ward sewerage network map (ArcMap GeoPDF)", "extraction_method": "geopdf_vector", "georef_max_residual_m": 0.1, "conduit_type": "pipe", "pipe_diameter_mm": 450.0, "diameter_source": "legend_colour", "diameter_candidates_mm": null, "label_diameter_mm": 450.0, "label_agrees": true, "scheme": null, "flow_arrow": "end" }, "geometry": { "type": "LineString", "coordinates": [ [ 88.39498574161513, 22.524849134452847 ], [ 88.395017636994638, 22.525041539952749 ], [ 88.395044665083589, 22.525208296794379 ], [ 88.39505963137988, 22.525321635562211 ], [ 88.395076860196752, 22.525430672726571 ], [ 88.395098913863848, 22.525561077055293 ] ] } },
{ "type": "Feature", "properties": { "ward": 107, "source_sheet": "107_vip bazar.pdf p1", "source": "KMC ward sewerage network map (ArcMap GeoPDF)", "extraction_method": "geopdf_vector", "georef_max_residual_m": 0.1, "conduit_type": "pipe", "pipe_diameter_mm": 300.0, "diameter_source": "legend_colour", "diameter_candidates_mm": null, "label_diameter_mm": 300.0, "label_agrees": true, "scheme": null, "flow_arrow": "end" }, "geometry": { "type": "LineString", "coordinates": [ [ 88.385151849867242, 22.511078525424857 ], [ 88.38502512972228, 22.511086046366842 ], [ 88.384896104312318, 22.511093587273351 ], [ 88.384879055549987, 22.511001674408508 ], [ 88.384864333280092, 22.510911882313565 ], [ 88.384808967009832, 22.510908080161411 ], [ 88.384784451129534, 22.510760567488752 ], [ 88.384759935213253, 22.510613054718757 ], [ 88.384730830395213, 22.510467722717344 ], [ 88.384701661890702, 22.51031596846218 ], [ 88.384687045931969, 22.510236880163049 ] ] } },
{ "type": "Feature", "properties": { "ward": 107, "source_sheet": "107_vip bazar.pdf p1", "source": "KMC ward sewerage network map (ArcMap GeoPDF)", "extraction_method": "geopdf_vector", "georef_max_residual_m": 0.1, "conduit_type": "pipe", "pipe_diameter_mm": 300.0, "diameter_source": "legend_colour", "diameter_candidates_mm": null, "label_diameter_mm": 300.0, "label_agrees": true, "scheme": null, "flow_arrow": "end" }, "geometry": { "type": "LineString", "coordinates": [ [ 88.384889936465399, 22.510703988958824 ], [ 88.384868171371053, 22.51060141229356 ], [ 88.384759935213253, 22.510613054718757 ] ] } },
{ "type": "Feature", "properties": { "ward": 107, "source_sheet": "107_vip bazar.pdf p1", "source": "KMC ward sewerage network map (ArcMap GeoPDF)", "extraction_method": "geopdf_vector", "georef_max_residual_m": 0.1, "conduit_type": "pipe", "pipe_diameter_mm": 225.0, "diameter_source": "legend_colour", "diameter_candidates_mm": null, "label_diameter_mm": 225.0, "label_agrees": true, "scheme": null, "flow_arrow": "end" }, "geometry": { "type": "LineString", "coordinates": [ [ 88.385895620489563, 22.516567876448345 ], [ 88.385791947930073, 22.516575198312534 ], [ 88.385683686021082, 22.516584700924675 ], [ 88.385607655175576, 22.516589642050171 ] ] } },
{ "type": "Feature", "properties": { "ward": 107, "source_sheet": "107_vip bazar.pdf p1", "source": "KMC ward sewerage network map (ArcMap GeoPDF)", "extraction_method": "geopdf_vector", "georef_max_residual_m": 0.1, "conduit_type": "pipe", "pipe_diameter_mm": 300.0, "diameter_source": "legend_colour", "diameter_candidates_mm": null, "label_diameter_mm": 300.0, "label_agrees": true, "scheme": null, "flow_arrow": "end" }, "geometry": { "type": "LineString", "coordinates": [ [ 88.385805654616348, 22.511218442112273 ], [ 88.385813801886201, 22.511342546170567 ], [ 88.385751604924764, 22.511347367299866 ], [ 88.385755502886823, 22.511507904204485 ] ] } },
{ "type": "Feature", "properties": { "ward": 107, "source_sheet": "107_vip bazar.pdf p1", "source": "KMC ward sewerage network map (ArcMap GeoPDF)", "extraction_method": "geopdf_vector", "georef_max_residual_m": 0.1, "conduit_type": "pipe", "pipe_diameter_mm": 300.0, "diameter_source": "legend_colour", "diameter_candidates_mm": null, "label_diameter_mm": 300.0, "label_agrees": true, "scheme": null, "flow_arrow": "end" }, "geometry": { "type": "LineString", "coordinates": [ [ 88.385824963731537, 22.512235222465495 ], [ 88.385833472205903, 22.512395719458862 ] ] } },
{ "type": "Feature", "properties": { "ward": 107, "source_sheet": "107_vip bazar.pdf p1", "source": "KMC ward sewerage network map (ArcMap GeoPDF)", "extraction_method": "geopdf_vector", "georef_max_residual_m": 0.1, "conduit_type": "pipe", "pipe_diameter_mm": 300.0, "diameter_source": "legend_colour", "diameter_candidates_mm": null, "label_diameter_mm": 300.0, "label_agrees": true, "scheme": null, "flow_arrow": "end" }, "geometry": { "type": "LineString", "coordinates": [ [ 88.385833472205903, 22.512395719458862 ], [ 88.385987855700449, 22.512387957852571 ] ] } },
{ "type": "Feature", "properties": { "ward": 107, "source_sheet": "107_vip bazar.pdf p1", "source": "KMC ward sewerage network map (ArcMap GeoPDF)", "extraction_method": "geopdf_vector", "georef_max_residual_m": 0.1, "conduit_type": "pipe", "pipe_diameter_mm": 300.0, "diameter_source": "legend_colour", "diameter_candidates_mm": null, "label_diameter_mm": 300.0, "label_agrees": true, "scheme": null, "flow_arrow": "end" }, "geometry": { "type": "LineString", "coordinates": [ [ 88.385850191976544, 22.512686742627221 ], [ 88.385833472205903, 22.512395719458862 ] ] } },
{ "type": "Feature", "properties": { "ward": 107, "source_sheet": "107_vip bazar.pdf p1", "source": "KMC ward sewerage network map (ArcMap GeoPDF)", "extraction_method": "geopdf_vector", "georef_max_residual_m": 0.1, "conduit_type": "pipe", "pipe_diameter_mm": 225.0, "diameter_source": "legend_colour", "diameter_candidates_mm": null, "label_diameter_mm": 225.0, "label_agrees": true, "scheme": null, "flow_arrow": "end" }, "geometry": { "type": "LineString", "coordinates": [ [ 88.385890940850814, 22.513076040743549 ], [ 88.385910253311323, 22.513163651949906 ], [ 88.385919920124721, 22.513208527924842 ] ] } },
{ "type": "Feature", "properties": { "ward": 107, "source_sheet": "107_vip bazar.pdf p1", "source": "KMC ward sewerage network map (ArcMap GeoPDF)", "extraction_method": "geopdf_vector", "georef_max_residual_m": 0.1, "conduit_type": "pipe", "pipe_diameter_mm": 225.0, "diameter_source": "legend_colour", "diameter_candidates_mm": null, "label_diameter_mm": 225.0, "label_agrees": true, "scheme": null, "flow_arrow": "end" }, "geometry": { "type": "LineString", "coordinates": [ [ 88.385466445404788, 22.513045466134386 ], [ 88.385483431080687, 22.513130956643725 ], [ 88.385500607994217, 22.51323571386612 ], [ 88.38550790588674, 22.513274187615817 ] ] } },
{ "type": "Feature", "properties": { "ward": 107, "source_sheet": "107_vip bazar.pdf p1", "source": "KMC ward sewerage network map (ArcMap GeoPDF)", "extraction_method": "geopdf_vector", "georef_max_residual_m": 0.1, "conduit_type": "pipe", "pipe_diameter_mm": 225.0, "diameter_source": "legend_colour", "diameter_candidates_mm": null, "label_diameter_mm": 225.0, "label_agrees": true, "scheme": null, "flow_arrow": "end" }, "geometry": { "type": "LineString", "coordinates": [ [ 88.385583960340014, 22.512342218217221 ], [ 88.385441315136006, 22.512371287078555 ], [ 88.385303280208561, 22.512400315855569 ] ] } },
{ "type": "Feature", "properties": { "ward": 107, "source_sheet": "107_vip bazar.pdf p1", "source": "KMC ward sewerage network map (ArcMap GeoPDF)", "extraction_method": "geopdf_vector", "georef_max_residual_m": 0.1, "conduit_type": "pipe", "pipe_diameter_mm": 300.0, "diameter_source": "legend_colour", "diameter_candidates_mm": null, "label_diameter_mm": 300.0, "label_agrees": true, "scheme": null, "flow_arrow": "end" }, "geometry": { "type": "LineString", "coordinates": [ [ 88.384800418787862, 22.512603781367094 ], [ 88.384744916465124, 22.512353771889138 ] ] } },
{ "type": "Feature", "properties": { "ward": 107, "source_sheet": "107_vip bazar.pdf p1", "source": "KMC ward sewerage network map (ArcMap GeoPDF)", "extraction_method": "geopdf_vector", "georef_max_residual_m": 0.1, "conduit_type": "pipe", "pipe_diameter_mm": 400.0, "diameter_source": "legend_colour", "diameter_candidates_mm": null, "label_diameter_mm": 400.0, "label_agrees": true, "scheme": null, "flow_arrow": "end" }, "geometry": { "type": "LineString", "coordinates": [ [ 88.383662703903383, 22.512253956582487 ], [ 88.383643159741752, 22.512142796697958 ], [ 88.383623658027602, 22.512035918394041 ], [ 88.38346815090776, 22.511930217332345 ], [ 88.383407956069803, 22.511671684152194 ] ] } },
{ "type": "Feature", "properties": { "ward": 107, "source_sheet": "107_vip bazar.pdf p1", "source": "KMC ward sewerage network map (ArcMap GeoPDF)", "extraction_method": "geopdf_vector", "georef_max_residual_m": 0.1, "conduit_type": "pipe", "pipe_diameter_mm": 400.0, "diameter_source": "legend_colour", "diameter_candidates_mm": null, "label_diameter_mm": 400.0, "label_agrees": true, "scheme": null, "flow_arrow": "end" }, "geometry": { "type": "LineString", "coordinates": [ [ 88.383269026444481, 22.512308747062644 ], [ 88.383242058284154, 22.512146268641814 ], [ 88.383217543758178, 22.511998755679876 ], [ 88.383190702930278, 22.511849121909886 ] ] } },
{ "type": "Feature", "properties": { "ward": 107, "source_sheet": "107_vip bazar.pdf p1", "source": "KMC ward sewerage network map (ArcMap GeoPDF)", "extraction_method": "geopdf_vector", "georef_max_residual_m": 0.1, "conduit_type": "pipe", "pipe_diameter_mm": 500.0, "diameter_source": "legend_colour", "diameter_candidates_mm": null, "label_diameter_mm": null, "label_agrees": null, "scheme": null, "flow_arrow": "end" }, "geometry": { "type": "LineString", "coordinates": [ [ 88.390656060799728, 22.522786622259229 ], [ 88.390713009979137, 22.52294883782254 ], [ 88.390774719277942, 22.523125998393322 ] ] } },
{ "type": "Feature", "properties": { "ward": 107, "source_sheet": "107_vip bazar.pdf p1", "source": "KMC ward sewerage network map (ArcMap GeoPDF)", "extraction_method": "geopdf_vector", "georef_max_residual_m": 0.1, "conduit_type": "pipe", "pipe_diameter_mm": 225.0, "diameter_source": "legend_colour", "diameter_candidates_mm": null, "label_diameter_mm": 225.0, "label_agrees": true, "scheme": null, "flow_arrow": "end" }, "geometry": { "type": "LineString", "coordinates": [ [ 88.38995661215138, 22.514361693663911 ], [ 88.389966983539608, 22.514477214161857 ] ] } },
{ "type": "Feature", "properties": { "ward": 107, "source_sheet": "107_vip bazar.pdf p1", "source": "KMC ward sewerage network map (ArcMap GeoPDF)", "extraction_method": "geopdf_vector", "georef_max_residual_m": 0.1, "conduit_type": "pipe", "pipe_diameter_mm": 300.0, "diameter_source": "legend_colour", "diameter_candidates_mm": null, "label_diameter_mm": 300.0, "label_agrees": true, "scheme": null, "flow_arrow": "end" }, "geometry": { "type": "LineString", "coordinates": [ [ 88.399004385127114, 22.511735038218156 ], [ 88.399019502533463, 22.511863361942453 ], [ 88.399024627541593, 22.511914699482713 ] ] } },
{ "type": "Feature", "properties": { "ward": 107, "source_sheet": "107_vip bazar.pdf p1", "source": "KMC ward sewerage network map (ArcMap GeoPDF)", "extraction_method": "geopdf_vector", "georef_max_residual_m": 0.1, "conduit_type": "pipe", "pipe_diameter_mm": 300.0, "diameter_source": "legend_colour", "diameter_candidates_mm": null, "label_diameter_mm": 300.0, "label_agrees": true, "scheme": null, "flow_arrow": "end" }, "geometry": { "type": "LineString", "coordinates": [ [ 88.399368558109245, 22.5121878692972 ], [ 88.399400412769012, 22.512375992592563 ] ] } },
{ "type": "Feature", "properties": { "ward": 107, "source_sheet": "107_vip bazar.pdf p1", "source": "KMC ward sewerage network map (ArcMap GeoPDF)", "extraction_method": "geopdf_vector", "georef_max_residual_m": 0.1, "conduit_type": "pipe", "pipe_diameter_mm": 300.0, "diameter_source": "legend_colour", "diameter_candidates_mm": null, "label_diameter_mm": 300.0, "label_agrees": true, "scheme": null, "flow_arrow": "end" }, "geometry": { "type": "LineString", "coordinates": [ [ 88.399246920503487, 22.51224245750026 ], [ 88.399255337206853, 22.512392249239422 ] ] } },
{ "type": "Feature", "properties": { "ward": 107, "source_sheet": "107_vip bazar.pdf p1", "source": "KMC ward sewerage network map (ArcMap GeoPDF)", "extraction_method": "geopdf_vector", "georef_max_residual_m": 0.1, "conduit_type": "pipe", "pipe_diameter_mm": 300.0, "diameter_source": "legend_colour", "diameter_candidates_mm": null, "label_diameter_mm": 300.0, "label_agrees": true, "scheme": null, "flow_arrow": "end" }, "geometry": { "type": "LineString", "coordinates": [ [ 88.398435180143935, 22.512217447608361 ], [ 88.398317723783791, 22.51222917991484 ], [ 88.398191068107252, 22.512243133531861 ], [ 88.398062107337935, 22.512257107123428 ], [ 88.397928536127424, 22.512271121025133 ], [ 88.397850246100276, 22.512280369515352 ] ] } },
{ "type": "Feature", "properties": { "ward": 107, "source_sheet": "107_vip bazar.pdf p1", "source": "KMC ward sewerage network map (ArcMap GeoPDF)", "extraction_method": "geopdf_vector", "georef_max_residual_m": 0.1, "conduit_type": "pipe", "pipe_diameter_mm": 225.0, "diameter_source": "legend_colour", "diameter_candidates_mm": null, "label_diameter_mm": 225.0, "label_agrees": true, "scheme": null, "flow_arrow": "end" }, "geometry": { "type": "LineString", "coordinates": [ [ 88.394884486570078, 22.513098426024623 ], [ 88.395234446980766, 22.513052552649214 ], [ 88.39527542702335, 22.513000812456998 ] ] } },
{ "type": "Feature", "properties": { "ward": 107, "source_sheet": "107_vip bazar.pdf p1", "source": "KMC ward sewerage network map (ArcMap GeoPDF)", "extraction_method": "geopdf_vector", "georef_max_residual_m": 0.1, "conduit_type": "pipe", "pipe_diameter_mm": 300.0, "diameter_source": "legend_colour", "diameter_candidates_mm": null, "label_diameter_mm": 300.0, "label_agrees": true, "scheme": null, "flow_arrow": "end" }, "geometry": { "type": "LineString", "coordinates": [ [ 88.393633544443801, 22.510876340688586 ], [ 88.393548339373211, 22.510885647357924 ], [ 88.393467723209483, 22.51089277296176 ] ] } },
{ "type": "Feature", "properties": { "ward": 107, "source_sheet": "107_vip bazar.pdf p1", "source": "KMC ward sewerage network map (ArcMap GeoPDF)", "extraction_method": "geopdf_vector", "georef_max_residual_m": 0.1, "conduit_type": "pipe", "pipe_diameter_mm": 300.0, "diameter_source": "legend_colour", "diameter_candidates_mm": null, "label_diameter_mm": 300.0, "label_agrees": true, "scheme": null, "flow_arrow": "end" }, "geometry": { "type": "LineString", "coordinates": [ [ 88.393681844226478, 22.510633993599473 ], [ 88.393587354602616, 22.510636958369826 ], [ 88.393502106960881, 22.510641983438905 ], [ 88.393432973897646, 22.510644727056775 ] ] } },
{ "type": "Feature", "properties": { "ward": 107, "source_sheet": "107_vip bazar.pdf p1", "source": "KMC ward sewerage network map (ArcMap GeoPDF)", "extraction_method": "geopdf_vector", "georef_max_residual_m": 0.1, "conduit_type": "pipe", "pipe_diameter_mm": 300.0, "diameter_source": "legend_colour", "diameter_candidates_mm": null, "label_diameter_mm": 300.0, "label_agrees": true, "scheme": null, "flow_arrow": "end" }, "geometry": { "type": "LineString", "coordinates": [ [ 88.393679516147884, 22.510400651636846 ], [ 88.393598942989556, 22.510412058860954 ], [ 88.393527590337911, 22.510423385570462 ], [ 88.393460826676872, 22.510432531406344 ], [ 88.393405567306502, 22.51043943591241 ] ] } },
{ "type": "Feature", "properties": { "ward": 107, "source_sheet": "107_vip bazar.pdf p1", "source": "KMC ward sewerage network map (ArcMap GeoPDF)", "extraction_method": "geopdf_vector", "georef_max_residual_m": 0.1, "conduit_type": "pipe", "pipe_diameter_mm": 225.0, "diameter_source": "legend_colour", "diameter_candidates_mm": null, "label_diameter_mm": 225.0, "label_agrees": true, "scheme": null, "flow_arrow": "end" }, "geometry": { "type": "LineString", "coordinates": [ [ 88.39006797812003, 22.510262966174263 ], [ 88.390141721407659, 22.51026018391179 ], [ 88.390210854331769, 22.510257441714373 ], [ 88.390266156464349, 22.510254819786098 ] ] } },
{ "type": "Feature", "properties": { "ward": 107, "source_sheet": "107_vip bazar.pdf p1", "source": "KMC ward sewerage network map (ArcMap GeoPDF)", "extraction_method": "geopdf_vector", "georef_max_residual_m": 0.1, "conduit_type": "pipe", "pipe_diameter_mm": 225.0, "diameter_source": "legend_colour", "diameter_candidates_mm": null, "label_diameter_mm": 225.0, "label_agrees": true, "scheme": null, "flow_arrow": "end" }, "geometry": { "type": "LineString", "coordinates": [ [ 88.390742891386267, 22.510439075232853 ], [ 88.39030824156292, 22.510545621559128 ] ] } },
{ "type": "Feature", "properties": { "ward": 107, "source_sheet": "107_vip bazar.pdf p1", "source": "KMC ward sewerage network map (ArcMap GeoPDF)", "extraction_method": "geopdf_vector", "georef_max_residual_m": 0.1, "conduit_type": "pipe", "pipe_diameter_mm": 225.0, "diameter_source": "legend_colour", "diameter_candidates_mm": null, "label_diameter_mm": 225.0, "label_agrees": true, "scheme": null, "flow_arrow": "end" }, "geometry": { "type": "LineString", "coordinates": [ [ 88.390563683088203, 22.510731802200024 ], [ 88.390446333519961, 22.510754232537458 ], [ 88.390342793535524, 22.510774401651819 ] ] } },
{ "type": "Feature", "properties": { "ward": 107, "source_sheet": "107_vip bazar.pdf p1", "source": "KMC ward sewerage network map (ArcMap GeoPDF)", "extraction_method": "geopdf_vector", "georef_max_residual_m": 0.1, "conduit_type": "pipe", "pipe_diameter_mm": 225.0, "diameter_source": "legend_colour", "diameter_candidates_mm": null, "label_diameter_mm": 225.0, "label_agrees": true, "scheme": null, "flow_arrow": "end" }, "geometry": { "type": "LineString", "coordinates": [ [ 88.389503441546424, 22.510753868301919 ], [ 88.389641622846824, 22.510739821336756 ] ] } },
{ "type": "Feature", "properties": { "ward": 107, "source_sheet": "107_vip bazar.pdf p1", "source": "KMC ward sewerage network map (ArcMap GeoPDF)", "extraction_method": "geopdf_vector", "georef_max_residual_m": 0.1, "conduit_type": "pipe", "pipe_diameter_mm": 225.0, "diameter_source": "legend_colour", "diameter_candidates_mm": null, "label_diameter_mm": 225.0, "label_agrees": true, "scheme": null, "flow_arrow": "end" }, "geometry": { "type": "LineString", "coordinates": [ [ 88.391580490622303, 22.510515281826045 ], [ 88.391556138313689, 22.510384896559252 ], [ 88.3917404005321, 22.510368305705658 ] ] } },
{ "type": "Feature", "properties": { "ward": 107, "source_sheet": "107_vip bazar.pdf p1", "source": "KMC ward sewerage network map (ArcMap GeoPDF)", "extraction_method": "geopdf_vector", "georef_max_residual_m": 0.1, "conduit_type": "pipe", "pipe_diameter_mm": 225.0, "diameter_source": "legend_colour", "diameter_candidates_mm": null, "label_diameter_mm": 225.0, "label_agrees": true, "scheme": null, "flow_arrow": "end" }, "geometry": { "type": "LineString", "coordinates": [ [ 88.39161724316557, 22.510733337674914 ], [ 88.391734549820114, 22.510706625011551 ] ] } },
{ "type": "Feature", "properties": { "ward": 107, "source_sheet": "107_vip bazar.pdf p1", "source": "KMC ward sewerage network map (ArcMap GeoPDF)", "extraction_method": "geopdf_vector", "georef_max_residual_m": 0.1, "conduit_type": "pipe", "pipe_diameter_mm": 300.0, "diameter_source": "legend_colour", "diameter_candidates_mm": null, "label_diameter_mm": 300.0, "label_agrees": true, "scheme": null, "flow_arrow": "end" }, "geometry": { "type": "LineString", "coordinates": [ [ 88.385627734674074, 22.510712581159858 ], [ 88.385586138265893, 22.510237652374645 ] ] } },
{ "type": "Feature", "properties": { "ward": 107, "source_sheet": "107_vip bazar.pdf p1", "source": "KMC ward sewerage network map (ArcMap GeoPDF)", "extraction_method": "geopdf_vector", "georef_max_residual_m": 0.1, "conduit_type": "pipe", "pipe_diameter_mm": 300.0, "diameter_source": "legend_colour", "diameter_candidates_mm": null, "label_diameter_mm": 300.0, "label_agrees": true, "scheme": null, "flow_arrow": "end" }, "geometry": { "type": "LineString", "coordinates": [ [ 88.38273272636242, 22.511463432783316 ], [ 88.382831763889769, 22.511454012118737 ], [ 88.382907177496563, 22.511386990353117 ], [ 88.383045254441996, 22.511362245240012 ] ] } },
{ "type": "Feature", "properties": { "ward": 107, "source_sheet": "107_vip bazar.pdf p1", "source": "KMC ward sewerage network map (ArcMap GeoPDF)", "extraction_method": "geopdf_vector", "georef_max_residual_m": 0.1, "conduit_type": "pipe", "pipe_diameter_mm": 300.0, "diameter_source": "legend_colour", "diameter_candidates_mm": null, "label_diameter_mm": 300.0, "label_agrees": true, "scheme": null, "flow_arrow": "end" }, "geometry": { "type": "LineString", "coordinates": [ [ 88.384769532681744, 22.511116093337993 ], [ 88.384784573254535, 22.511237996833543 ], [ 88.384789714216296, 22.511291475845322 ] ] } },
{ "type": "Feature", "properties": { "ward": 107, "source_sheet": "107_vip bazar.pdf p1", "source": "KMC ward sewerage network map (ArcMap GeoPDF)", "extraction_method": "geopdf_vector", "georef_max_residual_m": 0.1, "conduit_type": "pipe", "pipe_diameter_mm": 225.0, "diameter_source": "legend_colour", "diameter_candidates_mm": null, "label_diameter_mm": 225.0, "label_agrees": true, "scheme": null, "flow_arrow": "end" }, "geometry": { "type": "LineString", "coordinates": [ [ 88.38535413668356, 22.511716914165333 ], [ 88.385218365077591, 22.511741641365305 ], [ 88.385188461577982, 22.511748323327421 ] ] } },
{ "type": "Feature", "properties": { "ward": 107, "source_sheet": "107_vip bazar.pdf p1", "source": "KMC ward sewerage network map (ArcMap GeoPDF)", "extraction_method": "geopdf_vector", "georef_max_residual_m": 0.1, "conduit_type": "pipe", "pipe_diameter_mm": 225.0, "diameter_source": "legend_colour", "diameter_candidates_mm": null, "label_diameter_mm": 225.0, "label_agrees": true, "scheme": null, "flow_arrow": "end" }, "geometry": { "type": "LineString", "coordinates": [ [ 88.38554799286274, 22.511970006030324 ], [ 88.385237261189971, 22.512019800139168 ] ] } },
{ "type": "Feature", "properties": { "ward": 107, "source_sheet": "107_vip bazar.pdf p1", "source": "KMC ward sewerage network map (ArcMap GeoPDF)", "extraction_method": "geopdf_vector", "georef_max_residual_m": 0.1, "conduit_type": "pipe", "pipe_diameter_mm": 300.0, "diameter_source": "legend_colour", "diameter_candidates_mm": null, "label_diameter_mm": 300.0, "label_agrees": true, "scheme": null, "flow_arrow": "end" }, "geometry": { "type": "LineString", "coordinates": [ [ 88.388944829089681, 22.515550147965413 ], [ 88.388795095537048, 22.515562153992242 ], [ 88.388622352120223, 22.515578641676232 ] ] } },
{ "type": "Feature", "properties": { "ward": 107, "source_sheet": "107_vip bazar.pdf p1", "source": "KMC ward sewerage network map (ArcMap GeoPDF)", "extraction_method": "geopdf_vector", "georef_max_residual_m": 0.1, "conduit_type": "pipe", "pipe_diameter_mm": 300.0, "diameter_source": "legend_colour", "diameter_candidates_mm": null, "label_diameter_mm": 300.0, "label_agrees": true, "scheme": null, "flow_arrow": "end" }, "geometry": { "type": "LineString", "coordinates": [ [ 88.385786666754782, 22.517669265155984 ], [ 88.385732009764283, 22.517504886700515 ], [ 88.385689197914388, 22.517372519532127 ], [ 88.385677352912509, 22.517340508127528 ] ] } },
{ "type": "Feature", "properties": { "ward": 107, "source_sheet": "107_vip bazar.pdf p1", "source": "KMC ward sewerage network map (ArcMap GeoPDF)", "extraction_method": "geopdf_vector", "georef_max_residual_m": 0.1, "conduit_type": "pipe", "pipe_diameter_mm": 300.0, "diameter_source": "legend_colour", "diameter_candidates_mm": null, "label_diameter_mm": 300.0, "label_agrees": true, "scheme": null, "flow_arrow": "end" }, "geometry": { "type": "LineString", "coordinates": [ [ 88.390076750651971, 22.523187736924861 ], [ 88.390098436798553, 22.523281749478727 ], [ 88.390120250881836, 22.523388606553361 ], [ 88.390139589111072, 22.523478357676041 ], [ 88.390158884731761, 22.52356382722612 ], [ 88.390175853707461, 22.52364717609203 ] ] } },
{ "type": "Feature", "properties": { "ward": 107, "source_sheet": "107_vip bazar.pdf p1", "source": "KMC ward sewerage network map (ArcMap GeoPDF)", "extraction_method": "geopdf_vector", "georef_max_residual_m": 0.1, "conduit_type": "pipe", "pipe_diameter_mm": 225.0, "diameter_source": "legend_colour", "diameter_candidates_mm": null, "label_diameter_mm": 225.0, "label_agrees": true, "scheme": null, "flow_arrow": "end" }, "geometry": { "type": "LineString", "coordinates": [ [ 88.391530733308755, 22.521254659959816 ], [ 88.39152522654625, 22.521164788638036 ], [ 88.391521897084061, 22.521062052626601 ] ] } },
{ "type": "Feature", "properties": { "ward": 107, "source_sheet": "107_vip bazar.pdf p1", "source": "KMC ward sewerage network map (ArcMap GeoPDF)", "extraction_method": "geopdf_vector", "georef_max_residual_m": 0.1, "conduit_type": "pipe", "pipe_diameter_mm": 225.0, "diameter_source": "legend_colour", "diameter_candidates_mm": null, "label_diameter_mm": 225.0, "label_agrees": true, "scheme": null, "flow_arrow": "end" }, "geometry": { "type": "LineString", "coordinates": [ [ 88.391190441249023, 22.521347542583094 ], [ 88.391182629385185, 22.521257691222562 ], [ 88.391172533555491, 22.521170000760282 ], [ 88.391167197581396, 22.521097255327582 ] ] } },
{ "type": "Feature", "properties": { "ward": 107, "source_sheet": "107_vip bazar.pdf p1", "source": "KMC ward sewerage network map (ArcMap GeoPDF)", "extraction_method": "geopdf_vector", "georef_max_residual_m": 0.1, "conduit_type": "pipe", "pipe_diameter_mm": 225.0, "diameter_source": "legend_colour", "diameter_candidates_mm": null, "label_diameter_mm": 225.0, "label_agrees": true, "scheme": null, "flow_arrow": "end" }, "geometry": { "type": "LineString", "coordinates": [ [ 88.390902702149972, 22.521392866414217 ], [ 88.390897131704136, 22.521296572745783 ], [ 88.39089160401943, 22.521204560553578 ], [ 88.390886182979315, 22.521123252146037 ] ] } },
{ "type": "Feature", "properties": { "ward": 107, "source_sheet": "107_vip bazar.pdf p1", "source": "KMC ward sewerage network map (ArcMap GeoPDF)", "extraction_method": "geopdf_vector", "georef_max_residual_m": 0.1, "conduit_type": "pipe", "pipe_diameter_mm": 225.0, "diameter_source": "legend_colour", "diameter_candidates_mm": null, "label_diameter_mm": 225.0, "label_agrees": true, "scheme": null, "flow_arrow": "end" }, "geometry": { "type": "LineString", "coordinates": [ [ 88.390619594693206, 22.521440290352398 ], [ 88.390621047093077, 22.521354640170074 ], [ 88.390620236826905, 22.52127329161933 ], [ 88.390621795844382, 22.521198345222736 ], [ 88.390621305423238, 22.52114910794354 ] ] } },
{ "type": "Feature", "properties": { "ward": 107, "source_sheet": "107_vip bazar.pdf p1", "source": "KMC ward sewerage network map (ArcMap GeoPDF)", "extraction_method": "geopdf_vector", "georef_max_residual_m": 0.1, "conduit_type": "pipe", "pipe_diameter_mm": 300.0, "diameter_source": "legend_colour", "diameter_candidates_mm": null, "label_diameter_mm": 300.0, "label_agrees": true, "scheme": "KEIIP", "flow_arrow": "end" }, "geometry": { "type": "LineString", "coordinates": [ [ 88.395314136352951, 22.531637304463224 ], [ 88.395261296473947, 22.531425813841864 ], [ 88.395208585100789, 22.531227167587151 ], [ 88.395163004434252, 22.531049868397652 ] ] } },
{ "type": "Feature", "properties": { "ward": 107, "source_sheet": "107_vip bazar.pdf p1", "source": "KMC ward sewerage network map (ArcMap GeoPDF)", "extraction_method": "geopdf_vector", "georef_max_residual_m": 0.1, "conduit_type": "pipe", "pipe_diameter_mm": 225.0, "diameter_source": "legend_colour", "diameter_candidates_mm": null, "label_diameter_mm": 225.0, "label_agrees": true, "scheme": null, "flow_arrow": "end" }, "geometry": { "type": "LineString", "coordinates": [ [ 88.391042211147337, 22.525444444506668 ], [ 88.390995249896633, 22.525359215999487 ], [ 88.390938875199865, 22.525254800939809 ], [ 88.390880195214564, 22.525150406014916 ], [ 88.390816776589347, 22.525033206593815 ] ] } },
{ "type": "Feature", "properties": { "ward": 107, "source_sheet": "107_vip bazar.pdf p1", "source": "KMC ward sewerage network map (ArcMap GeoPDF)", "extraction_method": "geopdf_vector", "georef_max_residual_m": 0.1, "conduit_type": "pipe", "pipe_diameter_mm": 225.0, "diameter_source": "legend_colour", "diameter_candidates_mm": null, "label_diameter_mm": 225.0, "label_agrees": true, "scheme": null, "flow_arrow": "end" }, "geometry": { "type": "LineString", "coordinates": [ [ 88.391981850452396, 22.524646255017405 ], [ 88.392071034339736, 22.524572686106605 ], [ 88.392010005784883, 22.524464030136816 ], [ 88.39195604284545, 22.524370299132993 ], [ 88.391890339716426, 22.524255261064273 ] ] } },
{ "type": "Feature", "properties": { "ward": 107, "source_sheet": "107_vip bazar.pdf p1", "source": "KMC ward sewerage network map (ArcMap GeoPDF)", "extraction_method": "geopdf_vector", "georef_max_residual_m": 0.1, "conduit_type": "pipe", "pipe_diameter_mm": 450.0, "diameter_source": "legend_colour", "diameter_candidates_mm": null, "label_diameter_mm": 450.0, "label_agrees": true, "scheme": null, "flow_arrow": "end" }, "geometry": { "type": "LineString", "coordinates": [ [ 88.392854999685923, 22.528507313544679 ], [ 88.39294433500605, 22.528448729409657 ], [ 88.393047396178403, 22.528379320832588 ], [ 88.39315963621786, 22.52830555020952 ], [ 88.393251233959461, 22.528242664249611 ], [ 88.393338284978114, 22.528186240752905 ], [ 88.393406935176742, 22.528134259472278 ], [ 88.393477890651937, 22.528082258144096 ], [ 88.393546562121443, 22.528032417632836 ], [ 88.393615233444919, 22.52798257709529 ] ] } },
{ "type": "Feature", "properties": { "ward": 107, "source_sheet": "107_vip bazar.pdf p1", "source": "KMC ward sewerage network map (ArcMap GeoPDF)", "extraction_method": "geopdf_vector", "georef_max_residual_m": 0.1, "conduit_type": "pipe", "pipe_diameter_mm": 300.0, "diameter_source": "legend_colour", "diameter_candidates_mm": null, "label_diameter_mm": 800.0, "label_agrees": false, "scheme": "KEIIP", "flow_arrow": "end" }, "geometry": { "type": "LineString", "coordinates": [ [ 88.393910578947981, 22.528928433710742 ], [ 88.394023310734113, 22.528903899651887 ], [ 88.394115336223123, 22.528883828159493 ], [ 88.394205077536469, 22.528865917472608 ], [ 88.394281007597172, 22.528850268207947 ] ] } },
{ "type": "Feature", "properties": { "ward": 107, "source_sheet": "107_vip bazar.pdf p1", "source": "KMC ward sewerage network map (ArcMap GeoPDF)", "extraction_method": "geopdf_vector", "georef_max_residual_m": 0.1, "conduit_type": "pipe", "pipe_diameter_mm": 300.0, "diameter_source": "legend_colour", "diameter_candidates_mm": null, "label_diameter_mm": 300.0, "label_agrees": true, "scheme": null, "flow_arrow": "end" }, "geometry": { "type": "LineString", "coordinates": [ [ 88.394331407737752, 22.529971677100132 ], [ 88.394418822962052, 22.529951645562651 ], [ 88.394515459972951, 22.529931533560411 ], [ 88.394612075559351, 22.529909280767818 ] ] } },
{ "type": "Feature", "properties": { "ward": 107, "source_sheet": "107_vip bazar.pdf p1", "source": "KMC ward sewerage network map (ArcMap GeoPDF)", "extraction_method": "geopdf_vector", "georef_max_residual_m": 0.1, "conduit_type": "pipe", "pipe_diameter_mm": 225.0, "diameter_source": "legend_colour", "diameter_candidates_mm": null, "label_diameter_mm": 225.0, "label_agrees": true, "scheme": null, "flow_arrow": "end" }, "geometry": { "type": "LineString", "coordinates": [ [ 88.394150465101092, 22.529630707165264 ], [ 88.394265502846991, 22.529606152879758 ], [ 88.39437823509904, 22.529581618549539 ], [ 88.394484072357088, 22.529559285344156 ] ] } },
{ "type": "Feature", "properties": { "ward": 107, "source_sheet": "107_vip bazar.pdf p1", "source": "KMC ward sewerage network map (ArcMap GeoPDF)", "extraction_method": "geopdf_vector", "georef_max_residual_m": 0.1, "conduit_type": "pipe", "pipe_diameter_mm": 225.0, "diameter_source": "legend_colour", "diameter_candidates_mm": null, "label_diameter_mm": 225.0, "label_agrees": true, "scheme": null, "flow_arrow": "end" }, "geometry": { "type": "LineString", "coordinates": [ [ 88.391547925674089, 22.525061094723746 ], [ 88.391462989171558, 22.525098230490322 ], [ 88.391380357901497, 22.525135346047794 ] ] } },
{ "type": "Feature", "properties": { "ward": 107, "source_sheet": "107_vip bazar.pdf p1", "source": "KMC ward sewerage network map (ArcMap GeoPDF)", "extraction_method": "geopdf_vector", "georef_max_residual_m": 0.1, "conduit_type": "pipe", "pipe_diameter_mm": 225.0, "diameter_source": "legend_colour", "diameter_candidates_mm": null, "label_diameter_mm": 225.0, "label_agrees": true, "scheme": null, "flow_arrow": "end" }, "geometry": { "type": "LineString", "coordinates": [ [ 88.391714318748782, 22.525331544202128 ], [ 88.391647739901842, 22.525359956276162 ], [ 88.391576571511166, 22.525390549313844 ], [ 88.391512276646736, 22.525416800604852 ] ] } },
{ "type": "Feature", "properties": { "ward": 107, "source_sheet": "107_vip bazar.pdf p1", "source": "KMC ward sewerage network map (ArcMap GeoPDF)", "extraction_method": "geopdf_vector", "georef_max_residual_m": 0.1, "conduit_type": "pipe", "pipe_diameter_mm": 375.0, "diameter_source": "legend_colour", "diameter_candidates_mm": null, "label_diameter_mm": 375.0, "label_agrees": true, "scheme": null, "flow_arrow": "end" }, "geometry": { "type": "LineString", "coordinates": [ [ 88.393160279524622, 22.524212078139008 ], [ 88.393133638599764, 22.524083854361663 ], [ 88.39310934571796, 22.523959891947698 ], [ 88.393082747628185, 22.523835949626562 ], [ 88.393060867110265, 22.523722670867844 ], [ 88.393046265847076, 22.523645724504554 ] ] } },
{ "type": "Feature", "properties": { "ward": 107, "source_sheet": "107_vip bazar.pdf p1", "source": "KMC ward sewerage network map (ArcMap GeoPDF)", "extraction_method": "geopdf_vector", "georef_max_residual_m": 0.1, "conduit_type": "pipe", "pipe_diameter_mm": 450.0, "diameter_source": "legend_colour", "diameter_candidates_mm": null, "label_diameter_mm": 450.0, "label_agrees": true, "scheme": null, "flow_arrow": "end" }, "geometry": { "type": "LineString", "coordinates": [ [ 88.391655264268522, 22.521026636119132 ], [ 88.391677677286538, 22.520962212812538 ], [ 88.391651017177054, 22.520831847900045 ], [ 88.391634069105748, 22.520750639927591 ], [ 88.391617142394296, 22.520671572690421 ], [ 88.391602627691157, 22.520603189066776 ], [ 88.391588048994834, 22.52052838331295 ], [ 88.391571058429747, 22.520442893759213 ] ] } },
{ "type": "Feature", "properties": { "ward": 107, "source_sheet": "107_vip bazar.pdf p1", "source": "KMC ward sewerage network map (ArcMap GeoPDF)", "extraction_method": "geopdf_vector", "georef_max_residual_m": 0.1, "conduit_type": "pipe", "pipe_diameter_mm": 400.0, "diameter_source": "legend_colour", "diameter_candidates_mm": null, "label_diameter_mm": 400.0, "label_agrees": true, "scheme": null, "flow_arrow": "end" }, "geometry": { "type": "LineString", "coordinates": [ [ 88.390767602579828, 22.521717323881337 ], [ 88.390791636970832, 22.521815597757687 ], [ 88.390810868718674, 22.521894645020293 ], [ 88.39083012172145, 22.521975833018818 ], [ 88.390866152048346, 22.52212110315644 ], [ 88.390904551772081, 22.52227277533887 ] ] } },
{ "type": "Feature", "properties": { "ward": 107, "source_sheet": "107_vip bazar.pdf p1", "source": "KMC ward sewerage network map (ArcMap GeoPDF)", "extraction_method": "geopdf_vector", "georef_max_residual_m": 0.1, "conduit_type": "pipe", "pipe_diameter_mm": 225.0, "diameter_source": "legend_colour", "diameter_candidates_mm": null, "label_diameter_mm": 225.0, "label_agrees": true, "scheme": null, "flow_arrow": "end" }, "geometry": { "type": "LineString", "coordinates": [ [ 88.389871557682525, 22.520177222862575 ], [ 88.389870875762256, 22.520108718806835 ], [ 88.389870321704194, 22.520053059283402 ], [ 88.389869703717835, 22.519990977448469 ], [ 88.389891499447302, 22.519864472513806 ], [ 88.389886121708287, 22.519787445508598 ], [ 88.389852504975138, 22.519652858769724 ], [ 88.38992151480916, 22.51963727192922 ], [ 88.389890586946279, 22.519541198744097 ], [ 88.389864355030838, 22.519453648498107 ], [ 88.389838187077146, 22.519372520467737 ], [ 88.389816714856096, 22.519299915293541 ], [ 88.389795264064261, 22.519229450943978 ] ] } },
{ "type": "Feature", "properties": { "ward": 107, "source_sheet": "107_vip bazar.pdf p1", "source": "KMC ward sewerage network map (ArcMap GeoPDF)", "extraction_method": "geopdf_vector", "georef_max_residual_m": 0.1, "conduit_type": "pipe", "pipe_diameter_mm": null, "diameter_source": null, "diameter_candidates_mm": "700|750", "label_diameter_mm": null, "label_agrees": null, "scheme": null, "flow_arrow": "end" }, "geometry": { "type": "LineString", "coordinates": [ [ 88.397690044211174, 22.521380739057115 ], [ 88.397663978392359, 22.521310316234572 ], [ 88.397649696496728, 22.521265481558501 ], [ 88.39761884866958, 22.521177973188635 ], [ 88.397597543644636, 22.521122495243038 ], [ 88.397533457249452, 22.52093893560405 ], [ 88.39747891364631, 22.520787406371682 ] ] } },
{ "type": "Feature", "properties": { "ward": 107, "source_sheet": "107_vip bazar.pdf p1", "source": "KMC ward sewerage network map (ArcMap GeoPDF)", "extraction_method": "geopdf_vector", "georef_max_residual_m": 0.1, "conduit_type": "pipe", "pipe_diameter_mm": 400.0, "diameter_source": "legend_colour", "diameter_candidates_mm": null, "label_diameter_mm": 400.0, "label_agrees": true, "scheme": null, "flow_arrow": "end" }, "geometry": { "type": "LineString", "coordinates": [ [ 88.383127562257499, 22.511293022697217 ], [ 88.38305147054848, 22.511291540230083 ], [ 88.383045254441996, 22.511362245240012 ], [ 88.383069620261665, 22.511494772921679 ], [ 88.383168599584224, 22.511712292725612 ] ] } },
{ "type": "Feature", "properties": { "ward": 107, "source_sheet": "107_vip bazar.pdf p1", "source": "KMC ward sewerage network map (ArcMap GeoPDF)", "extraction_method": "geopdf_vector", "georef_max_residual_m": 0.1, "conduit_type": "pipe", "pipe_diameter_mm": 400.0, "diameter_source": "legend_colour", "diameter_candidates_mm": null, "label_diameter_mm": 400.0, "label_agrees": true, "scheme": null, "flow_arrow": "end" }, "geometry": { "type": "LineString", "coordinates": [ [ 88.384897134586993, 22.513290186005662 ], [ 88.384877185963688, 22.513138351970781 ], [ 88.38485484731045, 22.512977974825574 ], [ 88.384832360146419, 22.512802612352548 ], [ 88.385000363098129, 22.512773324263367 ], [ 88.385177565449112, 22.512741815340025 ], [ 88.385357051652932, 22.512708145497427 ], [ 88.385330229592512, 22.51256065296646 ], [ 88.385303280208561, 22.512400315855569 ], [ 88.385276352032093, 22.512242119481623 ], [ 88.385256827823724, 22.512133100604629 ], [ 88.385237261189971, 22.512019800139168 ], [ 88.38520546820483, 22.51183595464224 ], [ 88.385188461577982, 22.511748323327421 ], [ 88.385178582743023, 22.511682039724299 ], [ 88.385164030012575, 22.511609373832972 ], [ 88.385154214887535, 22.511549512467635 ], [ 88.385142052255873, 22.511485389583026 ] ] } },
{ "type": "Feature", "properties": { "ward": 107, "source_sheet": "107_vip bazar.pdf p1", "source": "KMC ward sewerage network map (ArcMap GeoPDF)", "extraction_method": "geopdf_vector", "georef_max_residual_m": 0.1, "conduit_type": "pipe", "pipe_diameter_mm": 225.0, "diameter_source": "legend_colour", "diameter_candidates_mm": null, "label_diameter_mm": 225.0, "label_agrees": true, "scheme": null, "flow_arrow": "end" }, "geometry": { "type": "LineString", "coordinates": [ [ 88.385453699677939, 22.512690180180591 ], [ 88.385405375716545, 22.512699162801095 ], [ 88.385357051652932, 22.512708145497427 ] ] } },
{ "type": "Feature", "properties": { "ward": 107, "source_sheet": "107_vip bazar.pdf p1", "source": "KMC ward sewerage network map (ArcMap GeoPDF)", "extraction_method": "geopdf_vector", "georef_max_residual_m": 0.1, "conduit_type": "pipe", "pipe_diameter_mm": 225.0, "diameter_source": "legend_colour", "diameter_candidates_mm": null, "label_diameter_mm": 225.0, "label_agrees": true, "scheme": null, "flow_arrow": "end" }, "geometry": { "type": "LineString", "coordinates": [ [ 88.387902261843266, 22.510626477658114 ], [ 88.387787068083838, 22.510633900665024 ], [ 88.387662993907682, 22.510675655831712 ], [ 88.387538898483214, 22.510715270071074 ], [ 88.387479155885387, 22.510735057235166 ] ] } },
{ "type": "Feature", "properties": { "ward": 107, "source_sheet": "107_vip bazar.pdf p1", "source": "KMC ward sewerage network map (ArcMap GeoPDF)", "extraction_method": "geopdf_vector", "georef_max_residual_m": 0.1, "conduit_type": "pipe", "pipe_diameter_mm": 300.0, "diameter_source": "legend_colour", "diameter_candidates_mm": null, "label_diameter_mm": 300.0, "label_agrees": true, "scheme": null, "flow_arrow": "end" }, "geometry": { "type": "LineString", "coordinates": [ [ 88.389503441546424, 22.510753868301919 ], [ 88.389525699839979, 22.510905681619114 ], [ 88.389530821206563, 22.510957019647744 ] ] } },
{ "type": "Feature", "properties": { "ward": 107, "source_sheet": "107_vip bazar.pdf p1", "source": "KMC ward sewerage network map (ArcMap GeoPDF)", "extraction_method": "geopdf_vector", "georef_max_residual_m": 0.1, "conduit_type": "pipe", "pipe_diameter_mm": 225.0, "diameter_source": "legend_colour", "diameter_candidates_mm": null, "label_diameter_mm": 225.0, "label_agrees": true, "scheme": null, "flow_arrow": "end" }, "geometry": { "type": "LineString", "coordinates": [ [ 88.389473437344108, 22.510518625650882 ], [ 88.389597808896212, 22.510506839708679 ] ] } },
{ "type": "Feature", "properties": { "ward": 107, "source_sheet": "107_vip bazar.pdf p1", "source": "KMC ward sewerage network map (ArcMap GeoPDF)", "extraction_method": "geopdf_vector", "georef_max_residual_m": 0.1, "conduit_type": "pipe", "pipe_diameter_mm": 400.0, "diameter_source": "legend_colour", "diameter_candidates_mm": null, "label_diameter_mm": 400.0, "label_agrees": true, "scheme": null, "flow_arrow": "end" }, "geometry": { "type": "LineString", "coordinates": [ [ 88.394558141276804, 22.510660605605903 ], [ 88.394654871874565, 22.510651197847739 ], [ 88.394763128218713, 22.510641689549061 ], [ 88.394878278564676, 22.510629980002719 ], [ 88.394998039151545, 22.510618230139642 ], [ 88.395103968824372, 22.510606600994375 ] ] } },
{ "type": "Feature", "properties": { "ward": 107, "source_sheet": "107_vip bazar.pdf p1", "source": "KMC ward sewerage network map (ArcMap GeoPDF)", "extraction_method": "geopdf_vector", "georef_max_residual_m": 0.1, "conduit_type": "pipe", "pipe_diameter_mm": 300.0, "diameter_source": "legend_colour", "diameter_candidates_mm": null, "label_diameter_mm": 300.0, "label_agrees": true, "scheme": null, "flow_arrow": "end" }, "geometry": { "type": "LineString", "coordinates": [ [ 88.382597390548696, 22.511066387832685 ], [ 88.382726077119074, 22.511024596593156 ], [ 88.382706745830603, 22.510934844205966 ], [ 88.382682740704411, 22.510838709359621 ], [ 88.382661040761818, 22.510742554565692 ], [ 88.382641857884877, 22.51066778741129 ] ] } },
{ "type": "Feature", "properties": { "ward": 107, "source_sheet": "107_vip bazar.pdf p1", "source": "KMC ward sewerage network map (ArcMap GeoPDF)", "extraction_method": "geopdf_vector", "georef_max_residual_m": 0.1, "conduit_type": "pipe", "pipe_diameter_mm": 300.0, "diameter_source": "legend_colour", "diameter_candidates_mm": null, "label_diameter_mm": 300.0, "label_agrees": true, "scheme": null, "flow_arrow": "end" }, "geometry": { "type": "LineString", "coordinates": [ [ 88.394268377785309, 22.530355454208749 ], [ 88.394424786226836, 22.530317693055395 ], [ 88.394565099051007, 22.530284354118916 ], [ 88.394707717354748, 22.530250994843303 ] ] } },
{ "type": "Feature", "properties": { "ward": 107, "source_sheet": "107_vip bazar.pdf p1", "source": "KMC ward sewerage network map (ArcMap GeoPDF)", "extraction_method": "geopdf_vector", "georef_max_residual_m": 0.1, "conduit_type": "pipe", "pipe_diameter_mm": 800.0, "diameter_source": "legend_colour", "diameter_candidates_mm": null, "label_diameter_mm": 900.0, "label_agrees": false, "scheme": "KEIIP", "flow_arrow": "end" }, "geometry": { "type": "LineString", "coordinates": [ [ 88.394484072357088, 22.529559285344156 ], [ 88.394446094098328, 22.529450429306223 ], [ 88.394408030344664, 22.529333010229632 ], [ 88.394365291612118, 22.529209209274587 ], [ 88.39432671468974, 22.529040412281251 ], [ 88.394281007597172, 22.528850268207947 ], [ 88.394252123233244, 22.528728487110364 ], [ 88.394220997556673, 22.528613148418088 ], [ 88.394192134691551, 22.528493508035531 ] ] } },
{ "type": "Feature", "properties": { "ward": 107, "source_sheet": "107_vip bazar.pdf p1", "source": "KMC ward sewerage network map (ArcMap GeoPDF)", "extraction_method": "geopdf_vector", "georef_max_residual_m": 0.1, "conduit_type": "pipe", "pipe_diameter_mm": 300.0, "diameter_source": "legend_colour", "diameter_candidates_mm": null, "label_diameter_mm": 300.0, "label_agrees": true, "scheme": null, "flow_arrow": "end" }, "geometry": { "type": "LineString", "coordinates": [ [ 88.394318421501779, 22.524979133997398 ], [ 88.393920424014311, 22.525066103417238 ] ] } },
{ "type": "Feature", "properties": { "ward": 107, "source_sheet": "107_vip bazar.pdf p1", "source": "KMC ward sewerage network map (ArcMap GeoPDF)", "extraction_method": "geopdf_vector", "georef_max_residual_m": 0.1, "conduit_type": "pipe", "pipe_diameter_mm": 225.0, "diameter_source": "legend_colour", "diameter_candidates_mm": null, "label_diameter_mm": 225.0, "label_agrees": true, "scheme": null, "flow_arrow": "end" }, "geometry": { "type": "LineString", "coordinates": [ [ 88.395733757173772, 22.524258126620936 ], [ 88.3955729163916, 22.524313054948994 ], [ 88.395418991555459, 22.524367922805922 ], [ 88.39529031866941, 22.524411865292677 ] ] } },
{ "type": "Feature", "properties": { "ward": 107, "source_sheet": "107_vip bazar.pdf p1", "source": "KMC ward sewerage network map (ArcMap GeoPDF)", "extraction_method": "geopdf_vector", "georef_max_residual_m": 0.1, "conduit_type": "pipe", "pipe_diameter_mm": 450.0, "diameter_source": "legend_colour", "diameter_candidates_mm": null, "label_diameter_mm": 450.0, "label_agrees": true, "scheme": null, "flow_arrow": "end" }, "geometry": { "type": "LineString", "coordinates": [ [ 88.396771532145067, 22.522902410577018 ], [ 88.396699024822951, 22.523029359468076 ], [ 88.396612899318114, 22.52317783666712 ], [ 88.396529079074497, 22.523326293764821 ], [ 88.396449783591137, 22.523466147503655 ], [ 88.396381822152719, 22.523586633683824 ], [ 88.396316101614303, 22.523700677491529 ] ] } },
{ "type": "Feature", "properties": { "ward": 107, "source_sheet": "107_vip bazar.pdf p1", "source": "KMC ward sewerage network map (ArcMap GeoPDF)", "extraction_method": "geopdf_vector", "georef_max_residual_m": 0.1, "conduit_type": "pipe", "pipe_diameter_mm": 400.0, "diameter_source": "legend_colour", "diameter_candidates_mm": null, "label_diameter_mm": 400.0, "label_agrees": true, "scheme": null, "flow_arrow": "end" }, "geometry": { "type": "LineString", "coordinates": [ [ 88.391737181092907, 22.524849634482159 ], [ 88.391685480852033, 22.52475160183193 ], [ 88.391645542389327, 22.524677016957231 ], [ 88.391607909339996, 22.52460241207811 ], [ 88.391560926821384, 22.52451504290261 ] ] } },
{ "type": "Feature", "properties": { "ward": 107, "source_sheet": "107_vip bazar.pdf p1", "source": "KMC ward sewerage network map (ArcMap GeoPDF)", "extraction_method": "geopdf_vector", "georef_max_residual_m": 0.1, "conduit_type": "pipe", "pipe_diameter_mm": 300.0, "diameter_source": "legend_colour", "diameter_candidates_mm": null, "label_diameter_mm": 300.0, "label_agrees": true, "scheme": null, "flow_arrow": "end" }, "geometry": { "type": "LineString", "coordinates": [ [ 88.392107259291578, 22.524968443512378 ], [ 88.392020124281657, 22.525016303338884 ], [ 88.391946736263733, 22.525055479564372 ], [ 88.391868780048299, 22.525098977493371 ] ] } },
{ "type": "Feature", "properties": { "ward": 107, "source_sheet": "107_vip bazar.pdf p1", "source": "KMC ward sewerage network map (ArcMap GeoPDF)", "extraction_method": "geopdf_vector", "georef_max_residual_m": 0.1, "conduit_type": "pipe", "pipe_diameter_mm": 450.0, "diameter_source": "legend_colour", "diameter_candidates_mm": null, "label_diameter_mm": 450.0, "label_agrees": true, "scheme": null, "flow_arrow": "end" }, "geometry": { "type": "LineString", "coordinates": [ [ 88.396624006492956, 22.520139755333815 ], [ 88.396722941651234, 22.520119622195246 ], [ 88.396826487448536, 22.520099448603631 ], [ 88.396909306851128, 22.520081597150273 ], [ 88.396994452936809, 22.520065866235257 ], [ 88.397107198371671, 22.520043471205067 ], [ 88.397208438661039, 22.520023317619028 ] ] } },
{ "type": "Feature", "properties": { "ward": 107, "source_sheet": "107_vip bazar.pdf p1", "source": "KMC ward sewerage network map (ArcMap GeoPDF)", "extraction_method": "geopdf_vector", "georef_max_residual_m": 0.1, "conduit_type": "pipe", "pipe_diameter_mm": 400.0, "diameter_source": "legend_colour", "diameter_candidates_mm": null, "label_diameter_mm": 400.0, "label_agrees": true, "scheme": null, "flow_arrow": "end" }, "geometry": { "type": "LineString", "coordinates": [ [ 88.388768171186257, 22.520968259400281 ], [ 88.388771328255572, 22.521053869463582 ], [ 88.388776833330141, 22.521143741059316 ], [ 88.388782274435457, 22.521227190341282 ], [ 88.388787779434452, 22.521317061934891 ], [ 88.388793369622491, 22.521415496491937 ], [ 88.388798917328899, 22.521509649563964 ], [ 88.388804550130558, 22.521612365599889 ] ] } },
{ "type": "Feature", "properties": { "ward": 107, "source_sheet": "107_vip bazar.pdf p1", "source": "KMC ward sewerage network map (ArcMap GeoPDF)", "extraction_method": "geopdf_vector", "georef_max_residual_m": 0.1, "conduit_type": "pipe", "pipe_diameter_mm": 400.0, "diameter_source": "legend_colour", "diameter_candidates_mm": null, "label_diameter_mm": null, "label_agrees": null, "scheme": null, "flow_arrow": "end" }, "geometry": { "type": "LineString", "coordinates": [ [ 88.398350980144656, 22.510715248097451 ], [ 88.398012424204623, 22.510748182601546 ], [ 88.397650752284946, 22.51077489575513 ] ] } },
{ "type": "Feature", "properties": { "ward": 107, "source_sheet": "107_vip bazar.pdf p1", "source": "KMC ward sewerage network map (ArcMap GeoPDF)", "extraction_method": "geopdf_vector", "georef_max_residual_m": 0.1, "conduit_type": "pipe", "pipe_diameter_mm": 300.0, "diameter_source": "legend_colour", "diameter_candidates_mm": null, "label_diameter_mm": 300.0, "label_agrees": true, "scheme": null, "flow_arrow": "end" }, "geometry": { "type": "LineString", "coordinates": [ [ 88.396214627710606, 22.511708049180715 ], [ 88.396276845728565, 22.511705364755521 ], [ 88.396336758497455, 22.511702700445028 ], [ 88.396392060867583, 22.511700076301199 ] ] } },
{ "type": "Feature", "properties": { "ward": 107, "source_sheet": "107_vip bazar.pdf p1", "source": "KMC ward sewerage network map (ArcMap GeoPDF)", "extraction_method": "geopdf_vector", "georef_max_residual_m": 0.1, "conduit_type": "pipe", "pipe_diameter_mm": 300.0, "diameter_source": "legend_colour", "diameter_candidates_mm": null, "label_diameter_mm": 300.0, "label_agrees": true, "scheme": null, "flow_arrow": "end" }, "geometry": { "type": "LineString", "coordinates": [ [ 88.398153860982774, 22.512671645916903 ], [ 88.398264423677304, 22.512662114944465 ], [ 88.398460192026704, 22.512643274725455 ] ] } },
{ "type": "Feature", "properties": { "ward": 107, "source_sheet": "107_vip bazar.pdf p1", "source": "KMC ward sewerage network map (ArcMap GeoPDF)", "extraction_method": "geopdf_vector", "georef_max_residual_m": 0.1, "conduit_type": "pipe", "pipe_diameter_mm": 500.0, "diameter_source": "legend_colour", "diameter_candidates_mm": null, "label_diameter_mm": 500.0, "label_agrees": true, "scheme": null, "flow_arrow": "end" }, "geometry": { "type": "LineString", "coordinates": [ [ 88.400821526346405, 22.512706093339997 ], [ 88.400811425407099, 22.512618403669183 ], [ 88.400796628189426, 22.512522191381954 ], [ 88.400779160851755, 22.512389606570089 ], [ 88.400771622763173, 22.512327585570727 ], [ 88.400764084587792, 22.512265564660243 ], [ 88.400756653861578, 22.512214247322323 ], [ 88.400746531548123, 22.512124416905561 ], [ 88.400731648572673, 22.512019641581194 ] ] } },
{ "type": "Feature", "properties": { "ward": 107, "source_sheet": "107_vip bazar.pdf p1", "source": "KMC ward sewerage network map (ArcMap GeoPDF)", "extraction_method": "geopdf_vector", "georef_max_residual_m": 0.1, "conduit_type": "pipe", "pipe_diameter_mm": 300.0, "diameter_source": "legend_colour", "diameter_candidates_mm": null, "label_diameter_mm": 300.0, "label_agrees": true, "scheme": null, "flow_arrow": "end" }, "geometry": { "type": "LineString", "coordinates": [ [ 88.399563108647513, 22.510437022891928 ], [ 88.399496324075628, 22.510444030387383 ], [ 88.399399594119174, 22.510453440941632 ], [ 88.39929594867391, 22.510462912065851 ], [ 88.399180777580625, 22.510472484011679 ], [ 88.399037987735852, 22.51048657936439 ], [ 88.398879061872222, 22.510500815894783 ], [ 88.398727051348388, 22.510514991757105 ], [ 88.39867407600542, 22.510519737153793 ] ] } },
{ "type": "Feature", "properties": { "ward": 107, "source_sheet": "107_vip bazar.pdf p1", "source": "KMC ward sewerage network map (ArcMap GeoPDF)", "extraction_method": "geopdf_vector", "georef_max_residual_m": 0.1, "conduit_type": "pipe", "pipe_diameter_mm": 300.0, "diameter_source": "legend_colour", "diameter_candidates_mm": null, "label_diameter_mm": 300.0, "label_agrees": true, "scheme": null, "flow_arrow": "end" }, "geometry": { "type": "LineString", "coordinates": [ [ 88.399727368084143, 22.511645212238136 ], [ 88.399672108672959, 22.511652118902905 ], [ 88.399566200218587, 22.511665891896829 ], [ 88.399490215831563, 22.511675120978435 ], [ 88.399372781507893, 22.511688994672596 ], [ 88.399239232481506, 22.511705150362594 ], [ 88.399117209151555, 22.511721205055839 ], [ 88.399004385127114, 22.511735038218156 ], [ 88.398838606616664, 22.511755757511732 ] ] } },
{ "type": "Feature", "properties": { "ward": 107, "source_sheet": "107_vip bazar.pdf p1", "source": "KMC ward sewerage network map (ArcMap GeoPDF)", "extraction_method": "geopdf_vector", "georef_max_residual_m": 0.1, "conduit_type": "pipe", "pipe_diameter_mm": 600.0, "diameter_source": "legend_colour", "diameter_candidates_mm": null, "label_diameter_mm": 600.0, "label_agrees": true, "scheme": null, "flow_arrow": "end" }, "geometry": { "type": "LineString", "coordinates": [ [ 88.399624186364377, 22.509400275869996 ], [ 88.399695559289682, 22.509391087243408 ], [ 88.399757733128126, 22.509384119971106 ], [ 88.399819885508123, 22.509375012029935 ], [ 88.400024805088393, 22.509349667111454 ], [ 88.400151436323171, 22.509333571457105 ], [ 88.400257343029139, 22.509319798166832 ], [ 88.400356355758333, 22.509308226211868 ], [ 88.400413919301045, 22.509301299076146 ], [ 88.400489902313367, 22.509292069714284 ], [ 88.400570474059265, 22.509280659101574 ], [ 88.40084217721666, 22.509248305246768 ], [ 88.401129994568095, 22.509213668776528 ], [ 88.401304989998636, 22.509192866461934 ] ] } },
{ "type": "Feature", "properties": { "ward": 107, "source_sheet": "107_vip bazar.pdf p1", "source": "KMC ward sewerage network map (ArcMap GeoPDF)", "extraction_method": "geopdf_vector", "georef_max_residual_m": 0.1, "conduit_type": "pipe", "pipe_diameter_mm": 500.0, "diameter_source": "legend_colour", "diameter_candidates_mm": null, "label_diameter_mm": 500.0, "label_agrees": true, "scheme": null, "flow_arrow": "end" }, "geometry": { "type": "LineString", "coordinates": [ [ 88.399842010900954, 22.510892740457415 ], [ 88.399829627097859, 22.510807211588848 ], [ 88.39981717885685, 22.510715260427286 ], [ 88.399802361149682, 22.510616907247247 ], [ 88.39978752211114, 22.510516413328677 ], [ 88.399772532835939, 22.510400934089972 ], [ 88.399750306449533, 22.510253404301427 ], [ 88.399728037216363, 22.510101592947095 ], [ 88.399705725141231, 22.509945500204999 ], [ 88.399693384343735, 22.509864252687972 ], [ 88.399681000760381, 22.509778723788067 ], [ 88.399668617099252, 22.509693194886392 ], [ 88.399656233455531, 22.509607665892911 ], [ 88.399639068114013, 22.50950505138653 ], [ 88.399624186364377, 22.509400275869996 ], [ 88.399606956638991, 22.509291239063025 ], [ 88.399589662601727, 22.509175780047538 ], [ 88.399623703141316, 22.509121958676435 ] ] } },
{ "type": "Feature", "properties": { "ward": 107, "source_sheet": "107_vip bazar.pdf p1", "source": "KMC ward sewerage network map (ArcMap GeoPDF)", "extraction_method": "geopdf_vector", "georef_max_residual_m": 0.1, "conduit_type": "pipe", "pipe_diameter_mm": 300.0, "diameter_source": "legend_colour", "diameter_candidates_mm": null, "label_diameter_mm": 300.0, "label_agrees": true, "scheme": null, "flow_arrow": "end" }, "geometry": { "type": "LineString", "coordinates": [ [ 88.400708686861691, 22.509499964258801 ], [ 88.400824576075649, 22.510481637195976 ] ] } },
{ "type": "Feature", "properties": { "ward": 107, "source_sheet": "107_vip bazar.pdf p1", "source": "KMC ward sewerage network map (ArcMap GeoPDF)", "extraction_method": "geopdf_vector", "georef_max_residual_m": 0.1, "conduit_type": "pipe", "pipe_diameter_mm": 225.0, "diameter_source": "legend_colour", "diameter_candidates_mm": null, "label_diameter_mm": 225.0, "label_agrees": true, "scheme": null, "flow_arrow": "end" }, "geometry": { "type": "LineString", "coordinates": [ [ 88.392393860907859, 22.512786157085447 ], [ 88.392002363900616, 22.512828104117357 ], [ 88.39192606042397, 22.512342775661477 ], [ 88.391886403119031, 22.512296020370563 ], [ 88.391833258848351, 22.51182119476433 ] ] } },
{ "type": "Feature", "properties": { "ward": 107, "source_sheet": "107_vip bazar.pdf p1", "source": "KMC ward sewerage network map (ArcMap GeoPDF)", "extraction_method": "geopdf_vector", "georef_max_residual_m": 0.1, "conduit_type": "pipe", "pipe_diameter_mm": 300.0, "diameter_source": "legend_colour", "diameter_candidates_mm": null, "label_diameter_mm": 300.0, "label_agrees": true, "scheme": null, "flow_arrow": "end" }, "geometry": { "type": "LineString", "coordinates": [ [ 88.391363047296551, 22.511829570559481 ], [ 88.391671598479363, 22.511792629275693 ], [ 88.391833258848351, 22.51182119476433 ], [ 88.392397725918698, 22.511786305217253 ] ] } },
{ "type": "Feature", "properties": { "ward": 107, "source_sheet": "107_vip bazar.pdf p1", "source": "KMC ward sewerage network map (ArcMap GeoPDF)", "extraction_method": "geopdf_vector", "georef_max_residual_m": 0.1, "conduit_type": "pipe", "pipe_diameter_mm": 600.0, "diameter_source": "legend_colour", "diameter_candidates_mm": null, "label_diameter_mm": 600.0, "label_agrees": true, "scheme": null, "flow_arrow": "end" }, "geometry": { "type": "LineString", "coordinates": [ [ 88.390906959339418, 22.512330238120217 ], [ 88.391024331545893, 22.512309948217748 ], [ 88.391134809350064, 22.512291859166179 ], [ 88.391254507871963, 22.512273689777569 ] ] } },
{ "type": "Feature", "properties": { "ward": 107, "source_sheet": "107_vip bazar.pdf p1", "source": "KMC ward sewerage network map (ArcMap GeoPDF)", "extraction_method": "geopdf_vector", "georef_max_residual_m": 0.1, "conduit_type": "pipe", "pipe_diameter_mm": 225.0, "diameter_source": "legend_colour", "diameter_candidates_mm": null, "label_diameter_mm": null, "label_agrees": null, "scheme": null, "flow_arrow": "end" }, "geometry": { "type": "LineString", "coordinates": [ [ 88.389382199520767, 22.514788453464515 ], [ 88.389292423826021, 22.51480207957907 ] ] } },
{ "type": "Feature", "properties": { "ward": 107, "source_sheet": "107_vip bazar.pdf p1", "source": "KMC ward sewerage network map (ArcMap GeoPDF)", "extraction_method": "geopdf_vector", "georef_max_residual_m": 0.1, "conduit_type": "pipe", "pipe_diameter_mm": 400.0, "diameter_source": "legend_colour", "diameter_candidates_mm": null, "label_diameter_mm": 400.0, "label_agrees": true, "scheme": null, "flow_arrow": "end" }, "geometry": { "type": "LineString", "coordinates": [ [ 88.386855699287992, 22.519687461183384 ], [ 88.387053253478371, 22.519615095327328 ], [ 88.38734724726001, 22.519503355140806 ], [ 88.387624273643425, 22.519308264983206 ], [ 88.387786162299676, 22.519127020143461 ], [ 88.38782923948817, 22.51905385411521 ], [ 88.387872273980179, 22.518976406503267 ] ] } },
{ "type": "Feature", "properties": { "ward": 107, "source_sheet": "107_vip bazar.pdf p1", "source": "KMC ward sewerage network map (ArcMap GeoPDF)", "extraction_method": "geopdf_vector", "georef_max_residual_m": 0.1, "conduit_type": "pipe", "pipe_diameter_mm": 300.0, "diameter_source": "legend_colour", "diameter_candidates_mm": null, "label_diameter_mm": 300.0, "label_agrees": true, "scheme": null, "flow_arrow": "end" }, "geometry": { "type": "LineString", "coordinates": [ [ 88.389561155760077, 22.518871809266113 ], [ 88.388057505858285, 22.519056153236157 ], [ 88.38782923948817, 22.51905385411521 ] ] } },
{ "type": "Feature", "properties": { "ward": 107, "source_sheet": "107_vip bazar.pdf p1", "source": "KMC ward sewerage network map (ArcMap GeoPDF)", "extraction_method": "geopdf_vector", "georef_max_residual_m": 0.1, "conduit_type": "pipe", "pipe_diameter_mm": 300.0, "diameter_source": "legend_colour", "diameter_candidates_mm": null, "label_diameter_mm": 300.0, "label_agrees": true, "scheme": null, "flow_arrow": "end" }, "geometry": { "type": "LineString", "coordinates": [ [ 88.398538346331947, 22.509396933897314 ], [ 88.39848082547914, 22.509408141840272 ], [ 88.398391118612452, 22.509428195024267 ], [ 88.39830600060445, 22.50944606709491 ], [ 88.398204789462994, 22.509468361823341 ], [ 88.398087485359312, 22.509495078999976 ], [ 88.397986274235535, 22.509517373593653 ], [ 88.397901156108929, 22.509535245455481 ], [ 88.397827563518476, 22.509553016487271 ], [ 88.397740140136435, 22.509570908424184 ], [ 88.397662022952474, 22.509597282728617 ], [ 88.397590778337303, 22.509619314972078 ], [ 88.397503461958536, 22.509647910555191 ] ] } },
{ "type": "Feature", "properties": { "ward": 107, "source_sheet": "107_vip bazar.pdf p1", "source": "KMC ward sewerage network map (ArcMap GeoPDF)", "extraction_method": "geopdf_vector", "georef_max_residual_m": 0.1, "conduit_type": "pipe", "pipe_diameter_mm": 600.0, "diameter_source": "legend_colour", "diameter_candidates_mm": null, "label_diameter_mm": 600.0, "label_agrees": true, "scheme": "KEIIP", "flow_arrow": "end" }, "geometry": { "type": "LineString", "coordinates": [ [ 88.381636780739129, 22.511839012186666 ], [ 88.381803092374128, 22.511871829493941 ], [ 88.381964793648763, 22.511904686490727 ], [ 88.382126494991738, 22.511937543410308 ] ] } },
{ "type": "Feature", "properties": { "ward": 107, "source_sheet": "107_vip bazar.pdf p1", "source": "KMC ward sewerage network map (ArcMap GeoPDF)", "extraction_method": "geopdf_vector", "georef_max_residual_m": 0.1, "conduit_type": "pipe", "pipe_diameter_mm": 600.0, "diameter_source": "legend_colour", "diameter_candidates_mm": null, "label_diameter_mm": 600.0, "label_agrees": true, "scheme": null, "flow_arrow": "end" }, "geometry": { "type": "LineString", "coordinates": [ [ 88.384373524612172, 22.510237455019162 ], [ 88.384315924229369, 22.510473457665217 ], [ 88.384341917409898, 22.510537460851825 ] ] } },
{ "type": "Feature", "properties": { "ward": 107, "source_sheet": "107_vip bazar.pdf p1", "source": "KMC ward sewerage network map (ArcMap GeoPDF)", "extraction_method": "geopdf_vector", "georef_max_residual_m": 0.1, "conduit_type": "pipe", "pipe_diameter_mm": 450.0, "diameter_source": "legend_colour", "diameter_candidates_mm": null, "label_diameter_mm": 450.0, "label_agrees": true, "scheme": "KEIIP", "flow_arrow": "end" }, "geometry": { "type": "LineString", "coordinates": [ [ 88.401542495083774, 22.513104409280128 ], [ 88.401551314243889, 22.512834574486075 ], [ 88.401558429642634, 22.512624700748965 ] ] } },
{ "type": "Feature", "properties": { "ward": 107, "source_sheet": "107_vip bazar.pdf p1", "source": "KMC ward sewerage network map (ArcMap GeoPDF)", "extraction_method": "geopdf_vector", "georef_max_residual_m": 0.1, "conduit_type": "pipe", "pipe_diameter_mm": 600.0, "diameter_source": "legend_colour", "diameter_candidates_mm": null, "label_diameter_mm": 600.0, "label_agrees": true, "scheme": "KEIIP", "flow_arrow": "end" }, "geometry": { "type": "LineString", "coordinates": [ [ 88.401558429642634, 22.512624700748965 ], [ 88.401563562206547, 22.512446958288152 ], [ 88.40156882356672, 22.512282060395211 ], [ 88.401571758292562, 22.512115041891299 ], [ 88.401576955305273, 22.511943721795589 ], [ 88.401583920327667, 22.511718862735897 ], [ 88.40157761301711, 22.511549784429828 ], [ 88.401571005000434, 22.511350735600505 ], [ 88.40156446136568, 22.51115810905209 ], [ 88.401541781841956, 22.510965623980354 ], [ 88.401525309053611, 22.510702433646923 ] ] } },
{ "type": "Feature", "properties": { "ward": 107, "source_sheet": "107_vip bazar.pdf p1", "source": "KMC ward sewerage network map (ArcMap GeoPDF)", "extraction_method": "geopdf_vector", "georef_max_residual_m": 0.1, "conduit_type": "pipe", "pipe_diameter_mm": 300.0, "diameter_source": "legend_colour", "diameter_candidates_mm": null, "label_diameter_mm": 300.0, "label_agrees": true, "scheme": "KEIIP", "flow_arrow": "end" }, "geometry": { "type": "LineString", "coordinates": [ [ 88.391671524344702, 22.522889109199411 ], [ 88.391531260626877, 22.522926726777051 ], [ 88.391372596771632, 22.522968786323258 ] ] } },
{ "type": "Feature", "properties": { "ward": 107, "source_sheet": "107_vip bazar.pdf p1", "source": "KMC ward sewerage network map (ArcMap GeoPDF)", "extraction_method": "geopdf_vector", "georef_max_residual_m": 0.1, "conduit_type": "pipe", "pipe_diameter_mm": 300.0, "diameter_source": "legend_colour", "diameter_candidates_mm": null, "label_diameter_mm": 300.0, "label_agrees": true, "scheme": "KEIIP", "flow_arrow": "end" }, "geometry": { "type": "LineString", "coordinates": [ [ 88.391222367555571, 22.522469115445897 ], [ 88.391248622328348, 22.52255880610544 ], [ 88.391267683787575, 22.522620727289546 ], [ 88.391277203808983, 22.522650617511356 ], [ 88.391312978793465, 22.522770198463274 ], [ 88.391329713641539, 22.522829998972153 ], [ 88.391346384497993, 22.522883377173383 ], [ 88.391372596771632, 22.522968786323258 ] ] } },
{ "type": "Feature", "properties": { "ward": 107, "source_sheet": "107_vip bazar.pdf p1", "source": "KMC ward sewerage network map (ArcMap GeoPDF)", "extraction_method": "geopdf_vector", "georef_max_residual_m": 0.1, "conduit_type": "pipe", "pipe_diameter_mm": 300.0, "diameter_source": "legend_colour", "diameter_candidates_mm": null, "label_diameter_mm": 300.0, "label_agrees": true, "scheme": "KEIIP", "flow_arrow": "end" }, "geometry": { "type": "LineString", "coordinates": [ [ 88.391551626323547, 22.522425570274411 ], [ 88.391582662674324, 22.522532346798489 ] ] } },
{ "type": "Feature", "properties": { "ward": 107, "source_sheet": "107_vip bazar.pdf p1", "source": "KMC ward sewerage network map (ArcMap GeoPDF)", "extraction_method": "geopdf_vector", "georef_max_residual_m": 0.1, "conduit_type": "pipe", "pipe_diameter_mm": 300.0, "diameter_source": "legend_colour", "diameter_candidates_mm": null, "label_diameter_mm": null, "label_agrees": null, "scheme": null, "flow_arrow": "end" }, "geometry": { "type": "LineString", "coordinates": [ [ 88.391670031082455, 22.522508035476491 ], [ 88.391582662674324, 22.522532346798489 ] ] } },
{ "type": "Feature", "properties": { "ward": 107, "source_sheet": "107_vip bazar.pdf p1", "source": "KMC ward sewerage network map (ArcMap GeoPDF)", "extraction_method": "geopdf_vector", "georef_max_residual_m": 0.1, "conduit_type": "pipe", "pipe_diameter_mm": 300.0, "diameter_source": "legend_colour", "diameter_candidates_mm": null, "label_diameter_mm": null, "label_agrees": null, "scheme": null, "flow_arrow": "end" }, "geometry": { "type": "LineString", "coordinates": [ [ 88.390789858453388, 22.522562800204216 ], [ 88.390693204512829, 22.522580769104792 ], [ 88.390598855878693, 22.52259871779459 ] ] } },
{ "type": "Feature", "properties": { "ward": 107, "source_sheet": "107_vip bazar.pdf p1", "source": "KMC ward sewerage network map (ArcMap GeoPDF)", "extraction_method": "geopdf_vector", "georef_max_residual_m": 0.1, "conduit_type": "pipe", "pipe_diameter_mm": 300.0, "diameter_source": "legend_colour", "diameter_candidates_mm": null, "label_diameter_mm": null, "label_agrees": null, "scheme": null, "flow_arrow": "end" }, "geometry": { "type": "LineString", "coordinates": [ [ 88.390577532028644, 22.522541098058923 ], [ 88.390598855878693, 22.52259871779459 ] ] } },
{ "type": "Feature", "properties": { "ward": 107, "source_sheet": "107_vip bazar.pdf p1", "source": "KMC ward sewerage network map (ArcMap GeoPDF)", "extraction_method": "geopdf_vector", "georef_max_residual_m": 0.1, "conduit_type": "pipe", "pipe_diameter_mm": 400.0, "diameter_source": "legend_colour", "diameter_candidates_mm": null, "label_diameter_mm": 400.0, "label_agrees": true, "scheme": "KEIIP", "flow_arrow": "end" }, "geometry": { "type": "LineString", "coordinates": [ [ 88.390598855878693, 22.52259871779459 ], [ 88.390627522339344, 22.522699092292822 ], [ 88.390656060799728, 22.522786622259229 ] ] } },
{ "type": "Feature", "properties": { "ward": 107, "source_sheet": "107_vip bazar.pdf p1", "source": "KMC ward sewerage network map (ArcMap GeoPDF)", "extraction_method": "geopdf_vector", "georef_max_residual_m": 0.1, "conduit_type": "pipe", "pipe_diameter_mm": 900.0, "diameter_source": "legend_colour", "diameter_candidates_mm": null, "label_diameter_mm": 900.0, "label_agrees": true, "scheme": "KEIIP", "flow_arrow": "end" }, "geometry": { "type": "LineString", "coordinates": [ [ 88.393512948539652, 22.528591494509858 ], [ 88.39356612024622, 22.528374796426405 ], [ 88.393518857144997, 22.528259598255289 ], [ 88.393683630215435, 22.528136127629782 ], [ 88.393615233444919, 22.52798257709529 ] ] } },
{ "type": "Feature", "properties": { "ward": 107, "source_sheet": "107_vip bazar.pdf p1", "source": "KMC ward sewerage network map (ArcMap GeoPDF)", "extraction_method": "geopdf_vector", "georef_max_residual_m": 0.1, "conduit_type": "pipe", "pipe_diameter_mm": 300.0, "diameter_source": "legend_colour", "diameter_candidates_mm": null, "label_diameter_mm": 300.0, "label_agrees": true, "scheme": "KEIIP", "flow_arrow": "end" }, "geometry": { "type": "LineString", "coordinates": [ [ 88.3947292332046, 22.528251175950352 ], [ 88.394714245327179, 22.528135696460069 ], [ 88.394701327677126, 22.527996648583184 ] ] } },
{ "type": "Feature", "properties": { "ward": 107, "source_sheet": "107_vip bazar.pdf p1", "source": "KMC ward sewerage network map (ArcMap GeoPDF)", "extraction_method": "geopdf_vector", "georef_max_residual_m": 0.1, "conduit_type": "pipe", "pipe_diameter_mm": 1200.0, "diameter_source": "legend_colour", "diameter_candidates_mm": null, "label_diameter_mm": 1200.0, "label_agrees": true, "scheme": "KEIIP", "flow_arrow": "end" }, "geometry": { "type": "LineString", "coordinates": [ [ 88.395730758984897, 22.510810940909089 ], [ 88.395625112059349, 22.511081621387802 ], [ 88.395605392368338, 22.511184558478327 ], [ 88.395547447493882, 22.51138417154035 ], [ 88.395498915549524, 22.511602970811456 ], [ 88.395486389298057, 22.511733677279651 ], [ 88.39549704288514, 22.511877027003901 ], [ 88.395589810517663, 22.512163102499589 ], [ 88.395629896781571, 22.512252671834116 ], [ 88.395847572271407, 22.512580475168207 ], [ 88.395953080988605, 22.512757251367315 ], [ 88.396276545926696, 22.513289659854969 ], [ 88.396578945475909, 22.513790137513084 ], [ 88.396707929382416, 22.513778305767705 ], [ 88.396859658354145, 22.514196602971232 ], [ 88.397032770143113, 22.514447720197712 ], [ 88.39719412090038, 22.514675389784596 ], [ 88.397761828623942, 22.515424034541773 ], [ 88.398028588540697, 22.515817774012206 ], [ 88.398145757436637, 22.51600729210443 ], [ 88.398267772893448, 22.516220318004574 ], [ 88.398352883498276, 22.516431525700312 ], [ 88.398399126952981, 22.516675187436945 ], [ 88.398412946968861, 22.516904146421339 ], [ 88.398410351692462, 22.517105416796522 ], [ 88.398407542042065, 22.517285279831622 ], [ 88.398384542513668, 22.517520983751755 ], [ 88.398378377026717, 22.517595970298036 ], [ 88.398353029303166, 22.517827412915185 ], [ 88.398313635526677, 22.518037569043297 ], [ 88.398267132849895, 22.518228518986138 ], [ 88.398253751400475, 22.518273595681542 ] ] } },
{ "type": "Feature", "properties": { "ward": 107, "source_sheet": "107_vip bazar.pdf p1", "source": "KMC ward sewerage network map (ArcMap GeoPDF)", "extraction_method": "geopdf_vector", "georef_max_residual_m": 0.1, "conduit_type": "pipe", "pipe_diameter_mm": 500.0, "diameter_source": "legend_colour", "diameter_candidates_mm": null, "label_diameter_mm": 500.0, "label_agrees": true, "scheme": "KEIIP", "flow_arrow": "end" }, "geometry": { "type": "LineString", "coordinates": [ [ 88.396054696095433, 22.518309949617478 ], [ 88.396137835636154, 22.51832420981534 ], [ 88.396341084736122, 22.518360970728111 ], [ 88.396523479536256, 22.51838720901959 ], [ 88.396648092617255, 22.518398965577816 ], [ 88.396722011214251, 22.518413306059148 ], [ 88.396923105214682, 22.518465071602606 ], [ 88.397073055023654, 22.518474465417896 ], [ 88.397252716363127, 22.518457908068015 ], [ 88.397469069074845, 22.51842176127262 ], [ 88.397648558753644, 22.518388077526406 ], [ 88.397828048334119, 22.518354393584303 ], [ 88.398005254088247, 22.518322870346349 ], [ 88.398092682771889, 22.518304978007198 ], [ 88.398267132849895, 22.518228518986138 ] ] } },
{ "type": "Feature", "properties": { "ward": 107, "source_sheet": "107_vip bazar.pdf p1", "source": "KMC ward sewerage network map (ArcMap GeoPDF)", "extraction_method": "geopdf_vector", "georef_max_residual_m": 0.1, "conduit_type": "pipe", "pipe_diameter_mm": 500.0, "diameter_source": "legend_colour", "diameter_candidates_mm": null, "label_diameter_mm": null, "label_agrees": null, "scheme": null, "flow_arrow": "none" }, "geometry": { "type": "LineString", "coordinates": [ [ 88.398092682771889, 22.518304978007198 ], [ 88.398100005804139, 22.518345591617763 ] ] } },
{ "type": "Feature", "properties": { "ward": 107, "source_sheet": "107_vip bazar.pdf p1", "source": "KMC ward sewerage network map (ArcMap GeoPDF)", "extraction_method": "geopdf_vector", "georef_max_residual_m": 0.1, "conduit_type": "pipe", "pipe_diameter_mm": 500.0, "diameter_source": "legend_colour", "diameter_candidates_mm": null, "label_diameter_mm": 500.0, "label_agrees": true, "scheme": "KEIIP", "flow_arrow": "end" }, "geometry": { "type": "LineString", "coordinates": [ [ 88.39610716713112, 22.51848504782491 ], [ 88.396236476529779, 22.51850532744789 ], [ 88.396391208166662, 22.518531807495137 ], [ 88.396601352095288, 22.518566366979865 ], [ 88.396772242201678, 22.518594846355288 ], [ 88.397070115200989, 22.518641483993591 ], [ 88.397245101867085, 22.518618544658434 ], [ 88.397433877286502, 22.518591202801041 ], [ 88.39753972699333, 22.518571008651453 ], [ 88.397636355620421, 22.518550895171725 ], [ 88.39783659295145, 22.518517029748029 ], [ 88.398071387731534, 22.5184807208249 ], [ 88.398184174549229, 22.518462606577017 ], [ 88.398234976197102, 22.518470725763269 ] ] } },
{ "type": "Feature", "properties": { "ward": 107, "source_sheet": "107_vip bazar.pdf p1", "source": "KMC ward sewerage network map (ArcMap GeoPDF)", "extraction_method": "geopdf_vector", "georef_max_residual_m": 0.1, "conduit_type": "pipe", "pipe_diameter_mm": 1200.0, "diameter_source": "legend_colour", "diameter_candidates_mm": null, "label_diameter_mm": 1200.0, "label_agrees": true, "scheme": "KEIIP", "flow_arrow": "end" }, "geometry": { "type": "LineString", "coordinates": [ [ 88.398234976197102, 22.518470725763269 ], [ 88.398251734793519, 22.518532666191916 ], [ 88.398275623570143, 22.518615953615473 ], [ 88.398380678966447, 22.518976851909859 ], [ 88.39842126234646, 22.519115657412794 ], [ 88.398575930294712, 22.519596013695168 ], [ 88.399074055828848, 22.519840001257776 ] ] } },
{ "type": "Feature", "properties": { "ward": 107, "source_sheet": "107_vip bazar.pdf p1", "source": "KMC ward sewerage network map (ArcMap GeoPDF)", "extraction_method": "geopdf_vector", "georef_max_residual_m": 0.1, "conduit_type": "pipe", "pipe_diameter_mm": 700.0, "diameter_source": "map_label", "diameter_candidates_mm": null, "label_diameter_mm": 700.0, "label_agrees": null, "scheme": "KEIIP", "flow_arrow": "end" }, "geometry": { "type": "LineString", "coordinates": [ [ 88.395950130322447, 22.518458587547784 ], [ 88.396000931976644, 22.518466707534262 ], [ 88.396051733539835, 22.518474827505248 ], [ 88.39610716713112, 22.51848504782491 ], [ 88.396120677730949, 22.51845281577398 ] ] } },
{ "type": "Feature", "properties": { "ward": 107, "source_sheet": "107_vip bazar.pdf p1", "source": "KMC ward sewerage network map (ArcMap GeoPDF)", "extraction_method": "geopdf_vector", "georef_max_residual_m": 0.1, "conduit_type": "pipe", "pipe_diameter_mm": 300.0, "diameter_source": "legend_colour", "diameter_candidates_mm": null, "label_diameter_mm": 300.0, "label_agrees": true, "scheme": "KEIIP", "flow_arrow": "end" }, "geometry": { "type": "LineString", "coordinates": [ [ 88.394424674683066, 22.520844062351831 ], [ 88.394532874805037, 22.520828131518805 ], [ 88.39463413751217, 22.520810120242292 ], [ 88.39464895310013, 22.520908473907898 ], [ 88.394661142541409, 22.520974736473992 ], [ 88.394671048172142, 22.521043159984149 ], [ 88.394795449707559, 22.521033510323129 ], [ 88.394942904464799, 22.521023659399564 ], [ 88.395124896077405, 22.521009224860922 ], [ 88.39517437739822, 22.521115839558199 ] ] } },
{ "type": "Feature", "properties": { "ward": 107, "source_sheet": "107_vip bazar.pdf p1", "source": "KMC ward sewerage network map (ArcMap GeoPDF)", "extraction_method": "geopdf_vector", "georef_max_residual_m": 0.1, "conduit_type": "pipe", "pipe_diameter_mm": 500.0, "diameter_source": "legend_colour", "diameter_candidates_mm": null, "label_diameter_mm": 500.0, "label_agrees": true, "scheme": "KEIIP", "flow_arrow": "end" }, "geometry": { "type": "LineString", "coordinates": [ [ 88.396051461734331, 22.520984004638198 ], [ 88.396226151840082, 22.520931095885551 ], [ 88.396428441374496, 22.520871522896506 ], [ 88.396580099394171, 22.520820955975097 ], [ 88.396681169109925, 22.520783676637038 ], [ 88.396768471035784, 22.520752940530425 ], [ 88.396885634895526, 22.520711238539185 ], [ 88.39704879780831, 22.520658429690666 ], [ 88.397234927852082, 22.520596856079074 ], [ 88.3973406292249, 22.520561676849702 ], [ 88.397393479889885, 22.520544087209952 ] ] } },
{ "type": "Feature", "properties": { "ward": 107, "source_sheet": "107_vip bazar.pdf p1", "source": "KMC ward sewerage network map (ArcMap GeoPDF)", "extraction_method": "geopdf_vector", "georef_max_residual_m": 0.1, "conduit_type": "pipe", "pipe_diameter_mm": 400.0, "diameter_source": "legend_colour", "diameter_candidates_mm": null, "label_diameter_mm": 400.0, "label_agrees": true, "scheme": "KEIIP", "flow_arrow": "end" }, "geometry": { "type": "LineString", "coordinates": [ [ 88.39517437739822, 22.521115839558199 ], [ 88.395476031604474, 22.521078950328242 ], [ 88.395639516558063, 22.521058254066926 ], [ 88.395821443889631, 22.521037396537142 ], [ 88.396051461734331, 22.520984004638198 ] ] } },
{ "type": "Feature", "properties": { "ward": 107, "source_sheet": "107_vip bazar.pdf p1", "source": "KMC ward sewerage network map (ArcMap GeoPDF)", "extraction_method": "geopdf_vector", "georef_max_residual_m": 0.1, "conduit_type": "pipe", "pipe_diameter_mm": 300.0, "diameter_source": "legend_colour", "diameter_candidates_mm": null, "label_diameter_mm": 300.0, "label_agrees": true, "scheme": "KEIIP", "flow_arrow": "end" }, "geometry": { "type": "LineString", "coordinates": [ [ 88.396782951387323, 22.520356741264116 ], [ 88.39681396982273, 22.520461375801432 ], [ 88.396885634895526, 22.520711238539185 ] ] } },
{ "type": "Feature", "properties": { "ward": 107, "source_sheet": "107_vip bazar.pdf p1", "source": "KMC ward sewerage network map (ArcMap GeoPDF)", "extraction_method": "geopdf_vector", "georef_max_residual_m": 0.1, "conduit_type": "pipe", "pipe_diameter_mm": 300.0, "diameter_source": "legend_colour", "diameter_candidates_mm": null, "label_diameter_mm": 300.0, "label_agrees": true, "scheme": "KEIIP", "flow_arrow": "end" }, "geometry": { "type": "LineString", "coordinates": [ [ 88.396147106345666, 22.521556939166949 ], [ 88.396136621928264, 22.521430715690798 ], [ 88.396121291533206, 22.521280984326179 ], [ 88.396051461734331, 22.520984004638198 ] ] } },
{ "type": "Feature", "properties": { "ward": 107, "source_sheet": "107_vip bazar.pdf p1", "source": "KMC ward sewerage network map (ArcMap GeoPDF)", "extraction_method": "geopdf_vector", "georef_max_residual_m": 0.1, "conduit_type": "pipe", "pipe_diameter_mm": 300.0, "diameter_source": "legend_colour", "diameter_candidates_mm": null, "label_diameter_mm": 300.0, "label_agrees": true, "scheme": "KEIIP", "flow_arrow": "end" }, "geometry": { "type": "LineString", "coordinates": [ [ 88.397996741202633, 22.520466018676306 ], [ 88.397796415507585, 22.520491321498056 ], [ 88.397600700216486, 22.520516583659251 ], [ 88.397393479889885, 22.520544087209952 ] ] } },
{ "type": "Feature", "properties": { "ward": 107, "source_sheet": "107_vip bazar.pdf p1", "source": "KMC ward sewerage network map (ArcMap GeoPDF)", "extraction_method": "geopdf_vector", "georef_max_residual_m": 0.1, "conduit_type": "pipe", "pipe_diameter_mm": 300.0, "diameter_source": "legend_colour", "diameter_candidates_mm": null, "label_diameter_mm": null, "label_agrees": null, "scheme": null, "flow_arrow": "end" }, "geometry": { "type": "LineString", "coordinates": [ [ 88.397828913522119, 22.520743667280851 ], [ 88.397695355598927, 22.520759822123519 ], [ 88.39747891364631, 22.520787406371682 ] ] } },
{ "type": "Feature", "properties": { "ward": 107, "source_sheet": "107_vip bazar.pdf p1", "source": "KMC ward sewerage network map (ArcMap GeoPDF)", "extraction_method": "geopdf_vector", "georef_max_residual_m": 0.1, "conduit_type": "pipe", "pipe_diameter_mm": 900.0, "diameter_source": "legend_colour", "diameter_candidates_mm": null, "label_diameter_mm": 900.0, "label_agrees": true, "scheme": "KEIIP", "flow_arrow": "end" }, "geometry": { "type": "LineString", "coordinates": [ [ 88.397393479889885, 22.520544087209952 ], [ 88.397379240929297, 22.520503533965439 ], [ 88.397357893266388, 22.520443774506152 ], [ 88.397334176055708, 22.520377613000875 ], [ 88.397274829526111, 22.520206857291761 ], [ 88.397208438661039, 22.520023317619028 ], [ 88.397300307803718, 22.519988259379012 ], [ 88.39733902650471, 22.519940820265983 ], [ 88.39744959504354, 22.519931289565047 ], [ 88.397645416605471, 22.519916731294924 ], [ 88.39789652234208, 22.519897407321231 ], [ 88.397829573703049, 22.519658208505046 ], [ 88.397737588547983, 22.519451342635779 ], [ 88.397652669599452, 22.519259401430642 ], [ 88.3977561287751, 22.519230664344438 ], [ 88.397977071713655, 22.519192335751917 ], [ 88.398195730583154, 22.519156167766848 ], [ 88.39842126234646, 22.519115657412794 ], [ 88.398552448887003, 22.519093100026797 ] ] } },
{ "type": "Feature", "properties": { "ward": 107, "source_sheet": "107_vip bazar.pdf p1", "source": "KMC ward sewerage network map (ArcMap GeoPDF)", "extraction_method": "geopdf_vector", "georef_max_residual_m": 0.1, "conduit_type": "pipe", "pipe_diameter_mm": 800.0, "diameter_source": "legend_colour", "diameter_candidates_mm": null, "label_diameter_mm": 800.0, "label_agrees": true, "scheme": "KEIIP", "flow_arrow": "end" }, "geometry": { "type": "LineString", "coordinates": [ [ 88.39747891364631, 22.520787406371682 ], [ 88.397464674633014, 22.520746853227639 ], [ 88.397450392869303, 22.520702018524634 ], [ 88.397393479889885, 22.520544087209952 ] ] } },
{ "type": "Feature", "properties": { "ward": 107, "source_sheet": "107_vip bazar.pdf p1", "source": "KMC ward sewerage network map (ArcMap GeoPDF)", "extraction_method": "geopdf_vector", "georef_max_residual_m": 0.1, "conduit_type": "pipe", "pipe_diameter_mm": 300.0, "diameter_source": "legend_colour", "diameter_candidates_mm": null, "label_diameter_mm": 300.0, "label_agrees": true, "scheme": "KEIIP", "flow_arrow": "end" }, "geometry": { "type": "LineString", "coordinates": [ [ 88.39731321836247, 22.51989608633561 ], [ 88.397303332979732, 22.519829803863562 ], [ 88.397295752985372, 22.519763501141608 ], [ 88.397273355738179, 22.519598845158814 ], [ 88.397265754354862, 22.519530401787424 ], [ 88.397224700672453, 22.519344499530103 ], [ 88.397186445084373, 22.519207814249896 ] ] } },
{ "type": "Feature", "properties": { "ward": 107, "source_sheet": "107_vip bazar.pdf p1", "source": "KMC ward sewerage network map (ArcMap GeoPDF)", "extraction_method": "geopdf_vector", "georef_max_residual_m": 0.1, "conduit_type": "pipe", "pipe_diameter_mm": 300.0, "diameter_source": "legend_colour", "diameter_candidates_mm": null, "label_diameter_mm": 300.0, "label_agrees": true, "scheme": "KEIIP", "flow_arrow": "end" }, "geometry": { "type": "LineString", "coordinates": [ [ 88.397447640494576, 22.519044960275686 ], [ 88.397300338202029, 22.519069798697235 ], [ 88.397324526460096, 22.519183056646771 ], [ 88.397186445084373, 22.519207814249896 ] ] } },
{ "type": "Feature", "properties": { "ward": 107, "source_sheet": "107_vip bazar.pdf p1", "source": "KMC ward sewerage network map (ArcMap GeoPDF)", "extraction_method": "geopdf_vector", "georef_max_residual_m": 0.1, "conduit_type": "pipe", "pipe_diameter_mm": 600.0, "diameter_source": "legend_colour", "diameter_candidates_mm": null, "label_diameter_mm": 600.0, "label_agrees": true, "scheme": "KEIIP", "flow_arrow": "end" }, "geometry": { "type": "LineString", "coordinates": [ [ 88.397186445084373, 22.519207814249896 ], [ 88.397135107587616, 22.519146176032521 ], [ 88.397082043206268, 22.51914235813312 ], [ 88.397010536652076, 22.519138701446423 ], [ 88.396960562134296, 22.518982850164736 ], [ 88.396905912953883, 22.518820616959211 ], [ 88.396846460639466, 22.518639157237381 ], [ 88.396832200745123, 22.518596463270853 ], [ 88.396820310271409, 22.51856017126763 ] ] } },
{ "type": "Feature", "properties": { "ward": 107, "source_sheet": "107_vip bazar.pdf p1", "source": "KMC ward sewerage network map (ArcMap GeoPDF)", "extraction_method": "geopdf_vector", "georef_max_residual_m": 0.1, "conduit_type": "pipe", "pipe_diameter_mm": 300.0, "diameter_source": "legend_colour", "diameter_candidates_mm": null, "label_diameter_mm": 300.0, "label_agrees": true, "scheme": "KEIIP", "flow_arrow": "end" }, "geometry": { "type": "LineString", "coordinates": [ [ 88.398109361476955, 22.519510177355762 ], [ 88.398038509508623, 22.519341663520724 ], [ 88.397977071713655, 22.519192335751917 ] ] } },
{ "type": "Feature", "properties": { "ward": 107, "source_sheet": "107_vip bazar.pdf p1", "source": "KMC ward sewerage network map (ArcMap GeoPDF)", "extraction_method": "geopdf_vector", "georef_max_residual_m": 0.1, "conduit_type": "pipe", "pipe_diameter_mm": 300.0, "diameter_source": "legend_colour", "diameter_candidates_mm": null, "label_diameter_mm": 300.0, "label_agrees": true, "scheme": "KEIIP", "flow_arrow": "end" }, "geometry": { "type": "LineString", "coordinates": [ [ 88.396278716469283, 22.522037499124338 ], [ 88.396259010596538, 22.521911356253145 ], [ 88.396239304766169, 22.5217852133758 ], [ 88.396244443794743, 22.521607471006934 ] ] } },
{ "type": "Feature", "properties": { "ward": 107, "source_sheet": "107_vip bazar.pdf p1", "source": "KMC ward sewerage network map (ArcMap GeoPDF)", "extraction_method": "geopdf_vector", "georef_max_residual_m": 0.1, "conduit_type": "pipe", "pipe_diameter_mm": 400.0, "diameter_source": "legend_colour", "diameter_candidates_mm": null, "label_diameter_mm": 400.0, "label_agrees": true, "scheme": "KEIIP", "flow_arrow": "end" }, "geometry": { "type": "LineString", "coordinates": [ [ 88.396523516545656, 22.521617877731149 ], [ 88.396504495770856, 22.521560238742115 ], [ 88.396484896854474, 22.521444799658546 ], [ 88.396458018033158, 22.521293028262061 ], [ 88.39666737380179, 22.521248379828176 ], [ 88.396800825271271, 22.521221522050595 ], [ 88.396911351948049, 22.521207710200375 ], [ 88.396989647061304, 22.521198462007447 ], [ 88.397162331636579, 22.521175542760275 ], [ 88.397378795800023, 22.521150099637946 ], [ 88.397565312053544, 22.52112705908953 ], [ 88.397597543644636, 22.521122495243038 ] ] } },
{ "type": "Feature", "properties": { "ward": 107, "source_sheet": "107_vip bazar.pdf p1", "source": "KMC ward sewerage network map (ArcMap GeoPDF)", "extraction_method": "geopdf_vector", "georef_max_residual_m": 0.1, "conduit_type": "pipe", "pipe_diameter_mm": 300.0, "diameter_source": "legend_colour", "diameter_candidates_mm": null, "label_diameter_mm": null, "label_agrees": null, "scheme": null, "flow_arrow": "end" }, "geometry": { "type": "LineString", "coordinates": [ [ 88.397998378261065, 22.521320236457232 ], [ 88.397851116479941, 22.521349356960361 ], [ 88.397690044211174, 22.521380739057115 ] ] } },
{ "type": "Feature", "properties": { "ward": 107, "source_sheet": "107_vip bazar.pdf p1", "source": "KMC ward sewerage network map (ArcMap GeoPDF)", "extraction_method": "geopdf_vector", "georef_max_residual_m": 0.1, "conduit_type": "pipe", "pipe_diameter_mm": 400.0, "diameter_source": "legend_colour", "diameter_candidates_mm": null, "label_diameter_mm": 400.0, "label_agrees": true, "scheme": "KEIIP", "flow_arrow": "end" }, "geometry": { "type": "LineString", "coordinates": [ [ 88.396775856524314, 22.522643319924118 ], [ 88.396732604089209, 22.522468141535168 ], [ 88.396682157282243, 22.522265193863266 ], [ 88.396641360345427, 22.522104980504817 ], [ 88.396600563512976, 22.521944767128154 ], [ 88.396564548736123, 22.521801639395932 ], [ 88.396523516545656, 22.521617877731149 ], [ 88.39663854721816, 22.521593322082911 ], [ 88.396753599261942, 22.52157090699917 ] ] } },
{ "type": "Feature", "properties": { "ward": 107, "source_sheet": "107_vip bazar.pdf p1", "source": "KMC ward sewerage network map (ArcMap GeoPDF)", "extraction_method": "geopdf_vector", "georef_max_residual_m": 0.1, "conduit_type": "pipe", "pipe_diameter_mm": 400.0, "diameter_source": "legend_colour", "diameter_candidates_mm": null, "label_diameter_mm": 400.0, "label_agrees": true, "scheme": "KEIIP", "flow_arrow": "end" }, "geometry": { "type": "LineString", "coordinates": [ [ 88.397015740542216, 22.522654068287999 ], [ 88.397000216094213, 22.522485070305407 ], [ 88.396954786644955, 22.522322756631304 ], [ 88.396909207367415, 22.522145457621988 ], [ 88.39685417123377, 22.521944691135257 ], [ 88.39680391734889, 22.521761010180942 ], [ 88.396772791483272, 22.521645671913753 ], [ 88.396753599261942, 22.52157090699917 ] ] } },
{ "type": "Feature", "properties": { "ward": 107, "source_sheet": "107_vip bazar.pdf p1", "source": "KMC ward sewerage network map (ArcMap GeoPDF)", "extraction_method": "geopdf_vector", "georef_max_residual_m": 0.1, "conduit_type": "pipe", "pipe_diameter_mm": 300.0, "diameter_source": "legend_colour", "diameter_candidates_mm": null, "label_diameter_mm": 300.0, "label_agrees": true, "scheme": "KEIIP", "flow_arrow": "end" }, "geometry": { "type": "LineString", "coordinates": [ [ 88.397175332035857, 22.521783454100177 ], [ 88.397329638954545, 22.521767118194621 ], [ 88.397447103457083, 22.521755386208991 ] ] } },
{ "type": "Feature", "properties": { "ward": 107, "source_sheet": "107_vip bazar.pdf p1", "source": "KMC ward sewerage network map (ArcMap GeoPDF)", "extraction_method": "geopdf_vector", "georef_max_residual_m": 0.1, "conduit_type": "pipe", "pipe_diameter_mm": 300.0, "diameter_source": "legend_colour", "diameter_candidates_mm": null, "label_diameter_mm": null, "label_agrees": null, "scheme": null, "flow_arrow": "end" }, "geometry": { "type": "LineString", "coordinates": [ [ 88.397313831796254, 22.522030591105089 ], [ 88.397395173738531, 22.521865027953037 ], [ 88.397447103457083, 22.521755386208991 ] ] } },
{ "type": "Feature", "properties": { "ward": 107, "source_sheet": "107_vip bazar.pdf p1", "source": "KMC ward sewerage network map (ArcMap GeoPDF)", "extraction_method": "geopdf_vector", "georef_max_residual_m": 0.1, "conduit_type": "pipe", "pipe_diameter_mm": 400.0, "diameter_source": "legend_colour", "diameter_candidates_mm": null, "label_diameter_mm": 400.0, "label_agrees": true, "scheme": "KEIIP", "flow_arrow": "end" }, "geometry": { "type": "LineString", "coordinates": [ [ 88.397447103457083, 22.521755386208991 ], [ 88.397544303787953, 22.52156185214665 ], [ 88.397627929085019, 22.521394127999073 ] ] } },
{ "type": "Feature", "properties": { "ward": 107, "source_sheet": "107_vip bazar.pdf p1", "source": "KMC ward sewerage network map (ArcMap GeoPDF)", "extraction_method": "geopdf_vector", "georef_max_residual_m": 0.1, "conduit_type": "pipe", "pipe_diameter_mm": 300.0, "diameter_source": "legend_colour", "diameter_candidates_mm": null, "label_diameter_mm": 300.0, "label_agrees": true, "scheme": "KEIIP", "flow_arrow": "end" }, "geometry": { "type": "LineString", "coordinates": [ [ 88.395547227895349, 22.5309672974591 ], [ 88.395163004434252, 22.531049868397652 ] ] } },
{ "type": "Feature", "properties": { "ward": 107, "source_sheet": "107_vip bazar.pdf p1", "source": "KMC ward sewerage network map (ArcMap GeoPDF)", "extraction_method": "geopdf_vector", "georef_max_residual_m": 0.1, "conduit_type": "pipe", "pipe_diameter_mm": 400.0, "diameter_source": "legend_colour", "diameter_candidates_mm": null, "label_diameter_mm": 400.0, "label_agrees": true, "scheme": "KEIIP", "flow_arrow": "end" }, "geometry": { "type": "LineString", "coordinates": [ [ 88.395163004434252, 22.531049868397652 ], [ 88.395124532922424, 22.530891775461946 ] ] } },
{ "type": "Feature", "properties": { "ward": 107, "source_sheet": "107_vip bazar.pdf p1", "source": "KMC ward sewerage network map (ArcMap GeoPDF)", "extraction_method": "geopdf_vector", "georef_max_residual_m": 0.1, "conduit_type": "pipe", "pipe_diameter_mm": 300.0, "diameter_source": "legend_colour", "diameter_candidates_mm": null, "label_diameter_mm": null, "label_agrees": null, "scheme": null, "flow_arrow": "end" }, "geometry": { "type": "LineString", "coordinates": [ [ 88.394735719812445, 22.530976526389217 ], [ 88.394857653543227, 22.530949770506751 ], [ 88.394997988271484, 22.53091857190125 ], [ 88.395124532922424, 22.530891775461946 ] ] } },
{ "type": "Feature", "properties": { "ward": 107, "source_sheet": "107_vip bazar.pdf p1", "source": "KMC ward sewerage network map (ArcMap GeoPDF)", "extraction_method": "geopdf_vector", "georef_max_residual_m": 0.1, "conduit_type": "pipe", "pipe_diameter_mm": 225.0, "diameter_source": "legend_colour", "diameter_candidates_mm": null, "label_diameter_mm": 225.0, "label_agrees": true, "scheme": null, "flow_arrow": "end" }, "geometry": { "type": "LineString", "coordinates": [ [ 88.388950097875892, 22.516543498185797 ], [ 88.388915519132297, 22.516543798725209 ], [ 88.38880488857302, 22.516546901142821 ], [ 88.388726531323599, 22.51654972302725 ], [ 88.388682667763305, 22.516543681420213 ], [ 88.388622646163597, 22.516535639190629 ], [ 88.38857880389682, 22.516531738297548 ], [ 88.388555730145654, 22.516529797861708 ] ] } },
{ "type": "Feature", "properties": { "ward": 107, "source_sheet": "107_vip bazar.pdf p1", "source": "KMC ward sewerage network map (ArcMap GeoPDF)", "extraction_method": "geopdf_vector", "georef_max_residual_m": 0.1, "conduit_type": "pipe", "pipe_diameter_mm": 225.0, "diameter_source": "legend_colour", "diameter_candidates_mm": null, "label_diameter_mm": 225.0, "label_agrees": true, "scheme": null, "flow_arrow": "end" }, "geometry": { "type": "LineString", "coordinates": [ [ 88.388950097875892, 22.516543498185797 ], [ 88.389053834007129, 22.516542596523855 ], [ 88.389132276319415, 22.516548337450345 ], [ 88.389215329206237, 22.5165540383469 ], [ 88.389365298046044, 22.516565580129729 ], [ 88.389411786453636, 22.516603712902238 ], [ 88.389462198835744, 22.51680452289159 ], [ 88.389478974630237, 22.516868605196045 ], [ 88.389493402596898, 22.516928425968921 ], [ 88.389507745374416, 22.516979683861592 ], [ 88.389526954268007, 22.517056590563435 ], [ 88.389558115456879, 22.51717621222538 ], [ 88.389525884414425, 22.517180774341824 ], [ 88.389447612141382, 22.517192159649742 ], [ 88.389311793575075, 22.517212608946206 ], [ 88.389319412263276, 22.517283193747208 ], [ 88.389327179955302, 22.517368763740485 ], [ 88.389332259029331, 22.517415820243542 ], [ 88.389337615090795, 22.517490706566779 ], [ 88.389371635283212, 22.517665967771563 ], [ 88.389393532878842, 22.517781388056342 ] ] } },
{ "type": "Feature", "properties": { "ward": 107, "source_sheet": "107_vip bazar.pdf p1", "source": "KMC ward sewerage network map (ArcMap GeoPDF)", "extraction_method": "geopdf_vector", "georef_max_residual_m": 0.1, "conduit_type": "pipe", "pipe_diameter_mm": 450.0, "diameter_source": "legend_colour", "diameter_candidates_mm": null, "label_diameter_mm": 450.0, "label_agrees": true, "scheme": null, "flow_arrow": "end" }, "geometry": { "type": "LineString", "coordinates": [ [ 88.389473867057291, 22.51820887731386 ], [ 88.389481145078392, 22.518245209961073 ], [ 88.38949345958325, 22.518324317613953 ], [ 88.389505646386198, 22.518390580815268 ], [ 88.389522848491964, 22.518497478097718 ], [ 88.389542483720334, 22.518617199955518 ], [ 88.389549846905197, 22.518662095651003 ], [ 88.389564679906314, 22.518762590744885 ] ] } },
{ "type": "Feature", "properties": { "ward": 107, "source_sheet": "107_vip bazar.pdf p1", "source": "KMC ward sewerage network map (ArcMap GeoPDF)", "extraction_method": "geopdf_vector", "georef_max_residual_m": 0.1, "conduit_type": "pipe", "pipe_diameter_mm": 300.0, "diameter_source": "legend_colour", "diameter_candidates_mm": null, "label_diameter_mm": 300.0, "label_agrees": true, "scheme": null, "flow_arrow": "end" }, "geometry": { "type": "LineString", "coordinates": [ [ 88.389393532878842, 22.517781388056342 ], [ 88.389400832151296, 22.51781986154208 ], [ 88.389413061356152, 22.517890406153747 ], [ 88.38942768113526, 22.517969493773823 ], [ 88.389449536237137, 22.518080632558945 ], [ 88.389473867057291, 22.51820887731386 ] ] } },
{ "type": "Feature", "properties": { "ward": 107, "source_sheet": "107_vip bazar.pdf p1", "source": "KMC ward sewerage network map (ArcMap GeoPDF)", "extraction_method": "geopdf_vector", "georef_max_residual_m": 0.1, "conduit_type": "pipe", "pipe_diameter_mm": 225.0, "diameter_source": "legend_colour", "diameter_candidates_mm": null, "label_diameter_mm": 225.0, "label_agrees": true, "scheme": null, "flow_arrow": "end" }, "geometry": { "type": "LineString", "coordinates": [ [ 88.389786523534553, 22.517424715788668 ], [ 88.389703661956858, 22.517438282065655 ], [ 88.389524085742153, 22.517463393935998 ], [ 88.389337615090795, 22.517490706566779 ] ] } },
{ "type": "Feature", "properties": { "ward": 107, "source_sheet": "107_vip bazar.pdf p1", "source": "KMC ward sewerage network map (ArcMap GeoPDF)", "extraction_method": "geopdf_vector", "georef_max_residual_m": 0.1, "conduit_type": "pipe", "pipe_diameter_mm": 225.0, "diameter_source": "legend_colour", "diameter_candidates_mm": null, "label_diameter_mm": 225.0, "label_agrees": true, "scheme": null, "flow_arrow": "end" }, "geometry": { "type": "LineString", "coordinates": [ [ 88.390365396754433, 22.517676592858276 ], [ 88.390314744816763, 22.517683456336016 ], [ 88.390238734978638, 22.517690540500613 ], [ 88.390148914817118, 22.517699885608256 ], [ 88.390066010502508, 22.517709170595733 ], [ 88.38998310617346, 22.517718455451881 ], [ 88.389890980713886, 22.517727820558381 ], [ 88.389773518635664, 22.517739546894607 ], [ 88.389683719700656, 22.517751032487158 ], [ 88.389607709776143, 22.517758116357175 ], [ 88.389515584347706, 22.517767481161339 ], [ 88.389393532878842, 22.517781388056342 ] ] } },
{ "type": "Feature", "properties": { "ward": 107, "source_sheet": "107_vip bazar.pdf p1", "source": "KMC ward sewerage network map (ArcMap GeoPDF)", "extraction_method": "geopdf_vector", "georef_max_residual_m": 0.1, "conduit_type": "pipe", "pipe_diameter_mm": 225.0, "diameter_source": "legend_colour", "diameter_candidates_mm": null, "label_diameter_mm": 225.0, "label_agrees": true, "scheme": null, "flow_arrow": "end" }, "geometry": { "type": "LineString", "coordinates": [ [ 88.391182525126609, 22.51800774933476 ], [ 88.391134178384462, 22.518014593094062 ], [ 88.391005211251795, 22.518028561418454 ], [ 88.39086473891949, 22.518044770706901 ], [ 88.390712761567102, 22.518063220928166 ], [ 88.390551563123395, 22.518081751249397 ], [ 88.390279839397962, 22.51811408869683 ], [ 88.390100219932037, 22.518134919764169 ], [ 88.38990679003777, 22.518158011683063 ], [ 88.389747896497056, 22.518176521159816 ], [ 88.389602813374395, 22.518192769458437 ], [ 88.389473867057291, 22.51820887731386 ] ] } },
{ "type": "Feature", "properties": { "ward": 107, "source_sheet": "107_vip bazar.pdf p1", "source": "KMC ward sewerage network map (ArcMap GeoPDF)", "extraction_method": "geopdf_vector", "georef_max_residual_m": 0.1, "conduit_type": "pipe", "pipe_diameter_mm": 600.0, "diameter_source": "legend_colour", "diameter_candidates_mm": null, "label_diameter_mm": 600.0, "label_agrees": true, "scheme": null, "flow_arrow": "end" }, "geometry": { "type": "LineString", "coordinates": [ [ 88.390133133646358, 22.516809392471099 ], [ 88.390181220595238, 22.517008081486118 ], [ 88.390212403733841, 22.517129843645247 ], [ 88.390334944642333, 22.517165173561104 ], [ 88.39036674608262, 22.517349017522218 ], [ 88.390391354671905, 22.51750509192258 ], [ 88.390406166789262, 22.517603446187632 ], [ 88.390425845232897, 22.51772744939997 ], [ 88.390457753453305, 22.517921997200563 ], [ 88.390472395142865, 22.518003225435866 ], [ 88.390500012752597, 22.518229924530846 ], [ 88.390520309627391, 22.518416009544023 ], [ 88.390543274258988, 22.518638467252046 ] ] } },
{ "type": "Feature", "properties": { "ward": 107, "source_sheet": "107_vip bazar.pdf p1", "source": "KMC ward sewerage network map (ArcMap GeoPDF)", "extraction_method": "geopdf_vector", "georef_max_residual_m": 0.1, "conduit_type": "pipe", "pipe_diameter_mm": 225.0, "diameter_source": "legend_colour", "diameter_candidates_mm": null, "label_diameter_mm": 225.0, "label_agrees": true, "scheme": null, "flow_arrow": "end" }, "geometry": { "type": "LineString", "coordinates": [ [ 88.390770483824468, 22.517608839674452 ], [ 88.390796822494721, 22.517707093572149 ], [ 88.390816053539879, 22.517786140901844 ], [ 88.390835241964737, 22.517860906746733 ], [ 88.390890504444442, 22.51785400297349 ], [ 88.39092183760134, 22.517990750213304 ], [ 88.39086473891949, 22.518044770706901 ] ] } },
{ "type": "Feature", "properties": { "ward": 107, "source_sheet": "107_vip bazar.pdf p1", "source": "KMC ward sewerage network map (ArcMap GeoPDF)", "extraction_method": "geopdf_vector", "georef_max_residual_m": 0.1, "conduit_type": "pipe", "pipe_diameter_mm": 300.0, "diameter_source": "legend_colour", "diameter_candidates_mm": null, "label_diameter_mm": 300.0, "label_agrees": true, "scheme": null, "flow_arrow": "end" }, "geometry": { "type": "LineString", "coordinates": [ [ 88.389487130662488, 22.516761487303548 ], [ 88.389651186907642, 22.516798597620831 ], [ 88.389743183952604, 22.516776388231222 ], [ 88.389879065930785, 22.516762360818849 ], [ 88.389907218961781, 22.516811357541666 ], [ 88.38995597021966, 22.516845188522158 ], [ 88.390133133646358, 22.516809392471099 ] ] } },
{ "type": "Feature", "properties": { "ward": 107, "source_sheet": "107_vip bazar.pdf p1", "source": "KMC ward sewerage network map (ArcMap GeoPDF)", "extraction_method": "geopdf_vector", "georef_max_residual_m": 0.1, "conduit_type": "pipe", "pipe_diameter_mm": 300.0, "diameter_source": "legend_colour", "diameter_candidates_mm": null, "label_diameter_mm": 300.0, "label_agrees": true, "scheme": null, "flow_arrow": "end" }, "geometry": { "type": "LineString", "coordinates": [ [ 88.392902546789571, 22.515941748406615 ], [ 88.392778405683586, 22.515977085344961 ], [ 88.39266118027831, 22.51601236192359 ], [ 88.392518639931481, 22.516052140944684 ], [ 88.392373815517644, 22.516094080579258 ], [ 88.392330186781336, 22.516111588189467 ], [ 88.392254370039126, 22.516137940003123 ], [ 88.392125724814719, 22.516184020407632 ], [ 88.391992490477207, 22.516232281611078 ], [ 88.391863866404663, 22.516280502554373 ], [ 88.391730631776895, 22.516328763550611 ], [ 88.39162725858526, 22.51636605968725 ] ] } },
{ "type": "Feature", "properties": { "ward": 107, "source_sheet": "107_vip bazar.pdf p1", "source": "KMC ward sewerage network map (ArcMap GeoPDF)", "extraction_method": "geopdf_vector", "georef_max_residual_m": 0.1, "conduit_type": "pipe", "pipe_diameter_mm": 400.0, "diameter_source": "legend_colour", "diameter_candidates_mm": null, "label_diameter_mm": 400.0, "label_agrees": true, "scheme": null, "flow_arrow": "end" }, "geometry": { "type": "LineString", "coordinates": [ [ 88.39162725858526, 22.51636605968725 ], [ 88.391480213625542, 22.516416581670235 ], [ 88.391337779114409, 22.51646706338278 ], [ 88.3912137010593, 22.516508821466097 ], [ 88.391087339110854, 22.516552740263631 ], [ 88.390931115338091, 22.516607623512378 ], [ 88.390813824900178, 22.516636476571549 ], [ 88.390650536066417, 22.516676434470686 ], [ 88.390498666740498, 22.516705588212417 ], [ 88.390362912794757, 22.516732460677524 ], [ 88.390225045357113, 22.51677861975573 ], [ 88.390133133646358, 22.516809392471099 ] ] } },
{ "type": "Feature", "properties": { "ward": 107, "source_sheet": "107_vip bazar.pdf p1", "source": "KMC ward sewerage network map (ArcMap GeoPDF)", "extraction_method": "geopdf_vector", "georef_max_residual_m": 0.1, "conduit_type": "pipe", "pipe_diameter_mm": 300.0, "diameter_source": "legend_colour", "diameter_candidates_mm": null, "label_diameter_mm": 300.0, "label_agrees": true, "scheme": null, "flow_arrow": "end" }, "geometry": { "type": "LineString", "coordinates": [ [ 88.392780453040089, 22.515257712617309 ], [ 88.392669973084836, 22.515275802901137 ], [ 88.392541072646438, 22.515296194543534 ], [ 88.392423655637117, 22.515312204181068 ], [ 88.392317764758332, 22.515328113317427 ], [ 88.392207284668771, 22.515346203289401 ], [ 88.392224189544947, 22.515423129791341 ], [ 88.39224344234151, 22.51550431768683 ], [ 88.392265149775454, 22.515600470761882 ], [ 88.392298938347992, 22.515752182999542 ], [ 88.392315821896986, 22.515826968655169 ], [ 88.392335138847258, 22.515914578837812 ], [ 88.392352086568479, 22.515995786792846 ], [ 88.392373815517644, 22.516094080579258 ] ] } },
{ "type": "Feature", "properties": { "ward": 107, "source_sheet": "107_vip bazar.pdf p1", "source": "KMC ward sewerage network map (ArcMap GeoPDF)", "extraction_method": "geopdf_vector", "georef_max_residual_m": 0.1, "conduit_type": "pipe", "pipe_diameter_mm": 300.0, "diameter_source": "legend_colour", "diameter_candidates_mm": null, "label_diameter_mm": 300.0, "label_agrees": true, "scheme": null, "flow_arrow": "end" }, "geometry": { "type": "LineString", "coordinates": [ [ 88.390010872648091, 22.515412422874476 ], [ 88.389993070120397, 22.515476805884788 ], [ 88.389883249982759, 22.5155612576349 ], [ 88.389928391632111, 22.515695744235604 ], [ 88.38996885900643, 22.515823848603151 ], [ 88.390009283846496, 22.515947671471622 ], [ 88.39005361603914, 22.516000809305467 ], [ 88.390079826080935, 22.516086218930795 ], [ 88.390121018258569, 22.516287108805809 ], [ 88.390181547607213, 22.516577749987956 ], [ 88.390210595786201, 22.516716658232088 ], [ 88.390225045357113, 22.51677861975573 ] ] } },
{ "type": "Feature", "properties": { "ward": 107, "source_sheet": "107_vip bazar.pdf p1", "source": "KMC ward sewerage network map (ArcMap GeoPDF)", "extraction_method": "geopdf_vector", "georef_max_residual_m": 0.1, "conduit_type": "pipe", "pipe_diameter_mm": 225.0, "diameter_source": "legend_colour", "diameter_candidates_mm": null, "label_diameter_mm": 225.0, "label_agrees": true, "scheme": null, "flow_arrow": "end" }, "geometry": { "type": "LineString", "coordinates": [ [ 88.390510976073301, 22.51562644806571 ], [ 88.390359278347603, 22.515672727642851 ], [ 88.390409244171778, 22.51582858147135 ], [ 88.390461451302642, 22.515977992906663 ], [ 88.390506529810025, 22.516106056990068 ], [ 88.39054247265581, 22.51624276434357 ], [ 88.390573719750947, 22.516370948749525 ], [ 88.390626588243052, 22.516586723425053 ], [ 88.390650536066417, 22.516676434470686 ] ] } },
{ "type": "Feature", "properties": { "ward": 107, "source_sheet": "107_vip bazar.pdf p1", "source": "KMC ward sewerage network map (ArcMap GeoPDF)", "extraction_method": "geopdf_vector", "georef_max_residual_m": 0.1, "conduit_type": "pipe", "pipe_diameter_mm": 225.0, "diameter_source": "legend_colour", "diameter_candidates_mm": null, "label_diameter_mm": 225.0, "label_agrees": true, "scheme": null, "flow_arrow": "end" }, "geometry": { "type": "LineString", "coordinates": [ [ 88.390510976073301, 22.51562644806571 ], [ 88.390477424025065, 22.515498283681804 ], [ 88.390448631578053, 22.515385064452094 ], [ 88.39043533646759, 22.515207482130922 ], [ 88.390424197327391, 22.515014894557908 ], [ 88.390383751131438, 22.514888931043181 ] ] } },
{ "type": "Feature", "properties": { "ward": 107, "source_sheet": "107_vip bazar.pdf p1", "source": "KMC ward sewerage network map (ArcMap GeoPDF)", "extraction_method": "geopdf_vector", "georef_max_residual_m": 0.1, "conduit_type": "pipe", "pipe_diameter_mm": 225.0, "diameter_source": "legend_colour", "diameter_candidates_mm": null, "label_diameter_mm": 225.0, "label_agrees": true, "scheme": null, "flow_arrow": "end" }, "geometry": { "type": "LineString", "coordinates": [ [ 88.390798903812964, 22.514906728137625 ], [ 88.390826395848805, 22.514889361381961 ], [ 88.390839054626099, 22.51477149953584 ], [ 88.390838585603049, 22.514724402963079 ] ] } },
{ "type": "Feature", "properties": { "ward": 107, "source_sheet": "107_vip bazar.pdf p1", "source": "KMC ward sewerage network map (ArcMap GeoPDF)", "extraction_method": "geopdf_vector", "georef_max_residual_m": 0.1, "conduit_type": "pipe", "pipe_diameter_mm": 225.0, "diameter_source": "legend_colour", "diameter_candidates_mm": null, "label_diameter_mm": 225.0, "label_agrees": true, "scheme": null, "flow_arrow": "end" }, "geometry": { "type": "LineString", "coordinates": [ [ 88.390842273863015, 22.515094753224844 ], [ 88.390739284928827, 22.515170582370867 ], [ 88.390761119179743, 22.515279580243533 ], [ 88.390797531036327, 22.515463384121482 ], [ 88.390816932254424, 22.515559557504933 ], [ 88.390853237676396, 22.515732657563085 ] ] } },
{ "type": "Feature", "properties": { "ward": 107, "source_sheet": "107_vip bazar.pdf p1", "source": "KMC ward sewerage network map (ArcMap GeoPDF)", "extraction_method": "geopdf_vector", "georef_max_residual_m": 0.1, "conduit_type": "pipe", "pipe_diameter_mm": 300.0, "diameter_source": "legend_colour", "diameter_candidates_mm": null, "label_diameter_mm": 300.0, "label_agrees": true, "scheme": null, "flow_arrow": "end" }, "geometry": { "type": "LineString", "coordinates": [ [ 88.391187304459066, 22.515710481361758 ], [ 88.391076717255842, 22.515717866787245 ], [ 88.39096382491131, 22.515725272200765 ], [ 88.390853237676396, 22.515732657563085 ], [ 88.390870248474343, 22.515820287943342 ], [ 88.390894708003785, 22.515961377005986 ], [ 88.39078672427604, 22.515998712729697 ], [ 88.390827618944584, 22.516169631915581 ], [ 88.390868492404223, 22.516338410341774 ], [ 88.390902194406948, 22.516481559875476 ], [ 88.390931115338091, 22.516607623512378 ] ] } },
{ "type": "Feature", "properties": { "ward": 107, "source_sheet": "107_vip bazar.pdf p1", "source": "KMC ward sewerage network map (ArcMap GeoPDF)", "extraction_method": "geopdf_vector", "georef_max_residual_m": 0.1, "conduit_type": "pipe", "pipe_diameter_mm": 225.0, "diameter_source": "legend_colour", "diameter_candidates_mm": null, "label_diameter_mm": 225.0, "label_agrees": true, "scheme": null, "flow_arrow": "end" }, "geometry": { "type": "LineString", "coordinates": [ [ 88.391470656060221, 22.515688745965079 ], [ 88.391355458460922, 22.515696171812532 ], [ 88.391187304459066, 22.515710481361758 ] ] } },
{ "type": "Feature", "properties": { "ward": 107, "source_sheet": "107_vip bazar.pdf p1", "source": "KMC ward sewerage network map (ArcMap GeoPDF)", "extraction_method": "geopdf_vector", "georef_max_residual_m": 0.1, "conduit_type": "pipe", "pipe_diameter_mm": 225.0, "diameter_source": "legend_colour", "diameter_candidates_mm": null, "label_diameter_mm": 225.0, "label_agrees": true, "scheme": null, "flow_arrow": "end" }, "geometry": { "type": "LineString", "coordinates": [ [ 88.391470656060221, 22.515688745965079 ], [ 88.391611189825639, 22.515678958577787 ], [ 88.391707902866784, 22.51566741166916 ], [ 88.391820581836754, 22.515638598158766 ] ] } },
{ "type": "Feature", "properties": { "ward": 107, "source_sheet": "107_vip bazar.pdf p1", "source": "KMC ward sewerage network map (ArcMap GeoPDF)", "extraction_method": "geopdf_vector", "georef_max_residual_m": 0.1, "conduit_type": "pipe", "pipe_diameter_mm": 300.0, "diameter_source": "legend_colour", "diameter_candidates_mm": null, "label_diameter_mm": 300.0, "label_agrees": true, "scheme": null, "flow_arrow": "end" }, "geometry": { "type": "LineString", "coordinates": [ [ 88.391820581836754, 22.515638598158766 ], [ 88.391963399390363, 22.515626649651374 ], [ 88.392122332291123, 22.515612419623565 ], [ 88.392265149775454, 22.515600470761882 ] ] } },
{ "type": "Feature", "properties": { "ward": 107, "source_sheet": "107_vip bazar.pdf p1", "source": "KMC ward sewerage network map (ArcMap GeoPDF)", "extraction_method": "geopdf_vector", "georef_max_residual_m": 0.1, "conduit_type": "pipe", "pipe_diameter_mm": 300.0, "diameter_source": "legend_colour", "diameter_candidates_mm": null, "label_diameter_mm": 300.0, "label_agrees": true, "scheme": null, "flow_arrow": "end" }, "geometry": { "type": "LineString", "coordinates": [ [ 88.391682634491801, 22.514982531562211 ], [ 88.391581375496528, 22.51500054079883 ], [ 88.391468590330476, 22.515018650328649 ], [ 88.391348910829592, 22.515038960729154 ], [ 88.391203831137474, 22.515055210302929 ], [ 88.391084087585483, 22.515069098287547 ], [ 88.390978154042131, 22.515080725059651 ], [ 88.390902145671419, 22.515087809376919 ], [ 88.390842273863015, 22.515094753224844 ], [ 88.390798903812964, 22.514906728137625 ], [ 88.390674635084721, 22.514929218901578 ], [ 88.390625777879436, 22.514884684309308 ], [ 88.39054740043558, 22.51488536628932 ], [ 88.390383751131438, 22.514888931043181 ] ] } },
{ "type": "Feature", "properties": { "ward": 107, "source_sheet": "107_vip bazar.pdf p1", "source": "KMC ward sewerage network map (ArcMap GeoPDF)", "extraction_method": "geopdf_vector", "georef_max_residual_m": 0.1, "conduit_type": "pipe", "pipe_diameter_mm": 225.0, "diameter_source": "legend_colour", "diameter_candidates_mm": null, "label_diameter_mm": null, "label_agrees": null, "scheme": null, "flow_arrow": "end" }, "geometry": { "type": "LineString", "coordinates": [ [ 88.392348373180823, 22.515160853473759 ], [ 88.392368415612211, 22.515321249256644 ] ] } },
{ "type": "Feature", "properties": { "ward": 107, "source_sheet": "107_vip bazar.pdf p1", "source": "KMC ward sewerage network map (ArcMap GeoPDF)", "extraction_method": "geopdf_vector", "georef_max_residual_m": 0.1, "conduit_type": "pipe", "pipe_diameter_mm": 225.0, "diameter_source": "legend_colour", "diameter_candidates_mm": null, "label_diameter_mm": 225.0, "label_agrees": true, "scheme": null, "flow_arrow": "end" }, "geometry": { "type": "LineString", "coordinates": [ [ 88.391182525126609, 22.51800774933476 ], [ 88.391247008674696, 22.518000765159801 ], [ 88.391341439435791, 22.51799137920138 ], [ 88.391412817503976, 22.517982194005402 ], [ 88.391534868760289, 22.517968285581585 ], [ 88.391606246798887, 22.517959100301049 ], [ 88.391721382235289, 22.517945251963486 ], [ 88.391891801324263, 22.517926640168991 ], [ 88.392073704146995, 22.517903646217729 ], [ 88.392287859229114, 22.517878230226515 ], [ 88.392409910268213, 22.517864321148 ], [ 88.392488203937404, 22.517855075132328 ], [ 88.392550382160024, 22.517848110528934 ], [ 88.392612560278963, 22.517841145902654 ], [ 88.392667822625896, 22.517834241434816 ], [ 88.392833630886003, 22.517815668836811 ], [ 88.392898114319806, 22.517808684008038 ], [ 88.392962576293641, 22.517799558326999 ], [ 88.393022449107534, 22.517792613639042 ], [ 88.393063901148324, 22.517787970437521 ], [ 88.393114574293747, 22.517783246748689 ], [ 88.393165225981519, 22.517776382395894 ], [ 88.393227404118974, 22.517769417445177 ] ] } },
{ "type": "Feature", "properties": { "ward": 107, "source_sheet": "107_vip bazar.pdf p1", "source": "KMC ward sewerage network map (ArcMap GeoPDF)", "extraction_method": "geopdf_vector", "georef_max_residual_m": 0.1, "conduit_type": "pipe", "pipe_diameter_mm": 450.0, "diameter_source": "legend_colour", "diameter_candidates_mm": null, "label_diameter_mm": 450.0, "label_agrees": true, "scheme": null, "flow_arrow": "end" }, "geometry": { "type": "LineString", "coordinates": [ [ 88.390487286637409, 22.518572585390348 ], [ 88.390379045096822, 22.518584231871305 ], [ 88.390266171585424, 22.518593777743128 ], [ 88.390118761439766, 22.518607905841694 ], [ 88.390008214556318, 22.51861957213071 ], [ 88.38987922529509, 22.518631398845759 ], [ 88.389704173009093, 22.518647907921977 ], [ 88.389600520551994, 22.518657373046921 ], [ 88.389549846905197, 22.518662095651003 ] ] } },
{ "type": "Feature", "properties": { "ward": 107, "source_sheet": "107_vip bazar.pdf p1", "source": "KMC ward sewerage network map (ArcMap GeoPDF)", "extraction_method": "geopdf_vector", "georef_max_residual_m": 0.1, "conduit_type": "pipe", "pipe_diameter_mm": 300.0, "diameter_source": "legend_colour", "diameter_candidates_mm": null, "label_diameter_mm": 300.0, "label_agrees": true, "scheme": null, "flow_arrow": "end" }, "geometry": { "type": "LineString", "coordinates": [ [ 88.393227404118974, 22.517769417445177 ], [ 88.393242047296681, 22.517850645438969 ], [ 88.393266467067193, 22.517987452400615 ], [ 88.39332493349211, 22.518301660277661 ] ] } },
{ "type": "Feature", "properties": { "ward": 107, "source_sheet": "107_vip bazar.pdf p1", "source": "KMC ward sewerage network map (ArcMap GeoPDF)", "extraction_method": "geopdf_vector", "georef_max_residual_m": 0.1, "conduit_type": "pipe", "pipe_diameter_mm": 600.0, "diameter_source": "legend_colour", "diameter_candidates_mm": null, "label_diameter_mm": 600.0, "label_agrees": true, "scheme": null, "flow_arrow": "end" }, "geometry": { "type": "LineString", "coordinates": [ [ 88.393227404118974, 22.517769417445177 ], [ 88.393208255665712, 22.51746771234993 ], [ 88.393178435337887, 22.517251737793643 ], [ 88.393143876592717, 22.51702295880483 ], [ 88.393116682084724, 22.516839075375348 ], [ 88.393077171329068, 22.516576084546745 ], [ 88.393052346421882, 22.516398603207747 ], [ 88.393020306947804, 22.516191211619226 ], [ 88.392995567625007, 22.516022293211442 ], [ 88.392973154853507, 22.51585549552923 ], [ 88.3929409234959, 22.515628837069748 ], [ 88.392911275053805, 22.515429988376066 ], [ 88.39288636514604, 22.515243943920972 ], [ 88.392844251342623, 22.514951002592039 ], [ 88.392779768320153, 22.514495544862179 ], [ 88.39277236170274, 22.514446367854593 ] ] } },
{ "type": "Feature", "properties": { "ward": 107, "source_sheet": "107_vip bazar.pdf p1", "source": "KMC ward sewerage network map (ArcMap GeoPDF)", "extraction_method": "geopdf_vector", "georef_max_residual_m": 0.1, "conduit_type": "pipe", "pipe_diameter_mm": 450.0, "diameter_source": "legend_colour", "diameter_candidates_mm": null, "label_diameter_mm": 450.0, "label_agrees": true, "scheme": null, "flow_arrow": "end" }, "geometry": { "type": "LineString", "coordinates": [ [ 88.392973154853507, 22.51585549552923 ], [ 88.393106751584838, 22.51584362628434 ], [ 88.393244937467102, 22.515829575996314 ], [ 88.39335319788087, 22.515820068443382 ], [ 88.393477595007823, 22.515810420026263 ], [ 88.393595033630945, 22.515796550344049 ], [ 88.393728630223393, 22.515784680677669 ], [ 88.393922098666621, 22.51576586574533 ], [ 88.394028053739234, 22.515756377849879 ], [ 88.394127071766306, 22.51574480938709 ], [ 88.39422611114658, 22.515735381691201 ] ] } },
{ "type": "Feature", "properties": { "ward": 107, "source_sheet": "107_vip bazar.pdf p1", "source": "KMC ward sewerage network map (ArcMap GeoPDF)", "extraction_method": "geopdf_vector", "georef_max_residual_m": 0.1, "conduit_type": "pipe", "pipe_diameter_mm": 600.0, "diameter_source": "legend_colour", "diameter_candidates_mm": null, "label_diameter_mm": 600.0, "label_agrees": true, "scheme": null, "flow_arrow": "end" }, "geometry": { "type": "LineString", "coordinates": [ [ 88.39422611114658, 22.515735381691201 ], [ 88.394495587855161, 22.515709480181624 ], [ 88.394656804282363, 22.515693086807524 ], [ 88.394744317390931, 22.51568375938216 ], [ 88.394921648875993, 22.515665084179595 ], [ 88.395149652563902, 22.515641684496341 ], [ 88.3952740279382, 22.515629894057369 ], [ 88.395345404343104, 22.515620707101032 ], [ 88.395437527864019, 22.515611339048711 ], [ 88.395538872227192, 22.515601890336853 ], [ 88.395582628807091, 22.515597226392337 ], [ 88.395619212919058, 22.515566933812234 ], [ 88.395601878294855, 22.515447192764565 ], [ 88.395586827524596, 22.515325290934264 ], [ 88.395556875921898, 22.515096472327265 ], [ 88.395541932205816, 22.514985274167639 ], [ 88.395529593204031, 22.514904026369017 ], [ 88.395517125967217, 22.514809934056753 ], [ 88.395487110371917, 22.514574693201126 ], [ 88.395469776035625, 22.514454952202076 ], [ 88.395454811194227, 22.514341613280862 ], [ 88.395442258425746, 22.514238957914639 ], [ 88.395432267638981, 22.514161971441276 ] ] } },
{ "type": "Feature", "properties": { "ward": 107, "source_sheet": "107_vip bazar.pdf p1", "source": "KMC ward sewerage network map (ArcMap GeoPDF)", "extraction_method": "geopdf_vector", "georef_max_residual_m": 0.1, "conduit_type": "pipe", "pipe_diameter_mm": 225.0, "diameter_source": "legend_colour", "diameter_candidates_mm": null, "label_diameter_mm": 225.0, "label_agrees": true, "scheme": null, "flow_arrow": "end" }, "geometry": { "type": "LineString", "coordinates": [ [ 88.394952104245149, 22.516636803139395 ], [ 88.394972342536704, 22.51681646503717 ], [ 88.394997234238701, 22.51700036824171 ], [ 88.395019606820853, 22.517162884014109 ], [ 88.395533271520804, 22.517117721464771 ], [ 88.395579355209691, 22.517115178103143 ] ] } },
{ "type": "Feature", "properties": { "ward": 107, "source_sheet": "107_vip bazar.pdf p1", "source": "KMC ward sewerage network map (ArcMap GeoPDF)", "extraction_method": "geopdf_vector", "georef_max_residual_m": 0.1, "conduit_type": "pipe", "pipe_diameter_mm": 225.0, "diameter_source": "legend_colour", "diameter_candidates_mm": null, "label_diameter_mm": 225.0, "label_agrees": true, "scheme": null, "flow_arrow": "end" }, "geometry": { "type": "LineString", "coordinates": [ [ 88.394952104245149, 22.516636803139395 ], [ 88.394946617017723, 22.516549072635186 ], [ 88.394940744885417, 22.516422808685995 ], [ 88.394934680315316, 22.516277278011941 ], [ 88.394805608339723, 22.516280545509613 ], [ 88.394674209745375, 22.516281692284686 ] ] } },
{ "type": "Feature", "properties": { "ward": 107, "source_sheet": "107_vip bazar.pdf p1", "source": "KMC ward sewerage network map (ArcMap GeoPDF)", "extraction_method": "geopdf_vector", "georef_max_residual_m": 0.1, "conduit_type": "pipe", "pipe_diameter_mm": 300.0, "diameter_source": "legend_colour", "diameter_candidates_mm": null, "label_diameter_mm": 300.0, "label_agrees": true, "scheme": null, "flow_arrow": "end" }, "geometry": { "type": "LineString", "coordinates": [ [ 88.395644368133389, 22.51785323283876 ], [ 88.395634120007145, 22.51775055751034 ], [ 88.395621181620854, 22.517609368795075 ], [ 88.395610676792444, 22.517481004449252 ], [ 88.395602776864322, 22.517382590361581 ], [ 88.395589795680095, 22.517237120162722 ], [ 88.395579355209691, 22.517115178103143 ], [ 88.395580826054655, 22.517031668724716 ], [ 88.395675319907824, 22.517028702568247 ], [ 88.395891927744202, 22.517018246988716 ], [ 88.396011757878838, 22.517012918313156 ], [ 88.396159229636964, 22.517005207226823 ], [ 88.396269838694849, 22.516999959008679 ], [ 88.396309027917525, 22.516999616600785 ], [ 88.396401195063291, 22.516994529337165 ] ] } },
{ "type": "Feature", "properties": { "ward": 107, "source_sheet": "107_vip bazar.pdf p1", "source": "KMC ward sewerage network map (ArcMap GeoPDF)", "extraction_method": "geopdf_vector", "georef_max_residual_m": 0.1, "conduit_type": "pipe", "pipe_diameter_mm": 375.0, "diameter_source": "legend_colour", "diameter_candidates_mm": null, "label_diameter_mm": 375.0, "label_agrees": true, "scheme": null, "flow_arrow": "end" }, "geometry": { "type": "LineString", "coordinates": [ [ 88.396401195063291, 22.516994529337165 ], [ 88.396411893224737, 22.517142160400933 ], [ 88.396422398650287, 22.517270524664291 ], [ 88.396432968422431, 22.517405311129146 ], [ 88.396443666578762, 22.517552942181016 ], [ 88.396459317901872, 22.517734784791319 ], [ 88.396461822766284, 22.517985252235217 ] ] } },
{ "type": "Feature", "properties": { "ward": 107, "source_sheet": "107_vip bazar.pdf p1", "source": "KMC ward sewerage network map (ArcMap GeoPDF)", "extraction_method": "geopdf_vector", "georef_max_residual_m": 0.1, "conduit_type": "pipe", "pipe_diameter_mm": 375.0, "diameter_source": "legend_colour", "diameter_candidates_mm": null, "label_diameter_mm": 375.0, "label_agrees": true, "scheme": null, "flow_arrow": "end" }, "geometry": { "type": "LineString", "coordinates": [ [ 88.396401195063291, 22.516994529337165 ], [ 88.3964438173236, 22.516876405535999 ], [ 88.396569899390414, 22.516804652866814 ], [ 88.396719247861483, 22.51675410616183 ], [ 88.396868574802767, 22.516701418588362 ], [ 88.396909276817269, 22.516621848244423 ], [ 88.396921587747173, 22.516469734347474 ], [ 88.396904466089566, 22.51637140095588 ], [ 88.396822048241802, 22.516198705645287 ], [ 88.396832589455485, 22.516100130542611 ], [ 88.396881784250468, 22.515947694255548 ] ] } },
{ "type": "Feature", "properties": { "ward": 107, "source_sheet": "107_vip bazar.pdf p1", "source": "KMC ward sewerage network map (ArcMap GeoPDF)", "extraction_method": "geopdf_vector", "georef_max_residual_m": 0.1, "conduit_type": "pipe", "pipe_diameter_mm": 400.0, "diameter_source": "legend_colour", "diameter_candidates_mm": null, "label_diameter_mm": 400.0, "label_agrees": true, "scheme": null, "flow_arrow": "end" }, "geometry": { "type": "LineString", "coordinates": [ [ 88.396881784250468, 22.515947694255548 ], [ 88.396969233052744, 22.51593194332531 ], [ 88.397116510807365, 22.515904964627303 ], [ 88.397285049528662, 22.515929182400704 ], [ 88.397416854656583, 22.515968707652156 ], [ 88.397576129860937, 22.515988724270869 ], [ 88.397702638940132, 22.515959785737223 ], [ 88.397858815984904, 22.515900614527034 ], [ 88.39798728733814, 22.515837403684714 ], [ 88.398028588540697, 22.515817774012206 ] ] } },
{ "type": "Feature", "properties": { "ward": 107, "source_sheet": "107_vip bazar.pdf p1", "source": "KMC ward sewerage network map (ArcMap GeoPDF)", "extraction_method": "geopdf_vector", "georef_max_residual_m": 0.1, "conduit_type": "pipe", "pipe_diameter_mm": 225.0, "diameter_source": "legend_colour", "diameter_candidates_mm": null, "label_diameter_mm": 225.0, "label_agrees": true, "scheme": null, "flow_arrow": "end" }, "geometry": { "type": "LineString", "coordinates": [ [ 88.397933364002057, 22.516208256978089 ], [ 88.397884696892604, 22.516182991435663 ], [ 88.397849711321101, 22.516142619667658 ], [ 88.39778302198431, 22.515929109621027 ] ] } },
{ "type": "Feature", "properties": { "ward": 107, "source_sheet": "107_vip bazar.pdf p1", "source": "KMC ward sewerage network map (ArcMap GeoPDF)", "extraction_method": "geopdf_vector", "georef_max_residual_m": 0.1, "conduit_type": "pipe", "pipe_diameter_mm": 300.0, "diameter_source": "legend_colour", "diameter_candidates_mm": null, "label_diameter_mm": 300.0, "label_agrees": true, "scheme": null, "flow_arrow": "end" }, "geometry": { "type": "LineString", "coordinates": [ [ 88.391810351425363, 22.517156612098894 ], [ 88.391802326095942, 22.517045353246562 ], [ 88.391799359424937, 22.516979010037428 ], [ 88.391750950171684, 22.516748210346538 ], [ 88.391705742383238, 22.516607302160878 ], [ 88.391677204673684, 22.516519772285559 ], [ 88.391651078998308, 22.516442926026741 ], [ 88.391639147406565, 22.516402352073531 ], [ 88.39162725858526, 22.51636605968725 ] ] } },
{ "type": "Feature", "properties": { "ward": 107, "source_sheet": "107_vip bazar.pdf p1", "source": "KMC ward sewerage network map (ArcMap GeoPDF)", "extraction_method": "geopdf_vector", "georef_max_residual_m": 0.1, "conduit_type": "pipe", "pipe_diameter_mm": 300.0, "diameter_source": "legend_colour", "diameter_candidates_mm": null, "label_diameter_mm": 300.0, "label_agrees": true, "scheme": null, "flow_arrow": "end" }, "geometry": { "type": "LineString", "coordinates": [ [ 88.391810351425363, 22.517156612098894 ], [ 88.391818547372608, 22.517284996955368 ], [ 88.391829347312694, 22.517443332262456 ], [ 88.391846913773961, 22.517586622063025 ], [ 88.391864330912824, 22.517714926592241 ], [ 88.39188426673276, 22.517864618608847 ], [ 88.391891801324263, 22.517926640168991 ] ] } },
{ "type": "Feature", "properties": { "ward": 107, "source_sheet": "107_vip bazar.pdf p1", "source": "KMC ward sewerage network map (ArcMap GeoPDF)", "extraction_method": "geopdf_vector", "georef_max_residual_m": 0.1, "conduit_type": "pipe", "pipe_diameter_mm": 300.0, "diameter_source": "legend_colour", "diameter_candidates_mm": null, "label_diameter_mm": 300.0, "label_agrees": true, "scheme": null, "flow_arrow": "end" }, "geometry": { "type": "LineString", "coordinates": [ [ 88.392491960037532, 22.517306962593306 ], [ 88.392532558747405, 22.517679131803803 ], [ 88.392550382160024, 22.517848110528934 ] ] } },
{ "type": "Feature", "properties": { "ward": 107, "source_sheet": "107_vip bazar.pdf p1", "source": "KMC ward sewerage network map (ArcMap GeoPDF)", "extraction_method": "geopdf_vector", "georef_max_residual_m": 0.1, "conduit_type": "pipe", "pipe_diameter_mm": 300.0, "diameter_source": "legend_colour", "diameter_candidates_mm": null, "label_diameter_mm": 300.0, "label_agrees": true, "scheme": null, "flow_arrow": "end" }, "geometry": { "type": "LineString", "coordinates": [ [ 88.391799359424937, 22.516979010037428 ], [ 88.391838762086181, 22.517000076203331 ], [ 88.391937717239614, 22.516982086816391 ], [ 88.392068903244706, 22.51695953475722 ], [ 88.392209288818052, 22.516934761432651 ], [ 88.39236811644318, 22.516909827394006 ], [ 88.392529291840034, 22.516889154592747 ], [ 88.392685856701831, 22.51686852172303 ], [ 88.392863168746928, 22.516847707961709 ], [ 88.392880373155464, 22.516954604873444 ], [ 88.392900032310635, 22.517076466947309 ], [ 88.392922060811458, 22.517204731137536 ], [ 88.392944110713984, 22.517335136059238 ], [ 88.392968572687792, 22.517476224661007 ], [ 88.392990601336365, 22.517604488829264 ], [ 88.393007870036939, 22.517717807923077 ], [ 88.393022449107534, 22.517792613639042 ] ] } },
{ "type": "Feature", "properties": { "ward": 107, "source_sheet": "107_vip bazar.pdf p1", "source": "KMC ward sewerage network map (ArcMap GeoPDF)", "extraction_method": "geopdf_vector", "georef_max_residual_m": 0.1, "conduit_type": "pipe", "pipe_diameter_mm": 300.0, "diameter_source": "legend_colour", "diameter_candidates_mm": null, "label_diameter_mm": 300.0, "label_agrees": true, "scheme": null, "flow_arrow": "end" }, "geometry": { "type": "LineString", "coordinates": [ [ 88.393017448522912, 22.516598014489283 ], [ 88.39295070322656, 22.516609300997388 ], [ 88.392828717416009, 22.516629632646069 ], [ 88.392846007074738, 22.516745092612172 ], [ 88.392863168746928, 22.516847707961709 ] ] } },
{ "type": "Feature", "properties": { "ward": 107, "source_sheet": "107_vip bazar.pdf p1", "source": "KMC ward sewerage network map (ArcMap GeoPDF)", "extraction_method": "geopdf_vector", "georef_max_residual_m": 0.1, "conduit_type": "pipe", "pipe_diameter_mm": 225.0, "diameter_source": "legend_colour", "diameter_candidates_mm": null, "label_diameter_mm": 225.0, "label_agrees": true, "scheme": null, "flow_arrow": "end" }, "geometry": { "type": "LineString", "coordinates": [ [ 88.393327683954254, 22.517884153750003 ], [ 88.393516544879489, 22.517865379448018 ], [ 88.393684679631704, 22.517848926612363 ], [ 88.393947244811656, 22.517823086129422 ], [ 88.394145305164955, 22.517802089925581 ], [ 88.394281208853343, 22.517790199507406 ], [ 88.39440556487618, 22.517776268904292 ], [ 88.394576004612787, 22.517759795032905 ] ] } },
{ "type": "Feature", "properties": { "ward": 107, "source_sheet": "107_vip bazar.pdf p1", "source": "KMC ward sewerage network map (ArcMap GeoPDF)", "extraction_method": "geopdf_vector", "georef_max_residual_m": 0.1, "conduit_type": "pipe", "pipe_diameter_mm": 225.0, "diameter_source": "legend_colour", "diameter_candidates_mm": null, "label_diameter_mm": 225.0, "label_agrees": true, "scheme": null, "flow_arrow": "end" }, "geometry": { "type": "LineString", "coordinates": [ [ 88.393836504063074, 22.517584267255209 ], [ 88.393656886043345, 22.517605102231553 ], [ 88.393491099460519, 22.517625816487843 ], [ 88.393435815890328, 22.517630580405065 ], [ 88.393455368845395, 22.517741738592665 ], [ 88.393474921836827, 22.517852896774816 ], [ 88.393516544879489, 22.517865379448018 ] ] } },
{ "type": "Feature", "properties": { "ward": 107, "source_sheet": "107_vip bazar.pdf p1", "source": "KMC ward sewerage network map (ArcMap GeoPDF)", "extraction_method": "geopdf_vector", "georef_max_residual_m": 0.1, "conduit_type": "pipe", "pipe_diameter_mm": 225.0, "diameter_source": "legend_colour", "diameter_candidates_mm": null, "label_diameter_mm": 225.0, "label_agrees": true, "scheme": null, "flow_arrow": "end" }, "geometry": { "type": "LineString", "coordinates": [ [ 88.393836504063074, 22.517584267255209 ], [ 88.394085215744568, 22.517556406566449 ], [ 88.394345475014205, 22.517530585575123 ], [ 88.39437194442074, 22.517641683273659 ], [ 88.394395980359889, 22.517739956567485 ], [ 88.39440556487618, 22.517776268904292 ] ] } },
{ "type": "Feature", "properties": { "ward": 107, "source_sheet": "107_vip bazar.pdf p1", "source": "KMC ward sewerage network map (ArcMap GeoPDF)", "extraction_method": "geopdf_vector", "georef_max_residual_m": 0.1, "conduit_type": "pipe", "pipe_diameter_mm": 400.0, "diameter_source": "legend_colour", "diameter_candidates_mm": null, "label_diameter_mm": 400.0, "label_agrees": true, "scheme": null, "flow_arrow": "end" }, "geometry": { "type": "LineString", "coordinates": [ [ 88.393289336352183, 22.516120356385983 ], [ 88.393311557235862, 22.516267887262774 ], [ 88.393326435202894, 22.51637266339204 ], [ 88.393343639884705, 22.516479560245308 ], [ 88.393353480340792, 22.516541561618372 ], [ 88.393358475285027, 22.51658005497821 ], [ 88.393388103343753, 22.516776762778871 ], [ 88.393397986569809, 22.516843045621435 ], [ 88.393412843424443, 22.516945681079179 ], [ 88.393425159991935, 22.517024788336265 ], [ 88.393432609848674, 22.517078246755382 ], [ 88.393449835996563, 22.517187284318609 ], [ 88.393459740654649, 22.517255707889216 ], [ 88.393476988312386, 22.517366886182234 ], [ 88.393479592635899, 22.517396836591541 ], [ 88.393486871542962, 22.517433169011198 ] ] } },
{ "type": "Feature", "properties": { "ward": 107, "source_sheet": "107_vip bazar.pdf p1", "source": "KMC ward sewerage network map (ArcMap GeoPDF)", "extraction_method": "geopdf_vector", "georef_max_residual_m": 0.1, "conduit_type": "pipe", "pipe_diameter_mm": 300.0, "diameter_source": "legend_colour", "diameter_candidates_mm": null, "label_diameter_mm": 300.0, "label_agrees": true, "scheme": null, "flow_arrow": "end" }, "geometry": { "type": "LineString", "coordinates": [ [ 88.393326435202894, 22.51637266339204 ], [ 88.393466862720331, 22.516352170575246 ], [ 88.393556660225514, 22.516340682932427 ], [ 88.393680972334053, 22.51632247129405 ] ] } },
{ "type": "Feature", "properties": { "ward": 107, "source_sheet": "107_vip bazar.pdf p1", "source": "KMC ward sewerage network map (ArcMap GeoPDF)", "extraction_method": "geopdf_vector", "georef_max_residual_m": 0.1, "conduit_type": "pipe", "pipe_diameter_mm": 300.0, "diameter_source": "legend_colour", "diameter_candidates_mm": null, "label_diameter_mm": 400.0, "label_agrees": false, "scheme": null, "flow_arrow": "end" }, "geometry": { "type": "LineString", "coordinates": [ [ 88.393358475285027, 22.51658005497821 ], [ 88.393416063675517, 22.516575270918739 ], [ 88.393549682399623, 22.516565542101528 ], [ 88.393678690633067, 22.51655585329279 ], [ 88.393711177635495, 22.516576979394372 ] ] } },
{ "type": "Feature", "properties": { "ward": 107, "source_sheet": "107_vip bazar.pdf p1", "source": "KMC ward sewerage network map (ArcMap GeoPDF)", "extraction_method": "geopdf_vector", "georef_max_residual_m": 0.1, "conduit_type": "pipe", "pipe_diameter_mm": 300.0, "diameter_source": "legend_colour", "diameter_candidates_mm": null, "label_diameter_mm": null, "label_agrees": null, "scheme": null, "flow_arrow": "end" }, "geometry": { "type": "LineString", "coordinates": [ [ 88.393388103343753, 22.516776762778871 ], [ 88.393429768774197, 22.516793526969341 ], [ 88.393577304576567, 22.516792240468234 ], [ 88.393697156072875, 22.516789054348347 ], [ 88.393741084044123, 22.516801516875926 ] ] } },
{ "type": "Feature", "properties": { "ward": 107, "source_sheet": "107_vip bazar.pdf p1", "source": "KMC ward sewerage network map (ArcMap GeoPDF)", "extraction_method": "geopdf_vector", "georef_max_residual_m": 0.1, "conduit_type": "pipe", "pipe_diameter_mm": 300.0, "diameter_source": "legend_colour", "diameter_candidates_mm": null, "label_diameter_mm": 300.0, "label_agrees": true, "scheme": null, "flow_arrow": "end" }, "geometry": { "type": "LineString", "coordinates": [ [ 88.393425159991935, 22.517024788336265 ], [ 88.39349425349674, 22.517017762997714 ], [ 88.39359096724138, 22.517006215009424 ], [ 88.393717649175954, 22.516994405515202 ], [ 88.393766016760694, 22.516989701830489 ] ] } },
{ "type": "Feature", "properties": { "ward": 107, "source_sheet": "107_vip bazar.pdf p1", "source": "KMC ward sewerage network map (ArcMap GeoPDF)", "extraction_method": "geopdf_vector", "georef_max_residual_m": 0.1, "conduit_type": "pipe", "pipe_diameter_mm": 300.0, "diameter_source": "legend_colour", "diameter_candidates_mm": null, "label_diameter_mm": 300.0, "label_agrees": true, "scheme": null, "flow_arrow": "end" }, "geometry": { "type": "LineString", "coordinates": [ [ 88.393607106125799, 22.517237295342191 ], [ 88.393526507568765, 22.517246561984507 ], [ 88.393459740654649, 22.517255707889216 ] ] } },
{ "type": "Feature", "properties": { "ward": 107, "source_sheet": "107_vip bazar.pdf p1", "source": "KMC ward sewerage network map (ArcMap GeoPDF)", "extraction_method": "geopdf_vector", "georef_max_residual_m": 0.1, "conduit_type": "pipe", "pipe_diameter_mm": 300.0, "diameter_source": "legend_colour", "diameter_candidates_mm": null, "label_diameter_mm": 300.0, "label_agrees": true, "scheme": null, "flow_arrow": "end" }, "geometry": { "type": "LineString", "coordinates": [ [ 88.393607106125799, 22.517237295342191 ], [ 88.393740639898638, 22.517219003295882 ], [ 88.393789199865267, 22.517233566329843 ] ] } },
{ "type": "Feature", "properties": { "ward": 107, "source_sheet": "107_vip bazar.pdf p1", "source": "KMC ward sewerage network map (ArcMap GeoPDF)", "extraction_method": "geopdf_vector", "georef_max_residual_m": 0.1, "conduit_type": "pipe", "pipe_diameter_mm": 400.0, "diameter_source": "legend_colour", "diameter_candidates_mm": null, "label_diameter_mm": null, "label_agrees": null, "scheme": null, "flow_arrow": "end" }, "geometry": { "type": "LineString", "coordinates": [ [ 88.393680972334053, 22.51632247129405 ], [ 88.393686031450983, 22.51636738685491 ], [ 88.39369604296779, 22.516446514194449 ], [ 88.393701230287547, 22.516504274271298 ], [ 88.393711177635495, 22.516576979394372 ], [ 88.393726077410165, 22.516683896203023 ], [ 88.393731136561613, 22.516728811759105 ], [ 88.393741084044123, 22.516801516875926 ], [ 88.393753486244435, 22.516889187052122 ], [ 88.393761085783112, 22.516957630794533 ], [ 88.393766016760694, 22.516989701830489 ], [ 88.393771097308601, 22.517036758120302 ], [ 88.393778953271806, 22.517130890803021 ], [ 88.393783991097067, 22.517173665526315 ], [ 88.393789199865267, 22.517233566329843 ], [ 88.393791825618862, 22.517265657469071 ], [ 88.393799275537987, 22.517319115862701 ], [ 88.393804398947708, 22.517370453712257 ], [ 88.393806960605488, 22.517396122548014 ] ] } },
{ "type": "Feature", "properties": { "ward": 107, "source_sheet": "107_vip bazar.pdf p1", "source": "KMC ward sewerage network map (ArcMap GeoPDF)", "extraction_method": "geopdf_vector", "georef_max_residual_m": 0.1, "conduit_type": "pipe", "pipe_diameter_mm": 400.0, "diameter_source": "legend_colour", "diameter_candidates_mm": null, "label_diameter_mm": 400.0, "label_agrees": true, "scheme": null, "flow_arrow": "end" }, "geometry": { "type": "LineString", "coordinates": [ [ 88.393881893914255, 22.516588336007118 ], [ 88.39389681519026, 22.516697393620138 ], [ 88.393916624761857, 22.516834240784036 ], [ 88.393936583964461, 22.51698607310535 ], [ 88.393949349594465, 22.517110136065686 ], [ 88.393957098836381, 22.517193565044291 ], [ 88.393967195977496, 22.517281255299586 ], [ 88.393974774282611, 22.517347558195468 ], [ 88.393977357342152, 22.517375367853788 ] ] } },
{ "type": "Feature", "properties": { "ward": 107, "source_sheet": "107_vip bazar.pdf p1", "source": "KMC ward sewerage network map (ArcMap GeoPDF)", "extraction_method": "geopdf_vector", "georef_max_residual_m": 0.1, "conduit_type": "pipe", "pipe_diameter_mm": 300.0, "diameter_source": "legend_colour", "diameter_candidates_mm": null, "label_diameter_mm": 300.0, "label_agrees": true, "scheme": null, "flow_arrow": "end" }, "geometry": { "type": "LineString", "coordinates": [ [ 88.393957098836381, 22.517193565044291 ], [ 88.394037697225471, 22.517184298190148 ], [ 88.39413443239242, 22.517174890520266 ], [ 88.394235756653572, 22.517163301920188 ], [ 88.394357806787141, 22.51714939140501 ], [ 88.394521330140606, 22.517132977969961 ], [ 88.394615738601658, 22.517121449393454 ] ] } },
{ "type": "Feature", "properties": { "ward": 107, "source_sheet": "107_vip bazar.pdf p1", "source": "KMC ward sewerage network map (ArcMap GeoPDF)", "extraction_method": "geopdf_vector", "georef_max_residual_m": 0.1, "conduit_type": "pipe", "pipe_diameter_mm": 300.0, "diameter_source": "legend_colour", "diameter_candidates_mm": null, "label_diameter_mm": 300.0, "label_agrees": true, "scheme": null, "flow_arrow": "end" }, "geometry": { "type": "LineString", "coordinates": [ [ 88.393936583964461, 22.51698607310535 ], [ 88.393993766458806, 22.516940614726657 ], [ 88.394136563671225, 22.516926523407829 ], [ 88.39426555079568, 22.516914693376769 ], [ 88.394385338223586, 22.516905084527874 ], [ 88.394576502846817, 22.516886288940338 ] ] } },
{ "type": "Feature", "properties": { "ward": 107, "source_sheet": "107_vip bazar.pdf p1", "source": "KMC ward sewerage network map (ArcMap GeoPDF)", "extraction_method": "geopdf_vector", "georef_max_residual_m": 0.1, "conduit_type": "pipe", "pipe_diameter_mm": 300.0, "diameter_source": "legend_colour", "diameter_candidates_mm": null, "label_diameter_mm": 300.0, "label_agrees": true, "scheme": null, "flow_arrow": "end" }, "geometry": { "type": "LineString", "coordinates": [ [ 88.39389681519026, 22.516697393620138 ], [ 88.394030391232747, 22.516683382835094 ], [ 88.394173188177561, 22.516669291586101 ], [ 88.394322900881193, 22.516655139782674 ], [ 88.394534790988558, 22.516634022503872 ] ] } },
{ "type": "Feature", "properties": { "ward": 107, "source_sheet": "107_vip bazar.pdf p1", "source": "KMC ward sewerage network map (ArcMap GeoPDF)", "extraction_method": "geopdf_vector", "georef_max_residual_m": 0.1, "conduit_type": "pipe", "pipe_diameter_mm": 300.0, "diameter_source": "legend_colour", "diameter_candidates_mm": null, "label_diameter_mm": 300.0, "label_agrees": true, "scheme": null, "flow_arrow": "end" }, "geometry": { "type": "LineString", "coordinates": [ [ 88.394350432235484, 22.516410832810472 ], [ 88.394472503169624, 22.516399063066892 ], [ 88.394511670875588, 22.516396580367594 ] ] } },
{ "type": "Feature", "properties": { "ward": 107, "source_sheet": "107_vip bazar.pdf p1", "source": "KMC ward sewerage network map (ArcMap GeoPDF)", "extraction_method": "geopdf_vector", "georef_max_residual_m": 0.1, "conduit_type": "pipe", "pipe_diameter_mm": 400.0, "diameter_source": "legend_colour", "diameter_candidates_mm": null, "label_diameter_mm": 400.0, "label_agrees": true, "scheme": null, "flow_arrow": "end" }, "geometry": { "type": "LineString", "coordinates": [ [ 88.393680972334053, 22.51632247129405 ], [ 88.393714867267789, 22.516253665757784 ], [ 88.393735251197398, 22.516217092092834 ], [ 88.393843469123922, 22.516203302631745 ], [ 88.393921761728151, 22.516194056058286 ], [ 88.393993160010581, 22.516187010420058 ], [ 88.394105988425196, 22.516173180568053 ], [ 88.394186586212911, 22.516163913757886 ], [ 88.394248763463082, 22.516156948451219 ], [ 88.394304025031644, 22.516150043547416 ], [ 88.39435698136883, 22.516143158738085 ], [ 88.394483641043578, 22.516129207945426 ], [ 88.394491369137782, 22.516210496068066 ], [ 88.39450146650627, 22.516298186286768 ], [ 88.394511670875588, 22.516396580367594 ], [ 88.394521982054869, 22.516505678044126 ], [ 88.394534790988558, 22.516634022503872 ], [ 88.394556842269864, 22.516764427141538 ], [ 88.394576502846817, 22.516886288940338 ], [ 88.394596120704776, 22.51700386916977 ], [ 88.394615738601658, 22.517121449393454 ], [ 88.394630446729494, 22.517209099439881 ], [ 88.394645176163422, 22.517298890220935 ] ] } },
{ "type": "Feature", "properties": { "ward": 107, "source_sheet": "107_vip bazar.pdf p1", "source": "KMC ward sewerage network map (ArcMap GeoPDF)", "extraction_method": "geopdf_vector", "georef_max_residual_m": 0.1, "conduit_type": "pipe", "pipe_diameter_mm": 400.0, "diameter_source": "legend_colour", "diameter_candidates_mm": null, "label_diameter_mm": 400.0, "label_agrees": true, "scheme": null, "flow_arrow": "end" }, "geometry": { "type": "LineString", "coordinates": [ [ 88.394483641043578, 22.516129207945426 ], [ 88.394654314026411, 22.516136282289562 ], [ 88.394674209745375, 22.516281692284686 ], [ 88.394679311940038, 22.516330889361981 ], [ 88.394691672004356, 22.516414277967794 ], [ 88.39470919844581, 22.51655328585661 ], [ 88.394721601317343, 22.516640955930171 ], [ 88.394743845208311, 22.516790627344971 ], [ 88.394758745708572, 22.516897544014704 ], [ 88.394788461455434, 22.517102814482275 ], [ 88.394815572603491, 22.517278134562243 ], [ 88.394645176163422, 22.517298890220935 ], [ 88.394513883489466, 22.517310740599317 ] ] } },
{ "type": "Feature", "properties": { "ward": 107, "source_sheet": "107_vip bazar.pdf p1", "source": "KMC ward sewerage network map (ArcMap GeoPDF)", "extraction_method": "geopdf_vector", "georef_max_residual_m": 0.1, "conduit_type": "pipe", "pipe_diameter_mm": 300.0, "diameter_source": "legend_colour", "diameter_candidates_mm": null, "label_diameter_mm": 300.0, "label_agrees": true, "scheme": null, "flow_arrow": "end" }, "geometry": { "type": "LineString", "coordinates": [ [ 88.395703388694471, 22.516146392123478 ], [ 88.395661937173202, 22.516151036066461 ], [ 88.395516857155997, 22.516167289557963 ], [ 88.395508406300138, 22.516244437037521 ], [ 88.395523179038889, 22.516338509107953 ], [ 88.395537994589603, 22.516436862826158 ], [ 88.395473875750127, 22.516480241372104 ], [ 88.395481796891019, 22.516580796220452 ], [ 88.395368989732148, 22.51659676778257 ], [ 88.395270014028938, 22.516612618506919 ], [ 88.395131913324221, 22.516635233507365 ], [ 88.395012211754576, 22.51665340593431 ], [ 88.394922371352692, 22.51666061291991 ], [ 88.394853278132629, 22.516667638859175 ], [ 88.394770353503802, 22.516674785397672 ], [ 88.394721601317343, 22.516640955930171 ] ] } },
{ "type": "Feature", "properties": { "ward": 107, "source_sheet": "107_vip bazar.pdf p1", "source": "KMC ward sewerage network map (ArcMap GeoPDF)", "extraction_method": "geopdf_vector", "georef_max_residual_m": 0.1, "conduit_type": "pipe", "pipe_diameter_mm": 300.0, "diameter_source": "legend_colour", "diameter_candidates_mm": null, "label_diameter_mm": 300.0, "label_agrees": true, "scheme": null, "flow_arrow": "end" }, "geometry": { "type": "LineString", "coordinates": [ [ 88.3957331910905, 22.516360225407656 ], [ 88.395725719108654, 22.516304626307008 ], [ 88.395703388694471, 22.516146392123478 ], [ 88.395693568632666, 22.516086531768408 ], [ 88.395661396977943, 22.515866296386072 ] ] } },
{ "type": "Feature", "properties": { "ward": 107, "source_sheet": "107_vip bazar.pdf p1", "source": "KMC ward sewerage network map (ArcMap GeoPDF)", "extraction_method": "geopdf_vector", "georef_max_residual_m": 0.1, "conduit_type": "pipe", "pipe_diameter_mm": 225.0, "diameter_source": "legend_colour", "diameter_candidates_mm": null, "label_diameter_mm": 225.0, "label_agrees": true, "scheme": null, "flow_arrow": "end" }, "geometry": { "type": "LineString", "coordinates": [ [ 88.396417057807298, 22.514891992784946 ], [ 88.396318019252661, 22.514901421791873 ], [ 88.396228201492008, 22.514910770272344 ], [ 88.396175224444406, 22.514915514932749 ], [ 88.396090017066172, 22.514924823060635 ], [ 88.395942611791583, 22.514938956182167 ], [ 88.395903465939213, 22.514943580033634 ], [ 88.395843573059167, 22.514948384990479 ], [ 88.395790403415745, 22.514933862807315 ] ] } },
{ "type": "Feature", "properties": { "ward": 107, "source_sheet": "107_vip bazar.pdf p1", "source": "KMC ward sewerage network map (ArcMap GeoPDF)", "extraction_method": "geopdf_vector", "georef_max_residual_m": 0.1, "conduit_type": "pipe", "pipe_diameter_mm": 225.0, "diameter_source": "legend_colour", "diameter_candidates_mm": null, "label_diameter_mm": 225.0, "label_agrees": true, "scheme": null, "flow_arrow": "end" }, "geometry": { "type": "LineString", "coordinates": [ [ 88.396564619731336, 22.515124065248319 ], [ 88.396447182096324, 22.515137937054462 ], [ 88.396318218304813, 22.515151909479354 ], [ 88.396200780611295, 22.515165781108113 ], [ 88.39605570161163, 22.515182035032712 ], [ 88.39588069756995, 22.515202832049027 ], [ 88.395822831728097, 22.515179787205373 ] ] } },
{ "type": "Feature", "properties": { "ward": 107, "source_sheet": "107_vip bazar.pdf p1", "source": "KMC ward sewerage network map (ArcMap GeoPDF)", "extraction_method": "geopdf_vector", "georef_max_residual_m": 0.1, "conduit_type": "pipe", "pipe_diameter_mm": 225.0, "diameter_source": "legend_colour", "diameter_candidates_mm": null, "label_diameter_mm": 225.0, "label_agrees": true, "scheme": null, "flow_arrow": "end" }, "geometry": { "type": "LineString", "coordinates": [ [ 88.396636238226677, 22.515369646948745 ], [ 88.39651647377849, 22.515381398224559 ], [ 88.396369089398391, 22.515397672584172 ], [ 88.396203284691396, 22.515416248659513 ], [ 88.396039763645589, 22.515432663694238 ], [ 88.395906189097786, 22.515446675988539 ], [ 88.395860127466122, 22.515451360240622 ] ] } },
{ "type": "Feature", "properties": { "ward": 107, "source_sheet": "107_vip bazar.pdf p1", "source": "KMC ward sewerage network map (ArcMap GeoPDF)", "extraction_method": "geopdf_vector", "georef_max_residual_m": 0.1, "conduit_type": "pipe", "pipe_diameter_mm": 225.0, "diameter_source": "legend_colour", "diameter_candidates_mm": null, "label_diameter_mm": 225.0, "label_agrees": true, "scheme": null, "flow_arrow": "end" }, "geometry": { "type": "LineString", "coordinates": [ [ 88.396691420759012, 22.515585399144541 ], [ 88.396562477999026, 22.515601512519879 ], [ 88.39641050437254, 22.515619967952887 ], [ 88.396228584215066, 22.515640825797899 ], [ 88.39604668539134, 22.515663824176169 ], [ 88.395979919363825, 22.515672971171117 ], [ 88.395920047669563, 22.515679916907217 ], [ 88.395892427782343, 22.515684440000015 ] ] } },
{ "type": "Feature", "properties": { "ward": 107, "source_sheet": "107_vip bazar.pdf p1", "source": "KMC ward sewerage network map (ArcMap GeoPDF)", "extraction_method": "geopdf_vector", "georef_max_residual_m": 0.1, "conduit_type": "pipe", "pipe_diameter_mm": 400.0, "diameter_source": "legend_colour", "diameter_candidates_mm": null, "label_diameter_mm": 400.0, "label_agrees": true, "scheme": null, "flow_arrow": "end" }, "geometry": { "type": "LineString", "coordinates": [ [ 88.395992036689989, 22.514578847386606 ], [ 88.396044992315765, 22.514571961966027 ], [ 88.396130199388267, 22.514562653962422 ], [ 88.396231500210163, 22.51454892338106 ], [ 88.396390388295401, 22.514530407750307 ], [ 88.396523940488024, 22.514514254274598 ], [ 88.396639050985129, 22.514498261847098 ], [ 88.396744983394953, 22.514486631395144 ], [ 88.396709970186862, 22.514212897725997 ] ] } },
{ "type": "Feature", "properties": { "ward": 107, "source_sheet": "107_vip bazar.pdf p1", "source": "KMC ward sewerage network map (ArcMap GeoPDF)", "extraction_method": "geopdf_vector", "georef_max_residual_m": 0.1, "conduit_type": "pipe", "pipe_diameter_mm": 225.0, "diameter_source": "legend_colour", "diameter_candidates_mm": null, "label_diameter_mm": 225.0, "label_agrees": true, "scheme": null, "flow_arrow": "end" }, "geometry": { "type": "LineString", "coordinates": [ [ 88.396491688962584, 22.514516677008469 ], [ 88.396484131198847, 22.51445251499678 ], [ 88.39646916543991, 22.514339176212623 ], [ 88.396465875598793, 22.514240721957389 ] ] } },
{ "type": "Feature", "properties": { "ward": 107, "source_sheet": "107_vip bazar.pdf p1", "source": "KMC ward sewerage network map (ArcMap GeoPDF)", "extraction_method": "geopdf_vector", "georef_max_residual_m": 0.1, "conduit_type": "pipe", "pipe_diameter_mm": 225.0, "diameter_source": "legend_colour", "diameter_candidates_mm": null, "label_diameter_mm": 225.0, "label_agrees": true, "scheme": null, "flow_arrow": "end" }, "geometry": { "type": "LineString", "coordinates": [ [ 88.396231500210163, 22.51454892338106 ], [ 88.396221380449489, 22.514459092476663 ], [ 88.396206243786949, 22.514328627676463 ], [ 88.396214865315045, 22.514268606148999 ] ] } },
{ "type": "Feature", "properties": { "ward": 107, "source_sheet": "107_vip bazar.pdf p1", "source": "KMC ward sewerage network map (ArcMap GeoPDF)", "extraction_method": "geopdf_vector", "georef_max_residual_m": 0.1, "conduit_type": "pipe", "pipe_diameter_mm": 400.0, "diameter_source": "legend_colour", "diameter_candidates_mm": null, "label_diameter_mm": 400.0, "label_agrees": true, "scheme": null, "flow_arrow": "end" }, "geometry": { "type": "LineString", "coordinates": [ [ 88.396009756674061, 22.514737121827402 ], [ 88.396004568508104, 22.514679361857958 ], [ 88.395997117947616, 22.514625903585237 ], [ 88.395992036689989, 22.514578847386606 ], [ 88.395982216750483, 22.514518986948502 ], [ 88.395964988988851, 22.514409949706039 ], [ 88.395945434669216, 22.514298791856692 ], [ 88.396083597098709, 22.51428259848581 ], [ 88.396214865315045, 22.514268606148999 ], [ 88.396304661262604, 22.514257117049166 ], [ 88.396465875598793, 22.514240721957389 ], [ 88.396574091714768, 22.514226930748102 ], [ 88.396709970186862, 22.514212897725997 ], [ 88.39679517697536, 22.514203589383424 ], [ 88.396859658354145, 22.514196602971232 ] ] } },
{ "type": "Feature", "properties": { "ward": 107, "source_sheet": "107_vip bazar.pdf p1", "source": "KMC ward sewerage network map (ArcMap GeoPDF)", "extraction_method": "geopdf_vector", "georef_max_residual_m": 0.1, "conduit_type": "pipe", "pipe_diameter_mm": 400.0, "diameter_source": "legend_colour", "diameter_candidates_mm": null, "label_diameter_mm": 400.0, "label_agrees": true, "scheme": null, "flow_arrow": "end" }, "geometry": { "type": "LineString", "coordinates": [ [ 88.396881784250468, 22.515947694255548 ], [ 88.396855955559502, 22.515900819450728 ], [ 88.396769077630296, 22.515743149619663 ], [ 88.396653923310353, 22.515754860628995 ], [ 88.396543379399901, 22.51576653135789 ], [ 88.396442056429251, 22.515778121440405 ], [ 88.396310808233991, 22.515794254767009 ], [ 88.396154202513614, 22.515810609515622 ], [ 88.396011428150246, 22.51582684320481 ], [ 88.395914715508283, 22.515838392686518 ], [ 88.395834117979021, 22.515847660437007 ], [ 88.395732773467685, 22.515857109253357 ], [ 88.395661396977943, 22.515866296386072 ], [ 88.395651448593185, 22.515793591427268 ], [ 88.395631573352304, 22.515650322329222 ], [ 88.395619212919058, 22.515566933812234 ] ] } },
{ "type": "Feature", "properties": { "ward": 107, "source_sheet": "107_vip bazar.pdf p1", "source": "KMC ward sewerage network map (ArcMap GeoPDF)", "extraction_method": "geopdf_vector", "georef_max_residual_m": 0.1, "conduit_type": "pipe", "pipe_diameter_mm": 600.0, "diameter_source": "legend_colour", "diameter_candidates_mm": null, "label_diameter_mm": 600.0, "label_agrees": true, "scheme": null, "flow_arrow": "end" }, "geometry": { "type": "LineString", "coordinates": [ [ 88.395914715508283, 22.515838392686518 ], [ 88.395907307594243, 22.515789215891818 ], [ 88.395897294991556, 22.515710088744136 ], [ 88.395892427782343, 22.515684440000015 ], [ 88.395875092904689, 22.515564699085346 ], [ 88.395860127466122, 22.515451360240622 ], [ 88.395852569916102, 22.515387198194286 ], [ 88.395842728465752, 22.515325197017763 ], [ 88.395822831728097, 22.515179787205373 ], [ 88.39581032146539, 22.515081413368041 ], [ 88.395790403415745, 22.514933862807315 ], [ 88.395780519246259, 22.514867580147367 ], [ 88.395773004570643, 22.514807699562553 ], [ 88.39576798766025, 22.514767065652652 ], [ 88.395692044018702, 22.514780574421049 ], [ 88.395567755024587, 22.514800928269544 ], [ 88.395517125967217, 22.514809934056753 ] ] } },
{ "type": "Feature", "properties": { "ward": 107, "source_sheet": "107_vip bazar.pdf p1", "source": "KMC ward sewerage network map (ArcMap GeoPDF)", "extraction_method": "geopdf_vector", "georef_max_residual_m": 0.1, "conduit_type": "pipe", "pipe_diameter_mm": 400.0, "diameter_source": "legend_colour", "diameter_candidates_mm": null, "label_diameter_mm": 400.0, "label_agrees": true, "scheme": null, "flow_arrow": "end" }, "geometry": { "type": "LineString", "coordinates": [ [ 88.396755788621164, 22.514644966150762 ], [ 88.396638372823887, 22.514660978811531 ], [ 88.396514019897126, 22.514674911081428 ], [ 88.396371268158887, 22.514693285855966 ], [ 88.396216990283463, 22.514711761199951 ], [ 88.396117973237054, 22.514723330903681 ], [ 88.396009756674061, 22.514737121827402 ], [ 88.395899234885221, 22.514750932813524 ], [ 88.395820943276618, 22.51476018030257 ], [ 88.39576798766025, 22.514767065652652 ] ] } },
{ "type": "Feature", "properties": { "ward": 107, "source_sheet": "107_vip bazar.pdf p1", "source": "KMC ward sewerage network map (ArcMap GeoPDF)", "extraction_method": "geopdf_vector", "georef_max_residual_m": 0.1, "conduit_type": "pipe", "pipe_diameter_mm": 300.0, "diameter_source": "legend_colour", "diameter_candidates_mm": null, "label_diameter_mm": 300.0, "label_agrees": true, "scheme": null, "flow_arrow": "end" }, "geometry": { "type": "LineString", "coordinates": [ [ 88.399183133327796, 22.51646065475035 ], [ 88.399170363142389, 22.51633659242956 ], [ 88.399157507095154, 22.516203967172967 ], [ 88.399144779866447, 22.516084186310348 ], [ 88.39913446502932, 22.515975089107933 ], [ 88.399119282406176, 22.515840343197869 ], [ 88.399108881923496, 22.515722682965329 ], [ 88.39909861005151, 22.515617867130608 ], [ 88.399080886493579, 22.515459593230194 ], [ 88.399067944875128, 22.515318404920894 ] ] } },
{ "type": "Feature", "properties": { "ward": 107, "source_sheet": "107_vip bazar.pdf p1", "source": "KMC ward sewerage network map (ArcMap GeoPDF)", "extraction_method": "geopdf_vector", "georef_max_residual_m": 0.1, "conduit_type": "pipe", "pipe_diameter_mm": 500.0, "diameter_source": "legend_colour", "diameter_candidates_mm": null, "label_diameter_mm": 500.0, "label_agrees": true, "scheme": null, "flow_arrow": "end" }, "geometry": { "type": "LineString", "coordinates": [ [ 88.399067944875128, 22.515318404920894 ], [ 88.398881415175424, 22.515339306085249 ], [ 88.398722548090191, 22.515359965026196 ] ] } },
{ "type": "Feature", "properties": { "ward": 107, "source_sheet": "107_vip bazar.pdf p1", "source": "KMC ward sewerage network map (ArcMap GeoPDF)", "extraction_method": "geopdf_vector", "georef_max_residual_m": 0.1, "conduit_type": "pipe", "pipe_diameter_mm": 600.0, "diameter_source": "legend_colour", "diameter_candidates_mm": null, "label_diameter_mm": 600.0, "label_agrees": true, "scheme": null, "flow_arrow": "end" }, "geometry": { "type": "LineString", "coordinates": [ [ 88.398722548090191, 22.515359965026196 ], [ 88.398554460019724, 22.515380704415026 ], [ 88.398395592819014, 22.51540136294885 ], [ 88.39826895581146, 22.515417457501659 ], [ 88.398089384296227, 22.515442578723551 ] ] } },
{ "type": "Feature", "properties": { "ward": 107, "source_sheet": "107_vip bazar.pdf p1", "source": "KMC ward sewerage network map (ArcMap GeoPDF)", "extraction_method": "geopdf_vector", "georef_max_residual_m": 0.1, "conduit_type": "pipe", "pipe_diameter_mm": 400.0, "diameter_source": "legend_colour", "diameter_candidates_mm": null, "label_diameter_mm": 400.0, "label_agrees": true, "scheme": null, "flow_arrow": "end" }, "geometry": { "type": "LineString", "coordinates": [ [ 88.398983026759339, 22.514666163606119 ], [ 88.399000514252805, 22.514800889293639 ], [ 88.399018066124441, 22.514942037265406 ], [ 88.399035617944008, 22.515083185231894 ], [ 88.399055539447886, 22.5152307353015 ], [ 88.399067944875128, 22.515318404920894 ] ] } },
{ "type": "Feature", "properties": { "ward": 107, "source_sheet": "107_vip bazar.pdf p1", "source": "KMC ward sewerage network map (ArcMap GeoPDF)", "extraction_method": "geopdf_vector", "georef_max_residual_m": 0.1, "conduit_type": "pipe", "pipe_diameter_mm": 300.0, "diameter_source": "legend_colour", "diameter_candidates_mm": null, "label_diameter_mm": 300.0, "label_agrees": true, "scheme": null, "flow_arrow": "end" }, "geometry": { "type": "LineString", "coordinates": [ [ 88.398849840112305, 22.513798110289827 ], [ 88.398876912570728, 22.513969148060074 ], [ 88.398896726464372, 22.514105994426849 ], [ 88.398921300883671, 22.514257785570464 ], [ 88.398943527287571, 22.514405315414539 ], [ 88.39896092891945, 22.514531478179077 ], [ 88.398983026759339, 22.514666163606119 ] ] } },
{ "type": "Feature", "properties": { "ward": 107, "source_sheet": "107_vip bazar.pdf p1", "source": "KMC ward sewerage network map (ArcMap GeoPDF)", "extraction_method": "geopdf_vector", "georef_max_residual_m": 0.1, "conduit_type": "pipe", "pipe_diameter_mm": 300.0, "diameter_source": "legend_colour", "diameter_candidates_mm": null, "label_diameter_mm": 300.0, "label_agrees": true, "scheme": null, "flow_arrow": "end" }, "geometry": { "type": "LineString", "coordinates": [ [ 88.395377467982598, 22.513753531101084 ], [ 88.395432749912246, 22.513748766596279 ], [ 88.395488010447352, 22.513741861335514 ], [ 88.395540987085695, 22.513737116832917 ], [ 88.395591658632739, 22.513732392530262 ], [ 88.39563771971244, 22.513727708471663 ] ] } },
{ "type": "Feature", "properties": { "ward": 107, "source_sheet": "107_vip bazar.pdf p1", "source": "KMC ward sewerage network map (ArcMap GeoPDF)", "extraction_method": "geopdf_vector", "georef_max_residual_m": 0.1, "conduit_type": "pipe", "pipe_diameter_mm": 300.0, "diameter_source": "legend_colour", "diameter_candidates_mm": null, "label_diameter_mm": 300.0, "label_agrees": true, "scheme": null, "flow_arrow": "end" }, "geometry": { "type": "LineString", "coordinates": [ [ 88.396439156881442, 22.513643634431336 ], [ 88.396340476749941, 22.513458235182355 ], [ 88.396293880748743, 22.513409400756057 ], [ 88.396212257429937, 22.513315912644913 ], [ 88.396128329143664, 22.513222444621004 ] ] } },
{ "type": "Feature", "properties": { "ward": 107, "source_sheet": "107_vip bazar.pdf p1", "source": "KMC ward sewerage network map (ArcMap GeoPDF)", "extraction_method": "geopdf_vector", "georef_max_residual_m": 0.1, "conduit_type": "pipe", "pipe_diameter_mm": 500.0, "diameter_source": "legend_colour", "diameter_candidates_mm": null, "label_diameter_mm": 500.0, "label_agrees": true, "scheme": null, "flow_arrow": "end" }, "geometry": { "type": "LineString", "coordinates": [ [ 88.39563771971244, 22.513727708471663 ], [ 88.395630312148143, 22.513678531640199 ], [ 88.39561799464748, 22.513599424569406 ], [ 88.395605613084953, 22.513513895194794 ], [ 88.395593167272793, 22.513421943696148 ], [ 88.395578245273285, 22.513312886246172 ], [ 88.395568446926376, 22.513255166498187 ] ] } },
{ "type": "Feature", "properties": { "ward": 107, "source_sheet": "107_vip bazar.pdf p1", "source": "KMC ward sewerage network map (ArcMap GeoPDF)", "extraction_method": "geopdf_vector", "georef_max_residual_m": 0.1, "conduit_type": "pipe", "pipe_diameter_mm": 500.0, "diameter_source": "legend_colour", "diameter_candidates_mm": null, "label_diameter_mm": 500.0, "label_agrees": true, "scheme": null, "flow_arrow": "end" }, "geometry": { "type": "LineString", "coordinates": [ [ 88.395508694822965, 22.512812514439101 ], [ 88.395521097723716, 22.512900184571102 ], [ 88.395535998320895, 22.513007101208963 ], [ 88.395543555531617, 22.513071263302532 ], [ 88.395558370612434, 22.513169617074475 ], [ 88.395568446926376, 22.513255166498187 ] ] } },
{ "type": "Feature", "properties": { "ward": 107, "source_sheet": "107_vip bazar.pdf p1", "source": "KMC ward sewerage network map (ArcMap GeoPDF)", "extraction_method": "geopdf_vector", "georef_max_residual_m": 0.1, "conduit_type": "pipe", "pipe_diameter_mm": 400.0, "diameter_source": "legend_colour", "diameter_candidates_mm": null, "label_diameter_mm": 400.0, "label_agrees": true, "scheme": null, "flow_arrow": "end" }, "geometry": { "type": "LineString", "coordinates": [ [ 88.395001978831033, 22.512628535447043 ], [ 88.395012118986287, 22.512720507232491 ], [ 88.395022237680976, 22.512810338278612 ], [ 88.395027361179316, 22.512861676014293 ] ] } },
{ "type": "Feature", "properties": { "ward": 107, "source_sheet": "107_vip bazar.pdf p1", "source": "KMC ward sewerage network map (ArcMap GeoPDF)", "extraction_method": "geopdf_vector", "georef_max_residual_m": 0.1, "conduit_type": "pipe", "pipe_diameter_mm": 500.0, "diameter_source": "legend_colour", "diameter_candidates_mm": null, "label_diameter_mm": 500.0, "label_agrees": true, "scheme": null, "flow_arrow": "end" }, "geometry": { "type": "LineString", "coordinates": [ [ 88.394923527184105, 22.511929133863887 ], [ 88.395054857507517, 22.511921564879248 ], [ 88.395126274902509, 22.511916659586952 ] ] } },
{ "type": "Feature", "properties": { "ward": 107, "source_sheet": "107_vip bazar.pdf p1", "source": "KMC ward sewerage network map (ArcMap GeoPDF)", "extraction_method": "geopdf_vector", "georef_max_residual_m": 0.1, "conduit_type": "pipe", "pipe_diameter_mm": 400.0, "diameter_source": "legend_colour", "diameter_candidates_mm": null, "label_diameter_mm": 400.0, "label_agrees": true, "scheme": null, "flow_arrow": "end" }, "geometry": { "type": "LineString", "coordinates": [ [ 88.395412264621299, 22.514005857752533 ], [ 88.395377467982598, 22.513753531101084 ], [ 88.395345083613563, 22.513511888078977 ], [ 88.395312849183526, 22.513285230288137 ] ] } },
{ "type": "Feature", "properties": { "ward": 107, "source_sheet": "107_vip bazar.pdf p1", "source": "KMC ward sewerage network map (ArcMap GeoPDF)", "extraction_method": "geopdf_vector", "georef_max_residual_m": 0.1, "conduit_type": "pipe", "pipe_diameter_mm": 400.0, "diameter_source": "legend_colour", "diameter_candidates_mm": null, "label_diameter_mm": 400.0, "label_agrees": true, "scheme": null, "flow_arrow": "end" }, "geometry": { "type": "LineString", "coordinates": [ [ 88.398025921731772, 22.513708977275968 ], [ 88.397998100397061, 22.513463013221887 ], [ 88.397985481595811, 22.513353935929505 ], [ 88.397972862819344, 22.513244858633708 ], [ 88.397960222736657, 22.513133640598571 ], [ 88.397947604010085, 22.513024563295879 ], [ 88.397935049683667, 22.512921908194357 ], [ 88.397854454028916, 22.512931176866999 ], [ 88.397773837032233, 22.512938304674499 ], [ 88.397695525194294, 22.512945412372993 ], [ 88.39757345778979, 22.512957184397109 ], [ 88.397456000698313, 22.512968916109237 ], [ 88.397356985033255, 22.512980486509282 ], [ 88.397253337495869, 22.51298995632915 ], [ 88.397149690037409, 22.512999426171337 ], [ 88.397057589823874, 22.513010935848708 ], [ 88.396970100029918, 22.513022405266678 ], [ 88.396880283541662, 22.513031754049248 ], [ 88.396806603330177, 22.513040961673727 ] ] } },
{ "type": "Feature", "properties": { "ward": 107, "source_sheet": "107_vip bazar.pdf p1", "source": "KMC ward sewerage network map (ArcMap GeoPDF)", "extraction_method": "geopdf_vector", "georef_max_residual_m": 0.1, "conduit_type": "pipe", "pipe_diameter_mm": 400.0, "diameter_source": "legend_colour", "diameter_candidates_mm": null, "label_diameter_mm": 400.0, "label_agrees": true, "scheme": null, "flow_arrow": "end" }, "geometry": { "type": "LineString", "coordinates": [ [ 88.397600836864669, 22.510394245704557 ], [ 88.397515632379879, 22.510403554357353 ], [ 88.397365969799992, 22.510421990254525 ], [ 88.397179467670497, 22.510445029963869 ], [ 88.396958409760771, 22.51047051229763 ], [ 88.396741983512484, 22.510498094872073 ], [ 88.396560070086863, 22.510518952761792 ], [ 88.39638737711428, 22.510539729898845 ], [ 88.39624462947242, 22.510558104356377 ] ] } },
{ "type": "Feature", "properties": { "ward": 107, "source_sheet": "107_vip bazar.pdf p1", "source": "KMC ward sewerage network map (ArcMap GeoPDF)", "extraction_method": "geopdf_vector", "georef_max_residual_m": 0.1, "conduit_type": "pipe", "pipe_diameter_mm": 600.0, "diameter_source": "legend_colour", "diameter_candidates_mm": null, "label_diameter_mm": 600.0, "label_agrees": true, "scheme": null, "flow_arrow": "end" }, "geometry": { "type": "LineString", "coordinates": [ [ 88.396806603330177, 22.513040961673727 ], [ 88.396732944515961, 22.51305231009038 ], [ 88.396638560551182, 22.513065980500677 ], [ 88.396569512048231, 22.513077288468118 ], [ 88.396465992877424, 22.513099602383463 ] ] } },
{ "type": "Feature", "properties": { "ward": 107, "source_sheet": "107_vip bazar.pdf p1", "source": "KMC ward sewerage network map (ArcMap GeoPDF)", "extraction_method": "geopdf_vector", "georef_max_residual_m": 0.1, "conduit_type": "pipe", "pipe_diameter_mm": 400.0, "diameter_source": "legend_colour", "diameter_candidates_mm": null, "label_diameter_mm": 400.0, "label_agrees": true, "scheme": null, "flow_arrow": "end" }, "geometry": { "type": "LineString", "coordinates": [ [ 88.396659808656764, 22.511963212992111 ], [ 88.396597290966511, 22.511935927078664 ], [ 88.39645915234351, 22.511954261599556 ], [ 88.39642952759668, 22.51198877538188 ] ] } },
{ "type": "Feature", "properties": { "ward": 107, "source_sheet": "107_vip bazar.pdf p1", "source": "KMC ward sewerage network map (ArcMap GeoPDF)", "extraction_method": "geopdf_vector", "georef_max_residual_m": 0.1, "conduit_type": "pipe", "pipe_diameter_mm": 400.0, "diameter_source": "legend_colour", "diameter_candidates_mm": null, "label_diameter_mm": null, "label_agrees": null, "scheme": null, "flow_arrow": "end" }, "geometry": { "type": "LineString", "coordinates": [ [ 88.396679812638013, 22.512119326508049 ], [ 88.396626836577155, 22.512124071264729 ], [ 88.396495549127806, 22.5121359230987 ], [ 88.396449467117151, 22.512138466639556 ] ] } },
{ "type": "Feature", "properties": { "ward": 107, "source_sheet": "107_vip bazar.pdf p1", "source": "KMC ward sewerage network map (ArcMap GeoPDF)", "extraction_method": "geopdf_vector", "georef_max_residual_m": 0.1, "conduit_type": "pipe", "pipe_diameter_mm": 500.0, "diameter_source": "legend_colour", "diameter_candidates_mm": null, "label_diameter_mm": null, "label_agrees": null, "scheme": null, "flow_arrow": "end" }, "geometry": { "type": "LineString", "coordinates": [ [ 88.397712986417574, 22.511234652644443 ], [ 88.397695607920625, 22.511110630352245 ], [ 88.397680684637464, 22.511001573137953 ], [ 88.397668087841254, 22.5108946365003 ], [ 88.397650752284946, 22.51077489575513 ], [ 88.397635743313572, 22.510657275496218 ], [ 88.397620670213087, 22.51053323311309 ], [ 88.397600836864669, 22.510394245704557 ], [ 88.397588390141237, 22.510302294289261 ], [ 88.397575922019769, 22.510208202134944 ], [ 88.397568278437433, 22.510135477120311 ], [ 88.397550985934572, 22.510020017816814 ], [ 88.39753599868024, 22.509904538354153 ], [ 88.397520925692447, 22.50978049585343 ], [ 88.397503461958536, 22.509647910555191 ], [ 88.397493556181374, 22.509579487154166 ] ] } },
{ "type": "Feature", "properties": { "ward": 107, "source_sheet": "107_vip bazar.pdf p1", "source": "KMC ward sewerage network map (ArcMap GeoPDF)", "extraction_method": "geopdf_vector", "georef_max_residual_m": 0.1, "conduit_type": "pipe", "pipe_diameter_mm": 400.0, "diameter_source": "legend_colour", "diameter_candidates_mm": null, "label_diameter_mm": 400.0, "label_agrees": true, "scheme": null, "flow_arrow": "end" }, "geometry": { "type": "LineString", "coordinates": [ [ 88.399159967207638, 22.510005942404604 ], [ 88.39903790246467, 22.510017715495842 ], [ 88.398929668600346, 22.510029367364414 ], [ 88.398814540697785, 22.510043220501938 ], [ 88.39870169645188, 22.510054912652837 ], [ 88.398618797497647, 22.510064201704456 ] ] } },
{ "type": "Feature", "properties": { "ward": 107, "source_sheet": "107_vip bazar.pdf p1", "source": "KMC ward sewerage network map (ArcMap GeoPDF)", "extraction_method": "geopdf_vector", "georef_max_residual_m": 0.1, "conduit_type": "pipe", "pipe_diameter_mm": 400.0, "diameter_source": "legend_colour", "diameter_candidates_mm": null, "label_diameter_mm": 400.0, "label_agrees": true, "scheme": null, "flow_arrow": "end" }, "geometry": { "type": "LineString", "coordinates": [ [ 88.399159967207638, 22.510005942404604 ], [ 88.399311955568947, 22.50998962542937 ], [ 88.399374129798275, 22.509982658379471 ], [ 88.399433998805506, 22.509975711398187 ], [ 88.399496172923719, 22.509968744302608 ], [ 88.399553736799959, 22.509961817548103 ], [ 88.399604406766358, 22.50995709196787 ], [ 88.399652771516315, 22.509952386645676 ], [ 88.399705725141231, 22.509945500204999 ] ] } },
{ "type": "Feature", "properties": { "ward": 107, "source_sheet": "107_vip bazar.pdf p1", "source": "KMC ward sewerage network map (ArcMap GeoPDF)", "extraction_method": "geopdf_vector", "georef_max_residual_m": 0.1, "conduit_type": "pipe", "pipe_diameter_mm": 600.0, "diameter_source": "legend_colour", "diameter_candidates_mm": null, "label_diameter_mm": 600.0, "label_agrees": true, "scheme": null, "flow_arrow": "end" }, "geometry": { "type": "LineString", "coordinates": [ [ 88.401558429642634, 22.512624700748965 ], [ 88.401309728908615, 22.512652572476945 ], [ 88.401189967388802, 22.512664327094637 ], [ 88.401072532478679, 22.512678202150227 ], [ 88.400948182056979, 22.512692137735286 ], [ 88.400821526346405, 22.512706093339997 ], [ 88.400644221258517, 22.512726915638655 ], [ 88.400485314568954, 22.512743294516568 ], [ 88.400436970265815, 22.512750140958222 ], [ 88.400335649948957, 22.51276173336754 ], [ 88.400282673840152, 22.512766479333056 ], [ 88.40021129924861, 22.512775668302432 ], [ 88.400098453068708, 22.51278736153461 ], [ 88.400108467739869, 22.512866488337959 ], [ 88.400125805766251, 22.512986228756585 ], [ 88.400138168659026, 22.513069616826851 ], [ 88.400155678338763, 22.513206483191105 ], [ 88.40016558587584, 22.513274906228634 ], [ 88.400177905809286, 22.513354012825317 ], [ 88.400187856295361, 22.513426717325071 ] ] } },
{ "type": "Feature", "properties": { "ward": 107, "source_sheet": "107_vip bazar.pdf p1", "source": "KMC ward sewerage network map (ArcMap GeoPDF)", "extraction_method": "geopdf_vector", "georef_max_residual_m": 0.1, "conduit_type": "pipe", "pipe_diameter_mm": 400.0, "diameter_source": "legend_colour", "diameter_candidates_mm": null, "label_diameter_mm": 400.0, "label_agrees": true, "scheme": null, "flow_arrow": "end" }, "geometry": { "type": "LineString", "coordinates": [ [ 88.39963839119676, 22.512198352307532 ], [ 88.399646164842352, 22.512283921546658 ], [ 88.399651397271597, 22.5123459628105 ], [ 88.399663630990105, 22.512416506450474 ], [ 88.399675972084879, 22.512497753934166 ], [ 88.39969576501035, 22.512632459374682 ], [ 88.399713102642636, 22.512752199860692 ], [ 88.399722966914055, 22.512816341475702 ], [ 88.39981049927043, 22.512809152045488 ], [ 88.399886527156553, 22.512804204339488 ], [ 88.399957944611486, 22.512799296979804 ], [ 88.400029340696108, 22.51279224876539 ], [ 88.400098453068708, 22.51278736153461 ] ] } },
{ "type": "Feature", "properties": { "ward": 107, "source_sheet": "107_vip bazar.pdf p1", "source": "KMC ward sewerage network map (ArcMap GeoPDF)", "extraction_method": "geopdf_vector", "georef_max_residual_m": 0.1, "conduit_type": "pipe", "pipe_diameter_mm": 225.0, "diameter_source": "legend_colour", "diameter_candidates_mm": null, "label_diameter_mm": 225.0, "label_agrees": true, "scheme": null, "flow_arrow": "end" }, "geometry": { "type": "LineString", "coordinates": [ [ 88.400411823520542, 22.512311469975369 ], [ 88.400462284219145, 22.512745637318904 ] ] } },
{ "type": "Feature", "properties": { "ward": 107, "source_sheet": "107_vip bazar.pdf p1", "source": "KMC ward sewerage network map (ArcMap GeoPDF)", "extraction_method": "geopdf_vector", "georef_max_residual_m": 0.1, "conduit_type": "pipe", "pipe_diameter_mm": 300.0, "diameter_source": "legend_colour", "diameter_candidates_mm": null, "label_diameter_mm": 300.0, "label_agrees": true, "scheme": null, "flow_arrow": "end" }, "geometry": { "type": "LineString", "coordinates": [ [ 88.390767602579828, 22.521717323881337 ], [ 88.390854544117218, 22.521650198053958 ], [ 88.390941976018809, 22.521632309453981 ], [ 88.391059334667318, 22.521609878323552 ], [ 88.39115596654905, 22.521589768587649 ], [ 88.391282503628034, 22.521562975622299 ], [ 88.391455083274963, 22.521529358735744 ], [ 88.39164145214346, 22.521491339628927 ], [ 88.391825515487369, 22.521453340482669 ], [ 88.392005053562272, 22.52142394425108 ] ] } },
{ "type": "Feature", "properties": { "ward": 107, "source_sheet": "107_vip bazar.pdf p1", "source": "KMC ward sewerage network map (ArcMap GeoPDF)", "extraction_method": "geopdf_vector", "georef_max_residual_m": 0.1, "conduit_type": "pipe", "pipe_diameter_mm": 225.0, "diameter_source": "legend_colour", "diameter_candidates_mm": null, "label_diameter_mm": 225.0, "label_agrees": true, "scheme": null, "flow_arrow": "end" }, "geometry": { "type": "LineString", "coordinates": [ [ 88.392730696176727, 22.521132876339308 ], [ 88.392580978425059, 22.521147026906402 ], [ 88.39244048197051, 22.521161096975458 ], [ 88.392304596100928, 22.521175126747355 ], [ 88.392277551091752, 22.521006228419306 ], [ 88.392104844265717, 22.521027001627957 ], [ 88.391966653167671, 22.521041051194803 ] ] } },
{ "type": "Feature", "properties": { "ward": 107, "source_sheet": "107_vip bazar.pdf p1", "source": "KMC ward sewerage network map (ArcMap GeoPDF)", "extraction_method": "geopdf_vector", "georef_max_residual_m": 0.1, "conduit_type": "pipe", "pipe_diameter_mm": 225.0, "diameter_source": "legend_colour", "diameter_candidates_mm": null, "label_diameter_mm": 225.0, "label_agrees": true, "scheme": null, "flow_arrow": "end" }, "geometry": { "type": "LineString", "coordinates": [ [ 88.392730696176727, 22.521132876339308 ], [ 88.392712252607211, 22.52090181606982 ], [ 88.392706766463391, 22.52081408547123 ], [ 88.392699145861727, 22.520743501045718 ], [ 88.392696221288901, 22.52068143938407 ], [ 88.392818189291177, 22.520658966837789 ], [ 88.392805979305777, 22.520590563346726 ], [ 88.392786639883695, 22.52050081258 ], [ 88.392767151006396, 22.520396076643522 ], [ 88.392875329681473, 22.520378006194296 ], [ 88.393024918409708, 22.520351010880326 ], [ 88.393012387981358, 22.520250496162348 ] ] } },
{ "type": "Feature", "properties": { "ward": 107, "source_sheet": "107_vip bazar.pdf p1", "source": "KMC ward sewerage network map (ArcMap GeoPDF)", "extraction_method": "geopdf_vector", "georef_max_residual_m": 0.1, "conduit_type": "pipe", "pipe_diameter_mm": 225.0, "diameter_source": "legend_colour", "diameter_candidates_mm": null, "label_diameter_mm": 225.0, "label_agrees": true, "scheme": null, "flow_arrow": "end" }, "geometry": { "type": "LineString", "coordinates": [ [ 88.392656132436414, 22.520129427258503 ], [ 88.39281035289433, 22.520104532797372 ], [ 88.392875329681473, 22.520378006194296 ] ] } },
{ "type": "Feature", "properties": { "ward": 107, "source_sheet": "107_vip bazar.pdf p1", "source": "KMC ward sewerage network map (ArcMap GeoPDF)", "extraction_method": "geopdf_vector", "georef_max_residual_m": 0.1, "conduit_type": "pipe", "pipe_diameter_mm": 450.0, "diameter_source": "legend_colour", "diameter_candidates_mm": null, "label_diameter_mm": 450.0, "label_agrees": true, "scheme": null, "flow_arrow": "end" }, "geometry": { "type": "LineString", "coordinates": [ [ 88.393012387981358, 22.520250496162348 ], [ 88.393173417660492, 22.520214837280012 ], [ 88.39343846354727, 22.52020610329263 ] ] } },
{ "type": "Feature", "properties": { "ward": 107, "source_sheet": "107_vip bazar.pdf p1", "source": "KMC ward sewerage network map (ArcMap GeoPDF)", "extraction_method": "geopdf_vector", "georef_max_residual_m": 0.1, "conduit_type": "pipe", "pipe_diameter_mm": 600.0, "diameter_source": "legend_colour", "diameter_candidates_mm": null, "label_diameter_mm": 600.0, "label_agrees": true, "scheme": null, "flow_arrow": "end" }, "geometry": { "type": "LineString", "coordinates": [ [ 88.39343846354727, 22.52020610329263 ], [ 88.393466127256161, 22.520205862047597 ], [ 88.39356081568458, 22.520222163746311 ], [ 88.39360105287389, 22.520326718696921 ], [ 88.393631833794217, 22.520407805773299 ], [ 88.393631259329794, 22.52058122656365 ], [ 88.393629659187638, 22.520651891349253 ], [ 88.393629979715513, 22.52068400267224 ], [ 88.393662617391684, 22.520720113882717 ] ] } },
{ "type": "Feature", "properties": { "ward": 107, "source_sheet": "107_vip bazar.pdf p1", "source": "KMC ward sewerage network map (ArcMap GeoPDF)", "extraction_method": "geopdf_vector", "georef_max_residual_m": 0.1, "conduit_type": "pipe", "pipe_diameter_mm": 450.0, "diameter_source": "legend_colour", "diameter_candidates_mm": null, "label_diameter_mm": 450.0, "label_agrees": true, "scheme": null, "flow_arrow": "end" }, "geometry": { "type": "LineString", "coordinates": [ [ 88.393378385781162, 22.518806455143594 ], [ 88.393395462735683, 22.518900507427254 ], [ 88.393412454263157, 22.518985996666995 ], [ 88.39343928646484, 22.519133487330254 ], [ 88.393466076002838, 22.519276696419254 ], [ 88.393519548537483, 22.519552410790936 ], [ 88.393651228068038, 22.519579094565152 ], [ 88.393654580369457, 22.519683971121093 ], [ 88.393539486508701, 22.519702102465818 ], [ 88.393405971599805, 22.519722535200241 ], [ 88.393427575921891, 22.520039205300343 ], [ 88.39343846354727, 22.52020610329263 ] ] } },
{ "type": "Feature", "properties": { "ward": 107, "source_sheet": "107_vip bazar.pdf p1", "source": "KMC ward sewerage network map (ArcMap GeoPDF)", "extraction_method": "geopdf_vector", "georef_max_residual_m": 0.1, "conduit_type": "pipe", "pipe_diameter_mm": 225.0, "diameter_source": "legend_colour", "diameter_candidates_mm": null, "label_diameter_mm": 225.0, "label_agrees": true, "scheme": null, "flow_arrow": "end" }, "geometry": { "type": "LineString", "coordinates": [ [ 88.393143509497477, 22.51975907866959 ], [ 88.393270129997916, 22.519740847188867 ], [ 88.393405971599805, 22.519722535200241 ] ] } },
{ "type": "Feature", "properties": { "ward": 107, "source_sheet": "107_vip bazar.pdf p1", "source": "KMC ward sewerage network map (ArcMap GeoPDF)", "extraction_method": "geopdf_vector", "georef_max_residual_m": 0.1, "conduit_type": "pipe", "pipe_diameter_mm": 225.0, "diameter_source": "legend_colour", "diameter_candidates_mm": null, "label_diameter_mm": 225.0, "label_agrees": true, "scheme": null, "flow_arrow": "end" }, "geometry": { "type": "LineString", "coordinates": [ [ 88.393416295727619, 22.518908889460484 ], [ 88.393489872521457, 22.518888979448072 ], [ 88.393574954280666, 22.518866828144642 ], [ 88.393703857800915, 22.518846435523027 ], [ 88.393798246144996, 22.518832766628655 ], [ 88.39389726637711, 22.518821198199536 ], [ 88.393989349409154, 22.51880754930367 ], [ 88.394074537891086, 22.518796101517324 ], [ 88.394196568097783, 22.518780050316668 ], [ 88.394281756634626, 22.518768602332287 ], [ 88.394350829464059, 22.518759435938914 ], [ 88.394371555595058, 22.518757114073299 ], [ 88.394386263803867, 22.518844764123802 ], [ 88.394396062194417, 22.518902483909827 ], [ 88.394415616053635, 22.519013641916608 ], [ 88.394445011241203, 22.519186801169514 ], [ 88.394454830971014, 22.519246661595403 ], [ 88.394471908719225, 22.519340713720219 ], [ 88.394479166730832, 22.519374905330764 ] ] } },
{ "type": "Feature", "properties": { "ward": 107, "source_sheet": "107_vip bazar.pdf p1", "source": "KMC ward sewerage network map (ArcMap GeoPDF)", "extraction_method": "geopdf_vector", "georef_max_residual_m": 0.1, "conduit_type": "pipe", "pipe_diameter_mm": 225.0, "diameter_source": "legend_colour", "diameter_candidates_mm": null, "label_diameter_mm": 225.0, "label_agrees": true, "scheme": null, "flow_arrow": "end" }, "geometry": { "type": "LineString", "coordinates": [ [ 88.394320183664121, 22.519153635387468 ], [ 88.394437689208061, 22.519146187255618 ] ] } },
{ "type": "Feature", "properties": { "ward": 107, "source_sheet": "107_vip bazar.pdf p1", "source": "KMC ward sewerage network map (ArcMap GeoPDF)", "extraction_method": "geopdf_vector", "georef_max_residual_m": 0.1, "conduit_type": "pipe", "pipe_diameter_mm": 225.0, "diameter_source": "legend_colour", "diameter_candidates_mm": null, "label_diameter_mm": 225.0, "label_agrees": true, "scheme": null, "flow_arrow": "end" }, "geometry": { "type": "LineString", "coordinates": [ [ 88.394310852211206, 22.518911791132133 ], [ 88.394396062194417, 22.518902483909827 ] ] } },
{ "type": "Feature", "properties": { "ward": 107, "source_sheet": "107_vip bazar.pdf p1", "source": "KMC ward sewerage network map (ArcMap GeoPDF)", "extraction_method": "geopdf_vector", "georef_max_residual_m": 0.1, "conduit_type": "pipe", "pipe_diameter_mm": 300.0, "diameter_source": "legend_colour", "diameter_candidates_mm": null, "label_diameter_mm": 300.0, "label_agrees": true, "scheme": null, "flow_arrow": "end" }, "geometry": { "type": "LineString", "coordinates": [ [ 88.394479166730832, 22.519374905330764 ], [ 88.394610311578518, 22.519348069640959 ], [ 88.394695457647288, 22.519332339949628 ], [ 88.394792108694418, 22.519314368868034 ], [ 88.394854244529697, 22.519303121787658 ] ] } },
{ "type": "Feature", "properties": { "ward": 107, "source_sheet": "107_vip bazar.pdf p1", "source": "KMC ward sewerage network map (ArcMap GeoPDF)", "extraction_method": "geopdf_vector", "georef_max_residual_m": 0.1, "conduit_type": "pipe", "pipe_diameter_mm": 450.0, "diameter_source": "legend_colour", "diameter_candidates_mm": null, "label_diameter_mm": 450.0, "label_agrees": true, "scheme": null, "flow_arrow": "end" }, "geometry": { "type": "LineString", "coordinates": [ [ 88.394854244529697, 22.519303121787658 ], [ 88.394944065251039, 22.519293774019427 ], [ 88.394987887083317, 22.519295532388028 ], [ 88.395043534837598, 22.519327160599804 ] ] } },
{ "type": "Feature", "properties": { "ward": 107, "source_sheet": "107_vip bazar.pdf p1", "source": "KMC ward sewerage network map (ArcMap GeoPDF)", "extraction_method": "geopdf_vector", "georef_max_residual_m": 0.1, "conduit_type": "pipe", "pipe_diameter_mm": 300.0, "diameter_source": "legend_colour", "diameter_candidates_mm": null, "label_diameter_mm": 300.0, "label_agrees": true, "scheme": null, "flow_arrow": "end" }, "geometry": { "type": "LineString", "coordinates": [ [ 88.396844468472651, 22.520974933249267 ], [ 88.396989467665563, 22.520950115298078 ], [ 88.39749310981253, 22.520823678046938 ] ] } },
{ "type": "Feature", "properties": { "ward": 107, "source_sheet": "107_vip bazar.pdf p1", "source": "KMC ward sewerage network map (ArcMap GeoPDF)", "extraction_method": "geopdf_vector", "georef_max_residual_m": 0.1, "conduit_type": "pipe", "pipe_diameter_mm": 225.0, "diameter_source": "legend_colour", "diameter_candidates_mm": null, "label_diameter_mm": 225.0, "label_agrees": true, "scheme": null, "flow_arrow": "end" }, "geometry": { "type": "LineString", "coordinates": [ [ 88.394209229597848, 22.523280185188067 ], [ 88.394708721476135, 22.523198752076748 ], [ 88.394785893653804, 22.523538486863689 ], [ 88.394831214231203, 22.523690097558173 ], [ 88.394864558756993, 22.523796853164747 ], [ 88.394871710206431, 22.523820340958075 ], [ 88.394878904345262, 22.523848110311011 ] ] } },
{ "type": "Feature", "properties": { "ward": 107, "source_sheet": "107_vip bazar.pdf p1", "source": "KMC ward sewerage network map (ArcMap GeoPDF)", "extraction_method": "geopdf_vector", "georef_max_residual_m": 0.1, "conduit_type": "pipe", "pipe_diameter_mm": 300.0, "diameter_source": "legend_colour", "diameter_candidates_mm": null, "label_diameter_mm": 300.0, "label_agrees": true, "scheme": null, "flow_arrow": "end" }, "geometry": { "type": "LineString", "coordinates": [ [ 88.394209229597848, 22.523280185188067 ], [ 88.394180282505786, 22.523151981638119 ], [ 88.394149030231631, 22.523023798282594 ] ] } },
{ "type": "Feature", "properties": { "ward": 107, "source_sheet": "107_vip bazar.pdf p1", "source": "KMC ward sewerage network map (ArcMap GeoPDF)", "extraction_method": "geopdf_vector", "georef_max_residual_m": 0.1, "conduit_type": "pipe", "pipe_diameter_mm": 400.0, "diameter_source": "legend_colour", "diameter_candidates_mm": null, "label_diameter_mm": 400.0, "label_agrees": true, "scheme": null, "flow_arrow": "end" }, "geometry": { "type": "LineString", "coordinates": [ [ 88.394149030231631, 22.523023798282594 ], [ 88.394108663468899, 22.522906399147431 ], [ 88.394058882945799, 22.522769813652932 ], [ 88.39402334077657, 22.522673781706938 ], [ 88.394004449109644, 22.522628986890677 ], [ 88.393952620073037, 22.522518110474333 ], [ 88.393907792513531, 22.52241573673513 ], [ 88.393832375937862, 22.522251542620449 ] ] } },
{ "type": "Feature", "properties": { "ward": 107, "source_sheet": "107_vip bazar.pdf p1", "source": "KMC ward sewerage network map (ArcMap GeoPDF)", "extraction_method": "geopdf_vector", "georef_max_residual_m": 0.1, "conduit_type": "pipe", "pipe_diameter_mm": 225.0, "diameter_source": "legend_colour", "diameter_candidates_mm": null, "label_diameter_mm": 225.0, "label_agrees": true, "scheme": null, "flow_arrow": "end" }, "geometry": { "type": "LineString", "coordinates": [ [ 88.393927057094771, 22.523190587045971 ], [ 88.393874308672451, 22.522987658429845 ], [ 88.393838403301913, 22.522855233746483 ], [ 88.393944064503103, 22.522815775066277 ], [ 88.39401294706596, 22.522787341915048 ], [ 88.394058882945799, 22.522769813652932 ] ] } },
{ "type": "Feature", "properties": { "ward": 107, "source_sheet": "107_vip bazar.pdf p1", "source": "KMC ward sewerage network map (ArcMap GeoPDF)", "extraction_method": "geopdf_vector", "georef_max_residual_m": 0.1, "conduit_type": "pipe", "pipe_diameter_mm": 225.0, "diameter_source": "legend_colour", "diameter_candidates_mm": null, "label_diameter_mm": 225.0, "label_agrees": true, "scheme": null, "flow_arrow": "end" }, "geometry": { "type": "LineString", "coordinates": [ [ 88.394705534728018, 22.522879780716277 ], [ 88.394560661418382, 22.522917441139207 ], [ 88.394411177251627, 22.522955141675709 ], [ 88.394344493223514, 22.52297285110938 ], [ 88.394284703811323, 22.522988359426982 ], [ 88.394208819676933, 22.52300829001393 ], [ 88.394149030231631, 22.523023798282594 ] ] } },
{ "type": "Feature", "properties": { "ward": 107, "source_sheet": "107_vip bazar.pdf p1", "source": "KMC ward sewerage network map (ArcMap GeoPDF)", "extraction_method": "geopdf_vector", "georef_max_residual_m": 0.1, "conduit_type": "pipe", "pipe_diameter_mm": 225.0, "diameter_source": "legend_colour", "diameter_candidates_mm": null, "label_diameter_mm": 225.0, "label_agrees": true, "scheme": null, "flow_arrow": "end" }, "geometry": { "type": "LineString", "coordinates": [ [ 88.394705534728018, 22.522879780716277 ], [ 88.394709247225549, 22.52278982904307 ], [ 88.394691954887691, 22.522674369567714 ], [ 88.394677267326841, 22.522588860351441 ], [ 88.3946651204636, 22.522526879278193 ] ] } },
{ "type": "Feature", "properties": { "ward": 107, "source_sheet": "107_vip bazar.pdf p1", "source": "KMC ward sewerage network map (ArcMap GeoPDF)", "extraction_method": "geopdf_vector", "georef_max_residual_m": 0.1, "conduit_type": "pipe", "pipe_diameter_mm": 225.0, "diameter_source": "legend_colour", "diameter_candidates_mm": null, "label_diameter_mm": 225.0, "label_agrees": true, "scheme": null, "flow_arrow": "end" }, "geometry": { "type": "LineString", "coordinates": [ [ 88.395092592729725, 22.522621630397396 ], [ 88.395059012953382, 22.522491326552423 ], [ 88.395023940807647, 22.522442391299457 ] ] } },
{ "type": "Feature", "properties": { "ward": 107, "source_sheet": "107_vip bazar.pdf p1", "source": "KMC ward sewerage network map (ArcMap GeoPDF)", "extraction_method": "geopdf_vector", "georef_max_residual_m": 0.1, "conduit_type": "pipe", "pipe_diameter_mm": 300.0, "diameter_source": "legend_colour", "diameter_candidates_mm": null, "label_diameter_mm": 300.0, "label_agrees": true, "scheme": null, "flow_arrow": "end" }, "geometry": { "type": "LineString", "coordinates": [ [ 88.394409804758965, 22.522586912954811 ], [ 88.394315303346247, 22.522358657712239 ], [ 88.394230686220993, 22.522196685013927 ], [ 88.394202487749183, 22.522143407739289 ] ] } },
{ "type": "Feature", "properties": { "ward": 107, "source_sheet": "107_vip bazar.pdf p1", "source": "KMC ward sewerage network map (ArcMap GeoPDF)", "extraction_method": "geopdf_vector", "georef_max_residual_m": 0.1, "conduit_type": "pipe", "pipe_diameter_mm": 300.0, "diameter_source": "legend_colour", "diameter_candidates_mm": null, "label_diameter_mm": 300.0, "label_agrees": true, "scheme": null, "flow_arrow": "end" }, "geometry": { "type": "LineString", "coordinates": [ [ 88.394409804758965, 22.522586912954811 ], [ 88.394568509955135, 22.522549131951148 ], [ 88.3946651204636, 22.522526879278193 ], [ 88.394757120182959, 22.522504666887279 ], [ 88.394892835857505, 22.522473509021093 ], [ 88.395023940807647, 22.522442391299457 ], [ 88.395118288612863, 22.522424440049182 ], [ 88.395219530979404, 22.522404287617537 ], [ 88.395364532025795, 22.522379471044374 ], [ 88.395532522178272, 22.522348030876604 ], [ 88.395686701594414, 22.522318852008389 ], [ 88.395810954323906, 22.522294216277992 ], [ 88.395942144481069, 22.522271660853832 ] ] } },
{ "type": "Feature", "properties": { "ward": 107, "source_sheet": "107_vip bazar.pdf p1", "source": "KMC ward sewerage network map (ArcMap GeoPDF)", "extraction_method": "geopdf_vector", "georef_max_residual_m": 0.1, "conduit_type": "pipe", "pipe_diameter_mm": 225.0, "diameter_source": "legend_colour", "diameter_candidates_mm": null, "label_diameter_mm": 225.0, "label_agrees": true, "scheme": null, "flow_arrow": "end" }, "geometry": { "type": "LineString", "coordinates": [ [ 88.394952342130907, 22.522198949955694 ], [ 88.394795942781315, 22.5222367111894 ], [ 88.394657921982429, 22.522267889086756 ], [ 88.394526817191263, 22.522299006505826 ], [ 88.394499644901302, 22.522348485144967 ], [ 88.394535251449767, 22.522450939184239 ], [ 88.394554250180178, 22.522506437699384 ], [ 88.394568509955135, 22.522549131951148 ] ] } },
{ "type": "Feature", "properties": { "ward": 107, "source_sheet": "107_vip bazar.pdf p1", "source": "KMC ward sewerage network map (ArcMap GeoPDF)", "extraction_method": "geopdf_vector", "georef_max_residual_m": 0.1, "conduit_type": "pipe", "pipe_diameter_mm": 225.0, "diameter_source": "legend_colour", "diameter_candidates_mm": null, "label_diameter_mm": 225.0, "label_agrees": true, "scheme": null, "flow_arrow": "end" }, "geometry": { "type": "LineString", "coordinates": [ [ 88.394952342130907, 22.522198949955694 ], [ 88.394969056952874, 22.522256609190666 ], [ 88.394990510887226, 22.52232707275769 ], [ 88.395009659516518, 22.522397556358726 ], [ 88.395023940807647, 22.522442391299457 ] ] } },
{ "type": "Feature", "properties": { "ward": 107, "source_sheet": "107_vip bazar.pdf p1", "source": "KMC ward sewerage network map (ArcMap GeoPDF)", "extraction_method": "geopdf_vector", "georef_max_residual_m": 0.1, "conduit_type": "pipe", "pipe_diameter_mm": 300.0, "diameter_source": "legend_colour", "diameter_candidates_mm": null, "label_diameter_mm": 300.0, "label_agrees": true, "scheme": null, "flow_arrow": "end" }, "geometry": { "type": "LineString", "coordinates": [ [ 88.395435067302969, 22.522747095715797 ], [ 88.39555932056318, 22.522722460158448 ], [ 88.395718111047401, 22.522693240968881 ], [ 88.395870006867469, 22.522666222870562 ], [ 88.395927533412006, 22.522655015589258 ], [ 88.396005765207065, 22.522639345539726 ] ] } },
{ "type": "Feature", "properties": { "ward": 107, "source_sheet": "107_vip bazar.pdf p1", "source": "KMC ward sewerage network map (ArcMap GeoPDF)", "extraction_method": "geopdf_vector", "georef_max_residual_m": 0.1, "conduit_type": "pipe", "pipe_diameter_mm": 225.0, "diameter_source": "legend_colour", "diameter_candidates_mm": null, "label_diameter_mm": 225.0, "label_agrees": true, "scheme": null, "flow_arrow": "end" }, "geometry": { "type": "LineString", "coordinates": [ [ 88.396300071051854, 22.522328479501518 ], [ 88.396201048622714, 22.522340049431531 ], [ 88.396072099559021, 22.52235616272176 ], [ 88.39595924512524, 22.522367853451122 ] ] } },
{ "type": "Feature", "properties": { "ward": 107, "source_sheet": "107_vip bazar.pdf p1", "source": "KMC ward sewerage network map (ArcMap GeoPDF)", "extraction_method": "geopdf_vector", "georef_max_residual_m": 0.1, "conduit_type": "pipe", "pipe_diameter_mm": 300.0, "diameter_source": "legend_colour", "diameter_candidates_mm": null, "label_diameter_mm": 300.0, "label_agrees": true, "scheme": null, "flow_arrow": "end" }, "geometry": { "type": "LineString", "coordinates": [ [ 88.396151943112102, 22.523423790815585 ], [ 88.396098384680968, 22.52337073543562 ], [ 88.396095265785831, 22.523289407239243 ], [ 88.396089820147935, 22.523205958451612 ], [ 88.396070285486189, 22.523096941537183 ], [ 88.396045904697672, 22.522964416738155 ], [ 88.396028975158316, 22.522885350126931 ], [ 88.396007242306609, 22.522787057010028 ], [ 88.395985381048988, 22.522675919481426 ], [ 88.396005765207065, 22.522639345539726 ], [ 88.395983818354495, 22.522519645070172 ], [ 88.39595924512524, 22.522367853451122 ], [ 88.395942144481069, 22.522271660853832 ] ] } },
{ "type": "Feature", "properties": { "ward": 107, "source_sheet": "107_vip bazar.pdf p1", "source": "KMC ward sewerage network map (ArcMap GeoPDF)", "extraction_method": "geopdf_vector", "georef_max_residual_m": 0.1, "conduit_type": "pipe", "pipe_diameter_mm": 450.0, "diameter_source": "legend_colour", "diameter_candidates_mm": null, "label_diameter_mm": 450.0, "label_agrees": true, "scheme": null, "flow_arrow": "end" }, "geometry": { "type": "LineString", "coordinates": [ [ 88.395942144481069, 22.522271660853832 ], [ 88.395929782944123, 22.522188272467339 ], [ 88.395907793439804, 22.522064290415653 ], [ 88.395885654149126, 22.521925323125497 ], [ 88.395861081169571, 22.521773531469826 ], [ 88.395839006199779, 22.521640986457122 ], [ 88.395831597882264, 22.52159180970763 ] ] } },
{ "type": "Feature", "properties": { "ward": 107, "source_sheet": "107_vip bazar.pdf p1", "source": "KMC ward sewerage network map (ArcMap GeoPDF)", "extraction_method": "geopdf_vector", "georef_max_residual_m": 0.1, "conduit_type": "pipe", "pipe_diameter_mm": 300.0, "diameter_source": "legend_colour", "diameter_candidates_mm": null, "label_diameter_mm": 300.0, "label_agrees": true, "scheme": null, "flow_arrow": "end" }, "geometry": { "type": "LineString", "coordinates": [ [ 88.395214872145587, 22.523091568050887 ], [ 88.395437934722068, 22.523033955782669 ], [ 88.395638029335089, 22.522985107526491 ], [ 88.395835796956973, 22.52293413843481 ], [ 88.396028975158316, 22.522885350126931 ] ] } },
{ "type": "Feature", "properties": { "ward": 107, "source_sheet": "107_vip bazar.pdf p1", "source": "KMC ward sewerage network map (ArcMap GeoPDF)", "extraction_method": "geopdf_vector", "georef_max_residual_m": 0.1, "conduit_type": "pipe", "pipe_diameter_mm": 300.0, "diameter_source": "legend_colour", "diameter_candidates_mm": null, "label_diameter_mm": 300.0, "label_agrees": true, "scheme": null, "flow_arrow": "end" }, "geometry": { "type": "LineString", "coordinates": [ [ 88.396050507502849, 22.523424677166265 ], [ 88.395926039662783, 22.523427905607914 ], [ 88.39587301655628, 22.523428368860721 ], [ 88.39586975434672, 22.523563276113489 ], [ 88.395868048369621, 22.523623237169051 ] ] } },
{ "type": "Feature", "properties": { "ward": 107, "source_sheet": "107_vip bazar.pdf p1", "source": "KMC ward sewerage network map (ArcMap GeoPDF)", "extraction_method": "geopdf_vector", "georef_max_residual_m": 0.1, "conduit_type": "pipe", "pipe_diameter_mm": 225.0, "diameter_source": "legend_colour", "diameter_candidates_mm": null, "label_diameter_mm": 225.0, "label_agrees": true, "scheme": null, "flow_arrow": "end" }, "geometry": { "type": "LineString", "coordinates": [ [ 88.396334066127352, 22.523422199252909 ], [ 88.396151943112102, 22.523423790815585 ], [ 88.396050507502849, 22.523424677166265 ] ] } },
{ "type": "Feature", "properties": { "ward": 107, "source_sheet": "107_vip bazar.pdf p1", "source": "KMC ward sewerage network map (ArcMap GeoPDF)", "extraction_method": "geopdf_vector", "georef_max_residual_m": 0.1, "conduit_type": "pipe", "pipe_diameter_mm": 600.0, "diameter_source": "legend_colour", "diameter_candidates_mm": null, "label_diameter_mm": 600.0, "label_agrees": true, "scheme": null, "flow_arrow": "end" }, "geometry": { "type": "LineString", "coordinates": [ [ 88.396045904697672, 22.522964416738155 ], [ 88.396181706102695, 22.522941820715019 ], [ 88.396474014041132, 22.522892165611282 ], [ 88.396625909887518, 22.522865146796523 ], [ 88.396729628978889, 22.522862099217619 ], [ 88.396817232145281, 22.522861333384544 ], [ 88.397047252501991, 22.522807939851017 ] ] } },
{ "type": "Feature", "properties": { "ward": 107, "source_sheet": "107_vip bazar.pdf p1", "source": "KMC ward sewerage network map (ArcMap GeoPDF)", "extraction_method": "geopdf_vector", "georef_max_residual_m": 0.1, "conduit_type": "pipe", "pipe_diameter_mm": 300.0, "diameter_source": "legend_colour", "diameter_candidates_mm": null, "label_diameter_mm": 300.0, "label_agrees": true, "scheme": null, "flow_arrow": "end" }, "geometry": { "type": "LineString", "coordinates": [ [ 88.393781470665999, 22.518999905893363 ], [ 88.393805677440994, 22.519115305345192 ], [ 88.393832210907178, 22.519232825329546 ], [ 88.393850271277799, 22.519425351986975 ], [ 88.393802458566611, 22.519485715261307 ], [ 88.393745488698059, 22.519552581164902 ], [ 88.393651228068038, 22.519579094565152 ] ] } },
{ "type": "Feature", "properties": { "ward": 107, "source_sheet": "107_vip bazar.pdf p1", "source": "KMC ward sewerage network map (ArcMap GeoPDF)", "extraction_method": "geopdf_vector", "georef_max_residual_m": 0.1, "conduit_type": "pipe", "pipe_diameter_mm": 300.0, "diameter_source": "legend_colour", "diameter_candidates_mm": null, "label_diameter_mm": 300.0, "label_agrees": true, "scheme": null, "flow_arrow": "end" }, "geometry": { "type": "LineString", "coordinates": [ [ 88.393993452888282, 22.519218573152916 ], [ 88.393910526579106, 22.519225719415601 ], [ 88.393832210907178, 22.519232825329546 ] ] } },
{ "type": "Feature", "properties": { "ward": 107, "source_sheet": "107_vip bazar.pdf p1", "source": "KMC ward sewerage network map (ArcMap GeoPDF)", "extraction_method": "geopdf_vector", "georef_max_residual_m": 0.1, "conduit_type": "pipe", "pipe_diameter_mm": 225.0, "diameter_source": "legend_colour", "diameter_candidates_mm": null, "label_diameter_mm": 225.0, "label_agrees": true, "scheme": null, "flow_arrow": "end" }, "geometry": { "type": "LineString", "coordinates": [ [ 88.393275451079802, 22.520505114857805 ], [ 88.393374323007791, 22.520478561439784 ], [ 88.393477784124073, 22.520449827106525 ], [ 88.3935651508517, 22.520425514832581 ], [ 88.393631833794217, 22.520407805773299 ] ] } },
{ "type": "Feature", "properties": { "ward": 107, "source_sheet": "107_vip bazar.pdf p1", "source": "KMC ward sewerage network map (ArcMap GeoPDF)", "extraction_method": "geopdf_vector", "georef_max_residual_m": 0.1, "conduit_type": "pipe", "pipe_diameter_mm": 225.0, "diameter_source": "legend_colour", "diameter_candidates_mm": null, "label_diameter_mm": 225.0, "label_agrees": true, "scheme": null, "flow_arrow": "end" }, "geometry": { "type": "LineString", "coordinates": [ [ 88.39276609574452, 22.517978968628984 ], [ 88.39284669470149, 22.51796970243425 ], [ 88.39291578862121, 22.517962677320391 ], [ 88.392961851326163, 22.517957993953495 ], [ 88.393058565783761, 22.517946446251074 ] ] } },
{ "type": "Feature", "properties": { "ward": 107, "source_sheet": "107_vip bazar.pdf p1", "source": "KMC ward sewerage network map (ArcMap GeoPDF)", "extraction_method": "geopdf_vector", "georef_max_residual_m": 0.1, "conduit_type": "pipe", "pipe_diameter_mm": 225.0, "diameter_source": "legend_colour", "diameter_candidates_mm": null, "label_diameter_mm": 225.0, "label_agrees": true, "scheme": null, "flow_arrow": "end" }, "geometry": { "type": "LineString", "coordinates": [ [ 88.392812073834634, 22.518196943446384 ], [ 88.392973314688206, 22.518182692346411 ], [ 88.39308618757093, 22.51817314469103 ], [ 88.39307615495612, 22.518091876579668 ], [ 88.393058565783761, 22.517946446251074 ], [ 88.393022449107534, 22.517792613639042 ] ] } },
{ "type": "Feature", "properties": { "ward": 107, "source_sheet": "107_vip bazar.pdf p1", "source": "KMC ward sewerage network map (ArcMap GeoPDF)", "extraction_method": "geopdf_vector", "georef_max_residual_m": 0.1, "conduit_type": "pipe", "pipe_diameter_mm": 225.0, "diameter_source": "legend_colour", "diameter_candidates_mm": null, "label_diameter_mm": 225.0, "label_agrees": true, "scheme": null, "flow_arrow": "end" }, "geometry": { "type": "LineString", "coordinates": [ [ 88.397980565579161, 22.517468853921489 ], [ 88.398011712631458, 22.517586332833581 ], [ 88.398040361690946, 22.517684565119243 ], [ 88.397686273237085, 22.51777972259157 ], [ 88.397461043382691, 22.517850202191195 ] ] } },
{ "type": "Feature", "properties": { "ward": 107, "source_sheet": "107_vip bazar.pdf p1", "source": "KMC ward sewerage network map (ArcMap GeoPDF)", "extraction_method": "geopdf_vector", "georef_max_residual_m": 0.1, "conduit_type": "pipe", "pipe_diameter_mm": 225.0, "diameter_source": "legend_colour", "diameter_candidates_mm": null, "label_diameter_mm": 225.0, "label_agrees": true, "scheme": null, "flow_arrow": "end" }, "geometry": { "type": "LineString", "coordinates": [ [ 88.397419051904151, 22.51710980627772 ], [ 88.397327655933964, 22.517191960927804 ], [ 88.397359209486325, 22.517350114134498 ], [ 88.39739311111596, 22.517512528729483 ], [ 88.397412731457095, 22.517630108481335 ], [ 88.397436919486111, 22.517743366441689 ], [ 88.397461043382691, 22.517850202191195 ] ] } },
{ "type": "Feature", "properties": { "ward": 107, "source_sheet": "107_vip bazar.pdf p1", "source": "KMC ward sewerage network map (ArcMap GeoPDF)", "extraction_method": "geopdf_vector", "georef_max_residual_m": 0.1, "conduit_type": "pipe", "pipe_diameter_mm": 225.0, "diameter_source": "legend_colour", "diameter_candidates_mm": null, "label_diameter_mm": 225.0, "label_agrees": true, "scheme": null, "flow_arrow": "end" }, "geometry": { "type": "LineString", "coordinates": [ [ 88.397419051904151, 22.51710980627772 ], [ 88.39737426676642, 22.517011714946722 ], [ 88.397329481599215, 22.516913623599745 ], [ 88.397284653752635, 22.516811250676469 ], [ 88.397160684643111, 22.516863717029874 ], [ 88.397050611095565, 22.516922484494089 ], [ 88.396978248949509, 22.516833197801144 ], [ 88.396931587288194, 22.516777941442992 ], [ 88.396887252214682, 22.516724805655141 ], [ 88.396868574802767, 22.516701418588362 ] ] } },
{ "type": "Feature", "properties": { "ward": 107, "source_sheet": "107_vip bazar.pdf p1", "source": "KMC ward sewerage network map (ArcMap GeoPDF)", "extraction_method": "geopdf_vector", "georef_max_residual_m": 0.1, "conduit_type": "pipe", "pipe_diameter_mm": 300.0, "diameter_source": "legend_colour", "diameter_candidates_mm": null, "label_diameter_mm": 300.0, "label_agrees": true, "scheme": null, "flow_arrow": "end" }, "geometry": { "type": "LineString", "coordinates": [ [ 88.397461043382691, 22.517850202191195 ], [ 88.397352781742484, 22.517859712571617 ], [ 88.397242236254584, 22.517871383859539 ], [ 88.397127058822605, 22.517880954646515 ], [ 88.397063239735033, 22.517954304289585 ], [ 88.39687859066683, 22.518163589047308 ], [ 88.396798805743984, 22.518254205709937 ], [ 88.396696289231073, 22.518377135025656 ], [ 88.396664657789714, 22.518441639505816 ] ] } },
{ "type": "Feature", "properties": { "ward": 107, "source_sheet": "107_vip bazar.pdf p1", "source": "KMC ward sewerage network map (ArcMap GeoPDF)", "extraction_method": "geopdf_vector", "georef_max_residual_m": 0.1, "conduit_type": "pipe", "pipe_diameter_mm": 225.0, "diameter_source": "legend_colour", "diameter_candidates_mm": null, "label_diameter_mm": 225.0, "label_agrees": true, "scheme": null, "flow_arrow": "end" }, "geometry": { "type": "LineString", "coordinates": [ [ 88.396558201369459, 22.518170671283801 ], [ 88.396664243634248, 22.518169744511567 ], [ 88.39677256983056, 22.518166656695275 ], [ 88.39687859066683, 22.518163589047308 ] ] } },
{ "type": "Feature", "properties": { "ward": 107, "source_sheet": "107_vip bazar.pdf p1", "source": "KMC ward sewerage network map (ArcMap GeoPDF)", "extraction_method": "geopdf_vector", "georef_max_residual_m": 0.1, "conduit_type": "pipe", "pipe_diameter_mm": 225.0, "diameter_source": "legend_colour", "diameter_candidates_mm": null, "label_diameter_mm": 225.0, "label_agrees": true, "scheme": null, "flow_arrow": "end" }, "geometry": { "type": "LineString", "coordinates": [ [ 88.397243521527997, 22.517999828640114 ], [ 88.397098439861693, 22.518016083642191 ], [ 88.39699942058175, 22.518027653999329 ] ] } },
{ "type": "Feature", "properties": { "ward": 107, "source_sheet": "107_vip bazar.pdf p1", "source": "KMC ward sewerage network map (ArcMap GeoPDF)", "extraction_method": "geopdf_vector", "georef_max_residual_m": 0.1, "conduit_type": "pipe", "pipe_diameter_mm": 600.0, "diameter_source": "legend_colour", "diameter_candidates_mm": null, "label_diameter_mm": 600.0, "label_agrees": true, "scheme": null, "flow_arrow": "end" }, "geometry": { "type": "LineString", "coordinates": [ [ 88.396461822766284, 22.517985252235217 ], [ 88.396346987673709, 22.51802907441348 ], [ 88.396160389549337, 22.518043550327768 ], [ 88.396092151981605, 22.51813620669261 ], [ 88.396024641924512, 22.51830164848516 ], [ 88.396043383735361, 22.518331457757956 ] ] } },
{ "type": "Feature", "properties": { "ward": 107, "source_sheet": "107_vip bazar.pdf p1", "source": "KMC ward sewerage network map (ArcMap GeoPDF)", "extraction_method": "geopdf_vector", "georef_max_residual_m": 0.1, "conduit_type": "pipe", "pipe_diameter_mm": 225.0, "diameter_source": "legend_colour", "diameter_candidates_mm": null, "label_diameter_mm": 225.0, "label_agrees": true, "scheme": null, "flow_arrow": "end" }, "geometry": { "type": "LineString", "coordinates": [ [ 88.387876210225699, 22.521459861803866 ], [ 88.387945370189044, 22.521459261040924 ], [ 88.388009898133006, 22.521456559560733 ], [ 88.388065183513277, 22.521451797423268 ], [ 88.388138932820354, 22.521449015780444 ], [ 88.388201155432483, 22.521446334252548 ] ] } },
{ "type": "Feature", "properties": { "ward": 107, "source_sheet": "107_vip bazar.pdf p1", "source": "KMC ward sewerage network map (ArcMap GeoPDF)", "extraction_method": "geopdf_vector", "georef_max_residual_m": 0.1, "conduit_type": "pipe", "pipe_diameter_mm": 225.0, "diameter_source": "legend_colour", "diameter_candidates_mm": null, "label_diameter_mm": 225.0, "label_agrees": true, "scheme": null, "flow_arrow": "end" }, "geometry": { "type": "LineString", "coordinates": [ [ 88.388182123311253, 22.521155331876564 ], [ 88.388185024609314, 22.521215252976177 ], [ 88.38819029508295, 22.521281576271495 ], [ 88.388195842371147, 22.521375729386712 ], [ 88.388201155432483, 22.521446334252548 ], [ 88.3882044186104, 22.521542648137011 ], [ 88.388207362507515, 22.521606850715969 ], [ 88.3882289619483, 22.521692300560041 ], [ 88.388252355860303, 22.521726352301645 ] ] } },
{ "type": "Feature", "properties": { "ward": 107, "source_sheet": "107_vip bazar.pdf p1", "source": "KMC ward sewerage network map (ArcMap GeoPDF)", "extraction_method": "geopdf_vector", "georef_max_residual_m": 0.1, "conduit_type": "pipe", "pipe_diameter_mm": 225.0, "diameter_source": "legend_colour", "diameter_candidates_mm": null, "label_diameter_mm": 225.0, "label_agrees": true, "scheme": null, "flow_arrow": "end" }, "geometry": { "type": "LineString", "coordinates": [ [ 88.387928878006576, 22.52119178692422 ], [ 88.387875791635494, 22.521185825274795 ], [ 88.387843133998871, 22.521147572080128 ], [ 88.387799183882464, 22.521132967248896 ], [ 88.387677434582429, 22.520945622031633 ], [ 88.387651842021342, 22.520922293922727 ], [ 88.387578284450996, 22.520944342189509 ], [ 88.387566204640436, 22.520888782629225 ], [ 88.387556642997694, 22.520854610650144 ], [ 88.387539718565947, 22.520775542868648 ] ] } },
{ "type": "Feature", "properties": { "ward": 107, "source_sheet": "107_vip bazar.pdf p1", "source": "KMC ward sewerage network map (ArcMap GeoPDF)", "extraction_method": "geopdf_vector", "georef_max_residual_m": 0.1, "conduit_type": "pipe", "pipe_diameter_mm": 300.0, "diameter_source": "legend_colour", "diameter_candidates_mm": null, "label_diameter_mm": 300.0, "label_agrees": true, "scheme": null, "flow_arrow": "end" }, "geometry": { "type": "LineString", "coordinates": [ [ 88.387539718565947, 22.520775542868648 ], [ 88.38752070159272, 22.520717902617747 ], [ 88.387499315508364, 22.520653860154351 ], [ 88.387477929445296, 22.520589817686631 ], [ 88.387453791362645, 22.5204808393684 ], [ 88.387429483045537, 22.52035473501282 ], [ 88.38740775671296, 22.520256440466397 ], [ 88.387388378256603, 22.520162407383285 ], [ 88.387371432851666, 22.520081198824695 ], [ 88.387347890455388, 22.520032161634685 ] ] } },
{ "type": "Feature", "properties": { "ward": 107, "source_sheet": "107_vip bazar.pdf p1", "source": "KMC ward sewerage network map (ArcMap GeoPDF)", "extraction_method": "geopdf_vector", "georef_max_residual_m": 0.1, "conduit_type": "pipe", "pipe_diameter_mm": 400.0, "diameter_source": "legend_colour", "diameter_candidates_mm": null, "label_diameter_mm": 400.0, "label_agrees": true, "scheme": null, "flow_arrow": "end" }, "geometry": { "type": "LineString", "coordinates": [ [ 88.387108414962, 22.520062072976703 ], [ 88.387223552765548, 22.520048227749786 ], [ 88.387347890455388, 22.520032161634685 ], [ 88.387416815730418, 22.520008012784565 ], [ 88.387488046276147, 22.519983843977236 ], [ 88.387568455425196, 22.519955313488492 ] ] } }
]
}
