{
"type": "FeatureCollection",
"name": "ward108_p1_pipes",
"crs": { "type": "name", "properties": { "name": "urn:ogc:def:crs:OGC:1.3:CRS84" } },
"features": [
{ "type": "Feature", "properties": { "ward": 108, "source_sheet": "108_ruby.pdf p1", "source": "KMC ward sewerage network map (ArcMap GeoPDF)", "extraction_method": "geopdf_vector", "georef_max_residual_m": 0.1, "conduit_type": "pipe", "pipe_diameter_mm": 400, "diameter_source": "legend_colour", "diameter_candidates_mm": null, "label_diameter_mm": 400.0, "label_agrees": true, "scheme": null, "flow_arrow": "end" }, "geometry": { "type": "LineString", "coordinates": [ [ 88.412747233891594, 22.528883515855171 ], [ 88.412653408376045, 22.528991483740779 ], [ 88.412596760809492, 22.529075042282457 ], [ 88.412531499116525, 22.5291613454648 ], [ 88.412512125646444, 22.52922854054253 ], [ 88.412489685983161, 22.52929039349015 ], [ 88.412377895218583, 22.529342165682976 ], [ 88.412390544318072, 22.529435950352731 ], [ 88.412258547113368, 22.529485186819436 ], [ 88.412155242099459, 22.529523486420896 ], [ 88.412069165215669, 22.529556296690508 ], [ 88.411945813889375, 22.529605470227526 ], [ 88.411868799253853, 22.529673083081153 ], [ 88.411714705726922, 22.529802944785246 ] ] } },
{ "type": "Feature", "properties": { "ward": 108, "source_sheet": "108_ruby.pdf p1", "source": "KMC ward sewerage network map (ArcMap GeoPDF)", "extraction_method": "geopdf_vector", "georef_max_residual_m": 0.1, "conduit_type": "pipe", "pipe_diameter_mm": 300, "diameter_source": "legend_colour", "diameter_candidates_mm": null, "label_diameter_mm": 300.0, "label_agrees": true, "scheme": null, "flow_arrow": "end" }, "geometry": { "type": "LineString", "coordinates": [ [ 88.412815288412943, 22.530237524292634 ], [ 88.412767637855907, 22.530109125231693 ], [ 88.412714159230376, 22.5299754040634 ], [ 88.412660712747837, 22.529844364819986 ], [ 88.412618698440895, 22.529705196083153 ], [ 88.412579662358525, 22.529574052275834 ], [ 88.412543892759714, 22.52947507095454 ], [ 88.412505241181094, 22.5293761105237 ], [ 88.412489685983161, 22.52929039349015 ] ] } },
{ "type": "Feature", "properties": { "ward": 108, "source_sheet": "108_ruby.pdf p1", "source": "KMC ward sewerage network map (ArcMap GeoPDF)", "extraction_method": "geopdf_vector", "georef_max_residual_m": 0.1, "conduit_type": "pipe", "pipe_diameter_mm": 225, "diameter_source": "legend_colour", "diameter_candidates_mm": null, "label_diameter_mm": 225.0, "label_agrees": true, "scheme": null, "flow_arrow": "end" }, "geometry": { "type": "LineString", "coordinates": [ [ 88.411714705726922, 22.529802944785246 ], [ 88.411667760649706, 22.529733548260705 ], [ 88.411594461083311, 22.529629474328779 ], [ 88.411532881851812, 22.529541408526431 ], [ 88.411444916232682, 22.529415983323862 ], [ 88.411516358944908, 22.529364504146429 ], [ 88.411503582400201, 22.52925999156993 ], [ 88.411487859828554, 22.529150135970422 ], [ 88.411427658525952, 22.528935997489047 ], [ 88.411384237579895, 22.52867883362552 ], [ 88.411740999941017, 22.528625286859246 ], [ 88.411881482528258, 22.528562578417105 ], [ 88.411808279522802, 22.528466550399099 ], [ 88.412011878079994, 22.52837924472615 ], [ 88.412019915762968, 22.528328224973453 ], [ 88.411993081128159, 22.528253318363582 ], [ 88.411953789978483, 22.528100718718274 ], [ 88.411926315096522, 22.527972173059695 ], [ 88.411895734157795, 22.527824874619821 ], [ 88.411868067174638, 22.527680226056201 ], [ 88.41184651654504, 22.527565048350457 ], [ 88.41182506199857, 22.527457916494033 ], [ 88.411783433536257, 22.527350930842683 ], [ 88.411738859127126, 22.527238602158018 ], [ 88.411580349609665, 22.52723975082046 ], [ 88.411418958088746, 22.527240920207365 ] ] } },
{ "type": "Feature", "properties": { "ward": 108, "source_sheet": "108_ruby.pdf p1", "source": "KMC ward sewerage network map (ArcMap GeoPDF)", "extraction_method": "geopdf_vector", "georef_max_residual_m": 0.1, "conduit_type": "pipe", "pipe_diameter_mm": 300, "diameter_source": "legend_colour", "diameter_candidates_mm": null, "label_diameter_mm": 300.0, "label_agrees": true, "scheme": null, "flow_arrow": "end" }, "geometry": { "type": "LineString", "coordinates": [ [ 88.410321379151583, 22.528737492450382 ], [ 88.410288141560727, 22.528608988175385 ], [ 88.410257977967504, 22.528496554747786 ], [ 88.410230696444927, 22.528384100450143 ], [ 88.410206680792442, 22.528303808726552 ], [ 88.410185675117233, 22.528234223952058 ], [ 88.410158649578435, 22.528143225262038 ], [ 88.410169122190126, 22.528054637356369 ], [ 88.41032138892605, 22.528013302457527 ], [ 88.410476569560032, 22.52797462850797 ], [ 88.410617340064604, 22.527936058747891 ], [ 88.410758142478301, 22.52790017082145 ], [ 88.410875952763789, 22.527869813653982 ], [ 88.410854498764095, 22.527762670461314 ], [ 88.410833012940458, 22.527652856484519 ], [ 88.410808485184958, 22.527529653606244 ], [ 88.410783925485475, 22.527403768767044 ], [ 88.410904777324873, 22.527386800494352 ], [ 88.411077409035343, 22.527361410541559 ], [ 88.411232780711842, 22.527338827623634 ], [ 88.411428468226816, 22.527313270280843 ], [ 88.411418958088746, 22.527240920207365 ] ] } },
{ "type": "Feature", "properties": { "ward": 108, "source_sheet": "108_ruby.pdf p1", "source": "KMC ward sewerage network map (ArcMap GeoPDF)", "extraction_method": "geopdf_vector", "georef_max_residual_m": 0.1, "conduit_type": "pipe", "pipe_diameter_mm": 225, "diameter_source": "legend_colour", "diameter_candidates_mm": null, "label_diameter_mm": 225.0, "label_agrees": true, "scheme": null, "flow_arrow": "end" }, "geometry": { "type": "LineString", "coordinates": [ [ 88.412231103237758, 22.526945358206522 ], [ 88.412241158130811, 22.52706330138983 ], [ 88.412251341134137, 22.52719197237581 ], [ 88.41226149214117, 22.527317961406776 ], [ 88.412276862777958, 22.527398315469245 ], [ 88.412292489619432, 22.527500125139049 ], [ 88.412310934439049, 22.527596550005622 ], [ 88.412334566854057, 22.527644657951402 ], [ 88.412456219303223, 22.527694737289963 ], [ 88.412476937758413, 22.527740184159356 ] ] } },
{ "type": "Feature", "properties": { "ward": 108, "source_sheet": "108_ruby.pdf p1", "source": "KMC ward sewerage network map (ArcMap GeoPDF)", "extraction_method": "geopdf_vector", "georef_max_residual_m": 0.1, "conduit_type": "pipe", "pipe_diameter_mm": 300, "diameter_source": "legend_colour", "diameter_candidates_mm": null, "label_diameter_mm": 300.0, "label_agrees": true, "scheme": null, "flow_arrow": "end" }, "geometry": { "type": "LineString", "coordinates": [ [ 88.413262761889357, 22.528608886192458 ], [ 88.413201086002772, 22.528512775199225 ], [ 88.413138865513588, 22.528371071026815 ], [ 88.413082473257248, 22.528234688899165 ], [ 88.413023102997172, 22.528090281803234 ], [ 88.412973019617638, 22.527999450956528 ], [ 88.4129287323493, 22.527911260223988 ], [ 88.412875606925809, 22.527807040494103 ], [ 88.412840093787835, 22.527729503634909 ], [ 88.412798624630199, 22.527635928047278 ], [ 88.412754209471345, 22.527537009448267 ], [ 88.412764167881448, 22.52740551024203 ], [ 88.412774350504392, 22.527292784689724 ], [ 88.412781651127546, 22.527180080040914 ], [ 88.412788887680222, 22.527062011489129 ], [ 88.412766759855188, 22.526898558815507 ], [ 88.412738675817565, 22.526719045059167 ], [ 88.412704763989268, 22.526534220368422 ], [ 88.412673862352278, 22.526360102564791 ], [ 88.412642864721434, 22.5261779388936 ], [ 88.412611995294341, 22.526006503013992 ], [ 88.412577923598803, 22.52580825733066 ], [ 88.412550000368242, 22.525642164426912 ], [ 88.412535045864857, 22.525355279191938 ] ] } },
{ "type": "Feature", "properties": { "ward": 108, "source_sheet": "108_ruby.pdf p1", "source": "KMC ward sewerage network map (ArcMap GeoPDF)", "extraction_method": "geopdf_vector", "georef_max_residual_m": 0.1, "conduit_type": "pipe", "pipe_diameter_mm": 300, "diameter_source": "legend_colour", "diameter_candidates_mm": null, "label_diameter_mm": 300.0, "label_agrees": true, "scheme": null, "flow_arrow": "end" }, "geometry": { "type": "LineString", "coordinates": [ [ 88.410783925485475, 22.527403768767044 ], [ 88.410590607834095, 22.52738639321861 ], [ 88.410572004286294, 22.527276558322619 ], [ 88.41055327281687, 22.527155995607565 ], [ 88.41053460536304, 22.527040796794012 ], [ 88.410512991983779, 22.526920254931817 ], [ 88.410619433523493, 22.526903391211107 ], [ 88.410720143055073, 22.526889251109907 ], [ 88.410829434528651, 22.526869684431848 ], [ 88.410950285899517, 22.526852716147989 ], [ 88.41108548315573, 22.526830279499212 ], [ 88.411220680361723, 22.526807842739011 ], [ 88.411367405312859, 22.526785311176752 ], [ 88.41148822451467, 22.526765660543258 ] ] } },
{ "type": "Feature", "properties": { "ward": 108, "source_sheet": "108_ruby.pdf p1", "source": "KMC ward sewerage network map (ArcMap GeoPDF)", "extraction_method": "geopdf_vector", "georef_max_residual_m": 0.1, "conduit_type": "pipe", "pipe_diameter_mm": 300, "diameter_source": "legend_colour", "diameter_candidates_mm": null, "label_diameter_mm": 300.0, "label_agrees": true, "scheme": null, "flow_arrow": "end" }, "geometry": { "type": "LineString", "coordinates": [ [ 88.411224241819895, 22.525898545129103 ], [ 88.411485924428149, 22.525848370089477 ], [ 88.411736078844797, 22.5257982669977 ], [ 88.411986265207034, 22.525750856653019 ], [ 88.412259443005667, 22.525697914874492 ], [ 88.412550000368242, 22.525642164426912 ] ] } },
{ "type": "Feature", "properties": { "ward": 108, "source_sheet": "108_ruby.pdf p1", "source": "KMC ward sewerage network map (ArcMap GeoPDF)", "extraction_method": "geopdf_vector", "georef_max_residual_m": 0.1, "conduit_type": "pipe", "pipe_diameter_mm": 300, "diameter_source": "legend_colour", "diameter_candidates_mm": null, "label_diameter_mm": 300.0, "label_agrees": true, "scheme": null, "flow_arrow": "end" }, "geometry": { "type": "LineString", "coordinates": [ [ 88.410719543362802, 22.526114092768548 ], [ 88.410676732578963, 22.525907874461033 ], [ 88.410637123653402, 22.525728443629617 ], [ 88.410775137869976, 22.525700622519707 ], [ 88.410753332617361, 22.525563988947681 ], [ 88.410728261580928, 22.525395192788068 ], [ 88.410709626295926, 22.525282675919648 ] ] } },
{ "type": "Feature", "properties": { "ward": 108, "source_sheet": "108_ruby.pdf p1", "source": "KMC ward sewerage network map (ArcMap GeoPDF)", "extraction_method": "geopdf_vector", "georef_max_residual_m": 0.1, "conduit_type": "pipe", "pipe_diameter_mm": 225, "diameter_source": "legend_colour", "diameter_candidates_mm": null, "label_diameter_mm": 225.0, "label_agrees": true, "scheme": null, "flow_arrow": "end" }, "geometry": { "type": "LineString", "coordinates": [ [ 88.411997406725931, 22.52668418715712 ], [ 88.411984790267056, 22.526593084350907 ], [ 88.411972205843711, 22.526504663493878 ], [ 88.411965929646939, 22.526461794040362 ], [ 88.411959589424569, 22.526413560682037 ], [ 88.411841620575274, 22.526430508811856 ], [ 88.411703477868997, 22.52644760305089 ], [ 88.411576863022873, 22.526464613643586 ], [ 88.411444356167337, 22.52647093808789 ] ] } },
{ "type": "Feature", "properties": { "ward": 108, "source_sheet": "108_ruby.pdf p1", "source": "KMC ward sewerage network map (ArcMap GeoPDF)", "extraction_method": "geopdf_vector", "georef_max_residual_m": 0.1, "conduit_type": "pipe", "pipe_diameter_mm": 300, "diameter_source": "legend_colour", "diameter_candidates_mm": null, "label_diameter_mm": 300.0, "label_agrees": true, "scheme": null, "flow_arrow": "end" }, "geometry": { "type": "LineString", "coordinates": [ [ 88.411309533694265, 22.527973960455817 ], [ 88.41167433209354, 22.527869394198575 ], [ 88.411898776240378, 22.527838263488501 ] ] } },
{ "type": "Feature", "properties": { "ward": 108, "source_sheet": "108_ruby.pdf p1", "source": "KMC ward sewerage network map (ArcMap GeoPDF)", "extraction_method": "geopdf_vector", "georef_max_residual_m": 0.1, "conduit_type": "pipe", "pipe_diameter_mm": 225, "diameter_source": "legend_colour", "diameter_candidates_mm": null, "label_diameter_mm": null, "label_agrees": null, "scheme": null, "flow_arrow": "end" }, "geometry": { "type": "LineString", "coordinates": [ [ 88.412210225149423, 22.529783259500022 ], [ 88.412098369869298, 22.529588271152445 ], [ 88.412069165215669, 22.529556296690508 ] ] } },
{ "type": "Feature", "properties": { "ward": 108, "source_sheet": "108_ruby.pdf p1", "source": "KMC ward sewerage network map (ArcMap GeoPDF)", "extraction_method": "geopdf_vector", "georef_max_residual_m": 0.1, "conduit_type": "pipe", "pipe_diameter_mm": 300, "diameter_source": "legend_colour", "diameter_candidates_mm": null, "label_diameter_mm": 300.0, "label_agrees": true, "scheme": null, "flow_arrow": "end" }, "geometry": { "type": "LineString", "coordinates": [ [ 88.411197805719439, 22.528272492302694 ], [ 88.41152824492579, 22.528186950526521 ], [ 88.411881899838463, 22.528114650733958 ], [ 88.411953789978483, 22.528100718718274 ] ] } },
{ "type": "Feature", "properties": { "ward": 108, "source_sheet": "108_ruby.pdf p1", "source": "KMC ward sewerage network map (ArcMap GeoPDF)", "extraction_method": "geopdf_vector", "georef_max_residual_m": 0.1, "conduit_type": "pipe", "pipe_diameter_mm": 225, "diameter_source": "legend_colour", "diameter_candidates_mm": null, "label_diameter_mm": 225.0, "label_agrees": true, "scheme": null, "flow_arrow": "end" }, "geometry": { "type": "LineString", "coordinates": [ [ 88.411741008563396, 22.526211298852573 ], [ 88.411559892558074, 22.526250161850417 ], [ 88.411378808443644, 22.526291706602187 ] ] } },
{ "type": "Feature", "properties": { "ward": 108, "source_sheet": "108_ruby.pdf p1", "source": "KMC ward sewerage network map (ArcMap GeoPDF)", "extraction_method": "geopdf_vector", "georef_max_residual_m": 0.1, "conduit_type": "pipe", "pipe_diameter_mm": 700, "diameter_source": "legend_colour", "diameter_candidates_mm": null, "label_diameter_mm": 700.0, "label_agrees": true, "scheme": null, "flow_arrow": "end" }, "geometry": { "type": "LineString", "coordinates": [ [ 88.420378007298041, 22.528490038842378 ], [ 88.420539045639828, 22.528459359045222 ], [ 88.420653679296436, 22.528884976731668 ] ] } },
{ "type": "Feature", "properties": { "ward": 108, "source_sheet": "108_ruby.pdf p1", "source": "KMC ward sewerage network map (ArcMap GeoPDF)", "extraction_method": "geopdf_vector", "georef_max_residual_m": 0.1, "conduit_type": "pipe", "pipe_diameter_mm": 225, "diameter_source": "legend_colour", "diameter_candidates_mm": null, "label_diameter_mm": 225.0, "label_agrees": true, "scheme": null, "flow_arrow": "end" }, "geometry": { "type": "LineString", "coordinates": [ [ 88.41854540012379, 22.522530129478255 ], [ 88.418339093300432, 22.52263087355616 ] ] } },
{ "type": "Feature", "properties": { "ward": 108, "source_sheet": "108_ruby.pdf p1", "source": "KMC ward sewerage network map (ArcMap GeoPDF)", "extraction_method": "geopdf_vector", "georef_max_residual_m": 0.1, "conduit_type": "pipe", "pipe_diameter_mm": 400, "diameter_source": "legend_colour", "diameter_candidates_mm": null, "label_diameter_mm": 400.0, "label_agrees": true, "scheme": null, "flow_arrow": "end" }, "geometry": { "type": "LineString", "coordinates": [ [ 88.414767991397696, 22.522157969459705 ], [ 88.4148830422169, 22.52213835836741 ], [ 88.415006858720133, 22.522118683504473 ], [ 88.415458447909572, 22.522042982773012 ], [ 88.415764600776626, 22.522097083002535 ] ] } },
{ "type": "Feature", "properties": { "ward": 108, "source_sheet": "108_ruby.pdf p1", "source": "KMC ward sewerage network map (ArcMap GeoPDF)", "extraction_method": "geopdf_vector", "georef_max_residual_m": 0.1, "conduit_type": "pipe", "pipe_diameter_mm": 300, "diameter_source": "legend_colour", "diameter_candidates_mm": null, "label_diameter_mm": 300.0, "label_agrees": true, "scheme": null, "flow_arrow": "end" }, "geometry": { "type": "LineString", "coordinates": [ [ 88.413800264557437, 22.523178873091897 ], [ 88.413748646639235, 22.523200705229822 ], [ 88.413694146798576, 22.523222558268923 ], [ 88.41363106530801, 22.523249837940369 ], [ 88.413567983791538, 22.523277117588268 ], [ 88.413487674885531, 22.52330988659606 ], [ 88.413372943230982, 22.523356316262038 ], [ 88.41324677996441, 22.523410875341376 ], [ 88.413120616594099, 22.523465434326543 ], [ 88.412653170789426, 22.52366194202806 ], [ 88.412509779477446, 22.523721989852891 ], [ 88.412271644900912, 22.523822957180812 ] ] } },
{ "type": "Feature", "properties": { "ward": 108, "source_sheet": "108_ruby.pdf p1", "source": "KMC ward sewerage network map (ArcMap GeoPDF)", "extraction_method": "geopdf_vector", "georef_max_residual_m": 0.1, "conduit_type": "pipe", "pipe_diameter_mm": 300, "diameter_source": "legend_colour", "diameter_candidates_mm": null, "label_diameter_mm": 300.0, "label_agrees": true, "scheme": null, "flow_arrow": "end" }, "geometry": { "type": "LineString", "coordinates": [ [ 88.412351122394881, 22.523237664735635 ], [ 88.412332326110672, 22.52311173831486 ], [ 88.412310263759181, 22.522953649346523 ], [ 88.412291467432055, 22.522827711737992 ], [ 88.412269533254886, 22.522680350565757 ], [ 88.412247791225454, 22.522549081103669 ], [ 88.41245793728595, 22.522518053621496 ], [ 88.412584516391888, 22.522498360564807 ], [ 88.412702481806605, 22.522481412058251 ], [ 88.412877988920016, 22.522455999589734 ], [ 88.413010331670662, 22.522436264400842 ], [ 88.413154169902256, 22.522413763527783 ], [ 88.413300889968497, 22.522391241619491 ], [ 88.413456255643467, 22.522368656844755 ], [ 88.413600093709746, 22.522346155580223 ], [ 88.413758341155599, 22.522323549604469 ], [ 88.41388491984074, 22.522303855542987 ], [ 88.41399712110497, 22.522286947942188 ], [ 88.414120817826912, 22.522267274619836 ], [ 88.414215759768524, 22.5222531743606 ], [ 88.414304905864384, 22.522236433949377 ], [ 88.414417074949313, 22.522216844110485 ], [ 88.414514898699579, 22.522202722749174 ], [ 88.414606926600328, 22.522185961243512 ], [ 88.41468457712584, 22.522171986304919 ], [ 88.414767991397696, 22.522157969459705 ] ] } },
{ "type": "Feature", "properties": { "ward": 108, "source_sheet": "108_ruby.pdf p1", "source": "KMC ward sewerage network map (ArcMap GeoPDF)", "extraction_method": "geopdf_vector", "georef_max_residual_m": 0.1, "conduit_type": "pipe", "pipe_diameter_mm": 300, "diameter_source": "legend_colour", "diameter_candidates_mm": null, "label_diameter_mm": 300.0, "label_agrees": true, "scheme": null, "flow_arrow": "end" }, "geometry": { "type": "LineString", "coordinates": [ [ 88.412006956454292, 22.523862426376311 ], [ 88.411985374479173, 22.523744566658845 ], [ 88.411960494483878, 22.52359186243222 ], [ 88.411932796661986, 22.523444542987978 ], [ 88.411893731319026, 22.523310716838807 ], [ 88.41186513739521, 22.523088302679739 ], [ 88.411839745430143, 22.522892675980742 ], [ 88.411960561190313, 22.522873025160372 ], [ 88.412064181549283, 22.522861545435489 ], [ 88.412048555597821, 22.522759735651327 ], [ 88.412033025707728, 22.522665971722933 ], [ 88.412020537791335, 22.522585596671046 ] ] } },
{ "type": "Feature", "properties": { "ward": 108, "source_sheet": "108_ruby.pdf p1", "source": "KMC ward sewerage network map (ArcMap GeoPDF)", "extraction_method": "geopdf_vector", "georef_max_residual_m": 0.1, "conduit_type": "pipe", "pipe_diameter_mm": 400, "diameter_source": "legend_colour", "diameter_candidates_mm": null, "label_diameter_mm": 400.0, "label_agrees": true, "scheme": null, "flow_arrow": "end" }, "geometry": { "type": "LineString", "coordinates": [ [ 88.397334051260657, 22.525400418543139 ], [ 88.397312544767289, 22.525287920196678 ], [ 88.397291228695877, 22.525191513663049 ], [ 88.397269754008931, 22.52508169727453 ], [ 88.39724840627774, 22.524982608759771 ], [ 88.397230003866056, 22.524888852380677 ], [ 88.397190063614744, 22.524679926821104 ], [ 88.39714401060742, 22.524441540811569 ] ] } },
{ "type": "Feature", "properties": { "ward": 108, "source_sheet": "108_ruby.pdf p1", "source": "KMC ward sewerage network map (ArcMap GeoPDF)", "extraction_method": "geopdf_vector", "georef_max_residual_m": 0.1, "conduit_type": "pipe", "pipe_diameter_mm": 300, "diameter_source": "legend_colour", "diameter_candidates_mm": null, "label_diameter_mm": null, "label_agrees": null, "scheme": null, "flow_arrow": "end" }, "geometry": { "type": "LineString", "coordinates": [ [ 88.397949400411946, 22.525275314461449 ], [ 88.397904171148255, 22.525106659960361 ], [ 88.397873815917137, 22.524978131884943 ], [ 88.397840685887857, 22.524857659080855 ], [ 88.397807460835025, 22.524729151532021 ], [ 88.397768249772682, 22.524581911451616 ], [ 88.397729070539825, 22.524437353324384 ], [ 88.397692963765039, 22.524308866367303 ], [ 88.397653689495442, 22.524156262299865 ] ] } },
{ "type": "Feature", "properties": { "ward": 108, "source_sheet": "108_ruby.pdf p1", "source": "KMC ward sewerage network map (ArcMap GeoPDF)", "extraction_method": "geopdf_vector", "georef_max_residual_m": 0.1, "conduit_type": "pipe", "pipe_diameter_mm": 300, "diameter_source": "legend_colour", "diameter_candidates_mm": null, "label_diameter_mm": 300.0, "label_agrees": true, "scheme": null, "flow_arrow": "end" }, "geometry": { "type": "LineString", "coordinates": [ [ 88.398222532555991, 22.525217032262962 ], [ 88.398201152378135, 22.525115261942997 ], [ 88.398176795032967, 22.525005466351868 ], [ 88.398152425590752, 22.524895659664782 ], [ 88.398125091138112, 22.524777838792389 ], [ 88.398100733927265, 22.524668043179229 ], [ 88.398073526552366, 22.524560950166816 ], [ 88.398043373786436, 22.524448513845979 ], [ 88.398016103021845, 22.524336056878081 ], [ 88.397988927533959, 22.524231645809792 ], [ 88.397955766012942, 22.524108502220074 ], [ 88.397925676942734, 22.52400142980018 ] ] } },
{ "type": "Feature", "properties": { "ward": 108, "source_sheet": "108_ruby.pdf p1", "source": "KMC ward sewerage network map (ArcMap GeoPDF)", "extraction_method": "geopdf_vector", "georef_max_residual_m": 0.1, "conduit_type": "pipe", "pipe_diameter_mm": 500, "diameter_source": "legend_colour", "diameter_candidates_mm": null, "label_diameter_mm": 500.0, "label_agrees": true, "scheme": "KEIIP", "flow_arrow": "end" }, "geometry": { "type": "LineString", "coordinates": [ [ 88.399741891253996, 22.524031330096989 ], [ 88.399705560212766, 22.523884058727702 ], [ 88.399663231096667, 22.523718066164687 ], [ 88.399623923122604, 22.52356278070112 ] ] } },
{ "type": "Feature", "properties": { "ward": 108, "source_sheet": "108_ruby.pdf p1", "source": "KMC ward sewerage network map (ArcMap GeoPDF)", "extraction_method": "geopdf_vector", "georef_max_residual_m": 0.1, "conduit_type": "pipe", "pipe_diameter_mm": 600, "diameter_source": "legend_colour", "diameter_candidates_mm": null, "label_diameter_mm": 600.0, "label_agrees": true, "scheme": "KEIIP", "flow_arrow": "end" }, "geometry": { "type": "LineString", "coordinates": [ [ 88.400226780206637, 22.524816417191055 ], [ 88.400196327573909, 22.52467984375556 ], [ 88.400163005067554, 22.524543290898972 ], [ 88.400132532796547, 22.524404035387779 ], [ 88.400093096932721, 22.524238022220839 ], [ 88.400059933569651, 22.524114879159708 ], [ 88.400032629492117, 22.523999740641695 ], [ 88.400002506958785, 22.523889975546961 ], [ 88.399972257489694, 22.523769493749011 ], [ 88.399938955243329, 22.523635622862113 ], [ 88.39990275137005, 22.523499090579815 ], [ 88.399770532219392, 22.52352954300267 ], [ 88.399623923122604, 22.52356278070112 ] ] } },
{ "type": "Feature", "properties": { "ward": 108, "source_sheet": "108_ruby.pdf p1", "source": "KMC ward sewerage network map (ArcMap GeoPDF)", "extraction_method": "geopdf_vector", "georef_max_residual_m": 0.1, "conduit_type": "pipe", "pipe_diameter_mm": 300, "diameter_source": "legend_colour", "diameter_candidates_mm": null, "label_diameter_mm": 300.0, "label_agrees": true, "scheme": null, "flow_arrow": "end" }, "geometry": { "type": "LineString", "coordinates": [ [ 88.396378528892356, 22.52527582672333 ], [ 88.396562530867854, 22.52523696004565 ], [ 88.396709206043383, 22.525209088957343 ], [ 88.39685295545604, 22.5251785564713 ], [ 88.396988134358708, 22.525153449574304 ] ] } },
{ "type": "Feature", "properties": { "ward": 108, "source_sheet": "108_ruby.pdf p1", "source": "KMC ward sewerage network map (ArcMap GeoPDF)", "extraction_method": "geopdf_vector", "georef_max_residual_m": 0.1, "conduit_type": "pipe", "pipe_diameter_mm": 300, "diameter_source": "legend_colour", "diameter_candidates_mm": null, "label_diameter_mm": 300.0, "label_agrees": true, "scheme": "KEIIP", "flow_arrow": "end" }, "geometry": { "type": "LineString", "coordinates": [ [ 88.398380691388041, 22.525186395217812 ], [ 88.398222532555991, 22.525217032262962 ], [ 88.398096031520737, 22.525244760238255 ], [ 88.397949400411946, 22.525275314461449 ], [ 88.397791229351498, 22.525305951178293 ], [ 88.397641704118598, 22.525336525847958 ], [ 88.397620133917911, 22.525218663615036 ], [ 88.397601636140664, 22.525116872561849 ], [ 88.397580034283123, 22.524996328347427 ], [ 88.397561568177096, 22.524897208078649 ], [ 88.397540093337696, 22.524787391730854 ] ] } },
{ "type": "Feature", "properties": { "ward": 108, "source_sheet": "108_ruby.pdf p1", "source": "KMC ward sewerage network map (ArcMap GeoPDF)", "extraction_method": "geopdf_vector", "georef_max_residual_m": 0.1, "conduit_type": "pipe", "pipe_diameter_mm": 300, "diameter_source": "legend_colour", "diameter_candidates_mm": null, "label_diameter_mm": 300.0, "label_agrees": true, "scheme": null, "flow_arrow": "end" }, "geometry": { "type": "LineString", "coordinates": [ [ 88.397807460835025, 22.524729151532021 ], [ 88.397738452584278, 22.524743056583183 ], [ 88.397640719961004, 22.52476521382825 ], [ 88.397540093337696, 22.524787391730854 ], [ 88.397451069984683, 22.524814850914822 ], [ 88.397350570212623, 22.524847756581558 ], [ 88.397230003866056, 22.524888852380677 ] ] } },
{ "type": "Feature", "properties": { "ward": 108, "source_sheet": "108_ruby.pdf p1", "source": "KMC ward sewerage network map (ArcMap GeoPDF)", "extraction_method": "geopdf_vector", "georef_max_residual_m": 0.1, "conduit_type": "pipe", "pipe_diameter_mm": 400, "diameter_source": "legend_colour", "diameter_candidates_mm": null, "label_diameter_mm": 400.0, "label_agrees": true, "scheme": "KEIIP", "flow_arrow": "end" }, "geometry": { "type": "LineString", "coordinates": [ [ 88.399429570456206, 22.525648262322829 ], [ 88.399414207434532, 22.525567906627121 ], [ 88.399398876204714, 22.525490232895525 ], [ 88.399383354368467, 22.525396467357094 ], [ 88.399364982361419, 22.525305404445017 ], [ 88.399346642151912, 22.52521702349603 ], [ 88.399328079582077, 22.525109868770642 ], [ 88.399306571547939, 22.524997370766499 ], [ 88.399375579726993, 22.524983465044809 ], [ 88.399338931067248, 22.524809373927209 ], [ 88.399308427770706, 22.524667436257776 ], [ 88.399242038698105, 22.524415785817293 ] ] } },
{ "type": "Feature", "properties": { "ward": 108, "source_sheet": "108_ruby.pdf p1", "source": "KMC ward sewerage network map (ArcMap GeoPDF)", "extraction_method": "geopdf_vector", "georef_max_residual_m": 0.1, "conduit_type": "pipe", "pipe_diameter_mm": 400, "diameter_source": "legend_colour", "diameter_candidates_mm": null, "label_diameter_mm": 400.0, "label_agrees": true, "scheme": null, "flow_arrow": "end" }, "geometry": { "type": "LineString", "coordinates": [ [ 88.399719974614669, 22.525587171541105 ], [ 88.399689426930138, 22.525442552104863 ], [ 88.399661932172606, 22.525311321738076 ], [ 88.399637446539529, 22.525190798562818 ], [ 88.399615874690738, 22.525072936680235 ], [ 88.399588348188999, 22.524939013145712 ], [ 88.399660238261788, 22.524925086638522 ], [ 88.399635689167908, 22.524799199519464 ], [ 88.399614276273383, 22.524694747464235 ], [ 88.399592799867676, 22.52458493146856 ], [ 88.399535310351638, 22.524354674913191 ], [ 88.399495938753617, 22.524194025497035 ], [ 88.399462617072061, 22.524057472446497 ], [ 88.399426369616123, 22.52391824698924 ], [ 88.399390070843182, 22.523773668670906 ], [ 88.399350858455037, 22.523626429030717 ], [ 88.399317854754798, 22.523516695606698 ], [ 88.399284946410575, 22.523415008076054 ], [ 88.399249060897077, 22.523305295288978 ] ] } },
{ "type": "Feature", "properties": { "ward": 108, "source_sheet": "108_ruby.pdf p1", "source": "KMC ward sewerage network map (ArcMap GeoPDF)", "extraction_method": "geopdf_vector", "georef_max_residual_m": 0.1, "conduit_type": "pipe", "pipe_diameter_mm": 300, "diameter_source": "legend_colour", "diameter_candidates_mm": null, "label_diameter_mm": 300.0, "label_agrees": true, "scheme": null, "flow_arrow": "end" }, "geometry": { "type": "LineString", "coordinates": [ [ 88.399151375281448, 22.524062385894158 ], [ 88.399033501581911, 22.524087370520554 ], [ 88.398909851943515, 22.524112396455248 ], [ 88.398777600193583, 22.524140166132298 ], [ 88.398659746092733, 22.524167832546024 ], [ 88.398536108307411, 22.524192858114297 ], [ 88.39840673833362, 22.524220606847301 ], [ 88.398291734272576, 22.52424557038513 ] ] } },
{ "type": "Feature", "properties": { "ward": 108, "source_sheet": "108_ruby.pdf p1", "source": "KMC ward sewerage network map (ArcMap GeoPDF)", "extraction_method": "geopdf_vector", "georef_max_residual_m": 0.1, "conduit_type": "pipe", "pipe_diameter_mm": 300, "diameter_source": "legend_colour", "diameter_candidates_mm": null, "label_diameter_mm": 300.0, "label_agrees": true, "scheme": null, "flow_arrow": "end" }, "geometry": { "type": "LineString", "coordinates": [ [ 88.39908200948669, 22.523802698917969 ], [ 88.398955521942511, 22.523830427413486 ], [ 88.398840550080578, 22.523858073291734 ], [ 88.398728472113717, 22.523885698354338 ], [ 88.39859620852387, 22.523913467959982 ], [ 88.39847263445084, 22.523943857406994 ], [ 88.39833752055209, 22.523974329419413 ], [ 88.398213914743138, 22.524002047878902 ] ] } },
{ "type": "Feature", "properties": { "ward": 108, "source_sheet": "108_ruby.pdf p1", "source": "KMC ward sewerage network map (ArcMap GeoPDF)", "extraction_method": "geopdf_vector", "georef_max_residual_m": 0.1, "conduit_type": "pipe", "pipe_diameter_mm": 300, "diameter_source": "legend_colour", "diameter_candidates_mm": null, "label_diameter_mm": 300.0, "label_agrees": true, "scheme": null, "flow_arrow": "end" }, "geometry": { "type": "LineString", "coordinates": [ [ 88.400093096932721, 22.524238022220839 ], [ 88.40000109722564, 22.524257457547638 ], [ 88.399900471429248, 22.524279636889847 ], [ 88.399808471661501, 22.524299072109191 ], [ 88.399670444060462, 22.524326883944401 ], [ 88.399535310351638, 22.524354674913191 ], [ 88.399437578348923, 22.524376833222231 ], [ 88.399328306514803, 22.524399074203902 ], [ 88.399242038698105, 22.524415785817293 ] ] } },
{ "type": "Feature", "properties": { "ward": 108, "source_sheet": "108_ruby.pdf p1", "source": "KMC ward sewerage network map (ArcMap GeoPDF)", "extraction_method": "geopdf_vector", "georef_max_residual_m": 0.1, "conduit_type": "pipe", "pipe_diameter_mm": 500, "diameter_source": "legend_colour", "diameter_candidates_mm": null, "label_diameter_mm": 500.0, "label_agrees": true, "scheme": "KEIIP", "flow_arrow": "end" }, "geometry": { "type": "LineString", "coordinates": [ [ 88.396428192358712, 22.525575877697108 ], [ 88.396143308717683, 22.525615465545492 ] ] } },
{ "type": "Feature", "properties": { "ward": 108, "source_sheet": "108_ruby.pdf p1", "source": "KMC ward sewerage network map (ArcMap GeoPDF)", "extraction_method": "geopdf_vector", "georef_max_residual_m": 0.1, "conduit_type": "pipe", "pipe_diameter_mm": 225, "diameter_source": "legend_colour", "diameter_candidates_mm": null, "label_diameter_mm": 225.0, "label_agrees": true, "scheme": null, "flow_arrow": "end" }, "geometry": { "type": "LineString", "coordinates": [ [ 88.396968858787289, 22.525716848878751 ], [ 88.396891235736504, 22.525733497424394 ], [ 88.39676758416708, 22.525758521801858 ], [ 88.396638212316219, 22.525786269199667 ], [ 88.396497300479794, 22.525814099029464 ] ] } },
{ "type": "Feature", "properties": { "ward": 108, "source_sheet": "108_ruby.pdf p1", "source": "KMC ward sewerage network map (ArcMap GeoPDF)", "extraction_method": "geopdf_vector", "georef_max_residual_m": 0.1, "conduit_type": "pipe", "pipe_diameter_mm": 225, "diameter_source": "legend_colour", "diameter_candidates_mm": null, "label_diameter_mm": 225.0, "label_agrees": true, "scheme": null, "flow_arrow": "end" }, "geometry": { "type": "LineString", "coordinates": [ [ 88.397098055988224, 22.526405260193417 ], [ 88.397008936335368, 22.526424673275276 ], [ 88.396905438416766, 22.526446871378326 ], [ 88.396801928453058, 22.526469069502326 ], [ 88.396689816200038, 22.526494011293661 ] ] } },
{ "type": "Feature", "properties": { "ward": 108, "source_sheet": "108_ruby.pdf p1", "source": "KMC ward sewerage network map (ArcMap GeoPDF)", "extraction_method": "geopdf_vector", "georef_max_residual_m": 0.1, "conduit_type": "pipe", "pipe_diameter_mm": 225, "diameter_source": "legend_colour", "diameter_candidates_mm": null, "label_diameter_mm": 225.0, "label_agrees": true, "scheme": null, "flow_arrow": "end" }, "geometry": { "type": "LineString", "coordinates": [ [ 88.397000348713675, 22.52618601920641 ], [ 88.396873846506608, 22.52621374627476 ], [ 88.396738710286172, 22.526241535010154 ], [ 88.396626598200498, 22.526266476749374 ] ] } },
{ "type": "Feature", "properties": { "ward": 108, "source_sheet": "108_ruby.pdf p1", "source": "KMC ward sewerage network map (ArcMap GeoPDF)", "extraction_method": "geopdf_vector", "georef_max_residual_m": 0.1, "conduit_type": "pipe", "pipe_diameter_mm": 225, "diameter_source": "legend_colour", "diameter_candidates_mm": null, "label_diameter_mm": 225.0, "label_agrees": true, "scheme": null, "flow_arrow": "end" }, "geometry": { "type": "LineString", "coordinates": [ [ 88.397598080394971, 22.52603422040659 ], [ 88.397485968664014, 22.526059162728906 ], [ 88.397365198926622, 22.526084166944109 ], [ 88.397273165806979, 22.526100918818813 ] ] } },
{ "type": "Feature", "properties": { "ward": 108, "source_sheet": "108_ruby.pdf p1", "source": "KMC ward sewerage network map (ArcMap GeoPDF)", "extraction_method": "geopdf_vector", "georef_max_residual_m": 0.1, "conduit_type": "pipe", "pipe_diameter_mm": 300, "diameter_source": "legend_colour", "diameter_candidates_mm": null, "label_diameter_mm": 300.0, "label_agrees": true, "scheme": null, "flow_arrow": "end" }, "geometry": { "type": "LineString", "coordinates": [ [ 88.400021862575727, 22.525523315669446 ], [ 88.399938495917823, 22.525542689063304 ], [ 88.399866605564185, 22.525556615708609 ], [ 88.399794715194346, 22.525570542322502 ], [ 88.399719974614669, 22.525587171541105 ], [ 88.399590591642749, 22.525614921361367 ], [ 88.399429570456206, 22.525648262322829 ], [ 88.399337569711307, 22.525667697319154 ], [ 88.399251301116948, 22.525684408974929 ], [ 88.399156406334754, 22.525703864617103 ], [ 88.399052941136176, 22.52572874602631 ], [ 88.398946562158045, 22.525750966058698 ], [ 88.39885166727764, 22.525770421525475 ], [ 88.398748170204755, 22.52579262077591 ], [ 88.398647574821595, 22.525817481365163 ] ] } },
{ "type": "Feature", "properties": { "ward": 108, "source_sheet": "108_ruby.pdf p1", "source": "KMC ward sewerage network map (ArcMap GeoPDF)", "extraction_method": "geopdf_vector", "georef_max_residual_m": 0.1, "conduit_type": "pipe", "pipe_diameter_mm": 225, "diameter_source": "legend_colour", "diameter_candidates_mm": null, "label_diameter_mm": 225.0, "label_agrees": true, "scheme": null, "flow_arrow": "end" }, "geometry": { "type": "LineString", "coordinates": [ [ 88.40102003807749, 22.525840697318436 ], [ 88.400971910931091, 22.525672064668836 ], [ 88.400935641804892, 22.525530168800223 ], [ 88.400893513428812, 22.525380268400909 ], [ 88.400865953962594, 22.525243674364908 ], [ 88.400838426356898, 22.525109762284856 ], [ 88.400810898811613, 22.524975850195236 ], [ 88.400783530180604, 22.524855336750338 ], [ 88.400755939159467, 22.524716060710158 ], [ 88.400914033122874, 22.524680057298962 ] ] } },
{ "type": "Feature", "properties": { "ward": 108, "source_sheet": "108_ruby.pdf p1", "source": "KMC ward sewerage network map (ArcMap GeoPDF)", "extraction_method": "geopdf_vector", "georef_max_residual_m": 0.1, "conduit_type": "pipe", "pipe_diameter_mm": 400, "diameter_source": "legend_colour", "diameter_candidates_mm": null, "label_diameter_mm": 400.0, "label_agrees": true, "scheme": null, "flow_arrow": "end" }, "geometry": { "type": "LineString", "coordinates": [ [ 88.39885166727764, 22.525770421525475 ], [ 88.39883928182671, 22.525698091009424 ], [ 88.398826928151422, 22.525628442459006 ], [ 88.398811628998274, 22.525553450623583 ], [ 88.398799211834202, 22.525478438132552 ], [ 88.39878391271715, 22.525403446291538 ], [ 88.398768423064794, 22.525312362639283 ], [ 88.398752965194774, 22.525223960951593 ], [ 88.398731489356891, 22.525114144817515 ] ] } },
{ "type": "Feature", "properties": { "ward": 108, "source_sheet": "108_ruby.pdf p1", "source": "KMC ward sewerage network map (ArcMap GeoPDF)", "extraction_method": "geopdf_vector", "georef_max_residual_m": 0.1, "conduit_type": "pipe", "pipe_diameter_mm": 400, "diameter_source": "legend_colour", "diameter_candidates_mm": null, "label_diameter_mm": null, "label_agrees": null, "scheme": null, "flow_arrow": "end" }, "geometry": { "type": "LineString", "coordinates": [ [ 88.399156406334754, 22.525703864617103 ], [ 88.399144147801294, 22.525642262001686 ], [ 88.39913182574746, 22.525575295449258 ], [ 88.399119567239481, 22.525513692829872 ], [ 88.399104363243254, 22.525446746931447 ], [ 88.399089063967637, 22.525371755127356 ], [ 88.399073732945951, 22.525294081352598 ], [ 88.39905852900182, 22.525227135445736 ], [ 88.399043102725528, 22.525141415761688 ], [ 88.399024762746507, 22.52505303476276 ] ] } },
{ "type": "Feature", "properties": { "ward": 108, "source_sheet": "108_ruby.pdf p1", "source": "KMC ward sewerage network map (ArcMap GeoPDF)", "extraction_method": "geopdf_vector", "georef_max_residual_m": 0.1, "conduit_type": "pipe", "pipe_diameter_mm": 300, "diameter_source": "legend_colour", "diameter_candidates_mm": null, "label_diameter_mm": null, "label_agrees": null, "scheme": null, "flow_arrow": "end" }, "geometry": { "type": "LineString", "coordinates": [ [ 88.397722952419301, 22.522946073228812 ], [ 88.397845732367983, 22.522848635141884 ], [ 88.397965705716246, 22.522756581457482 ], [ 88.39809754371386, 22.522693946895505 ], [ 88.39822369326177, 22.522636717363074 ], [ 88.398249503488159, 22.522625803728456 ], [ 88.398470374953121, 22.522535709236291 ], [ 88.398702710239334, 22.522440167925808 ], [ 88.398740016261712, 22.522426489655665 ], [ 88.398774440369621, 22.522412832026237 ] ] } },
{ "type": "Feature", "properties": { "ward": 108, "source_sheet": "108_ruby.pdf p1", "source": "KMC ward sewerage network map (ArcMap GeoPDF)", "extraction_method": "geopdf_vector", "georef_max_residual_m": 0.1, "conduit_type": "pipe", "pipe_diameter_mm": 300, "diameter_source": "legend_colour", "diameter_candidates_mm": null, "label_diameter_mm": 300.0, "label_agrees": true, "scheme": null, "flow_arrow": "end" }, "geometry": { "type": "LineString", "coordinates": [ [ 88.398238653515321, 22.521952638803619 ], [ 88.398440176121923, 22.521932420080258 ], [ 88.398586930613874, 22.521912593459838 ], [ 88.398707823506797, 22.521898316387503 ], [ 88.398828672606214, 22.521881357342497 ], [ 88.398984084661237, 22.521861468330915 ], [ 88.399056036755368, 22.521852906104119 ], [ 88.399151024240638, 22.521841496551346 ], [ 88.399274755111207, 22.521824516521352 ], [ 88.399355352841596, 22.521815892190386 ] ] } },
{ "type": "Feature", "properties": { "ward": 108, "source_sheet": "108_ruby.pdf p1", "source": "KMC ward sewerage network map (ArcMap GeoPDF)", "extraction_method": "geopdf_vector", "georef_max_residual_m": 0.1, "conduit_type": "pipe", "pipe_diameter_mm": 225, "diameter_source": "legend_colour", "diameter_candidates_mm": null, "label_diameter_mm": 225.0, "label_agrees": true, "scheme": null, "flow_arrow": "end" }, "geometry": { "type": "LineString", "coordinates": [ [ 88.398440176121923, 22.521932420080258 ], [ 88.398467224398146, 22.522026103228864 ], [ 88.398528982657766, 22.522130277694764 ], [ 88.398578959258955, 22.522213067783269 ], [ 88.398637740396893, 22.522309205759441 ], [ 88.398702710239334, 22.522440167925808 ] ] } },
{ "type": "Feature", "properties": { "ward": 108, "source_sheet": "108_ruby.pdf p1", "source": "KMC ward sewerage network map (ArcMap GeoPDF)", "extraction_method": "geopdf_vector", "georef_max_residual_m": 0.1, "conduit_type": "pipe", "pipe_diameter_mm": 225, "diameter_source": "legend_colour", "diameter_candidates_mm": null, "label_diameter_mm": 225.0, "label_agrees": true, "scheme": null, "flow_arrow": "end" }, "geometry": { "type": "LineString", "coordinates": [ [ 88.398302901727391, 22.522754166738256 ], [ 88.398341477769932, 22.522847767330862 ], [ 88.398380022119369, 22.522938685941227 ], [ 88.398412719575632, 22.523021611006392 ], [ 88.398468904807729, 22.523141907388869 ], [ 88.398516285611649, 22.523248855835899 ], [ 88.398560657556743, 22.523345097034269 ], [ 88.398605124826489, 22.52344938412277 ] ] } },
{ "type": "Feature", "properties": { "ward": 108, "source_sheet": "108_ruby.pdf p1", "source": "KMC ward sewerage network map (ArcMap GeoPDF)", "extraction_method": "geopdf_vector", "georef_max_residual_m": 0.1, "conduit_type": "pipe", "pipe_diameter_mm": 225, "diameter_source": "legend_colour", "diameter_candidates_mm": null, "label_diameter_mm": 225.0, "label_agrees": true, "scheme": null, "flow_arrow": "end" }, "geometry": { "type": "LineString", "coordinates": [ [ 88.398470374953121, 22.522535709236291 ], [ 88.398508824035517, 22.522618581911544 ], [ 88.398541414087077, 22.522693449957227 ], [ 88.398603490118631, 22.522824432884327 ], [ 88.398686323283727, 22.523003546599572 ], [ 88.398721827339315, 22.523081087091391 ], [ 88.39876325392855, 22.5231719849426 ], [ 88.398798726185589, 22.523246832267926 ], [ 88.398837143923487, 22.523327022869051 ] ] } },
{ "type": "Feature", "properties": { "ward": 108, "source_sheet": "108_ruby.pdf p1", "source": "KMC ward sewerage network map (ArcMap GeoPDF)", "extraction_method": "geopdf_vector", "georef_max_residual_m": 0.1, "conduit_type": "pipe", "pipe_diameter_mm": 225, "diameter_source": "legend_colour", "diameter_candidates_mm": null, "label_diameter_mm": 225.0, "label_agrees": true, "scheme": null, "flow_arrow": "end" }, "geometry": { "type": "LineString", "coordinates": [ [ 88.40911560923945, 22.5194737943158 ], [ 88.408988540527474, 22.518726373110614 ], [ 88.40903311609631, 22.518597304749058 ], [ 88.409028860501522, 22.518481999140782 ], [ 88.408981601402431, 22.518385780773102 ], [ 88.409047052407374, 22.518315570814362 ], [ 88.409204848983194, 22.518255420971723 ], [ 88.409252945057844, 22.518179970889918 ], [ 88.409292523490137, 22.518115312243651 ] ] } },
{ "type": "Feature", "properties": { "ward": 108, "source_sheet": "108_ruby.pdf p1", "source": "KMC ward sewerage network map (ArcMap GeoPDF)", "extraction_method": "geopdf_vector", "georef_max_residual_m": 0.1, "conduit_type": "pipe", "pipe_diameter_mm": 225, "diameter_source": "legend_colour", "diameter_candidates_mm": null, "label_diameter_mm": 225.0, "label_agrees": true, "scheme": null, "flow_arrow": "end" }, "geometry": { "type": "LineString", "coordinates": [ [ 88.397029195186747, 22.525944415084226 ], [ 88.396942957796554, 22.525963807494602 ], [ 88.396822219741708, 22.525991493273395 ], [ 88.396695761394014, 22.526021902079513 ], [ 88.396566408992385, 22.526052331488142 ] ] } },
{ "type": "Feature", "properties": { "ward": 108, "source_sheet": "108_ruby.pdf p1", "source": "KMC ward sewerage network map (ArcMap GeoPDF)", "extraction_method": "geopdf_vector", "georef_max_residual_m": 0.1, "conduit_type": "pipe", "pipe_diameter_mm": 225, "diameter_source": "legend_colour", "diameter_candidates_mm": null, "label_diameter_mm": 225.0, "label_agrees": true, "scheme": null, "flow_arrow": "end" }, "geometry": { "type": "LineString", "coordinates": [ [ 88.397965705716246, 22.522756581457482 ], [ 88.397998168555276, 22.52282072174599 ], [ 88.398033545084516, 22.522887523359454 ], [ 88.398071930537398, 22.522965032204553 ], [ 88.398110252680979, 22.523037188273292 ], [ 88.39814861848582, 22.523112015038915 ], [ 88.398181113244632, 22.523178837248729 ], [ 88.398216521706388, 22.523248320779381 ], [ 88.398246039368175, 22.523307117703606 ], [ 88.398272579888726, 22.523357889353914 ], [ 88.398322747313728, 22.523456771310329 ], [ 88.398381719351747, 22.523569001162517 ] ] } },
{ "type": "Feature", "properties": { "ward": 108, "source_sheet": "108_ruby.pdf p1", "source": "KMC ward sewerage network map (ArcMap GeoPDF)", "extraction_method": "geopdf_vector", "georef_max_residual_m": 0.1, "conduit_type": "pipe", "pipe_diameter_mm": 225, "diameter_source": "legend_colour", "diameter_candidates_mm": null, "label_diameter_mm": 225.0, "label_agrees": true, "scheme": null, "flow_arrow": "end" }, "geometry": { "type": "LineString", "coordinates": [ [ 88.413125290190038, 22.523132809592045 ], [ 88.413178638039383, 22.523255803041991 ], [ 88.41322897593767, 22.52336808957007 ], [ 88.41324677996441, 22.523410875341376 ] ] } },
{ "type": "Feature", "properties": { "ward": 108, "source_sheet": "108_ruby.pdf p1", "source": "KMC ward sewerage network map (ArcMap GeoPDF)", "extraction_method": "geopdf_vector", "georef_max_residual_m": 0.1, "conduit_type": "pipe", "pipe_diameter_mm": 300, "diameter_source": "legend_colour", "diameter_candidates_mm": null, "label_diameter_mm": 300.0, "label_agrees": true, "scheme": null, "flow_arrow": "end" }, "geometry": { "type": "LineString", "coordinates": [ [ 88.412476937758413, 22.527740184159356 ], [ 88.412480580516601, 22.527793812583283 ], [ 88.412459261971222, 22.527949533810194 ], [ 88.412460254806703, 22.528032674289513 ], [ 88.412487978387517, 22.52817194676258 ], [ 88.412512507765285, 22.528295149293104 ], [ 88.412527494342413, 22.528343319900241 ], [ 88.412548533222065, 22.528415586257783 ], [ 88.412640853778868, 22.528422963221161 ] ] } },
{ "type": "Feature", "properties": { "ward": 108, "source_sheet": "108_ruby.pdf p1", "source": "KMC ward sewerage network map (ArcMap GeoPDF)", "extraction_method": "geopdf_vector", "georef_max_residual_m": 0.1, "conduit_type": "pipe", "pipe_diameter_mm": 300, "diameter_source": "legend_colour", "diameter_candidates_mm": null, "label_diameter_mm": 300.0, "label_agrees": true, "scheme": null, "flow_arrow": "end" }, "geometry": { "type": "LineString", "coordinates": [ [ 88.410381869818508, 22.526317701236401 ], [ 88.410305214946973, 22.525932021348769 ], [ 88.410267720892847, 22.525688202640481 ], [ 88.410223311929045, 22.525347886437856 ] ] } },
{ "type": "Feature", "properties": { "ward": 108, "source_sheet": "108_ruby.pdf p1", "source": "KMC ward sewerage network map (ArcMap GeoPDF)", "extraction_method": "geopdf_vector", "georef_max_residual_m": 0.1, "conduit_type": "pipe", "pipe_diameter_mm": 600, "diameter_source": "legend_colour", "diameter_candidates_mm": null, "label_diameter_mm": 600.0, "label_agrees": true, "scheme": null, "flow_arrow": "end" }, "geometry": { "type": "LineString", "coordinates": [ [ 88.420454305312475, 22.526681672434282 ], [ 88.420400591856932, 22.527009301338619 ], [ 88.42041002424088, 22.527315000615207 ], [ 88.420475712687804, 22.527504955541399 ], [ 88.420452445944889, 22.527727757248048 ], [ 88.420357740538734, 22.52800203071115 ], [ 88.42032787277661, 22.528155132830022 ], [ 88.420335792789928, 22.52833478082643 ], [ 88.420378007298041, 22.528490038842378 ] ] } },
{ "type": "Feature", "properties": { "ward": 108, "source_sheet": "108_ruby.pdf p1", "source": "KMC ward sewerage network map (ArcMap GeoPDF)", "extraction_method": "geopdf_vector", "georef_max_residual_m": 0.1, "conduit_type": "pipe", "pipe_diameter_mm": 225, "diameter_source": "legend_colour", "diameter_candidates_mm": null, "label_diameter_mm": 225.0, "label_agrees": true, "scheme": null, "flow_arrow": "end" }, "geometry": { "type": "LineString", "coordinates": [ [ 88.397774312449272, 22.526311907092762 ], [ 88.397621935890314, 22.52634518439972 ], [ 88.397463839012872, 22.526381184708718 ], [ 88.397360360941221, 22.526406065154458 ] ] } },
{ "type": "Feature", "properties": { "ward": 108, "source_sheet": "108_ruby.pdf p1", "source": "KMC ward sewerage network map (ArcMap GeoPDF)", "extraction_method": "geopdf_vector", "georef_max_residual_m": 0.1, "conduit_type": "pipe", "pipe_diameter_mm": 225, "diameter_source": "legend_colour", "diameter_candidates_mm": null, "label_diameter_mm": 225.0, "label_agrees": true, "scheme": null, "flow_arrow": "end" }, "geometry": { "type": "LineString", "coordinates": [ [ 88.397722952419301, 22.522946073228812 ], [ 88.397795381237486, 22.522977741084297 ], [ 88.397833925410438, 22.523068671015235 ], [ 88.397878372314707, 22.523170276284439 ], [ 88.397934652383171, 22.523298618780895 ], [ 88.397964296903936, 22.523368143640582 ], [ 88.398005754847304, 22.52346172367406 ], [ 88.398050221751888, 22.523566010933692 ], [ 88.398115338424915, 22.52371038324851 ], [ 88.398115370169123, 22.523713065217855 ], [ 88.398139060538753, 22.52376653949409 ] ] } },
{ "type": "Feature", "properties": { "ward": 108, "source_sheet": "108_ruby.pdf p1", "source": "KMC ward sewerage network map (ArcMap GeoPDF)", "extraction_method": "geopdf_vector", "georef_max_residual_m": 0.1, "conduit_type": "pipe", "pipe_diameter_mm": 300, "diameter_source": "legend_colour", "diameter_candidates_mm": null, "label_diameter_mm": 300.0, "label_agrees": true, "scheme": null, "flow_arrow": "end" }, "geometry": { "type": "LineString", "coordinates": [ [ 88.417360454961909, 22.52202646440286 ], [ 88.417410442399898, 22.522109248071398 ], [ 88.417451687915175, 22.522184048829235 ], [ 88.417504653698401, 22.522274857318603 ], [ 88.417566545869477, 22.522379011689512 ], [ 88.41766664980365, 22.522555306632658 ] ] } },
{ "type": "Feature", "properties": { "ward": 108, "source_sheet": "108_ruby.pdf p1", "source": "KMC ward sewerage network map (ArcMap GeoPDF)", "extraction_method": "geopdf_vector", "georef_max_residual_m": 0.1, "conduit_type": "pipe", "pipe_diameter_mm": 225, "diameter_source": "legend_colour", "diameter_candidates_mm": null, "label_diameter_mm": 225.0, "label_agrees": true, "scheme": null, "flow_arrow": "end" }, "geometry": { "type": "LineString", "coordinates": [ [ 88.417948451148277, 22.522982414170599 ], [ 88.418112269365025, 22.522943670252733 ], [ 88.418281851267622, 22.522904884175283 ], [ 88.418448551173228, 22.522866118925503 ] ] } },
{ "type": "Feature", "properties": { "ward": 108, "source_sheet": "108_ruby.pdf p1", "source": "KMC ward sewerage network map (ArcMap GeoPDF)", "extraction_method": "geopdf_vector", "georef_max_residual_m": 0.1, "conduit_type": "pipe", "pipe_diameter_mm": 300, "diameter_source": "legend_colour", "diameter_candidates_mm": null, "label_diameter_mm": 300.0, "label_agrees": true, "scheme": null, "flow_arrow": "end" }, "geometry": { "type": "LineString", "coordinates": [ [ 88.39915838266873, 22.521245996191077 ], [ 88.399191226790933, 22.521342319867227 ], [ 88.399224007437198, 22.521433279595623 ], [ 88.399253906241839, 22.521524259970835 ], [ 88.399289695923997, 22.521625926897535 ], [ 88.399322572005843, 22.52172493250189 ], [ 88.399355352841596, 22.521815892190386 ] ] } },
{ "type": "Feature", "properties": { "ward": 108, "source_sheet": "108_ruby.pdf p1", "source": "KMC ward sewerage network map (ArcMap GeoPDF)", "extraction_method": "geopdf_vector", "georef_max_residual_m": 0.1, "conduit_type": "pipe", "pipe_diameter_mm": 225, "diameter_source": "legend_colour", "diameter_candidates_mm": null, "label_diameter_mm": 225.0, "label_agrees": true, "scheme": null, "flow_arrow": "end" }, "geometry": { "type": "LineString", "coordinates": [ [ 88.399916537277164, 22.522959859266088 ], [ 88.399989900289455, 22.523069314250993 ], [ 88.400066196763348, 22.523184101367978 ], [ 88.400145343507404, 22.523296185799246 ], [ 88.400224597743815, 22.52341631599834 ], [ 88.400300862826512, 22.523528421012852 ], [ 88.400374182529873, 22.523635182728963 ], [ 88.400432870164735, 22.523723274039295 ], [ 88.400494865091673, 22.523846210120748 ], [ 88.400539143217003, 22.523934404787965 ], [ 88.400586398848546, 22.524030635829973 ], [ 88.400633622622806, 22.524124173712558 ], [ 88.400695542325153, 22.524241745846513 ], [ 88.400745819182745, 22.524348672745042 ], [ 88.400795988722649, 22.524447553810898 ], [ 88.400849135680048, 22.524554460065506 ], [ 88.400914033122874, 22.524680057298962 ] ] } },
{ "type": "Feature", "properties": { "ward": 108, "source_sheet": "108_ruby.pdf p1", "source": "KMC ward sewerage network map (ArcMap GeoPDF)", "extraction_method": "geopdf_vector", "georef_max_residual_m": 0.1, "conduit_type": "pipe", "pipe_diameter_mm": 225, "diameter_source": "legend_colour", "diameter_candidates_mm": null, "label_diameter_mm": 225.0, "label_agrees": true, "scheme": null, "flow_arrow": "end" }, "geometry": { "type": "LineString", "coordinates": [ [ 88.398276410928787, 22.522220599278821 ], [ 88.398332246469081, 22.522311394077764 ], [ 88.398399875703845, 22.522423561953584 ], [ 88.398470374953121, 22.522535709236291 ] ] } },
{ "type": "Feature", "properties": { "ward": 108, "source_sheet": "108_ruby.pdf p1", "source": "KMC ward sewerage network map (ArcMap GeoPDF)", "extraction_method": "geopdf_vector", "georef_max_residual_m": 0.1, "conduit_type": "pipe", "pipe_diameter_mm": 225, "diameter_source": "legend_colour", "diameter_candidates_mm": null, "label_diameter_mm": 225.0, "label_agrees": true, "scheme": null, "flow_arrow": "end" }, "geometry": { "type": "LineString", "coordinates": [ [ 88.398106627191041, 22.522487352676574 ], [ 88.398159338890338, 22.522556712326409 ], [ 88.39822369326177, 22.522636717363074 ] ] } },
{ "type": "Feature", "properties": { "ward": 108, "source_sheet": "108_ruby.pdf p1", "source": "KMC ward sewerage network map (ArcMap GeoPDF)", "extraction_method": "geopdf_vector", "georef_max_residual_m": 0.1, "conduit_type": "pipe", "pipe_diameter_mm": 300, "diameter_source": "legend_colour", "diameter_candidates_mm": null, "label_diameter_mm": 300.0, "label_agrees": true, "scheme": null, "flow_arrow": "end" }, "geometry": { "type": "LineString", "coordinates": [ [ 88.411893731319026, 22.523310716838807 ], [ 88.412132481591769, 22.523271435882528 ] ] } },
{ "type": "Feature", "properties": { "ward": 108, "source_sheet": "108_ruby.pdf p1", "source": "KMC ward sewerage network map (ArcMap GeoPDF)", "extraction_method": "geopdf_vector", "georef_max_residual_m": 0.1, "conduit_type": "pipe", "pipe_diameter_mm": 225, "diameter_source": "legend_colour", "diameter_candidates_mm": null, "label_diameter_mm": 225.0, "label_agrees": true, "scheme": null, "flow_arrow": "end" }, "geometry": { "type": "LineString", "coordinates": [ [ 88.413945291719614, 22.523497000147295 ], [ 88.413892071294057, 22.523384734797833 ], [ 88.413844710913025, 22.523280473438213 ], [ 88.413800264557437, 22.523178873091897 ] ] } },
{ "type": "Feature", "properties": { "ward": 108, "source_sheet": "108_ruby.pdf p1", "source": "KMC ward sewerage network map (ArcMap GeoPDF)", "extraction_method": "geopdf_vector", "georef_max_residual_m": 0.1, "conduit_type": "pipe", "pipe_diameter_mm": 225, "diameter_source": "legend_colour", "diameter_candidates_mm": null, "label_diameter_mm": 225.0, "label_agrees": true, "scheme": null, "flow_arrow": "end" }, "geometry": { "type": "LineString", "coordinates": [ [ 88.413590236111034, 22.522968504962435 ], [ 88.41361995230271, 22.523043390446396 ], [ 88.413649572398938, 22.523110230069062 ], [ 88.413676374708345, 22.523182454503086 ], [ 88.413694146798576, 22.523222558268923 ] ] } },
{ "type": "Feature", "properties": { "ward": 108, "source_sheet": "108_ruby.pdf p1", "source": "KMC ward sewerage network map (ArcMap GeoPDF)", "extraction_method": "geopdf_vector", "georef_max_residual_m": 0.1, "conduit_type": "pipe", "pipe_diameter_mm": 225, "diameter_source": "legend_colour", "diameter_candidates_mm": null, "label_diameter_mm": 225.0, "label_agrees": true, "scheme": null, "flow_arrow": "end" }, "geometry": { "type": "LineString", "coordinates": [ [ 88.413375150823626, 22.523058577827751 ], [ 88.413419564792662, 22.523157496359477 ], [ 88.413452162846625, 22.523232360963313 ], [ 88.413487674885531, 22.52330988659606 ] ] } },
{ "type": "Feature", "properties": { "ward": 108, "source_sheet": "108_ruby.pdf p1", "source": "KMC ward sewerage network map (ArcMap GeoPDF)", "extraction_method": "geopdf_vector", "georef_max_residual_m": 0.1, "conduit_type": "pipe", "pipe_diameter_mm": 300, "diameter_source": "legend_colour", "diameter_candidates_mm": null, "label_diameter_mm": 300.0, "label_agrees": true, "scheme": null, "flow_arrow": "end" }, "geometry": { "type": "LineString", "coordinates": [ [ 88.413800264557437, 22.523178873091897 ], [ 88.413926555569688, 22.523135041402362 ], [ 88.414072923658992, 22.523083017301815 ], [ 88.414216409731083, 22.523031013999542 ], [ 88.414351282047051, 22.522981755310425 ], [ 88.414468959047142, 22.522940667947505 ], [ 88.414577990280222, 22.522899643299365 ], [ 88.414701398731836, 22.52285582078343 ], [ 88.414833420855388, 22.522809264591118 ], [ 88.414942483932947, 22.522770921655951 ], [ 88.415307032931395, 22.522636845623015 ] ] } },
{ "type": "Feature", "properties": { "ward": 108, "source_sheet": "108_ruby.pdf p1", "source": "KMC ward sewerage network map (ArcMap GeoPDF)", "extraction_method": "geopdf_vector", "georef_max_residual_m": 0.1, "conduit_type": "pipe", "pipe_diameter_mm": 300, "diameter_source": "legend_colour", "diameter_candidates_mm": null, "label_diameter_mm": 300.0, "label_agrees": true, "scheme": null, "flow_arrow": "end" }, "geometry": { "type": "LineString", "coordinates": [ [ 88.396341986645112, 22.526330202835691 ], [ 88.396413858134082, 22.526313595671848 ], [ 88.39648286732205, 22.526299691145102 ], [ 88.396557608756225, 22.526283063392469 ], [ 88.396626598200498, 22.526266476749374 ] ] } },
{ "type": "Feature", "properties": { "ward": 108, "source_sheet": "108_ruby.pdf p1", "source": "KMC ward sewerage network map (ArcMap GeoPDF)", "extraction_method": "geopdf_vector", "georef_max_residual_m": 0.1, "conduit_type": "pipe", "pipe_diameter_mm": 300, "diameter_source": "legend_colour", "diameter_candidates_mm": null, "label_diameter_mm": 300.0, "label_agrees": true, "scheme": null, "flow_arrow": "end" }, "geometry": { "type": "LineString", "coordinates": [ [ 88.396278959570097, 22.526118759941866 ], [ 88.396379555679388, 22.526093900801776 ], [ 88.39646002927492, 22.526074549908486 ], [ 88.396566408992385, 22.526052331488142 ] ] } },
{ "type": "Feature", "properties": { "ward": 108, "source_sheet": "108_ruby.pdf p1", "source": "KMC ward sewerage network map (ArcMap GeoPDF)", "extraction_method": "geopdf_vector", "georef_max_residual_m": 0.1, "conduit_type": "pipe", "pipe_diameter_mm": 300, "diameter_source": "legend_colour", "diameter_candidates_mm": null, "label_diameter_mm": 300.0, "label_agrees": true, "scheme": null, "flow_arrow": "end" }, "geometry": { "type": "LineString", "coordinates": [ [ 88.396206937811584, 22.52587786597412 ], [ 88.39629893923734, 22.525858432739032 ], [ 88.396399566870485, 22.525836255566073 ], [ 88.396497300479794, 22.525814099029464 ] ] } },
{ "type": "Feature", "properties": { "ward": 108, "source_sheet": "108_ruby.pdf p1", "source": "KMC ward sewerage network map (ArcMap GeoPDF)", "extraction_method": "geopdf_vector", "georef_max_residual_m": 0.1, "conduit_type": "pipe", "pipe_diameter_mm": 300, "diameter_source": "legend_colour", "diameter_candidates_mm": null, "label_diameter_mm": 300.0, "label_agrees": true, "scheme": null, "flow_arrow": "end" }, "geometry": { "type": "LineString", "coordinates": [ [ 88.397807460835025, 22.524729151532021 ], [ 88.397954103421213, 22.524698597377867 ], [ 88.398100733927265, 22.524668043179229 ], [ 88.398250226574845, 22.524634786153314 ], [ 88.398388242826258, 22.524606975593425 ] ] } },
{ "type": "Feature", "properties": { "ward": 108, "source_sheet": "108_ruby.pdf p1", "source": "KMC ward sewerage network map (ArcMap GeoPDF)", "extraction_method": "geopdf_vector", "georef_max_residual_m": 0.1, "conduit_type": "pipe", "pipe_diameter_mm": 300, "diameter_source": "legend_colour", "diameter_candidates_mm": null, "label_diameter_mm": 300.0, "label_agrees": true, "scheme": null, "flow_arrow": "end" }, "geometry": { "type": "LineString", "coordinates": [ [ 88.399554374887899, 22.525963877574323 ], [ 88.399399085479274, 22.525994495224278 ], [ 88.399258217907189, 22.526025009335029 ], [ 88.399123070454849, 22.526052800126163 ], [ 88.398990816932823, 22.526080570063669 ], [ 88.398864315310036, 22.526108298672263 ], [ 88.398706155574658, 22.526138936237281 ] ] } },
{ "type": "Feature", "properties": { "ward": 108, "source_sheet": "108_ruby.pdf p1", "source": "KMC ward sewerage network map (ArcMap GeoPDF)", "extraction_method": "geopdf_vector", "georef_max_residual_m": 0.1, "conduit_type": "pipe", "pipe_diameter_mm": 300, "diameter_source": "legend_colour", "diameter_candidates_mm": null, "label_diameter_mm": 300.0, "label_agrees": true, "scheme": null, "flow_arrow": "end" }, "geometry": { "type": "LineString", "coordinates": [ [ 88.400914033122874, 22.524680057298962 ], [ 88.401020053290694, 22.524869731906769 ], [ 88.401136317546431, 22.524952056296456 ] ] } },
{ "type": "Feature", "properties": { "ward": 108, "source_sheet": "108_ruby.pdf p1", "source": "KMC ward sewerage network map (ArcMap GeoPDF)", "extraction_method": "geopdf_vector", "georef_max_residual_m": 0.1, "conduit_type": "pipe", "pipe_diameter_mm": 600, "diameter_source": "legend_colour", "diameter_candidates_mm": null, "label_diameter_mm": 600.0, "label_agrees": true, "scheme": null, "flow_arrow": "end" }, "geometry": { "type": "LineString", "coordinates": [ [ 88.411418958088746, 22.527240920207365 ], [ 88.41139763195477, 22.527144516080256 ], [ 88.411379219846637, 22.527050773020701 ], [ 88.411375409723234, 22.526973017275932 ], [ 88.411496197078378, 22.526950684676116 ], [ 88.411492130841964, 22.526851473316594 ], [ 88.41148822451467, 22.526765660543258 ], [ 88.411466482348558, 22.526634391035063 ], [ 88.411444516193669, 22.526484347851181 ], [ 88.411444356167337, 22.52647093808789 ], [ 88.411411566280563, 22.526379981373573 ], [ 88.411378808443644, 22.526291706602187 ], [ 88.411328502809397, 22.526182101465345 ], [ 88.411245503590621, 22.525989585403508 ], [ 88.411224241819895, 22.525898545129103 ], [ 88.411187322163016, 22.525703001874362 ], [ 88.411150658745498, 22.525528925402671 ], [ 88.411107367603009, 22.525282477917091 ] ] } },
{ "type": "Feature", "properties": { "ward": 108, "source_sheet": "108_ruby.pdf p1", "source": "KMC ward sewerage network map (ArcMap GeoPDF)", "extraction_method": "geopdf_vector", "georef_max_residual_m": 0.1, "conduit_type": "pipe", "pipe_diameter_mm": 300, "diameter_source": "legend_colour", "diameter_candidates_mm": null, "label_diameter_mm": 300.0, "label_agrees": true, "scheme": null, "flow_arrow": "end" }, "geometry": { "type": "LineString", "coordinates": [ [ 88.41045433175303, 22.526593441805591 ], [ 88.410578064926824, 22.526576452948191 ], [ 88.41071041200847, 22.526556719442716 ], [ 88.41084279103994, 22.526539667783609 ], [ 88.410966492104876, 22.526519996679045 ], [ 88.411101721035607, 22.526500241985541 ], [ 88.411228335994366, 22.526483231762182 ], [ 88.411340541038456, 22.52646632583259 ], [ 88.411444356167337, 22.52647093808789 ] ] } },
{ "type": "Feature", "properties": { "ward": 108, "source_sheet": "108_ruby.pdf p1", "source": "KMC ward sewerage network map (ArcMap GeoPDF)", "extraction_method": "geopdf_vector", "georef_max_residual_m": 0.1, "conduit_type": "pipe", "pipe_diameter_mm": 300, "diameter_source": "legend_colour", "diameter_candidates_mm": null, "label_diameter_mm": 300.0, "label_agrees": true, "scheme": null, "flow_arrow": "end" }, "geometry": { "type": "LineString", "coordinates": [ [ 88.411198006630855, 22.5270815898104 ], [ 88.411292920230821, 22.527064809147266 ], [ 88.411379219846637, 22.527050773020701 ] ] } },
{ "type": "Feature", "properties": { "ward": 108, "source_sheet": "108_ruby.pdf p1", "source": "KMC ward sewerage network map (ArcMap GeoPDF)", "extraction_method": "geopdf_vector", "georef_max_residual_m": 0.1, "conduit_type": "pipe", "pipe_diameter_mm": 300, "diameter_source": "legend_colour", "diameter_candidates_mm": null, "label_diameter_mm": 300.0, "label_agrees": true, "scheme": null, "flow_arrow": "end" }, "geometry": { "type": "LineString", "coordinates": [ [ 88.411804281382331, 22.526924312487395 ], [ 88.411700625969601, 22.526933110243586 ], [ 88.41159697053979, 22.526941907933665 ], [ 88.411496197078378, 22.526950684676116 ] ] } },
{ "type": "Feature", "properties": { "ward": 108, "source_sheet": "108_ruby.pdf p1", "source": "KMC ward sewerage network map (ArcMap GeoPDF)", "extraction_method": "geopdf_vector", "georef_max_residual_m": 0.1, "conduit_type": "pipe", "pipe_diameter_mm": 300, "diameter_source": "legend_colour", "diameter_candidates_mm": null, "label_diameter_mm": 300.0, "label_agrees": true, "scheme": null, "flow_arrow": "end" }, "geometry": { "type": "LineString", "coordinates": [ [ 88.411582073756733, 22.528350173682259 ], [ 88.411993081128159, 22.528253318363582 ] ] } },
{ "type": "Feature", "properties": { "ward": 108, "source_sheet": "108_ruby.pdf p1", "source": "KMC ward sewerage network map (ArcMap GeoPDF)", "extraction_method": "geopdf_vector", "georef_max_residual_m": 0.1, "conduit_type": "pipe", "pipe_diameter_mm": 600, "diameter_source": "legend_colour", "diameter_candidates_mm": null, "label_diameter_mm": 600.0, "label_agrees": true, "scheme": null, "flow_arrow": "end" }, "geometry": { "type": "LineString", "coordinates": [ [ 88.412747233891594, 22.528883515855171 ], [ 88.41293680672122, 22.528828496945607 ], [ 88.413048308764701, 22.528752609192814 ], [ 88.413154110327781, 22.528682093569916 ], [ 88.413262761889357, 22.528608886192458 ], [ 88.41335424941785, 22.528546532045507 ], [ 88.41344855478421, 22.528478793032974 ], [ 88.413655098318046, 22.528396828313461 ], [ 88.413864523606009, 22.528314842415131 ], [ 88.414059602705095, 22.528238324798632 ], [ 88.414286191282116, 22.52814548500611 ] ] } },
{ "type": "Feature", "properties": { "ward": 108, "source_sheet": "108_ruby.pdf p1", "source": "KMC ward sewerage network map (ArcMap GeoPDF)", "extraction_method": "geopdf_vector", "georef_max_residual_m": 0.1, "conduit_type": "pipe", "pipe_diameter_mm": 400, "diameter_source": "legend_colour", "diameter_candidates_mm": null, "label_diameter_mm": 400.0, "label_agrees": true, "scheme": null, "flow_arrow": "end" }, "geometry": { "type": "LineString", "coordinates": [ [ 88.412640853778868, 22.528422963221161 ], [ 88.412674253622868, 22.528564876656201 ], [ 88.412710727760512, 22.528722860875693 ], [ 88.412747233891594, 22.528883515855171 ] ] } },
{ "type": "Feature", "properties": { "ward": 108, "source_sheet": "108_ruby.pdf p1", "source": "KMC ward sewerage network map (ArcMap GeoPDF)", "extraction_method": "geopdf_vector", "georef_max_residual_m": 0.1, "conduit_type": "pipe", "pipe_diameter_mm": 225, "diameter_source": "legend_colour", "diameter_candidates_mm": null, "label_diameter_mm": 225.0, "label_agrees": true, "scheme": null, "flow_arrow": "end" }, "geometry": { "type": "LineString", "coordinates": [ [ 88.41802162744581, 22.527887642865608 ], [ 88.418025473471445, 22.52796808019626 ], [ 88.41807114573686, 22.52817159295931 ], [ 88.418122389346365, 22.528358972029796 ], [ 88.418311058725237, 22.528950347216583 ] ] } },
{ "type": "Feature", "properties": { "ward": 108, "source_sheet": "108_ruby.pdf p1", "source": "KMC ward sewerage network map (ArcMap GeoPDF)", "extraction_method": "geopdf_vector", "georef_max_residual_m": 0.1, "conduit_type": "pipe", "pipe_diameter_mm": 225, "diameter_source": "legend_colour", "diameter_candidates_mm": null, "label_diameter_mm": 225.0, "label_agrees": true, "scheme": null, "flow_arrow": "end" }, "geometry": { "type": "LineString", "coordinates": [ [ 88.410956571101934, 22.52592998782033 ], [ 88.411083185569467, 22.525912977735754 ], [ 88.411224241819895, 22.525898545129103 ] ] } },
{ "type": "Feature", "properties": { "ward": 108, "source_sheet": "108_ruby.pdf p1", "source": "KMC ward sewerage network map (ArcMap GeoPDF)", "extraction_method": "geopdf_vector", "georef_max_residual_m": 0.1, "conduit_type": "pipe", "pipe_diameter_mm": 400, "diameter_source": "legend_colour", "diameter_candidates_mm": null, "label_diameter_mm": 400.0, "label_agrees": true, "scheme": null, "flow_arrow": "end" }, "geometry": { "type": "LineString", "coordinates": [ [ 88.412247791225454, 22.522549081103669 ], [ 88.412132707572184, 22.5225660083943 ], [ 88.412020537791335, 22.522585596671046 ], [ 88.41185652587518, 22.522608242733828 ], [ 88.411689664004939, 22.522633591466224 ], [ 88.411528533854934, 22.522656216319781 ], [ 88.411556455061941, 22.522822309553888 ], [ 88.411574962700442, 22.52292410969936 ], [ 88.411590428316501, 22.523012509776134 ], [ 88.411609127902906, 22.523130390459496 ], [ 88.411630709435329, 22.523248250257403 ], [ 88.411649217069723, 22.523350039208605 ], [ 88.411673840621816, 22.52348128788049 ], [ 88.411698336202733, 22.52360180873087 ], [ 88.411719885900396, 22.523716986549221 ], [ 88.411738265653298, 22.523808047665074 ], [ 88.411756677574843, 22.523901801904547 ], [ 88.41188325806246, 22.523882109333002 ], [ 88.412006956454292, 22.523862426376311 ], [ 88.412104781685784, 22.523848306410905 ], [ 88.412191111230214, 22.523836951902787 ], [ 88.412271644900912, 22.523822957180812 ], [ 88.412342956380741, 22.52400215774448 ], [ 88.412423105829689, 22.524197376116671 ], [ 88.412476701705273, 22.524331096732503 ], [ 88.41255387354974, 22.52451829005291 ], [ 88.412563896793088, 22.524874959038087 ], [ 88.412561719688199, 22.525175379438622 ] ] } },
{ "type": "Feature", "properties": { "ward": 108, "source_sheet": "108_ruby.pdf p1", "source": "KMC ward sewerage network map (ArcMap GeoPDF)", "extraction_method": "geopdf_vector", "georef_max_residual_m": 0.1, "conduit_type": "pipe", "pipe_diameter_mm": 300, "diameter_source": "legend_colour", "diameter_candidates_mm": null, "label_diameter_mm": 300.0, "label_agrees": true, "scheme": null, "flow_arrow": "end" }, "geometry": { "type": "LineString", "coordinates": [ [ 88.412681414382234, 22.524096262245024 ], [ 88.412622302751743, 22.523973310433831 ], [ 88.412548525314875, 22.523828996287222 ], [ 88.412509779477446, 22.523721989852891 ] ] } },
{ "type": "Feature", "properties": { "ward": 108, "source_sheet": "108_ruby.pdf p1", "source": "KMC ward sewerage network map (ArcMap GeoPDF)", "extraction_method": "geopdf_vector", "georef_max_residual_m": 0.1, "conduit_type": "pipe", "pipe_diameter_mm": 225, "diameter_source": "legend_colour", "diameter_candidates_mm": null, "label_diameter_mm": 225.0, "label_agrees": true, "scheme": null, "flow_arrow": "end" }, "geometry": { "type": "LineString", "coordinates": [ [ 88.411026343924703, 22.52622184068731 ], [ 88.41113858079143, 22.526207616860717 ], [ 88.411233557811158, 22.526196200167114 ], [ 88.411328502809397, 22.526182101465345 ] ] } },
{ "type": "Feature", "properties": { "ward": 108, "source_sheet": "108_ruby.pdf p1", "source": "KMC ward sewerage network map (ArcMap GeoPDF)", "extraction_method": "geopdf_vector", "georef_max_residual_m": 0.1, "conduit_type": "pipe", "pipe_diameter_mm": 300, "diameter_source": "legend_colour", "diameter_candidates_mm": null, "label_diameter_mm": 300.0, "label_agrees": true, "scheme": null, "flow_arrow": "end" }, "geometry": { "type": "LineString", "coordinates": [ [ 88.418528011717328, 22.523243727161667 ], [ 88.418499439396456, 22.523023996670549 ], [ 88.418475452284127, 22.522946388272782 ], [ 88.418448551173228, 22.522866118925503 ], [ 88.418398273493267, 22.522759186947553 ], [ 88.418339093300432, 22.52263087355616 ], [ 88.418306524964066, 22.522558692010893 ], [ 88.418214529522132, 22.522578137567198 ], [ 88.418178661691343, 22.522471111691143 ], [ 88.418141197193947, 22.522471384640127 ], [ 88.418098001055029, 22.52247438151651 ], [ 88.417962745229843, 22.522491459900579 ], [ 88.417815993945098, 22.522511304079266 ], [ 88.41766664980365, 22.522555306632658 ] ] } },
{ "type": "Feature", "properties": { "ward": 108, "source_sheet": "108_ruby.pdf p1", "source": "KMC ward sewerage network map (ArcMap GeoPDF)", "extraction_method": "geopdf_vector", "georef_max_residual_m": 0.1, "conduit_type": "pipe", "pipe_diameter_mm": 225, "diameter_source": "legend_colour", "diameter_candidates_mm": null, "label_diameter_mm": null, "label_agrees": null, "scheme": null, "flow_arrow": "end" }, "geometry": { "type": "LineString", "coordinates": [ [ 88.418372581919357, 22.523260952947776 ], [ 88.418453178724519, 22.523252319071112 ], [ 88.418528011717328, 22.523243727161667 ] ] } },
{ "type": "Feature", "properties": { "ward": 108, "source_sheet": "108_ruby.pdf p1", "source": "KMC ward sewerage network map (ArcMap GeoPDF)", "extraction_method": "geopdf_vector", "georef_max_residual_m": 0.1, "conduit_type": "pipe", "pipe_diameter_mm": 225, "diameter_source": "legend_colour", "diameter_candidates_mm": null, "label_diameter_mm": 225.0, "label_agrees": true, "scheme": null, "flow_arrow": "end" }, "geometry": { "type": "LineString", "coordinates": [ [ 88.418715335208233, 22.523242361825954 ], [ 88.418559841169511, 22.523254223901215 ], [ 88.418528011717328, 22.523243727161667 ] ] } },
{ "type": "Feature", "properties": { "ward": 108, "source_sheet": "108_ruby.pdf p1", "source": "KMC ward sewerage network map (ArcMap GeoPDF)", "extraction_method": "geopdf_vector", "georef_max_residual_m": 0.1, "conduit_type": "pipe", "pipe_diameter_mm": 300, "diameter_source": "legend_colour", "diameter_candidates_mm": null, "label_diameter_mm": null, "label_agrees": null, "scheme": null, "flow_arrow": "end" }, "geometry": { "type": "LineString", "coordinates": [ [ 88.409292523490137, 22.518115312243651 ], [ 88.409311545819108, 22.518018614807612 ], [ 88.409324868429039, 22.517927322951941 ], [ 88.409341040871169, 22.517833328303734 ], [ 88.409320293122647, 22.517785197772564 ], [ 88.409290708294904, 22.5177210385447 ], [ 88.409260612272519, 22.517613967307636 ] ] } },
{ "type": "Feature", "properties": { "ward": 108, "source_sheet": "108_ruby.pdf p1", "source": "KMC ward sewerage network map (ArcMap GeoPDF)", "extraction_method": "geopdf_vector", "georef_max_residual_m": 0.1, "conduit_type": "pipe", "pipe_diameter_mm": 300, "diameter_source": "legend_colour", "diameter_candidates_mm": null, "label_diameter_mm": 300.0, "label_agrees": true, "scheme": null, "flow_arrow": "end" }, "geometry": { "type": "LineString", "coordinates": [ [ 88.411893731319026, 22.523310716838807 ], [ 88.411770033259344, 22.523330388510587 ], [ 88.411649217069723, 22.523350039208605 ] ] } },
{ "type": "Feature", "properties": { "ward": 108, "source_sheet": "108_ruby.pdf p1", "source": "KMC ward sewerage network map (ArcMap GeoPDF)", "extraction_method": "geopdf_vector", "georef_max_residual_m": 0.1, "conduit_type": "pipe", "pipe_diameter_mm": 300, "diameter_source": "legend_colour", "diameter_candidates_mm": null, "label_diameter_mm": 300.0, "label_agrees": true, "scheme": null, "flow_arrow": "end" }, "geometry": { "type": "LineString", "coordinates": [ [ 88.412351122394881, 22.523237664735635 ], [ 88.412132481591769, 22.523271435882528 ] ] } },
{ "type": "Feature", "properties": { "ward": 108, "source_sheet": "108_ruby.pdf p1", "source": "KMC ward sewerage network map (ArcMap GeoPDF)", "extraction_method": "geopdf_vector", "georef_max_residual_m": 0.1, "conduit_type": "pipe", "pipe_diameter_mm": 400, "diameter_source": "legend_colour", "diameter_candidates_mm": null, "label_diameter_mm": 400.0, "label_agrees": true, "scheme": null, "flow_arrow": "end" }, "geometry": { "type": "LineString", "coordinates": [ [ 88.412064181549283, 22.522861545435489 ], [ 88.412085731529487, 22.522976734380254 ], [ 88.412101485594931, 22.523089271967557 ], [ 88.412132481591769, 22.523271435882528 ], [ 88.412157233637004, 22.523413412270354 ], [ 88.412108817395151, 22.523462042538419 ], [ 88.412173948290388, 22.523606408422236 ], [ 88.412224285538997, 22.523718695295013 ], [ 88.412271644900912, 22.523822957180812 ] ] } },
{ "type": "Feature", "properties": { "ward": 108, "source_sheet": "108_ruby.pdf p1", "source": "KMC ward sewerage network map (ArcMap GeoPDF)", "extraction_method": "geopdf_vector", "georef_max_residual_m": 0.1, "conduit_type": "pipe", "pipe_diameter_mm": 600, "diameter_source": "legend_colour", "diameter_candidates_mm": null, "label_diameter_mm": 600.0, "label_agrees": true, "scheme": null, "flow_arrow": "end" }, "geometry": { "type": "LineString", "coordinates": [ [ 88.411714705726922, 22.529802944785246 ], [ 88.411655047171493, 22.529875796116603 ], [ 88.411682682360066, 22.530017751541589 ], [ 88.411707403546302, 22.530157045894136 ], [ 88.411735198941685, 22.530312411054872 ], [ 88.41175988823332, 22.530449023438077 ] ] } },
{ "type": "Feature", "properties": { "ward": 108, "source_sheet": "108_ruby.pdf p1", "source": "KMC ward sewerage network map (ArcMap GeoPDF)", "extraction_method": "geopdf_vector", "georef_max_residual_m": 0.1, "conduit_type": "pipe", "pipe_diameter_mm": 300, "diameter_source": "legend_colour", "diameter_candidates_mm": null, "label_diameter_mm": 300.0, "label_agrees": true, "scheme": null, "flow_arrow": "end" }, "geometry": { "type": "LineString", "coordinates": [ [ 88.396405184513256, 22.526555055455926 ], [ 88.396471311825792, 22.526541171539307 ], [ 88.396543203113012, 22.526527246369515 ], [ 88.396620794934279, 22.526507915998579 ], [ 88.396689816200038, 22.526494011293661 ] ] } },
{ "type": "Feature", "properties": { "ward": 108, "source_sheet": "108_ruby.pdf p1", "source": "KMC ward sewerage network map (ArcMap GeoPDF)", "extraction_method": "geopdf_vector", "georef_max_residual_m": 0.1, "conduit_type": "pipe", "pipe_diameter_mm": 300, "diameter_source": "legend_colour", "diameter_candidates_mm": null, "label_diameter_mm": null, "label_agrees": null, "scheme": null, "flow_arrow": "end" }, "geometry": { "type": "LineString", "coordinates": [ [ 88.400893513428812, 22.525380268400909 ], [ 88.400792835416624, 22.525397084314854 ], [ 88.400709405371344, 22.525411094167684 ], [ 88.400614459447169, 22.525425186632699 ], [ 88.40051089939125, 22.525442023058616 ], [ 88.400424619105536, 22.525458735415807 ], [ 88.400309531121181, 22.525475654441109 ] ] } },
{ "type": "Feature", "properties": { "ward": 108, "source_sheet": "108_ruby.pdf p1", "source": "KMC ward sewerage network map (ArcMap GeoPDF)", "extraction_method": "geopdf_vector", "georef_max_residual_m": 0.1, "conduit_type": "pipe", "pipe_diameter_mm": 300, "diameter_source": "legend_colour", "diameter_candidates_mm": null, "label_diameter_mm": 300.0, "label_agrees": true, "scheme": null, "flow_arrow": "end" }, "geometry": { "type": "LineString", "coordinates": [ [ 88.400021862575727, 22.525523315669446 ], [ 88.40012542276952, 22.525506479552348 ], [ 88.400208840940081, 22.525492470082735 ], [ 88.400309531121181, 22.525475654441109 ] ] } },
{ "type": "Feature", "properties": { "ward": 108, "source_sheet": "108_ruby.pdf p1", "source": "KMC ward sewerage network map (ArcMap GeoPDF)", "extraction_method": "geopdf_vector", "georef_max_residual_m": 0.1, "conduit_type": "pipe", "pipe_diameter_mm": 300, "diameter_source": "legend_colour", "diameter_candidates_mm": null, "label_diameter_mm": 300.0, "label_agrees": true, "scheme": null, "flow_arrow": "end" }, "geometry": { "type": "LineString", "coordinates": [ [ 88.399554374887899, 22.525963877574323 ], [ 88.399709620433356, 22.525930577897253 ], [ 88.399827507535278, 22.525905592621658 ], [ 88.399988528765149, 22.525872240077835 ], [ 88.40012097255854, 22.525860561137421 ], [ 88.400261915317216, 22.52583541013491 ], [ 88.400379853789516, 22.525815788481687 ], [ 88.40037665390696, 22.52578898950307 ], [ 88.400346181077182, 22.525649734078026 ], [ 88.400309531121181, 22.525475654441109 ] ] } },
{ "type": "Feature", "properties": { "ward": 108, "source_sheet": "108_ruby.pdf p1", "source": "KMC ward sewerage network map (ArcMap GeoPDF)", "extraction_method": "geopdf_vector", "georef_max_residual_m": 0.1, "conduit_type": "pipe", "pipe_diameter_mm": 450, "diameter_source": "legend_colour", "diameter_candidates_mm": null, "label_diameter_mm": 450.0, "label_agrees": true, "scheme": "KEIIP", "flow_arrow": "end" }, "geometry": { "type": "LineString", "coordinates": [ [ 88.399939164530124, 22.524869442227036 ], [ 88.399914837661328, 22.52476232893024 ], [ 88.399893551685707, 22.524668604789831 ], [ 88.399875274810057, 22.524585587841106 ], [ 88.399857029737987, 22.524505252855402 ], [ 88.399838880025015, 22.524432963767026 ], [ 88.399823707613109, 22.524368699906599 ], [ 88.399808471661501, 22.524299072109191 ], [ 88.399778190471636, 22.524175908309434 ], [ 88.399741891253996, 22.524031330096989 ] ] } },
{ "type": "Feature", "properties": { "ward": 108, "source_sheet": "108_ruby.pdf p1", "source": "KMC ward sewerage network map (ArcMap GeoPDF)", "extraction_method": "geopdf_vector", "georef_max_residual_m": 0.1, "conduit_type": "pipe", "pipe_diameter_mm": 225, "diameter_source": "legend_colour", "diameter_candidates_mm": null, "label_diameter_mm": 225.0, "label_agrees": true, "scheme": null, "flow_arrow": "end" }, "geometry": { "type": "LineString", "coordinates": [ [ 88.398774440369621, 22.522412832026237 ], [ 88.398816184328567, 22.522530549568881 ], [ 88.39885191048478, 22.522626852646027 ], [ 88.398923406722801, 22.522822140648266 ], [ 88.398977091496306, 22.522974641113247 ], [ 88.39901886771392, 22.52309505172142 ], [ 88.399057571383864, 22.523199379982913 ], [ 88.398983149558205, 22.523242828488453 ], [ 88.398911577850384, 22.523283574340816 ], [ 88.398837143923487, 22.523327022869051 ], [ 88.398722565517517, 22.523386852183432 ], [ 88.398605124826489, 22.52344938412277 ], [ 88.398381719351747, 22.523569001162517 ], [ 88.398115370169123, 22.523713065217855 ] ] } },
{ "type": "Feature", "properties": { "ward": 108, "source_sheet": "108_ruby.pdf p1", "source": "KMC ward sewerage network map (ArcMap GeoPDF)", "extraction_method": "geopdf_vector", "georef_max_residual_m": 0.1, "conduit_type": "pipe", "pipe_diameter_mm": 600, "diameter_source": "legend_colour", "diameter_candidates_mm": null, "label_diameter_mm": 600.0, "label_agrees": true, "scheme": null, "flow_arrow": "end" }, "geometry": { "type": "LineString", "coordinates": [ [ 88.416902257024248, 22.52853147165531 ], [ 88.41756632691839, 22.529108657671827 ], [ 88.417746835333887, 22.529249498206713 ] ] } },
{ "type": "Feature", "properties": { "ward": 108, "source_sheet": "108_ruby.pdf p1", "source": "KMC ward sewerage network map (ArcMap GeoPDF)", "extraction_method": "geopdf_vector", "georef_max_residual_m": 0.1, "conduit_type": "pipe", "pipe_diameter_mm": 600, "diameter_source": "legend_colour", "diameter_candidates_mm": null, "label_diameter_mm": 600.0, "label_agrees": true, "scheme": null, "flow_arrow": "end" }, "geometry": { "type": "LineString", "coordinates": [ [ 88.420378007298041, 22.528490038842378 ], [ 88.419742282567768, 22.528604648412138 ], [ 88.419368650564422, 22.528693215333835 ], [ 88.41904388352404, 22.528770685156019 ], [ 88.41854382716221, 22.528892324775544 ], [ 88.418311058725237, 22.528950347216583 ], [ 88.41756632691839, 22.529108657671827 ] ] } },
{ "type": "Feature", "properties": { "ward": 108, "source_sheet": "108_ruby.pdf p1", "source": "KMC ward sewerage network map (ArcMap GeoPDF)", "extraction_method": "geopdf_vector", "georef_max_residual_m": 0.1, "conduit_type": "pipe", "pipe_diameter_mm": 700, "diameter_source": "legend_colour", "diameter_candidates_mm": null, "label_diameter_mm": 700.0, "label_agrees": true, "scheme": "KEIIP", "flow_arrow": "end" }, "geometry": { "type": "LineString", "coordinates": [ [ 88.398512956228714, 22.525158625729823 ], [ 88.398491671111799, 22.525064901363468 ], [ 88.398470354274366, 22.524968495023252 ], [ 88.398449100842498, 22.524877441439873 ], [ 88.398427847574141, 22.524786399026148 ], [ 88.398406582328874, 22.524695356693211 ], [ 88.398388242826258, 22.524606975593425 ], [ 88.398342854554315, 22.524424911373892 ], [ 88.398291734272576, 22.52424557038513 ], [ 88.398249863159648, 22.524117124858126 ], [ 88.398213914743138, 22.524002047878902 ], [ 88.398172011909836, 22.523870909176392 ], [ 88.398211787603671, 22.523822344769478 ], [ 88.39823737581905, 22.523792657342838 ] ] } },
{ "type": "Feature", "properties": { "ward": 108, "source_sheet": "108_ruby.pdf p1", "source": "KMC ward sewerage network map (ArcMap GeoPDF)", "extraction_method": "geopdf_vector", "georef_max_residual_m": 0.1, "conduit_type": "pipe", "pipe_diameter_mm": 400, "diameter_source": "legend_colour", "diameter_candidates_mm": null, "label_diameter_mm": 400.0, "label_agrees": true, "scheme": null, "flow_arrow": "end" }, "geometry": { "type": "LineString", "coordinates": [ [ 88.400309531121181, 22.525475654441109 ], [ 88.400268579588683, 22.525424986593315 ], [ 88.400246816435995, 22.525291033029884 ], [ 88.400222139584002, 22.52515441817064 ], [ 88.40020033273909, 22.525017782711814 ], [ 88.400178760320102, 22.524899909750289 ], [ 88.400166374288347, 22.524827579359986 ], [ 88.400226780206637, 22.524816417191055 ] ] } },
{ "type": "Feature", "properties": { "ward": 108, "source_sheet": "108_ruby.pdf p1", "source": "KMC ward sewerage network map (ArcMap GeoPDF)", "extraction_method": "geopdf_vector", "georef_max_residual_m": 0.1, "conduit_type": "pipe", "pipe_diameter_mm": 400, "diameter_source": "legend_colour", "diameter_candidates_mm": null, "label_diameter_mm": 400.0, "label_agrees": true, "scheme": null, "flow_arrow": "end" }, "geometry": { "type": "LineString", "coordinates": [ [ 88.398706155574658, 22.526138936237281 ], [ 88.398690761138013, 22.526055898490856 ], [ 88.398678268453153, 22.52597552214419 ], [ 88.398647574821595, 22.525817481365163 ], [ 88.398595318150697, 22.525785669445114 ], [ 88.398558702075434, 22.525614271270754 ], [ 88.398518981852149, 22.525424119949463 ], [ 88.398497664926154, 22.525327713620804 ], [ 88.398479293505687, 22.525236650576893 ], [ 88.398512956228714, 22.525158625729823 ] ] } },
{ "type": "Feature", "properties": { "ward": 108, "source_sheet": "108_ruby.pdf p1", "source": "KMC ward sewerage network map (ArcMap GeoPDF)", "extraction_method": "geopdf_vector", "georef_max_residual_m": 0.1, "conduit_type": "pipe", "pipe_diameter_mm": 225, "diameter_source": "legend_colour", "diameter_candidates_mm": null, "label_diameter_mm": null, "label_agrees": null, "scheme": null, "flow_arrow": "end" }, "geometry": { "type": "LineString", "coordinates": [ [ 88.397791699042884, 22.523884361223217 ], [ 88.397986476659597, 22.523781043138136 ], [ 88.398115370169123, 22.523713065217855 ] ] } },
{ "type": "Feature", "properties": { "ward": 108, "source_sheet": "108_ruby.pdf p1", "source": "KMC ward sewerage network map (ArcMap GeoPDF)", "extraction_method": "geopdf_vector", "georef_max_residual_m": 0.1, "conduit_type": "pipe", "pipe_diameter_mm": 225, "diameter_source": "legend_colour", "diameter_candidates_mm": null, "label_diameter_mm": 225.0, "label_agrees": true, "scheme": null, "flow_arrow": "end" }, "geometry": { "type": "LineString", "coordinates": [ [ 88.412841670326117, 22.529309297814471 ], [ 88.412806028764692, 22.529221044354845 ], [ 88.412779225547126, 22.529148819864915 ], [ 88.412718927161976, 22.529168032549034 ], [ 88.412686167746713, 22.529079758149777 ], [ 88.412653408376045, 22.528991483740779 ] ] } },
{ "type": "Feature", "properties": { "ward": 108, "source_sheet": "108_ruby.pdf p1", "source": "KMC ward sewerage network map (ArcMap GeoPDF)", "extraction_method": "geopdf_vector", "georef_max_residual_m": 0.1, "conduit_type": "pipe", "pipe_diameter_mm": 300, "diameter_source": "legend_colour", "diameter_candidates_mm": null, "label_diameter_mm": 300.0, "label_agrees": true, "scheme": null, "flow_arrow": "end" }, "geometry": { "type": "LineString", "coordinates": [ [ 88.412476937758413, 22.527740184159356 ], [ 88.412335943892501, 22.527759981852597 ], [ 88.412186336128642, 22.527782535234991 ], [ 88.412036728174712, 22.527805077305906 ], [ 88.411895734157795, 22.527824874619821 ] ] } },
{ "type": "Feature", "properties": { "ward": 108, "source_sheet": "108_ruby.pdf p1", "source": "KMC ward sewerage network map (ArcMap GeoPDF)", "extraction_method": "geopdf_vector", "georef_max_residual_m": 0.1, "conduit_type": "pipe", "pipe_diameter_mm": 225, "diameter_source": "legend_colour", "diameter_candidates_mm": null, "label_diameter_mm": 225.0, "label_agrees": true, "scheme": null, "flow_arrow": "end" }, "geometry": { "type": "LineString", "coordinates": [ [ 88.411158995456219, 22.528160121705657 ], [ 88.411049831037488, 22.528190416464415 ], [ 88.410940666567129, 22.52822071115143 ], [ 88.410820005987844, 22.528253771203175 ], [ 88.410722209496257, 22.528270572498581 ], [ 88.410618680940942, 22.528290097423351 ], [ 88.410515120362874, 22.528306940329795 ], [ 88.410420205801557, 22.528323720579866 ], [ 88.410359907389051, 22.52834293238012 ], [ 88.410293876911965, 22.528364867835091 ], [ 88.410230696444927, 22.528384100450143 ] ] } },
{ "type": "Feature", "properties": { "ward": 108, "source_sheet": "108_ruby.pdf p1", "source": "KMC ward sewerage network map (ArcMap GeoPDF)", "extraction_method": "geopdf_vector", "georef_max_residual_m": 0.1, "conduit_type": "pipe", "pipe_diameter_mm": 300, "diameter_source": "legend_colour", "diameter_candidates_mm": null, "label_diameter_mm": 300.0, "label_agrees": true, "scheme": null, "flow_arrow": "end" }, "geometry": { "type": "LineString", "coordinates": [ [ 88.412351122394881, 22.523237664735635 ], [ 88.412398737819345, 22.523363382214225 ], [ 88.41244061352954, 22.523481094734013 ], [ 88.412482337214882, 22.523596126155859 ], [ 88.412509779477446, 22.523721989852891 ] ] } },
{ "type": "Feature", "properties": { "ward": 108, "source_sheet": "108_ruby.pdf p1", "source": "KMC ward sewerage network map (ArcMap GeoPDF)", "extraction_method": "geopdf_vector", "georef_max_residual_m": 0.1, "conduit_type": "pipe", "pipe_diameter_mm": 225, "diameter_source": "legend_colour", "diameter_candidates_mm": null, "label_diameter_mm": 225.0, "label_agrees": true, "scheme": null, "flow_arrow": "end" }, "geometry": { "type": "LineString", "coordinates": [ [ 88.418605565837524, 22.523943221908219 ], [ 88.418595666644805, 22.523838689069716 ], [ 88.418582756870663, 22.523723438278477 ], [ 88.418569975812858, 22.523618926438779 ], [ 88.418560237377079, 22.52352780331729 ], [ 88.418550402542991, 22.523428634357909 ], [ 88.418540696278669, 22.523340193177059 ], [ 88.418528011717328, 22.523243727161667 ] ] } },
{ "type": "Feature", "properties": { "ward": 108, "source_sheet": "108_ruby.pdf p1", "source": "KMC ward sewerage network map (ArcMap GeoPDF)", "extraction_method": "geopdf_vector", "georef_max_residual_m": 0.1, "conduit_type": "pipe", "pipe_diameter_mm": 300, "diameter_source": "legend_colour", "diameter_candidates_mm": null, "label_diameter_mm": 300.0, "label_agrees": true, "scheme": null, "flow_arrow": "end" }, "geometry": { "type": "LineString", "coordinates": [ [ 88.412510259591429, 22.522796621493075 ], [ 88.412537893940296, 22.522938588094338 ], [ 88.412568666302846, 22.523101978233772 ], [ 88.412625568059482, 22.523281271995859 ], [ 88.412688009623068, 22.523441750262808 ], [ 88.412756407329269, 22.523618278406406 ] ] } },
{ "type": "Feature", "properties": { "ward": 108, "source_sheet": "108_ruby.pdf p1", "source": "KMC ward sewerage network map (ArcMap GeoPDF)", "extraction_method": "geopdf_vector", "georef_max_residual_m": 0.1, "conduit_type": "pipe", "pipe_diameter_mm": 300, "diameter_source": "legend_colour", "diameter_candidates_mm": null, "label_diameter_mm": 300.0, "label_agrees": true, "scheme": null, "flow_arrow": "end" }, "geometry": { "type": "LineString", "coordinates": [ [ 88.412510259591429, 22.522796621493075 ], [ 88.412482689480868, 22.522660029961948 ], [ 88.41245793728595, 22.522518053621496 ] ] } },
{ "type": "Feature", "properties": { "ward": 108, "source_sheet": "108_ruby.pdf p1", "source": "KMC ward sewerage network map (ArcMap GeoPDF)", "extraction_method": "geopdf_vector", "georef_max_residual_m": 0.1, "conduit_type": "pipe", "pipe_diameter_mm": 300, "diameter_source": "legend_colour", "diameter_candidates_mm": null, "label_diameter_mm": 300.0, "label_agrees": true, "scheme": "KEIIP", "flow_arrow": "end" }, "geometry": { "type": "LineString", "coordinates": [ [ 88.398452197817704, 22.530008492250907 ], [ 88.398486199262948, 22.530201366606587 ], [ 88.398514170576021, 22.530372826604211 ], [ 88.398548128455019, 22.530563019048941 ], [ 88.398569954633217, 22.530702336731327 ], [ 88.398585286151047, 22.530780010487479 ] ] } },
{ "type": "Feature", "properties": { "ward": 108, "source_sheet": "108_ruby.pdf p1", "source": "KMC ward sewerage network map (ArcMap GeoPDF)", "extraction_method": "geopdf_vector", "georef_max_residual_m": 0.1, "conduit_type": "pipe", "pipe_diameter_mm": 300, "diameter_source": "legend_colour", "diameter_candidates_mm": null, "label_diameter_mm": 300.0, "label_agrees": true, "scheme": "KEIIP", "flow_arrow": "end" }, "geometry": { "type": "LineString", "coordinates": [ [ 88.398125774720867, 22.529705060678165 ], [ 88.398121820502183, 22.529857974105191 ], [ 88.398149727767873, 22.530024070265199 ], [ 88.398290920825417, 22.53074993345254 ] ] } },
{ "type": "Feature", "properties": { "ward": 108, "source_sheet": "108_ruby.pdf p1", "source": "KMC ward sewerage network map (ArcMap GeoPDF)", "extraction_method": "geopdf_vector", "georef_max_residual_m": 0.1, "conduit_type": "pipe", "pipe_diameter_mm": 300, "diameter_source": "legend_colour", "diameter_candidates_mm": null, "label_diameter_mm": 300.0, "label_agrees": true, "scheme": "KEIIP", "flow_arrow": "end" }, "geometry": { "type": "LineString", "coordinates": [ [ 88.397240216563645, 22.529649711259999 ], [ 88.397255864552676, 22.52975420487985 ], [ 88.397287001931232, 22.529949782266261 ], [ 88.397331978476217, 22.530096981055372 ], [ 88.397347563127468, 22.530196110718439 ], [ 88.39736628378698, 22.530316675489889 ], [ 88.397391117768422, 22.53046670063803 ], [ 88.397406670778665, 22.530563148318812 ], [ 88.397434640868767, 22.530734608560593 ] ] } },
{ "type": "Feature", "properties": { "ward": 108, "source_sheet": "108_ruby.pdf p1", "source": "KMC ward sewerage network map (ArcMap GeoPDF)", "extraction_method": "geopdf_vector", "georef_max_residual_m": 0.1, "conduit_type": "pipe", "pipe_diameter_mm": 300, "diameter_source": "legend_colour", "diameter_candidates_mm": null, "label_diameter_mm": 300.0, "label_agrees": true, "scheme": "KEIIP", "flow_arrow": "end" }, "geometry": { "type": "LineString", "coordinates": [ [ 88.397511770546856, 22.5294573314385 ], [ 88.397521654595522, 22.529561866293342 ], [ 88.397534611169178, 22.529682472319383 ], [ 88.397571386072656, 22.529867280492216 ], [ 88.397595997965439, 22.529998531834643 ], [ 88.397617600870191, 22.53011907593411 ], [ 88.397639045098813, 22.530226210188353 ], [ 88.397654503010116, 22.530314611937534 ], [ 88.39766992919958, 22.530400331715651 ], [ 88.397679210319851, 22.530453909155007 ], [ 88.39769150050563, 22.530518193825344 ], [ 88.397709884325891, 22.530609256806041 ], [ 88.397731455708438, 22.530727118904053 ] ] } },
{ "type": "Feature", "properties": { "ward": 108, "source_sheet": "108_ruby.pdf p1", "source": "KMC ward sewerage network map (ArcMap GeoPDF)", "extraction_method": "geopdf_vector", "georef_max_residual_m": 0.1, "conduit_type": "pipe", "pipe_diameter_mm": 600, "diameter_source": "legend_colour", "diameter_candidates_mm": null, "label_diameter_mm": 600.0, "label_agrees": true, "scheme": "KEIIP", "flow_arrow": "end" }, "geometry": { "type": "LineString", "coordinates": [ [ 88.395546864993648, 22.528803531081167 ], [ 88.395750994766459, 22.528759156886213 ], [ 88.3959467319456, 22.528736300015634 ], [ 88.396226841086374, 22.528779894489627 ], [ 88.396440282773099, 22.528791778965669 ], [ 88.396693850998616, 22.528784600718026 ], [ 88.396837921335205, 22.528780887762657 ], [ 88.397103017646074, 22.528773626387764 ], [ 88.397391170224822, 22.528766199531905 ], [ 88.397578483093426, 22.528762176360072 ] ] } },
{ "type": "Feature", "properties": { "ward": 108, "source_sheet": "108_ruby.pdf p1", "source": "KMC ward sewerage network map (ArcMap GeoPDF)", "extraction_method": "geopdf_vector", "georef_max_residual_m": 0.1, "conduit_type": "pipe", "pipe_diameter_mm": 600, "diameter_source": "legend_colour", "diameter_candidates_mm": null, "label_diameter_mm": 600.0, "label_agrees": true, "scheme": "KEIIP", "flow_arrow": "end" }, "geometry": { "type": "LineString", "coordinates": [ [ 88.399577410917118, 22.528637882473834 ], [ 88.39935592706253, 22.528677021517669 ], [ 88.399134443065805, 22.528716160262764 ], [ 88.399004846701288, 22.528725135903301 ], [ 88.398806005870938, 22.52872924335637 ], [ 88.398627371041201, 22.528735887961613 ], [ 88.398408355888321, 22.528740139494381 ], [ 88.398264285718597, 22.528743853851783 ], [ 88.398045302262716, 22.528750786859224 ], [ 88.397800348667317, 22.528755223347744 ], [ 88.397578483093426, 22.528762176360072 ] ] } },
{ "type": "Feature", "properties": { "ward": 108, "source_sheet": "108_ruby.pdf p1", "source": "KMC ward sewerage network map (ArcMap GeoPDF)", "extraction_method": "geopdf_vector", "georef_max_residual_m": 0.1, "conduit_type": "pipe", "pipe_diameter_mm": 800, "diameter_source": "legend_colour", "diameter_candidates_mm": null, "label_diameter_mm": 800.0, "label_agrees": true, "scheme": "KEIIP", "flow_arrow": "end" }, "geometry": { "type": "LineString", "coordinates": [ [ 88.397578483093426, 22.528762176360072 ], [ 88.397584723286457, 22.528802364615704 ], [ 88.397594448740193, 22.528893500807612 ], [ 88.397607531982374, 22.529024812360419 ], [ 88.397646617437687, 22.529161324473879 ], [ 88.397667680579403, 22.52923627512666 ], [ 88.397718750802994, 22.529410252131736 ], [ 88.397769999631308, 22.529600321003215 ], [ 88.397797366722415, 22.529720823802322 ], [ 88.39784003310119, 22.529916318486233 ], [ 88.397855364102099, 22.529993992344423 ], [ 88.397876713242354, 22.530093080657775 ], [ 88.397901039732986, 22.530200194226374 ], [ 88.397925429764896, 22.53031267172274 ], [ 88.397946779016976, 22.530411760017959 ], [ 88.397965226485937, 22.530508186897396 ], [ 88.397986575804381, 22.530607275182035 ], [ 88.398016952418843, 22.530738485134417 ] ] } },
{ "type": "Feature", "properties": { "ward": 108, "source_sheet": "108_ruby.pdf p1", "source": "KMC ward sewerage network map (ArcMap GeoPDF)", "extraction_method": "geopdf_vector", "georef_max_residual_m": 0.1, "conduit_type": "pipe", "pipe_diameter_mm": 600, "diameter_source": "legend_colour", "diameter_candidates_mm": null, "label_diameter_mm": 600.0, "label_agrees": true, "scheme": "KEIIP", "flow_arrow": "end" }, "geometry": { "type": "LineString", "coordinates": [ [ 88.395971684539603, 22.530602919283385 ], [ 88.396058210364288, 22.53060766497677 ], [ 88.396167931704426, 22.530622973528967 ], [ 88.396315171537481, 22.530643378056862 ], [ 88.396427806725811, 22.530661347784275 ], [ 88.396575046624122, 22.530681752070226 ], [ 88.396681854252463, 22.530694398915475 ], [ 88.396849237049068, 22.530711976635214 ], [ 88.39695313090246, 22.530721961952711 ], [ 88.397169509133676, 22.530739188701091 ], [ 88.397310711385217, 22.530735495764034 ], [ 88.397434640868767, 22.530734608560593 ] ] } },
{ "type": "Feature", "properties": { "ward": 108, "source_sheet": "108_ruby.pdf p1", "source": "KMC ward sewerage network map (ArcMap GeoPDF)", "extraction_method": "geopdf_vector", "georef_max_residual_m": 0.1, "conduit_type": "pipe", "pipe_diameter_mm": 900, "diameter_source": "legend_colour", "diameter_candidates_mm": null, "label_diameter_mm": 900.0, "label_agrees": true, "scheme": "KEIIP", "flow_arrow": "end" }, "geometry": { "type": "LineString", "coordinates": [ [ 88.397434640868767, 22.530734608560593 ], [ 88.39757872517562, 22.53073089475512 ], [ 88.397731455708438, 22.530727118904053 ], [ 88.397872772891546, 22.53073415343032 ], [ 88.398016952418843, 22.530738485134417 ], [ 88.398164033773853, 22.530745478115026 ], [ 88.398290920825417, 22.53074993345254 ], [ 88.398412126988958, 22.530762475978193 ], [ 88.398585286151047, 22.530780010487479 ], [ 88.3986099309693, 22.530913943569878 ], [ 88.398625199011619, 22.530986253385286 ], [ 88.398643539744882, 22.531074634339728 ] ] } },
{ "type": "Feature", "properties": { "ward": 108, "source_sheet": "108_ruby.pdf p1", "source": "KMC ward sewerage network map (ArcMap GeoPDF)", "extraction_method": "geopdf_vector", "georef_max_residual_m": 0.1, "conduit_type": "pipe", "pipe_diameter_mm": 1000, "diameter_source": "legend_colour", "diameter_candidates_mm": null, "label_diameter_mm": 1000.0, "label_agrees": true, "scheme": "KEIIP", "flow_arrow": "end" }, "geometry": { "type": "LineString", "coordinates": [ [ 88.398643539744882, 22.531074634339728 ], [ 88.398677275670138, 22.531246052960189 ], [ 88.398704802778269, 22.531379965355118 ] ] } },
{ "type": "Feature", "properties": { "ward": 108, "source_sheet": "108_ruby.pdf p1", "source": "KMC ward sewerage network map (ArcMap GeoPDF)", "extraction_method": "geopdf_vector", "georef_max_residual_m": 0.1, "conduit_type": "pipe", "pipe_diameter_mm": 1400, "diameter_source": "legend_colour", "diameter_candidates_mm": null, "label_diameter_mm": 1400.0, "label_agrees": true, "scheme": "KEIIP", "flow_arrow": "end" }, "geometry": { "type": "LineString", "coordinates": [ [ 88.398704802778269, 22.531379965355118 ], [ 88.398771143436093, 22.531626251668612 ], [ 88.398806881119611, 22.531966634081947 ], [ 88.398934339580762, 22.532263555598664 ], [ 88.398969560358964, 22.53231694695797 ], [ 88.399013459277327, 22.532372958282263 ], [ 88.399101428107201, 22.53249839062854 ], [ 88.399104764531899, 22.53277999697487 ], [ 88.398963601349635, 22.533030453057815 ], [ 88.398963038682155, 22.533226257181358 ], [ 88.398967191761429, 22.533333515123573 ], [ 88.398946898994978, 22.533567011398528 ], [ 88.398948678330243, 22.533717201441355 ], [ 88.398953117403323, 22.533848597062232 ], [ 88.398954992090268, 22.53400683299413 ], [ 88.398976882968455, 22.534151514445 ] ] } },
{ "type": "Feature", "properties": { "ward": 108, "source_sheet": "108_ruby.pdf p1", "source": "KMC ward sewerage network map (ArcMap GeoPDF)", "extraction_method": "geopdf_vector", "georef_max_residual_m": 0.1, "conduit_type": "pipe", "pipe_diameter_mm": 500, "diameter_source": "legend_colour", "diameter_candidates_mm": null, "label_diameter_mm": 500.0, "label_agrees": true, "scheme": "KEIIP", "flow_arrow": "end" }, "geometry": { "type": "LineString", "coordinates": [ [ 88.399501937243514, 22.531999200953294 ], [ 88.39948400897687, 22.531945685685411 ], [ 88.399442197599981, 22.531822604691897 ], [ 88.399418346280939, 22.531755720929091 ], [ 88.399402887042086, 22.531667319429904 ], [ 88.399390564158935, 22.531600352979382 ], [ 88.399381314060733, 22.531549457648808 ], [ 88.399369054759759, 22.531487855125174 ], [ 88.399347450065264, 22.531367311368779 ], [ 88.399335063687502, 22.531294980978124 ] ] } },
{ "type": "Feature", "properties": { "ward": 108, "source_sheet": "108_ruby.pdf p1", "source": "KMC ward sewerage network map (ArcMap GeoPDF)", "extraction_method": "geopdf_vector", "georef_max_residual_m": 0.1, "conduit_type": "pipe", "pipe_diameter_mm": 900, "diameter_source": "legend_colour", "diameter_candidates_mm": null, "label_diameter_mm": null, "label_agrees": null, "scheme": null, "flow_arrow": "end" }, "geometry": { "type": "LineString", "coordinates": [ [ 88.399335063687502, 22.531294980978124 ], [ 88.399332181597231, 22.531295001646466 ], [ 88.399090455272528, 22.531328921277129 ], [ 88.398935032722662, 22.531348810906138 ], [ 88.398819939654246, 22.531365729111119 ], [ 88.398704802778269, 22.531379965355118 ] ] } },
{ "type": "Feature", "properties": { "ward": 108, "source_sheet": "108_ruby.pdf p1", "source": "KMC ward sewerage network map (ArcMap GeoPDF)", "extraction_method": "geopdf_vector", "georef_max_residual_m": 0.1, "conduit_type": "pipe", "pipe_diameter_mm": 800, "diameter_source": "legend_colour", "diameter_candidates_mm": null, "label_diameter_mm": 800.0, "label_agrees": true, "scheme": "KEIIP", "flow_arrow": "end" }, "geometry": { "type": "LineString", "coordinates": [ [ 88.40047387516708, 22.531072234788326 ], [ 88.400255110902194, 22.53109794473292 ], [ 88.400015218208807, 22.531043340208587 ], [ 88.39981293192443, 22.530999194298644 ], [ 88.399651078257179, 22.530962804682762 ], [ 88.399483873647441, 22.530961321790144 ], [ 88.399354179900868, 22.530962251918623 ], [ 88.399384907457033, 22.531122963156825 ], [ 88.39940644857441, 22.53123814298139 ], [ 88.399335063687502, 22.531294980978124 ] ] } },
{ "type": "Feature", "properties": { "ward": 108, "source_sheet": "108_ruby.pdf p1", "source": "KMC ward sewerage network map (ArcMap GeoPDF)", "extraction_method": "geopdf_vector", "georef_max_residual_m": 0.1, "conduit_type": "pipe", "pipe_diameter_mm": 500, "diameter_source": "legend_colour", "diameter_candidates_mm": null, "label_diameter_mm": 500.0, "label_agrees": true, "scheme": "KEIIP", "flow_arrow": "end" }, "geometry": { "type": "LineString", "coordinates": [ [ 88.400787943973825, 22.531791489643709 ], [ 88.40068509861706, 22.531625932187769 ], [ 88.400640976679213, 22.531551147590616 ], [ 88.40060575549137, 22.53149775661511 ], [ 88.400549914463539, 22.531406962968816 ], [ 88.400502135358636, 22.531267831964904 ], [ 88.40047387516708, 22.531072234788326 ] ] } },
{ "type": "Feature", "properties": { "ward": 108, "source_sheet": "108_ruby.pdf p1", "source": "KMC ward sewerage network map (ArcMap GeoPDF)", "extraction_method": "geopdf_vector", "georef_max_residual_m": 0.1, "conduit_type": "pipe", "pipe_diameter_mm": 600, "diameter_source": "legend_colour", "diameter_candidates_mm": null, "label_diameter_mm": 600.0, "label_agrees": true, "scheme": "KEIIP", "flow_arrow": "end" }, "geometry": { "type": "LineString", "coordinates": [ [ 88.400519588703403, 22.529336528013207 ], [ 88.400588177401104, 22.529529153546335 ], [ 88.400626852504985, 22.52963079923401 ], [ 88.400641707991099, 22.529668243286075 ], [ 88.400665432264333, 22.529724399015254 ], [ 88.400680383178155, 22.529769888955212 ], [ 88.400698152555677, 22.529809994273297 ], [ 88.400716049155292, 22.529860827445638 ], [ 88.400745728436249, 22.529933033560148 ], [ 88.400757670126083, 22.52996781632493 ], [ 88.400828982549498, 22.530147011195364 ], [ 88.400846879246842, 22.530197844346443 ], [ 88.40087358119041, 22.530262025229913 ], [ 88.40092118920937, 22.530387746406216 ], [ 88.400933639913191, 22.530465440572318 ], [ 88.400943208560705, 22.530543155432422 ], [ 88.400962059617186, 22.53067444747413 ], [ 88.40097143744805, 22.530736070547238 ], [ 88.400977710546897, 22.530778940570936 ], [ 88.400987247441464, 22.53085397345955 ], [ 88.400999825478195, 22.530942395466315 ], [ 88.40093379208335, 22.530964327211166 ], [ 88.400856293952288, 22.53099170563884 ], [ 88.400790280305472, 22.531016319376963 ], [ 88.400689630034535, 22.531035817387203 ], [ 88.400626351412569, 22.531047000462255 ], [ 88.40047387516708, 22.531072234788326 ] ] } },
{ "type": "Feature", "properties": { "ward": 108, "source_sheet": "108_ruby.pdf p1", "source": "KMC ward sewerage network map (ArcMap GeoPDF)", "extraction_method": "geopdf_vector", "georef_max_residual_m": 0.1, "conduit_type": "pipe", "pipe_diameter_mm": 500, "diameter_source": "legend_colour", "diameter_candidates_mm": null, "label_diameter_mm": 500.0, "label_agrees": true, "scheme": "KEIIP", "flow_arrow": "end" }, "geometry": { "type": "LineString", "coordinates": [ [ 88.401395953945382, 22.530802758387221 ], [ 88.401298364896633, 22.530838327927281 ], [ 88.401200755990018, 22.530871215360953 ], [ 88.401094564417136, 22.530909528763122 ], [ 88.400999825478195, 22.530942395466315 ] ] } },
{ "type": "Feature", "properties": { "ward": 108, "source_sheet": "108_ruby.pdf p1", "source": "KMC ward sewerage network map (ArcMap GeoPDF)", "extraction_method": "geopdf_vector", "georef_max_residual_m": 0.1, "conduit_type": "pipe", "pipe_diameter_mm": 600, "diameter_source": "legend_colour", "diameter_candidates_mm": null, "label_diameter_mm": 600.0, "label_agrees": true, "scheme": "KEIIP", "flow_arrow": "end" }, "geometry": { "type": "LineString", "coordinates": [ [ 88.396143308717683, 22.525615465545492 ], [ 88.396228341039375, 22.52549415867167 ], [ 88.39631049124506, 22.525372872366695 ], [ 88.396378528892356, 22.52527582672333 ], [ 88.396480376889471, 22.525114166515248 ], [ 88.396585074770215, 22.524949792493505 ], [ 88.396684052352114, 22.524788152700847 ], [ 88.396768798244878, 22.524642707843206 ], [ 88.396897705190796, 22.52457473074865 ], [ 88.397006521504395, 22.524514943891798 ], [ 88.39714401060742, 22.524441540811569 ], [ 88.397438927863121, 22.524275816226915 ], [ 88.397653689495442, 22.524156262299865 ], [ 88.397925676942734, 22.52400142980018 ], [ 88.398040256084556, 22.523941589839609 ], [ 88.398172011909836, 22.523870909176392 ], [ 88.398277976901781, 22.523813824119269 ], [ 88.398386823738917, 22.523756718352971 ], [ 88.398478486142977, 22.523707782209144 ], [ 88.398744866659953, 22.523566399540979 ], [ 88.398988318240583, 22.523435909563357 ], [ 88.399111510575949, 22.523373336127694 ], [ 88.399249060897077, 22.523305295288978 ], [ 88.399395213071301, 22.523234510474392 ], [ 88.399532794876507, 22.523169151373949 ], [ 88.399761898930151, 22.523044127543564 ], [ 88.399916537277164, 22.522959859266088 ], [ 88.399965255857794, 22.522935370075455 ], [ 88.400105971584722, 22.523135536532486 ], [ 88.400257644670333, 22.52304325379453 ], [ 88.400087652750798, 22.522805746750002 ], [ 88.39973857335336, 22.521805098042599 ], [ 88.39944612030817, 22.520718212024519 ] ] } },
{ "type": "Feature", "properties": { "ward": 108, "source_sheet": "108_ruby.pdf p1", "source": "KMC ward sewerage network map (ArcMap GeoPDF)", "extraction_method": "geopdf_vector", "georef_max_residual_m": 0.1, "conduit_type": "pipe", "pipe_diameter_mm": 1200, "diameter_source": "legend_colour", "diameter_candidates_mm": null, "label_diameter_mm": null, "label_agrees": null, "scheme": null, "flow_arrow": "end" }, "geometry": { "type": "LineString", "coordinates": [ [ 88.399309753911879, 22.520155928225677 ], [ 88.39933778700663, 22.520332752276779 ], [ 88.39944612030817, 22.520718212024519 ], [ 88.399267868484557, 22.5205129606124 ] ] } },
{ "type": "Feature", "properties": { "ward": 108, "source_sheet": "108_ruby.pdf p1", "source": "KMC ward sewerage network map (ArcMap GeoPDF)", "extraction_method": "geopdf_vector", "georef_max_residual_m": 0.1, "conduit_type": "pipe", "pipe_diameter_mm": 400, "diameter_source": "legend_colour", "diameter_candidates_mm": null, "label_diameter_mm": 400.0, "label_agrees": true, "scheme": "KEIIP", "flow_arrow": "end" }, "geometry": { "type": "LineString", "coordinates": [ [ 88.39712972084277, 22.526158271503554 ], [ 88.397096622968206, 22.526040491689564 ], [ 88.397066597498821, 22.525938783061243 ], [ 88.397033467881869, 22.525818310080989 ], [ 88.397003379064657, 22.525711237493404 ], [ 88.396973322023115, 22.525606846866523 ], [ 88.39693721556992, 22.52547835973791 ], [ 88.396836556576375, 22.525497855260294 ], [ 88.396635262510358, 22.525536845948544 ], [ 88.396428192358712, 22.525575877697108 ] ] } },
{ "type": "Feature", "properties": { "ward": 108, "source_sheet": "108_ruby.pdf p1", "source": "KMC ward sewerage network map (ArcMap GeoPDF)", "extraction_method": "geopdf_vector", "georef_max_residual_m": 0.1, "conduit_type": "pipe", "pipe_diameter_mm": 300, "diameter_source": "legend_colour", "diameter_candidates_mm": null, "label_diameter_mm": null, "label_agrees": null, "scheme": null, "flow_arrow": "end" }, "geometry": { "type": "LineString", "coordinates": [ [ 88.396749930374952, 22.526702792623958 ], [ 88.396734949395054, 22.526654620249833 ], [ 88.396713823780971, 22.526574305466148 ], [ 88.396689816200038, 22.526494011293661 ], [ 88.396656686876796, 22.526373549408895 ], [ 88.396626598200498, 22.526266476749374 ], [ 88.396596465848589, 22.526156722196056 ], [ 88.396566408992385, 22.526052331488142 ], [ 88.396539392752658, 22.525961330010634 ], [ 88.396518394112476, 22.525891731890642 ], [ 88.396497300479794, 22.525814099029464 ] ] } },
{ "type": "Feature", "properties": { "ward": 108, "source_sheet": "108_ruby.pdf p1", "source": "KMC ward sewerage network map (ArcMap GeoPDF)", "extraction_method": "geopdf_vector", "georef_max_residual_m": 0.1, "conduit_type": "pipe", "pipe_diameter_mm": 400, "diameter_source": "legend_colour", "diameter_candidates_mm": null, "label_diameter_mm": null, "label_agrees": null, "scheme": null, "flow_arrow": "end" }, "geometry": { "type": "LineString", "coordinates": [ [ 88.396497300479794, 22.525814099029464 ], [ 88.3964792157131, 22.525747173434638 ], [ 88.396452263030312, 22.525661535874558 ], [ 88.396428192358712, 22.525575877697108 ] ] } },
{ "type": "Feature", "properties": { "ward": 108, "source_sheet": "108_ruby.pdf p1", "source": "KMC ward sewerage network map (ArcMap GeoPDF)", "extraction_method": "geopdf_vector", "georef_max_residual_m": 0.1, "conduit_type": "pipe", "pipe_diameter_mm": 400, "diameter_source": "legend_colour", "diameter_candidates_mm": null, "label_diameter_mm": 400.0, "label_agrees": true, "scheme": null, "flow_arrow": "end" }, "geometry": { "type": "LineString", "coordinates": [ [ 88.396456620582796, 22.526761216777544 ], [ 88.396429445670179, 22.526656805440961 ], [ 88.396405184513256, 22.526555055455926 ], [ 88.396375064266195, 22.5264453007734 ], [ 88.396341986645112, 22.526330202835691 ], [ 88.396309016230688, 22.526223150712866 ], [ 88.396278959570097, 22.526118759941866 ], [ 88.396254888908061, 22.52603310174181 ], [ 88.396230976833138, 22.525960853389872 ], [ 88.396206937811584, 22.52587786597412 ], [ 88.396176595930186, 22.525749337433481 ], [ 88.396143308717683, 22.525615465545492 ] ] } },
{ "type": "Feature", "properties": { "ward": 108, "source_sheet": "108_ruby.pdf p1", "source": "KMC ward sewerage network map (ArcMap GeoPDF)", "extraction_method": "geopdf_vector", "georef_max_residual_m": 0.1, "conduit_type": "pipe", "pipe_diameter_mm": 700, "diameter_source": "legend_colour", "diameter_candidates_mm": null, "label_diameter_mm": 700.0, "label_agrees": true, "scheme": "KEIIP", "flow_arrow": "end" }, "geometry": { "type": "LineString", "coordinates": [ [ 88.399623923122604, 22.52356278070112 ], [ 88.399602701117757, 22.52347442042473 ], [ 88.39958138382687, 22.523378014240016 ], [ 88.39955715287411, 22.523278946746007 ], [ 88.399532794876507, 22.523169151373949 ], [ 88.399520600008728, 22.523112912701308 ] ] } },
{ "type": "Feature", "properties": { "ward": 108, "source_sheet": "108_ruby.pdf p1", "source": "KMC ward sewerage network map (ArcMap GeoPDF)", "extraction_method": "geopdf_vector", "georef_max_residual_m": 0.1, "conduit_type": "pipe", "pipe_diameter_mm": 300, "diameter_source": "legend_colour", "diameter_candidates_mm": null, "label_diameter_mm": 300.0, "label_agrees": true, "scheme": "KEIIP", "flow_arrow": "end" }, "geometry": { "type": "LineString", "coordinates": [ [ 88.397232162686095, 22.526533045921589 ], [ 88.397192983333753, 22.526388487697421 ], [ 88.397174993334232, 22.52632960811497 ], [ 88.397156876434479, 22.526260000650808 ], [ 88.397141768457089, 22.52620110043808 ], [ 88.39712972084277, 22.526158271503554 ] ] } },
{ "type": "Feature", "properties": { "ward": 108, "source_sheet": "108_ruby.pdf p1", "source": "KMC ward sewerage network map (ArcMap GeoPDF)", "extraction_method": "geopdf_vector", "georef_max_residual_m": 0.1, "conduit_type": "pipe", "pipe_diameter_mm": 500, "diameter_source": "legend_colour", "diameter_candidates_mm": null, "label_diameter_mm": null, "label_agrees": null, "scheme": null, "flow_arrow": "end" }, "geometry": { "type": "LineString", "coordinates": [ [ 88.397540093337696, 22.524787391730854 ], [ 88.397515609646177, 22.524666868126921 ], [ 88.397491126003089, 22.52454634451535 ], [ 88.397463570062797, 22.524409749704517 ], [ 88.397438927863121, 22.524275816226915 ], [ 88.397438134566059, 22.524208766977576 ] ] } },
{ "type": "Feature", "properties": { "ward": 108, "source_sheet": "108_ruby.pdf p1", "source": "KMC ward sewerage network map (ArcMap GeoPDF)", "extraction_method": "geopdf_vector", "georef_max_residual_m": 0.1, "conduit_type": "pipe", "pipe_diameter_mm": 300, "diameter_source": "legend_colour", "diameter_candidates_mm": null, "label_diameter_mm": null, "label_agrees": null, "scheme": null, "flow_arrow": "end" }, "geometry": { "type": "LineString", "coordinates": [ [ 88.397477844441099, 22.525372567380099 ], [ 88.397334051260657, 22.525400418543139 ], [ 88.397095406780934, 22.525450405897587 ], [ 88.397035012277243, 22.52546156683097 ] ] } },
{ "type": "Feature", "properties": { "ward": 108, "source_sheet": "108_ruby.pdf p1", "source": "KMC ward sewerage network map (ArcMap GeoPDF)", "extraction_method": "geopdf_vector", "georef_max_residual_m": 0.1, "conduit_type": "pipe", "pipe_diameter_mm": 500, "diameter_source": "legend_colour", "diameter_candidates_mm": null, "label_diameter_mm": 500.0, "label_agrees": true, "scheme": "KEIIP", "flow_arrow": "end" }, "geometry": { "type": "LineString", "coordinates": [ [ 88.396972582463505, 22.525057001744742 ], [ 88.396960039449979, 22.524971261173487 ], [ 88.396947528046113, 22.524888191395039 ], [ 88.396925514403577, 22.524732781443586 ], [ 88.396897705190796, 22.52457473074865 ], [ 88.396888202844252, 22.52450237939733 ] ] } },
{ "type": "Feature", "properties": { "ward": 108, "source_sheet": "108_ruby.pdf p1", "source": "KMC ward sewerage network map (ArcMap GeoPDF)", "extraction_method": "geopdf_vector", "georef_max_residual_m": 0.1, "conduit_type": "pipe", "pipe_diameter_mm": 300, "diameter_source": "legend_colour", "diameter_candidates_mm": null, "label_diameter_mm": 300.0, "label_agrees": true, "scheme": null, "flow_arrow": "end" }, "geometry": { "type": "LineString", "coordinates": [ [ 88.397399477002892, 22.526545259389984 ], [ 88.397360360941221, 22.526406065154458 ], [ 88.397318267780278, 22.52625884562179 ], [ 88.397273165806979, 22.526100918818813 ], [ 88.397233986560892, 22.525956360593074 ], [ 88.397200825066193, 22.525833205685402 ], [ 88.397161614257783, 22.525685965459921 ], [ 88.397131513369629, 22.525578892984079 ], [ 88.397095406780934, 22.525450405897587 ] ] } },
{ "type": "Feature", "properties": { "ward": 108, "source_sheet": "108_ruby.pdf p1", "source": "KMC ward sewerage network map (ArcMap GeoPDF)", "extraction_method": "geopdf_vector", "georef_max_residual_m": 0.1, "conduit_type": "pipe", "pipe_diameter_mm": 400, "diameter_source": "legend_colour", "diameter_candidates_mm": null, "label_diameter_mm": 400.0, "label_agrees": true, "scheme": "KEIIP", "flow_arrow": "end" }, "geometry": { "type": "LineString", "coordinates": [ [ 88.397035012277243, 22.52546156683097 ], [ 88.397019428577323, 22.525362437042837 ], [ 88.397003781453975, 22.525257943310582 ], [ 88.396988134358708, 22.525153449574304 ], [ 88.396972582463505, 22.525057001744742 ] ] } },
{ "type": "Feature", "properties": { "ward": 108, "source_sheet": "108_ruby.pdf p1", "source": "KMC ward sewerage network map (ArcMap GeoPDF)", "extraction_method": "geopdf_vector", "georef_max_residual_m": 0.1, "conduit_type": "pipe", "pipe_diameter_mm": 450, "diameter_source": "legend_colour", "diameter_candidates_mm": null, "label_diameter_mm": null, "label_agrees": null, "scheme": null, "flow_arrow": "end" }, "geometry": { "type": "LineString", "coordinates": [ [ 88.399024762746507, 22.52505303476276 ], [ 88.398875238121661, 22.525083610552024 ], [ 88.398731489356891, 22.525114144817515 ] ] } },
{ "type": "Feature", "properties": { "ward": 108, "source_sheet": "108_ruby.pdf p1", "source": "KMC ward sewerage network map (ArcMap GeoPDF)", "extraction_method": "geopdf_vector", "georef_max_residual_m": 0.1, "conduit_type": "pipe", "pipe_diameter_mm": 600, "diameter_source": "legend_colour", "diameter_candidates_mm": null, "label_diameter_mm": null, "label_agrees": null, "scheme": null, "flow_arrow": "end" }, "geometry": { "type": "LineString", "coordinates": [ [ 88.398731489356891, 22.525114144817515 ], [ 88.398616452881569, 22.525136426651081 ], [ 88.398512956228714, 22.525158625729823 ] ] } },
{ "type": "Feature", "properties": { "ward": 108, "source_sheet": "108_ruby.pdf p1", "source": "KMC ward sewerage network map (ArcMap GeoPDF)", "extraction_method": "geopdf_vector", "georef_max_residual_m": 0.1, "conduit_type": "pipe", "pipe_diameter_mm": 300, "diameter_source": "legend_colour", "diameter_candidates_mm": null, "label_diameter_mm": null, "label_agrees": null, "scheme": null, "flow_arrow": "end" }, "geometry": { "type": "LineString", "coordinates": [ [ 88.399303576239816, 22.526204391206644 ], [ 88.399300567173157, 22.526193684000567 ], [ 88.399288499141392, 22.526148173208167 ], [ 88.39926727685544, 22.526059812924281 ], [ 88.399258217907189, 22.526025009335029 ], [ 88.399243109081567, 22.525966109361899 ], [ 88.399228000137782, 22.525907198211403 ], [ 88.399212827803936, 22.525842934298595 ], [ 88.399185543755522, 22.525730477695866 ], [ 88.399156406334754, 22.525703864617103 ] ] } },
{ "type": "Feature", "properties": { "ward": 108, "source_sheet": "108_ruby.pdf p1", "source": "KMC ward sewerage network map (ArcMap GeoPDF)", "extraction_method": "geopdf_vector", "georef_max_residual_m": 0.1, "conduit_type": "pipe", "pipe_diameter_mm": 500, "diameter_source": "legend_colour", "diameter_candidates_mm": null, "label_diameter_mm": 500.0, "label_agrees": true, "scheme": "KEIIP", "flow_arrow": "end" }, "geometry": { "type": "LineString", "coordinates": [ [ 88.399242038698105, 22.524415785817293 ], [ 88.399151375281448, 22.524062385894158 ], [ 88.399115267195128, 22.523933888137432 ], [ 88.39908200948669, 22.523802698917969 ], [ 88.399054769811357, 22.523692924121878 ], [ 88.399033643424815, 22.523612609659345 ], [ 88.399012485304013, 22.523529613223666 ], [ 88.398988318240583, 22.523435909563357 ], [ 88.398999083690413, 22.523371459705388 ] ] } },
{ "type": "Feature", "properties": { "ward": 108, "source_sheet": "108_ruby.pdf p1", "source": "KMC ward sewerage network map (ArcMap GeoPDF)", "extraction_method": "geopdf_vector", "georef_max_residual_m": 0.1, "conduit_type": "pipe", "pipe_diameter_mm": 300, "diameter_source": "legend_colour", "diameter_candidates_mm": null, "label_diameter_mm": null, "label_agrees": null, "scheme": null, "flow_arrow": "end" }, "geometry": { "type": "LineString", "coordinates": [ [ 88.399593747174976, 22.526124526913005 ], [ 88.399554374887899, 22.525963877574323 ], [ 88.399512120593783, 22.525803237709187 ], [ 88.399469834767089, 22.525639927032636 ], [ 88.399429570456206, 22.525648262322829 ] ] } },
{ "type": "Feature", "properties": { "ward": 108, "source_sheet": "108_ruby.pdf p1", "source": "KMC ward sewerage network map (ArcMap GeoPDF)", "extraction_method": "geopdf_vector", "georef_max_residual_m": 0.1, "conduit_type": "pipe", "pipe_diameter_mm": 300, "diameter_source": "legend_colour", "diameter_candidates_mm": null, "label_diameter_mm": 300.0, "label_agrees": true, "scheme": "KEIIP", "flow_arrow": "end" }, "geometry": { "type": "LineString", "coordinates": [ [ 88.400145363532189, 22.525973049478292 ], [ 88.40012097255854, 22.525860561137421 ], [ 88.400094017639759, 22.525774924303697 ], [ 88.400060949181892, 22.525659827183482 ], [ 88.400021862575727, 22.525523315669446 ] ] } },
{ "type": "Feature", "properties": { "ward": 108, "source_sheet": "108_ruby.pdf p1", "source": "KMC ward sewerage network map (ArcMap GeoPDF)", "extraction_method": "geopdf_vector", "georef_max_residual_m": 0.1, "conduit_type": "pipe", "pipe_diameter_mm": 400, "diameter_source": "legend_colour", "diameter_candidates_mm": null, "label_diameter_mm": 400.0, "label_agrees": true, "scheme": "KEIIP", "flow_arrow": "end" }, "geometry": { "type": "LineString", "coordinates": [ [ 88.400021862575727, 22.525523315669446 ], [ 88.400018948822577, 22.525520654377509 ], [ 88.399997408368151, 22.525405474536388 ], [ 88.399978877049207, 22.525301001881928 ], [ 88.399960365536344, 22.525199211275424 ], [ 88.399944906931168, 22.525110809738951 ], [ 88.39992650282754, 22.52501706493787 ], [ 88.399911012357862, 22.524925970252383 ], [ 88.399939164530124, 22.524869442227036 ] ] } },
{ "type": "Feature", "properties": { "ward": 108, "source_sheet": "108_ruby.pdf p1", "source": "KMC ward sewerage network map (ArcMap GeoPDF)", "extraction_method": "geopdf_vector", "georef_max_residual_m": 0.1, "conduit_type": "pipe", "pipe_diameter_mm": 400, "diameter_source": "legend_colour", "diameter_candidates_mm": null, "label_diameter_mm": null, "label_agrees": null, "scheme": null, "flow_arrow": "end" }, "geometry": { "type": "LineString", "coordinates": [ [ 88.399623923122604, 22.52356278070112 ], [ 88.399350858455037, 22.523626429030717 ], [ 88.399195647111355, 22.523662410212488 ], [ 88.399054769811357, 22.523692924121878 ] ] } },
{ "type": "Feature", "properties": { "ward": 108, "source_sheet": "108_ruby.pdf p1", "source": "KMC ward sewerage network map (ArcMap GeoPDF)", "extraction_method": "geopdf_vector", "georef_max_residual_m": 0.1, "conduit_type": "pipe", "pipe_diameter_mm": 400, "diameter_source": "legend_colour", "diameter_candidates_mm": null, "label_diameter_mm": 400.0, "label_agrees": true, "scheme": "KEIIP", "flow_arrow": "end" }, "geometry": { "type": "LineString", "coordinates": [ [ 88.400577089258718, 22.525433501432278 ], [ 88.400552380257821, 22.525294204677891 ], [ 88.400527798485541, 22.525165635778951 ], [ 88.400506321269887, 22.525055819951856 ], [ 88.400481675879462, 22.524921875930694 ], [ 88.400453945969474, 22.524771872046358 ] ] } },
{ "type": "Feature", "properties": { "ward": 108, "source_sheet": "108_ruby.pdf p1", "source": "KMC ward sewerage network map (ArcMap GeoPDF)", "extraction_method": "geopdf_vector", "georef_max_residual_m": 0.1, "conduit_type": "pipe", "pipe_diameter_mm": 300, "diameter_source": "legend_colour", "diameter_candidates_mm": null, "label_diameter_mm": 300.0, "label_agrees": true, "scheme": null, "flow_arrow": "end" }, "geometry": { "type": "LineString", "coordinates": [ [ 88.400697614391291, 22.525875198347958 ], [ 88.400682218813571, 22.525792160848457 ], [ 88.400660836739078, 22.525690390958474 ], [ 88.400642336670458, 22.52558860037707 ], [ 88.400614459447169, 22.525425186632699 ] ] } },
{ "type": "Feature", "properties": { "ward": 108, "source_sheet": "108_ruby.pdf p1", "source": "KMC ward sewerage network map (ArcMap GeoPDF)", "extraction_method": "geopdf_vector", "georef_max_residual_m": 0.1, "conduit_type": "pipe", "pipe_diameter_mm": 450, "diameter_source": "legend_colour", "diameter_candidates_mm": null, "label_diameter_mm": 450.0, "label_agrees": true, "scheme": "KEIIP", "flow_arrow": "end" }, "geometry": { "type": "LineString", "coordinates": [ [ 88.400453945969474, 22.524771872046358 ], [ 88.400347536205217, 22.524791410992552 ], [ 88.400226780206637, 22.524816417191055 ] ] } },
{ "type": "Feature", "properties": { "ward": 108, "source_sheet": "108_ruby.pdf p1", "source": "KMC ward sewerage network map (ArcMap GeoPDF)", "extraction_method": "geopdf_vector", "georef_max_residual_m": 0.1, "conduit_type": "pipe", "pipe_diameter_mm": 700, "diameter_source": "legend_colour", "diameter_candidates_mm": null, "label_diameter_mm": 700.0, "label_agrees": true, "scheme": "KEIIP", "flow_arrow": "end" }, "geometry": { "type": "LineString", "coordinates": [ [ 88.397248797246064, 22.530862002141362 ], [ 88.397915852523724, 22.530964513622365 ], [ 88.398456096820837, 22.531067931041282 ], [ 88.398643539744882, 22.531074634339728 ] ] } },
{ "type": "Feature", "properties": { "ward": 108, "source_sheet": "108_ruby.pdf p1", "source": "KMC ward sewerage network map (ArcMap GeoPDF)", "extraction_method": "geopdf_vector", "georef_max_residual_m": 0.1, "conduit_type": "pipe", "pipe_diameter_mm": 500, "diameter_source": "legend_colour", "diameter_candidates_mm": null, "label_diameter_mm": 500.0, "label_agrees": true, "scheme": "KEIIP", "flow_arrow": "end" }, "geometry": { "type": "LineString", "coordinates": [ [ 88.396024671944133, 22.530696417273905 ], [ 88.396440445297998, 22.530755134235768 ], [ 88.396564596911347, 22.530773021483302 ], [ 88.396674306410119, 22.530788329766288 ], [ 88.396957250511704, 22.530826538093407 ], [ 88.397248797246064, 22.530862002141362 ] ] } },
{ "type": "Feature", "properties": { "ward": 108, "source_sheet": "108_ruby.pdf p1", "source": "KMC ward sewerage network map (ArcMap GeoPDF)", "extraction_method": "geopdf_vector", "georef_max_residual_m": 0.1, "conduit_type": "pipe", "pipe_diameter_mm": 300, "diameter_source": "legend_colour", "diameter_candidates_mm": null, "label_diameter_mm": 300.0, "label_agrees": true, "scheme": null, "flow_arrow": "end" }, "geometry": { "type": "LineString", "coordinates": [ [ 88.39680086723564, 22.528816021431027 ], [ 88.396799000552292, 22.528901876240077 ], [ 88.396797196925135, 22.528993061462003 ], [ 88.396792543242086, 22.529086971622423 ], [ 88.396791088867246, 22.529207680852185 ], [ 88.396794986158227, 22.529293483241318 ], [ 88.396801606877759, 22.529365855163228 ], [ 88.396805409005125, 22.529443611642989 ], [ 88.396874483137296, 22.529435070814454 ], [ 88.396934923104695, 22.529426591741277 ], [ 88.396956874350749, 22.529576637627805 ], [ 88.396985224387564, 22.52978028163032 ], [ 88.397000935668885, 22.529890139219514 ], [ 88.397010755921826, 22.529989310181133 ], [ 88.397029571448712, 22.530117920916499 ], [ 88.397042369015509, 22.530225117150962 ], [ 88.397099793985461, 22.530450010584151 ], [ 88.397136156027685, 22.530599953271778 ], [ 88.397160386859369, 22.530699021065875 ], [ 88.397169509133676, 22.530739188701091 ] ] } },
{ "type": "Feature", "properties": { "ward": 108, "source_sheet": "108_ruby.pdf p1", "source": "KMC ward sewerage network map (ArcMap GeoPDF)", "extraction_method": "geopdf_vector", "georef_max_residual_m": 0.1, "conduit_type": "pipe", "pipe_diameter_mm": 300, "diameter_source": "legend_colour", "diameter_candidates_mm": null, "label_diameter_mm": 300.0, "label_agrees": true, "scheme": null, "flow_arrow": "end" }, "geometry": { "type": "LineString", "coordinates": [ [ 88.396759713578462, 22.529722886969282 ], [ 88.396787175014097, 22.529851435888308 ], [ 88.396805641307026, 22.529950545006571 ], [ 88.396842478798803, 22.530140717323071 ], [ 88.396867153530877, 22.530277332742436 ], [ 88.396888470299388, 22.530373739248521 ], [ 88.396903896028917, 22.530459459123133 ], [ 88.396925466702868, 22.530577321367218 ], [ 88.396943881767029, 22.530671066428294 ], [ 88.39695313090246, 22.530721961952711 ] ] } },
{ "type": "Feature", "properties": { "ward": 108, "source_sheet": "108_ruby.pdf p1", "source": "KMC ward sewerage network map (ArcMap GeoPDF)", "extraction_method": "geopdf_vector", "georef_max_residual_m": 0.1, "conduit_type": "pipe", "pipe_diameter_mm": 300, "diameter_source": "legend_colour", "diameter_candidates_mm": null, "label_diameter_mm": 300.0, "label_agrees": true, "scheme": null, "flow_arrow": "end" }, "geometry": { "type": "LineString", "coordinates": [ [ 88.395982722378406, 22.529586287898251 ], [ 88.396030230649657, 22.529703964859195 ], [ 88.396077739006486, 22.529821641800368 ], [ 88.396104533850917, 22.529893869502807 ], [ 88.396147637968056, 22.529882832482894 ], [ 88.396248173359965, 22.529852609357793 ], [ 88.396363075293934, 22.52981960122111 ], [ 88.396483721581333, 22.529783869718525 ], [ 88.396507983498239, 22.529885619620632 ], [ 88.396523250312995, 22.529957929705745 ], [ 88.396544566783319, 22.530054336275704 ], [ 88.396575132239292, 22.530201638398335 ], [ 88.396602593626611, 22.530330187345317 ], [ 88.396633064046924, 22.530469443539321 ], [ 88.396675665644636, 22.530659574648407 ], [ 88.396681854252463, 22.530694398915475 ] ] } },
{ "type": "Feature", "properties": { "ward": 108, "source_sheet": "108_ruby.pdf p1", "source": "KMC ward sewerage network map (ArcMap GeoPDF)", "extraction_method": "geopdf_vector", "georef_max_residual_m": 0.1, "conduit_type": "pipe", "pipe_diameter_mm": 300, "diameter_source": "legend_colour", "diameter_candidates_mm": null, "label_diameter_mm": 300.0, "label_agrees": true, "scheme": null, "flow_arrow": "end" }, "geometry": { "type": "LineString", "coordinates": [ [ 88.396274048502164, 22.52984705991258 ], [ 88.396302207315898, 22.530034612260554 ], [ 88.396317886383017, 22.530141787969711 ], [ 88.396357541914625, 22.530326575872376 ], [ 88.396379016942149, 22.530436392308726 ], [ 88.396397229285995, 22.530514045724907 ], [ 88.396418609219623, 22.530615816243301 ], [ 88.396427806725811, 22.530661347784275 ] ] } },
{ "type": "Feature", "properties": { "ward": 108, "source_sheet": "108_ruby.pdf p1", "source": "KMC ward sewerage network map (ArcMap GeoPDF)", "extraction_method": "geopdf_vector", "georef_max_residual_m": 0.1, "conduit_type": "pipe", "pipe_diameter_mm": 300, "diameter_source": "legend_colour", "diameter_candidates_mm": null, "label_diameter_mm": 300.0, "label_agrees": true, "scheme": null, "flow_arrow": "end" }, "geometry": { "type": "LineString", "coordinates": [ [ 88.395918313061955, 22.530233157784327 ], [ 88.396125283111317, 22.53018608053188 ], [ 88.396317886383017, 22.530141787969711 ] ] } },
{ "type": "Feature", "properties": { "ward": 108, "source_sheet": "108_ruby.pdf p1", "source": "KMC ward sewerage network map (ArcMap GeoPDF)", "extraction_method": "geopdf_vector", "georef_max_residual_m": 0.1, "conduit_type": "pipe", "pipe_diameter_mm": 400, "diameter_source": "legend_colour", "diameter_candidates_mm": null, "label_diameter_mm": 400.0, "label_agrees": true, "scheme": "KEIIP", "flow_arrow": "end" }, "geometry": { "type": "LineString", "coordinates": [ [ 88.396013603087098, 22.531710366545713 ], [ 88.396303628983802, 22.531617097714911 ], [ 88.396392688604934, 22.531592320924435 ], [ 88.396536329740783, 22.531551060445864 ], [ 88.396656997172371, 22.531518010801172 ], [ 88.396777676550371, 22.531484960982841 ], [ 88.396832372938036, 22.531479205204352 ], [ 88.39694735150529, 22.531451560446037 ], [ 88.396978959366848, 22.53144328765509 ], [ 88.397139912444132, 22.531404584948739 ], [ 88.397343950145185, 22.531352162675212 ], [ 88.397299227012482, 22.531226419675402 ], [ 88.397257449530983, 22.531106019961996 ], [ 88.397262134623944, 22.531014791791403 ], [ 88.397246549906953, 22.530915662131399 ], [ 88.397248797246064, 22.530862002141362 ] ] } },
{ "type": "Feature", "properties": { "ward": 108, "source_sheet": "108_ruby.pdf p1", "source": "KMC ward sewerage network map (ArcMap GeoPDF)", "extraction_method": "geopdf_vector", "georef_max_residual_m": 0.1, "conduit_type": "pipe", "pipe_diameter_mm": 225, "diameter_source": "legend_colour", "diameter_candidates_mm": null, "label_diameter_mm": null, "label_agrees": null, "scheme": null, "flow_arrow": "end" }, "geometry": { "type": "LineString", "coordinates": [ [ 88.396300524843497, 22.531598344547366 ], [ 88.396264639153884, 22.531488631190452 ], [ 88.396228626652615, 22.531368189945166 ] ] } },
{ "type": "Feature", "properties": { "ward": 108, "source_sheet": "108_ruby.pdf p1", "source": "KMC ward sewerage network map (ArcMap GeoPDF)", "extraction_method": "geopdf_vector", "georef_max_residual_m": 0.1, "conduit_type": "pipe", "pipe_diameter_mm": 225, "diameter_source": "legend_colour", "diameter_candidates_mm": null, "label_diameter_mm": 225.0, "label_agrees": true, "scheme": null, "flow_arrow": "end" }, "geometry": { "type": "LineString", "coordinates": [ [ 88.396533257295658, 22.531534989252787 ], [ 88.396470100214302, 22.531312818825992 ] ] } },
{ "type": "Feature", "properties": { "ward": 108, "source_sheet": "108_ruby.pdf p1", "source": "KMC ward sewerage network map (ArcMap GeoPDF)", "extraction_method": "geopdf_vector", "georef_max_residual_m": 0.1, "conduit_type": "pipe", "pipe_diameter_mm": 225, "diameter_source": "legend_colour", "diameter_candidates_mm": null, "label_diameter_mm": 225.0, "label_agrees": true, "scheme": null, "flow_arrow": "end" }, "geometry": { "type": "LineString", "coordinates": [ [ 88.39680041603431, 22.531457976315966 ], [ 88.396767316907642, 22.531340196559313 ], [ 88.39675227187044, 22.531286660302541 ], [ 88.396740267577798, 22.531246513263895 ] ] } },
{ "type": "Feature", "properties": { "ward": 108, "source_sheet": "108_ruby.pdf p1", "source": "KMC ward sewerage network map (ArcMap GeoPDF)", "extraction_method": "geopdf_vector", "georef_max_residual_m": 0.1, "conduit_type": "pipe", "pipe_diameter_mm": 300, "diameter_source": "legend_colour", "diameter_candidates_mm": null, "label_diameter_mm": 300.0, "label_agrees": true, "scheme": null, "flow_arrow": "end" }, "geometry": { "type": "LineString", "coordinates": [ [ 88.39599301221358, 22.531431565401878 ], [ 88.396151020080595, 22.531387520341962 ], [ 88.396228626652615, 22.531368189945166 ], [ 88.396309103287294, 22.531348838983664 ], [ 88.396383847429462, 22.531332211183042 ], [ 88.396470100214302, 22.531312818825992 ], [ 88.396553458870173, 22.531293447128366 ], [ 88.396740267577798, 22.531246513263895 ], [ 88.397050561790763, 22.531161144706136 ], [ 88.397156850032545, 22.531130879812139 ], [ 88.397257449530983, 22.531106019961996 ] ] } },
{ "type": "Feature", "properties": { "ward": 108, "source_sheet": "108_ruby.pdf p1", "source": "KMC ward sewerage network map (ArcMap GeoPDF)", "extraction_method": "geopdf_vector", "georef_max_residual_m": 0.1, "conduit_type": "pipe", "pipe_diameter_mm": 225, "diameter_source": "legend_colour", "diameter_candidates_mm": null, "label_diameter_mm": 225.0, "label_agrees": true, "scheme": null, "flow_arrow": "end" }, "geometry": { "type": "LineString", "coordinates": [ [ 88.396501576460949, 22.531049738479581 ], [ 88.396513866175695, 22.531114023260251 ], [ 88.396529069718554, 22.531180969389656 ], [ 88.39654139118521, 22.531247936134658 ], [ 88.396553458870173, 22.531293447128366 ] ] } },
{ "type": "Feature", "properties": { "ward": 108, "source_sheet": "108_ruby.pdf p1", "source": "KMC ward sewerage network map (ArcMap GeoPDF)", "extraction_method": "geopdf_vector", "georef_max_residual_m": 0.1, "conduit_type": "pipe", "pipe_diameter_mm": 225, "diameter_source": "legend_colour", "diameter_candidates_mm": null, "label_diameter_mm": 225.0, "label_agrees": true, "scheme": null, "flow_arrow": "end" }, "geometry": { "type": "LineString", "coordinates": [ [ 88.396501576460949, 22.531049738479581 ], [ 88.396474146707064, 22.530923871497848 ], [ 88.396446590122693, 22.530787276631202 ], [ 88.396440445297998, 22.530755134235768 ] ] } },
{ "type": "Feature", "properties": { "ward": 108, "source_sheet": "108_ruby.pdf p1", "source": "KMC ward sewerage network map (ArcMap GeoPDF)", "extraction_method": "geopdf_vector", "georef_max_residual_m": 0.1, "conduit_type": "pipe", "pipe_diameter_mm": 225, "diameter_source": "legend_colour", "diameter_candidates_mm": null, "label_diameter_mm": 225.0, "label_agrees": true, "scheme": null, "flow_arrow": "end" }, "geometry": { "type": "LineString", "coordinates": [ [ 88.396734561719356, 22.531007838689547 ], [ 88.396758728900082, 22.531101542613225 ], [ 88.396779855382462, 22.531181857310969 ], [ 88.396791986595389, 22.531232732220271 ] ] } },
{ "type": "Feature", "properties": { "ward": 108, "source_sheet": "108_ruby.pdf p1", "source": "KMC ward sewerage network map (ArcMap GeoPDF)", "extraction_method": "geopdf_vector", "georef_max_residual_m": 0.1, "conduit_type": "pipe", "pipe_diameter_mm": 225, "diameter_source": "legend_colour", "diameter_candidates_mm": null, "label_diameter_mm": null, "label_agrees": null, "scheme": null, "flow_arrow": "end" }, "geometry": { "type": "LineString", "coordinates": [ [ 88.396734561719356, 22.531007838689547 ], [ 88.396674306410119, 22.530788329766288 ] ] } },
{ "type": "Feature", "properties": { "ward": 108, "source_sheet": "108_ruby.pdf p1", "source": "KMC ward sewerage network map (ArcMap GeoPDF)", "extraction_method": "geopdf_vector", "georef_max_residual_m": 0.1, "conduit_type": "pipe", "pipe_diameter_mm": 225, "diameter_source": "legend_colour", "diameter_candidates_mm": null, "label_diameter_mm": 225.0, "label_agrees": true, "scheme": null, "flow_arrow": "end" }, "geometry": { "type": "LineString", "coordinates": [ [ 88.396999567092934, 22.530992531366365 ], [ 88.397035548402826, 22.531110290447401 ], [ 88.397050561790763, 22.531161144706136 ] ] } },
{ "type": "Feature", "properties": { "ward": 108, "source_sheet": "108_ruby.pdf p1", "source": "KMC ward sewerage network map (ArcMap GeoPDF)", "extraction_method": "geopdf_vector", "georef_max_residual_m": 0.1, "conduit_type": "pipe", "pipe_diameter_mm": 225, "diameter_source": "legend_colour", "diameter_candidates_mm": null, "label_diameter_mm": null, "label_agrees": null, "scheme": null, "flow_arrow": "end" }, "geometry": { "type": "LineString", "coordinates": [ [ 88.396999567092934, 22.530992531366365 ], [ 88.396987435831022, 22.530941656474035 ], [ 88.396972359030428, 22.530885438269095 ], [ 88.396957250511704, 22.530826538093407 ] ] } }
]
}
