{
"type": "FeatureCollection",
"name": "ward105_p1_pipes",
"crs": { "type": "name", "properties": { "name": "urn:ogc:def:crs:OGC:1.3:CRS84" } },
"features": [
{ "type": "Feature", "properties": { "ward": 105, "source_sheet": "105_garfa 1.pdf p1", "source": "KMC ward sewerage network map (ArcMap GeoPDF)", "extraction_method": "geopdf_vector", "georef_max_residual_m": 0.0, "conduit_type": "pipe", "pipe_diameter_mm": 300, "diameter_source": "legend_colour", "diameter_candidates_mm": null, "label_diameter_mm": 300.0, "label_agrees": true, "scheme": null, "flow_arrow": "end" }, "geometry": { "type": "LineString", "coordinates": [ [ 88.38329780884672, 22.500487412922666 ], [ 88.383312327154485, 22.500601532787162 ], [ 88.383326730888029, 22.5007046427185 ], [ 88.383339596340505, 22.500802259718057 ], [ 88.38323610968807, 22.500820989310778 ], [ 88.383108954947616, 22.500842662957432 ], [ 88.382975890337605, 22.500865760650676 ], [ 88.382850230892089, 22.500888798304892 ], [ 88.382726038086801, 22.500910447705589 ], [ 88.382591506642143, 22.500934933302418 ], [ 88.382439202565266, 22.500959562443441 ] ] } },
{ "type": "Feature", "properties": { "ward": 105, "source_sheet": "105_garfa 1.pdf p1", "source": "KMC ward sewerage network map (ArcMap GeoPDF)", "extraction_method": "geopdf_vector", "georef_max_residual_m": 0.0, "conduit_type": "pipe", "pipe_diameter_mm": 375, "diameter_source": "legend_colour", "diameter_candidates_mm": null, "label_diameter_mm": 375.0, "label_agrees": true, "scheme": null, "flow_arrow": "end" }, "geometry": { "type": "LineString", "coordinates": [ [ 88.383549257918844, 22.501165297176641 ], [ 88.383584908550091, 22.501032878911044 ], [ 88.383613340175231, 22.50091841162299 ], [ 88.383727194120794, 22.50089959790726 ], [ 88.38384251476802, 22.500879395944956 ], [ 88.383954887635809, 22.500860593997611 ], [ 88.384008104788649, 22.500850528903118 ] ] } },
{ "type": "Feature", "properties": { "ward": 105, "source_sheet": "105_garfa 1.pdf p1", "source": "KMC ward sewerage network map (ArcMap GeoPDF)", "extraction_method": "geopdf_vector", "georef_max_residual_m": 0.0, "conduit_type": "pipe", "pipe_diameter_mm": 225, "diameter_source": "legend_colour", "diameter_candidates_mm": null, "label_diameter_mm": 225.0, "label_agrees": true, "scheme": null, "flow_arrow": "end" }, "geometry": { "type": "LineString", "coordinates": [ [ 88.383616005270184, 22.501174391686625 ], [ 88.383549257918844, 22.501165297176641 ] ] } },
{ "type": "Feature", "properties": { "ward": 105, "source_sheet": "105_garfa 1.pdf p1", "source": "KMC ward sewerage network map (ArcMap GeoPDF)", "extraction_method": "geopdf_vector", "georef_max_residual_m": 0.0, "conduit_type": "pipe", "pipe_diameter_mm": 450, "diameter_source": "legend_colour", "diameter_candidates_mm": null, "label_diameter_mm": 450.0, "label_agrees": true, "scheme": null, "flow_arrow": "end" }, "geometry": { "type": "LineString", "coordinates": [ [ 88.382990551153583, 22.50170521726378 ], [ 88.38289976305812, 22.501663284444021 ], [ 88.382649193453091, 22.501639159667629 ], [ 88.382524527446989, 22.50161539309353 ], [ 88.382507898569727, 22.501440730720958 ] ] } },
{ "type": "Feature", "properties": { "ward": 105, "source_sheet": "105_garfa 1.pdf p1", "source": "KMC ward sewerage network map (ArcMap GeoPDF)", "extraction_method": "geopdf_vector", "georef_max_residual_m": 0.0, "conduit_type": "pipe", "pipe_diameter_mm": 400, "diameter_source": "legend_colour", "diameter_candidates_mm": null, "label_diameter_mm": 400.0, "label_agrees": true, "scheme": null, "flow_arrow": "end" }, "geometry": { "type": "LineString", "coordinates": [ [ 88.37930052591642, 22.50352014567936 ], [ 88.379277852687423, 22.503476285226153 ], [ 88.379262056153962, 22.503381444175119 ], [ 88.379260956058644, 22.503275473745422 ], [ 88.379258303442356, 22.503162634156688 ] ] } },
{ "type": "Feature", "properties": { "ward": 105, "source_sheet": "105_garfa 1.pdf p1", "source": "KMC ward sewerage network map (ArcMap GeoPDF)", "extraction_method": "geopdf_vector", "georef_max_residual_m": 0.0, "conduit_type": "pipe", "pipe_diameter_mm": 300, "diameter_source": "legend_colour", "diameter_candidates_mm": null, "label_diameter_mm": 300.0, "label_agrees": true, "scheme": null, "flow_arrow": "end" }, "geometry": { "type": "LineString", "coordinates": [ [ 88.379498873660793, 22.506645621445195 ], [ 88.379395482077442, 22.506673982497759 ], [ 88.379300934185622, 22.506698143087366 ], [ 88.379320845923033, 22.506761294720956 ], [ 88.379239656545593, 22.506788100252447 ], [ 88.379137803018835, 22.506821954115345 ], [ 88.379037430572907, 22.506855795973017 ], [ 88.378935576940805, 22.506889649712665 ], [ 88.378829294261436, 22.506924915513142 ], [ 88.378717115613824, 22.506962981434839 ], [ 88.378788270540852, 22.507111053934224 ], [ 88.37869380793363, 22.507143471642689 ], [ 88.378581643353414, 22.507182913722499 ], [ 88.378453243622729, 22.507227991957315 ], [ 88.378351003984065, 22.507224686959511 ], [ 88.378254703116127, 22.507222710338226 ], [ 88.37812875136018, 22.507218219871987 ], [ 88.378004295083699, 22.507215093615631 ], [ 88.377899121785717, 22.507214564626061 ], [ 88.377790971994642, 22.507212683187749 ], [ 88.377709482260244, 22.507210586979472 ], [ 88.377630968952005, 22.507209843056067 ] ] } },
{ "type": "Feature", "properties": { "ward": 105, "source_sheet": "105_garfa 1.pdf p1", "source": "KMC ward sewerage network map (ArcMap GeoPDF)", "extraction_method": "geopdf_vector", "georef_max_residual_m": 0.0, "conduit_type": "pipe", "pipe_diameter_mm": 225, "diameter_source": "legend_colour", "diameter_candidates_mm": null, "label_diameter_mm": 225.0, "label_agrees": true, "scheme": null, "flow_arrow": "end" }, "geometry": { "type": "LineString", "coordinates": [ [ 88.379439081225115, 22.506450661578381 ], [ 88.379469746567992, 22.506550888056179 ], [ 88.379498873660793, 22.506645621445195 ] ] } },
{ "type": "Feature", "properties": { "ward": 105, "source_sheet": "105_garfa 1.pdf p1", "source": "KMC ward sewerage network map (ArcMap GeoPDF)", "extraction_method": "geopdf_vector", "georef_max_residual_m": 0.0, "conduit_type": "pipe", "pipe_diameter_mm": 400, "diameter_source": "legend_colour", "diameter_candidates_mm": null, "label_diameter_mm": 400.0, "label_agrees": true, "scheme": null, "flow_arrow": "end" }, "geometry": { "type": "LineString", "coordinates": [ [ 88.37966103633913, 22.505002323721303 ], [ 88.379608197823842, 22.504906405187622 ], [ 88.379558364480289, 22.504814591466118 ], [ 88.379511536174334, 22.504726882561211 ], [ 88.379473766005688, 22.504655616761664 ], [ 88.379436024395375, 22.504587103494046 ], [ 88.37939526351181, 22.50451310913391 ], [ 88.379345696986022, 22.50430430314351 ], [ 88.379330300350404, 22.504247996801471 ], [ 88.379180654110726, 22.504243698128512 ], [ 88.379029512419365, 22.504238035015135 ], [ 88.378854487846908, 22.504214671751768 ], [ 88.378689830813698, 22.504191224670425 ], [ 88.378523707063096, 22.504169165597716 ] ] } },
{ "type": "Feature", "properties": { "ward": 105, "source_sheet": "105_garfa 1.pdf p1", "source": "KMC ward sewerage network map (ArcMap GeoPDF)", "extraction_method": "geopdf_vector", "georef_max_residual_m": 0.0, "conduit_type": "pipe", "pipe_diameter_mm": 400, "diameter_source": "legend_colour", "diameter_candidates_mm": null, "label_diameter_mm": 400.0, "label_agrees": true, "scheme": null, "flow_arrow": "end" }, "geometry": { "type": "LineString", "coordinates": [ [ 88.381582034986508, 22.503849948402593 ], [ 88.381666127054487, 22.503817612949508 ], [ 88.381759076929598, 22.503782453173333 ], [ 88.381852026816802, 22.503747293345228 ], [ 88.381939066574503, 22.503713557579808 ], [ 88.382018743925727, 22.503684010279155 ], [ 88.382076205146475, 22.503654642537175 ], [ 88.382135133123271, 22.503623886507238 ], [ 88.38218964647676, 22.503595918907614 ], [ 88.382242693026953, 22.503569339445352 ], [ 88.382310607542294, 22.503548145219511 ], [ 88.382377040939261, 22.503526962938096 ] ] } },
{ "type": "Feature", "properties": { "ward": 105, "source_sheet": "105_garfa 1.pdf p1", "source": "KMC ward sewerage network map (ArcMap GeoPDF)", "extraction_method": "geopdf_vector", "georef_max_residual_m": 0.0, "conduit_type": "pipe", "pipe_diameter_mm": 300, "diameter_source": "legend_colour", "diameter_candidates_mm": null, "label_diameter_mm": 300.0, "label_agrees": true, "scheme": null, "flow_arrow": "end" }, "geometry": { "type": "LineString", "coordinates": [ [ 88.380411724532877, 22.503406578135131 ], [ 88.380415773407051, 22.503511148303474 ], [ 88.380540297807471, 22.503521154072356 ], [ 88.38064405862643, 22.503528574586586 ], [ 88.380783179304231, 22.503517817030353 ], [ 88.380906022437728, 22.503508567082495 ], [ 88.381051053020641, 22.503496385221581 ], [ 88.381123267823156, 22.503461393248074 ], [ 88.381198416228884, 22.503423624837179 ], [ 88.381285355818292, 22.503380255732825 ], [ 88.381263476314004, 22.503270324188119 ] ] } },
{ "type": "Feature", "properties": { "ward": 105, "source_sheet": "105_garfa 1.pdf p1", "source": "KMC ward sewerage network map (ArcMap GeoPDF)", "extraction_method": "geopdf_vector", "georef_max_residual_m": 0.0, "conduit_type": "pipe", "pipe_diameter_mm": 300, "diameter_source": "legend_colour", "diameter_candidates_mm": null, "label_diameter_mm": 300.0, "label_agrees": true, "scheme": null, "flow_arrow": "end" }, "geometry": { "type": "LineString", "coordinates": [ [ 88.383418213255695, 22.502520688138915 ], [ 88.383668931313778, 22.503270148084486 ], [ 88.383694926311634, 22.50334838983893 ] ] } },
{ "type": "Feature", "properties": { "ward": 105, "source_sheet": "105_garfa 1.pdf p1", "source": "KMC ward sewerage network map (ArcMap GeoPDF)", "extraction_method": "geopdf_vector", "georef_max_residual_m": 0.0, "conduit_type": "pipe", "pipe_diameter_mm": 300, "diameter_source": "legend_colour", "diameter_candidates_mm": null, "label_diameter_mm": 300.0, "label_agrees": true, "scheme": null, "flow_arrow": "end" }, "geometry": { "type": "LineString", "coordinates": [ [ 88.382489590543372, 22.502813102464582 ], [ 88.382324799551355, 22.502919037300597 ], [ 88.382410809528267, 22.503071117251331 ], [ 88.382484756361151, 22.50320264936536 ] ] } },
{ "type": "Feature", "properties": { "ward": 105, "source_sheet": "105_garfa 1.pdf p1", "source": "KMC ward sewerage network map (ArcMap GeoPDF)", "extraction_method": "geopdf_vector", "georef_max_residual_m": 0.0, "conduit_type": "pipe", "pipe_diameter_mm": 300, "diameter_source": "legend_colour", "diameter_candidates_mm": null, "label_diameter_mm": 300.0, "label_agrees": true, "scheme": null, "flow_arrow": "end" }, "geometry": { "type": "LineString", "coordinates": [ [ 88.382467645880965, 22.503835909911444 ], [ 88.382709926213266, 22.503774767988567 ], [ 88.382848459578938, 22.503707582881834 ], [ 88.382995850616467, 22.503637573372096 ], [ 88.383104905580751, 22.503584390013806 ], [ 88.383253849076468, 22.503521249447392 ], [ 88.38339097251378, 22.503460957137932 ], [ 88.383519238043391, 22.503403489035318 ], [ 88.383694926311634, 22.50334838983893 ], [ 88.383832608323246, 22.503341770316798 ], [ 88.383962899306184, 22.503336586849834 ], [ 88.384110948745814, 22.503329883186282 ], [ 88.38420567974724, 22.503323611041917 ] ] } },
{ "type": "Feature", "properties": { "ward": 105, "source_sheet": "105_garfa 1.pdf p1", "source": "KMC ward sewerage network map (ArcMap GeoPDF)", "extraction_method": "geopdf_vector", "georef_max_residual_m": 0.0, "conduit_type": "pipe", "pipe_diameter_mm": 375, "diameter_source": "legend_colour", "diameter_candidates_mm": null, "label_diameter_mm": 375.0, "label_agrees": true, "scheme": null, "flow_arrow": "end" }, "geometry": { "type": "LineString", "coordinates": [ [ 88.381036752936623, 22.507392955761986 ], [ 88.381027322559035, 22.507340730532505 ], [ 88.381019416247909, 22.507292622064295 ], [ 88.381128832534358, 22.507273845803937 ], [ 88.381244144591363, 22.507252269134717 ], [ 88.381353560807128, 22.507233492724669 ], [ 88.381494023042706, 22.507208960000412 ], [ 88.381632918208425, 22.507176181734433 ], [ 88.381751120723621, 22.507147699571146 ], [ 88.381888548998035, 22.507116309299143 ] ] } },
{ "type": "Feature", "properties": { "ward": 105, "source_sheet": "105_garfa 1.pdf p1", "source": "KMC ward sewerage network map (ArcMap GeoPDF)", "extraction_method": "geopdf_vector", "georef_max_residual_m": 0.0, "conduit_type": "pipe", "pipe_diameter_mm": 300, "diameter_source": "legend_colour", "diameter_candidates_mm": null, "label_diameter_mm": 300.0, "label_agrees": true, "scheme": null, "flow_arrow": "end" }, "geometry": { "type": "LineString", "coordinates": [ [ 88.381002491784926, 22.505664533407053 ], [ 88.381097339071133, 22.505669272881605 ], [ 88.381186261942631, 22.505674060091316 ], [ 88.381369917700098, 22.505672576689939 ] ] } },
{ "type": "Feature", "properties": { "ward": 105, "source_sheet": "105_garfa 1.pdf p1", "source": "KMC ward sewerage network map (ArcMap GeoPDF)", "extraction_method": "geopdf_vector", "georef_max_residual_m": 0.0, "conduit_type": "pipe", "pipe_diameter_mm": 450, "diameter_source": "legend_colour", "diameter_candidates_mm": null, "label_diameter_mm": 450.0, "label_agrees": true, "scheme": null, "flow_arrow": "end" }, "geometry": { "type": "LineString", "coordinates": [ [ 88.380060604526903, 22.506821391668716 ], [ 88.380107814100157, 22.506803118098762 ], [ 88.380150608921014, 22.506787632801707 ], [ 88.380190441529919, 22.506772171458 ], [ 88.380234717463438, 22.506756674243121 ], [ 88.380354229503936, 22.506711666308341 ], [ 88.38036393943247, 22.506648275727464 ], [ 88.380479122415906, 22.50661431350569 ], [ 88.380592824208961, 22.506580363161511 ], [ 88.380778742503139, 22.506511420791313 ], [ 88.380848053927394, 22.506481957755682 ], [ 88.380911440992534, 22.506452542473504 ], [ 88.380994010791213, 22.506416090529704 ], [ 88.381030923916384, 22.506404781633226 ], [ 88.38112397581709, 22.506379255772625 ], [ 88.381120498496415, 22.506329735176056 ], [ 88.381302330578322, 22.50629523409189 ], [ 88.381417584556914, 22.506268152372762 ], [ 88.381537253178792, 22.506238282251321 ] ] } },
{ "type": "Feature", "properties": { "ward": 105, "source_sheet": "105_garfa 1.pdf p1", "source": "KMC ward sewerage network map (ArcMap GeoPDF)", "extraction_method": "geopdf_vector", "georef_max_residual_m": 0.0, "conduit_type": "pipe", "pipe_diameter_mm": 300, "diameter_source": "legend_colour", "diameter_candidates_mm": null, "label_diameter_mm": 300.0, "label_agrees": true, "scheme": null, "flow_arrow": "end" }, "geometry": { "type": "LineString", "coordinates": [ [ 88.380446650277406, 22.505912635580795 ], [ 88.380319819244448, 22.505965960718648 ] ] } },
{ "type": "Feature", "properties": { "ward": 105, "source_sheet": "105_garfa 1.pdf p1", "source": "KMC ward sewerage network map (ArcMap GeoPDF)", "extraction_method": "geopdf_vector", "georef_max_residual_m": 0.0, "conduit_type": "pipe", "pipe_diameter_mm": 400, "diameter_source": "legend_colour", "diameter_candidates_mm": null, "label_diameter_mm": 400.0, "label_agrees": true, "scheme": null, "flow_arrow": "end" }, "geometry": { "type": "LineString", "coordinates": [ [ 88.381283329443278, 22.504182685917648 ], [ 88.381285483003182, 22.504247357144731 ], [ 88.381289074687174, 22.504307887684053 ], [ 88.381308106734878, 22.504428853003432 ], [ 88.381323933429471, 22.504526446249074 ], [ 88.381342722304836, 22.50462401550779 ], [ 88.381360073089326, 22.504725725506855 ], [ 88.381377366605975, 22.504821930535723 ], [ 88.381399432534465, 22.504949753110335 ], [ 88.381419931601471, 22.505069330192484 ], [ 88.38143884942717, 22.505179285599862 ], [ 88.381459305643517, 22.505294734003282 ], [ 88.381478237851468, 22.50540606564136 ] ] } },
{ "type": "Feature", "properties": { "ward": 105, "source_sheet": "105_garfa 1.pdf p1", "source": "KMC ward sewerage network map (ArcMap GeoPDF)", "extraction_method": "geopdf_vector", "georef_max_residual_m": 0.0, "conduit_type": "pipe", "pipe_diameter_mm": 450, "diameter_source": "legend_colour", "diameter_candidates_mm": null, "label_diameter_mm": 450.0, "label_agrees": true, "scheme": null, "flow_arrow": "end" }, "geometry": { "type": "LineString", "coordinates": [ [ 88.380880429317216, 22.505036525733249 ], [ 88.380892284569327, 22.505179570710254 ], [ 88.380900905898287, 22.50529649112217 ] ] } },
{ "type": "Feature", "properties": { "ward": 105, "source_sheet": "105_garfa 1.pdf p1", "source": "KMC ward sewerage network map (ArcMap GeoPDF)", "extraction_method": "geopdf_vector", "georef_max_residual_m": 0.0, "conduit_type": "pipe", "pipe_diameter_mm": 300, "diameter_source": "legend_colour", "diameter_candidates_mm": null, "label_diameter_mm": 300.0, "label_agrees": true, "scheme": null, "flow_arrow": "end" }, "geometry": { "type": "LineString", "coordinates": [ [ 88.381602612745368, 22.504119547373296 ], [ 88.381697430288739, 22.504121534007293 ], [ 88.381786309293275, 22.504122192267662 ], [ 88.381919262733476, 22.504088085526124 ], [ 88.381982405080024, 22.504035273892143 ], [ 88.382090280296737, 22.50401100410987 ], [ 88.38220702763941, 22.503985286249968 ], [ 88.382320812732047, 22.50395959219378 ] ] } },
{ "type": "Feature", "properties": { "ward": 105, "source_sheet": "105_garfa 1.pdf p1", "source": "KMC ward sewerage network map (ArcMap GeoPDF)", "extraction_method": "geopdf_vector", "georef_max_residual_m": 0.0, "conduit_type": "pipe", "pipe_diameter_mm": 400, "diameter_source": "legend_colour", "diameter_candidates_mm": null, "label_diameter_mm": 400.0, "label_agrees": true, "scheme": null, "flow_arrow": "end" }, "geometry": { "type": "LineString", "coordinates": [ [ 88.38305251636136, 22.506662337068544 ], [ 88.383024352258616, 22.506518047928047 ], [ 88.382999479849573, 22.506405388233091 ], [ 88.382971545079499, 22.506283118862413 ], [ 88.382948698253955, 22.506222744137052 ], [ 88.382921336514599, 22.506155524197155 ], [ 88.38290953634062, 22.506017984400003 ], [ 88.382897807821379, 22.505887325801037 ], [ 88.382889299349884, 22.505781415514793 ], [ 88.382914397681475, 22.505631190154041 ] ] } },
{ "type": "Feature", "properties": { "ward": 105, "source_sheet": "105_garfa 1.pdf p1", "source": "KMC ward sewerage network map (ArcMap GeoPDF)", "extraction_method": "geopdf_vector", "georef_max_residual_m": 0.0, "conduit_type": "pipe", "pipe_diameter_mm": 300, "diameter_source": "legend_colour", "diameter_candidates_mm": null, "label_diameter_mm": 300.0, "label_agrees": true, "scheme": null, "flow_arrow": "end" }, "geometry": { "type": "LineString", "coordinates": [ [ 88.383024352258616, 22.506518047928047 ], [ 88.383172218911767, 22.506493453891576 ], [ 88.383342244720708, 22.506463175085383 ], [ 88.383500450280891, 22.506435744396605 ], [ 88.38368231035669, 22.506403993128323 ], [ 88.383831643529419, 22.5063780102724 ], [ 88.383985419890863, 22.506351991316659 ], [ 88.384026804701975, 22.506343398261233 ] ] } },
{ "type": "Feature", "properties": { "ward": 105, "source_sheet": "105_garfa 1.pdf p1", "source": "KMC ward sewerage network map (ArcMap GeoPDF)", "extraction_method": "geopdf_vector", "georef_max_residual_m": 0.0, "conduit_type": "pipe", "pipe_diameter_mm": 225, "diameter_source": "legend_colour", "diameter_candidates_mm": null, "label_diameter_mm": 225.0, "label_agrees": true, "scheme": null, "flow_arrow": "end" }, "geometry": { "type": "LineString", "coordinates": [ [ 88.382671618121535, 22.506213973965767 ], [ 88.382748449037152, 22.506195460125461 ], [ 88.382837114475379, 22.506175474188684 ], [ 88.382921336514599, 22.506155524197155 ] ] } },
{ "type": "Feature", "properties": { "ward": 105, "source_sheet": "105_garfa 1.pdf p1", "source": "KMC ward sewerage network map (ArcMap GeoPDF)", "extraction_method": "geopdf_vector", "georef_max_residual_m": 0.0, "conduit_type": "pipe", "pipe_diameter_mm": 300, "diameter_source": "legend_colour", "diameter_candidates_mm": null, "label_diameter_mm": 300.0, "label_agrees": true, "scheme": null, "flow_arrow": "end" }, "geometry": { "type": "LineString", "coordinates": [ [ 88.38295098346714, 22.505161558171601 ], [ 88.382854870334072, 22.505177475361009 ], [ 88.382867406603296, 22.505243438864451 ], [ 88.382883005323336, 22.505319012095239 ], [ 88.382905866212226, 22.505380763086471 ], [ 88.38292416930031, 22.505431540081933 ], [ 88.382939438606968, 22.505475459827686 ], [ 88.382956174716583, 22.505517991409629 ], [ 88.382944655437797, 22.505549740653009 ], [ 88.382930231279744, 22.505587018813891 ], [ 88.382914397681475, 22.505631190154041 ] ] } },
{ "type": "Feature", "properties": { "ward": 105, "source_sheet": "105_garfa 1.pdf p1", "source": "KMC ward sewerage network map (ArcMap GeoPDF)", "extraction_method": "geopdf_vector", "georef_max_residual_m": 0.0, "conduit_type": "pipe", "pipe_diameter_mm": 225, "diameter_source": "legend_colour", "diameter_candidates_mm": null, "label_diameter_mm": 225.0, "label_agrees": true, "scheme": null, "flow_arrow": "end" }, "geometry": { "type": "LineString", "coordinates": [ [ 88.383296980949282, 22.503680557462143 ], [ 88.383283135550045, 22.503631120736117 ], [ 88.383269261508573, 22.503578931584105 ], [ 88.383253849076468, 22.503521249447392 ] ] } },
{ "type": "Feature", "properties": { "ward": 105, "source_sheet": "105_garfa 1.pdf p1", "source": "KMC ward sewerage network map (ArcMap GeoPDF)", "extraction_method": "geopdf_vector", "georef_max_residual_m": 0.0, "conduit_type": "pipe", "pipe_diameter_mm": 375, "diameter_source": "legend_colour", "diameter_candidates_mm": null, "label_diameter_mm": 375.0, "label_agrees": true, "scheme": null, "flow_arrow": "end" }, "geometry": { "type": "LineString", "coordinates": [ [ 88.37855293436381, 22.509126556265446 ], [ 88.378556053802939, 22.509141670995675 ], [ 88.378562592524361, 22.50920080149146 ], [ 88.378569002696011, 22.509247545861456 ], [ 88.378575427218237, 22.509295666415326 ], [ 88.378565035105538, 22.509436138205725 ], [ 88.378550528150527, 22.509608299331749 ], [ 88.378562138844231, 22.509727948496376 ], [ 88.378572196974474, 22.509840728328779 ], [ 88.378585288884807, 22.509960365545954 ], [ 88.37859028943187, 22.510014003003107 ], [ 88.378596742520486, 22.510064876034662 ], [ 88.378603195614886, 22.510115749065406 ], [ 88.378669804236893, 22.510111083051218 ], [ 88.378739375127537, 22.510106393068597 ], [ 88.378807450556252, 22.51010033875674 ] ] } },
{ "type": "Feature", "properties": { "ward": 105, "source_sheet": "105_garfa 1.pdf p1", "source": "KMC ward sewerage network map (ArcMap GeoPDF)", "extraction_method": "geopdf_vector", "georef_max_residual_m": 0.0, "conduit_type": "pipe", "pipe_diameter_mm": 400, "diameter_source": "legend_colour", "diameter_candidates_mm": null, "label_diameter_mm": 400.0, "label_agrees": true, "scheme": null, "flow_arrow": "end" }, "geometry": { "type": "LineString", "coordinates": [ [ 88.380954949984101, 22.50978296426619 ], [ 88.380842240384879, 22.509770110938575 ], [ 88.380699979614917, 22.509764377991758 ], [ 88.380550327396293, 22.509760080895205 ], [ 88.380424402033825, 22.509758344827304 ], [ 88.38028070301165, 22.509756752132702 ], [ 88.380150520114739, 22.509772942799426 ], [ 88.380042525678306, 22.509786201631965 ], [ 88.379949314018091, 22.50979658832431 ] ] } },
{ "type": "Feature", "properties": { "ward": 105, "source_sheet": "105_garfa 1.pdf p1", "source": "KMC ward sewerage network map (ArcMap GeoPDF)", "extraction_method": "geopdf_vector", "georef_max_residual_m": 0.0, "conduit_type": "pipe", "pipe_diameter_mm": 300, "diameter_source": "legend_colour", "diameter_candidates_mm": null, "label_diameter_mm": 300.0, "label_agrees": true, "scheme": null, "flow_arrow": "end" }, "geometry": { "type": "LineString", "coordinates": [ [ 88.381391991717237, 22.508507684583133 ], [ 88.381485230986684, 22.508500049527139 ], [ 88.381581432480132, 22.508492390483365 ], [ 88.381676152872586, 22.50848474340776 ], [ 88.381785713065668, 22.508479729011409 ], [ 88.38188640091488, 22.508476162601031 ], [ 88.382019659099782, 22.508470956524228 ], [ 88.38209959683293, 22.508466181336715 ], [ 88.382170647789266, 22.508461478003227 ], [ 88.382247623271653, 22.508456726687825 ] ] } },
{ "type": "Feature", "properties": { "ward": 105, "source_sheet": "105_garfa 1.pdf p1", "source": "KMC ward sewerage network map (ArcMap GeoPDF)", "extraction_method": "geopdf_vector", "georef_max_residual_m": 0.0, "conduit_type": "pipe", "pipe_diameter_mm": 300, "diameter_source": "legend_colour", "diameter_candidates_mm": null, "label_diameter_mm": 300.0, "label_agrees": true, "scheme": null, "flow_arrow": "end" }, "geometry": { "type": "LineString", "coordinates": [ [ 88.3814286766371, 22.508759260655012 ], [ 88.381576946798106, 22.508773202584027 ], [ 88.381716315935606, 22.508785839945869 ], [ 88.38181126550694, 22.50880021251762 ], [ 88.381897328425566, 22.508814656910861 ] ] } },
{ "type": "Feature", "properties": { "ward": 105, "source_sheet": "105_garfa 1.pdf p1", "source": "KMC ward sewerage network map (ArcMap GeoPDF)", "extraction_method": "geopdf_vector", "georef_max_residual_m": 0.0, "conduit_type": "pipe", "pipe_diameter_mm": 225, "diameter_source": "legend_colour", "diameter_candidates_mm": null, "label_diameter_mm": 225.0, "label_agrees": true, "scheme": null, "flow_arrow": "end" }, "geometry": { "type": "LineString", "coordinates": [ [ 88.3814297214211, 22.508859725894034 ], [ 88.3814286766371, 22.508759260655012 ] ] } },
{ "type": "Feature", "properties": { "ward": 105, "source_sheet": "105_garfa 1.pdf p1", "source": "KMC ward sewerage network map (ArcMap GeoPDF)", "extraction_method": "geopdf_vector", "georef_max_residual_m": 0.0, "conduit_type": "pipe", "pipe_diameter_mm": 300, "diameter_source": "legend_colour", "diameter_candidates_mm": null, "label_diameter_mm": 300.0, "label_agrees": true, "scheme": null, "flow_arrow": "end" }, "geometry": { "type": "LineString", "coordinates": [ [ 88.378910577972562, 22.508904832679363 ], [ 88.378965351227251, 22.508901638299367 ], [ 88.379072006859559, 22.508902154584121 ], [ 88.379187520717437, 22.508899846641409 ], [ 88.379326746971955, 22.508898723712541 ], [ 88.379422282441809, 22.508969523452549 ], [ 88.379512479592364, 22.509096796671287 ], [ 88.379579230553816, 22.509105892668465 ], [ 88.379644500426167, 22.509115000529626 ], [ 88.379697878346136, 22.509120075298096 ], [ 88.379754232879591, 22.509126502388604 ], [ 88.379798709749508, 22.509130272528051 ], [ 88.379852101974791, 22.509136723486538 ] ] } },
{ "type": "Feature", "properties": { "ward": 105, "source_sheet": "105_garfa 1.pdf p1", "source": "KMC ward sewerage network map (ArcMap GeoPDF)", "extraction_method": "geopdf_vector", "georef_max_residual_m": 0.0, "conduit_type": "pipe", "pipe_diameter_mm": 300, "diameter_source": "legend_colour", "diameter_candidates_mm": null, "label_diameter_mm": 300.0, "label_agrees": true, "scheme": null, "flow_arrow": "end" }, "geometry": { "type": "LineString", "coordinates": [ [ 88.380954949984101, 22.50978296426619 ], [ 88.38095722546133, 22.509716880946993 ], [ 88.380959486692447, 22.509649421443193 ], [ 88.380826026995479, 22.50963535938277 ], [ 88.380686657037174, 22.509622721232901 ], [ 88.380516283374945, 22.509619967828161 ], [ 88.380357744519415, 22.509615742291977 ], [ 88.380199219964979, 22.509612892840632 ], [ 88.380092678222141, 22.509623387262298 ], [ 88.380006858005444, 22.509632337970626 ], [ 88.379906226456129, 22.509641408215462 ] ] } },
{ "type": "Feature", "properties": { "ward": 105, "source_sheet": "105_garfa 1.pdf p1", "source": "KMC ward sewerage network map (ArcMap GeoPDF)", "extraction_method": "geopdf_vector", "georef_max_residual_m": 0.0, "conduit_type": "pipe", "pipe_diameter_mm": 300, "diameter_source": "legend_colour", "diameter_candidates_mm": null, "label_diameter_mm": 300.0, "label_agrees": true, "scheme": null, "flow_arrow": "end" }, "geometry": { "type": "LineString", "coordinates": [ [ 88.380855527069329, 22.510050779516657 ], [ 88.380740069577968, 22.510058593666642 ], [ 88.380637928018231, 22.51006492380241 ], [ 88.380529876205571, 22.510072678005795 ], [ 88.380432178058541, 22.510078972194034 ], [ 88.380432707274139, 22.510129892947383 ], [ 88.380433136369206, 22.510171180069253 ], [ 88.380432155812287, 22.510219360297359 ], [ 88.380432685031394, 22.510270281049831 ], [ 88.380121673386299, 22.510275544326234 ] ] } },
{ "type": "Feature", "properties": { "ward": 105, "source_sheet": "105_garfa 1.pdf p1", "source": "KMC ward sewerage network map (ArcMap GeoPDF)", "extraction_method": "geopdf_vector", "georef_max_residual_m": 0.0, "conduit_type": "pipe", "pipe_diameter_mm": 300, "diameter_source": "legend_colour", "diameter_candidates_mm": null, "label_diameter_mm": 300.0, "label_agrees": true, "scheme": null, "flow_arrow": "end" }, "geometry": { "type": "LineString", "coordinates": [ [ 88.383146329412511, 22.507421324437715 ], [ 88.383144002916168, 22.50734013848226 ], [ 88.38309639783985, 22.507178114063517 ], [ 88.383039642861064, 22.50713315349843 ] ] } },
{ "type": "Feature", "properties": { "ward": 105, "source_sheet": "105_garfa 1.pdf p1", "source": "KMC ward sewerage network map (ArcMap GeoPDF)", "extraction_method": "geopdf_vector", "georef_max_residual_m": 0.0, "conduit_type": "pipe", "pipe_diameter_mm": 225, "diameter_source": "legend_colour", "diameter_candidates_mm": null, "label_diameter_mm": 225.0, "label_agrees": true, "scheme": null, "flow_arrow": "end" }, "geometry": { "type": "LineString", "coordinates": [ [ 88.383406984259977, 22.508412941533344 ], [ 88.383497017405233, 22.508381933270648 ], [ 88.383585569423303, 22.50835093700212 ], [ 88.383627838753455, 22.508569434800908 ], [ 88.38368352435819, 22.508796082133941 ] ] } },
{ "type": "Feature", "properties": { "ward": 105, "source_sheet": "105_garfa 1.pdf p1", "source": "KMC ward sewerage network map (ArcMap GeoPDF)", "extraction_method": "geopdf_vector", "georef_max_residual_m": 0.0, "conduit_type": "pipe", "pipe_diameter_mm": 300, "diameter_source": "legend_colour", "diameter_candidates_mm": null, "label_diameter_mm": 300.0, "label_agrees": true, "scheme": null, "flow_arrow": "end" }, "geometry": { "type": "LineString", "coordinates": [ [ 88.384080953628967, 22.508839661175113 ], [ 88.384023667207288, 22.508743780389185 ], [ 88.383872778732254, 22.508762894333291 ], [ 88.38368352435819, 22.508796082133941 ], [ 88.383667260607439, 22.508798966466127 ], [ 88.383574107331569, 22.508814860169856 ], [ 88.383463252177833, 22.508837778836266 ], [ 88.38334944907092, 22.508862097577765 ], [ 88.383241527417283, 22.508882239648294 ], [ 88.383133619995704, 22.508903757888351 ], [ 88.383035965923241, 22.508914182329544 ], [ 88.382954589820727, 22.508923098635833 ], [ 88.382859912224873, 22.508934875251999 ] ] } },
{ "type": "Feature", "properties": { "ward": 105, "source_sheet": "105_garfa 1.pdf p1", "source": "KMC ward sewerage network map (ArcMap GeoPDF)", "extraction_method": "geopdf_vector", "georef_max_residual_m": 0.0, "conduit_type": "pipe", "pipe_diameter_mm": 225, "diameter_source": "legend_colour", "diameter_candidates_mm": null, "label_diameter_mm": 225.0, "label_agrees": true, "scheme": null, "flow_arrow": "end" }, "geometry": { "type": "LineString", "coordinates": [ [ 88.38349770575141, 22.508021323647583 ], [ 88.383596826021929, 22.508009510789915 ], [ 88.383692998319603, 22.507999098027547 ], [ 88.383795080774632, 22.507987261076785 ] ] } },
{ "type": "Feature", "properties": { "ward": 105, "source_sheet": "105_garfa 1.pdf p1", "source": "KMC ward sewerage network map (ArcMap GeoPDF)", "extraction_method": "geopdf_vector", "georef_max_residual_m": 0.0, "conduit_type": "pipe", "pipe_diameter_mm": 400, "diameter_source": "legend_colour", "diameter_candidates_mm": null, "label_diameter_mm": 400.0, "label_agrees": true, "scheme": null, "flow_arrow": "end" }, "geometry": { "type": "LineString", "coordinates": [ [ 88.381845555199163, 22.50924862617951 ], [ 88.381851058039672, 22.509350431781971 ], [ 88.381858170840829, 22.509464611462469 ], [ 88.382001754951418, 22.509455192897381 ], [ 88.382146805874186, 22.50944438593443 ], [ 88.382285946575422, 22.50943500303617 ], [ 88.382298783762636, 22.509529867532422 ], [ 88.382310039683361, 22.509615110317945 ], [ 88.382403136388064, 22.509593712352277 ], [ 88.382522821900622, 22.509565217617183 ], [ 88.382636597104948, 22.509538146888449 ], [ 88.382729693697527, 22.509516748738868 ], [ 88.382812450980083, 22.509498186870399 ] ] } },
{ "type": "Feature", "properties": { "ward": 105, "source_sheet": "105_garfa 1.pdf p1", "source": "KMC ward sewerage network map (ArcMap GeoPDF)", "extraction_method": "geopdf_vector", "georef_max_residual_m": 0.0, "conduit_type": "pipe", "pipe_diameter_mm": 300, "diameter_source": "legend_colour", "diameter_candidates_mm": null, "label_diameter_mm": 300.0, "label_agrees": true, "scheme": null, "flow_arrow": "end" }, "geometry": { "type": "LineString", "coordinates": [ [ 88.382310039683361, 22.509615110317945 ], [ 88.382321882743582, 22.509756778777106 ], [ 88.382331986880573, 22.509873686998823 ], [ 88.382343944576718, 22.510026365370702 ], [ 88.382249395112638, 22.510050527712927 ], [ 88.38225942761818, 22.510160554736313 ], [ 88.38227114181295, 22.510289837086454 ], [ 88.382281188747328, 22.510401240343167 ], [ 88.382300165507303, 22.510516700468308 ], [ 88.382319170948691, 22.510634913068081 ], [ 88.382328688036253, 22.510695395548311 ] ] } },
{ "type": "Feature", "properties": { "ward": 105, "source_sheet": "105_garfa 1.pdf p1", "source": "KMC ward sewerage network map (ArcMap GeoPDF)", "extraction_method": "geopdf_vector", "georef_max_residual_m": 0.0, "conduit_type": "pipe", "pipe_diameter_mm": 400, "diameter_source": "legend_colour", "diameter_candidates_mm": null, "label_diameter_mm": 400.0, "label_agrees": true, "scheme": null, "flow_arrow": "end" }, "geometry": { "type": "LineString", "coordinates": [ [ 88.383476772823371, 22.509993804471726 ], [ 88.383483547859285, 22.509933190180067 ], [ 88.383491689326434, 22.509861554044331 ], [ 88.383499816515723, 22.509788541668005 ], [ 88.383506591536744, 22.50972792737489 ], [ 88.383516113813712, 22.509646645632465 ], [ 88.383528383338486, 22.509544696325417 ], [ 88.383542005007726, 22.509430348990183 ], [ 88.383556849751386, 22.509291217356264 ] ] } },
{ "type": "Feature", "properties": { "ward": 105, "source_sheet": "105_garfa 1.pdf p1", "source": "KMC ward sewerage network map (ArcMap GeoPDF)", "extraction_method": "geopdf_vector", "georef_max_residual_m": 0.0, "conduit_type": "pipe", "pipe_diameter_mm": 500, "diameter_source": "legend_colour", "diameter_candidates_mm": null, "label_diameter_mm": 500.0, "label_agrees": true, "scheme": null, "flow_arrow": "end" }, "geometry": { "type": "LineString", "coordinates": [ [ 88.384223100736861, 22.509261050122422 ], [ 88.38409578082522, 22.509267586333007 ], [ 88.383961040899734, 22.509272806151902 ], [ 88.383821871947603, 22.509279438062272 ], [ 88.383685665226281, 22.509286045821831 ], [ 88.383556849751386, 22.509291217356264 ], [ 88.383465062629057, 22.509296089167897 ], [ 88.383367336599107, 22.509299632624529 ], [ 88.383274068300551, 22.509304516254797 ], [ 88.383174875425624, 22.509309447818296 ], [ 88.38306974370532, 22.509313051006455 ], [ 88.382967588618214, 22.50931800640496 ], [ 88.38286839571181, 22.509322937780645 ], [ 88.382778075291711, 22.509326420983683 ], [ 88.382693951608005, 22.509356004670465 ] ] } },
{ "type": "Feature", "properties": { "ward": 105, "source_sheet": "105_garfa 1.pdf p1", "source": "KMC ward sewerage network map (ArcMap GeoPDF)", "extraction_method": "geopdf_vector", "georef_max_residual_m": 0.0, "conduit_type": "pipe", "pipe_diameter_mm": 400, "diameter_source": "legend_colour", "diameter_candidates_mm": null, "label_diameter_mm": 400.0, "label_agrees": true, "scheme": null, "flow_arrow": "end" }, "geometry": { "type": "LineString", "coordinates": [ [ 88.384080953628967, 22.508839661175113 ], [ 88.384195043349294, 22.508842866593927 ], [ 88.384288397379535, 22.508846239824305 ], [ 88.384390638073896, 22.508849541041982 ], [ 88.384485458854201, 22.508851525925632 ] ] } },
{ "type": "Feature", "properties": { "ward": 105, "source_sheet": "105_garfa 1.pdf p1", "source": "KMC ward sewerage network map (ArcMap GeoPDF)", "extraction_method": "geopdf_vector", "georef_max_residual_m": 0.0, "conduit_type": "pipe", "pipe_diameter_mm": 225, "diameter_source": "legend_colour", "diameter_candidates_mm": null, "label_diameter_mm": 225.0, "label_agrees": true, "scheme": null, "flow_arrow": "end" }, "geometry": { "type": "LineString", "coordinates": [ [ 88.383595627233248, 22.503627216359291 ], [ 88.383560473577774, 22.503522898032699 ], [ 88.383519238043391, 22.503403489035318 ] ] } },
{ "type": "Feature", "properties": { "ward": 105, "source_sheet": "105_garfa 1.pdf p1", "source": "KMC ward sewerage network map (ArcMap GeoPDF)", "extraction_method": "geopdf_vector", "georef_max_residual_m": 0.0, "conduit_type": "pipe", "pipe_diameter_mm": 300, "diameter_source": "legend_colour", "diameter_candidates_mm": null, "label_diameter_mm": 300.0, "label_agrees": true, "scheme": null, "flow_arrow": "end" }, "geometry": { "type": "LineString", "coordinates": [ [ 88.38329780884672, 22.500487412922666 ], [ 88.383260545002017, 22.500322551976648 ], [ 88.383238850726229, 22.50023051179382 ], [ 88.383153036635207, 22.500239463944474 ], [ 88.383025925370347, 22.500265266167791 ], [ 88.382901776176126, 22.500291044400097 ], [ 88.382768755002601, 22.500318270566122 ], [ 88.382668259308005, 22.500339728316469 ] ] } },
{ "type": "Feature", "properties": { "ward": 105, "source_sheet": "105_garfa 1.pdf p1", "source": "KMC ward sewerage network map (ArcMap GeoPDF)", "extraction_method": "geopdf_vector", "georef_max_residual_m": 0.0, "conduit_type": "pipe", "pipe_diameter_mm": 300, "diameter_source": "legend_colour", "diameter_candidates_mm": null, "label_diameter_mm": 300.0, "label_agrees": true, "scheme": null, "flow_arrow": "end" }, "geometry": { "type": "LineString", "coordinates": [ [ 88.383515836561727, 22.500515929094387 ], [ 88.383511613716522, 22.500394844242948 ], [ 88.383610857537292, 22.500395417751314 ], [ 88.383721963933539, 22.50039727157975 ], [ 88.383846399700687, 22.500399017478266 ], [ 88.383947124513966, 22.500399578795765 ] ] } },
{ "type": "Feature", "properties": { "ward": 105, "source_sheet": "105_garfa 1.pdf p1", "source": "KMC ward sewerage network map (ArcMap GeoPDF)", "extraction_method": "geopdf_vector", "georef_max_residual_m": 0.0, "conduit_type": "pipe", "pipe_diameter_mm": 400, "diameter_source": "legend_colour", "diameter_candidates_mm": null, "label_diameter_mm": 400.0, "label_agrees": true, "scheme": null, "flow_arrow": "end" }, "geometry": { "type": "LineString", "coordinates": [ [ 88.383407032755798, 22.501588987927295 ], [ 88.383568481463726, 22.501589058234547 ], [ 88.383487023768168, 22.501589717211974 ], [ 88.383645510384525, 22.501589811403907 ], [ 88.38378895720335, 22.501568005484636 ], [ 88.38391908888164, 22.501547683545706 ], [ 88.384044791689249, 22.501528773702635 ], [ 88.384174923281719, 22.501508451560607 ], [ 88.384217802000421, 22.50150122277768 ] ] } },
{ "type": "Feature", "properties": { "ward": 105, "source_sheet": "105_garfa 1.pdf p1", "source": "KMC ward sewerage network map (ArcMap GeoPDF)", "extraction_method": "geopdf_vector", "georef_max_residual_m": 0.0, "conduit_type": "pipe", "pipe_diameter_mm": 225, "diameter_source": "legend_colour", "diameter_candidates_mm": null, "label_diameter_mm": 225.0, "label_agrees": true, "scheme": null, "flow_arrow": "end" }, "geometry": { "type": "LineString", "coordinates": [ [ 88.383222398675969, 22.50548005296794 ], [ 88.383196822564798, 22.50572662688025 ], [ 88.383196851219921, 22.505729379360957 ] ] } },
{ "type": "Feature", "properties": { "ward": 105, "source_sheet": "105_garfa 1.pdf p1", "source": "KMC ward sewerage network map (ArcMap GeoPDF)", "extraction_method": "geopdf_vector", "georef_max_residual_m": 0.0, "conduit_type": "pipe", "pipe_diameter_mm": 400, "diameter_source": "legend_colour", "diameter_candidates_mm": null, "label_diameter_mm": 400.0, "label_agrees": true, "scheme": null, "flow_arrow": "end" }, "geometry": { "type": "LineString", "coordinates": [ [ 88.382915561124378, 22.50246969941211 ], [ 88.382937012136935, 22.502538343566364 ], [ 88.382961511159706, 22.502615221209396 ], [ 88.382973975560816, 22.502674303528938 ], [ 88.382984872947233, 22.502725140492533 ], [ 88.382998861367668, 22.502788339554527 ], [ 88.382995291902233, 22.502872325955821 ], [ 88.382990227083226, 22.502954948035033 ], [ 88.382895003472598, 22.503056191830176 ], [ 88.382846300143697, 22.503073101878368 ], [ 88.382791701204141, 22.503092812296199 ], [ 88.382735621218373, 22.503112534670905 ], [ 88.382681022245762, 22.503132245052683 ], [ 88.38262052765235, 22.503154755794498 ], [ 88.382484756361151, 22.50320264936536 ], [ 88.382369634000142, 22.503242117834247 ], [ 88.382261902597676, 22.503280150129353 ] ] } },
{ "type": "Feature", "properties": { "ward": 105, "source_sheet": "105_garfa 1.pdf p1", "source": "KMC ward sewerage network map (ArcMap GeoPDF)", "extraction_method": "geopdf_vector", "georef_max_residual_m": 0.0, "conduit_type": "pipe", "pipe_diameter_mm": 600, "diameter_source": "legend_colour", "diameter_candidates_mm": null, "label_diameter_mm": 600.0, "label_agrees": true, "scheme": null, "flow_arrow": "end" }, "geometry": { "type": "LineString", "coordinates": [ [ 88.382467645880965, 22.503835909911444 ], [ 88.382420071655517, 22.503676637549397 ], [ 88.382377040939261, 22.503526962938096 ], [ 88.382344721483435, 22.50341023424016 ], [ 88.382261902597676, 22.503280150129353 ], [ 88.382209249169435, 22.50320212356689 ], [ 88.382158076893845, 22.503124085013663 ], [ 88.38209939914114, 22.503036472653193 ], [ 88.382042231183092, 22.502951600781042 ], [ 88.381963906455724, 22.502968749933174 ], [ 88.381878205063828, 22.502988711366008 ], [ 88.381774773796153, 22.503012945072978 ], [ 88.381668816727938, 22.502936725321831 ], [ 88.381617215554243, 22.502817399435678 ] ] } },
{ "type": "Feature", "properties": { "ward": 105, "source_sheet": "105_garfa 1.pdf p1", "source": "KMC ward sewerage network map (ArcMap GeoPDF)", "extraction_method": "geopdf_vector", "georef_max_residual_m": 0.0, "conduit_type": "pipe", "pipe_diameter_mm": 400, "diameter_source": "legend_colour", "diameter_candidates_mm": null, "label_diameter_mm": 400.0, "label_agrees": true, "scheme": null, "flow_arrow": "end" }, "geometry": { "type": "LineString", "coordinates": [ [ 88.380842240384879, 22.509770110938575 ], [ 88.380849795984659, 22.509926954112046 ], [ 88.380855527069329, 22.510050779516657 ], [ 88.380867497483976, 22.510204834316564 ], [ 88.380873028241595, 22.510309392399815 ], [ 88.380880240553154, 22.510433205834062 ], [ 88.380851118396876, 22.51048161338483 ], [ 88.380819033938678, 22.51053004479623 ], [ 88.380832170793838, 22.510653810385861 ], [ 88.380845207463636, 22.510767942343154 ] ] } },
{ "type": "Feature", "properties": { "ward": 105, "source_sheet": "105_garfa 1.pdf p1", "source": "KMC ward sewerage network map (ArcMap GeoPDF)", "extraction_method": "geopdf_vector", "georef_max_residual_m": 0.0, "conduit_type": "pipe", "pipe_diameter_mm": 300, "diameter_source": "legend_colour", "diameter_candidates_mm": null, "label_diameter_mm": 300.0, "label_agrees": true, "scheme": null, "flow_arrow": "end" }, "geometry": { "type": "LineString", "coordinates": [ [ 88.38076846385006, 22.509370188190019 ], [ 88.380592108769633, 22.509361977725511 ], [ 88.380439466119853, 22.509354951938136 ], [ 88.380276441245528, 22.509346633511054 ], [ 88.380107506165558, 22.509339738918452 ], [ 88.379976085536427, 22.509379337430655 ], [ 88.379853508775383, 22.509414735403269 ] ] } },
{ "type": "Feature", "properties": { "ward": 105, "source_sheet": "105_garfa 1.pdf p1", "source": "KMC ward sewerage network map (ArcMap GeoPDF)", "extraction_method": "geopdf_vector", "georef_max_residual_m": 0.0, "conduit_type": "pipe", "pipe_diameter_mm": 400, "diameter_source": "legend_colour", "diameter_candidates_mm": null, "label_diameter_mm": 400.0, "label_agrees": true, "scheme": null, "flow_arrow": "end" }, "geometry": { "type": "LineString", "coordinates": [ [ 88.380815295435909, 22.509172991643482 ], [ 88.38063735931739, 22.509155159487889 ], [ 88.380497989912541, 22.509142521148437 ], [ 88.380348238248772, 22.50912859019714 ], [ 88.380228137916291, 22.509117172488349 ], [ 88.380130268820579, 22.509106951619664 ], [ 88.380039819695099, 22.509098047108441 ], [ 88.379946408326788, 22.509089166508062 ], [ 88.379878190436671, 22.509081458858191 ] ] } },
{ "type": "Feature", "properties": { "ward": 105, "source_sheet": "105_garfa 1.pdf p1", "source": "KMC ward sewerage network map (ArcMap GeoPDF)", "extraction_method": "geopdf_vector", "georef_max_residual_m": 0.0, "conduit_type": "pipe", "pipe_diameter_mm": 400, "diameter_source": "legend_colour", "diameter_candidates_mm": null, "label_diameter_mm": 400.0, "label_agrees": true, "scheme": null, "flow_arrow": "end" }, "geometry": { "type": "LineString", "coordinates": [ [ 88.380000191189836, 22.507850014894665 ], [ 88.379989065618162, 22.507777157970384 ], [ 88.379978011544964, 22.507711182196275 ], [ 88.379966957484655, 22.507645206477694 ], [ 88.3800528336143, 22.507641760760546 ], [ 88.380150544383838, 22.507636843127546 ], [ 88.380243826081369, 22.507633337598204 ], [ 88.380233595209461, 22.507504042999315 ], [ 88.38021510687966, 22.507435374531529 ], [ 88.380195080298023, 22.507361213103714 ], [ 88.380176463322712, 22.507280158566378 ], [ 88.380159370341602, 22.507203220740177 ], [ 88.380137676817597, 22.507111180166113 ], [ 88.380133033298307, 22.507091948696281 ], [ 88.380109601317656, 22.506975147771062 ], [ 88.380092494185135, 22.506896833746058 ], [ 88.380060604526903, 22.506821391668716 ], [ 88.380034696558425, 22.506751406685012 ], [ 88.38000877432178, 22.506680045510528 ], [ 88.379976970604076, 22.5066128608619 ], [ 88.379949681663973, 22.506552521505117 ], [ 88.379881422203283, 22.506540685122218 ], [ 88.379829849602316, 22.506424111189627 ], [ 88.379791907171196, 22.506336330718884 ], [ 88.379749464358582, 22.506243081113887 ], [ 88.379703930715479, 22.506137469267994 ], [ 88.379677370998309, 22.506147317980901 ], [ 88.379655240239103, 22.506155754660284 ], [ 88.379633109477069, 22.506164191336751 ], [ 88.379577208260329, 22.506058663026497 ], [ 88.379543938073297, 22.505992866459813 ], [ 88.379494090048823, 22.505899676505333 ], [ 88.379457814825571, 22.505829775081708 ], [ 88.379430612082828, 22.505777693067042 ], [ 88.379404904710498, 22.505726975286258 ] ] } },
{ "type": "Feature", "properties": { "ward": 105, "source_sheet": "105_garfa 1.pdf p1", "source": "KMC ward sewerage network map (ArcMap GeoPDF)", "extraction_method": "geopdf_vector", "georef_max_residual_m": 0.0, "conduit_type": "pipe", "pipe_diameter_mm": 300, "diameter_source": "legend_colour", "diameter_candidates_mm": null, "label_diameter_mm": 300.0, "label_agrees": true, "scheme": null, "flow_arrow": "end" }, "geometry": { "type": "LineString", "coordinates": [ [ 88.380902232643862, 22.508701577025139 ], [ 88.380888193931042, 22.508776013430282 ], [ 88.380872759891716, 22.508858719242465 ], [ 88.380857325897921, 22.508941424995427 ], [ 88.380841934746897, 22.509028259528367 ], [ 88.380829362828734, 22.509101307726617 ], [ 88.380815295435909, 22.509172991643482 ] ] } },
{ "type": "Feature", "properties": { "ward": 105, "source_sheet": "105_garfa 1.pdf p1", "source": "KMC ward sewerage network map (ArcMap GeoPDF)", "extraction_method": "geopdf_vector", "georef_max_residual_m": 0.0, "conduit_type": "pipe", "pipe_diameter_mm": 375, "diameter_source": "legend_colour", "diameter_candidates_mm": null, "label_diameter_mm": 375.0, "label_agrees": true, "scheme": null, "flow_arrow": "end" }, "geometry": { "type": "LineString", "coordinates": [ [ 88.381418300665658, 22.507761489054637 ], [ 88.381280485263844, 22.507755720564415 ], [ 88.381170825440094, 22.507751100958632 ], [ 88.381053759970811, 22.507746541030919 ] ] } },
{ "type": "Feature", "properties": { "ward": 105, "source_sheet": "105_garfa 1.pdf p1", "source": "KMC ward sewerage network map (ArcMap GeoPDF)", "extraction_method": "geopdf_vector", "georef_max_residual_m": 0.0, "conduit_type": "pipe", "pipe_diameter_mm": 450, "diameter_source": "legend_colour", "diameter_candidates_mm": null, "label_diameter_mm": 450.0, "label_agrees": true, "scheme": null, "flow_arrow": "end" }, "geometry": { "type": "LineString", "coordinates": [ [ 88.381418300665658, 22.507761489054637 ], [ 88.3814209194163, 22.50772843545354 ], [ 88.381568573022861, 22.507683199257016 ], [ 88.381701472625778, 22.507643587572527 ], [ 88.381837320111686, 22.507602575602579 ], [ 88.381953970212294, 22.507567224098445 ], [ 88.382042565067508, 22.507540357406505 ] ] } },
{ "type": "Feature", "properties": { "ward": 105, "source_sheet": "105_garfa 1.pdf p1", "source": "KMC ward sewerage network map (ArcMap GeoPDF)", "extraction_method": "geopdf_vector", "georef_max_residual_m": 0.0, "conduit_type": "pipe", "pipe_diameter_mm": 400, "diameter_source": "legend_colour", "diameter_candidates_mm": null, "label_diameter_mm": 400.0, "label_agrees": true, "scheme": null, "flow_arrow": "end" }, "geometry": { "type": "LineString", "coordinates": [ [ 88.381888548998035, 22.507116309299143 ], [ 88.381950211593136, 22.507063509596321 ], [ 88.382053488308514, 22.507024137047136 ], [ 88.382178909996952, 22.506977703653824 ], [ 88.382317604325706, 22.50692565750338 ], [ 88.382417932941692, 22.506887684916876 ], [ 88.382534482028433, 22.506842699342748 ], [ 88.382651031097993, 22.506797713744646 ], [ 88.382856016614213, 22.506710722256372 ], [ 88.382953525972937, 22.506686535709562 ], [ 88.38305251636136, 22.506662337068544 ], [ 88.383200569426236, 22.506655634064366 ], [ 88.3833264202988, 22.506650486957295 ], [ 88.383455233289681, 22.506645315728708 ], [ 88.383578121874152, 22.506640192335773 ], [ 88.383626620781484, 22.506745778953498 ], [ 88.383673624303114, 22.506850001354781 ], [ 88.383830549829597, 22.506841849609287 ], [ 88.383926778640969, 22.506836941706307 ], [ 88.384033375169381, 22.506831949824512 ], [ 88.384138476280512, 22.506825593679793 ], [ 88.384165136191896, 22.506825377860533 ] ] } },
{ "type": "Feature", "properties": { "ward": 105, "source_sheet": "105_garfa 1.pdf p1", "source": "KMC ward sewerage network map (ArcMap GeoPDF)", "extraction_method": "geopdf_vector", "georef_max_residual_m": 0.0, "conduit_type": "pipe", "pipe_diameter_mm": 300, "diameter_source": "legend_colour", "diameter_candidates_mm": null, "label_diameter_mm": 300.0, "label_agrees": true, "scheme": null, "flow_arrow": "end" }, "geometry": { "type": "LineString", "coordinates": [ [ 88.381977832497057, 22.505874117904551 ], [ 88.381955637008161, 22.505733909345139 ], [ 88.381885681994305, 22.505701442209048 ], [ 88.381752540952405, 22.505717657915874 ], [ 88.381626805350393, 22.505733813683545 ], [ 88.38150696544993, 22.505747169011837 ], [ 88.3813841919618, 22.505763300720037 ] ] } },
{ "type": "Feature", "properties": { "ward": 105, "source_sheet": "105_garfa 1.pdf p1", "source": "KMC ward sewerage network map (ArcMap GeoPDF)", "extraction_method": "geopdf_vector", "georef_max_residual_m": 0.0, "conduit_type": "pipe", "pipe_diameter_mm": 300, "diameter_source": "legend_colour", "diameter_candidates_mm": null, "label_diameter_mm": 300.0, "label_agrees": true, "scheme": null, "flow_arrow": "end" }, "geometry": { "type": "LineString", "coordinates": [ [ 88.380319819244448, 22.505965960718648 ], [ 88.380264132088215, 22.505881076297172 ], [ 88.380202406254853, 22.505785229727646 ], [ 88.380140680509058, 22.505689383129088 ], [ 88.380053576101119, 22.505574472347089 ], [ 88.379940978769611, 22.505429487453565 ] ] } },
{ "type": "Feature", "properties": { "ward": 105, "source_sheet": "105_garfa 1.pdf p1", "source": "KMC ward sewerage network map (ArcMap GeoPDF)", "extraction_method": "geopdf_vector", "georef_max_residual_m": 0.0, "conduit_type": "pipe", "pipe_diameter_mm": 300, "diameter_source": "legend_colour", "diameter_candidates_mm": null, "label_diameter_mm": 300.0, "label_agrees": true, "scheme": null, "flow_arrow": "end" }, "geometry": { "type": "LineString", "coordinates": [ [ 88.380283712931728, 22.506197479435428 ], [ 88.380176738947029, 22.506023545970596 ], [ 88.380071603777822, 22.50588400640488 ], [ 88.379988985422187, 22.505773188465263 ], [ 88.379906352967708, 22.505660994232372 ], [ 88.379811714647602, 22.50553375693563 ] ] } },
{ "type": "Feature", "properties": { "ward": 105, "source_sheet": "105_garfa 1.pdf p1", "source": "KMC ward sewerage network map (ArcMap GeoPDF)", "extraction_method": "geopdf_vector", "georef_max_residual_m": 0.0, "conduit_type": "pipe", "pipe_diameter_mm": 300, "diameter_source": "legend_colour", "diameter_candidates_mm": null, "label_diameter_mm": 300.0, "label_agrees": true, "scheme": null, "flow_arrow": "end" }, "geometry": { "type": "LineString", "coordinates": [ [ 88.382208905997629, 22.504735383218328 ], [ 88.382231531043843, 22.504916878872059 ], [ 88.382250907644476, 22.505070873753024 ], [ 88.382270413159688, 22.505237254738137 ], [ 88.382276617569929, 22.505406495887691 ] ] } },
{ "type": "Feature", "properties": { "ward": 105, "source_sheet": "105_garfa 1.pdf p1", "source": "KMC ward sewerage network map (ArcMap GeoPDF)", "extraction_method": "geopdf_vector", "georef_max_residual_m": 0.0, "conduit_type": "pipe", "pipe_diameter_mm": 300, "diameter_source": "legend_colour", "diameter_candidates_mm": null, "label_diameter_mm": 300.0, "label_agrees": true, "scheme": null, "flow_arrow": "end" }, "geometry": { "type": "LineString", "coordinates": [ [ 88.377078915700821, 22.508110295401924 ], [ 88.377085624947668, 22.508185940863758 ], [ 88.377092562505609, 22.508283606162813 ], [ 88.377099428793898, 22.508374390242079 ], [ 88.377109528388473, 22.508491298978925 ], [ 88.377119956262661, 22.508639861253396 ], [ 88.377130640958995, 22.508813195847424 ], [ 88.37714108316959, 22.508963134355771 ], [ 88.377153077858878, 22.509119942092319 ], [ 88.377163591487118, 22.509276761807708 ] ] } },
{ "type": "Feature", "properties": { "ward": 105, "source_sheet": "105_garfa 1.pdf p1", "source": "KMC ward sewerage network map (ArcMap GeoPDF)", "extraction_method": "geopdf_vector", "georef_max_residual_m": 0.0, "conduit_type": "pipe", "pipe_diameter_mm": 225, "diameter_source": "legend_colour", "diameter_candidates_mm": null, "label_diameter_mm": 225.0, "label_agrees": true, "scheme": null, "flow_arrow": "end" }, "geometry": { "type": "LineString", "coordinates": [ [ 88.380060006809856, 22.506478684529299 ], [ 88.380034284773075, 22.506426590686559 ], [ 88.380007038739208, 22.506370380063888 ], [ 88.37993733550465, 22.506219543643205 ], [ 88.379872118564748, 22.506072800058611 ], [ 88.379785076797205, 22.506106534853821 ], [ 88.379703930715479, 22.506137469267994 ] ] } },
{ "type": "Feature", "properties": { "ward": 105, "source_sheet": "105_garfa 1.pdf p1", "source": "KMC ward sewerage network map (ArcMap GeoPDF)", "extraction_method": "geopdf_vector", "georef_max_residual_m": 0.0, "conduit_type": "pipe", "pipe_diameter_mm": 300, "diameter_source": "legend_colour", "diameter_candidates_mm": null, "label_diameter_mm": 300.0, "label_agrees": true, "scheme": null, "flow_arrow": "end" }, "geometry": { "type": "LineString", "coordinates": [ [ 88.379254877640435, 22.507112796881724 ], [ 88.379424247902904, 22.507019215158053 ], [ 88.379503956299189, 22.506992421533614 ], [ 88.379574806563568, 22.506968451986456 ], [ 88.379560761981807, 22.506899747632652 ], [ 88.379679007658822, 22.506875395706817 ], [ 88.379801696627382, 22.506851007846201 ], [ 88.379773807408583, 22.506732866517137 ], [ 88.379894986509271, 22.506705738057715 ], [ 88.38000877432178, 22.506680045510528 ] ] } },
{ "type": "Feature", "properties": { "ward": 105, "source_sheet": "105_garfa 1.pdf p1", "source": "KMC ward sewerage network map (ArcMap GeoPDF)", "extraction_method": "geopdf_vector", "georef_max_residual_m": 0.0, "conduit_type": "pipe", "pipe_diameter_mm": 600, "diameter_source": "legend_colour", "diameter_candidates_mm": null, "label_diameter_mm": 600.0, "label_agrees": true, "scheme": null, "flow_arrow": "end" }, "geometry": { "type": "LineString", "coordinates": [ [ 88.378134131813994, 22.508165107926274 ], [ 88.377993339471601, 22.508157984263423 ], [ 88.377864396075367, 22.508150765014765 ], [ 88.377732490514163, 22.508143569582188 ], [ 88.377585773662688, 22.508136493287498 ], [ 88.377442019115506, 22.508129393057413 ], [ 88.377323457934196, 22.508123466112725 ], [ 88.377233052351173, 22.508118688712841 ], [ 88.377158953425422, 22.508115156373549 ], [ 88.377078915700821, 22.508110295401924 ], [ 88.377028528987054, 22.508107948377305 ], [ 88.376942566736091, 22.508103135038201 ] ] } },
{ "type": "Feature", "properties": { "ward": 105, "source_sheet": "105_garfa 1.pdf p1", "source": "KMC ward sewerage network map (ArcMap GeoPDF)", "extraction_method": "geopdf_vector", "georef_max_residual_m": 0.0, "conduit_type": "pipe", "pipe_diameter_mm": 400, "diameter_source": "legend_colour", "diameter_candidates_mm": null, "label_diameter_mm": 400.0, "label_agrees": true, "scheme": null, "flow_arrow": "end" }, "geometry": { "type": "LineString", "coordinates": [ [ 88.37954783544167, 22.507794481480069 ], [ 88.379494572374767, 22.5078004165726 ], [ 88.379441309301725, 22.507806351590403 ], [ 88.379382136002008, 22.507813710677286 ], [ 88.379259403231259, 22.507833969534758 ], [ 88.379138137274907, 22.507852840113458 ], [ 88.379052489571507, 22.507878305171651 ], [ 88.37898476763074, 22.507775624723141 ], [ 88.378911007055819, 22.507661982183052 ], [ 88.378831555293715, 22.507713547845771 ], [ 88.378750636674582, 22.507766501655027 ], [ 88.378663836329977, 22.507823631914825 ], [ 88.378571140023013, 22.50788356237312 ], [ 88.378610606114222, 22.507975459921326 ], [ 88.378647252869314, 22.508081143704985 ], [ 88.378613601335005, 22.508121329242915 ], [ 88.378465374858365, 22.508111513204813 ], [ 88.378274638554288, 22.508144706666197 ], [ 88.378134131813994, 22.508165107926274 ] ] } },
{ "type": "Feature", "properties": { "ward": 105, "source_sheet": "105_garfa 1.pdf p1", "source": "KMC ward sewerage network map (ArcMap GeoPDF)", "extraction_method": "geopdf_vector", "georef_max_residual_m": 0.0, "conduit_type": "pipe", "pipe_diameter_mm": 300, "diameter_source": "legend_colour", "diameter_candidates_mm": null, "label_diameter_mm": 300.0, "label_agrees": true, "scheme": null, "flow_arrow": "end" }, "geometry": { "type": "LineString", "coordinates": [ [ 88.379341101571924, 22.507285522011692 ], [ 88.379363961351956, 22.507347273496091 ], [ 88.379388359396003, 22.507414518056148 ], [ 88.37941280040036, 22.507485891279757 ], [ 88.379449204645269, 22.507568178802327 ], [ 88.379493214612609, 22.507669673966806 ], [ 88.37954783544167, 22.507794481480069 ], [ 88.379597512795996, 22.507871156512454 ], [ 88.3797174261924, 22.50786468366098 ], [ 88.379795882641432, 22.507859921579865 ], [ 88.379872872174033, 22.507856547711913 ], [ 88.379943937310344, 22.507853221556665 ], [ 88.380000191189836, 22.507850014894665 ] ] } },
{ "type": "Feature", "properties": { "ward": 105, "source_sheet": "105_garfa 1.pdf p1", "source": "KMC ward sewerage network map (ArcMap GeoPDF)", "extraction_method": "geopdf_vector", "georef_max_residual_m": 0.0, "conduit_type": "pipe", "pipe_diameter_mm": 300, "diameter_source": "legend_colour", "diameter_candidates_mm": null, "label_diameter_mm": 300.0, "label_agrees": true, "scheme": null, "flow_arrow": "end" }, "geometry": { "type": "LineString", "coordinates": [ [ 88.379254877640435, 22.507112796881724 ], [ 88.379292691371546, 22.507188191353013 ], [ 88.379319908722621, 22.507241649612737 ], [ 88.379341101571924, 22.507285522011692 ], [ 88.379419386162894, 22.507264245279558 ], [ 88.379530155152239, 22.507233072026516 ], [ 88.379632051743698, 22.50720334657602 ], [ 88.37973691050037, 22.507173597221492 ], [ 88.379860980784102, 22.507139563659599 ], [ 88.379903861513796, 22.507132335931814 ], [ 88.379945261101795, 22.507125120087125 ], [ 88.379989608660523, 22.507116504143298 ], [ 88.380033970509658, 22.507109264372151 ], [ 88.380084242475021, 22.507100600536564 ], [ 88.380133033298307, 22.507091948696281 ] ] } },
{ "type": "Feature", "properties": { "ward": 105, "source_sheet": "105_garfa 1.pdf p1", "source": "KMC ward sewerage network map (ArcMap GeoPDF)", "extraction_method": "geopdf_vector", "georef_max_residual_m": 0.0, "conduit_type": "pipe", "pipe_diameter_mm": 300, "diameter_source": "legend_colour", "diameter_candidates_mm": null, "label_diameter_mm": 300.0, "label_agrees": true, "scheme": null, "flow_arrow": "end" }, "geometry": { "type": "LineString", "coordinates": [ [ 88.378410718686212, 22.508696904036348 ], [ 88.37835741229857, 22.508698710044271 ], [ 88.378304105969633, 22.508700515976784 ], [ 88.378247837392919, 22.508702345822321 ], [ 88.378226826224989, 22.508533223710565 ], [ 88.378134131813994, 22.508165107926274 ] ] } },
{ "type": "Feature", "properties": { "ward": 105, "source_sheet": "105_garfa 1.pdf p1", "source": "KMC ward sewerage network map (ArcMap GeoPDF)", "extraction_method": "geopdf_vector", "georef_max_residual_m": 0.0, "conduit_type": "pipe", "pipe_diameter_mm": 300, "diameter_source": "legend_colour", "diameter_candidates_mm": null, "label_diameter_mm": 300.0, "label_agrees": true, "scheme": null, "flow_arrow": "end" }, "geometry": { "type": "LineString", "coordinates": [ [ 88.377932792121982, 22.508461269956388 ], [ 88.377777316692232, 22.508466651585213 ], [ 88.377626284635966, 22.508471997329295 ], [ 88.377472290317755, 22.508477366791041 ], [ 88.377291649944468, 22.508484327051395 ], [ 88.377109528388473, 22.508491298978925 ] ] } },
{ "type": "Feature", "properties": { "ward": 105, "source_sheet": "105_garfa 1.pdf p1", "source": "KMC ward sewerage network map (ArcMap GeoPDF)", "extraction_method": "geopdf_vector", "georef_max_residual_m": 0.0, "conduit_type": "pipe", "pipe_diameter_mm": 400, "diameter_source": "legend_colour", "diameter_candidates_mm": null, "label_diameter_mm": 400.0, "label_agrees": true, "scheme": null, "flow_arrow": "end" }, "geometry": { "type": "LineString", "coordinates": [ [ 88.378876835693063, 22.510077757624654 ], [ 88.378844364849471, 22.510089030308603 ], [ 88.378807450556252, 22.51010033875674 ], [ 88.378836268488939, 22.510307935721912 ], [ 88.378847851007151, 22.510424832355898 ], [ 88.378860914599542, 22.510541716986609 ], [ 88.378872454243236, 22.510654484887883 ], [ 88.37889043293066, 22.510816749551378 ], [ 88.378900334283202, 22.510914390784031 ], [ 88.37891168831591, 22.511009267585621 ] ] } },
{ "type": "Feature", "properties": { "ward": 105, "source_sheet": "105_garfa 1.pdf p1", "source": "KMC ward sewerage network map (ArcMap GeoPDF)", "extraction_method": "geopdf_vector", "georef_max_residual_m": 0.0, "conduit_type": "pipe", "pipe_diameter_mm": 300, "diameter_source": "legend_colour", "diameter_candidates_mm": null, "label_diameter_mm": 300.0, "label_agrees": true, "scheme": null, "flow_arrow": "end" }, "geometry": { "type": "LineString", "coordinates": [ [ 88.379079543598735, 22.510626664189832 ], [ 88.378974510645506, 22.510639898394992 ], [ 88.378872454243236, 22.510654484887883 ] ] } },
{ "type": "Feature", "properties": { "ward": 105, "source_sheet": "105_garfa 1.pdf p1", "source": "KMC ward sewerage network map (ArcMap GeoPDF)", "extraction_method": "geopdf_vector", "georef_max_residual_m": 0.0, "conduit_type": "pipe", "pipe_diameter_mm": 225, "diameter_source": "legend_colour", "diameter_candidates_mm": null, "label_diameter_mm": 225.0, "label_agrees": true, "scheme": null, "flow_arrow": "end" }, "geometry": { "type": "LineString", "coordinates": [ [ 88.377644410590477, 22.509505492995494 ], [ 88.377634096300568, 22.509367940745229 ], [ 88.377622158069755, 22.50921663799269 ] ] } },
{ "type": "Feature", "properties": { "ward": 105, "source_sheet": "105_garfa 1.pdf p1", "source": "KMC ward sewerage network map (ArcMap GeoPDF)", "extraction_method": "geopdf_vector", "georef_max_residual_m": 0.0, "conduit_type": "pipe", "pipe_diameter_mm": 225, "diameter_source": "legend_colour", "diameter_candidates_mm": null, "label_diameter_mm": 225.0, "label_agrees": true, "scheme": null, "flow_arrow": "end" }, "geometry": { "type": "LineString", "coordinates": [ [ 88.377939774681948, 22.509705437339839 ], [ 88.3779175823977, 22.509565228114887 ], [ 88.377895404381547, 22.509426395068246 ], [ 88.37787170254947, 22.509283445275489 ], [ 88.377875146500301, 22.509187072760998 ] ] } },
{ "type": "Feature", "properties": { "ward": 105, "source_sheet": "105_garfa 1.pdf p1", "source": "KMC ward sewerage network map (ArcMap GeoPDF)", "extraction_method": "geopdf_vector", "georef_max_residual_m": 0.0, "conduit_type": "pipe", "pipe_diameter_mm": 300, "diameter_source": "legend_colour", "diameter_candidates_mm": null, "label_diameter_mm": 300.0, "label_agrees": true, "scheme": null, "flow_arrow": "end" }, "geometry": { "type": "LineString", "coordinates": [ [ 88.379487679880469, 22.503855843043002 ], [ 88.379488360706645, 22.503778761727368 ], [ 88.379486917473301, 22.503639761655958 ], [ 88.379487055373389, 22.503510383279579 ] ] } },
{ "type": "Feature", "properties": { "ward": 105, "source_sheet": "105_garfa 1.pdf p1", "source": "KMC ward sewerage network map (ArcMap GeoPDF)", "extraction_method": "geopdf_vector", "georef_max_residual_m": 0.0, "conduit_type": "pipe", "pipe_diameter_mm": 300, "diameter_source": "legend_colour", "diameter_candidates_mm": null, "label_diameter_mm": 300.0, "label_agrees": true, "scheme": null, "flow_arrow": "end" }, "geometry": { "type": "LineString", "coordinates": [ [ 88.378140324249202, 22.509618487383328 ], [ 88.378233493142929, 22.509603972952192 ], [ 88.378313346074222, 22.509590942208028 ], [ 88.378355132175273, 22.509620885166694 ], [ 88.378449867842463, 22.509614616185761 ], [ 88.378550528150527, 22.509608299331749 ] ] } },
{ "type": "Feature", "properties": { "ward": 105, "source_sheet": "105_garfa 1.pdf p1", "source": "KMC ward sewerage network map (ArcMap GeoPDF)", "extraction_method": "geopdf_vector", "georef_max_residual_m": 0.0, "conduit_type": "pipe", "pipe_diameter_mm": 700, "diameter_source": "legend_colour", "diameter_candidates_mm": null, "label_diameter_mm": 700.0, "label_agrees": true, "scheme": null, "flow_arrow": "end" }, "geometry": { "type": "LineString", "coordinates": [ [ 88.380644969060825, 22.508319652030295 ], [ 88.380634149943745, 22.508418836792487 ], [ 88.380620554526502, 22.508535936493569 ], [ 88.380608754929995, 22.508683301487235 ], [ 88.380402821078007, 22.508679458659469 ], [ 88.38018058055448, 22.508674370767974 ], [ 88.379986224011191, 22.508644283235373 ], [ 88.379949230257964, 22.508790475165092 ], [ 88.379909417096187, 22.508950453352178 ], [ 88.379878190436671, 22.509081458858191 ], [ 88.379852101974791, 22.509136723486538 ], [ 88.37983778242598, 22.509326775738629 ], [ 88.379853508775383, 22.509414735403269 ], [ 88.379861314770707, 22.509453210296268 ], [ 88.379890757392502, 22.509578220796097 ], [ 88.379906226456129, 22.509641408215462 ], [ 88.379949314018091, 22.50979658832431 ], [ 88.379986391291794, 22.509943558835847 ], [ 88.38004091347193, 22.510058732447686 ] ] } },
{ "type": "Feature", "properties": { "ward": 105, "source_sheet": "105_garfa 1.pdf p1", "source": "KMC ward sewerage network map (ArcMap GeoPDF)", "extraction_method": "geopdf_vector", "georef_max_residual_m": 0.0, "conduit_type": "pipe", "pipe_diameter_mm": 400, "diameter_source": "legend_colour", "diameter_candidates_mm": null, "label_diameter_mm": 400.0, "label_agrees": true, "scheme": null, "flow_arrow": "end" }, "geometry": { "type": "LineString", "coordinates": [ [ 88.377803010525355, 22.510229553630825 ], [ 88.377807100707912, 22.510338252595908 ], [ 88.377811062466989, 22.510434565431666 ], [ 88.377815095560919, 22.510537759422508 ], [ 88.377696646530325, 22.510542842799968 ], [ 88.377566348279217, 22.510548021484976 ], [ 88.377512188123646, 22.510610393693163 ], [ 88.377452174711905, 22.510679694763613 ], [ 88.377321961949477, 22.510693130772573 ], [ 88.377221357906464, 22.510704951813906 ], [ 88.377135536814507, 22.510713901090021 ] ] } },
{ "type": "Feature", "properties": { "ward": 105, "source_sheet": "105_garfa 1.pdf p1", "source": "KMC ward sewerage network map (ArcMap GeoPDF)", "extraction_method": "geopdf_vector", "georef_max_residual_m": 0.0, "conduit_type": "pipe", "pipe_diameter_mm": 400, "diameter_source": "legend_colour", "diameter_candidates_mm": null, "label_diameter_mm": 400.0, "label_agrees": true, "scheme": null, "flow_arrow": "end" }, "geometry": { "type": "LineString", "coordinates": [ [ 88.377740752418504, 22.5099396445836 ], [ 88.37758658512837, 22.509928499377878 ], [ 88.377419330301692, 22.509940857464361 ], [ 88.37723430166804, 22.509953358458763 ] ] } },
{ "type": "Feature", "properties": { "ward": 105, "source_sheet": "105_garfa 1.pdf p1", "source": "KMC ward sewerage network map (ArcMap GeoPDF)", "extraction_method": "geopdf_vector", "georef_max_residual_m": 0.0, "conduit_type": "pipe", "pipe_diameter_mm": 300, "diameter_source": "legend_colour", "diameter_candidates_mm": null, "label_diameter_mm": 300.0, "label_agrees": true, "scheme": null, "flow_arrow": "end" }, "geometry": { "type": "LineString", "coordinates": [ [ 88.378585288884807, 22.509960365545954 ], [ 88.378469816962422, 22.509966801828138 ], [ 88.378352863856605, 22.509973249909208 ], [ 88.378254908537002, 22.509954770469754 ], [ 88.378164373232508, 22.50993760752932 ], [ 88.378029589371508, 22.509938693698963 ], [ 88.377905173425688, 22.509939696217565 ], [ 88.377740752418504, 22.5099396445836 ] ] } },
{ "type": "Feature", "properties": { "ward": 105, "source_sheet": "105_garfa 1.pdf p1", "source": "KMC ward sewerage network map (ArcMap GeoPDF)", "extraction_method": "geopdf_vector", "georef_max_residual_m": 0.0, "conduit_type": "pipe", "pipe_diameter_mm": 300, "diameter_source": "legend_colour", "diameter_candidates_mm": null, "label_diameter_mm": 300.0, "label_agrees": true, "scheme": null, "flow_arrow": "end" }, "geometry": { "type": "LineString", "coordinates": [ [ 88.383995391203086, 22.508446717422018 ], [ 88.383981301193771, 22.508373884865517 ], [ 88.383967282947154, 22.508307933445877 ], [ 88.383952041631659, 22.508266766323505 ], [ 88.3838899922591, 22.508282408421934 ], [ 88.383830890827852, 22.508296650281633 ], [ 88.383822997815628, 22.508249918190341 ], [ 88.383815090474855, 22.508201809915906 ], [ 88.383805114254145, 22.508097287977179 ], [ 88.383795080774632, 22.507987261076785 ], [ 88.383768253293169, 22.50782919775822 ] ] } },
{ "type": "Feature", "properties": { "ward": 105, "source_sheet": "105_garfa 1.pdf p1", "source": "KMC ward sewerage network map (ArcMap GeoPDF)", "extraction_method": "geopdf_vector", "georef_max_residual_m": 0.0, "conduit_type": "pipe", "pipe_diameter_mm": 450, "diameter_source": "legend_colour", "diameter_candidates_mm": null, "label_diameter_mm": 450.0, "label_agrees": true, "scheme": null, "flow_arrow": "end" }, "geometry": { "type": "LineString", "coordinates": [ [ 88.381418300665658, 22.507761489054637 ], [ 88.381422064323587, 22.507838534392995 ], [ 88.381434392821035, 22.508026995080133 ], [ 88.381447071876238, 22.5081067210449 ], [ 88.38146282767616, 22.50819743300298 ] ] } },
{ "type": "Feature", "properties": { "ward": 105, "source_sheet": "105_garfa 1.pdf p1", "source": "KMC ward sewerage network map (ArcMap GeoPDF)", "extraction_method": "geopdf_vector", "georef_max_residual_m": 0.0, "conduit_type": "pipe", "pipe_diameter_mm": 225, "diameter_source": "legend_colour", "diameter_candidates_mm": null, "label_diameter_mm": 225.0, "label_agrees": true, "scheme": null, "flow_arrow": "end" }, "geometry": { "type": "LineString", "coordinates": [ [ 88.382951673482921, 22.503377800016867 ], [ 88.383026786892245, 22.503479042682514 ], [ 88.383104905580751, 22.503584390013806 ] ] } },
{ "type": "Feature", "properties": { "ward": 105, "source_sheet": "105_garfa 1.pdf p1", "source": "KMC ward sewerage network map (ArcMap GeoPDF)", "extraction_method": "geopdf_vector", "georef_max_residual_m": 0.0, "conduit_type": "pipe", "pipe_diameter_mm": 450, "diameter_source": "legend_colour", "diameter_candidates_mm": null, "label_diameter_mm": 450.0, "label_agrees": true, "scheme": null, "flow_arrow": "end" }, "geometry": { "type": "LineString", "coordinates": [ [ 88.383437191449744, 22.499932991719863 ], [ 88.383555631007468, 22.499927904577483 ], [ 88.383657286818575, 22.500017921476804 ], [ 88.383768335594326, 22.500014270324467 ], [ 88.383874941310438, 22.500010655104145 ], [ 88.383954888348001, 22.500007255479957 ] ] } },
{ "type": "Feature", "properties": { "ward": 105, "source_sheet": "105_garfa 1.pdf p1", "source": "KMC ward sewerage network map (ArcMap GeoPDF)", "extraction_method": "geopdf_vector", "georef_max_residual_m": 0.0, "conduit_type": "pipe", "pipe_diameter_mm": 225, "diameter_source": "legend_colour", "diameter_candidates_mm": null, "label_diameter_mm": 225.0, "label_agrees": true, "scheme": null, "flow_arrow": "end" }, "geometry": { "type": "LineString", "coordinates": [ [ 88.381248930785233, 22.508709787689853 ], [ 88.381328997503289, 22.508717398988026 ], [ 88.381423889753094, 22.508726266886494 ] ] } },
{ "type": "Feature", "properties": { "ward": 105, "source_sheet": "105_garfa 1.pdf p1", "source": "KMC ward sewerage network map (ArcMap GeoPDF)", "extraction_method": "geopdf_vector", "georef_max_residual_m": 0.0, "conduit_type": "pipe", "pipe_diameter_mm": 225, "diameter_source": "legend_colour", "diameter_candidates_mm": null, "label_diameter_mm": 225.0, "label_agrees": true, "scheme": null, "flow_arrow": "end" }, "geometry": { "type": "LineString", "coordinates": [ [ 88.379305088318432, 22.503674260548944 ], [ 88.379302878552835, 22.503604084329584 ], [ 88.37930052591642, 22.50352014567936 ] ] } },
{ "type": "Feature", "properties": { "ward": 105, "source_sheet": "105_garfa 1.pdf p1", "source": "KMC ward sewerage network map (ArcMap GeoPDF)", "extraction_method": "geopdf_vector", "georef_max_residual_m": 0.0, "conduit_type": "pipe", "pipe_diameter_mm": 800, "diameter_source": "legend_colour", "diameter_candidates_mm": null, "label_diameter_mm": 800.0, "label_agrees": true, "scheme": null, "flow_arrow": "end" }, "geometry": { "type": "LineString", "coordinates": [ [ 88.38004091347193, 22.510058732447686 ], [ 88.380080524211834, 22.510164391888722 ], [ 88.380121673386299, 22.510275544326234 ], [ 88.380125508039555, 22.51035947091054 ], [ 88.380129399839674, 22.510448902402221 ], [ 88.3801318819784, 22.510545227054401 ], [ 88.380137440875458, 22.510652537667834 ], [ 88.380141604415172, 22.510768117625009 ], [ 88.380145825171439, 22.510889202602506 ], [ 88.380151455613429, 22.511003394415969 ] ] } },
{ "type": "Feature", "properties": { "ward": 105, "source_sheet": "105_garfa 1.pdf p1", "source": "KMC ward sewerage network map (ArcMap GeoPDF)", "extraction_method": "geopdf_vector", "georef_max_residual_m": 0.0, "conduit_type": "pipe", "pipe_diameter_mm": 500, "diameter_source": "legend_colour", "diameter_candidates_mm": null, "label_diameter_mm": 500.0, "label_agrees": true, "scheme": null, "flow_arrow": "end" }, "geometry": { "type": "LineString", "coordinates": [ [ 88.380226705093165, 22.503419082128122 ], [ 88.380137926565737, 22.503428056681727 ], [ 88.380049133790294, 22.503435654886516 ], [ 88.379952949874649, 22.503444689091204 ], [ 88.379839064613407, 22.50346074777767 ], [ 88.379694119646061, 22.503481186007274 ], [ 88.379487055373389, 22.503510383279579 ], [ 88.37930052591642, 22.50352014567936 ], [ 88.379130131173113, 22.503514637942633 ], [ 88.378981966755916, 22.503510327103029 ], [ 88.378626380704262, 22.503500806333452 ] ] } },
{ "type": "Feature", "properties": { "ward": 105, "source_sheet": "105_garfa 1.pdf p1", "source": "KMC ward sewerage network map (ArcMap GeoPDF)", "extraction_method": "geopdf_vector", "georef_max_residual_m": 0.0, "conduit_type": "pipe", "pipe_diameter_mm": 300, "diameter_source": "legend_colour", "diameter_candidates_mm": null, "label_diameter_mm": 300.0, "label_agrees": true, "scheme": null, "flow_arrow": "end" }, "geometry": { "type": "LineString", "coordinates": [ [ 88.379935349769056, 22.504602344459727 ], [ 88.379921010638313, 22.504647879845628 ], [ 88.379906700086977, 22.50469616765805 ], [ 88.379892346644624, 22.504740326799386 ], [ 88.37987580291059, 22.504858826644575 ], [ 88.379857820923561, 22.504981467222137 ], [ 88.379889881525969, 22.505073424234581 ], [ 88.379983267186958, 22.505222693218069 ], [ 88.380063094507292, 22.505350049995247 ] ] } },
{ "type": "Feature", "properties": { "ward": 105, "source_sheet": "105_garfa 1.pdf p1", "source": "KMC ward sewerage network map (ArcMap GeoPDF)", "extraction_method": "geopdf_vector", "georef_max_residual_m": 0.0, "conduit_type": "pipe", "pipe_diameter_mm": 300, "diameter_source": "legend_colour", "diameter_candidates_mm": null, "label_diameter_mm": 300.0, "label_agrees": true, "scheme": null, "flow_arrow": "end" }, "geometry": { "type": "LineString", "coordinates": [ [ 88.380176738947029, 22.506023545970596 ], [ 88.38024754569841, 22.505995447429076 ], [ 88.380319819244448, 22.505965960718648 ] ] } },
{ "type": "Feature", "properties": { "ward": 105, "source_sheet": "105_garfa 1.pdf p1", "source": "KMC ward sewerage network map (ArcMap GeoPDF)", "extraction_method": "geopdf_vector", "georef_max_residual_m": 0.0, "conduit_type": "pipe", "pipe_diameter_mm": 400, "diameter_source": "legend_colour", "diameter_candidates_mm": null, "label_diameter_mm": 400.0, "label_agrees": true, "scheme": null, "flow_arrow": "end" }, "geometry": { "type": "LineString", "coordinates": [ [ 88.381323933429471, 22.504526446249074 ], [ 88.381241078673185, 22.504535373532949 ], [ 88.381140479532633, 22.50454719684905 ], [ 88.381044423709028, 22.504568617801102 ], [ 88.380952796873771, 22.504588626634185 ], [ 88.380868646886071, 22.504615456833704 ], [ 88.380766766833204, 22.504646559151706 ], [ 88.380641260795954, 22.504684733924478 ], [ 88.380506896871722, 22.504725732818276 ], [ 88.380414403600113, 22.504804931549227 ], [ 88.380452360179731, 22.504894088133323 ], [ 88.380484278143555, 22.504972282646253 ], [ 88.380519244052152, 22.505058710634628 ], [ 88.380557215139106, 22.505149243425944 ], [ 88.380590642884144, 22.505230178437678 ] ] } },
{ "type": "Feature", "properties": { "ward": 105, "source_sheet": "105_garfa 1.pdf p1", "source": "KMC ward sewerage network map (ArcMap GeoPDF)", "extraction_method": "geopdf_vector", "georef_max_residual_m": 0.0, "conduit_type": "pipe", "pipe_diameter_mm": 300, "diameter_source": "legend_colour", "diameter_candidates_mm": null, "label_diameter_mm": 300.0, "label_agrees": true, "scheme": null, "flow_arrow": "end" }, "geometry": { "type": "LineString", "coordinates": [ [ 88.378555892256173, 22.508983391684538 ], [ 88.378563840703663, 22.50903562902937 ], [ 88.378570222358519, 22.50907962091512 ], [ 88.37855293436381, 22.509126556265446 ], [ 88.378461189857674, 22.509135553955332 ], [ 88.378369430992251, 22.509143175294078 ], [ 88.378289521197971, 22.509150701140392 ], [ 88.378205182320499, 22.509159638999371 ], [ 88.37810751318419, 22.509168684178846 ], [ 88.378045376953281, 22.509176066676943 ], [ 88.377993565869644, 22.50917923688079 ], [ 88.377935844485052, 22.509183830990207 ], [ 88.377875146500301, 22.509187072760998 ], [ 88.377622158069755, 22.50921663799269 ], [ 88.377554111538529, 22.509225444213694 ], [ 88.377481635852774, 22.509235662496678 ], [ 88.37740470252426, 22.509244540234345 ], [ 88.377336655960974, 22.509253346422121 ], [ 88.37727157164592, 22.509262128668372 ], [ 88.377219803248934, 22.509269427355889 ], [ 88.377163591487118, 22.509276761807708 ] ] } },
{ "type": "Feature", "properties": { "ward": 105, "source_sheet": "105_garfa 1.pdf p1", "source": "KMC ward sewerage network map (ArcMap GeoPDF)", "extraction_method": "geopdf_vector", "georef_max_residual_m": 0.0, "conduit_type": "pipe", "pipe_diameter_mm": 300, "diameter_source": "legend_colour", "diameter_candidates_mm": null, "label_diameter_mm": 300.0, "label_agrees": true, "scheme": null, "flow_arrow": "end" }, "geometry": { "type": "LineString", "coordinates": [ [ 88.378910577972562, 22.508904832679363 ], [ 88.378744877091862, 22.508924061288916 ], [ 88.378647436729224, 22.508955126608178 ], [ 88.378555892256173, 22.508983391684538 ], [ 88.378515587470872, 22.508953436828794 ], [ 88.378479397600017, 22.508891792623324 ], [ 88.378443207762373, 22.50883014840765 ], [ 88.378410718686212, 22.508696904036348 ], [ 88.378384396955582, 22.508587007913132 ], [ 88.378353517627048, 22.508466137653009 ], [ 88.378330286763983, 22.508368603766026 ], [ 88.378302455463256, 22.508255967127919 ], [ 88.378274638554288, 22.508144706666197 ] ] } },
{ "type": "Feature", "properties": { "ward": 105, "source_sheet": "105_garfa 1.pdf p1", "source": "KMC ward sewerage network map (ArcMap GeoPDF)", "extraction_method": "geopdf_vector", "georef_max_residual_m": 0.0, "conduit_type": "pipe", "pipe_diameter_mm": 300, "diameter_source": "legend_colour", "diameter_candidates_mm": null, "label_diameter_mm": 300.0, "label_agrees": true, "scheme": null, "flow_arrow": "end" }, "geometry": { "type": "LineString", "coordinates": [ [ 88.381658748247645, 22.509802052933178 ], [ 88.381570008810243, 22.509815157190822 ], [ 88.381491623000898, 22.509826801333137 ], [ 88.381404364628395, 22.509839893476869 ] ] } },
{ "type": "Feature", "properties": { "ward": 105, "source_sheet": "105_garfa 1.pdf p1", "source": "KMC ward sewerage network map (ArcMap GeoPDF)", "extraction_method": "geopdf_vector", "georef_max_residual_m": 0.0, "conduit_type": "pipe", "pipe_diameter_mm": 225, "diameter_source": "legend_colour", "diameter_candidates_mm": null, "label_diameter_mm": 225.0, "label_agrees": true, "scheme": null, "flow_arrow": "end" }, "geometry": { "type": "LineString", "coordinates": [ [ 88.380954949984101, 22.50978296426619 ], [ 88.381019096850949, 22.509826489419474 ], [ 88.381083243696153, 22.5098700146028 ], [ 88.381182394187917, 22.509860955582038 ], [ 88.381274153215827, 22.509853332625173 ] ] } },
{ "type": "Feature", "properties": { "ward": 105, "source_sheet": "105_garfa 1.pdf p1", "source": "KMC ward sewerage network map (ArcMap GeoPDF)", "extraction_method": "geopdf_vector", "georef_max_residual_m": 0.0, "conduit_type": "pipe", "pipe_diameter_mm": 800, "diameter_source": "legend_colour", "diameter_candidates_mm": null, "label_diameter_mm": 800.0, "label_agrees": true, "scheme": null, "flow_arrow": "end" }, "geometry": { "type": "LineString", "coordinates": [ [ 88.382341109765832, 22.50804581803542 ], [ 88.382415165745755, 22.508045219320593 ], [ 88.38250699514488, 22.508044476867038 ], [ 88.382575126604081, 22.508043925980825 ], [ 88.382803218840209, 22.508042081500129 ], [ 88.382925850834894, 22.508012186334923 ], [ 88.383060288748922, 22.50797806651477 ], [ 88.383157770283148, 22.507951127267692 ], [ 88.38325231821247, 22.507926964407766 ], [ 88.383333564672341, 22.507905661821603 ], [ 88.383450372287086, 22.50788544782143 ], [ 88.383564217579831, 22.507865257708819 ], [ 88.383669190505742, 22.507846515673339 ], [ 88.383768253293169, 22.50782919775822 ], [ 88.383854028976202, 22.507816116392714 ], [ 88.383945714743604, 22.507801610788746 ], [ 88.384049235152048, 22.507785632977626 ], [ 88.384182248733907, 22.507757029134712 ], [ 88.384319691272893, 22.507727013026575 ], [ 88.384409824135716, 22.507705637958658 ] ] } },
{ "type": "Feature", "properties": { "ward": 105, "source_sheet": "105_garfa 1.pdf p1", "source": "KMC ward sewerage network map (ArcMap GeoPDF)", "extraction_method": "geopdf_vector", "georef_max_residual_m": 0.0, "conduit_type": "pipe", "pipe_diameter_mm": 300, "diameter_source": "legend_colour", "diameter_candidates_mm": null, "label_diameter_mm": 300.0, "label_agrees": true, "scheme": null, "flow_arrow": "end" }, "geometry": { "type": "LineString", "coordinates": [ [ 88.380233595209461, 22.507504042999315 ], [ 88.380279481203914, 22.507500919926102 ], [ 88.380375667816537, 22.507491885391513 ], [ 88.380464448839973, 22.507482910639609 ], [ 88.380572484412895, 22.507473780336458 ] ] } },
{ "type": "Feature", "properties": { "ward": 105, "source_sheet": "105_garfa 1.pdf p1", "source": "KMC ward sewerage network map (ArcMap GeoPDF)", "extraction_method": "geopdf_vector", "georef_max_residual_m": 0.0, "conduit_type": "pipe", "pipe_diameter_mm": 800, "diameter_source": "legend_colour", "diameter_candidates_mm": null, "label_diameter_mm": 800.0, "label_agrees": true, "scheme": null, "flow_arrow": "end" }, "geometry": { "type": "LineString", "coordinates": [ [ 88.382341109765832, 22.50804581803542 ], [ 88.382303746314818, 22.508156228247142 ], [ 88.382264930302469, 22.508269402906226 ], [ 88.382257003044884, 22.508361682570268 ], [ 88.382247623271653, 22.508456726687825 ], [ 88.382262299458162, 22.508585985126214 ], [ 88.382278456830377, 22.508715231585946 ], [ 88.38229306148304, 22.508837608812915 ], [ 88.382297991785279, 22.50888436494802 ], [ 88.382302907770253, 22.508929744784872 ], [ 88.382327006788728, 22.508968087812306 ], [ 88.38252479897902, 22.509043564329559 ], [ 88.382572725103756, 22.509094101798492 ], [ 88.382619141521758, 22.50914189880503 ], [ 88.382681744407037, 22.509321694607046 ], [ 88.382693951608005, 22.509356004670465 ], [ 88.382756990021974, 22.509435323277035 ], [ 88.382812450980083, 22.509498186870399 ], [ 88.382835298368803, 22.509558561567182 ], [ 88.382861294287423, 22.509636803361428 ], [ 88.382895899413853, 22.509830588994873 ], [ 88.382918148697513, 22.510118066452677 ] ] } },
{ "type": "Feature", "properties": { "ward": 105, "source_sheet": "105_garfa 1.pdf p1", "source": "KMC ward sewerage network map (ArcMap GeoPDF)", "extraction_method": "geopdf_vector", "georef_max_residual_m": 0.0, "conduit_type": "pipe", "pipe_diameter_mm": 600, "diameter_source": "legend_colour", "diameter_candidates_mm": null, "label_diameter_mm": 600.0, "label_agrees": true, "scheme": null, "flow_arrow": "end" }, "geometry": { "type": "LineString", "coordinates": [ [ 88.380590642884144, 22.505230178437678 ], [ 88.38069456231193, 22.505252737514709 ], [ 88.380900905898287, 22.50529649112217 ], [ 88.381025603649107, 22.505323011274232 ], [ 88.381145858154298, 22.505349567154656 ], [ 88.381266112639381, 22.505376123000712 ], [ 88.381333105184083, 22.505408614349236 ], [ 88.381478237851468, 22.50540606564136 ], [ 88.381717988549056, 22.5053862361172 ], [ 88.381916297278764, 22.505369493848068 ], [ 88.382101290467347, 22.505354235253961 ], [ 88.382276617569929, 22.505406495887691 ], [ 88.382365840977201, 22.505440183511457 ], [ 88.382456531221507, 22.505472482811467 ], [ 88.382542763894861, 22.505503441740881 ], [ 88.382633454216588, 22.505535740936857 ], [ 88.382771697096715, 22.505582795482599 ], [ 88.382914397681475, 22.505631190154041 ], [ 88.383049692827598, 22.505679644590433 ], [ 88.383173082047733, 22.505722689846969 ], [ 88.383196851219921, 22.505729379360957 ], [ 88.383358877913153, 22.505784499017867 ], [ 88.383500097763772, 22.505832905188029 ], [ 88.383601978019527, 22.505801801074242 ], [ 88.383699443596072, 22.505773485391469 ], [ 88.383795413677419, 22.505743805397902 ], [ 88.383866291136385, 22.505722586507847 ], [ 88.383974124298931, 22.505694186698907 ] ] } },
{ "type": "Feature", "properties": { "ward": 105, "source_sheet": "105_garfa 1.pdf p1", "source": "KMC ward sewerage network map (ArcMap GeoPDF)", "extraction_method": "geopdf_vector", "georef_max_residual_m": 0.0, "conduit_type": "pipe", "pipe_diameter_mm": 600, "diameter_source": "legend_colour", "diameter_candidates_mm": null, "label_diameter_mm": 600.0, "label_agrees": true, "scheme": null, "flow_arrow": "end" }, "geometry": { "type": "LineString", "coordinates": [ [ 88.380590642884144, 22.505230178437678 ], [ 88.380451105837423, 22.505201025006823 ], [ 88.380207640999302, 22.505291076676787 ], [ 88.380063094507292, 22.505350049995247 ], [ 88.380008651557375, 22.505384898135961 ], [ 88.379940978769611, 22.505429487453565 ], [ 88.379811714647602, 22.50553375693563 ], [ 88.379767624856768, 22.505567145113066 ], [ 88.379676211472884, 22.505607796839193 ], [ 88.37957447331101, 22.505652660816441 ], [ 88.379487474529213, 22.505690524113646 ], [ 88.379440293813943, 22.505711549974428 ], [ 88.379404904710498, 22.505726975286258 ], [ 88.379230764020662, 22.505788939291932 ], [ 88.379097936772993, 22.505835430105975 ], [ 88.378984292296138, 22.505874884356516 ], [ 88.37888836372538, 22.505908690267198 ], [ 88.378801293219666, 22.505939671994959 ], [ 88.378698144736404, 22.505991428598726 ], [ 88.378608283269685, 22.506038949021463 ], [ 88.378522822210044, 22.506082304796966 ], [ 88.378449152797543, 22.506120060117791 ], [ 88.378369587458877, 22.506160615639079 ], [ 88.378173757460488, 22.506273678420271 ], [ 88.378001667663995, 22.506390678778352 ], [ 88.377835459208924, 22.50650350250827 ] ] } },
{ "type": "Feature", "properties": { "ward": 105, "source_sheet": "105_garfa 1.pdf p1", "source": "KMC ward sewerage network map (ArcMap GeoPDF)", "extraction_method": "geopdf_vector", "georef_max_residual_m": 0.0, "conduit_type": "pipe", "pipe_diameter_mm": 400, "diameter_source": "legend_colour", "diameter_candidates_mm": null, "label_diameter_mm": 400.0, "label_agrees": true, "scheme": null, "flow_arrow": "end" }, "geometry": { "type": "LineString", "coordinates": [ [ 88.381133455368911, 22.501733987504497 ], [ 88.381294575339595, 22.501702406627821 ], [ 88.381430560272847, 22.50167515762136 ], [ 88.381566545208713, 22.501647908559505 ], [ 88.381724702865881, 22.501616351131446 ], [ 88.381868049932123, 22.501584913271152 ], [ 88.381867248486813, 22.501507843957004 ], [ 88.382047578709603, 22.501471978061886 ], [ 88.382232351988378, 22.501436076061029 ], [ 88.382343545150647, 22.501446188191583 ] ] } },
{ "type": "Feature", "properties": { "ward": 105, "source_sheet": "105_garfa 1.pdf p1", "source": "KMC ward sewerage network map (ArcMap GeoPDF)", "extraction_method": "geopdf_vector", "georef_max_residual_m": 0.0, "conduit_type": "pipe", "pipe_diameter_mm": 225, "diameter_source": "legend_colour", "diameter_candidates_mm": null, "label_diameter_mm": 225.0, "label_agrees": true, "scheme": null, "flow_arrow": "end" }, "geometry": { "type": "LineString", "coordinates": [ [ 88.378644976770602, 22.510430597101948 ], [ 88.378847851007151, 22.510424832355898 ] ] } },
{ "type": "Feature", "properties": { "ward": 105, "source_sheet": "105_garfa 1.pdf p1", "source": "KMC ward sewerage network map (ArcMap GeoPDF)", "extraction_method": "geopdf_vector", "georef_max_residual_m": 0.0, "conduit_type": "pipe", "pipe_diameter_mm": 300, "diameter_source": "legend_colour", "diameter_candidates_mm": null, "label_diameter_mm": 300.0, "label_agrees": true, "scheme": null, "flow_arrow": "end" }, "geometry": { "type": "LineString", "coordinates": [ [ 88.377939774681948, 22.509705437339839 ], [ 88.377957238013465, 22.509818157621368 ], [ 88.377847790697331, 22.509834179356361 ], [ 88.377744267832142, 22.50985015328839 ], [ 88.377740752418504, 22.5099396445836 ] ] } },
{ "type": "Feature", "properties": { "ward": 105, "source_sheet": "105_garfa 1.pdf p1", "source": "KMC ward sewerage network map (ArcMap GeoPDF)", "extraction_method": "geopdf_vector", "georef_max_residual_m": 0.0, "conduit_type": "pipe", "pipe_diameter_mm": 225, "diameter_source": "legend_colour", "diameter_candidates_mm": null, "label_diameter_mm": 225.0, "label_agrees": true, "scheme": null, "flow_arrow": "end" }, "geometry": { "type": "LineString", "coordinates": [ [ 88.37825399447253, 22.50886745862336 ], [ 88.378355992472322, 22.508847367611747 ], [ 88.378443207762373, 22.50883014840765 ] ] } },
{ "type": "Feature", "properties": { "ward": 105, "source_sheet": "105_garfa 1.pdf p1", "source": "KMC ward sewerage network map (ArcMap GeoPDF)", "extraction_method": "geopdf_vector", "georef_max_residual_m": 0.0, "conduit_type": "pipe", "pipe_diameter_mm": 300, "diameter_source": "legend_colour", "diameter_candidates_mm": null, "label_diameter_mm": 300.0, "label_agrees": true, "scheme": null, "flow_arrow": "end" }, "geometry": { "type": "LineString", "coordinates": [ [ 88.379229038590452, 22.508190689940946 ], [ 88.379202844945809, 22.508093180095713 ], [ 88.37918280443067, 22.508017642283722 ], [ 88.37915354860688, 22.507910522675655 ], [ 88.379138137274907, 22.507852840113458 ] ] } },
{ "type": "Feature", "properties": { "ward": 105, "source_sheet": "105_garfa 1.pdf p1", "source": "KMC ward sewerage network map (ArcMap GeoPDF)", "extraction_method": "geopdf_vector", "georef_max_residual_m": 0.0, "conduit_type": "pipe", "pipe_diameter_mm": 225, "diameter_source": "legend_colour", "diameter_candidates_mm": null, "label_diameter_mm": 225.0, "label_agrees": true, "scheme": null, "flow_arrow": "end" }, "geometry": { "type": "LineString", "coordinates": [ [ 88.380210062216619, 22.508375464252573 ], [ 88.380203457439961, 22.508452593327615 ], [ 88.380195371445922, 22.508529734357225 ], [ 88.380188723697771, 22.508602734706624 ], [ 88.38018058055448, 22.508674370767974 ] ] } },
{ "type": "Feature", "properties": { "ward": 105, "source_sheet": "105_garfa 1.pdf p1", "source": "KMC ward sewerage network map (ArcMap GeoPDF)", "extraction_method": "geopdf_vector", "georef_max_residual_m": 0.0, "conduit_type": "pipe", "pipe_diameter_mm": 300, "diameter_source": "legend_colour", "diameter_candidates_mm": null, "label_diameter_mm": 300.0, "label_agrees": true, "scheme": null, "flow_arrow": "end" }, "geometry": { "type": "LineString", "coordinates": [ [ 88.379424247902904, 22.507019215158053 ], [ 88.37939231575784, 22.506939644262417 ], [ 88.379355825989592, 22.506849099198988 ], [ 88.379320845923033, 22.506761294720956 ] ] } },
{ "type": "Feature", "properties": { "ward": 105, "source_sheet": "105_garfa 1.pdf p1", "source": "KMC ward sewerage network map (ArcMap GeoPDF)", "extraction_method": "geopdf_vector", "georef_max_residual_m": 0.0, "conduit_type": "pipe", "pipe_diameter_mm": 300, "diameter_source": "legend_colour", "diameter_candidates_mm": null, "label_diameter_mm": 300.0, "label_agrees": true, "scheme": null, "flow_arrow": "end" }, "geometry": { "type": "LineString", "coordinates": [ [ 88.383263983834098, 22.508620551239499 ], [ 88.383295990245855, 22.508707002419406 ], [ 88.383321914577934, 22.508778362943456 ], [ 88.38334944907092, 22.508862097577765 ] ] } },
{ "type": "Feature", "properties": { "ward": 105, "source_sheet": "105_garfa 1.pdf p1", "source": "KMC ward sewerage network map (ArcMap GeoPDF)", "extraction_method": "geopdf_vector", "georef_max_residual_m": 0.0, "conduit_type": "pipe", "pipe_diameter_mm": 225, "diameter_source": "legend_colour", "diameter_candidates_mm": null, "label_diameter_mm": null, "label_agrees": null, "scheme": null, "flow_arrow": "end" }, "geometry": { "type": "LineString", "coordinates": [ [ 88.383709821607923, 22.508903224696649 ], [ 88.383704804824561, 22.50884821124901 ], [ 88.38368352435819, 22.508796082133941 ] ] } },
{ "type": "Feature", "properties": { "ward": 105, "source_sheet": "105_garfa 1.pdf p1", "source": "KMC ward sewerage network map (ArcMap GeoPDF)", "extraction_method": "geopdf_vector", "georef_max_residual_m": 0.0, "conduit_type": "pipe", "pipe_diameter_mm": 375, "diameter_source": "legend_colour", "diameter_candidates_mm": null, "label_diameter_mm": 375.0, "label_agrees": true, "scheme": null, "flow_arrow": "end" }, "geometry": { "type": "LineString", "coordinates": [ [ 88.38264745884635, 22.506596795237265 ], [ 88.382779191129558, 22.506587471876912 ], [ 88.382856016614213, 22.506710722256372 ] ] } },
{ "type": "Feature", "properties": { "ward": 105, "source_sheet": "105_garfa 1.pdf p1", "source": "KMC ward sewerage network map (ArcMap GeoPDF)", "extraction_method": "geopdf_vector", "georef_max_residual_m": 0.0, "conduit_type": "pipe", "pipe_diameter_mm": 300, "diameter_source": "legend_colour", "diameter_candidates_mm": null, "label_diameter_mm": 300.0, "label_agrees": true, "scheme": null, "flow_arrow": "end" }, "geometry": { "type": "LineString", "coordinates": [ [ 88.38022971367316, 22.504564183956631 ], [ 88.380294729946698, 22.504691660106236 ], [ 88.380350187823694, 22.504754524791949 ], [ 88.380414403600113, 22.504804931549227 ] ] } },
{ "type": "Feature", "properties": { "ward": 105, "source_sheet": "105_garfa 1.pdf p1", "source": "KMC ward sewerage network map (ArcMap GeoPDF)", "extraction_method": "geopdf_vector", "georef_max_residual_m": 0.0, "conduit_type": "pipe", "pipe_diameter_mm": 225, "diameter_source": "legend_colour", "diameter_candidates_mm": null, "label_diameter_mm": 225.0, "label_agrees": true, "scheme": null, "flow_arrow": "end" }, "geometry": { "type": "LineString", "coordinates": [ [ 88.380952796873771, 22.504588626634185 ], [ 88.380939138144583, 22.504557080819104 ], [ 88.380917902295494, 22.504509079952651 ], [ 88.380893604243923, 22.504451469305835 ], [ 88.380861729163513, 22.504377403600053 ], [ 88.380931111050813, 22.50435482172767 ], [ 88.381009350875942, 22.504329415583886 ], [ 88.381075770563839, 22.504306857628094 ], [ 88.381127436711154, 22.504289924163917 ], [ 88.381216415925593, 22.504300216369096 ], [ 88.381289074687174, 22.504307887684053 ] ] } },
{ "type": "Feature", "properties": { "ward": 105, "source_sheet": "105_garfa 1.pdf p1", "source": "KMC ward sewerage network map (ArcMap GeoPDF)", "extraction_method": "geopdf_vector", "georef_max_residual_m": 0.0, "conduit_type": "pipe", "pipe_diameter_mm": 450, "diameter_source": "legend_colour", "diameter_candidates_mm": null, "label_diameter_mm": 450.0, "label_agrees": true, "scheme": null, "flow_arrow": "end" }, "geometry": { "type": "LineString", "coordinates": [ [ 88.380432863586947, 22.502162183841019 ], [ 88.380413975694367, 22.502054980700166 ], [ 88.380264732070941, 22.502089217597746 ], [ 88.380238839318309, 22.502020608867969 ], [ 88.380211394096676, 22.501945130869267 ] ] } },
{ "type": "Feature", "properties": { "ward": 105, "source_sheet": "105_garfa 1.pdf p1", "source": "KMC ward sewerage network map (ArcMap GeoPDF)", "extraction_method": "geopdf_vector", "georef_max_residual_m": 0.0, "conduit_type": "pipe", "pipe_diameter_mm": 300, "diameter_source": "legend_colour", "diameter_candidates_mm": null, "label_diameter_mm": 300.0, "label_agrees": true, "scheme": null, "flow_arrow": "end" }, "geometry": { "type": "LineString", "coordinates": [ [ 88.381497721371971, 22.503148689447507 ], [ 88.381438571836853, 22.503015661017432 ] ] } },
{ "type": "Feature", "properties": { "ward": 105, "source_sheet": "105_garfa 1.pdf p1", "source": "KMC ward sewerage network map (ArcMap GeoPDF)", "extraction_method": "geopdf_vector", "georef_max_residual_m": 0.0, "conduit_type": "pipe", "pipe_diameter_mm": 300, "diameter_source": "legend_colour", "diameter_candidates_mm": null, "label_diameter_mm": 300.0, "label_agrees": true, "scheme": null, "flow_arrow": "end" }, "geometry": { "type": "LineString", "coordinates": [ [ 88.381658748247645, 22.509802052933178 ], [ 88.381784415977194, 22.509779015760891 ], [ 88.381893805371348, 22.50975748641282 ], [ 88.381882592701004, 22.50967637230827 ], [ 88.381869626862141, 22.509569121660483 ], [ 88.381858170840829, 22.509464611462469 ] ] } },
{ "type": "Feature", "properties": { "ward": 105, "source_sheet": "105_garfa 1.pdf p1", "source": "KMC ward sewerage network map (ArcMap GeoPDF)", "extraction_method": "geopdf_vector", "georef_max_residual_m": 0.0, "conduit_type": "pipe", "pipe_diameter_mm": 300, "diameter_source": "legend_colour", "diameter_candidates_mm": null, "label_diameter_mm": 300.0, "label_agrees": true, "scheme": null, "flow_arrow": "end" }, "geometry": { "type": "LineString", "coordinates": [ [ 88.380797602317088, 22.503765444150563 ], [ 88.380995765879177, 22.503734940759713 ], [ 88.381167112627082, 22.503689513765988 ], [ 88.381329587157722, 22.5036455346109 ], [ 88.381460730080974, 22.503579786780225 ], [ 88.381536000030962, 22.503696168788551 ], [ 88.381582034986508, 22.503849948402593 ] ] } },
{ "type": "Feature", "properties": { "ward": 105, "source_sheet": "105_garfa 1.pdf p1", "source": "KMC ward sewerage network map (ArcMap GeoPDF)", "extraction_method": "geopdf_vector", "georef_max_residual_m": 0.0, "conduit_type": "pipe", "pipe_diameter_mm": 500, "diameter_source": "legend_colour", "diameter_candidates_mm": null, "label_diameter_mm": 500.0, "label_agrees": true, "scheme": null, "flow_arrow": "end" }, "geometry": { "type": "LineString", "coordinates": [ [ 88.381263476314004, 22.503270324188119 ], [ 88.381244659118309, 22.503170002351066 ], [ 88.381225856260713, 22.50307105680853 ], [ 88.381438571836853, 22.503015661017432 ], [ 88.381612722250082, 22.502955071069444 ], [ 88.381668816727938, 22.502936725321831 ] ] } },
{ "type": "Feature", "properties": { "ward": 105, "source_sheet": "105_garfa 1.pdf p1", "source": "KMC ward sewerage network map (ArcMap GeoPDF)", "extraction_method": "geopdf_vector", "georef_max_residual_m": 0.0, "conduit_type": "pipe", "pipe_diameter_mm": 225, "diameter_source": "legend_colour", "diameter_candidates_mm": null, "label_diameter_mm": 225.0, "label_agrees": true, "scheme": null, "flow_arrow": "end" }, "geometry": { "type": "LineString", "coordinates": [ [ 88.382335651698853, 22.507236567178605 ], [ 88.382381116042751, 22.50733529700285 ], [ 88.382497923361754, 22.507315083709411 ], [ 88.38260283876977, 22.507290837419816 ], [ 88.382701843979717, 22.507268015211842 ], [ 88.382790510101316, 22.507248029268585 ] ] } },
{ "type": "Feature", "properties": { "ward": 105, "source_sheet": "105_garfa 1.pdf p1", "source": "KMC ward sewerage network map (ArcMap GeoPDF)", "extraction_method": "geopdf_vector", "georef_max_residual_m": 0.0, "conduit_type": "pipe", "pipe_diameter_mm": 300, "diameter_source": "legend_colour", "diameter_candidates_mm": null, "label_diameter_mm": 300.0, "label_agrees": true, "scheme": null, "flow_arrow": "end" }, "geometry": { "type": "LineString", "coordinates": [ [ 88.381598842097404, 22.504184266392532 ], [ 88.381602612745368, 22.504119547373296 ], [ 88.381592381063314, 22.503990252856486 ], [ 88.381582034986508, 22.503849948402593 ] ] } },
{ "type": "Feature", "properties": { "ward": 105, "source_sheet": "105_garfa 1.pdf p1", "source": "KMC ward sewerage network map (ArcMap GeoPDF)", "extraction_method": "geopdf_vector", "georef_max_residual_m": 0.0, "conduit_type": "pipe", "pipe_diameter_mm": 300, "diameter_source": "legend_colour", "diameter_candidates_mm": null, "label_diameter_mm": 300.0, "label_agrees": true, "scheme": null, "flow_arrow": "end" }, "geometry": { "type": "LineString", "coordinates": [ [ 88.381212107586165, 22.502033397430271 ], [ 88.381291912926343, 22.50201623670289 ], [ 88.381377628136278, 22.501997651847685 ], [ 88.381457433430995, 22.501980491040257 ], [ 88.381541667511883, 22.501961918062651 ], [ 88.381619991743307, 22.501944769139691 ], [ 88.381705692545495, 22.501924807872225 ], [ 88.381786978766556, 22.501907634940931 ], [ 88.381771438369469, 22.501837566433835 ], [ 88.381755826438166, 22.501760616829159 ], [ 88.381738762131505, 22.501686431612573 ], [ 88.381724702865881, 22.501616351131446 ] ] } },
{ "type": "Feature", "properties": { "ward": 105, "source_sheet": "105_garfa 1.pdf p1", "source": "KMC ward sewerage network map (ArcMap GeoPDF)", "extraction_method": "geopdf_vector", "georef_max_residual_m": 0.0, "conduit_type": "pipe", "pipe_diameter_mm": 300, "diameter_source": "legend_colour", "diameter_candidates_mm": null, "label_diameter_mm": null, "label_agrees": null, "scheme": null, "flow_arrow": "end" }, "geometry": { "type": "LineString", "coordinates": [ [ 88.381977832497057, 22.505874117904551 ], [ 88.381832871146273, 22.50589318192285 ], [ 88.381680518574427, 22.505913681887698 ], [ 88.381556263907072, 22.505929825642262 ], [ 88.381418707908082, 22.505948829465112 ] ] } },
{ "type": "Feature", "properties": { "ward": 105, "source_sheet": "105_garfa 1.pdf p1", "source": "KMC ward sewerage network map (ArcMap GeoPDF)", "extraction_method": "geopdf_vector", "georef_max_residual_m": 0.0, "conduit_type": "pipe", "pipe_diameter_mm": 225, "diameter_source": "legend_colour", "diameter_candidates_mm": null, "label_diameter_mm": 225.0, "label_agrees": true, "scheme": null, "flow_arrow": "end" }, "geometry": { "type": "LineString", "coordinates": [ [ 88.381310817897287, 22.504832102507752 ], [ 88.381377366605975, 22.504821930535723 ] ] } },
{ "type": "Feature", "properties": { "ward": 105, "source_sheet": "105_garfa 1.pdf p1", "source": "KMC ward sewerage network map (ArcMap GeoPDF)", "extraction_method": "geopdf_vector", "georef_max_residual_m": 0.0, "conduit_type": "pipe", "pipe_diameter_mm": 375, "diameter_source": "legend_colour", "diameter_candidates_mm": null, "label_diameter_mm": 375.0, "label_agrees": true, "scheme": null, "flow_arrow": "end" }, "geometry": { "type": "LineString", "coordinates": [ [ 88.382600241427795, 22.504763875834197 ], [ 88.382599682911447, 22.504710202612149 ], [ 88.382466457012541, 22.504718161471022 ], [ 88.382319901357562, 22.504726227911334 ], [ 88.382208905997629, 22.504735383218328 ], [ 88.382128956093069, 22.50473878211314 ], [ 88.382041586443734, 22.5047408645746 ], [ 88.381954316990587, 22.504752580620206 ], [ 88.381867033206888, 22.504762920435276 ], [ 88.381782711626514, 22.504773236211815 ], [ 88.381692465653529, 22.504783599867562 ], [ 88.381614068297807, 22.504793867692598 ], [ 88.3815341756316, 22.504802771259904 ], [ 88.38144837282023, 22.504813098829267 ], [ 88.381377366605975, 22.504821930535723 ] ] } },
{ "type": "Feature", "properties": { "ward": 105, "source_sheet": "105_garfa 1.pdf p1", "source": "KMC ward sewerage network map (ArcMap GeoPDF)", "extraction_method": "geopdf_vector", "georef_max_residual_m": 0.0, "conduit_type": "pipe", "pipe_diameter_mm": 300, "diameter_source": "legend_colour", "diameter_candidates_mm": null, "label_diameter_mm": 300.0, "label_agrees": true, "scheme": null, "flow_arrow": "end" }, "geometry": { "type": "LineString", "coordinates": [ [ 88.377911119831069, 22.510227306214752 ], [ 88.377803010525355, 22.510229553630825 ] ] } },
{ "type": "Feature", "properties": { "ward": 105, "source_sheet": "105_garfa 1.pdf p1", "source": "KMC ward sewerage network map (ArcMap GeoPDF)", "extraction_method": "geopdf_vector", "georef_max_residual_m": 0.0, "conduit_type": "pipe", "pipe_diameter_mm": 300, "diameter_source": "legend_colour", "diameter_candidates_mm": null, "label_diameter_mm": 300.0, "label_agrees": true, "scheme": null, "flow_arrow": "end" }, "geometry": { "type": "LineString", "coordinates": [ [ 88.379124348699889, 22.510234042239176 ], [ 88.379130973543781, 22.510301430083292 ], [ 88.379079133445615, 22.510301848172382 ], [ 88.379016939627761, 22.510303726099188 ], [ 88.378953264698083, 22.510305615945779 ], [ 88.378896995494472, 22.510307446049971 ], [ 88.378836268488939, 22.510307935721912 ] ] } },
{ "type": "Feature", "properties": { "ward": 105, "source_sheet": "105_garfa 1.pdf p1", "source": "KMC ward sewerage network map (ArcMap GeoPDF)", "extraction_method": "geopdf_vector", "georef_max_residual_m": 0.0, "conduit_type": "pipe", "pipe_diameter_mm": 225, "diameter_source": "legend_colour", "diameter_candidates_mm": null, "label_diameter_mm": 225.0, "label_agrees": true, "scheme": null, "flow_arrow": "end" }, "geometry": { "type": "LineString", "coordinates": [ [ 88.379424903991364, 22.508223518967114 ], [ 88.37936852131395, 22.508214339256675 ], [ 88.379295803391614, 22.508201162264257 ], [ 88.379229038590452, 22.508190689940946 ] ] } },
{ "type": "Feature", "properties": { "ward": 105, "source_sheet": "105_garfa 1.pdf p1", "source": "KMC ward sewerage network map (ArcMap GeoPDF)", "extraction_method": "geopdf_vector", "georef_max_residual_m": 0.0, "conduit_type": "pipe", "pipe_diameter_mm": 300, "diameter_source": "legend_colour", "diameter_candidates_mm": null, "label_diameter_mm": 300.0, "label_agrees": true, "scheme": null, "flow_arrow": "end" }, "geometry": { "type": "LineString", "coordinates": [ [ 88.379382136002008, 22.507813710677286 ], [ 88.37939353279792, 22.507912716203677 ], [ 88.379405086821009, 22.508026860333942 ], [ 88.379415045448908, 22.508130006470406 ], [ 88.379424903991364, 22.508223518967114 ], [ 88.379434048011206, 22.508248219526919 ], [ 88.379558605296694, 22.508260978323605 ], [ 88.379567849334705, 22.508295312569185 ], [ 88.379656816770648, 22.508304229266422 ], [ 88.379738350066901, 22.508310453237872 ], [ 88.379827317518064, 22.508319369839835 ], [ 88.379913308507355, 22.50832693411056 ] ] } },
{ "type": "Feature", "properties": { "ward": 105, "source_sheet": "105_garfa 1.pdf p1", "source": "KMC ward sewerage network map (ArcMap GeoPDF)", "extraction_method": "geopdf_vector", "georef_max_residual_m": 0.0, "conduit_type": "pipe", "pipe_diameter_mm": 400, "diameter_source": "legend_colour", "diameter_candidates_mm": null, "label_diameter_mm": 400.0, "label_agrees": true, "scheme": null, "flow_arrow": "end" }, "geometry": { "type": "LineString", "coordinates": [ [ 88.377078915700821, 22.508110295401924 ], [ 88.377161641615231, 22.507945843161199 ], [ 88.377222635777727, 22.507828361893633 ], [ 88.377316842361708, 22.507771172743134 ], [ 88.377418397375791, 22.507708418982343 ], [ 88.377525862471472, 22.50764424114336 ], [ 88.377592623638137, 22.507511573416529 ], [ 88.377603573302935, 22.507424774933213 ], [ 88.377618695181425, 22.507311792091652 ], [ 88.377630968952005, 22.507209843056067 ], [ 88.377640494597671, 22.507128561415463 ], [ 88.377649877561637, 22.507033517397122 ], [ 88.377659403190677, 22.506952235812175 ], [ 88.377702708813317, 22.506843155014472 ], [ 88.377750329302785, 22.506721652223057 ], [ 88.377789291441104, 22.506622240844965 ], [ 88.377835459208924, 22.50650350250827 ] ] } },
{ "type": "Feature", "properties": { "ward": 105, "source_sheet": "105_garfa 1.pdf p1", "source": "KMC ward sewerage network map (ArcMap GeoPDF)", "extraction_method": "geopdf_vector", "georef_max_residual_m": 0.0, "conduit_type": "pipe", "pipe_diameter_mm": 300, "diameter_source": "legend_colour", "diameter_candidates_mm": null, "label_diameter_mm": 300.0, "label_agrees": true, "scheme": null, "flow_arrow": "end" }, "geometry": { "type": "LineString", "coordinates": [ [ 88.377646150389268, 22.507816692878048 ], [ 88.377569471442996, 22.507707202203857 ], [ 88.377525862471472, 22.50764424114336 ] ] } },
{ "type": "Feature", "properties": { "ward": 105, "source_sheet": "105_garfa 1.pdf p1", "source": "KMC ward sewerage network map (ArcMap GeoPDF)", "extraction_method": "geopdf_vector", "georef_max_residual_m": 0.0, "conduit_type": "pipe", "pipe_diameter_mm": 300, "diameter_source": "legend_colour", "diameter_candidates_mm": null, "label_diameter_mm": 300.0, "label_agrees": true, "scheme": null, "flow_arrow": "end" }, "geometry": { "type": "LineString", "coordinates": [ [ 88.380572484412895, 22.507473780336458 ], [ 88.380583595951592, 22.507545260967394 ], [ 88.380594693200692, 22.507615365354809 ], [ 88.380604223502672, 22.507677224306409 ] ] } },
{ "type": "Feature", "properties": { "ward": 105, "source_sheet": "105_garfa 1.pdf p1", "source": "KMC ward sewerage network map (ArcMap GeoPDF)", "extraction_method": "geopdf_vector", "georef_max_residual_m": 0.0, "conduit_type": "pipe", "pipe_diameter_mm": 400, "diameter_source": "legend_colour", "diameter_candidates_mm": null, "label_diameter_mm": 400.0, "label_agrees": true, "scheme": null, "flow_arrow": "end" }, "geometry": { "type": "LineString", "coordinates": [ [ 88.380604223502672, 22.507677224306409 ], [ 88.380612544496913, 22.507765243688421 ], [ 88.380607492552244, 22.507849242022932 ], [ 88.380601174009641, 22.507953895822613 ], [ 88.380596150664019, 22.508040646581168 ], [ 88.38059230802952, 22.508098484425105 ], [ 88.380617636548521, 22.508255184163541 ], [ 88.380644969060825, 22.508319652030295 ] ] } },
{ "type": "Feature", "properties": { "ward": 105, "source_sheet": "105_garfa 1.pdf p1", "source": "KMC ward sewerage network map (ArcMap GeoPDF)", "extraction_method": "geopdf_vector", "georef_max_residual_m": 0.0, "conduit_type": "pipe", "pipe_diameter_mm": 300, "diameter_source": "legend_colour", "diameter_candidates_mm": null, "label_diameter_mm": 300.0, "label_agrees": true, "scheme": null, "flow_arrow": "end" }, "geometry": { "type": "LineString", "coordinates": [ [ 88.381036752936623, 22.507392955761986 ], [ 88.380894823580505, 22.507418876302108 ], [ 88.380733654032767, 22.507446328369728 ], [ 88.380572484412895, 22.507473780336458 ] ] } },
{ "type": "Feature", "properties": { "ward": 105, "source_sheet": "105_garfa 1.pdf p1", "source": "KMC ward sewerage network map (ArcMap GeoPDF)", "extraction_method": "geopdf_vector", "georef_max_residual_m": 0.0, "conduit_type": "pipe", "pipe_diameter_mm": 300, "diameter_source": "legend_colour", "diameter_candidates_mm": null, "label_diameter_mm": 300.0, "label_agrees": true, "scheme": null, "flow_arrow": "end" }, "geometry": { "type": "LineString", "coordinates": [ [ 88.381748638763781, 22.50434546579347 ], [ 88.382003519993773, 22.504214029099476 ], [ 88.38209632687591, 22.504165106765893 ], [ 88.382152579174488, 22.50416189942792 ], [ 88.382202907242473, 22.504158739952278 ], [ 88.38224879199845, 22.504155616374767 ], [ 88.382291714608186, 22.504152516784394 ], [ 88.382336132635515, 22.504150781394443 ] ] } },
{ "type": "Feature", "properties": { "ward": 105, "source_sheet": "105_garfa 1.pdf p1", "source": "KMC ward sewerage network map (ArcMap GeoPDF)", "extraction_method": "geopdf_vector", "georef_max_residual_m": 0.0, "conduit_type": "pipe", "pipe_diameter_mm": 300, "diameter_source": "legend_colour", "diameter_candidates_mm": null, "label_diameter_mm": 300.0, "label_agrees": true, "scheme": null, "flow_arrow": "end" }, "geometry": { "type": "LineString", "coordinates": [ [ 88.380226705093165, 22.503419082128122 ], [ 88.380284423971105, 22.503414487260748 ], [ 88.380349562499916, 22.503411208906936 ], [ 88.380411724532877, 22.503406578135131 ], [ 88.380586247801602, 22.503381771437766 ], [ 88.380744493496849, 22.503358472322045 ], [ 88.380902753433475, 22.503336549295522 ], [ 88.381053607961761, 22.50331468597139 ], [ 88.381161497130762, 22.503291793071128 ], [ 88.381263476314004, 22.503270324188119 ] ] } },
{ "type": "Feature", "properties": { "ward": 105, "source_sheet": "105_garfa 1.pdf p1", "source": "KMC ward sewerage network map (ArcMap GeoPDF)", "extraction_method": "geopdf_vector", "georef_max_residual_m": 0.0, "conduit_type": "pipe", "pipe_diameter_mm": 400, "diameter_source": "legend_colour", "diameter_candidates_mm": null, "label_diameter_mm": 400.0, "label_agrees": true, "scheme": null, "flow_arrow": "end" }, "geometry": { "type": "LineString", "coordinates": [ [ 88.381133455368911, 22.501733987504497 ], [ 88.38103126272307, 22.501734812676332 ], [ 88.380967734812643, 22.501750465489234 ], [ 88.380910116774785, 22.501764694263244 ], [ 88.380784498930765, 22.501791859088897 ], [ 88.380666272066506, 22.501817587857261 ], [ 88.380527353307599, 22.501847612568078 ], [ 88.380211394096676, 22.501945130869267 ] ] } },
{ "type": "Feature", "properties": { "ward": 105, "source_sheet": "105_garfa 1.pdf p1", "source": "KMC ward sewerage network map (ArcMap GeoPDF)", "extraction_method": "geopdf_vector", "georef_max_residual_m": 0.0, "conduit_type": "pipe", "pipe_diameter_mm": 300, "diameter_source": "legend_colour", "diameter_candidates_mm": null, "label_diameter_mm": 300.0, "label_agrees": true, "scheme": null, "flow_arrow": "end" }, "geometry": { "type": "LineString", "coordinates": [ [ 88.377430393289472, 22.510436255666519 ], [ 88.377440522021075, 22.51055591681742 ], [ 88.377452174711905, 22.510679694763613 ] ] } },
{ "type": "Feature", "properties": { "ward": 105, "source_sheet": "105_garfa 1.pdf p1", "source": "KMC ward sewerage network map (ArcMap GeoPDF)", "extraction_method": "geopdf_vector", "georef_max_residual_m": 0.0, "conduit_type": "pipe", "pipe_diameter_mm": 400, "diameter_source": "legend_colour", "diameter_candidates_mm": null, "label_diameter_mm": 400.0, "label_agrees": true, "scheme": null, "flow_arrow": "end" }, "geometry": { "type": "LineString", "coordinates": [ [ 88.377410335783537, 22.510216200641498 ], [ 88.377299292723293, 22.510221224007431 ], [ 88.377207490228997, 22.510224716050114 ], [ 88.377123093519316, 22.510228148404661 ] ] } },
{ "type": "Feature", "properties": { "ward": 105, "source_sheet": "105_garfa 1.pdf p1", "source": "KMC ward sewerage network map (ArcMap GeoPDF)", "extraction_method": "geopdf_vector", "georef_max_residual_m": 0.0, "conduit_type": "pipe", "pipe_diameter_mm": 300, "diameter_source": "legend_colour", "diameter_candidates_mm": null, "label_diameter_mm": 300.0, "label_agrees": true, "scheme": null, "flow_arrow": "end" }, "geometry": { "type": "LineString", "coordinates": [ [ 88.383585569423303, 22.50835093700212 ], [ 88.383621015994578, 22.508341015724643 ], [ 88.383611684903002, 22.508298424324884 ], [ 88.383600815401337, 22.50825034000804 ], [ 88.383736777492231, 22.508220336296432 ], [ 88.383815090474855, 22.508201809915906 ] ] } },
{ "type": "Feature", "properties": { "ward": 105, "source_sheet": "105_garfa 1.pdf p1", "source": "KMC ward sewerage network map (ArcMap GeoPDF)", "extraction_method": "geopdf_vector", "georef_max_residual_m": 0.0, "conduit_type": "pipe", "pipe_diameter_mm": 300, "diameter_source": "legend_colour", "diameter_candidates_mm": null, "label_diameter_mm": 300.0, "label_agrees": true, "scheme": null, "flow_arrow": "end" }, "geometry": { "type": "LineString", "coordinates": [ [ 88.382877798437448, 22.507522593711975 ], [ 88.382954515484457, 22.507493069876517 ], [ 88.383059273327504, 22.507453684702984 ], [ 88.383146329412511, 22.507421324437715 ], [ 88.383195071895031, 22.507550307201782 ], [ 88.38324526689351, 22.507676525482783 ], [ 88.383287898840493, 22.507787665071895 ], [ 88.383333564672341, 22.507905661821603 ] ] } },
{ "type": "Feature", "properties": { "ward": 105, "source_sheet": "105_garfa 1.pdf p1", "source": "KMC ward sewerage network map (ArcMap GeoPDF)", "extraction_method": "geopdf_vector", "georef_max_residual_m": 0.0, "conduit_type": "pipe", "pipe_diameter_mm": 300, "diameter_source": "legend_colour", "diameter_candidates_mm": null, "label_diameter_mm": 300.0, "label_agrees": true, "scheme": null, "flow_arrow": "end" }, "geometry": { "type": "LineString", "coordinates": [ [ 88.382790510101316, 22.507248029268585 ], [ 88.38284360085332, 22.50722557827671 ], [ 88.3828935431481, 22.507185260216254 ], [ 88.38294519576344, 22.507166949891786 ], [ 88.382987990333959, 22.507151463851514 ], [ 88.383039642861064, 22.50713315349843 ], [ 88.383132780834046, 22.507115883913652 ], [ 88.38323182880157, 22.507097190110262 ], [ 88.383351569307862, 22.507074199769956 ], [ 88.383444692799856, 22.507055553769064 ], [ 88.383539311728555, 22.507038271970835 ], [ 88.383521342720826, 22.506877384240582 ], [ 88.383673624303114, 22.506850001354781 ] ] } },
{ "type": "Feature", "properties": { "ward": 105, "source_sheet": "105_garfa 1.pdf p1", "source": "KMC ward sewerage network map (ArcMap GeoPDF)", "extraction_method": "geopdf_vector", "georef_max_residual_m": 0.0, "conduit_type": "pipe", "pipe_diameter_mm": 225, "diameter_source": "legend_colour", "diameter_candidates_mm": null, "label_diameter_mm": 225.0, "label_agrees": true, "scheme": null, "flow_arrow": "end" }, "geometry": { "type": "LineString", "coordinates": [ [ 88.382790510101316, 22.507248029268585 ], [ 88.382763377393815, 22.507202829104802 ], [ 88.382737224501497, 22.507109448659254 ], [ 88.382709504572944, 22.507007822741127 ], [ 88.382681784751298, 22.506906196871785 ], [ 88.382651031097993, 22.506797713744646 ] ] } },
{ "type": "Feature", "properties": { "ward": 105, "source_sheet": "105_garfa 1.pdf p1", "source": "KMC ward sewerage network map (ArcMap GeoPDF)", "extraction_method": "geopdf_vector", "georef_max_residual_m": 0.0, "conduit_type": "pipe", "pipe_diameter_mm": 300, "diameter_source": "legend_colour", "diameter_candidates_mm": null, "label_diameter_mm": 300.0, "label_agrees": true, "scheme": null, "flow_arrow": "end" }, "geometry": { "type": "LineString", "coordinates": [ [ 88.381212107586165, 22.502033397430271 ], [ 88.381190543124802, 22.501953743057467 ], [ 88.381170502622936, 22.501878205446793 ], [ 88.381147342699549, 22.501787553143885 ], [ 88.381133455368911, 22.501733987504497 ] ] } },
{ "type": "Feature", "properties": { "ward": 105, "source_sheet": "105_garfa 1.pdf p1", "source": "KMC ward sewerage network map (ArcMap GeoPDF)", "extraction_method": "geopdf_vector", "georef_max_residual_m": 0.0, "conduit_type": "pipe", "pipe_diameter_mm": 400, "diameter_source": "legend_colour", "diameter_candidates_mm": null, "label_diameter_mm": 400.0, "label_agrees": true, "scheme": null, "flow_arrow": "end" }, "geometry": { "type": "LineString", "coordinates": [ [ 88.381888548998035, 22.507116309299143 ], [ 88.381836688211678, 22.506972211408705 ], [ 88.381789428331501, 22.506843216182475 ], [ 88.381702500386467, 22.506603056910048 ], [ 88.381619107510787, 22.506417923110082 ], [ 88.381537253178792, 22.506238282251321 ], [ 88.381477973322873, 22.506092867781508 ], [ 88.381418707908082, 22.505948829465112 ], [ 88.3813841919618, 22.505763300720037 ], [ 88.381369917700098, 22.505672576689939 ], [ 88.38135864850274, 22.505585957511766 ], [ 88.381345884019055, 22.505497974052378 ], [ 88.381333105184083, 22.505408614349236 ] ] } },
{ "type": "Feature", "properties": { "ward": 105, "source_sheet": "105_garfa 1.pdf p1", "source": "KMC ward sewerage network map (ArcMap GeoPDF)", "extraction_method": "geopdf_vector", "georef_max_residual_m": 0.0, "conduit_type": "pipe", "pipe_diameter_mm": 300, "diameter_source": "legend_colour", "diameter_candidates_mm": null, "label_diameter_mm": 300.0, "label_agrees": true, "scheme": null, "flow_arrow": "end" }, "geometry": { "type": "LineString", "coordinates": [ [ 88.382028682640168, 22.5086264113922 ], [ 88.382089494679207, 22.508634177939626 ], [ 88.382090124695708, 22.508694732349664 ], [ 88.382090811988988, 22.508760791721173 ], [ 88.382091484965429, 22.508825474794307 ] ] } },
{ "type": "Feature", "properties": { "ward": 105, "source_sheet": "105_garfa 1.pdf p1", "source": "KMC ward sewerage network map (ArcMap GeoPDF)", "extraction_method": "geopdf_vector", "georef_max_residual_m": 0.0, "conduit_type": "pipe", "pipe_diameter_mm": 300, "diameter_source": "legend_colour", "diameter_candidates_mm": null, "label_diameter_mm": 300.0, "label_agrees": true, "scheme": null, "flow_arrow": "end" }, "geometry": { "type": "LineString", "coordinates": [ [ 88.382028682640168, 22.5086264113922 ], [ 88.382019659099782, 22.508470956524228 ] ] } },
{ "type": "Feature", "properties": { "ward": 105, "source_sheet": "105_garfa 1.pdf p1", "source": "KMC ward sewerage network map (ArcMap GeoPDF)", "extraction_method": "geopdf_vector", "georef_max_residual_m": 0.0, "conduit_type": "pipe", "pipe_diameter_mm": 300, "diameter_source": "legend_colour", "diameter_candidates_mm": null, "label_diameter_mm": 300.0, "label_agrees": true, "scheme": null, "flow_arrow": "end" }, "geometry": { "type": "LineString", "coordinates": [ [ 88.382216345552649, 22.509152037215422 ], [ 88.382244165887528, 22.509263296813664 ], [ 88.382265803925478, 22.509349832032008 ], [ 88.382285946575422, 22.50943500303617 ], [ 88.382410118301379, 22.509410601131034 ], [ 88.382512130326347, 22.509391883737461 ], [ 88.382608203424624, 22.509371837949399 ], [ 88.382693951608005, 22.509356004670465 ] ] } },
{ "type": "Feature", "properties": { "ward": 105, "source_sheet": "105_garfa 1.pdf p1", "source": "KMC ward sewerage network map (ArcMap GeoPDF)", "extraction_method": "geopdf_vector", "georef_max_residual_m": 0.0, "conduit_type": "pipe", "pipe_diameter_mm": 300, "diameter_source": "legend_colour", "diameter_candidates_mm": null, "label_diameter_mm": 300.0, "label_agrees": true, "scheme": null, "flow_arrow": "end" }, "geometry": { "type": "LineString", "coordinates": [ [ 88.380988725628995, 22.502059975593443 ], [ 88.380974995596617, 22.502021548548793 ], [ 88.380958260625988, 22.501979016690939 ], [ 88.380934957793528, 22.501874601986479 ], [ 88.38091943212865, 22.501805909674825 ], [ 88.380910116774785, 22.501764694263244 ] ] } },
{ "type": "Feature", "properties": { "ward": 105, "source_sheet": "105_garfa 1.pdf p1", "source": "KMC ward sewerage network map (ArcMap GeoPDF)", "extraction_method": "geopdf_vector", "georef_max_residual_m": 0.0, "conduit_type": "pipe", "pipe_diameter_mm": 300, "diameter_source": "legend_colour", "diameter_candidates_mm": null, "label_diameter_mm": 300.0, "label_agrees": true, "scheme": null, "flow_arrow": "end" }, "geometry": { "type": "LineString", "coordinates": [ [ 88.380988725628995, 22.502059975593443 ], [ 88.380883727959656, 22.502075963208483 ], [ 88.380777249180426, 22.50209196271285 ], [ 88.380669289352298, 22.502107974103133 ], [ 88.380432863586947, 22.502162183841019 ] ] } },
{ "type": "Feature", "properties": { "ward": 105, "source_sheet": "105_garfa 1.pdf p1", "source": "KMC ward sewerage network map (ArcMap GeoPDF)", "extraction_method": "geopdf_vector", "georef_max_residual_m": 0.0, "conduit_type": "pipe", "pipe_diameter_mm": 225, "diameter_source": "legend_colour", "diameter_candidates_mm": null, "label_diameter_mm": 225.0, "label_agrees": true, "scheme": null, "flow_arrow": "end" }, "geometry": { "type": "LineString", "coordinates": [ [ 88.378519060557807, 22.510287095134899 ], [ 88.378621273881052, 22.510287647484535 ] ] } },
{ "type": "Feature", "properties": { "ward": 105, "source_sheet": "105_garfa 1.pdf p1", "source": "KMC ward sewerage network map (ArcMap GeoPDF)", "extraction_method": "geopdf_vector", "georef_max_residual_m": 0.0, "conduit_type": "pipe", "pipe_diameter_mm": 300, "diameter_source": "legend_colour", "diameter_candidates_mm": null, "label_diameter_mm": 300.0, "label_agrees": true, "scheme": null, "flow_arrow": "end" }, "geometry": { "type": "LineString", "coordinates": [ [ 88.378881660114089, 22.509115647921316 ], [ 88.378925870319449, 22.509236410494658 ], [ 88.37893240920414, 22.50929554096663 ], [ 88.378937452709323, 22.509353307138486 ], [ 88.378841393192189, 22.509374727004793 ], [ 88.378748295963575, 22.509396122874229 ], [ 88.378649274182536, 22.509417566511424 ], [ 88.378565035105538, 22.509436138205725 ] ] } },
{ "type": "Feature", "properties": { "ward": 105, "source_sheet": "105_garfa 1.pdf p1", "source": "KMC ward sewerage network map (ArcMap GeoPDF)", "extraction_method": "geopdf_vector", "georef_max_residual_m": 0.0, "conduit_type": "pipe", "pipe_diameter_mm": 300, "diameter_source": "legend_colour", "diameter_candidates_mm": null, "label_diameter_mm": 300.0, "label_agrees": true, "scheme": null, "flow_arrow": "end" }, "geometry": { "type": "LineString", "coordinates": [ [ 88.378937452709323, 22.509353307138486 ], [ 88.378960812790979, 22.50946322701914 ], [ 88.37909694869434, 22.509449741969142 ], [ 88.379076822262633, 22.509365946767691 ], [ 88.379056710146372, 22.509283527746508 ], [ 88.379031954663574, 22.509181877276735 ], [ 88.37900870889294, 22.509082967283671 ], [ 88.378987058620552, 22.508995055278714 ], [ 88.378965351227251, 22.508901638299367 ] ] } },
{ "type": "Feature", "properties": { "ward": 105, "source_sheet": "105_garfa 1.pdf p1", "source": "KMC ward sewerage network map (ArcMap GeoPDF)", "extraction_method": "geopdf_vector", "georef_max_residual_m": 0.0, "conduit_type": "pipe", "pipe_diameter_mm": 300, "diameter_source": "legend_colour", "diameter_candidates_mm": null, "label_diameter_mm": 300.0, "label_agrees": true, "scheme": null, "flow_arrow": "end" }, "geometry": { "type": "LineString", "coordinates": [ [ 88.378863767300956, 22.509817732316886 ], [ 88.379002865893966, 22.509804223442895 ], [ 88.37914935580261, 22.509789278538332 ], [ 88.37924110073223, 22.509780280437102 ], [ 88.379329897610475, 22.509772682478253 ], [ 88.379392048301895, 22.509766675716868 ], [ 88.379401258562467, 22.509655116832725 ], [ 88.37953157011718, 22.509651312891943 ], [ 88.379531098419221, 22.509605897083404 ], [ 88.379606593534163, 22.509601158944186 ], [ 88.379696871428692, 22.509593548782316 ], [ 88.37979307383678, 22.509585890822581 ], [ 88.379890757392502, 22.509578220796097 ] ] } },
{ "type": "Feature", "properties": { "ward": 105, "source_sheet": "105_garfa 1.pdf p1", "source": "KMC ward sewerage network map (ArcMap GeoPDF)", "extraction_method": "geopdf_vector", "georef_max_residual_m": 0.0, "conduit_type": "pipe", "pipe_diameter_mm": 225, "diameter_source": "legend_colour", "diameter_candidates_mm": null, "label_diameter_mm": 225.0, "label_agrees": true, "scheme": null, "flow_arrow": "end" }, "geometry": { "type": "LineString", "coordinates": [ [ 88.383558288539277, 22.507580400957746 ], [ 88.383579826734078, 22.507657302367807 ], [ 88.383626013642612, 22.50768307926273 ], [ 88.383815237864411, 22.507647139121438 ], [ 88.383854028976202, 22.507816116392714 ] ] } },
{ "type": "Feature", "properties": { "ward": 105, "source_sheet": "105_garfa 1.pdf p1", "source": "KMC ward sewerage network map (ArcMap GeoPDF)", "extraction_method": "geopdf_vector", "georef_max_residual_m": 0.0, "conduit_type": "pipe", "pipe_diameter_mm": 225, "diameter_source": "legend_colour", "diameter_candidates_mm": null, "label_diameter_mm": 225.0, "label_agrees": true, "scheme": null, "flow_arrow": "end" }, "geometry": { "type": "LineString", "coordinates": [ [ 88.383009395802048, 22.506931074429115 ], [ 88.383023757323841, 22.507030055623421 ], [ 88.383039642861064, 22.50713315349843 ] ] } },
{ "type": "Feature", "properties": { "ward": 105, "source_sheet": "105_garfa 1.pdf p1", "source": "KMC ward sewerage network map (ArcMap GeoPDF)", "extraction_method": "geopdf_vector", "georef_max_residual_m": 0.0, "conduit_type": "pipe", "pipe_diameter_mm": 300, "diameter_source": "legend_colour", "diameter_candidates_mm": null, "label_diameter_mm": 300.0, "label_agrees": true, "scheme": null, "flow_arrow": "end" }, "geometry": { "type": "LineString", "coordinates": [ [ 88.382877798437448, 22.507522593711975 ], [ 88.382815835259066, 22.507546492828283 ], [ 88.382750909780228, 22.507570415877108 ], [ 88.382770851795797, 22.507636319473495 ], [ 88.382648291705067, 22.507673095708729 ], [ 88.382519835749974, 22.50771267223616 ], [ 88.382357199460699, 22.507741514202451 ] ] } },
{ "type": "Feature", "properties": { "ward": 105, "source_sheet": "105_garfa 1.pdf p1", "source": "KMC ward sewerage network map (ArcMap GeoPDF)", "extraction_method": "geopdf_vector", "georef_max_residual_m": 0.0, "conduit_type": "pipe", "pipe_diameter_mm": 225, "diameter_source": "legend_colour", "diameter_candidates_mm": null, "label_diameter_mm": 225.0, "label_agrees": true, "scheme": null, "flow_arrow": "end" }, "geometry": { "type": "LineString", "coordinates": [ [ 88.383469230779411, 22.503295161780791 ], [ 88.383493472391919, 22.503347267040663 ], [ 88.383519238043391, 22.503403489035318 ] ] } },
{ "type": "Feature", "properties": { "ward": 105, "source_sheet": "105_garfa 1.pdf p1", "source": "KMC ward sewerage network map (ArcMap GeoPDF)", "extraction_method": "geopdf_vector", "georef_max_residual_m": 0.0, "conduit_type": "pipe", "pipe_diameter_mm": 300, "diameter_source": "legend_colour", "diameter_candidates_mm": null, "label_diameter_mm": 300.0, "label_agrees": true, "scheme": null, "flow_arrow": "end" }, "geometry": { "type": "LineString", "coordinates": [ [ 88.381850065409793, 22.508115852020161 ], [ 88.381894005706386, 22.508210465164161 ], [ 88.381931907005153, 22.508294116363267 ], [ 88.381974309064645, 22.508383236542631 ], [ 88.382019659099782, 22.508470956524228 ] ] } },
{ "type": "Feature", "properties": { "ward": 105, "source_sheet": "105_garfa 1.pdf p1", "source": "KMC ward sewerage network map (ArcMap GeoPDF)", "extraction_method": "geopdf_vector", "georef_max_residual_m": 0.0, "conduit_type": "pipe", "pipe_diameter_mm": 300, "diameter_source": "legend_colour", "diameter_candidates_mm": null, "label_diameter_mm": 300.0, "label_agrees": true, "scheme": null, "flow_arrow": "end" }, "geometry": { "type": "LineString", "coordinates": [ [ 88.383624845319162, 22.504868449506386 ], [ 88.383741478303548, 22.504831720593604 ], [ 88.383818236690018, 22.50480632508409 ], [ 88.383868435859014, 22.504790778975028 ] ] } },
{ "type": "Feature", "properties": { "ward": 105, "source_sheet": "105_garfa 1.pdf p1", "source": "KMC ward sewerage network map (ArcMap GeoPDF)", "extraction_method": "geopdf_vector", "georef_max_residual_m": 0.0, "conduit_type": "pipe", "pipe_diameter_mm": 300, "diameter_source": "legend_colour", "diameter_candidates_mm": null, "label_diameter_mm": 300.0, "label_agrees": true, "scheme": null, "flow_arrow": "end" }, "geometry": { "type": "LineString", "coordinates": [ [ 88.378976311075405, 22.510813304310172 ], [ 88.37889043293066, 22.510816749551378 ] ] } },
{ "type": "Feature", "properties": { "ward": 105, "source_sheet": "105_garfa 1.pdf p1", "source": "KMC ward sewerage network map (ArcMap GeoPDF)", "extraction_method": "geopdf_vector", "georef_max_residual_m": 0.0, "conduit_type": "pipe", "pipe_diameter_mm": 300, "diameter_source": "legend_colour", "diameter_candidates_mm": null, "label_diameter_mm": 300.0, "label_agrees": true, "scheme": null, "flow_arrow": "end" }, "geometry": { "type": "LineString", "coordinates": [ [ 88.383153036635207, 22.500239463944474 ], [ 88.383134633996789, 22.500179053223764 ], [ 88.383114721670481, 22.500115901994008 ], [ 88.383093299722034, 22.500050010311281 ], [ 88.383071877794933, 22.499984118566836 ], [ 88.383053518198082, 22.499927836555798 ] ] } },
{ "type": "Feature", "properties": { "ward": 105, "source_sheet": "105_garfa 1.pdf p1", "source": "KMC ward sewerage network map (ArcMap GeoPDF)", "extraction_method": "geopdf_vector", "georef_max_residual_m": 0.0, "conduit_type": "pipe", "pipe_diameter_mm": 225, "diameter_source": "legend_colour", "diameter_candidates_mm": null, "label_diameter_mm": 225.0, "label_agrees": true, "scheme": null, "flow_arrow": "end" }, "geometry": { "type": "LineString", "coordinates": [ [ 88.382923133402585, 22.508747180090023 ], [ 88.382938775638038, 22.508826881982149 ], [ 88.382954589820727, 22.508923098635833 ] ] } },
{ "type": "Feature", "properties": { "ward": 105, "source_sheet": "105_garfa 1.pdf p1", "source": "KMC ward sewerage network map (ArcMap GeoPDF)", "extraction_method": "geopdf_vector", "georef_max_residual_m": 0.0, "conduit_type": "pipe", "pipe_diameter_mm": 300, "diameter_source": "legend_colour", "diameter_candidates_mm": null, "label_diameter_mm": 300.0, "label_agrees": true, "scheme": null, "flow_arrow": "end" }, "geometry": { "type": "LineString", "coordinates": [ [ 88.380816105981651, 22.508538486590957 ], [ 88.380620554526502, 22.508535936493569 ] ] } },
{ "type": "Feature", "properties": { "ward": 105, "source_sheet": "105_garfa 1.pdf p1", "source": "KMC ward sewerage network map (ArcMap GeoPDF)", "extraction_method": "geopdf_vector", "georef_max_residual_m": 0.0, "conduit_type": "pipe", "pipe_diameter_mm": 225, "diameter_source": "legend_colour", "diameter_candidates_mm": null, "label_diameter_mm": 225.0, "label_agrees": true, "scheme": null, "flow_arrow": "end" }, "geometry": { "type": "LineString", "coordinates": [ [ 88.379644500426167, 22.509115000529626 ], [ 88.379622766166591, 22.509446876924823 ], [ 88.379708700608262, 22.509448936302793 ], [ 88.379785748269782, 22.509451067341974 ], [ 88.379861314770707, 22.509453210296268 ] ] } },
{ "type": "Feature", "properties": { "ward": 105, "source_sheet": "105_garfa 1.pdf p1", "source": "KMC ward sewerage network map (ArcMap GeoPDF)", "extraction_method": "geopdf_vector", "georef_max_residual_m": 0.0, "conduit_type": "pipe", "pipe_diameter_mm": 300, "diameter_source": "legend_colour", "diameter_candidates_mm": null, "label_diameter_mm": 300.0, "label_agrees": true, "scheme": null, "flow_arrow": "end" }, "geometry": { "type": "LineString", "coordinates": [ [ 88.382647718568833, 22.501497407206184 ], [ 88.382648434530878, 22.501566219103815 ], [ 88.382649193453091, 22.501639159667629 ] ] } },
{ "type": "Feature", "properties": { "ward": 105, "source_sheet": "105_garfa 1.pdf p1", "source": "KMC ward sewerage network map (ArcMap GeoPDF)", "extraction_method": "geopdf_vector", "georef_max_residual_m": 0.0, "conduit_type": "pipe", "pipe_diameter_mm": 300, "diameter_source": "legend_colour", "diameter_candidates_mm": null, "label_diameter_mm": 300.0, "label_agrees": true, "scheme": null, "flow_arrow": "end" }, "geometry": { "type": "LineString", "coordinates": [ [ 88.382525036652822, 22.501806702051521 ], [ 88.382528377261096, 22.50170069588923 ], [ 88.382524527446989, 22.50161539309353 ] ] } },
{ "type": "Feature", "properties": { "ward": 105, "source_sheet": "105_garfa 1.pdf p1", "source": "KMC ward sewerage network map (ArcMap GeoPDF)", "extraction_method": "geopdf_vector", "georef_max_residual_m": 0.0, "conduit_type": "pipe", "pipe_diameter_mm": 300, "diameter_source": "legend_colour", "diameter_candidates_mm": null, "label_diameter_mm": 300.0, "label_agrees": true, "scheme": null, "flow_arrow": "end" }, "geometry": { "type": "LineString", "coordinates": [ [ 88.381903602500188, 22.501727766735726 ], [ 88.381886538120625, 22.50165358153826 ], [ 88.381868049932123, 22.501584913271152 ] ] } },
{ "type": "Feature", "properties": { "ward": 105, "source_sheet": "105_garfa 1.pdf p1", "source": "KMC ward sewerage network map (ArcMap GeoPDF)", "extraction_method": "geopdf_vector", "georef_max_residual_m": 0.0, "conduit_type": "pipe", "pipe_diameter_mm": 225, "diameter_source": "legend_colour", "diameter_candidates_mm": null, "label_diameter_mm": 225.0, "label_agrees": true, "scheme": null, "flow_arrow": "end" }, "geometry": { "type": "LineString", "coordinates": [ [ 88.383180668439891, 22.505882285289783 ], [ 88.383176703342613, 22.505785972713078 ], [ 88.383196851219921, 22.505729379360957 ] ] } },
{ "type": "Feature", "properties": { "ward": 105, "source_sheet": "105_garfa 1.pdf p1", "source": "KMC ward sewerage network map (ArcMap GeoPDF)", "extraction_method": "geopdf_vector", "georef_max_residual_m": 0.0, "conduit_type": "pipe", "pipe_diameter_mm": 225, "diameter_source": "legend_colour", "diameter_candidates_mm": null, "label_diameter_mm": 225.0, "label_agrees": true, "scheme": null, "flow_arrow": "end" }, "geometry": { "type": "LineString", "coordinates": [ [ 88.379935349769056, 22.504602344459727 ], [ 88.379934429357306, 22.50437112451921 ], [ 88.379931190121894, 22.504201859155629 ], [ 88.379944500027065, 22.504057234650226 ], [ 88.379957581143827, 22.503890590319401 ], [ 88.379955894434119, 22.503728194210908 ], [ 88.379954379266934, 22.503582312953156 ], [ 88.379952949874649, 22.503444689091204 ] ] } },
{ "type": "Feature", "properties": { "ward": 105, "source_sheet": "105_garfa 1.pdf p1", "source": "KMC ward sewerage network map (ArcMap GeoPDF)", "extraction_method": "geopdf_vector", "georef_max_residual_m": 0.0, "conduit_type": "pipe", "pipe_diameter_mm": 300, "diameter_source": "legend_colour", "diameter_candidates_mm": null, "label_diameter_mm": 300.0, "label_agrees": true, "scheme": null, "flow_arrow": "end" }, "geometry": { "type": "LineString", "coordinates": [ [ 88.381748638763781, 22.50434546579347 ], [ 88.38152774318057, 22.504326605088959 ], [ 88.381398774775434, 22.504316636071863 ], [ 88.381326130314164, 22.50431034104864 ], [ 88.381289074687174, 22.504307887684053 ] ] } },
{ "type": "Feature", "properties": { "ward": 105, "source_sheet": "105_garfa 1.pdf p1", "source": "KMC ward sewerage network map (ArcMap GeoPDF)", "extraction_method": "geopdf_vector", "georef_max_residual_m": 0.0, "conduit_type": "pipe", "pipe_diameter_mm": 375, "diameter_source": "legend_colour", "diameter_candidates_mm": null, "label_diameter_mm": 375.0, "label_agrees": true, "scheme": null, "flow_arrow": "end" }, "geometry": { "type": "LineString", "coordinates": [ [ 88.382336132635515, 22.504150781394443 ], [ 88.382370512385037, 22.504180783228783 ], [ 88.382400420325212, 22.504208068489795 ], [ 88.382428847174012, 22.504235365774854 ], [ 88.382466704667863, 22.504314888202821 ], [ 88.382341314075049, 22.504364074134486 ], [ 88.38232432861102, 22.504439910828054 ], [ 88.382321488973531, 22.50459408528539 ], [ 88.382319901357562, 22.504726227911334 ] ] } },
{ "type": "Feature", "properties": { "ward": 105, "source_sheet": "105_garfa 1.pdf p1", "source": "KMC ward sewerage network map (ArcMap GeoPDF)", "extraction_method": "geopdf_vector", "georef_max_residual_m": 0.0, "conduit_type": "pipe", "pipe_diameter_mm": 400, "diameter_source": "legend_colour", "diameter_candidates_mm": null, "label_diameter_mm": 400.0, "label_agrees": true, "scheme": null, "flow_arrow": "end" }, "geometry": { "type": "LineString", "coordinates": [ [ 88.379654094362209, 22.504048566605785 ], [ 88.379643465731931, 22.504308783197029 ], [ 88.379345696986022, 22.50430430314351 ] ] } },
{ "type": "Feature", "properties": { "ward": 105, "source_sheet": "105_garfa 1.pdf p1", "source": "KMC ward sewerage network map (ArcMap GeoPDF)", "extraction_method": "geopdf_vector", "georef_max_residual_m": 0.0, "conduit_type": "pipe", "pipe_diameter_mm": 375, "diameter_source": "legend_colour", "diameter_candidates_mm": null, "label_diameter_mm": 375.0, "label_agrees": true, "scheme": null, "flow_arrow": "end" }, "geometry": { "type": "LineString", "coordinates": [ [ 88.382990551153583, 22.50170521726378 ], [ 88.383171488548669, 22.50158538765908 ], [ 88.383285557996714, 22.501587217784596 ], [ 88.383407032755798, 22.501588987927295 ] ] } },
{ "type": "Feature", "properties": { "ward": 105, "source_sheet": "105_garfa 1.pdf p1", "source": "KMC ward sewerage network map (ArcMap GeoPDF)", "extraction_method": "geopdf_vector", "georef_max_residual_m": 0.0, "conduit_type": "pipe", "pipe_diameter_mm": 300, "diameter_source": "legend_colour", "diameter_candidates_mm": null, "label_diameter_mm": 300.0, "label_agrees": true, "scheme": null, "flow_arrow": "end" }, "geometry": { "type": "LineString", "coordinates": [ [ 88.38302273885509, 22.502236229085462 ], [ 88.383069952132132, 22.502076190389086 ], [ 88.383062495302852, 22.50192898096298 ], [ 88.383056605454215, 22.501790016945559 ], [ 88.382990551153583, 22.50170521726378 ] ] } },
{ "type": "Feature", "properties": { "ward": 105, "source_sheet": "105_garfa 1.pdf p1", "source": "KMC ward sewerage network map (ArcMap GeoPDF)", "extraction_method": "geopdf_vector", "georef_max_residual_m": 0.0, "conduit_type": "pipe", "pipe_diameter_mm": 300, "diameter_source": "legend_colour", "diameter_candidates_mm": null, "label_diameter_mm": 300.0, "label_agrees": true, "scheme": null, "flow_arrow": "end" }, "geometry": { "type": "LineString", "coordinates": [ [ 88.380988725628995, 22.502059975593443 ], [ 88.381105441842607, 22.502316411248493 ], [ 88.38114637455871, 22.502406920030126 ], [ 88.381168590463346, 22.502406740629159 ], [ 88.381307795734017, 22.50240424007206 ], [ 88.381444038946583, 22.502401763319703 ], [ 88.381460330570349, 22.502401631729526 ], [ 88.381480285469394, 22.502468911836178 ], [ 88.381506307697393, 22.502549906504694 ] ] } },
{ "type": "Feature", "properties": { "ward": 105, "source_sheet": "105_garfa 1.pdf p1", "source": "KMC ward sewerage network map (ArcMap GeoPDF)", "extraction_method": "geopdf_vector", "georef_max_residual_m": 0.0, "conduit_type": "pipe", "pipe_diameter_mm": 300, "diameter_source": "legend_colour", "diameter_candidates_mm": null, "label_diameter_mm": 300.0, "label_agrees": true, "scheme": null, "flow_arrow": "end" }, "geometry": { "type": "LineString", "coordinates": [ [ 88.380267416973382, 22.502632855684194 ], [ 88.380233589836251, 22.502513385860112 ], [ 88.380193681294244, 22.502378825274132 ], [ 88.380165992934522, 22.502279951204937 ], [ 88.380123022370157, 22.50213578079315 ], [ 88.380264732070941, 22.502089217597746 ] ] } },
{ "type": "Feature", "properties": { "ward": 105, "source_sheet": "105_garfa 1.pdf p1", "source": "KMC ward sewerage network map (ArcMap GeoPDF)", "extraction_method": "geopdf_vector", "georef_max_residual_m": 0.0, "conduit_type": "pipe", "pipe_diameter_mm": 600, "diameter_source": "legend_colour", "diameter_candidates_mm": null, "label_diameter_mm": 600.0, "label_agrees": true, "scheme": null, "flow_arrow": "end" }, "geometry": { "type": "LineString", "coordinates": [ [ 88.383434340283813, 22.504638763733432 ], [ 88.383549649724813, 22.504617185534102 ], [ 88.38369600448442, 22.504589850620235 ], [ 88.383812001809972, 22.504634331594367 ], [ 88.383868435859014, 22.504790778975028 ], [ 88.383918936030128, 22.50480413377807 ], [ 88.383962589834425, 22.504871221748104 ], [ 88.38401974550932, 22.504954716579721 ] ] } },
{ "type": "Feature", "properties": { "ward": 105, "source_sheet": "105_garfa 1.pdf p1", "source": "KMC ward sewerage network map (ArcMap GeoPDF)", "extraction_method": "geopdf_vector", "georef_max_residual_m": 0.0, "conduit_type": "pipe", "pipe_diameter_mm": 375, "diameter_source": "legend_colour", "diameter_candidates_mm": null, "label_diameter_mm": 375.0, "label_agrees": true, "scheme": null, "flow_arrow": "end" }, "geometry": { "type": "LineString", "coordinates": [ [ 88.383161622683517, 22.504195031708349 ], [ 88.383191066849449, 22.504320041590717 ], [ 88.383218944070052, 22.504436806056937 ], [ 88.38314221440929, 22.504464953701017 ], [ 88.383165490775994, 22.504566615524563 ], [ 88.383189775506992, 22.504622849538396 ], [ 88.383221608883488, 22.504692785994436 ], [ 88.383326493529069, 22.504665786850566 ], [ 88.383434340283813, 22.504638763733432 ] ] } },
{ "type": "Feature", "properties": { "ward": 105, "source_sheet": "105_garfa 1.pdf p1", "source": "KMC ward sewerage network map (ArcMap GeoPDF)", "extraction_method": "geopdf_vector", "georef_max_residual_m": 0.0, "conduit_type": "pipe", "pipe_diameter_mm": 500, "diameter_source": "legend_colour", "diameter_candidates_mm": null, "label_diameter_mm": 500.0, "label_agrees": true, "scheme": null, "flow_arrow": "end" }, "geometry": { "type": "LineString", "coordinates": [ [ 88.384223100736861, 22.509261050122422 ], [ 88.384320812347156, 22.509256129967032 ], [ 88.384422981632724, 22.509252549953597 ], [ 88.384457033319578, 22.509250897854766 ] ] } },
{ "type": "Feature", "properties": { "ward": 105, "source_sheet": "105_garfa 1.pdf p1", "source": "KMC ward sewerage network map (ArcMap GeoPDF)", "extraction_method": "geopdf_vector", "georef_max_residual_m": 0.0, "conduit_type": "pipe", "pipe_diameter_mm": 400, "diameter_source": "legend_colour", "diameter_candidates_mm": null, "label_diameter_mm": 400.0, "label_agrees": true, "scheme": null, "flow_arrow": "end" }, "geometry": { "type": "LineString", "coordinates": [ [ 88.382859912224873, 22.508934875251999 ], [ 88.382760848573398, 22.508952192650728 ], [ 88.38263680618536, 22.508988980908342 ], [ 88.38252479897902, 22.509043564329559 ] ] } },
{ "type": "Feature", "properties": { "ward": 105, "source_sheet": "105_garfa 1.pdf p1", "source": "KMC ward sewerage network map (ArcMap GeoPDF)", "extraction_method": "geopdf_vector", "georef_max_residual_m": 0.0, "conduit_type": "pipe", "pipe_diameter_mm": 300, "diameter_source": "legend_colour", "diameter_candidates_mm": null, "label_diameter_mm": 300.0, "label_agrees": true, "scheme": null, "flow_arrow": "end" }, "geometry": { "type": "LineString", "coordinates": [ [ 88.384426950556673, 22.508211996455486 ], [ 88.384338269837187, 22.508230607076957 ], [ 88.384227415300487, 22.508253526241354 ], [ 88.384116560723015, 22.508276445331205 ], [ 88.383967282947154, 22.508307933445877 ] ] } },
{ "type": "Feature", "properties": { "ward": 105, "source_sheet": "105_garfa 1.pdf p1", "source": "KMC ward sewerage network map (ArcMap GeoPDF)", "extraction_method": "geopdf_vector", "georef_max_residual_m": 0.0, "conduit_type": "pipe", "pipe_diameter_mm": 300, "diameter_source": "legend_colour", "diameter_candidates_mm": null, "label_diameter_mm": 300.0, "label_agrees": true, "scheme": null, "flow_arrow": "end" }, "geometry": { "type": "LineString", "coordinates": [ [ 88.378865848922288, 22.508591384787955 ], [ 88.378857043209877, 22.50845657314364 ], [ 88.378799703313717, 22.508355185335809 ], [ 88.378752931353489, 22.508272981195713 ], [ 88.378701587506526, 22.50817842679189 ], [ 88.378647252869314, 22.508081143704985 ] ] } },
{ "type": "Feature", "properties": { "ward": 105, "source_sheet": "105_garfa 1.pdf p1", "source": "KMC ward sewerage network map (ArcMap GeoPDF)", "extraction_method": "geopdf_vector", "georef_max_residual_m": 0.0, "conduit_type": "pipe", "pipe_diameter_mm": 300, "diameter_source": "legend_colour", "diameter_candidates_mm": null, "label_diameter_mm": 300.0, "label_agrees": true, "scheme": null, "flow_arrow": "end" }, "geometry": { "type": "LineString", "coordinates": [ [ 88.378865848922288, 22.508591384787955 ], [ 88.378880250615708, 22.508694495198661 ], [ 88.378893013961175, 22.508782478883194 ], [ 88.378904167648201, 22.508858088383839 ], [ 88.378910577972562, 22.508904832679363 ] ] } },
{ "type": "Feature", "properties": { "ward": 105, "source_sheet": "105_garfa 1.pdf p1", "source": "KMC ward sewerage network map (ArcMap GeoPDF)", "extraction_method": "geopdf_vector", "georef_max_residual_m": 0.0, "conduit_type": "pipe", "pipe_diameter_mm": 300, "diameter_source": "legend_colour", "diameter_candidates_mm": null, "label_diameter_mm": 300.0, "label_agrees": true, "scheme": null, "flow_arrow": "end" }, "geometry": { "type": "LineString", "coordinates": [ [ 88.378644976770602, 22.510430597101948 ], [ 88.378621273881052, 22.510287647484535 ], [ 88.37860996305028, 22.510196899367664 ], [ 88.378603195614886, 22.510115749065406 ] ] } },
{ "type": "Feature", "properties": { "ward": 105, "source_sheet": "105_garfa 1.pdf p1", "source": "KMC ward sewerage network map (ArcMap GeoPDF)", "extraction_method": "geopdf_vector", "georef_max_residual_m": 0.0, "conduit_type": "pipe", "pipe_diameter_mm": 600, "diameter_source": "legend_colour", "diameter_candidates_mm": null, "label_diameter_mm": 600.0, "label_agrees": true, "scheme": null, "flow_arrow": "end" }, "geometry": { "type": "LineString", "coordinates": [ [ 88.381532223914618, 22.510597230362542 ], [ 88.381436135411846, 22.510615899315827 ], [ 88.381337070346007, 22.510633215904051 ], [ 88.381362028193635, 22.510754133272055 ] ] } },
{ "type": "Feature", "properties": { "ward": 105, "source_sheet": "105_garfa 1.pdf p1", "source": "KMC ward sewerage network map (ArcMap GeoPDF)", "extraction_method": "geopdf_vector", "georef_max_residual_m": 0.0, "conduit_type": "pipe", "pipe_diameter_mm": 300, "diameter_source": "legend_colour", "diameter_candidates_mm": null, "label_diameter_mm": 300.0, "label_agrees": true, "scheme": null, "flow_arrow": "end" }, "geometry": { "type": "LineString", "coordinates": [ [ 88.381300112112484, 22.509215871842436 ], [ 88.381399419551684, 22.509221951360463 ] ] } },
{ "type": "Feature", "properties": { "ward": 105, "source_sheet": "105_garfa 1.pdf p1", "source": "KMC ward sewerage network map (ArcMap GeoPDF)", "extraction_method": "geopdf_vector", "georef_max_residual_m": 0.0, "conduit_type": "pipe", "pipe_diameter_mm": 300, "diameter_source": "legend_colour", "diameter_candidates_mm": null, "label_diameter_mm": 300.0, "label_agrees": true, "scheme": null, "flow_arrow": "end" }, "geometry": { "type": "LineString", "coordinates": [ [ 88.381893805371348, 22.50975748641282 ], [ 88.381912910552188, 22.509885332776737 ], [ 88.38192885305476, 22.509993935711876 ], [ 88.381946376980054, 22.510112160296178 ] ] } },
{ "type": "Feature", "properties": { "ward": 105, "source_sheet": "105_garfa 1.pdf p1", "source": "KMC ward sewerage network map (ArcMap GeoPDF)", "extraction_method": "geopdf_vector", "georef_max_residual_m": 0.0, "conduit_type": "pipe", "pipe_diameter_mm": 300, "diameter_source": "legend_colour", "diameter_candidates_mm": null, "label_diameter_mm": 300.0, "label_agrees": true, "scheme": null, "flow_arrow": "end" }, "geometry": { "type": "LineString", "coordinates": [ [ 88.381957177725894, 22.510723173174892 ], [ 88.381944211746898, 22.510615922553935 ], [ 88.381984552634478, 22.510506864707192 ], [ 88.381976158917055, 22.510411964275679 ], [ 88.381964688391847, 22.510306077920411 ], [ 88.381954699055669, 22.510200179533012 ], [ 88.381946376980054, 22.510112160296178 ], [ 88.382049856379439, 22.510092054956669 ], [ 88.382145930038547, 22.510072009418508 ], [ 88.382249395112638, 22.510050527712927 ] ] } },
{ "type": "Feature", "properties": { "ward": 105, "source_sheet": "105_garfa 1.pdf p1", "source": "KMC ward sewerage network map (ArcMap GeoPDF)", "extraction_method": "geopdf_vector", "georef_max_residual_m": 0.0, "conduit_type": "pipe", "pipe_diameter_mm": 400, "diameter_source": "legend_colour", "diameter_candidates_mm": null, "label_diameter_mm": 400.0, "label_agrees": true, "scheme": null, "flow_arrow": "end" }, "geometry": { "type": "LineString", "coordinates": [ [ 88.381845555199163, 22.50924862617951 ], [ 88.381752172305923, 22.509242499119061 ], [ 88.381630633605369, 22.509235223101395 ], [ 88.381517995984908, 22.509229251430504 ], [ 88.381399419551684, 22.509221951360463 ], [ 88.381401237196656, 22.509396733368057 ], [ 88.381402539614442, 22.509521970876637 ], [ 88.381402203443372, 22.509632081816147 ], [ 88.381403305501621, 22.509738052008284 ], [ 88.381404364628395, 22.509839893476869 ], [ 88.381274153215827, 22.509853332625173 ], [ 88.381296034067489, 22.509963264028809 ], [ 88.381314766633452, 22.510055328285432 ], [ 88.381350006504391, 22.510167904408178 ], [ 88.381391271178771, 22.510290066395225 ], [ 88.381447318757765, 22.510409356158441 ], [ 88.381491273917035, 22.510505345661471 ], [ 88.381532223914618, 22.510597230362542 ] ] } },
{ "type": "Feature", "properties": { "ward": 105, "source_sheet": "105_garfa 1.pdf p1", "source": "KMC ward sewerage network map (ArcMap GeoPDF)", "extraction_method": "geopdf_vector", "georef_max_residual_m": 0.0, "conduit_type": "pipe", "pipe_diameter_mm": 300, "diameter_source": "legend_colour", "diameter_candidates_mm": null, "label_diameter_mm": 300.0, "label_agrees": true, "scheme": null, "flow_arrow": "end" }, "geometry": { "type": "LineString", "coordinates": [ [ 88.3814286766371, 22.508759260655012 ], [ 88.381423889753094, 22.508726266886494 ], [ 88.381391991717237, 22.508507684583133 ], [ 88.381376450585648, 22.508437616120666 ], [ 88.381357847059874, 22.508357938013241 ], [ 88.381339186313724, 22.508272754880455 ], [ 88.381326779201984, 22.508219177371281 ] ] } },
{ "type": "Feature", "properties": { "ward": 105, "source_sheet": "105_garfa 1.pdf p1", "source": "KMC ward sewerage network map (ArcMap GeoPDF)", "extraction_method": "geopdf_vector", "georef_max_residual_m": 0.0, "conduit_type": "pipe", "pipe_diameter_mm": 450, "diameter_source": "legend_colour", "diameter_candidates_mm": null, "label_diameter_mm": 450.0, "label_agrees": true, "scheme": null, "flow_arrow": "end" }, "geometry": { "type": "LineString", "coordinates": [ [ 88.381494023042706, 22.507208960000412 ], [ 88.381471148048234, 22.507145832565286 ], [ 88.381448301698967, 22.507085457665021 ], [ 88.381423888370918, 22.507016837220885 ], [ 88.381396484305228, 22.506945488275001 ], [ 88.381290001908113, 22.506961488350711 ], [ 88.381277265908707, 22.506876257329839 ], [ 88.380984378615764, 22.506914408008125 ], [ 88.38091624094217, 22.506771817576556 ], [ 88.380824798612437, 22.506809717488167 ], [ 88.380727460369684, 22.506850417667724 ], [ 88.380668452805068, 22.506731151358071 ], [ 88.380592824208961, 22.506580363161511 ] ] } },
{ "type": "Feature", "properties": { "ward": 105, "source_sheet": "105_garfa 1.pdf p1", "source": "KMC ward sewerage network map (ArcMap GeoPDF)", "extraction_method": "geopdf_vector", "georef_max_residual_m": 0.0, "conduit_type": "pipe", "pipe_diameter_mm": 225, "diameter_source": "legend_colour", "diameter_candidates_mm": null, "label_diameter_mm": 225.0, "label_agrees": true, "scheme": null, "flow_arrow": "end" }, "geometry": { "type": "LineString", "coordinates": [ [ 88.381050310760557, 22.507984677868912 ], [ 88.380868276129576, 22.507999911454256 ], [ 88.380868562250342, 22.508027436223486 ], [ 88.380705710589694, 22.508035632935098 ], [ 88.380596150664019, 22.508040646581168 ] ] } },
{ "type": "Feature", "properties": { "ward": 105, "source_sheet": "105_garfa 1.pdf p1", "source": "KMC ward sewerage network map (ArcMap GeoPDF)", "extraction_method": "geopdf_vector", "georef_max_residual_m": 0.0, "conduit_type": "pipe", "pipe_diameter_mm": 400, "diameter_source": "legend_colour", "diameter_candidates_mm": null, "label_diameter_mm": 400.0, "label_agrees": true, "scheme": null, "flow_arrow": "end" }, "geometry": { "type": "LineString", "coordinates": [ [ 88.381862547908398, 22.509031025248476 ], [ 88.381873724081416, 22.508966246352486 ], [ 88.381884814284234, 22.508893210070081 ], [ 88.381897328425566, 22.508814656910861 ], [ 88.381996635519442, 22.50882073601705 ], [ 88.382091484965429, 22.508825474794307 ], [ 88.382164117493375, 22.508830393108102 ], [ 88.382226367757809, 22.50883401890513 ], [ 88.38229306148304, 22.508837608812915 ] ] } },
{ "type": "Feature", "properties": { "ward": 105, "source_sheet": "105_garfa 1.pdf p1", "source": "KMC ward sewerage network map (ArcMap GeoPDF)", "extraction_method": "geopdf_vector", "georef_max_residual_m": 0.0, "conduit_type": "pipe", "pipe_diameter_mm": 375, "diameter_source": "legend_colour", "diameter_candidates_mm": null, "label_diameter_mm": 375.0, "label_agrees": true, "scheme": null, "flow_arrow": "end" }, "geometry": { "type": "LineString", "coordinates": [ [ 88.381036752936623, 22.507392955761986 ], [ 88.381045260172385, 22.507498866191508 ], [ 88.381053738811119, 22.507602024193343 ], [ 88.381053759970811, 22.507746541030919 ], [ 88.381053080059772, 22.507823622274241 ], [ 88.381050990607008, 22.507907596627472 ], [ 88.381050310760557, 22.507984677868912 ], [ 88.381058403138553, 22.508050677407503 ], [ 88.381065085921193, 22.508123570170568 ], [ 88.381073164009862, 22.508188193465379 ], [ 88.3810797895771, 22.508255581203905 ] ] } },
{ "type": "Feature", "properties": { "ward": 105, "source_sheet": "105_garfa 1.pdf p1", "source": "KMC ward sewerage network map (ArcMap GeoPDF)", "extraction_method": "geopdf_vector", "georef_max_residual_m": 0.0, "conduit_type": "pipe", "pipe_diameter_mm": 300, "diameter_source": "legend_colour", "diameter_candidates_mm": null, "label_diameter_mm": 300.0, "label_agrees": true, "scheme": null, "flow_arrow": "end" }, "geometry": { "type": "LineString", "coordinates": [ [ 88.377430393289472, 22.510436255666519 ], [ 88.37742040737686, 22.510330356826714 ], [ 88.377410335783537, 22.510216200641498 ] ] } },
{ "type": "Feature", "properties": { "ward": 105, "source_sheet": "105_garfa 1.pdf p1", "source": "KMC ward sewerage network map (ArcMap GeoPDF)", "extraction_method": "geopdf_vector", "georef_max_residual_m": 0.0, "conduit_type": "pipe", "pipe_diameter_mm": 300, "diameter_source": "legend_colour", "diameter_candidates_mm": null, "label_diameter_mm": 300.0, "label_agrees": true, "scheme": null, "flow_arrow": "end" }, "geometry": { "type": "LineString", "coordinates": [ [ 88.377646590918459, 22.510144103491633 ], [ 88.377705836713133, 22.510143626204474 ], [ 88.377773955061016, 22.510141701054831 ], [ 88.377803010525355, 22.510229553630825 ] ] } },
{ "type": "Feature", "properties": { "ward": 105, "source_sheet": "105_garfa 1.pdf p1", "source": "KMC ward sewerage network map (ArcMap GeoPDF)", "extraction_method": "geopdf_vector", "georef_max_residual_m": 0.0, "conduit_type": "pipe", "pipe_diameter_mm": 300, "diameter_source": "legend_colour", "diameter_candidates_mm": null, "label_diameter_mm": 300.0, "label_agrees": true, "scheme": null, "flow_arrow": "end" }, "geometry": { "type": "LineString", "coordinates": [ [ 88.377646590918459, 22.510144103491633 ], [ 88.377551840553991, 22.510148995833809 ], [ 88.377509501166003, 22.510208520101692 ], [ 88.377410335783537, 22.510216200641498 ] ] } },
{ "type": "Feature", "properties": { "ward": 105, "source_sheet": "105_garfa 1.pdf p1", "source": "KMC ward sewerage network map (ArcMap GeoPDF)", "extraction_method": "geopdf_vector", "georef_max_residual_m": 0.0, "conduit_type": "pipe", "pipe_diameter_mm": 400, "diameter_source": "legend_colour", "diameter_candidates_mm": null, "label_diameter_mm": 400.0, "label_agrees": true, "scheme": null, "flow_arrow": "end" }, "geometry": { "type": "LineString", "coordinates": [ [ 88.377163591487118, 22.509276761807708 ], [ 88.377178348725664, 22.509414278331601 ], [ 88.377191610629282, 22.509550430591645 ], [ 88.377204815421052, 22.509681077874802 ], [ 88.377219501472737, 22.509811713225101 ], [ 88.37723430166804, 22.509953358458763 ], [ 88.377193857160492, 22.51005278165718 ], [ 88.377159194508721, 22.510138394705887 ], [ 88.377123093519316, 22.510228148404661 ], [ 88.377126058763238, 22.510371265304343 ], [ 88.377130291135416, 22.510493726741984 ], [ 88.37713292824121, 22.510605190159932 ], [ 88.377135536814507, 22.510713901090021 ] ] } },
{ "type": "Feature", "properties": { "ward": 105, "source_sheet": "105_garfa 1.pdf p1", "source": "KMC ward sewerage network map (ArcMap GeoPDF)", "extraction_method": "geopdf_vector", "georef_max_residual_m": 0.0, "conduit_type": "pipe", "pipe_diameter_mm": 300, "diameter_source": "legend_colour", "diameter_candidates_mm": null, "label_diameter_mm": 300.0, "label_agrees": true, "scheme": null, "flow_arrow": "end" }, "geometry": { "type": "LineString", "coordinates": [ [ 88.381965070102979, 22.504504750277398 ], [ 88.382018417713795, 22.50450707182365 ], [ 88.38202987322947, 22.504611582087144 ], [ 88.382041586443734, 22.5047408645746 ] ] } },
{ "type": "Feature", "properties": { "ward": 105, "source_sheet": "105_garfa 1.pdf p1", "source": "KMC ward sewerage network map (ArcMap GeoPDF)", "extraction_method": "geopdf_vector", "georef_max_residual_m": 0.0, "conduit_type": "pipe", "pipe_diameter_mm": 300, "diameter_source": "legend_colour", "diameter_candidates_mm": null, "label_diameter_mm": 300.0, "label_agrees": true, "scheme": null, "flow_arrow": "end" }, "geometry": { "type": "LineString", "coordinates": [ [ 88.381965070102979, 22.504504750277398 ], [ 88.381859884739697, 22.504502847530784 ], [ 88.381757675778189, 22.504502297023954 ], [ 88.381652490350007, 22.504500394142127 ], [ 88.381585898888858, 22.504506437552333 ], [ 88.381522255323944, 22.504511080706941 ], [ 88.381457130646666, 22.504515735858092 ], [ 88.381390539226715, 22.50452177918779 ], [ 88.381323933429471, 22.504526446249074 ] ] } },
{ "type": "Feature", "properties": { "ward": 105, "source_sheet": "105_garfa 1.pdf p1", "source": "KMC ward sewerage network map (ArcMap GeoPDF)", "extraction_method": "geopdf_vector", "georef_max_residual_m": 0.0, "conduit_type": "pipe", "pipe_diameter_mm": 400, "diameter_source": "legend_colour", "diameter_candidates_mm": null, "label_diameter_mm": 400.0, "label_agrees": true, "scheme": null, "flow_arrow": "end" }, "geometry": { "type": "LineString", "coordinates": [ [ 88.382336132635515, 22.504150781394443 ], [ 88.382329234673421, 22.504057245171129 ], [ 88.382320812732047, 22.50395959219378 ], [ 88.382367333752441, 22.503875258672672 ], [ 88.382420437643134, 22.503854184113635 ], [ 88.382467645880965, 22.503835909911444 ] ] } },
{ "type": "Feature", "properties": { "ward": 105, "source_sheet": "105_garfa 1.pdf p1", "source": "KMC ward sewerage network map (ArcMap GeoPDF)", "extraction_method": "geopdf_vector", "georef_max_residual_m": 0.0, "conduit_type": "pipe", "pipe_diameter_mm": 400, "diameter_source": "legend_colour", "diameter_candidates_mm": null, "label_diameter_mm": 400.0, "label_agrees": true, "scheme": null, "flow_arrow": "end" }, "geometry": { "type": "LineString", "coordinates": [ [ 88.380000191189836, 22.507850014894665 ], [ 88.380028818544545, 22.507896579848879 ], [ 88.380057445919647, 22.50794314485411 ], [ 88.380064585770754, 22.508060077193846 ], [ 88.380071839964245, 22.508188019465642 ], [ 88.379930081199731, 22.508230454046728 ], [ 88.379913308507355, 22.50832693411056 ] ] } },
{ "type": "Feature", "properties": { "ward": 105, "source_sheet": "105_garfa 1.pdf p1", "source": "KMC ward sewerage network map (ArcMap GeoPDF)", "extraction_method": "geopdf_vector", "georef_max_residual_m": 0.0, "conduit_type": "pipe", "pipe_diameter_mm": 225, "diameter_source": "legend_colour", "diameter_candidates_mm": null, "label_diameter_mm": 225.0, "label_agrees": true, "scheme": null, "flow_arrow": "end" }, "geometry": { "type": "LineString", "coordinates": [ [ 88.379881422203283, 22.506540685122218 ], [ 88.379838613127234, 22.506554794046348 ], [ 88.379797285172074, 22.50656889100955 ], [ 88.379754476016558, 22.506582999969975 ], [ 88.379622986428686, 22.506615716869511 ], [ 88.379498873660793, 22.506645621445195 ] ] } },
{ "type": "Feature", "properties": { "ward": 105, "source_sheet": "105_garfa 1.pdf p1", "source": "KMC ward sewerage network map (ArcMap GeoPDF)", "extraction_method": "geopdf_vector", "georef_max_residual_m": 0.0, "conduit_type": "pipe", "pipe_diameter_mm": 300, "diameter_source": "legend_colour", "diameter_candidates_mm": null, "label_diameter_mm": 300.0, "label_agrees": true, "scheme": null, "flow_arrow": "end" }, "geometry": { "type": "LineString", "coordinates": [ [ 88.381862547908398, 22.509031025248476 ], [ 88.38184740076386, 22.509141255820452 ], [ 88.381845555199163, 22.50924862617951 ] ] } },
{ "type": "Feature", "properties": { "ward": 105, "source_sheet": "105_garfa 1.pdf p1", "source": "KMC ward sewerage network map (ArcMap GeoPDF)", "extraction_method": "geopdf_vector", "georef_max_residual_m": 0.0, "conduit_type": "pipe", "pipe_diameter_mm": 300, "diameter_source": "legend_colour", "diameter_candidates_mm": null, "label_diameter_mm": 300.0, "label_agrees": true, "scheme": null, "flow_arrow": "end" }, "geometry": { "type": "LineString", "coordinates": [ [ 88.380859855415608, 22.5041971164754 ], [ 88.380956096914204, 22.504193586674884 ], [ 88.381037541916029, 22.504191552658767 ], [ 88.381126378065332, 22.504188082555775 ], [ 88.381212266306449, 22.504186012569239 ], [ 88.381283329443278, 22.504182685917648 ] ] } },
{ "type": "Feature", "properties": { "ward": 105, "source_sheet": "105_garfa 1.pdf p1", "source": "KMC ward sewerage network map (ArcMap GeoPDF)", "extraction_method": "geopdf_vector", "georef_max_residual_m": 0.0, "conduit_type": "pipe", "pipe_diameter_mm": 300, "diameter_source": "legend_colour", "diameter_candidates_mm": null, "label_diameter_mm": 300.0, "label_agrees": true, "scheme": null, "flow_arrow": "end" }, "geometry": { "type": "LineString", "coordinates": [ [ 88.381598842097404, 22.504184266392532 ], [ 88.38148478471706, 22.504183811420877 ], [ 88.38138998143495, 22.504183200848001 ], [ 88.381283329443278, 22.504182685917648 ] ] } },
{ "type": "Feature", "properties": { "ward": 105, "source_sheet": "105_garfa 1.pdf p1", "source": "KMC ward sewerage network map (ArcMap GeoPDF)", "extraction_method": "geopdf_vector", "georef_max_residual_m": 0.0, "conduit_type": "pipe", "pipe_diameter_mm": 500, "diameter_source": "legend_colour", "diameter_candidates_mm": null, "label_diameter_mm": 500.0, "label_agrees": true, "scheme": null, "flow_arrow": "end" }, "geometry": { "type": "LineString", "coordinates": [ [ 88.381888548998035, 22.507116309299143 ], [ 88.381941905352022, 22.507261771435754 ], [ 88.381996800168821, 22.507412726539457 ], [ 88.382042565067508, 22.507540357406505 ], [ 88.38207738948708, 22.50761302259912 ], [ 88.382107656101567, 22.507674713770982 ], [ 88.382139446779604, 22.507740521742949 ], [ 88.382169756408416, 22.507806341621222 ], [ 88.382206062110242, 22.507878994804496 ], [ 88.382236357484928, 22.507943438482833 ] ] } },
{ "type": "Feature", "properties": { "ward": 105, "source_sheet": "105_garfa 1.pdf p1", "source": "KMC ward sewerage network map (ArcMap GeoPDF)", "extraction_method": "geopdf_vector", "georef_max_residual_m": 0.0, "conduit_type": "pipe", "pipe_diameter_mm": 400, "diameter_source": "legend_colour", "diameter_candidates_mm": null, "label_diameter_mm": 400.0, "label_agrees": true, "scheme": null, "flow_arrow": "end" }, "geometry": { "type": "LineString", "coordinates": [ [ 88.379345461524565, 22.50613623172379 ], [ 88.379280202434515, 22.505985359136389 ], [ 88.379284274232617, 22.505949541109022 ], [ 88.379230764020662, 22.505788939291932 ] ] } },
{ "type": "Feature", "properties": { "ward": 105, "source_sheet": "105_garfa 1.pdf p1", "source": "KMC ward sewerage network map (ArcMap GeoPDF)", "extraction_method": "geopdf_vector", "georef_max_residual_m": 0.0, "conduit_type": "pipe", "pipe_diameter_mm": 400, "diameter_source": "legend_colour", "diameter_candidates_mm": null, "label_diameter_mm": 400.0, "label_agrees": true, "scheme": null, "flow_arrow": "end" }, "geometry": { "type": "LineString", "coordinates": [ [ 88.378975119584098, 22.506275477218065 ], [ 88.378928291152349, 22.506187768164693 ], [ 88.378882915275298, 22.506097294610022 ], [ 88.378839092008505, 22.506013690369393 ], [ 88.378801293219666, 22.505939671994959 ] ] } },
{ "type": "Feature", "properties": { "ward": 105, "source_sheet": "105_garfa 1.pdf p1", "source": "KMC ward sewerage network map (ArcMap GeoPDF)", "extraction_method": "geopdf_vector", "georef_max_residual_m": 0.0, "conduit_type": "pipe", "pipe_diameter_mm": 225, "diameter_source": "legend_colour", "diameter_candidates_mm": null, "label_diameter_mm": 225.0, "label_agrees": true, "scheme": null, "flow_arrow": "end" }, "geometry": { "type": "LineString", "coordinates": [ [ 88.3789229107268, 22.505384020925334 ], [ 88.378708395105548, 22.505409148316286 ], [ 88.378545774749796, 22.505439362530925 ] ] } },
{ "type": "Feature", "properties": { "ward": 105, "source_sheet": "105_garfa 1.pdf p1", "source": "KMC ward sewerage network map (ArcMap GeoPDF)", "extraction_method": "geopdf_vector", "georef_max_residual_m": 0.0, "conduit_type": "pipe", "pipe_diameter_mm": 225, "diameter_source": "legend_colour", "diameter_candidates_mm": null, "label_diameter_mm": 225.0, "label_agrees": true, "scheme": null, "flow_arrow": "end" }, "geometry": { "type": "LineString", "coordinates": [ [ 88.379289197428506, 22.504997064705115 ], [ 88.379204932525923, 22.505012884119918 ], [ 88.379131006704398, 22.505025867463292 ], [ 88.379057095090985, 22.505040226959458 ], [ 88.378971406217389, 22.505061563168205 ], [ 88.378605024361775, 22.505153979729119 ], [ 88.378557211116529, 22.50497131003252 ], [ 88.378508406623439, 22.504978585121872 ], [ 88.37846700751048, 22.504985800571177 ], [ 88.37842560845435, 22.50499301600955 ], [ 88.378400472782531, 22.504997347597584 ] ] } },
{ "type": "Feature", "properties": { "ward": 105, "source_sheet": "105_garfa 1.pdf p1", "source": "KMC ward sewerage network map (ArcMap GeoPDF)", "extraction_method": "geopdf_vector", "georef_max_residual_m": 0.0, "conduit_type": "pipe", "pipe_diameter_mm": 225, "diameter_source": "legend_colour", "diameter_candidates_mm": null, "label_diameter_mm": 225.0, "label_agrees": true, "scheme": null, "flow_arrow": "end" }, "geometry": { "type": "LineString", "coordinates": [ [ 88.379037545979273, 22.504726575907821 ], [ 88.379055919009645, 22.504784234636936 ], [ 88.379080444960465, 22.504863865366005 ], [ 88.379104971004125, 22.504943496146005 ], [ 88.379131006704398, 22.505025867463292 ] ] } },
{ "type": "Feature", "properties": { "ward": 105, "source_sheet": "105_garfa 1.pdf p1", "source": "KMC ward sewerage network map (ArcMap GeoPDF)", "extraction_method": "geopdf_vector", "georef_max_residual_m": 0.0, "conduit_type": "pipe", "pipe_diameter_mm": 300, "diameter_source": "legend_colour", "diameter_candidates_mm": null, "label_diameter_mm": 300.0, "label_agrees": true, "scheme": null, "flow_arrow": "end" }, "geometry": { "type": "LineString", "coordinates": [ [ 88.380859855415608, 22.5041971164754 ], [ 88.380850239448733, 22.50412700011255 ], [ 88.380839113846335, 22.504054143221744 ], [ 88.380826321217981, 22.503963407140432 ] ] } },
{ "type": "Feature", "properties": { "ward": 105, "source_sheet": "105_garfa 1.pdf p1", "source": "KMC ward sewerage network map (ArcMap GeoPDF)", "extraction_method": "geopdf_vector", "georef_max_residual_m": 0.0, "conduit_type": "pipe", "pipe_diameter_mm": 300, "diameter_source": "legend_colour", "diameter_candidates_mm": null, "label_diameter_mm": 300.0, "label_agrees": true, "scheme": null, "flow_arrow": "end" }, "geometry": { "type": "LineString", "coordinates": [ [ 88.380797602317088, 22.503765444150563 ], [ 88.380810452049516, 22.503861685149626 ], [ 88.380826321217981, 22.503963407140432 ], [ 88.380733013408658, 22.503964160457592 ], [ 88.380629338066953, 22.503964997413256 ], [ 88.380534549146887, 22.503965762571752 ], [ 88.380525033464878, 22.503905279874122 ], [ 88.380419848520646, 22.503903376162945 ], [ 88.380316144553305, 22.503901460430587 ], [ 88.380221327070345, 22.50389947291783 ] ] } },
{ "type": "Feature", "properties": { "ward": 105, "source_sheet": "105_garfa 1.pdf p1", "source": "KMC ward sewerage network map (ArcMap GeoPDF)", "extraction_method": "geopdf_vector", "georef_max_residual_m": 0.0, "conduit_type": "pipe", "pipe_diameter_mm": 400, "diameter_source": "legend_colour", "diameter_candidates_mm": null, "label_diameter_mm": 400.0, "label_agrees": true, "scheme": null, "flow_arrow": "end" }, "geometry": { "type": "LineString", "coordinates": [ [ 88.38022971367316, 22.504564183956631 ], [ 88.380228298239203, 22.504427936369897 ], [ 88.38022695430233, 22.504298570049819 ], [ 88.3802253959186, 22.50414856009213 ], [ 88.380224094892014, 22.504023322379883 ], [ 88.380221327070345, 22.50389947291783 ], [ 88.380222688032163, 22.503745310377621 ], [ 88.380225458491552, 22.503584254613731 ], [ 88.380226705093165, 22.503419082128122 ] ] } },
{ "type": "Feature", "properties": { "ward": 105, "source_sheet": "105_garfa 1.pdf p1", "source": "KMC ward sewerage network map (ArcMap GeoPDF)", "extraction_method": "geopdf_vector", "georef_max_residual_m": 0.0, "conduit_type": "pipe", "pipe_diameter_mm": 225, "diameter_source": "legend_colour", "diameter_candidates_mm": null, "label_diameter_mm": 225.0, "label_agrees": true, "scheme": null, "flow_arrow": "end" }, "geometry": { "type": "LineString", "coordinates": [ [ 88.378146666680948, 22.51080072380794 ], [ 88.378058068906427, 22.510827588487434 ], [ 88.378031483553542, 22.510977825243074 ], [ 88.378018910028601, 22.511050873287587 ] ] } },
{ "type": "Feature", "properties": { "ward": 105, "source_sheet": "105_garfa 1.pdf p1", "source": "KMC ward sewerage network map (ArcMap GeoPDF)", "extraction_method": "geopdf_vector", "georef_max_residual_m": 0.0, "conduit_type": "pipe", "pipe_diameter_mm": 225, "diameter_source": "legend_colour", "diameter_candidates_mm": null, "label_diameter_mm": 225.0, "label_agrees": true, "scheme": null, "flow_arrow": "end" }, "geometry": { "type": "LineString", "coordinates": [ [ 88.378510305683179, 22.510870739480023 ], [ 88.378584363286521, 22.510870142451193 ], [ 88.378664359756101, 22.510870873806812 ], [ 88.37875026652091, 22.510870181168436 ], [ 88.378794701078576, 22.510869822889031 ], [ 88.378864315142977, 22.510869261560593 ], [ 88.378895419356454, 22.510869010744074 ] ] } },
{ "type": "Feature", "properties": { "ward": 105, "source_sheet": "105_garfa 1.pdf p1", "source": "KMC ward sewerage network map (ArcMap GeoPDF)", "extraction_method": "geopdf_vector", "georef_max_residual_m": 0.0, "conduit_type": "pipe", "pipe_diameter_mm": 225, "diameter_source": "legend_colour", "diameter_candidates_mm": null, "label_diameter_mm": 225.0, "label_agrees": true, "scheme": null, "flow_arrow": "end" }, "geometry": { "type": "LineString", "coordinates": [ [ 88.378642409290094, 22.510754060807333 ], [ 88.378664359756101, 22.510870873806812 ] ] } },
{ "type": "Feature", "properties": { "ward": 105, "source_sheet": "105_garfa 1.pdf p1", "source": "KMC ward sewerage network map (ArcMap GeoPDF)", "extraction_method": "geopdf_vector", "georef_max_residual_m": 0.0, "conduit_type": "pipe", "pipe_diameter_mm": 300, "diameter_source": "legend_colour", "diameter_candidates_mm": null, "label_diameter_mm": 300.0, "label_agrees": true, "scheme": null, "flow_arrow": "end" }, "geometry": { "type": "LineString", "coordinates": [ [ 88.378616962903948, 22.510871255932642 ], [ 88.378646447652443, 22.511000395406082 ], [ 88.378683695399772, 22.511163881154175 ] ] } },
{ "type": "Feature", "properties": { "ward": 105, "source_sheet": "105_garfa 1.pdf p1", "source": "KMC ward sewerage network map (ArcMap GeoPDF)", "extraction_method": "geopdf_vector", "georef_max_residual_m": 0.0, "conduit_type": "pipe", "pipe_diameter_mm": 225, "diameter_source": "legend_colour", "diameter_candidates_mm": null, "label_diameter_mm": 225.0, "label_agrees": true, "scheme": null, "flow_arrow": "end" }, "geometry": { "type": "LineString", "coordinates": [ [ 88.378843083805023, 22.509680263753062 ], [ 88.378846588983066, 22.509732536900255 ], [ 88.378848841657643, 22.50980684180734 ], [ 88.378863767300956, 22.509817732316886 ] ] } },
{ "type": "Feature", "properties": { "ward": 105, "source_sheet": "105_garfa 1.pdf p1", "source": "KMC ward sewerage network map (ArcMap GeoPDF)", "extraction_method": "geopdf_vector", "georef_max_residual_m": 0.0, "conduit_type": "pipe", "pipe_diameter_mm": 300, "diameter_source": "legend_colour", "diameter_candidates_mm": null, "label_diameter_mm": 300.0, "label_agrees": true, "scheme": null, "flow_arrow": "end" }, "geometry": { "type": "LineString", "coordinates": [ [ 88.378863767300956, 22.509817732316886 ], [ 88.37887147784194, 22.509989714243233 ], [ 88.378876835693063, 22.510077757624654 ] ] } },
{ "type": "Feature", "properties": { "ward": 105, "source_sheet": "105_garfa 1.pdf p1", "source": "KMC ward sewerage network map (ArcMap GeoPDF)", "extraction_method": "geopdf_vector", "georef_max_residual_m": 0.0, "conduit_type": "pipe", "pipe_diameter_mm": 300, "diameter_source": "legend_colour", "diameter_candidates_mm": null, "label_diameter_mm": 300.0, "label_agrees": true, "scheme": null, "flow_arrow": "end" }, "geometry": { "type": "LineString", "coordinates": [ [ 88.379014762780699, 22.509951397278751 ], [ 88.379002865893966, 22.509804223442895 ] ] } },
{ "type": "Feature", "properties": { "ward": 105, "source_sheet": "105_garfa 1.pdf p1", "source": "KMC ward sewerage network map (ArcMap GeoPDF)", "extraction_method": "geopdf_vector", "georef_max_residual_m": 0.0, "conduit_type": "pipe", "pipe_diameter_mm": 300, "diameter_source": "legend_colour", "diameter_candidates_mm": null, "label_diameter_mm": 300.0, "label_agrees": true, "scheme": null, "flow_arrow": "end" }, "geometry": { "type": "LineString", "coordinates": [ [ 88.37937819450093, 22.509859003113931 ], [ 88.379376398900646, 22.509828737854924 ], [ 88.379392048301895, 22.509766675716868 ] ] } },
{ "type": "Feature", "properties": { "ward": 105, "source_sheet": "105_garfa 1.pdf p1", "source": "KMC ward sewerage network map (ArcMap GeoPDF)", "extraction_method": "geopdf_vector", "georef_max_residual_m": 0.0, "conduit_type": "pipe", "pipe_diameter_mm": 300, "diameter_source": "legend_colour", "diameter_candidates_mm": null, "label_diameter_mm": 300.0, "label_agrees": true, "scheme": null, "flow_arrow": "end" }, "geometry": { "type": "LineString", "coordinates": [ [ 88.378140324249202, 22.509618487383328 ], [ 88.378134870960011, 22.50966395096312 ], [ 88.377939774681948, 22.509705437339839 ] ] } },
{ "type": "Feature", "properties": { "ward": 105, "source_sheet": "105_garfa 1.pdf p1", "source": "KMC ward sewerage network map (ArcMap GeoPDF)", "extraction_method": "geopdf_vector", "georef_max_residual_m": 0.0, "conduit_type": "pipe", "pipe_diameter_mm": 225, "diameter_source": "legend_colour", "diameter_candidates_mm": null, "label_diameter_mm": 225.0, "label_agrees": true, "scheme": null, "flow_arrow": "end" }, "geometry": { "type": "LineString", "coordinates": [ [ 88.378384063557789, 22.509839492203422 ], [ 88.378355132175273, 22.509620885166694 ] ] } },
{ "type": "Feature", "properties": { "ward": 105, "source_sheet": "105_garfa 1.pdf p1", "source": "KMC ward sewerage network map (ArcMap GeoPDF)", "extraction_method": "geopdf_vector", "georef_max_residual_m": 0.0, "conduit_type": "pipe", "pipe_diameter_mm": 225, "diameter_source": "legend_colour", "diameter_candidates_mm": null, "label_diameter_mm": 225.0, "label_agrees": true, "scheme": null, "flow_arrow": "end" }, "geometry": { "type": "LineString", "coordinates": [ [ 88.378337668496499, 22.509508164998408 ], [ 88.378355132175273, 22.509620885166694 ] ] } },
{ "type": "Feature", "properties": { "ward": 105, "source_sheet": "105_garfa 1.pdf p1", "source": "KMC ward sewerage network map (ArcMap GeoPDF)", "extraction_method": "geopdf_vector", "georef_max_residual_m": 0.0, "conduit_type": "pipe", "pipe_diameter_mm": 300, "diameter_source": "legend_colour", "diameter_candidates_mm": null, "label_diameter_mm": 300.0, "label_agrees": true, "scheme": null, "flow_arrow": "end" }, "geometry": { "type": "LineString", "coordinates": [ [ 88.378093676742381, 22.509405528475163 ], [ 88.378079604010338, 22.509334071502519 ], [ 88.3780609593652, 22.509250264205718 ], [ 88.378045376953281, 22.509176066676943 ] ] } },
{ "type": "Feature", "properties": { "ward": 105, "source_sheet": "105_garfa 1.pdf p1", "source": "KMC ward sewerage network map (ArcMap GeoPDF)", "extraction_method": "geopdf_vector", "georef_max_residual_m": 0.0, "conduit_type": "pipe", "pipe_diameter_mm": 300, "diameter_source": "legend_colour", "diameter_candidates_mm": null, "label_diameter_mm": 300.0, "label_agrees": true, "scheme": null, "flow_arrow": "end" }, "geometry": { "type": "LineString", "coordinates": [ [ 88.37786962864817, 22.508940749951002 ], [ 88.377990924390318, 22.508924632701905 ], [ 88.377999072457357, 22.508996137486083 ], [ 88.378088111752049, 22.50901193624545 ], [ 88.37810751318419, 22.509168684178846 ] ] } },
{ "type": "Feature", "properties": { "ward": 105, "source_sheet": "105_garfa 1.pdf p1", "source": "KMC ward sewerage network map (ArcMap GeoPDF)", "extraction_method": "geopdf_vector", "georef_max_residual_m": 0.0, "conduit_type": "pipe", "pipe_diameter_mm": 225, "diameter_source": "legend_colour", "diameter_candidates_mm": null, "label_diameter_mm": 225.0, "label_agrees": true, "scheme": null, "flow_arrow": "end" }, "geometry": { "type": "LineString", "coordinates": [ [ 88.382572885280837, 22.510105718925885 ], [ 88.382694424814929, 22.510112994190241 ], [ 88.382794048029879, 22.510149349974519 ] ] } },
{ "type": "Feature", "properties": { "ward": 105, "source_sheet": "105_garfa 1.pdf p1", "source": "KMC ward sewerage network map (ArcMap GeoPDF)", "extraction_method": "geopdf_vector", "georef_max_residual_m": 0.0, "conduit_type": "pipe", "pipe_diameter_mm": 300, "diameter_source": "legend_colour", "diameter_candidates_mm": null, "label_diameter_mm": 300.0, "label_agrees": true, "scheme": null, "flow_arrow": "end" }, "geometry": { "type": "LineString", "coordinates": [ [ 88.382321882743582, 22.509756778777106 ], [ 88.382522830383252, 22.509708358103584 ], [ 88.382716372185754, 22.509659997020165 ], [ 88.382796224599375, 22.509646964072065 ], [ 88.382861294287423, 22.509636803361428 ] ] } },
{ "type": "Feature", "properties": { "ward": 105, "source_sheet": "105_garfa 1.pdf p1", "source": "KMC ward sewerage network map (ArcMap GeoPDF)", "extraction_method": "geopdf_vector", "georef_max_residual_m": 0.0, "conduit_type": "pipe", "pipe_diameter_mm": 225, "diameter_source": "legend_colour", "diameter_candidates_mm": null, "label_diameter_mm": 225.0, "label_agrees": true, "scheme": null, "flow_arrow": "end" }, "geometry": { "type": "LineString", "coordinates": [ [ 88.382798383740521, 22.508858297174314 ], [ 88.382778369875552, 22.508785512400127 ], [ 88.38275530778003, 22.508704494137806 ], [ 88.382724467642191, 22.508587753687582 ], [ 88.382698271487385, 22.508490244542557 ], [ 88.382672132669768, 22.508398240351102 ], [ 88.382633586276711, 22.508252658769837 ] ] } },
{ "type": "Feature", "properties": { "ward": 105, "source_sheet": "105_garfa 1.pdf p1", "source": "KMC ward sewerage network map (ArcMap GeoPDF)", "extraction_method": "geopdf_vector", "georef_max_residual_m": 0.0, "conduit_type": "pipe", "pipe_diameter_mm": 300, "diameter_source": "legend_colour", "diameter_candidates_mm": null, "label_diameter_mm": 300.0, "label_agrees": true, "scheme": null, "flow_arrow": "end" }, "geometry": { "type": "LineString", "coordinates": [ [ 88.382633586276711, 22.508252658769837 ], [ 88.382575126604081, 22.508043925980825 ] ] } },
{ "type": "Feature", "properties": { "ward": 105, "source_sheet": "105_garfa 1.pdf p1", "source": "KMC ward sewerage network map (ArcMap GeoPDF)", "extraction_method": "geopdf_vector", "georef_max_residual_m": 0.0, "conduit_type": "pipe", "pipe_diameter_mm": 225, "diameter_source": "legend_colour", "diameter_candidates_mm": null, "label_diameter_mm": 225.0, "label_agrees": true, "scheme": null, "flow_arrow": "end" }, "geometry": { "type": "LineString", "coordinates": [ [ 88.381769705054722, 22.507937575595889 ], [ 88.381808236132997, 22.50808178119858 ], [ 88.381850065409793, 22.508115852020161 ] ] } },
{ "type": "Feature", "properties": { "ward": 105, "source_sheet": "105_garfa 1.pdf p1", "source": "KMC ward sewerage network map (ArcMap GeoPDF)", "extraction_method": "geopdf_vector", "georef_max_residual_m": 0.0, "conduit_type": "pipe", "pipe_diameter_mm": 300, "diameter_source": "legend_colour", "diameter_candidates_mm": null, "label_diameter_mm": 300.0, "label_agrees": true, "scheme": null, "flow_arrow": "end" }, "geometry": { "type": "LineString", "coordinates": [ [ 88.383923568885749, 22.507382002889141 ], [ 88.384003434191058, 22.507370345592495 ], [ 88.384078856135289, 22.50735872428309 ], [ 88.384198654041811, 22.507341238267259 ], [ 88.384245977884646, 22.507333973361966 ], [ 88.384300692935909, 22.50732527224579 ] ] } },
{ "type": "Feature", "properties": { "ward": 105, "source_sheet": "105_garfa 1.pdf p1", "source": "KMC ward sewerage network map (ArcMap GeoPDF)", "extraction_method": "geopdf_vector", "georef_max_residual_m": 0.0, "conduit_type": "pipe", "pipe_diameter_mm": 300, "diameter_source": "legend_colour", "diameter_candidates_mm": null, "label_diameter_mm": 300.0, "label_agrees": true, "scheme": null, "flow_arrow": "end" }, "geometry": { "type": "LineString", "coordinates": [ [ 88.382790510101316, 22.507248029268585 ], [ 88.382833399329414, 22.507383941277045 ], [ 88.382877798437448, 22.507522593711975 ] ] } },
{ "type": "Feature", "properties": { "ward": 105, "source_sheet": "105_garfa 1.pdf p1", "source": "KMC ward sewerage network map (ArcMap GeoPDF)", "extraction_method": "geopdf_vector", "georef_max_residual_m": 0.0, "conduit_type": "pipe", "pipe_diameter_mm": 300, "diameter_source": "legend_colour", "diameter_candidates_mm": null, "label_diameter_mm": 300.0, "label_agrees": true, "scheme": null, "flow_arrow": "end" }, "geometry": { "type": "LineString", "coordinates": [ [ 88.382287517713436, 22.507023621737748 ], [ 88.382306178821523, 22.507108804695335 ], [ 88.382335651698853, 22.507236567178605 ], [ 88.382260229627605, 22.50724818773293 ], [ 88.382283692033511, 22.507367740672656 ], [ 88.382308721605483, 22.507495539074593 ], [ 88.382333708207454, 22.507619208747254 ], [ 88.382357199460699, 22.507741514202451 ], [ 88.38236426955541, 22.507851565201868 ], [ 88.382352964847897, 22.50790395795984 ], [ 88.382343112573366, 22.507953586262541 ], [ 88.382330398248797, 22.508012872196108 ] ] } },
{ "type": "Feature", "properties": { "ward": 105, "source_sheet": "105_garfa 1.pdf p1", "source": "KMC ward sewerage network map (ArcMap GeoPDF)", "extraction_method": "geopdf_vector", "georef_max_residual_m": 0.0, "conduit_type": "pipe", "pipe_diameter_mm": 225, "diameter_source": "legend_colour", "diameter_candidates_mm": null, "label_diameter_mm": 225.0, "label_agrees": true, "scheme": null, "flow_arrow": "end" }, "geometry": { "type": "LineString", "coordinates": [ [ 88.380805641032509, 22.507674221680094 ], [ 88.380699014949627, 22.507676458980235 ], [ 88.380604223502672, 22.507677224306409 ] ] } },
{ "type": "Feature", "properties": { "ward": 105, "source_sheet": "105_garfa 1.pdf p1", "source": "KMC ward sewerage network map (ArcMap GeoPDF)", "extraction_method": "geopdf_vector", "georef_max_residual_m": 0.0, "conduit_type": "pipe", "pipe_diameter_mm": 225, "diameter_source": "legend_colour", "diameter_candidates_mm": null, "label_diameter_mm": 225.0, "label_agrees": true, "scheme": null, "flow_arrow": "end" }, "geometry": { "type": "LineString", "coordinates": [ [ 88.38079855675754, 22.50784769933987 ], [ 88.380607492552244, 22.507849242022932 ] ] } },
{ "type": "Feature", "properties": { "ward": 105, "source_sheet": "105_garfa 1.pdf p1", "source": "KMC ward sewerage network map (ArcMap GeoPDF)", "extraction_method": "geopdf_vector", "georef_max_residual_m": 0.0, "conduit_type": "pipe", "pipe_diameter_mm": 300, "diameter_source": "legend_colour", "diameter_candidates_mm": null, "label_diameter_mm": 300.0, "label_agrees": true, "scheme": null, "flow_arrow": "end" }, "geometry": { "type": "LineString", "coordinates": [ [ 88.380521498923187, 22.507128727400556 ], [ 88.380416726203549, 22.507166734706527 ], [ 88.380329640952851, 22.50719634103724 ], [ 88.380348729915667, 22.507322811417001 ], [ 88.38028668047204, 22.507338452127733 ], [ 88.380227593290257, 22.507354068963895 ], [ 88.380195080298023, 22.507361213103714 ] ] } },
{ "type": "Feature", "properties": { "ward": 105, "source_sheet": "105_garfa 1.pdf p1", "source": "KMC ward sewerage network map (ArcMap GeoPDF)", "extraction_method": "geopdf_vector", "georef_max_residual_m": 0.0, "conduit_type": "pipe", "pipe_diameter_mm": 225, "diameter_source": "legend_colour", "diameter_candidates_mm": null, "label_diameter_mm": 225.0, "label_agrees": true, "scheme": null, "flow_arrow": "end" }, "geometry": { "type": "LineString", "coordinates": [ [ 88.379961587642612, 22.507270881765304 ], [ 88.379956829769156, 22.50724064041119 ], [ 88.379952029070466, 22.507206270330226 ], [ 88.379945261101795, 22.507125120087125 ] ] } },
{ "type": "Feature", "properties": { "ward": 105, "source_sheet": "105_garfa 1.pdf p1", "source": "KMC ward sewerage network map (ArcMap GeoPDF)", "extraction_method": "geopdf_vector", "georef_max_residual_m": 0.0, "conduit_type": "pipe", "pipe_diameter_mm": 150, "diameter_source": "legend_colour", "diameter_candidates_mm": null, "label_diameter_mm": 150.0, "label_agrees": true, "scheme": null, "flow_arrow": "end" }, "geometry": { "type": "LineString", "coordinates": [ [ 88.379780182783193, 22.507346668559343 ], [ 88.37973691050037, 22.507173597221492 ] ] } },
{ "type": "Feature", "properties": { "ward": 105, "source_sheet": "105_garfa 1.pdf p1", "source": "KMC ward sewerage network map (ArcMap GeoPDF)", "extraction_method": "geopdf_vector", "georef_max_residual_m": 0.0, "conduit_type": "pipe", "pipe_diameter_mm": 225, "diameter_source": "legend_colour", "diameter_candidates_mm": null, "label_diameter_mm": 225.0, "label_agrees": true, "scheme": null, "flow_arrow": "end" }, "geometry": { "type": "LineString", "coordinates": [ [ 88.378627890719656, 22.507357337806599 ], [ 88.379014428068743, 22.507208327955617 ] ] } },
{ "type": "Feature", "properties": { "ward": 105, "source_sheet": "105_garfa 1.pdf p1", "source": "KMC ward sewerage network map (ArcMap GeoPDF)", "extraction_method": "geopdf_vector", "georef_max_residual_m": 0.0, "conduit_type": "pipe", "pipe_diameter_mm": 300, "diameter_source": "legend_colour", "diameter_candidates_mm": null, "label_diameter_mm": 300.0, "label_agrees": true, "scheme": null, "flow_arrow": "end" }, "geometry": { "type": "LineString", "coordinates": [ [ 88.379014428068743, 22.507208327955617 ], [ 88.379141303633276, 22.50715913249951 ], [ 88.379254877640435, 22.507112796881724 ] ] } },
{ "type": "Feature", "properties": { "ward": 105, "source_sheet": "105_garfa 1.pdf p1", "source": "KMC ward sewerage network map (ArcMap GeoPDF)", "extraction_method": "geopdf_vector", "georef_max_residual_m": 0.0, "conduit_type": "pipe", "pipe_diameter_mm": 375, "diameter_source": "legend_colour", "diameter_candidates_mm": null, "label_diameter_mm": 375.0, "label_agrees": true, "scheme": null, "flow_arrow": "end" }, "geometry": { "type": "LineString", "coordinates": [ [ 88.381396484305228, 22.506945488275001 ], [ 88.381548637688425, 22.506905721204255 ], [ 88.381641704120199, 22.506881571332343 ], [ 88.381789428331501, 22.506843216182475 ] ] } },
{ "type": "Feature", "properties": { "ward": 105, "source_sheet": "105_garfa 1.pdf p1", "source": "KMC ward sewerage network map (ArcMap GeoPDF)", "extraction_method": "geopdf_vector", "georef_max_residual_m": 0.0, "conduit_type": "pipe", "pipe_diameter_mm": 300, "diameter_source": "legend_colour", "diameter_candidates_mm": null, "label_diameter_mm": 300.0, "label_agrees": true, "scheme": null, "flow_arrow": "end" }, "geometry": { "type": "LineString", "coordinates": [ [ 88.38112397581709, 22.506379255772625 ], [ 88.38113628243147, 22.506423199689209 ], [ 88.381153146901227, 22.50647811759119 ], [ 88.381185280227086, 22.506576955418915 ], [ 88.381224847810685, 22.506678485961658 ], [ 88.38125547149231, 22.506774583306019 ], [ 88.381277265908707, 22.506876257329839 ] ] } },
{ "type": "Feature", "properties": { "ward": 105, "source_sheet": "105_garfa 1.pdf p1", "source": "KMC ward sewerage network map (ArcMap GeoPDF)", "extraction_method": "geopdf_vector", "georef_max_residual_m": 0.0, "conduit_type": "pipe", "pipe_diameter_mm": 450, "diameter_source": "legend_colour", "diameter_candidates_mm": null, "label_diameter_mm": 450.0, "label_agrees": true, "scheme": null, "flow_arrow": "end" }, "geometry": { "type": "LineString", "coordinates": [ [ 88.381089102445628, 22.506159320979112 ], [ 88.38110324782923, 22.506237658862037 ], [ 88.381120498496415, 22.506329735176056 ] ] } },
{ "type": "Feature", "properties": { "ward": 105, "source_sheet": "105_garfa 1.pdf p1", "source": "KMC ward sewerage network map (ArcMap GeoPDF)", "extraction_method": "geopdf_vector", "georef_max_residual_m": 0.0, "conduit_type": "pipe", "pipe_diameter_mm": 300, "diameter_source": "legend_colour", "diameter_candidates_mm": null, "label_diameter_mm": 300.0, "label_agrees": true, "scheme": null, "flow_arrow": "end" }, "geometry": { "type": "LineString", "coordinates": [ [ 88.381089102445628, 22.506159320979112 ], [ 88.381073318582295, 22.506065856455262 ], [ 88.38105921609656, 22.505991647291548 ] ] } },
{ "type": "Feature", "properties": { "ward": 105, "source_sheet": "105_garfa 1.pdf p1", "source": "KMC ward sewerage network map (ArcMap GeoPDF)", "extraction_method": "geopdf_vector", "georef_max_residual_m": 0.0, "conduit_type": "pipe", "pipe_diameter_mm": 225, "diameter_source": "legend_colour", "diameter_candidates_mm": null, "label_diameter_mm": 225.0, "label_agrees": true, "scheme": null, "flow_arrow": "end" }, "geometry": { "type": "LineString", "coordinates": [ [ 88.380721545102858, 22.506423796034195 ], [ 88.380778742503139, 22.506511420791313 ] ] } },
{ "type": "Feature", "properties": { "ward": 105, "source_sheet": "105_garfa 1.pdf p1", "source": "KMC ward sewerage network map (ArcMap GeoPDF)", "extraction_method": "geopdf_vector", "georef_max_residual_m": 0.0, "conduit_type": "pipe", "pipe_diameter_mm": 450, "diameter_source": "legend_colour", "diameter_candidates_mm": null, "label_diameter_mm": 450.0, "label_agrees": true, "scheme": null, "flow_arrow": "end" }, "geometry": { "type": "LineString", "coordinates": [ [ 88.38091624094217, 22.506771817576556 ], [ 88.380889051767838, 22.506721112092407 ], [ 88.380860338568354, 22.506666289837487 ], [ 88.380778742503139, 22.506511420791313 ] ] } },
{ "type": "Feature", "properties": { "ward": 105, "source_sheet": "105_garfa 1.pdf p1", "source": "KMC ward sewerage network map (ArcMap GeoPDF)", "extraction_method": "geopdf_vector", "georef_max_residual_m": 0.0, "conduit_type": "pipe", "pipe_diameter_mm": 225, "diameter_source": "legend_colour", "diameter_candidates_mm": null, "label_diameter_mm": 225.0, "label_agrees": true, "scheme": null, "flow_arrow": "end" }, "geometry": { "type": "LineString", "coordinates": [ [ 88.380007038739208, 22.506370380063888 ], [ 88.380051157305971, 22.506339744298415 ], [ 88.380105572009739, 22.506302143644973 ], [ 88.380183512825383, 22.506247836877776 ], [ 88.380240975499589, 22.506218469669776 ], [ 88.380283712931728, 22.506197479435428 ] ] } },
{ "type": "Feature", "properties": { "ward": 105, "source_sheet": "105_garfa 1.pdf p1", "source": "KMC ward sewerage network map (ArcMap GeoPDF)", "extraction_method": "geopdf_vector", "georef_max_residual_m": 0.0, "conduit_type": "pipe", "pipe_diameter_mm": 225, "diameter_source": "legend_colour", "diameter_candidates_mm": null, "label_diameter_mm": 225.0, "label_agrees": true, "scheme": null, "flow_arrow": "end" }, "geometry": { "type": "LineString", "coordinates": [ [ 88.380330879366809, 22.506175077142256 ], [ 88.380462139531915, 22.506120339879288 ], [ 88.380584527329319, 22.506067050439061 ], [ 88.380687975393826, 22.506044193680143 ], [ 88.380787023084096, 22.506025501399645 ], [ 88.38089646703304, 22.506009477768806 ], [ 88.380985247064928, 22.506000502777336 ], [ 88.38105921609656, 22.505991647291548 ] ] } },
{ "type": "Feature", "properties": { "ward": 105, "source_sheet": "105_garfa 1.pdf p1", "source": "KMC ward sewerage network map (ArcMap GeoPDF)", "extraction_method": "geopdf_vector", "georef_max_residual_m": 0.0, "conduit_type": "pipe", "pipe_diameter_mm": 450, "diameter_source": "legend_colour", "diameter_candidates_mm": null, "label_diameter_mm": 450.0, "label_agrees": true, "scheme": null, "flow_arrow": "end" }, "geometry": { "type": "LineString", "coordinates": [ [ 88.38105921609656, 22.505991647291548 ], [ 88.381233942743094, 22.505986107066139 ], [ 88.381383476398128, 22.505979393858489 ], [ 88.381418707908082, 22.505948829465112 ] ] } },
{ "type": "Feature", "properties": { "ward": 105, "source_sheet": "105_garfa 1.pdf p1", "source": "KMC ward sewerage network map (ArcMap GeoPDF)", "extraction_method": "geopdf_vector", "georef_max_residual_m": 0.0, "conduit_type": "pipe", "pipe_diameter_mm": 225, "diameter_source": "legend_colour", "diameter_candidates_mm": null, "label_diameter_mm": 225.0, "label_agrees": true, "scheme": null, "flow_arrow": "end" }, "geometry": { "type": "LineString", "coordinates": [ [ 88.379311610587635, 22.506157150044899 ], [ 88.379248137607377, 22.506178307252497 ], [ 88.379149261000833, 22.506213513456245 ], [ 88.378975119584098, 22.506275477218065 ], [ 88.378935301247438, 22.506292314504432 ], [ 88.378799682633627, 22.506355343838433 ], [ 88.378672907631895, 22.506414172642266 ], [ 88.37850759525648, 22.506470559311563 ] ] } },
{ "type": "Feature", "properties": { "ward": 105, "source_sheet": "105_garfa 1.pdf p1", "source": "KMC ward sewerage network map (ArcMap GeoPDF)", "extraction_method": "geopdf_vector", "georef_max_residual_m": 0.0, "conduit_type": "pipe", "pipe_diameter_mm": 225, "diameter_source": "legend_colour", "diameter_candidates_mm": null, "label_diameter_mm": 225.0, "label_agrees": true, "scheme": null, "flow_arrow": "end" }, "geometry": { "type": "LineString", "coordinates": [ [ 88.379311610587635, 22.506157150044899 ], [ 88.379577208260329, 22.506058663026497 ] ] } },
{ "type": "Feature", "properties": { "ward": 105, "source_sheet": "105_garfa 1.pdf p1", "source": "KMC ward sewerage network map (ArcMap GeoPDF)", "extraction_method": "geopdf_vector", "georef_max_residual_m": 0.0, "conduit_type": "pipe", "pipe_diameter_mm": 225, "diameter_source": "legend_colour", "diameter_candidates_mm": null, "label_diameter_mm": 225.0, "label_agrees": true, "scheme": null, "flow_arrow": "end" }, "geometry": { "type": "LineString", "coordinates": [ [ 88.37909635098697, 22.506538759536507 ], [ 88.378996007241327, 22.506575353845584 ], [ 88.378824841850616, 22.506638669825747 ] ] } },
{ "type": "Feature", "properties": { "ward": 105, "source_sheet": "105_garfa 1.pdf p1", "source": "KMC ward sewerage network map (ArcMap GeoPDF)", "extraction_method": "geopdf_vector", "georef_max_residual_m": 0.0, "conduit_type": "pipe", "pipe_diameter_mm": 300, "diameter_source": "legend_colour", "diameter_candidates_mm": null, "label_diameter_mm": 300.0, "label_agrees": true, "scheme": null, "flow_arrow": "end" }, "geometry": { "type": "LineString", "coordinates": [ [ 88.378824841850616, 22.506638669825747 ], [ 88.378606480822285, 22.506721635025823 ] ] } },
{ "type": "Feature", "properties": { "ward": 105, "source_sheet": "105_garfa 1.pdf p1", "source": "KMC ward sewerage network map (ArcMap GeoPDF)", "extraction_method": "geopdf_vector", "georef_max_residual_m": 0.0, "conduit_type": "pipe", "pipe_diameter_mm": 600, "diameter_source": "legend_colour", "diameter_candidates_mm": null, "label_diameter_mm": 600.0, "label_agrees": true, "scheme": null, "flow_arrow": "end" }, "geometry": { "type": "LineString", "coordinates": [ [ 88.378717115613824, 22.506962981434839 ], [ 88.378662553017591, 22.506843678487432 ], [ 88.378606480822285, 22.506721635025823 ], [ 88.378559323896866, 22.506602272336551 ], [ 88.37850759525648, 22.506470559311563 ], [ 88.378465110396633, 22.506373180656688 ], [ 88.378416586904763, 22.50626483979012 ], [ 88.378369587458877, 22.506160615639079 ] ] } },
{ "type": "Feature", "properties": { "ward": 105, "source_sheet": "105_garfa 1.pdf p1", "source": "KMC ward sewerage network map (ArcMap GeoPDF)", "extraction_method": "geopdf_vector", "georef_max_residual_m": 0.0, "conduit_type": "pipe", "pipe_diameter_mm": 225, "diameter_source": "legend_colour", "diameter_candidates_mm": null, "label_diameter_mm": 225.0, "label_agrees": true, "scheme": null, "flow_arrow": "end" }, "geometry": { "type": "LineString", "coordinates": [ [ 88.378477795826527, 22.506739188517518 ], [ 88.3785958417091, 22.506695570040364 ] ] } },
{ "type": "Feature", "properties": { "ward": 105, "source_sheet": "105_garfa 1.pdf p1", "source": "KMC ward sewerage network map (ArcMap GeoPDF)", "extraction_method": "geopdf_vector", "georef_max_residual_m": 0.0, "conduit_type": "pipe", "pipe_diameter_mm": 150, "diameter_source": "legend_colour", "diameter_candidates_mm": null, "label_diameter_mm": 150.0, "label_agrees": true, "scheme": null, "flow_arrow": "end" }, "geometry": { "type": "LineString", "coordinates": [ [ 88.379728732399869, 22.5059583432596 ], [ 88.379665130884959, 22.505967114443461 ], [ 88.379606015609667, 22.505979978543536 ], [ 88.379543938073297, 22.505992866459813 ] ] } },
{ "type": "Feature", "properties": { "ward": 105, "source_sheet": "105_garfa 1.pdf p1", "source": "KMC ward sewerage network map (ArcMap GeoPDF)", "extraction_method": "geopdf_vector", "georef_max_residual_m": 0.0, "conduit_type": "pipe", "pipe_diameter_mm": 225, "diameter_source": "legend_colour", "diameter_candidates_mm": null, "label_diameter_mm": 225.0, "label_agrees": true, "scheme": null, "flow_arrow": "end" }, "geometry": { "type": "LineString", "coordinates": [ [ 88.382296922352495, 22.506361520314975 ], [ 88.382320613767206, 22.506503093062008 ], [ 88.382359245102663, 22.506656932234346 ], [ 88.382379330041701, 22.506736598251202 ], [ 88.382399415006859, 22.50681626432096 ], [ 88.382417932941692, 22.506887684916876 ] ] } },
{ "type": "Feature", "properties": { "ward": 105, "source_sheet": "105_garfa 1.pdf p1", "source": "KMC ward sewerage network map (ArcMap GeoPDF)", "extraction_method": "geopdf_vector", "georef_max_residual_m": 0.0, "conduit_type": "pipe", "pipe_diameter_mm": 300, "diameter_source": "legend_colour", "diameter_candidates_mm": null, "label_diameter_mm": 300.0, "label_agrees": true, "scheme": null, "flow_arrow": "end" }, "geometry": { "type": "LineString", "coordinates": [ [ 88.382359245102663, 22.506656932234346 ], [ 88.382425751612999, 22.506642631011914 ], [ 88.382502611506112, 22.506626869757053 ], [ 88.382589824712895, 22.506609648398385 ], [ 88.38264745884635, 22.506596795237265 ] ] } },
{ "type": "Feature", "properties": { "ward": 105, "source_sheet": "105_garfa 1.pdf p1", "source": "KMC ward sewerage network map (ArcMap GeoPDF)", "extraction_method": "geopdf_vector", "georef_max_residual_m": 0.0, "conduit_type": "pipe", "pipe_diameter_mm": 300, "diameter_source": "legend_colour", "diameter_candidates_mm": null, "label_diameter_mm": 300.0, "label_agrees": true, "scheme": null, "flow_arrow": "end" }, "geometry": { "type": "LineString", "coordinates": [ [ 88.382296922352495, 22.506361520314975 ], [ 88.382440374332873, 22.506339715351395 ], [ 88.382583811939128, 22.506316534021604 ], [ 88.382619524333492, 22.50647452573736 ], [ 88.38264745884635, 22.506596795237265 ] ] } },
{ "type": "Feature", "properties": { "ward": 105, "source_sheet": "105_garfa 1.pdf p1", "source": "KMC ward sewerage network map (ArcMap GeoPDF)", "extraction_method": "geopdf_vector", "georef_max_residual_m": 0.0, "conduit_type": "pipe", "pipe_diameter_mm": 225, "diameter_source": "legend_colour", "diameter_candidates_mm": null, "label_diameter_mm": 225.0, "label_agrees": true, "scheme": null, "flow_arrow": "end" }, "geometry": { "type": "LineString", "coordinates": [ [ 88.382682830852815, 22.506295088097435 ], [ 88.382583811939128, 22.506316534021604 ] ] } },
{ "type": "Feature", "properties": { "ward": 105, "source_sheet": "105_garfa 1.pdf p1", "source": "KMC ward sewerage network map (ArcMap GeoPDF)", "extraction_method": "geopdf_vector", "georef_max_residual_m": 0.0, "conduit_type": "pipe", "pipe_diameter_mm": 300, "diameter_source": "legend_colour", "diameter_candidates_mm": null, "label_diameter_mm": null, "label_agrees": null, "scheme": null, "flow_arrow": "end" }, "geometry": { "type": "LineString", "coordinates": [ [ 88.382682830852815, 22.506295088097435 ], [ 88.382671618121535, 22.506213973965767 ], [ 88.382648470667419, 22.50612469825219 ], [ 88.382624821974744, 22.50598725428242 ], [ 88.382616156158832, 22.505866205325511 ], [ 88.382609358170868, 22.505782302831598 ], [ 88.382605722811419, 22.505717643641663 ], [ 88.382633454216588, 22.505535740936857 ] ] } },
{ "type": "Feature", "properties": { "ward": 105, "source_sheet": "105_garfa 1.pdf p1", "source": "KMC ward sewerage network map (ArcMap GeoPDF)", "extraction_method": "geopdf_vector", "georef_max_residual_m": 0.0, "conduit_type": "pipe", "pipe_diameter_mm": 225, "diameter_source": "legend_colour", "diameter_candidates_mm": null, "label_diameter_mm": 225.0, "label_agrees": true, "scheme": null, "flow_arrow": "end" }, "geometry": { "type": "LineString", "coordinates": [ [ 88.382639011159014, 22.506069720653986 ], [ 88.382782405475439, 22.506042410497866 ], [ 88.38290953634062, 22.506017984400003 ] ] } },
{ "type": "Feature", "properties": { "ward": 105, "source_sheet": "105_garfa 1.pdf p1", "source": "KMC ward sewerage network map (ArcMap GeoPDF)", "extraction_method": "geopdf_vector", "georef_max_residual_m": 0.0, "conduit_type": "pipe", "pipe_diameter_mm": 300, "diameter_source": "legend_colour", "diameter_candidates_mm": null, "label_diameter_mm": 300.0, "label_agrees": true, "scheme": null, "flow_arrow": "end" }, "geometry": { "type": "LineString", "coordinates": [ [ 88.382440374332873, 22.506339715351395 ], [ 88.382437140054506, 22.506313590783275 ], [ 88.382426099306812, 22.506248991516177 ], [ 88.382404604903257, 22.506176218618407 ], [ 88.382374281307619, 22.506109022460532 ], [ 88.382340015548493, 22.506090030527496 ], [ 88.382249811741403, 22.506104523257349 ], [ 88.382131510003305, 22.50612337205424 ], [ 88.381963008338829, 22.506157766328887 ], [ 88.38176790401964, 22.506197880816512 ], [ 88.381680518574427, 22.505913681887698 ] ] } },
{ "type": "Feature", "properties": { "ward": 105, "source_sheet": "105_garfa 1.pdf p1", "source": "KMC ward sewerage network map (ArcMap GeoPDF)", "extraction_method": "geopdf_vector", "georef_max_residual_m": 0.0, "conduit_type": "pipe", "pipe_diameter_mm": 225, "diameter_source": "legend_colour", "diameter_candidates_mm": null, "label_diameter_mm": 300.0, "label_agrees": false, "scheme": null, "flow_arrow": "end" }, "geometry": { "type": "LineString", "coordinates": [ [ 88.382340015548493, 22.506090030527496 ], [ 88.382301685061634, 22.50596509233187 ], [ 88.38227712842604, 22.50588270972467 ], [ 88.382479952656595, 22.505872811959861 ], [ 88.382616156158832, 22.505866205325511 ] ] } },
{ "type": "Feature", "properties": { "ward": 105, "source_sheet": "105_garfa 1.pdf p1", "source": "KMC ward sewerage network map (ArcMap GeoPDF)", "extraction_method": "geopdf_vector", "georef_max_residual_m": 0.0, "conduit_type": "pipe", "pipe_diameter_mm": 300, "diameter_source": "legend_colour", "diameter_candidates_mm": null, "label_diameter_mm": 300.0, "label_agrees": true, "scheme": null, "flow_arrow": "end" }, "geometry": { "type": "LineString", "coordinates": [ [ 88.38022971367316, 22.504564183956631 ], [ 88.380084753346694, 22.504583246347622 ], [ 88.379979725060409, 22.504596480984375 ], [ 88.379935349769056, 22.504602344459727 ], [ 88.379751824009915, 22.504616212280101 ], [ 88.37960710649061, 22.504658670314353 ], [ 88.379515565023183, 22.504686935799331 ], [ 88.379511536174334, 22.504726882561211 ] ] } },
{ "type": "Feature", "properties": { "ward": 105, "source_sheet": "105_garfa 1.pdf p1", "source": "KMC ward sewerage network map (ArcMap GeoPDF)", "extraction_method": "geopdf_vector", "georef_max_residual_m": 0.0, "conduit_type": "pipe", "pipe_diameter_mm": 400, "diameter_source": "legend_colour", "diameter_candidates_mm": null, "label_diameter_mm": 400.0, "label_agrees": true, "scheme": null, "flow_arrow": "end" }, "geometry": { "type": "LineString", "coordinates": [ [ 88.380766766833204, 22.504646559151706 ], [ 88.380763561469649, 22.504623187068642 ], [ 88.380760399076564, 22.504603943653489 ], [ 88.380738348106306, 22.504477497195737 ], [ 88.380714687358164, 22.504338676509857 ], [ 88.380682812400366, 22.504264610761563 ], [ 88.380629050208555, 22.50422237780252 ], [ 88.380629201254095, 22.504094375730197 ], [ 88.380629338066953, 22.503964997413256 ] ] } },
{ "type": "Feature", "properties": { "ward": 105, "source_sheet": "105_garfa 1.pdf p1", "source": "KMC ward sewerage network map (ArcMap GeoPDF)", "extraction_method": "geopdf_vector", "georef_max_residual_m": 0.0, "conduit_type": "pipe", "pipe_diameter_mm": 400, "diameter_source": "legend_colour", "diameter_candidates_mm": null, "label_diameter_mm": 400.0, "label_agrees": true, "scheme": null, "flow_arrow": "end" }, "geometry": { "type": "LineString", "coordinates": [ [ 88.380371199379326, 22.504210695604879 ], [ 88.38053716606052, 22.504217614147759 ], [ 88.380629050208555, 22.50422237780252 ] ] } },
{ "type": "Feature", "properties": { "ward": 105, "source_sheet": "105_garfa 1.pdf p1", "source": "KMC ward sewerage network map (ArcMap GeoPDF)", "extraction_method": "geopdf_vector", "georef_max_residual_m": 0.0, "conduit_type": "pipe", "pipe_diameter_mm": 400, "diameter_source": "legend_colour", "diameter_candidates_mm": null, "label_diameter_mm": 400.0, "label_agrees": true, "scheme": null, "flow_arrow": "end" }, "geometry": { "type": "LineString", "coordinates": [ [ 88.380371199379326, 22.504210695604879 ], [ 88.380360102613636, 22.504140591154009 ], [ 88.380225281541954, 22.504137550153192 ] ] } },
{ "type": "Feature", "properties": { "ward": 105, "source_sheet": "105_garfa 1.pdf p1", "source": "KMC ward sewerage network map (ArcMap GeoPDF)", "extraction_method": "geopdf_vector", "georef_max_residual_m": 0.0, "conduit_type": "pipe", "pipe_diameter_mm": 300, "diameter_source": "legend_colour", "diameter_candidates_mm": null, "label_diameter_mm": 300.0, "label_agrees": true, "scheme": null, "flow_arrow": "end" }, "geometry": { "type": "LineString", "coordinates": [ [ 88.378725855475977, 22.509089377040414 ], [ 88.378556053802939, 22.509141670995675 ] ] } },
{ "type": "Feature", "properties": { "ward": 105, "source_sheet": "105_garfa 1.pdf p1", "source": "KMC ward sewerage network map (ArcMap GeoPDF)", "extraction_method": "geopdf_vector", "georef_max_residual_m": 0.0, "conduit_type": "pipe", "pipe_diameter_mm": 300, "diameter_source": "legend_colour", "diameter_candidates_mm": null, "label_diameter_mm": 300.0, "label_agrees": true, "scheme": null, "flow_arrow": "end" }, "geometry": { "type": "LineString", "coordinates": [ [ 88.378725855475977, 22.509089377040414 ], [ 88.378756321002285, 22.509170336283017 ], [ 88.378811841967263, 22.509381847005411 ] ] } },
{ "type": "Feature", "properties": { "ward": 105, "source_sheet": "105_garfa 1.pdf p1", "source": "KMC ward sewerage network map (ArcMap GeoPDF)", "extraction_method": "geopdf_vector", "georef_max_residual_m": 0.0, "conduit_type": "pipe", "pipe_diameter_mm": 225, "diameter_source": "legend_colour", "diameter_candidates_mm": null, "label_diameter_mm": 225.0, "label_agrees": true, "scheme": null, "flow_arrow": "end" }, "geometry": { "type": "LineString", "coordinates": [ [ 88.379831723607182, 22.509884247504917 ], [ 88.379969426687396, 22.509879007199142 ] ] } },
{ "type": "Feature", "properties": { "ward": 105, "source_sheet": "105_garfa 1.pdf p1", "source": "KMC ward sewerage network map (ArcMap GeoPDF)", "extraction_method": "geopdf_vector", "georef_max_residual_m": 0.0, "conduit_type": "pipe", "pipe_diameter_mm": 225, "diameter_source": "legend_colour", "diameter_candidates_mm": null, "label_diameter_mm": 225.0, "label_agrees": true, "scheme": null, "flow_arrow": "end" }, "geometry": { "type": "LineString", "coordinates": [ [ 88.379461236639003, 22.509439921967296 ], [ 88.379622766166591, 22.509446876924823 ] ] } },
{ "type": "Feature", "properties": { "ward": 105, "source_sheet": "105_garfa 1.pdf p1", "source": "KMC ward sewerage network map (ArcMap GeoPDF)", "extraction_method": "geopdf_vector", "georef_max_residual_m": 0.0, "conduit_type": "pipe", "pipe_diameter_mm": 300, "diameter_source": "legend_colour", "diameter_candidates_mm": null, "label_diameter_mm": 300.0, "label_agrees": true, "scheme": null, "flow_arrow": "end" }, "geometry": { "type": "LineString", "coordinates": [ [ 88.378093676742381, 22.509405528475163 ], [ 88.37810925921265, 22.509479725994616 ], [ 88.378124770302577, 22.509547042355059 ], [ 88.378140324249202, 22.509618487383328 ] ] } },
{ "type": "Feature", "properties": { "ward": 105, "source_sheet": "105_garfa 1.pdf p1", "source": "KMC ward sewerage network map (ArcMap GeoPDF)", "extraction_method": "geopdf_vector", "georef_max_residual_m": 0.0, "conduit_type": "pipe", "pipe_diameter_mm": 225, "diameter_source": "legend_colour", "diameter_candidates_mm": null, "label_diameter_mm": 225.0, "label_agrees": true, "scheme": null, "flow_arrow": "end" }, "geometry": { "type": "LineString", "coordinates": [ [ 88.37925345292733, 22.50911540235612 ], [ 88.379249728192676, 22.50889934492211 ] ] } },
{ "type": "Feature", "properties": { "ward": 105, "source_sheet": "105_garfa 1.pdf p1", "source": "KMC ward sewerage network map (ArcMap GeoPDF)", "extraction_method": "geopdf_vector", "georef_max_residual_m": 0.0, "conduit_type": "pipe", "pipe_diameter_mm": 225, "diameter_source": "legend_colour", "diameter_candidates_mm": null, "label_diameter_mm": 225.0, "label_agrees": true, "scheme": null, "flow_arrow": "end" }, "geometry": { "type": "LineString", "coordinates": [ [ 88.379261252654331, 22.508582690743211 ], [ 88.379249079995745, 22.508694273528 ], [ 88.379256499928559, 22.508695590040627 ], [ 88.379249728192676, 22.50889934492211 ] ] } },
{ "type": "Feature", "properties": { "ward": 105, "source_sheet": "105_garfa 1.pdf p1", "source": "KMC ward sewerage network map (ArcMap GeoPDF)", "extraction_method": "geopdf_vector", "georef_max_residual_m": 0.0, "conduit_type": "pipe", "pipe_diameter_mm": 225, "diameter_source": "legend_colour", "diameter_candidates_mm": null, "label_diameter_mm": 225.0, "label_agrees": true, "scheme": null, "flow_arrow": "end" }, "geometry": { "type": "LineString", "coordinates": [ [ 88.379166831431689, 22.508191191636399 ], [ 88.379229038590452, 22.508190689940946 ] ] } },
{ "type": "Feature", "properties": { "ward": 105, "source_sheet": "105_garfa 1.pdf p1", "source": "KMC ward sewerage network map (ArcMap GeoPDF)", "extraction_method": "geopdf_vector", "georef_max_residual_m": 0.0, "conduit_type": "pipe", "pipe_diameter_mm": 225, "diameter_source": "legend_colour", "diameter_candidates_mm": null, "label_diameter_mm": 225.0, "label_agrees": true, "scheme": null, "flow_arrow": "end" }, "geometry": { "type": "LineString", "coordinates": [ [ 88.378893880774868, 22.508723288690984 ], [ 88.378979714765336, 22.508715714784973 ], [ 88.378991054235399, 22.508809215370579 ], [ 88.378999969615307, 22.508811896193357 ], [ 88.379009785090147, 22.508901279992578 ] ] } },
{ "type": "Feature", "properties": { "ward": 105, "source_sheet": "105_garfa 1.pdf p1", "source": "KMC ward sewerage network map (ArcMap GeoPDF)", "extraction_method": "geopdf_vector", "georef_max_residual_m": 0.0, "conduit_type": "pipe", "pipe_diameter_mm": 225, "diameter_source": "legend_colour", "diameter_candidates_mm": null, "label_diameter_mm": 225.0, "label_agrees": true, "scheme": null, "flow_arrow": "end" }, "geometry": { "type": "LineString", "coordinates": [ [ 88.378962050775655, 22.508583727298497 ], [ 88.378964431984855, 22.508670418393578 ], [ 88.378970842317031, 22.508717162687173 ] ] } },
{ "type": "Feature", "properties": { "ward": 105, "source_sheet": "105_garfa 1.pdf p1", "source": "KMC ward sewerage network map (ArcMap GeoPDF)", "extraction_method": "geopdf_vector", "georef_max_residual_m": 0.0, "conduit_type": "pipe", "pipe_diameter_mm": 225, "diameter_source": "legend_colour", "diameter_candidates_mm": null, "label_diameter_mm": 225.0, "label_agrees": true, "scheme": null, "flow_arrow": "end" }, "geometry": { "type": "LineString", "coordinates": [ [ 88.378159647134083, 22.506912420380427 ], [ 88.378087250820641, 22.506644614691126 ] ] } },
{ "type": "Feature", "properties": { "ward": 105, "source_sheet": "105_garfa 1.pdf p1", "source": "KMC ward sewerage network map (ArcMap GeoPDF)", "extraction_method": "geopdf_vector", "georef_max_residual_m": 0.0, "conduit_type": "pipe", "pipe_diameter_mm": 300, "diameter_source": "legend_colour", "diameter_candidates_mm": null, "label_diameter_mm": 300.0, "label_agrees": true, "scheme": null, "flow_arrow": "end" }, "geometry": { "type": "LineString", "coordinates": [ [ 88.378087250820641, 22.506644614691126 ], [ 88.378044480646722, 22.506519711107966 ], [ 88.378016935566066, 22.50643459911592 ], [ 88.378001667663995, 22.506390678778352 ] ] } },
{ "type": "Feature", "properties": { "ward": 105, "source_sheet": "105_garfa 1.pdf p1", "source": "KMC ward sewerage network map (ArcMap GeoPDF)", "extraction_method": "geopdf_vector", "georef_max_residual_m": 0.0, "conduit_type": "pipe", "pipe_diameter_mm": 450, "diameter_source": "legend_colour", "diameter_candidates_mm": null, "label_diameter_mm": 450.0, "label_agrees": true, "scheme": null, "flow_arrow": "end" }, "geometry": { "type": "LineString", "coordinates": [ [ 88.380353261105526, 22.50704612790469 ], [ 88.380276472177812, 22.507068769365812 ], [ 88.380192306328439, 22.507094223043374 ], [ 88.380137676817597, 22.507111180166113 ] ] } },
{ "type": "Feature", "properties": { "ward": 105, "source_sheet": "105_garfa 1.pdf p1", "source": "KMC ward sewerage network map (ArcMap GeoPDF)", "extraction_method": "geopdf_vector", "georef_max_residual_m": 0.0, "conduit_type": "pipe", "pipe_diameter_mm": 225, "diameter_source": "legend_colour", "diameter_candidates_mm": null, "label_diameter_mm": 225.0, "label_agrees": true, "scheme": null, "flow_arrow": "end" }, "geometry": { "type": "LineString", "coordinates": [ [ 88.383365105896601, 22.508943175654135 ], [ 88.38334944907092, 22.508862097577765 ] ] } },
{ "type": "Feature", "properties": { "ward": 105, "source_sheet": "105_garfa 1.pdf p1", "source": "KMC ward sewerage network map (ArcMap GeoPDF)", "extraction_method": "geopdf_vector", "georef_max_residual_m": 0.0, "conduit_type": "pipe", "pipe_diameter_mm": 150, "diameter_source": "legend_colour", "diameter_candidates_mm": null, "label_diameter_mm": null, "label_agrees": null, "scheme": null, "flow_arrow": "end" }, "geometry": { "type": "LineString", "coordinates": [ [ 88.383282199589146, 22.507524828005149 ], [ 88.383233466183611, 22.507538985757161 ] ] } },
{ "type": "Feature", "properties": { "ward": 105, "source_sheet": "105_garfa 1.pdf p1", "source": "KMC ward sewerage network map (ArcMap GeoPDF)", "extraction_method": "geopdf_vector", "georef_max_residual_m": 0.0, "conduit_type": "pipe", "pipe_diameter_mm": 225, "diameter_source": "legend_colour", "diameter_candidates_mm": null, "label_diameter_mm": null, "label_agrees": null, "scheme": null, "flow_arrow": "end" }, "geometry": { "type": "LineString", "coordinates": [ [ 88.383233466183611, 22.507538985757161 ], [ 88.383195071895031, 22.507550307201782 ] ] } },
{ "type": "Feature", "properties": { "ward": 105, "source_sheet": "105_garfa 1.pdf p1", "source": "KMC ward sewerage network map (ArcMap GeoPDF)", "extraction_method": "geopdf_vector", "georef_max_residual_m": 0.0, "conduit_type": "pipe", "pipe_diameter_mm": 225, "diameter_source": "legend_colour", "diameter_candidates_mm": null, "label_diameter_mm": 225.0, "label_agrees": true, "scheme": null, "flow_arrow": "end" }, "geometry": { "type": "LineString", "coordinates": [ [ 88.380407457464031, 22.505561981889187 ], [ 88.380248214227151, 22.505632084809296 ], [ 88.380140680509058, 22.505689383129088 ] ] } },
{ "type": "Feature", "properties": { "ward": 105, "source_sheet": "105_garfa 1.pdf p1", "source": "KMC ward sewerage network map (ArcMap GeoPDF)", "extraction_method": "geopdf_vector", "georef_max_residual_m": 0.0, "conduit_type": "pipe", "pipe_diameter_mm": 225, "diameter_source": "legend_colour", "diameter_candidates_mm": null, "label_diameter_mm": 225.0, "label_agrees": true, "scheme": null, "flow_arrow": "end" }, "geometry": { "type": "LineString", "coordinates": [ [ 88.38071152505249, 22.505602194241789 ], [ 88.380702131505657, 22.505410956985681 ], [ 88.38069456231193, 22.505252737514709 ] ] } },
{ "type": "Feature", "properties": { "ward": 105, "source_sheet": "105_garfa 1.pdf p1", "source": "KMC ward sewerage network map (ArcMap GeoPDF)", "extraction_method": "geopdf_vector", "georef_max_residual_m": 0.0, "conduit_type": "pipe", "pipe_diameter_mm": 225, "diameter_source": "legend_colour", "diameter_candidates_mm": null, "label_diameter_mm": 225.0, "label_agrees": true, "scheme": null, "flow_arrow": "end" }, "geometry": { "type": "LineString", "coordinates": [ [ 88.379382378104097, 22.505411971995478 ], [ 88.379181292391593, 22.505446626204904 ], [ 88.379083783100924, 22.505470810460174 ], [ 88.379051999075699, 22.505548142563281 ], [ 88.378967662381129, 22.505557080714041 ], [ 88.378787168804195, 22.505577804832949 ], [ 88.378594826444186, 22.505598624257885 ], [ 88.378569676389674, 22.50560157969149 ] ] } },
{ "type": "Feature", "properties": { "ward": 105, "source_sheet": "105_garfa 1.pdf p1", "source": "KMC ward sewerage network map (ArcMap GeoPDF)", "extraction_method": "geopdf_vector", "georef_max_residual_m": 0.0, "conduit_type": "pipe", "pipe_diameter_mm": 300, "diameter_source": "legend_colour", "diameter_candidates_mm": null, "label_diameter_mm": 300.0, "label_agrees": true, "scheme": null, "flow_arrow": "end" }, "geometry": { "type": "LineString", "coordinates": [ [ 88.379382378104097, 22.505411971995478 ], [ 88.379436983541311, 22.505535403444508 ], [ 88.379452437553496, 22.505597214671234 ], [ 88.379487474529213, 22.505690524113646 ] ] } },
{ "type": "Feature", "properties": { "ward": 105, "source_sheet": "105_garfa 1.pdf p1", "source": "KMC ward sewerage network map (ArcMap GeoPDF)", "extraction_method": "geopdf_vector", "georef_max_residual_m": 0.0, "conduit_type": "pipe", "pipe_diameter_mm": 225, "diameter_source": "legend_colour", "diameter_candidates_mm": null, "label_diameter_mm": 225.0, "label_agrees": true, "scheme": null, "flow_arrow": "end" }, "geometry": { "type": "LineString", "coordinates": [ [ 88.379193374294786, 22.504755599171471 ], [ 88.379055919009645, 22.504784234636936 ] ] } },
{ "type": "Feature", "properties": { "ward": 105, "source_sheet": "105_garfa 1.pdf p1", "source": "KMC ward sewerage network map (ArcMap GeoPDF)", "extraction_method": "geopdf_vector", "georef_max_residual_m": 0.0, "conduit_type": "pipe", "pipe_diameter_mm": 225, "diameter_source": "legend_colour", "diameter_candidates_mm": null, "label_diameter_mm": 225.0, "label_agrees": true, "scheme": null, "flow_arrow": "end" }, "geometry": { "type": "LineString", "coordinates": [ [ 88.3787091591159, 22.504769137590273 ], [ 88.378736151494181, 22.504943716930967 ], [ 88.378557211116529, 22.50497131003252 ] ] } },
{ "type": "Feature", "properties": { "ward": 105, "source_sheet": "105_garfa 1.pdf p1", "source": "KMC ward sewerage network map (ArcMap GeoPDF)", "extraction_method": "geopdf_vector", "georef_max_residual_m": 0.0, "conduit_type": "pipe", "pipe_diameter_mm": 225, "diameter_source": "legend_colour", "diameter_candidates_mm": null, "label_diameter_mm": 225.0, "label_agrees": true, "scheme": null, "flow_arrow": "end" }, "geometry": { "type": "LineString", "coordinates": [ [ 88.379836799833384, 22.504954109721726 ], [ 88.37966103633913, 22.505002323721303 ] ] } },
{ "type": "Feature", "properties": { "ward": 105, "source_sheet": "105_garfa 1.pdf p1", "source": "KMC ward sewerage network map (ArcMap GeoPDF)", "extraction_method": "geopdf_vector", "georef_max_residual_m": 0.0, "conduit_type": "pipe", "pipe_diameter_mm": 225, "diameter_source": "legend_colour", "diameter_candidates_mm": null, "label_diameter_mm": 225.0, "label_agrees": true, "scheme": null, "flow_arrow": "end" }, "geometry": { "type": "LineString", "coordinates": [ [ 88.379252217321053, 22.503860494688571 ], [ 88.379487679880469, 22.503855843043002 ] ] } },
{ "type": "Feature", "properties": { "ward": 105, "source_sheet": "105_garfa 1.pdf p1", "source": "KMC ward sewerage network map (ArcMap GeoPDF)", "extraction_method": "geopdf_vector", "georef_max_residual_m": 0.0, "conduit_type": "pipe", "pipe_diameter_mm": 225, "diameter_source": "legend_colour", "diameter_candidates_mm": null, "label_diameter_mm": 225.0, "label_agrees": true, "scheme": null, "flow_arrow": "end" }, "geometry": { "type": "LineString", "coordinates": [ [ 88.379711450988353, 22.503866425247317 ], [ 88.379487679880469, 22.503855843043002 ] ] } },
{ "type": "Feature", "properties": { "ward": 105, "source_sheet": "105_garfa 1.pdf p1", "source": "KMC ward sewerage network map (ArcMap GeoPDF)", "extraction_method": "geopdf_vector", "georef_max_residual_m": 0.0, "conduit_type": "pipe", "pipe_diameter_mm": 375, "diameter_source": "legend_colour", "diameter_candidates_mm": null, "label_diameter_mm": 375.0, "label_agrees": true, "scheme": null, "flow_arrow": "end" }, "geometry": { "type": "LineString", "coordinates": [ [ 88.380221584137416, 22.503211294101703 ], [ 88.380223894423025, 22.503291103929076 ], [ 88.380226705093165, 22.503419082128122 ] ] } },
{ "type": "Feature", "properties": { "ward": 105, "source_sheet": "105_garfa 1.pdf p1", "source": "KMC ward sewerage network map (ArcMap GeoPDF)", "extraction_method": "geopdf_vector", "georef_max_residual_m": 0.0, "conduit_type": "pipe", "pipe_diameter_mm": 300, "diameter_source": "legend_colour", "diameter_candidates_mm": null, "label_diameter_mm": 300.0, "label_agrees": true, "scheme": null, "flow_arrow": "end" }, "geometry": { "type": "LineString", "coordinates": [ [ 88.380068982019139, 22.504063111975292 ], [ 88.380084753346694, 22.504583246347622 ] ] } },
{ "type": "Feature", "properties": { "ward": 105, "source_sheet": "105_garfa 1.pdf p1", "source": "KMC ward sewerage network map (ArcMap GeoPDF)", "extraction_method": "geopdf_vector", "georef_max_residual_m": 0.0, "conduit_type": "pipe", "pipe_diameter_mm": 100, "diameter_source": "legend_colour", "diameter_candidates_mm": null, "label_diameter_mm": 100.0, "label_agrees": true, "scheme": null, "flow_arrow": "end" }, "geometry": { "type": "LineString", "coordinates": [ [ 88.381549008157293, 22.505232073460114 ], [ 88.381584790533765, 22.505396946706384 ] ] } },
{ "type": "Feature", "properties": { "ward": 105, "source_sheet": "105_garfa 1.pdf p1", "source": "KMC ward sewerage network map (ArcMap GeoPDF)", "extraction_method": "geopdf_vector", "georef_max_residual_m": 0.0, "conduit_type": "pipe", "pipe_diameter_mm": 100, "diameter_source": "legend_colour", "diameter_candidates_mm": null, "label_diameter_mm": 100.0, "label_agrees": true, "scheme": null, "flow_arrow": "end" }, "geometry": { "type": "LineString", "coordinates": [ [ 88.383378228344782, 22.507500653103186 ], [ 88.383282199589146, 22.507524828005149 ] ] } },
{ "type": "Feature", "properties": { "ward": 105, "source_sheet": "105_garfa 1.pdf p1", "source": "KMC ward sewerage network map (ArcMap GeoPDF)", "extraction_method": "geopdf_vector", "georef_max_residual_m": 0.0, "conduit_type": "pipe", "pipe_diameter_mm": 300, "diameter_source": "legend_colour", "diameter_candidates_mm": null, "label_diameter_mm": 300.0, "label_agrees": true, "scheme": null, "flow_arrow": "end" }, "geometry": { "type": "LineString", "coordinates": [ [ 88.381907204068654, 22.503071058198351 ], [ 88.381878205063828, 22.502988711366008 ] ] } },
{ "type": "Feature", "properties": { "ward": 105, "source_sheet": "105_garfa 1.pdf p1", "source": "KMC ward sewerage network map (ArcMap GeoPDF)", "extraction_method": "geopdf_vector", "georef_max_residual_m": 0.0, "conduit_type": "pipe", "pipe_diameter_mm": 225, "diameter_source": "legend_colour", "diameter_candidates_mm": null, "label_diameter_mm": 225.0, "label_agrees": true, "scheme": null, "flow_arrow": "end" }, "geometry": { "type": "LineString", "coordinates": [ [ 88.383767827125823, 22.505512801521675 ], [ 88.383876200148038, 22.50567846303592 ], [ 88.383866291136385, 22.505722586507847 ] ] } },
{ "type": "Feature", "properties": { "ward": 105, "source_sheet": "105_garfa 1.pdf p1", "source": "KMC ward sewerage network map (ArcMap GeoPDF)", "extraction_method": "geopdf_vector", "georef_max_residual_m": 0.0, "conduit_type": "pipe", "pipe_diameter_mm": 150, "diameter_source": "legend_colour", "diameter_candidates_mm": null, "label_diameter_mm": 150.0, "label_agrees": true, "scheme": null, "flow_arrow": "end" }, "geometry": { "type": "LineString", "coordinates": [ [ 88.383487563014597, 22.504913603540658 ], [ 88.383624845319162, 22.504868449506386 ] ] } },
{ "type": "Feature", "properties": { "ward": 105, "source_sheet": "105_garfa 1.pdf p1", "source": "KMC ward sewerage network map (ArcMap GeoPDF)", "extraction_method": "geopdf_vector", "georef_max_residual_m": 0.0, "conduit_type": "pipe", "pipe_diameter_mm": 300, "diameter_source": "legend_colour", "diameter_candidates_mm": null, "label_diameter_mm": 300.0, "label_agrees": true, "scheme": null, "flow_arrow": "end" }, "geometry": { "type": "LineString", "coordinates": [ [ 88.383254248281432, 22.503986453296505 ], [ 88.383264008647771, 22.504070331863023 ], [ 88.383275264519469, 22.504155574629589 ], [ 88.383161622683517, 22.504195031708349 ] ] } },
{ "type": "Feature", "properties": { "ward": 105, "source_sheet": "105_garfa 1.pdf p1", "source": "KMC ward sewerage network map (ArcMap GeoPDF)", "extraction_method": "geopdf_vector", "georef_max_residual_m": 0.0, "conduit_type": "pipe", "pipe_diameter_mm": 225, "diameter_source": "legend_colour", "diameter_candidates_mm": null, "label_diameter_mm": 225.0, "label_agrees": true, "scheme": null, "flow_arrow": "end" }, "geometry": { "type": "LineString", "coordinates": [ [ 88.383674094184073, 22.504477167043913 ], [ 88.38379676585042, 22.504451400090826 ] ] } },
{ "type": "Feature", "properties": { "ward": 105, "source_sheet": "105_garfa 1.pdf p1", "source": "KMC ward sewerage network map (ArcMap GeoPDF)", "extraction_method": "geopdf_vector", "georef_max_residual_m": 0.0, "conduit_type": "pipe", "pipe_diameter_mm": 225, "diameter_source": "legend_colour", "diameter_candidates_mm": null, "label_diameter_mm": 225.0, "label_agrees": true, "scheme": null, "flow_arrow": "end" }, "geometry": { "type": "LineString", "coordinates": [ [ 88.383788968615491, 22.504556065915672 ], [ 88.383774965282143, 22.504491490665224 ], [ 88.383805939011012, 22.504478852867429 ], [ 88.383869525098959, 22.504468703854066 ], [ 88.383898683292344, 22.504566188822508 ], [ 88.383730198370543, 22.504601961133595 ] ] } },
{ "type": "Feature", "properties": { "ward": 105, "source_sheet": "105_garfa 1.pdf p1", "source": "KMC ward sewerage network map (ArcMap GeoPDF)", "extraction_method": "geopdf_vector", "georef_max_residual_m": 0.0, "conduit_type": "pipe", "pipe_diameter_mm": 300, "diameter_source": "legend_colour", "diameter_candidates_mm": null, "label_diameter_mm": 300.0, "label_agrees": true, "scheme": null, "flow_arrow": "end" }, "geometry": { "type": "LineString", "coordinates": [ [ 88.383597141195764, 22.50391486173698 ], [ 88.383643049444728, 22.504056254533914 ], [ 88.383718498371849, 22.504047385957797 ], [ 88.38379676585042, 22.504451400090826 ], [ 88.383805939011012, 22.504478852867429 ] ] } },
{ "type": "Feature", "properties": { "ward": 105, "source_sheet": "105_garfa 1.pdf p1", "source": "KMC ward sewerage network map (ArcMap GeoPDF)", "extraction_method": "geopdf_vector", "georef_max_residual_m": 0.0, "conduit_type": "pipe", "pipe_diameter_mm": 225, "diameter_source": "legend_colour", "diameter_candidates_mm": null, "label_diameter_mm": 225.0, "label_agrees": true, "scheme": null, "flow_arrow": "end" }, "geometry": { "type": "LineString", "coordinates": [ [ 88.383417112137323, 22.503126292069176 ], [ 88.383312826910384, 22.502926188222009 ], [ 88.38316188726553, 22.50293979623731 ], [ 88.38310564982838, 22.502944380143191 ], [ 88.383055336621311, 22.502948916118722 ], [ 88.383010947644678, 22.502953404112091 ], [ 88.382990227083226, 22.502954948035033 ] ] } },
{ "type": "Feature", "properties": { "ward": 105, "source_sheet": "105_garfa 1.pdf p1", "source": "KMC ward sewerage network map (ArcMap GeoPDF)", "extraction_method": "geopdf_vector", "georef_max_residual_m": 0.0, "conduit_type": "pipe", "pipe_diameter_mm": 225, "diameter_source": "legend_colour", "diameter_candidates_mm": null, "label_diameter_mm": 225.0, "label_agrees": true, "scheme": null, "flow_arrow": "end" }, "geometry": { "type": "LineString", "coordinates": [ [ 88.382784680170346, 22.502845125575536 ], [ 88.382855556357441, 22.502823907189534 ], [ 88.382997523577401, 22.502802113941129 ] ] } },
{ "type": "Feature", "properties": { "ward": 105, "source_sheet": "105_garfa 1.pdf p1", "source": "KMC ward sewerage network map (ArcMap GeoPDF)", "extraction_method": "geopdf_vector", "georef_max_residual_m": 0.0, "conduit_type": "pipe", "pipe_diameter_mm": 225, "diameter_source": "legend_colour", "diameter_candidates_mm": null, "label_diameter_mm": 225.0, "label_agrees": true, "scheme": null, "flow_arrow": "end" }, "geometry": { "type": "LineString", "coordinates": [ [ 88.383876672448494, 22.504017202552884 ], [ 88.383869959793955, 22.503941557511961 ], [ 88.383912724608919, 22.503923318851868 ], [ 88.384054692720895, 22.503901524568857 ], [ 88.384167082306689, 22.503884098656247 ] ] } },
{ "type": "Feature", "properties": { "ward": 105, "source_sheet": "105_garfa 1.pdf p1", "source": "KMC ward sewerage network map (ArcMap GeoPDF)", "extraction_method": "geopdf_vector", "georef_max_residual_m": 0.0, "conduit_type": "pipe", "pipe_diameter_mm": 225, "diameter_source": "legend_colour", "diameter_candidates_mm": null, "label_diameter_mm": 225.0, "label_agrees": true, "scheme": null, "flow_arrow": "end" }, "geometry": { "type": "LineString", "coordinates": [ [ 88.383912724608919, 22.503923318851868 ], [ 88.383904831904019, 22.503876586786216 ], [ 88.383889189904224, 22.50379688493976 ] ] } },
{ "type": "Feature", "properties": { "ward": 105, "source_sheet": "105_garfa 1.pdf p1", "source": "KMC ward sewerage network map (ArcMap GeoPDF)", "extraction_method": "geopdf_vector", "georef_max_residual_m": 0.0, "conduit_type": "pipe", "pipe_diameter_mm": 225, "diameter_source": "legend_colour", "diameter_candidates_mm": null, "label_diameter_mm": 225.0, "label_agrees": true, "scheme": null, "flow_arrow": "end" }, "geometry": { "type": "LineString", "coordinates": [ [ 88.383844776815778, 22.50365685647256 ], [ 88.383889189904224, 22.50379688493976 ] ] } },
{ "type": "Feature", "properties": { "ward": 105, "source_sheet": "105_garfa 1.pdf p1", "source": "KMC ward sewerage network map (ArcMap GeoPDF)", "extraction_method": "geopdf_vector", "georef_max_residual_m": 0.0, "conduit_type": "pipe", "pipe_diameter_mm": 300, "diameter_source": "legend_colour", "diameter_candidates_mm": null, "label_diameter_mm": 300.0, "label_agrees": true, "scheme": null, "flow_arrow": "end" }, "geometry": { "type": "LineString", "coordinates": [ [ 88.383889189904224, 22.50379688493976 ], [ 88.384048801684784, 22.503762560732177 ], [ 88.384143375293476, 22.503741149968224 ] ] } },
{ "type": "Feature", "properties": { "ward": 105, "source_sheet": "105_garfa 1.pdf p1", "source": "KMC ward sewerage network map (ArcMap GeoPDF)", "extraction_method": "geopdf_vector", "georef_max_residual_m": 0.0, "conduit_type": "pipe", "pipe_diameter_mm": 375, "diameter_source": "legend_colour", "diameter_candidates_mm": null, "label_diameter_mm": 375.0, "label_agrees": true, "scheme": null, "flow_arrow": "end" }, "geometry": { "type": "LineString", "coordinates": [ [ 88.384212656990897, 22.504135602167743 ], [ 88.38418751184291, 22.503996794146609 ], [ 88.384168721038407, 22.50389922525175 ], [ 88.384167082306689, 22.503884098656247 ], [ 88.384143375293476, 22.503741149968224 ] ] } },
{ "type": "Feature", "properties": { "ward": 105, "source_sheet": "105_garfa 1.pdf p1", "source": "KMC ward sewerage network map (ArcMap GeoPDF)", "extraction_method": "geopdf_vector", "georef_max_residual_m": 0.0, "conduit_type": "pipe", "pipe_diameter_mm": 400, "diameter_source": "legend_colour", "diameter_candidates_mm": null, "label_diameter_mm": 400.0, "label_agrees": true, "scheme": null, "flow_arrow": "end" }, "geometry": { "type": "LineString", "coordinates": [ [ 88.384143375293476, 22.503741149968224 ], [ 88.384292490469477, 22.503694523338464 ], [ 88.384311687008122, 22.503688862513076 ], [ 88.384350065866229, 22.503676164614649 ] ] } },
{ "type": "Feature", "properties": { "ward": 105, "source_sheet": "105_garfa 1.pdf p1", "source": "KMC ward sewerage network map (ArcMap GeoPDF)", "extraction_method": "geopdf_vector", "georef_max_residual_m": 0.0, "conduit_type": "pipe", "pipe_diameter_mm": 300, "diameter_source": "legend_colour", "diameter_candidates_mm": null, "label_diameter_mm": 300.0, "label_agrees": true, "scheme": null, "flow_arrow": "end" }, "geometry": { "type": "LineString", "coordinates": [ [ 88.384252035168075, 22.504361005049269 ], [ 88.384212656990897, 22.504135602167743 ] ] } },
{ "type": "Feature", "properties": { "ward": 105, "source_sheet": "105_garfa 1.pdf p1", "source": "KMC ward sewerage network map (ArcMap GeoPDF)", "extraction_method": "geopdf_vector", "georef_max_residual_m": 0.0, "conduit_type": "pipe", "pipe_diameter_mm": 225, "diameter_source": "legend_colour", "diameter_candidates_mm": null, "label_diameter_mm": 225.0, "label_agrees": true, "scheme": null, "flow_arrow": "end" }, "geometry": { "type": "LineString", "coordinates": [ [ 88.384097247727794, 22.504147547137173 ], [ 88.384212656990897, 22.504135602167743 ] ] } },
{ "type": "Feature", "properties": { "ward": 105, "source_sheet": "105_garfa 1.pdf p1", "source": "KMC ward sewerage network map (ArcMap GeoPDF)", "extraction_method": "geopdf_vector", "georef_max_residual_m": 0.0, "conduit_type": "pipe", "pipe_diameter_mm": 225, "diameter_source": "legend_colour", "diameter_candidates_mm": null, "label_diameter_mm": 225.0, "label_agrees": true, "scheme": null, "flow_arrow": "end" }, "geometry": { "type": "LineString", "coordinates": [ [ 88.384319260119867, 22.503847081641144 ], [ 88.384167082306689, 22.503884098656247 ] ] } },
{ "type": "Feature", "properties": { "ward": 105, "source_sheet": "105_garfa 1.pdf p1", "source": "KMC ward sewerage network map (ArcMap GeoPDF)", "extraction_method": "geopdf_vector", "georef_max_residual_m": 0.0, "conduit_type": "pipe", "pipe_diameter_mm": 225, "diameter_source": "legend_colour", "diameter_candidates_mm": null, "label_diameter_mm": 225.0, "label_agrees": true, "scheme": null, "flow_arrow": "end" }, "geometry": { "type": "LineString", "coordinates": [ [ 88.380609115543862, 22.502303902075901 ], [ 88.38047755863299, 22.502329738264869 ], [ 88.380357764379241, 22.502347221329355 ], [ 88.380193681294244, 22.502378825274132 ] ] } },
{ "type": "Feature", "properties": { "ward": 105, "source_sheet": "105_garfa 1.pdf p1", "source": "KMC ward sewerage network map (ArcMap GeoPDF)", "extraction_method": "geopdf_vector", "georef_max_residual_m": 0.0, "conduit_type": "pipe", "pipe_diameter_mm": 225, "diameter_source": "legend_colour", "diameter_candidates_mm": null, "label_diameter_mm": 225.0, "label_agrees": true, "scheme": null, "flow_arrow": "end" }, "geometry": { "type": "LineString", "coordinates": [ [ 88.380449855788598, 22.502229488068316 ], [ 88.38047755863299, 22.502329738264869 ] ] } },
{ "type": "Feature", "properties": { "ward": 105, "source_sheet": "105_garfa 1.pdf p1", "source": "KMC ward sewerage network map (ArcMap GeoPDF)", "extraction_method": "geopdf_vector", "georef_max_residual_m": 0.0, "conduit_type": "pipe", "pipe_diameter_mm": 225, "diameter_source": "legend_colour", "diameter_candidates_mm": null, "label_diameter_mm": 225.0, "label_agrees": true, "scheme": null, "flow_arrow": "end" }, "geometry": { "type": "LineString", "coordinates": [ [ 88.380449855788598, 22.502229488068316 ], [ 88.380432863586947, 22.502162183841019 ] ] } },
{ "type": "Feature", "properties": { "ward": 105, "source_sheet": "105_garfa 1.pdf p1", "source": "KMC ward sewerage network map (ArcMap GeoPDF)", "extraction_method": "geopdf_vector", "georef_max_residual_m": 0.0, "conduit_type": "pipe", "pipe_diameter_mm": 225, "diameter_source": "legend_colour", "diameter_candidates_mm": null, "label_diameter_mm": 225.0, "label_agrees": true, "scheme": null, "flow_arrow": "end" }, "geometry": { "type": "LineString", "coordinates": [ [ 88.382014804192451, 22.502165924832696 ], [ 88.381884814694558, 22.502200007691663 ], [ 88.381906422531415, 22.502283790614985 ], [ 88.381928044709795, 22.502368949774937 ], [ 88.381935750575252, 22.50239779095676 ] ] } },
{ "type": "Feature", "properties": { "ward": 105, "source_sheet": "105_garfa 1.pdf p1", "source": "KMC ward sewerage network map (ArcMap GeoPDF)", "extraction_method": "geopdf_vector", "georef_max_residual_m": 0.0, "conduit_type": "pipe", "pipe_diameter_mm": 225, "diameter_source": "legend_colour", "diameter_candidates_mm": null, "label_diameter_mm": 225.0, "label_agrees": true, "scheme": null, "flow_arrow": "end" }, "geometry": { "type": "LineString", "coordinates": [ [ 88.382737667648726, 22.501316377792442 ], [ 88.38273547884414, 22.501390718545085 ], [ 88.382671822445445, 22.501393985898112 ], [ 88.382646916695521, 22.501420337974146 ], [ 88.382647718568833, 22.501497407206184 ] ] } },
{ "type": "Feature", "properties": { "ward": 105, "source_sheet": "105_garfa 1.pdf p1", "source": "KMC ward sewerage network map (ArcMap GeoPDF)", "extraction_method": "geopdf_vector", "georef_max_residual_m": 0.0, "conduit_type": "pipe", "pipe_diameter_mm": 225, "diameter_source": "legend_colour", "diameter_candidates_mm": null, "label_diameter_mm": 225.0, "label_agrees": true, "scheme": null, "flow_arrow": "end" }, "geometry": { "type": "LineString", "coordinates": [ [ 88.383396207450289, 22.500406788562145 ], [ 88.383511613716522, 22.500394844242948 ] ] } },
{ "type": "Feature", "properties": { "ward": 105, "source_sheet": "105_garfa 1.pdf p1", "source": "KMC ward sewerage network map (ArcMap GeoPDF)", "extraction_method": "geopdf_vector", "georef_max_residual_m": 0.0, "conduit_type": "pipe", "pipe_diameter_mm": 300, "diameter_source": "legend_colour", "diameter_candidates_mm": null, "label_diameter_mm": 300.0, "label_agrees": true, "scheme": null, "flow_arrow": "end" }, "geometry": { "type": "LineString", "coordinates": [ [ 88.38329780884672, 22.500487412922666 ], [ 88.38322835761322, 22.500503114503296 ], [ 88.38305694391947, 22.500541662269836 ], [ 88.382922455804504, 22.500570276847988 ], [ 88.382770252438519, 22.500604539913066 ], [ 88.382686019370908, 22.50062311348675 ], [ 88.382585537699285, 22.500645947438478 ], [ 88.382504266646123, 22.500664496975055 ] ] } },
{ "type": "Feature", "properties": { "ward": 105, "source_sheet": "105_garfa 1.pdf p1", "source": "KMC ward sewerage network map (ArcMap GeoPDF)", "extraction_method": "geopdf_vector", "georef_max_residual_m": 0.0, "conduit_type": "pipe", "pipe_diameter_mm": 600, "diameter_source": "legend_colour", "diameter_candidates_mm": null, "label_diameter_mm": 600.0, "label_agrees": true, "scheme": null, "flow_arrow": "end" }, "geometry": { "type": "LineString", "coordinates": [ [ 88.379913308507355, 22.50832693411056 ], [ 88.379911075345518, 22.508397146118455 ], [ 88.379907389750358, 22.508470122560471 ], [ 88.379903689794943, 22.508541722760654 ], [ 88.379901456693418, 22.508611934823854 ], [ 88.379946076311285, 22.508629467349063 ], [ 88.379986224011191, 22.508644283235373 ] ] } },
{ "type": "Feature", "properties": { "ward": 105, "source_sheet": "105_garfa 1.pdf p1", "source": "KMC ward sewerage network map (ArcMap GeoPDF)", "extraction_method": "geopdf_vector", "georef_max_residual_m": 0.0, "conduit_type": "pipe", "pipe_diameter_mm": 700, "diameter_source": "legend_colour", "diameter_candidates_mm": null, "label_diameter_mm": null, "label_agrees": null, "scheme": null, "flow_arrow": "none" }, "geometry": { "type": "LineString", "coordinates": [ [ 88.38022899462004, 22.507488940202016 ], [ 88.380227427684744, 22.507480694763025 ] ] } },
{ "type": "Feature", "properties": { "ward": 105, "source_sheet": "105_garfa 1.pdf p1", "source": "KMC ward sewerage network map (ArcMap GeoPDF)", "extraction_method": "geopdf_vector", "georef_max_residual_m": 0.0, "conduit_type": "pipe", "pipe_diameter_mm": 700, "diameter_source": "legend_colour", "diameter_candidates_mm": null, "label_diameter_mm": 700.0, "label_agrees": true, "scheme": null, "flow_arrow": "end" }, "geometry": { "type": "LineString", "coordinates": [ [ 88.380644969060825, 22.508319652030295 ], [ 88.380748504597932, 22.508305052545868 ], [ 88.380828356481771, 22.508292020601505 ], [ 88.380903793579691, 22.508281776926207 ], [ 88.380988088812103, 22.508268709021245 ], [ 88.3810797895771, 22.508255581203905 ], [ 88.381202536680107, 22.50823669719551 ], [ 88.381326779201984, 22.508219177371281 ], [ 88.38146282767616, 22.50819743300298 ], [ 88.381552989998156, 22.508178811979985 ], [ 88.381646100209565, 22.508158790731692 ], [ 88.381749563972562, 22.508137309410028 ], [ 88.381850065409793, 22.508115852020161 ], [ 88.381945908687328, 22.508073786869982 ], [ 88.382041737586562, 22.508030345424825 ], [ 88.382137580803715, 22.507988280165499 ], [ 88.382236357484928, 22.507943438482833 ], [ 88.382284125587105, 22.507978837480458 ], [ 88.382330398248797, 22.508012872196108 ], [ 88.382341109765832, 22.50804581803542 ] ] } }
]
}
