{
"type": "FeatureCollection",
"name": "ward109_p1_water_bodies",
"crs": { "type": "name", "properties": { "name": "urn:ogc:def:crs:OGC:1.3:CRS84" } },
"features": [
{ "type": "Feature", "properties": { "ward": 109, "source_sheet": "109_Haltu.pdf p1", "source": "KMC ward sewerage network map (ArcMap GeoPDF)", "extraction_method": "geopdf_raster_polygonised", "georef_max_residual_m": 0.3 }, "geometry": { "type": "Polygon", "coordinates": [ [ [ 88.400133575470846, 22.502557781990433 ], [ 88.40013644017931, 22.50247516079537 ], [ 88.400116386271222, 22.502323906597429 ], [ 88.400085187593461, 22.502169306873029 ], [ 88.400084803257883, 22.502131453444544 ], [ 88.400069396119221, 22.502073080291638 ], [ 88.400058111549868, 22.502055969886925 ], [ 88.400046966737264, 22.50205262436473 ], [ 88.400086759883806, 22.502324161805809 ], [ 88.4001097833074, 22.502403118474845 ], [ 88.400110517062373, 22.502475384107665 ], [ 88.400133575470846, 22.502557781990433 ] ] ] } },
{ "type": "Feature", "properties": { "ward": 109, "source_sheet": "109_Haltu.pdf p1", "source": "KMC ward sewerage network map (ArcMap GeoPDF)", "extraction_method": "geopdf_raster_polygonised", "georef_max_residual_m": 0.3 }, "geometry": { "type": "Polygon", "coordinates": [ [ [ 88.399741026329622, 22.501831560442827 ], [ 88.399818795331768, 22.501830890690076 ], [ 88.399892721308206, 22.501816487910666 ], [ 88.399933177963504, 22.501788607285192 ], [ 88.399962419943705, 22.501750498678593 ], [ 88.399961441741695, 22.501654144486558 ], [ 88.399882135763818, 22.501503400565351 ], [ 88.399866239733043, 22.501396850281093 ], [ 88.399836089558192, 22.501345487111394 ], [ 88.399817573194127, 22.501345646578439 ], [ 88.399784418392386, 22.501363139721541 ], [ 88.39975853040896, 22.501366804188258 ], [ 88.399740223619901, 22.501387610976199 ], [ 88.399659065938764, 22.501419283563553 ], [ 88.399633387503656, 22.501443595341261 ], [ 88.399607569353151, 22.50145414222818 ], [ 88.399596773862129, 22.501485208889388 ], [ 88.399601315376302, 22.501567766323088 ], [ 88.399594362862572, 22.501612565982523 ], [ 88.399628670353735, 22.501708633189562 ], [ 88.399633211901914, 22.50179119061881 ], [ 88.399663117610089, 22.501818465271924 ], [ 88.399741026329622, 22.501831560442827 ] ] ] } },
{ "type": "Feature", "properties": { "ward": 109, "source_sheet": "109_Haltu.pdf p1", "source": "KMC ward sewerage network map (ArcMap GeoPDF)", "extraction_method": "geopdf_raster_polygonised", "georef_max_residual_m": 0.3 }, "geometry": { "type": "Polygon", "coordinates": [ [ [ 88.396452128819902, 22.498896696214327 ], [ 88.396596519272819, 22.498892014233213 ], [ 88.396666671214547, 22.498870762353395 ], [ 88.39671816767418, 22.49883590462948 ], [ 88.396721452676672, 22.498794578084993 ], [ 88.396743427977199, 22.498770298581935 ], [ 88.396742696104241, 22.498698032811589 ], [ 88.396723692160819, 22.498650014724301 ], [ 88.396692010390012, 22.498447236857757 ], [ 88.396677023342676, 22.498430157989954 ], [ 88.396595518089839, 22.498427416717636 ], [ 88.396554852578532, 22.498434649134865 ], [ 88.396451406865424, 22.498459628495315 ], [ 88.396381289930702, 22.498484321501365 ], [ 88.396377656411858, 22.498491235767286 ], [ 88.396406052646682, 22.498735340260577 ], [ 88.396425509459633, 22.498828094348596 ], [ 88.396452128819902, 22.498896696214327 ] ] ] } },
{ "type": "Feature", "properties": { "ward": 109, "source_sheet": "109_Haltu.pdf p1", "source": "KMC ward sewerage network map (ArcMap GeoPDF)", "extraction_method": "geopdf_raster_polygonised", "georef_max_residual_m": 0.3 }, "geometry": { "type": "Polygon", "coordinates": [ [ [ 88.400954213116947, 22.498028551165095 ], [ 88.400987541761253, 22.498028263928138 ], [ 88.401009655990919, 22.498017748769513 ], [ 88.401053569832015, 22.497965747453545 ], [ 88.401011506541863, 22.497835332129579 ], [ 88.40098911270394, 22.497818317516991 ], [ 88.400926158692627, 22.497818860065678 ], [ 88.40089663813167, 22.497829439038455 ], [ 88.400874384114687, 22.497826189294926 ], [ 88.400859431599386, 22.497812552059248 ], [ 88.400851815538346, 22.497791968554836 ], [ 88.400833194803354, 22.497781804449989 ], [ 88.400807272568727, 22.497782027829945 ], [ 88.4008038489917, 22.497809589513569 ], [ 88.400826487460918, 22.497850692703775 ], [ 88.400852689318128, 22.49787799909182 ], [ 88.400886891732398, 22.497963742412512 ], [ 88.400917006523741, 22.498011664202654 ], [ 88.400928220930879, 22.498021892124278 ], [ 88.400954213116947, 22.498028551165095 ] ] ] } },
{ "type": "Feature", "properties": { "ward": 109, "source_sheet": "109_Haltu.pdf p1", "source": "KMC ward sewerage network map (ArcMap GeoPDF)", "extraction_method": "geopdf_raster_polygonised", "georef_max_residual_m": 0.3 }, "geometry": { "type": "Polygon", "coordinates": [ [ [ 88.408124018966504, 22.498011340377779 ], [ 88.408518184895257, 22.497804875980457 ], [ 88.408476641870564, 22.497726081112422 ], [ 88.40835261040553, 22.497548197003589 ], [ 88.408348731566875, 22.497531023035261 ], [ 88.407954144594328, 22.4976961924657 ], [ 88.408124018966504, 22.498011340377779 ] ] ] } },
{ "type": "Feature", "properties": { "ward": 109, "source_sheet": "109_Haltu.pdf p1", "source": "KMC ward sewerage network map (ArcMap GeoPDF)", "extraction_method": "geopdf_raster_polygonised", "georef_max_residual_m": 0.3 }, "geometry": { "type": "Polygon", "coordinates": [ [ [ 88.397802862772821, 22.496599913841024 ], [ 88.397858375142533, 22.496595994997779 ], [ 88.397979951268866, 22.496533002100879 ], [ 88.398001926005406, 22.496508722448837 ], [ 88.398001402829735, 22.496457104054855 ], [ 88.397921788330962, 22.496275387777185 ], [ 88.397832180598641, 22.496203886220393 ], [ 88.397776389404967, 22.496180275233112 ], [ 88.397720807454704, 22.496177311586369 ], [ 88.397687618687584, 22.496191363032594 ], [ 88.39766952142881, 22.496232816940399 ], [ 88.397754338229362, 22.496562474267666 ], [ 88.397765622039117, 22.496579584882209 ], [ 88.397787910680833, 22.496586276296153 ], [ 88.397802862772821, 22.496599913841024 ] ] ] } },
{ "type": "Feature", "properties": { "ward": 109, "source_sheet": "109_Haltu.pdf p1", "source": "KMC ward sewerage network map (ArcMap GeoPDF)", "extraction_method": "geopdf_raster_polygonised", "georef_max_residual_m": 0.3 }, "geometry": { "type": "Polygon", "coordinates": [ [ [ 88.397138203036036, 22.495697064168702 ], [ 88.397223374948922, 22.495696332194399 ], [ 88.397241786006987, 22.495685849380433 ], [ 88.397252755951797, 22.495671988990125 ], [ 88.397252372509001, 22.495634135485169 ], [ 88.397241053985766, 22.495613583597862 ], [ 88.39711850232861, 22.495580221538098 ], [ 88.396936735607611, 22.495550809727639 ], [ 88.39679559875988, 22.495510724053098 ], [ 88.396717484740606, 22.495476979881758 ], [ 88.396672629156583, 22.495436066900027 ], [ 88.396646602783605, 22.495425965902392 ], [ 88.396409498559933, 22.495417678030091 ], [ 88.396316711537565, 22.495397825800016 ], [ 88.396301899057264, 22.495397953018177 ], [ 88.396283627295148, 22.495422200643752 ], [ 88.396272831437344, 22.495453267118652 ], [ 88.396277300907613, 22.495528942357897 ], [ 88.396566597465636, 22.495571197362704 ], [ 88.396726319637793, 22.495618006623889 ], [ 88.396882059988627, 22.495637317712912 ], [ 88.397023196987448, 22.495677403303286 ], [ 88.397138203036036, 22.495697064168702 ] ] ] } },
{ "type": "Feature", "properties": { "ward": 109, "source_sheet": "109_Haltu.pdf p1", "source": "KMC ward sewerage network map (ArcMap GeoPDF)", "extraction_method": "geopdf_raster_polygonised", "georef_max_residual_m": 0.3 }, "geometry": { "type": "Polygon", "coordinates": [ [ [ 88.400748958071503, 22.495686642686529 ], [ 88.400834129846444, 22.495685908804216 ], [ 88.400955878471137, 22.495640119874743 ], [ 88.401132719371205, 22.495549116245471 ], [ 88.401217576441368, 22.49551741116731 ], [ 88.401298940105505, 22.495506385296554 ], [ 88.40138753518157, 22.495478089434325 ], [ 88.401472531993136, 22.495460149113136 ], [ 88.401538838395169, 22.495425162265658 ], [ 88.401556969348519, 22.495387149204653 ], [ 88.401597353920323, 22.495352385808985 ], [ 88.401708202455211, 22.495327339442014 ], [ 88.401763084680965, 22.495261477301757 ], [ 88.401770001324294, 22.495213236344991 ], [ 88.401799101624931, 22.495161362585964 ], [ 88.401805738492016, 22.495085591858071 ], [ 88.401786873280926, 22.495051339296324 ], [ 88.401749702384407, 22.495037893706083 ], [ 88.401686749651589, 22.495038436487931 ], [ 88.40159424202929, 22.495046117095026 ], [ 88.401516686655853, 22.495067434841985 ], [ 88.401387078045687, 22.495068552121225 ], [ 88.401249748613864, 22.49503876213301 ], [ 88.4010940784854, 22.49502633770707 ], [ 88.40099014696132, 22.495003142707983 ], [ 88.400897569405345, 22.495003940470568 ], [ 88.400864311377461, 22.495011110097419 ], [ 88.400783472124047, 22.495073754077833 ], [ 88.400691104167876, 22.495095199061428 ], [ 88.400647051262467, 22.495133435365521 ], [ 88.40059548729738, 22.495161411795255 ], [ 88.400525268017475, 22.495175782823832 ], [ 88.40044372977809, 22.495169602181399 ], [ 88.400376899168563, 22.495152970237253 ], [ 88.400262172708821, 22.495160841471378 ], [ 88.400180634482055, 22.495154660694713 ], [ 88.400117472083579, 22.495134555524036 ], [ 88.400039811613809, 22.495145548902293 ], [ 88.400017837450761, 22.495169828807278 ], [ 88.400003234572068, 22.495190603707591 ], [ 88.400003444126213, 22.495211251050744 ], [ 88.40000732186455, 22.495228425280743 ], [ 88.400029715154687, 22.495245440062508 ], [ 88.40010024888673, 22.495262040258947 ], [ 88.400159743160913, 22.495285618549744 ], [ 88.400182311129583, 22.495319839426518 ], [ 88.400227027923023, 22.495346986486975 ], [ 88.400293683947197, 22.495346412372268 ], [ 88.400390384093654, 22.495386877725409 ], [ 88.400450123025152, 22.495434544465184 ], [ 88.400505949250075, 22.495461595743581 ], [ 88.400532150569632, 22.495488902217748 ], [ 88.400558631419386, 22.495543738470229 ], [ 88.400625846595716, 22.49559822377806 ], [ 88.400704066352674, 22.495642289669682 ], [ 88.400719228272834, 22.495676574271616 ], [ 88.400748958071503, 22.495686642686529 ] ] ] } },
{ "type": "Feature", "properties": { "ward": 109, "source_sheet": "109_Haltu.pdf p1", "source": "KMC ward sewerage network map (ArcMap GeoPDF)", "extraction_method": "geopdf_raster_polygonised", "georef_max_residual_m": 0.3 }, "geometry": { "type": "Polygon", "coordinates": [ [ [ 88.39563168147869, 22.495042347246404 ], [ 88.3956761188184, 22.495041965778391 ], [ 88.395683142037498, 22.495004048665848 ], [ 88.395712627644997, 22.494990029425072 ], [ 88.395820122302538, 22.494999431161531 ], [ 88.395819843727608, 22.494971901320582 ], [ 88.395748753425011, 22.49490023953177 ], [ 88.39574106865156, 22.494872773271361 ], [ 88.395526253620062, 22.494871175762682 ], [ 88.395538755534673, 22.495008729626928 ], [ 88.395627630195165, 22.495007966730991 ], [ 88.39563168147869, 22.495042347246404 ] ] ] } },
{ "type": "Feature", "properties": { "ward": 109, "source_sheet": "109_Haltu.pdf p1", "source": "KMC ward sewerage network map (ArcMap GeoPDF)", "extraction_method": "geopdf_raster_polygonised", "georef_max_residual_m": 0.3 }, "geometry": { "type": "Polygon", "coordinates": [ [ [ 88.406332239069883, 22.495538635087161 ], [ 88.406447000326381, 22.495534200745698 ], [ 88.406495000377632, 22.495520019392277 ], [ 88.40653175074759, 22.495492169287921 ], [ 88.406553688680376, 22.495464447336644 ], [ 88.406578908645244, 22.49539539877382 ], [ 88.406574082711572, 22.49528531196405 ], [ 88.406617397062391, 22.495174808625116 ], [ 88.406657780235719, 22.495140044027579 ], [ 88.406701691028772, 22.495088041307966 ], [ 88.40675318343888, 22.495053180559506 ], [ 88.406778683983489, 22.495011661682224 ], [ 88.40680016558116, 22.494939203921451 ], [ 88.406799814648252, 22.494904791782307 ], [ 88.406784335523312, 22.494839536896134 ], [ 88.406742969897934, 22.494777947527478 ], [ 88.406698252129189, 22.494750802329701 ], [ 88.406509464887392, 22.49475931880961 ], [ 88.406431980732592, 22.4947875213063 ], [ 88.40638017258587, 22.494791411021009 ], [ 88.406339403536307, 22.494788322187659 ], [ 88.40631323635354, 22.494764457922027 ], [ 88.406283471333637, 22.494750949328768 ], [ 88.406224116704038, 22.494741138199032 ], [ 88.406064883962657, 22.494742515473966 ], [ 88.406031626325969, 22.49474968615117 ], [ 88.405972657507206, 22.494777728295031 ], [ 88.405910301214604, 22.49483677338031 ], [ 88.405884905643376, 22.494888615778475 ], [ 88.405867021450348, 22.494950717772227 ], [ 88.405856753853072, 22.495033403009352 ], [ 88.40586838919593, 22.495084925167237 ], [ 88.405883482149605, 22.49511232679307 ], [ 88.405920793697248, 22.495139536268319 ], [ 88.406010053861792, 22.495176621007491 ], [ 88.406062353225977, 22.49522090841263 ], [ 88.406096137118283, 22.49526535594616 ], [ 88.406138519878141, 22.495426740710933 ], [ 88.406190959696261, 22.495484792924447 ], [ 88.406235747779547, 22.495518820682651 ], [ 88.406276622287621, 22.495532233174426 ], [ 88.406332239069883, 22.495538635087161 ] ] ] } },
{ "type": "Feature", "properties": { "ward": 109, "source_sheet": "109_Haltu.pdf p1", "source": "KMC ward sewerage network map (ArcMap GeoPDF)", "extraction_method": "geopdf_raster_polygonised", "georef_max_residual_m": 0.3 }, "geometry": { "type": "Polygon", "coordinates": [ [ [ 88.408707445729135, 22.494578536272527 ], [ 88.408725961121959, 22.494578375829871 ], [ 88.408759113122912, 22.494560880971957 ], [ 88.408799495559919, 22.494526115871444 ], [ 88.408862447868572, 22.494525570322988 ], [ 88.408880857820918, 22.494515086229899 ], [ 88.408903076280481, 22.494514893675067 ], [ 88.40891408007559, 22.494504473763648 ], [ 88.408913869206614, 22.494483826497905 ], [ 88.4088988811815, 22.494466748814013 ], [ 88.408894615797948, 22.494411721530394 ], [ 88.408875608416793, 22.494363705036463 ], [ 88.408823554545691, 22.494343507047684 ], [ 88.408805039184898, 22.494343667499962 ], [ 88.408793824543565, 22.494333440136696 ], [ 88.408767903039973, 22.494333664764405 ], [ 88.408753196173805, 22.494344116755006 ], [ 88.408727239527821, 22.494340900164985 ], [ 88.408661076163597, 22.494389654702754 ], [ 88.408654232228614, 22.4944447782586 ], [ 88.408669922998314, 22.49453068019335 ], [ 88.408685016421757, 22.494558081533317 ], [ 88.408707445729135, 22.494578536272527 ] ] ] } },
{ "type": "Feature", "properties": { "ward": 109, "source_sheet": "109_Haltu.pdf p1", "source": "KMC ward sewerage network map (ArcMap GeoPDF)", "extraction_method": "geopdf_raster_polygonised", "georef_max_residual_m": 0.3 }, "geometry": { "type": "Polygon", "coordinates": [ [ [ 88.390708496112694, 22.494544213047231 ], [ 88.390793424675792, 22.494519395842858 ], [ 88.39079335528227, 22.494512513367447 ], [ 88.390733654559725, 22.494468284090704 ], [ 88.390718807448295, 22.494464969552872 ], [ 88.390670944644214, 22.494492911221638 ], [ 88.390708496112694, 22.494544213047231 ] ] ] } },
{ "type": "Feature", "properties": { "ward": 109, "source_sheet": "109_Haltu.pdf p1", "source": "KMC ward sewerage network map (ArcMap GeoPDF)", "extraction_method": "geopdf_raster_polygonised", "georef_max_residual_m": 0.3 }, "geometry": { "type": "Polygon", "coordinates": [ [ [ 88.413958474888105, 22.494539831942483 ], [ 88.414209860265089, 22.494496347102356 ], [ 88.414220687259515, 22.494468720833563 ], [ 88.414223931737524, 22.494423952978764 ], [ 88.414256800729717, 22.494378927402014 ], [ 88.414249006559047, 22.494341138599189 ], [ 88.414248018819833, 22.4942447849124 ], [ 88.414240436317613, 22.494227643326898 ], [ 88.414192296531866, 22.494228062114395 ], [ 88.414136962265076, 22.494249192532607 ], [ 88.414092596075889, 22.494256461484717 ], [ 88.414073939680748, 22.494242857728228 ], [ 88.41405538910378, 22.494239577579606 ], [ 88.414018499575832, 22.494253664496604 ], [ 88.413963341615769, 22.494292000874591 ], [ 88.413904163149809, 22.494299398610064 ], [ 88.413863711593436, 22.494327282515055 ], [ 88.413863993729208, 22.494354812144277 ], [ 88.413912450979609, 22.49438536428471 ], [ 88.413935127865159, 22.494429906682988 ], [ 88.413958474888105, 22.494539831942483 ] ] ] } },
{ "type": "Feature", "properties": { "ward": 109, "source_sheet": "109_Haltu.pdf p1", "source": "KMC ward sewerage network map (ArcMap GeoPDF)", "extraction_method": "geopdf_raster_polygonised", "georef_max_residual_m": 0.3 }, "geometry": { "type": "Polygon", "coordinates": [ [ [ 88.393090009057204, 22.494565123449281 ], [ 88.393297174262003, 22.494542699062929 ], [ 88.39322952936898, 22.494078671912686 ], [ 88.393026137428237, 22.494107946920717 ], [ 88.393090009057204, 22.494565123449281 ] ] ] } },
{ "type": "Feature", "properties": { "ward": 109, "source_sheet": "109_Haltu.pdf p1", "source": "KMC ward sewerage network map (ArcMap GeoPDF)", "extraction_method": "geopdf_raster_polygonised", "georef_max_residual_m": 0.3 }, "geometry": { "type": "Polygon", "coordinates": [ [ [ 88.405787208456289, 22.494386998880994 ], [ 88.405990772526494, 22.494374913953639 ], [ 88.406049846396542, 22.494357195456526 ], [ 88.40606448333358, 22.494339861271779 ], [ 88.406075276893773, 22.494308794252401 ], [ 88.406075507636373, 22.493968081908093 ], [ 88.406056746790867, 22.493944153534095 ], [ 88.406034458249849, 22.49393746326092 ], [ 88.405901182946806, 22.49394205735852 ], [ 88.405823593894297, 22.493959935901088 ], [ 88.405786913892939, 22.493994668267174 ], [ 88.405765361743676, 22.494060243488956 ], [ 88.405755023987751, 22.494136046296582 ], [ 88.405744125168255, 22.494156789650706 ], [ 88.40574472128894, 22.494215290319218 ], [ 88.40576414838668, 22.4943046018285 ], [ 88.405768517731289, 22.494369952906339 ], [ 88.405787208456289, 22.494386998880994 ] ] ] } },
{ "type": "Feature", "properties": { "ward": 109, "source_sheet": "109_Haltu.pdf p1", "source": "KMC ward sewerage network map (ArcMap GeoPDF)", "extraction_method": "geopdf_raster_polygonised", "georef_max_residual_m": 0.3 }, "geometry": { "type": "Polygon", "coordinates": [ [ [ 88.392835050892671, 22.494622372333353 ], [ 88.392934999973221, 22.494618074528915 ], [ 88.392971961517759, 22.494610874796184 ], [ 88.392975560369507, 22.494600519365957 ], [ 88.392975039107185, 22.49454890084878 ], [ 88.392959740191145, 22.494500850471901 ], [ 88.392929594136092, 22.494449485761283 ], [ 88.392877194762747, 22.494394870156395 ], [ 88.392835175038073, 22.49426789343169 ], [ 88.392823405568166, 22.494202605138799 ], [ 88.392826483225591, 22.49414063118828 ], [ 88.392851605690026, 22.494061260724639 ], [ 88.392850910753594, 22.493992436026748 ], [ 88.392835994161885, 22.493982239213977 ], [ 88.392758368292647, 22.493996670314722 ], [ 88.392492510146198, 22.494074661189789 ], [ 88.392374566996921, 22.494130735797039 ], [ 88.392289638998065, 22.494155553809925 ], [ 88.392227068457984, 22.49419394646943 ], [ 88.392097981074883, 22.494246674775223 ], [ 88.391991146901077, 22.494302653996741 ], [ 88.391898881969269, 22.494334417691746 ], [ 88.391658597152045, 22.494377772964882 ], [ 88.391655275948366, 22.494415658262572 ], [ 88.391670123071705, 22.494418972713252 ], [ 88.392430648194107, 22.494550122531429 ], [ 88.392578980780172, 22.494569501302848 ], [ 88.392835050892671, 22.494622372333353 ] ] ] } },
{ "type": "Feature", "properties": { "ward": 109, "source_sheet": "109_Haltu.pdf p1", "source": "KMC ward sewerage network map (ArcMap GeoPDF)", "extraction_method": "geopdf_raster_polygonised", "georef_max_residual_m": 0.3 }, "geometry": { "type": "Polygon", "coordinates": [ [ [ 88.400532768240893, 22.503573032840279 ], [ 88.400536296805953, 22.503555794830085 ], [ 88.400508486065561, 22.503370192359423 ], [ 88.400485811741262, 22.503325647973107 ], [ 88.400463417039447, 22.503308633340414 ], [ 88.400377995942492, 22.503285278724988 ], [ 88.400244152107675, 22.503234809082187 ], [ 88.400080157675674, 22.503132976234241 ], [ 88.399624545257524, 22.502761774501593 ], [ 88.399400740109527, 22.502605391597527 ], [ 88.399281256509354, 22.502510057674254 ], [ 88.399042673851909, 22.502357242977968 ], [ 88.398938038810812, 22.502265222489058 ], [ 88.398576305839654, 22.502020545832607 ], [ 88.398531482415919, 22.501983074759032 ], [ 88.398110009834554, 22.501690729655877 ], [ 88.398061448467928, 22.501649849068549 ], [ 88.3978899462263, 22.50153775382763 ], [ 88.397688434359793, 22.501388059675367 ], [ 88.397550576081002, 22.501306648460393 ], [ 88.397505753158384, 22.501269177072349 ], [ 88.397438675745917, 22.501228455477083 ], [ 88.397419950145974, 22.501207967317217 ], [ 88.397304381559721, 22.501133247294938 ], [ 88.397214770847157, 22.501061745579392 ], [ 88.397143432510276, 22.500965996074182 ], [ 88.397027306481462, 22.500836216220208 ], [ 88.396959462495744, 22.500719787434331 ], [ 88.396888229091076, 22.500634361472649 ], [ 88.396820211046645, 22.500500726483001 ], [ 88.396747270000816, 22.500246680350372 ], [ 88.396735985988059, 22.500229569680787 ], [ 88.396667062168802, 22.500006462708409 ], [ 88.396605126869403, 22.499741997331888 ], [ 88.396570961388193, 22.49965969423523 ], [ 88.396555451496155, 22.499590996958666 ], [ 88.396532744245846, 22.499543010672664 ], [ 88.396505741393085, 22.499436555334679 ], [ 88.396460536070094, 22.499361230102167 ], [ 88.396410930698949, 22.499217112117428 ], [ 88.396328633670237, 22.498770420556006 ], [ 88.39632035623471, 22.498684453480298 ], [ 88.396312810458213, 22.498670752187305 ], [ 88.396296116280539, 22.498485053117086 ], [ 88.396273060931279, 22.498402654494551 ], [ 88.396087772373178, 22.498025677854891 ], [ 88.395900139997693, 22.497782940656766 ], [ 88.395758339417213, 22.497677470832649 ], [ 88.395411610813085, 22.497449865011077 ], [ 88.395057755435573, 22.497249851778129 ], [ 88.394934924309396, 22.497188958266538 ], [ 88.394595813312378, 22.496981934380855 ], [ 88.39405946193699, 22.49668023834947 ], [ 88.393504110332174, 22.49633052185002 ], [ 88.393448284967661, 22.496303468096173 ], [ 88.393265683565176, 22.496191462554769 ], [ 88.393235954116932, 22.496181392737181 ], [ 88.393120391938609, 22.49610666934139 ], [ 88.392934157409229, 22.496001577594825 ], [ 88.392829739703913, 22.495930200023711 ], [ 88.392535524021525, 22.495767526797252 ], [ 88.392237397469188, 22.495584237295851 ], [ 88.391958238772006, 22.495445524740067 ], [ 88.391503818685266, 22.495187858110715 ], [ 88.391060405470682, 22.494919771345206 ], [ 88.390948479169239, 22.494838132109695 ], [ 88.390769168359853, 22.494684796987027 ], [ 88.390664440468086, 22.494582446754084 ], [ 88.390600655034106, 22.494500395483772 ], [ 88.390585634463747, 22.494479874743579 ], [ 88.390539670833107, 22.49432884032132 ], [ 88.39040365364653, 22.494061563808842 ], [ 88.390377038276611, 22.493992960705526 ], [ 88.390369597407116, 22.493989582799472 ], [ 88.39029217930937, 22.494024660156736 ], [ 88.390288753684104, 22.494052221730339 ], [ 88.390308483095367, 22.494172506758055 ], [ 88.39038525056263, 22.49444029003601 ], [ 88.390464229844213, 22.494560068344526 ], [ 88.39048693413622, 22.494608055662177 ], [ 88.390591974153736, 22.49474137715708 ], [ 88.390745154870615, 22.494874286790594 ], [ 88.391780766392543, 22.495474576350816 ], [ 88.392611984076169, 22.496004337591209 ], [ 88.393624801618898, 22.496546303745745 ], [ 88.394746480224498, 22.497231873468891 ], [ 88.394761327709361, 22.497235187614525 ], [ 88.394809816944658, 22.497269186884942 ], [ 88.394824664434736, 22.497272501024451 ], [ 88.395860414974777, 22.497883086070011 ], [ 88.396104884196021, 22.498252671713672 ], [ 88.396154628196584, 22.498410554755647 ], [ 88.396181874396589, 22.498541098785928 ], [ 88.396185532306419, 22.498902427724733 ], [ 88.396220498640901, 22.499063879171221 ], [ 88.396281283099682, 22.49921478425863 ], [ 88.396289107631659, 22.499256015371749 ], [ 88.396681587390191, 22.500343607461563 ], [ 88.396811924618518, 22.500779561278065 ], [ 88.39689524389172, 22.500961246123087 ], [ 88.396996487109362, 22.501084270932459 ], [ 88.397011579084804, 22.501111673425804 ], [ 88.397026566479795, 22.501128752240188 ], [ 88.39758177171926, 22.501461248845064 ], [ 88.397656430239394, 22.501519112807593 ], [ 88.397708590088698, 22.501549638007507 ], [ 88.397719839453757, 22.501563307370184 ], [ 88.398603834419845, 22.502178619028577 ], [ 88.398615083923772, 22.502192288320622 ], [ 88.398652326321624, 22.502212616986526 ], [ 88.398797871983106, 22.502321493209902 ], [ 88.398835114440928, 22.502341821830104 ], [ 88.398947086260975, 22.502426896191761 ], [ 88.39898432876771, 22.502447224774649 ], [ 88.399096300761656, 22.502532299022519 ], [ 88.399133543317319, 22.502552627568097 ], [ 88.399279089701636, 22.502661503314808 ], [ 88.399349906556125, 22.50270563341126 ], [ 88.399719503386706, 22.502994980236259 ], [ 88.399991522566694, 22.503157830392706 ], [ 88.400122501541972, 22.503290921443082 ], [ 88.400148564583276, 22.503304463001889 ], [ 88.400346413436594, 22.503457626893105 ], [ 88.400532768240893, 22.503573032840279 ] ] ] } },
{ "type": "Feature", "properties": { "ward": 109, "source_sheet": "109_Haltu.pdf p1", "source": "KMC ward sewerage network map (ArcMap GeoPDF)", "extraction_method": "geopdf_raster_polygonised", "georef_max_residual_m": 0.3 }, "geometry": { "type": "Polygon", "coordinates": [ [ [ 88.399050534008936, 22.494004595553786 ], [ 88.399061643244863, 22.494004499956461 ], [ 88.399065206721772, 22.493990703187492 ], [ 88.399102202602748, 22.493986943297866 ], [ 88.399124281463784, 22.493972987192766 ], [ 88.3991687183957, 22.493972604779042 ], [ 88.399191041571811, 22.493982737244327 ], [ 88.399205818979297, 22.493979168542701 ], [ 88.399205574652314, 22.493955079963772 ], [ 88.399190518019793, 22.493931118860502 ], [ 88.399186500813656, 22.493900179698713 ], [ 88.3992009291767, 22.493862198741851 ], [ 88.399200684851962, 22.493838110162525 ], [ 88.399141470569333, 22.49384206127931 ], [ 88.39911547924703, 22.493835401898352 ], [ 88.399086133859953, 22.493863186637242 ], [ 88.399030552837289, 22.493860223395934 ], [ 88.399023600377205, 22.49390502306202 ], [ 88.399028001441351, 22.493973815713815 ], [ 88.399050534008936, 22.494004595553786 ] ] ] } },
{ "type": "Feature", "properties": { "ward": 109, "source_sheet": "109_Haltu.pdf p1", "source": "KMC ward sewerage network map (ArcMap GeoPDF)", "extraction_method": "geopdf_raster_polygonised", "georef_max_residual_m": 0.3 }, "geometry": { "type": "Polygon", "coordinates": [ [ [ 88.403285116285687, 22.494525627073781 ], [ 88.403336959486268, 22.494525179574289 ], [ 88.403433099675098, 22.494510583583288 ], [ 88.403843406679655, 22.49443476913034 ], [ 88.403954043865042, 22.494389073962751 ], [ 88.403979720274336, 22.494364761580488 ], [ 88.404001518479532, 22.49432327508287 ], [ 88.404000818019725, 22.494254450716188 ], [ 88.403969652430078, 22.494103292940551 ], [ 88.403939187336135, 22.494020959523777 ], [ 88.403927167585564, 22.493931583774401 ], [ 88.403929574895514, 22.493804226707862 ], [ 88.403872873287185, 22.493691146141664 ], [ 88.403820855321754, 22.493674387703418 ], [ 88.403735649871692, 22.493671681882557 ], [ 88.403528663481808, 22.493711325640884 ], [ 88.403428960821131, 22.493739718505203 ], [ 88.403281118263394, 22.493768526829943 ], [ 88.403203598899751, 22.49379328656256 ], [ 88.403159722123902, 22.493848729602377 ], [ 88.403160317149158, 22.493907230338213 ], [ 88.403186798671626, 22.493962066131559 ], [ 88.403202626035352, 22.494061733657784 ], [ 88.403214995373105, 22.494185521678521 ], [ 88.40321737561807, 22.494419524603881 ], [ 88.403229219955037, 22.494491694325184 ], [ 88.403247980413013, 22.494515623048006 ], [ 88.403285116285687, 22.494525627073781 ] ] ] } },
{ "type": "Feature", "properties": { "ward": 109, "source_sheet": "109_Haltu.pdf p1", "source": "KMC ward sewerage network map (ArcMap GeoPDF)", "extraction_method": "geopdf_raster_polygonised", "georef_max_residual_m": 0.3 }, "geometry": { "type": "Polygon", "coordinates": [ [ [ 88.404525733331866, 22.493795636013019 ], [ 88.404555322811049, 22.493791938863218 ], [ 88.404606815339164, 22.493757078792491 ], [ 88.404606009488688, 22.493677930785818 ], [ 88.404591057097974, 22.493664293885665 ], [ 88.40453180812419, 22.493664805754662 ], [ 88.404472769350278, 22.493685964909279 ], [ 88.4044804907779, 22.493716871890374 ], [ 88.404525733331866, 22.493795636013019 ] ] ] } },
{ "type": "Feature", "properties": { "ward": 109, "source_sheet": "109_Haltu.pdf p1", "source": "KMC ward sewerage network map (ArcMap GeoPDF)", "extraction_method": "geopdf_raster_polygonised", "georef_max_residual_m": 0.3 }, "geometry": { "type": "Polygon", "coordinates": [ [ [ 88.406273999920629, 22.493821821289806 ], [ 88.406322139730236, 22.493821404874733 ], [ 88.406355326968495, 22.493807351718768 ], [ 88.406384460327843, 22.493758918440008 ], [ 88.406387672253473, 22.493710709395689 ], [ 88.406353958838878, 22.493673144330664 ], [ 88.406320420838853, 22.493652785333339 ], [ 88.406216349376109, 22.493615828833338 ], [ 88.406179318806451, 22.493616149126797 ], [ 88.406142498684943, 22.493637116704416 ], [ 88.406127861826803, 22.49365445089343 ], [ 88.406113365261746, 22.493685549943123 ], [ 88.406113645855442, 22.493713079666758 ], [ 88.406136214961649, 22.49374729965405 ], [ 88.406188548875377, 22.493795028266575 ], [ 88.406273999920629, 22.493821821289806 ] ] ] } },
{ "type": "Feature", "properties": { "ward": 109, "source_sheet": "109_Haltu.pdf p1", "source": "KMC ward sewerage network map (ArcMap GeoPDF)", "extraction_method": "geopdf_raster_polygonised", "georef_max_residual_m": 0.3 }, "geometry": { "type": "Polygon", "coordinates": [ [ [ 88.398250523600055, 22.494362513538871 ], [ 88.398287554494203, 22.494362195057125 ], [ 88.398553304704009, 22.494273871078143 ], [ 88.398697376158893, 22.494238216422694 ], [ 88.398789604352601, 22.494203007689212 ], [ 88.398808119774273, 22.49420284838855 ], [ 88.398795789230107, 22.49408250105602 ], [ 88.398799108477576, 22.494044615708738 ], [ 88.398828035226373, 22.493975536304607 ], [ 88.398823145741105, 22.49385856647606 ], [ 88.398745346269578, 22.493855794295765 ], [ 88.398738009903411, 22.493862740465065 ], [ 88.398742236362594, 22.49391432700094 ], [ 88.39872759851535, 22.493931660565462 ], [ 88.39872791254335, 22.493962631601949 ], [ 88.398731894758612, 22.49399012955379 ], [ 88.3987507939718, 22.494027823749565 ], [ 88.398751073113701, 22.494055353559173 ], [ 88.398732801957507, 22.494079601435804 ], [ 88.398714356335461, 22.494086643179465 ], [ 88.398669919358497, 22.494087025469749 ], [ 88.398644137348882, 22.49410101337212 ], [ 88.398614408025367, 22.494090944541774 ], [ 88.398613814905787, 22.494032443693069 ], [ 88.398587370015406, 22.493981048283683 ], [ 88.3985462523856, 22.49394354519135 ], [ 88.398542025997287, 22.493891958646849 ], [ 88.398519388897668, 22.493850855048802 ], [ 88.398518900484746, 22.493802677875916 ], [ 88.398555512576095, 22.493761064620859 ], [ 88.398521242983406, 22.493668438182585 ], [ 88.398531480029789, 22.493582311955553 ], [ 88.398549820936083, 22.493564946555246 ], [ 88.398609070019248, 22.493564436887574 ], [ 88.398631393091904, 22.493574569436319 ], [ 88.39864641469957, 22.493595089373201 ], [ 88.398657419235789, 22.493584670125799 ], [ 88.398645716913151, 22.493526264841975 ], [ 88.398615883049359, 22.493505872325109 ], [ 88.398582555454425, 22.493506159016551 ], [ 88.398113835429569, 22.493665059047018 ], [ 88.398021502768358, 22.49368994370414 ], [ 88.397932942887877, 22.493721678925503 ], [ 88.39790719573412, 22.493739107938421 ], [ 88.398220654723161, 22.494338679730181 ], [ 88.398228200422196, 22.494352380943319 ], [ 88.398250523600055, 22.494362513538871 ] ] ] } },
{ "type": "Feature", "properties": { "ward": 109, "source_sheet": "109_Haltu.pdf p1", "source": "KMC ward sewerage network map (ArcMap GeoPDF)", "extraction_method": "geopdf_raster_polygonised", "georef_max_residual_m": 0.3 }, "geometry": { "type": "Polygon", "coordinates": [ [ [ 88.390918879157582, 22.494473582700962 ], [ 88.391014882241663, 22.494445229107686 ], [ 88.391225160839127, 22.494364274664449 ], [ 88.39156172637955, 22.494320096016931 ], [ 88.391742831018036, 22.494284130544841 ], [ 88.392049215733479, 22.494185144701074 ], [ 88.392366153498799, 22.494031003389789 ], [ 88.392801311299507, 22.493848316550377 ], [ 88.393317101450847, 22.493582340848373 ], [ 88.393331809482916, 22.493571890211186 ], [ 88.393316510572888, 22.493523839863347 ], [ 88.393290623805044, 22.493527503228471 ], [ 88.392475821958442, 22.49388896133426 ], [ 88.392000068450955, 22.494085761012283 ], [ 88.391616161927743, 22.494209501025967 ], [ 88.39144588893609, 22.494217841384391 ], [ 88.39142003668502, 22.494224945694526 ], [ 88.391043396578155, 22.494334856055556 ], [ 88.390840489411843, 22.49441230567227 ], [ 88.390918879157582, 22.494473582700962 ] ] ] } },
{ "type": "Feature", "properties": { "ward": 109, "source_sheet": "109_Haltu.pdf p1", "source": "KMC ward sewerage network map (ArcMap GeoPDF)", "extraction_method": "geopdf_raster_polygonised", "georef_max_residual_m": 0.3 }, "geometry": { "type": "Polygon", "coordinates": [ [ [ 88.404442479233879, 22.49362083768392 ], [ 88.404645832177636, 22.49358810720015 ], [ 88.404551458271783, 22.493048603808383 ], [ 88.404447948183133, 22.493066705606971 ], [ 88.40439998374967, 22.493084327540213 ], [ 88.404370499504296, 22.493098348309214 ], [ 88.404363373651492, 22.493125942028758 ], [ 88.404360020903582, 22.493160386198163 ], [ 88.404391501920003, 22.49334251486804 ], [ 88.404400204184242, 22.493469775963394 ], [ 88.404442479233879, 22.49362083768392 ] ] ] } },
{ "type": "Feature", "properties": { "ward": 109, "source_sheet": "109_Haltu.pdf p1", "source": "KMC ward sewerage network map (ArcMap GeoPDF)", "extraction_method": "geopdf_raster_polygonised", "georef_max_residual_m": 0.3 }, "geometry": { "type": "Polygon", "coordinates": [ [ [ 88.409086623624034, 22.495081152871172 ], [ 88.409101400838907, 22.495077583269197 ], [ 88.409222442784369, 22.494962964048199 ], [ 88.409222372477856, 22.494956081627599 ], [ 88.409299434218127, 22.494886583290857 ], [ 88.409299363908062, 22.494879700870417 ], [ 88.409500994336554, 22.494678344935853 ], [ 88.409643164017169, 22.494456855280518 ], [ 88.409741177764147, 22.494263280540988 ], [ 88.409766782754275, 22.494232084869257 ], [ 88.409795809470992, 22.494173327402937 ], [ 88.409865183028487, 22.494076363373249 ], [ 88.410011828369448, 22.49393054793531 ], [ 88.410048401727224, 22.493885491033211 ], [ 88.410040608723435, 22.49384770196437 ], [ 88.409946801375256, 22.493728062546442 ], [ 88.409927899251187, 22.49369036981594 ], [ 88.409911926493791, 22.493576938351154 ], [ 88.409911117633214, 22.493497790523858 ], [ 88.409917785203419, 22.493425460886673 ], [ 88.409915217971161, 22.493174252558394 ], [ 88.409924674219695, 22.493012419343124 ], [ 88.409883483673823, 22.492968036861644 ], [ 88.409838871441863, 22.492951216162123 ], [ 88.409727604623271, 22.492934973434835 ], [ 88.409498051707445, 22.492940405272513 ], [ 88.409464829870984, 22.492951017839765 ], [ 88.409428080769288, 22.492978868557344 ], [ 88.40942116686675, 22.493027109714337 ], [ 88.409422713686581, 22.49317852298935 ], [ 88.409458255887529, 22.493395030332184 ], [ 88.409459943402467, 22.493560208440066 ], [ 88.409430776028472, 22.493605201008648 ], [ 88.4094541193531, 22.493715127121781 ], [ 88.409463002063163, 22.493859593751658 ], [ 88.409455912361125, 22.493890628854636 ], [ 88.409456861607822, 22.493983541535137 ], [ 88.409439014282668, 22.494049085054957 ], [ 88.409432381608696, 22.494124855891549 ], [ 88.409371011499303, 22.494280256121517 ], [ 88.409320188007356, 22.494380500659712 ], [ 88.409294582887483, 22.49441169626644 ], [ 88.409243653837592, 22.494501617152853 ], [ 88.409166803177129, 22.494591762719882 ], [ 88.409030914014338, 22.494703069063668 ], [ 88.408998183786039, 22.494761858505939 ], [ 88.408976211315888, 22.49478613955112 ], [ 88.408969121469013, 22.494817174637205 ], [ 88.408928844434229, 22.494862263413516 ], [ 88.408932688103747, 22.494875996162762 ], [ 88.409011226165944, 22.494951028806085 ], [ 88.409086623624034, 22.495081152871172 ] ] ] } },
{ "type": "Feature", "properties": { "ward": 109, "source_sheet": "109_Haltu.pdf p1", "source": "KMC ward sewerage network map (ArcMap GeoPDF)", "extraction_method": "geopdf_raster_polygonised", "georef_max_residual_m": 0.3 }, "geometry": { "type": "Polygon", "coordinates": [ [ [ 88.393379775677232, 22.493554271494787 ], [ 88.393782020125073, 22.493413162552301 ], [ 88.394258255481432, 22.493264535104103 ], [ 88.394834472413791, 22.493115048603386 ], [ 88.394919503644488, 22.493100552997667 ], [ 88.395015852829303, 22.493106609425887 ], [ 88.395093582311162, 22.493102500968778 ], [ 88.396017849922558, 22.492946582014628 ], [ 88.396054810826868, 22.492939381603705 ], [ 88.396054288464839, 22.492887763143845 ], [ 88.396043005184794, 22.492870652375906 ], [ 88.396013380758632, 22.492870906733295 ], [ 88.395769431848123, 22.492917740978207 ], [ 88.395569745369642, 22.492946987299884 ], [ 88.395244502889582, 22.493011726156791 ], [ 88.395100257616008, 22.493030171549641 ], [ 88.395003908483631, 22.493024115169359 ], [ 88.394638070978871, 22.493102967234808 ], [ 88.393940174231304, 22.493305119249552 ], [ 88.393386556162724, 22.493492265807319 ], [ 88.393360738920251, 22.493502811652061 ], [ 88.393379775677232, 22.493554271494787 ] ] ] } },
{ "type": "Feature", "properties": { "ward": 109, "source_sheet": "109_Haltu.pdf p1", "source": "KMC ward sewerage network map (ArcMap GeoPDF)", "extraction_method": "geopdf_raster_polygonised", "georef_max_residual_m": 0.3 }, "geometry": { "type": "Polygon", "coordinates": [ [ [ 88.396113781101874, 22.492911343022257 ], [ 88.396269030737628, 22.492882477643278 ], [ 88.396501730879365, 22.492821973150026 ], [ 88.396601608747432, 22.492810790681173 ], [ 88.396601539072478, 22.492803908221372 ], [ 88.396518643709783, 22.492663517539413 ], [ 88.3964560054131, 22.492695029294893 ], [ 88.396456318916577, 22.492726000366268 ], [ 88.396445383937788, 22.492743301929629 ], [ 88.396401226006191, 22.492771213414265 ], [ 88.396127896800778, 22.492842391223494 ], [ 88.39610959049125, 22.492863197590687 ], [ 88.396113781101874, 22.492911343022257 ] ] ] } },
{ "type": "Feature", "properties": { "ward": 109, "source_sheet": "109_Haltu.pdf p1", "source": "KMC ward sewerage network map (ArcMap GeoPDF)", "extraction_method": "geopdf_raster_polygonised", "georef_max_residual_m": 0.3 }, "geometry": { "type": "Polygon", "coordinates": [ [ [ 88.396642133274625, 22.492789793411539 ], [ 88.39676727046286, 22.492713004814696 ], [ 88.396699326532669, 22.492586251903564 ], [ 88.396566609138176, 22.492645897908538 ], [ 88.396642133274625, 22.492789793411539 ] ] ] } },
{ "type": "Feature", "properties": { "ward": 109, "source_sheet": "109_Haltu.pdf p1", "source": "KMC ward sewerage network map (ArcMap GeoPDF)", "extraction_method": "geopdf_raster_polygonised", "georef_max_residual_m": 0.3 }, "geometry": { "type": "Polygon", "coordinates": [ [ [ 88.392038371596939, 22.493844525737877 ], [ 88.392130740359747, 22.4938230856873 ], [ 88.392278273296455, 22.493763316353842 ], [ 88.392735405671615, 22.493556350817368 ], [ 88.392853243948551, 22.493489952268728 ], [ 88.392912249912044, 22.493465356051637 ], [ 88.392919169594904, 22.493417115313083 ], [ 88.392948481442943, 22.493385890403399 ], [ 88.393257940693132, 22.493224928444629 ], [ 88.393475865464751, 22.493167996388802 ], [ 88.393719294284963, 22.493069547046989 ], [ 88.393778473743168, 22.493062156697953 ], [ 88.393911436254101, 22.49302660154861 ], [ 88.394000240163351, 22.493018957146891 ], [ 88.394070320108213, 22.492990824045943 ], [ 88.394133202566195, 22.492983401819281 ], [ 88.394277308849695, 22.492951192355218 ], [ 88.394410201537582, 22.492908754339346 ], [ 88.394480211764545, 22.492873738600714 ], [ 88.394524196213069, 22.492828621457079 ], [ 88.394523674421592, 22.492777002962715 ], [ 88.394508375210037, 22.492728952739924 ], [ 88.394452098963797, 22.492657163228497 ], [ 88.394414790197644, 22.492629950940486 ], [ 88.394348239651563, 22.492640846257608 ], [ 88.394325951790776, 22.49263415432403 ], [ 88.394303455249954, 22.492606814987074 ], [ 88.394284870445318, 22.492600091292672 ], [ 88.394243997792586, 22.49258667565049 ], [ 88.394188452063915, 22.492587151940381 ], [ 88.394096119272305, 22.49261203435006 ], [ 88.393992816384809, 22.492650776886798 ], [ 88.393553265693981, 22.492764673752148 ], [ 88.393073293332534, 22.49290988956831 ], [ 88.392988470457709, 22.492945031614617 ], [ 88.392921919616029, 22.492955926355371 ], [ 88.392829899015126, 22.493011779180183 ], [ 88.392793667499831, 22.493091244803825 ], [ 88.392727672444593, 22.493157199235576 ], [ 88.392687216647516, 22.49318507802592 ], [ 88.392635547410492, 22.493202728252086 ], [ 88.392546778003251, 22.493213813146745 ], [ 88.392487772071377, 22.493238409228578 ], [ 88.392443404718009, 22.493245672259985 ], [ 88.39241765690943, 22.493263100426891 ], [ 88.392399697312626, 22.493318318761016 ], [ 88.392381286160031, 22.493328801027136 ], [ 88.392336884037888, 22.493332622794927 ], [ 88.392244724019221, 22.493374710363288 ], [ 88.392203990219656, 22.493375059150775 ], [ 88.392178172897644, 22.493385604809575 ], [ 88.39211529010997, 22.493393026287194 ], [ 88.392071165767661, 22.493424377873474 ], [ 88.39204929458198, 22.493458980462172 ], [ 88.392016175256217, 22.493479913213285 ], [ 88.391975580318871, 22.493494026890207 ], [ 88.39190986245832, 22.493587510904703 ], [ 88.391910036072375, 22.49360471708701 ], [ 88.391959634517391, 22.493748836893207 ], [ 88.391993413691793, 22.493793287639843 ], [ 88.392004800748424, 22.493820722419692 ], [ 88.392038371596939, 22.493844525737877 ] ] ] } },
{ "type": "Feature", "properties": { "ward": 109, "source_sheet": "109_Haltu.pdf p1", "source": "KMC ward sewerage network map (ArcMap GeoPDF)", "extraction_method": "geopdf_raster_polygonised", "georef_max_residual_m": 0.3 }, "geometry": { "type": "Polygon", "coordinates": [ [ [ 88.396840773928488, 22.4926573088953 ], [ 88.396947500199659, 22.492591002921081 ], [ 88.396883328904678, 22.492471100734942 ], [ 88.396868551583012, 22.492474669219035 ], [ 88.396784078458538, 22.492544225500957 ], [ 88.396840773928488, 22.4926573088953 ] ] ] } },
{ "type": "Feature", "properties": { "ward": 109, "source_sheet": "109_Haltu.pdf p1", "source": "KMC ward sewerage network map (ArcMap GeoPDF)", "extraction_method": "geopdf_raster_polygonised", "georef_max_residual_m": 0.3 }, "geometry": { "type": "Polygon", "coordinates": [ [ [ 88.400462559325902, 22.493741207337759 ], [ 88.400906228697494, 22.493668554533834 ], [ 88.401353460774573, 22.493582103722719 ], [ 88.401294419357797, 22.493238460211874 ], [ 88.401212812343559, 22.493225397455383 ], [ 88.401197720510936, 22.493197995328277 ], [ 88.401182314122352, 22.493139622192466 ], [ 88.401171135063478, 22.493132835486435 ], [ 88.401052462652473, 22.493116650549144 ], [ 88.401011344664411, 22.493079148102975 ], [ 88.401014872980028, 22.493061910077113 ], [ 88.40128110810609, 22.493021758920332 ], [ 88.401284741247764, 22.493014844558928 ], [ 88.401254450834529, 22.492584915087541 ], [ 88.400936024538694, 22.492591100632215 ], [ 88.400921107554694, 22.49258090458892 ], [ 88.400909404400565, 22.492522499506602 ], [ 88.400735361688291, 22.49252399901135 ], [ 88.400727047202651, 22.492434590993206 ], [ 88.400586192155856, 22.492422038312835 ], [ 88.400552585372594, 22.492394795604625 ], [ 88.400474751803756, 22.49238858299481 ], [ 88.400455258043252, 22.493386793175183 ], [ 88.400462559325902, 22.493741207337759 ] ] ] } },
{ "type": "Feature", "properties": { "ward": 109, "source_sheet": "109_Haltu.pdf p1", "source": "KMC ward sewerage network map (ArcMap GeoPDF)", "extraction_method": "geopdf_raster_polygonised", "georef_max_residual_m": 0.3 }, "geometry": { "type": "Polygon", "coordinates": [ [ [ 88.396994594373325, 22.492487352430494 ], [ 88.39716647657211, 22.492272500754364 ], [ 88.39710726285152, 22.492276451093183 ], [ 88.397077534020298, 22.492266381951509 ], [ 88.397051612771435, 22.492266604675198 ], [ 88.396956727661845, 22.492405081081195 ], [ 88.396956867044196, 22.492418845999367 ], [ 88.396994594373325, 22.492487352430494 ] ] ] } },
{ "type": "Feature", "properties": { "ward": 109, "source_sheet": "109_Haltu.pdf p1", "source": "KMC ward sewerage network map (ArcMap GeoPDF)", "extraction_method": "geopdf_raster_polygonised", "georef_max_residual_m": 0.3 }, "geometry": { "type": "Polygon", "coordinates": [ [ [ 88.408124130970762, 22.491854466928586 ], [ 88.408475846348722, 22.491844537354371 ], [ 88.408546168334112, 22.491840486620106 ], [ 88.408557207089146, 22.491833507951817 ], [ 88.408561767462317, 22.491554705562823 ], [ 88.408538390168829, 22.491441338024266 ], [ 88.40852347279754, 22.491431142705718 ], [ 88.408479001726761, 22.491428086444408 ], [ 88.408420034822967, 22.491456129398017 ], [ 88.408368263131166, 22.491463460900356 ], [ 88.408368333383422, 22.491470343326469 ], [ 88.408209209897962, 22.491482046168592 ], [ 88.408172285291769, 22.491492690530958 ], [ 88.408028043979925, 22.491511147335224 ], [ 88.408017005220827, 22.49151812596757 ], [ 88.40801347780986, 22.491535364103633 ], [ 88.408070813859709, 22.491710384955823 ], [ 88.40809412059447, 22.491816870149144 ], [ 88.408105475454406, 22.491840862430433 ], [ 88.408124130970762, 22.491854466928586 ] ] ] } },
{ "type": "Feature", "properties": { "ward": 109, "source_sheet": "109_Haltu.pdf p1", "source": "KMC ward sewerage network map (ArcMap GeoPDF)", "extraction_method": "geopdf_raster_polygonised", "georef_max_residual_m": 0.3 }, "geometry": { "type": "Polygon", "coordinates": [ [ [ 88.409490258866683, 22.491815097172765 ], [ 88.409793869993393, 22.491809023267457 ], [ 88.409804908678353, 22.491802044516977 ], [ 88.409804557056432, 22.491767632409086 ], [ 88.40972225839829, 22.491324390473732 ], [ 88.40967411952289, 22.491324807860231 ], [ 88.409507731023893, 22.491350341028632 ], [ 88.409371036694012, 22.491382499660528 ], [ 88.409367544605757, 22.491403179029334 ], [ 88.409425233791097, 22.491612611432181 ], [ 88.409479044392711, 22.491804869846227 ], [ 88.409490258866683, 22.491815097172765 ] ] ] } },
{ "type": "Feature", "properties": { "ward": 109, "source_sheet": "109_Haltu.pdf p1", "source": "KMC ward sewerage network map (ArcMap GeoPDF)", "extraction_method": "geopdf_raster_polygonised", "georef_max_residual_m": 0.3 }, "geometry": { "type": "Polygon", "coordinates": [ [ [ 88.403634347124125, 22.492450816322297 ], [ 88.40371200571542, 22.492439821298721 ], [ 88.403904563246726, 22.492438158710748 ], [ 88.404245031756361, 22.492414569333043 ], [ 88.404311546151391, 22.492400228753301 ], [ 88.404348331229002, 22.49237582037507 ], [ 88.404362863107508, 22.49234816268476 ], [ 88.404377254864897, 22.492306740118856 ], [ 88.404376589317209, 22.492241356964747 ], [ 88.404283284149145, 22.491078928596302 ], [ 88.404275422849096, 22.491034256708968 ], [ 88.404264138755593, 22.491017146556924 ], [ 88.403657443310436, 22.491080891105373 ], [ 88.403583558473912, 22.491098736540732 ], [ 88.403550546583915, 22.491129995213289 ], [ 88.403539857673167, 22.491171385752637 ], [ 88.403533606884338, 22.491285009953394 ], [ 88.403540845561309, 22.491632541231212 ], [ 88.40353539993977, 22.491825313488857 ], [ 88.40356076875014, 22.492134831490517 ], [ 88.403563604453268, 22.492413570297877 ], [ 88.403634347124125, 22.492450816322297 ] ] ] } },
{ "type": "Feature", "properties": { "ward": 109, "source_sheet": "109_Haltu.pdf p1", "source": "KMC ward sewerage network map (ArcMap GeoPDF)", "extraction_method": "geopdf_raster_polygonised", "georef_max_residual_m": 0.3 }, "geometry": { "type": "Polygon", "coordinates": [ [ [ 88.391222689713146, 22.492650411645723 ], [ 88.391474011491567, 22.492600079614284 ], [ 88.391725194200376, 22.492535982250917 ], [ 88.392005653816241, 22.492437218527989 ], [ 88.392105566660703, 22.492429480078624 ], [ 88.392112799126963, 22.49241221048722 ], [ 88.392120205221445, 22.492412147078859 ], [ 88.392115425674348, 22.492305500445781 ], [ 88.391981444134984, 22.491873014172665 ], [ 88.391916062181025, 22.491632666459783 ], [ 88.391724801087136, 22.491028593445527 ], [ 88.391713379631895, 22.490997717384449 ], [ 88.391691022718433, 22.490984142589447 ], [ 88.391631843981912, 22.490991532134291 ], [ 88.391535878096704, 22.491023327218123 ], [ 88.391314252672487, 22.491080288218242 ], [ 88.391148172273518, 22.491136773728552 ], [ 88.390948764581324, 22.491193544158961 ], [ 88.390834422059925, 22.49123926217295 ], [ 88.390767871805593, 22.491250155993271 ], [ 88.390749530163987, 22.491267520546188 ], [ 88.390814285463307, 22.491445926552267 ], [ 88.39088769599087, 22.491748153766544 ], [ 88.391013053519416, 22.492060261147113 ], [ 88.391188772261373, 22.492592195753062 ], [ 88.391189049887771, 22.492619725656596 ], [ 88.391204070326893, 22.492640246350778 ], [ 88.391222689713146, 22.492650411645723 ] ] ] } },
{ "type": "Feature", "properties": { "ward": 109, "source_sheet": "109_Haltu.pdf p1", "source": "KMC ward sewerage network map (ArcMap GeoPDF)", "extraction_method": "geopdf_raster_polygonised", "georef_max_residual_m": 0.3 }, "geometry": { "type": "Polygon", "coordinates": [ [ [ 88.400658540483363, 22.491523176986718 ], [ 88.400851096998522, 22.491521518111327 ], [ 88.400984300513613, 22.4915100458525 ], [ 88.40131750141208, 22.491500291457637 ], [ 88.401354426637738, 22.491489648639586 ], [ 88.401383875934911, 22.491472187198383 ], [ 88.401383351633982, 22.491420568847072 ], [ 88.401314458821048, 22.490836103381426 ], [ 88.401288293235723, 22.4908122382062 ], [ 88.401254756629285, 22.490791878074145 ], [ 88.401210215908705, 22.490781937339523 ], [ 88.40113950964529, 22.490748131390752 ], [ 88.400695220823494, 22.490758842336849 ], [ 88.400613824915112, 22.490766426545012 ], [ 88.400576899811469, 22.490777069187345 ], [ 88.400558559518913, 22.490794434792654 ], [ 88.400568166233967, 22.4910111681667 ], [ 88.400553738501259, 22.491049149224974 ], [ 88.400558000416368, 22.491104176925521 ], [ 88.40057703940532, 22.491155635813865 ], [ 88.400593458346918, 22.491313804560981 ], [ 88.400604916700118, 22.491348121114427 ], [ 88.400609877336336, 22.491471973301504 ], [ 88.400632584477677, 22.491519959054809 ], [ 88.400658540483363, 22.491523176986718 ] ] ] } },
{ "type": "Feature", "properties": { "ward": 109, "source_sheet": "109_Haltu.pdf p1", "source": "KMC ward sewerage network map (ArcMap GeoPDF)", "extraction_method": "geopdf_raster_polygonised", "georef_max_residual_m": 0.3 }, "geometry": { "type": "Polygon", "coordinates": [ [ [ 88.406849229515316, 22.490671296526735 ], [ 88.407271017939237, 22.490633231228269 ], [ 88.407296763279376, 22.490615800801478 ], [ 88.407292288147872, 22.490540126121143 ], [ 88.407284671614732, 22.490519542931185 ], [ 88.407265911069842, 22.490495614674924 ], [ 88.407169633789351, 22.490496447936984 ], [ 88.407099452777757, 22.49051426289968 ], [ 88.407010616514725, 22.490518473191006 ], [ 88.406962618220874, 22.490532654615578 ], [ 88.406840525345117, 22.490544035626495 ], [ 88.406811147153675, 22.490568380453617 ], [ 88.406811568187152, 22.49060967504257 ], [ 88.406826941476453, 22.490664606335695 ], [ 88.406849229515316, 22.490671296526735 ] ] ] } },
{ "type": "Feature", "properties": { "ward": 109, "source_sheet": "109_Haltu.pdf p1", "source": "KMC ward sewerage network map (ArcMap GeoPDF)", "extraction_method": "geopdf_raster_polygonised", "georef_max_residual_m": 0.3 }, "geometry": { "type": "Polygon", "coordinates": [ [ [ 88.393839027700693, 22.491358079139324 ], [ 88.393924162309119, 22.491353907808588 ], [ 88.394042415423215, 22.491328803307784 ], [ 88.394204896009754, 22.491282670315847 ], [ 88.394289752328305, 22.491250968922955 ], [ 88.394345193184208, 22.491240168923493 ], [ 88.394378346397701, 22.491222676966565 ], [ 88.394381527712, 22.491171026704187 ], [ 88.394362177956467, 22.491088595862056 ], [ 88.394305067833983, 22.490934216630475 ], [ 88.394255016088252, 22.490745361525029 ], [ 88.394186797259223, 22.490591077484169 ], [ 88.394101628360431, 22.490591807695477 ], [ 88.393898519858695, 22.490648613427503 ], [ 88.393773104634164, 22.490697869921458 ], [ 88.393665995750439, 22.490726320224717 ], [ 88.393640387597316, 22.490757513501446 ], [ 88.393640735205338, 22.490791925852676 ], [ 88.393660154009822, 22.490881239278284 ], [ 88.393770600393893, 22.491183147517003 ], [ 88.393820408319513, 22.491347914146122 ], [ 88.393839027700693, 22.491358079139324 ] ] ] } },
{ "type": "Feature", "properties": { "ward": 109, "source_sheet": "109_Haltu.pdf p1", "source": "KMC ward sewerage network map (ArcMap GeoPDF)", "extraction_method": "geopdf_raster_polygonised", "georef_max_residual_m": 0.3 }, "geometry": { "type": "Polygon", "coordinates": [ [ [ 88.395492438644638, 22.491894542506042 ], [ 88.39573994966733, 22.491833912048271 ], [ 88.395931880271533, 22.491770316863715 ], [ 88.396020160887048, 22.491711052925222 ], [ 88.395952427078356, 22.491604947012473 ], [ 88.395925948841281, 22.491550109846305 ], [ 88.395914770149687, 22.491543322754662 ], [ 88.395771305102642, 22.491272673418347 ], [ 88.395760126441047, 22.491265886314235 ], [ 88.39550722126144, 22.490793125756522 ], [ 88.395405500073664, 22.49062192215526 ], [ 88.395367600049639, 22.490536209107749 ], [ 88.39531104591876, 22.490436889992598 ], [ 88.3952777886131, 22.490444058429116 ], [ 88.395244635703392, 22.49046155055763 ], [ 88.395229719343064, 22.490451353951883 ], [ 88.395166768509398, 22.490451894081744 ], [ 88.394916113287323, 22.490567615056321 ], [ 88.394909159593837, 22.490612414621555 ], [ 88.395023972503921, 22.490979673545411 ], [ 88.395347428859239, 22.491837280955789 ], [ 88.395433085772467, 22.491884727295897 ], [ 88.395481225135555, 22.49188431415299 ], [ 88.395492438644638, 22.491894542506042 ] ] ] } },
{ "type": "Feature", "properties": { "ward": 109, "source_sheet": "109_Haltu.pdf p1", "source": "KMC ward sewerage network map (ArcMap GeoPDF)", "extraction_method": "geopdf_raster_polygonised", "georef_max_residual_m": 0.3 }, "geometry": { "type": "Polygon", "coordinates": [ [ [ 88.417485903180392, 22.490028269514287 ], [ 88.417489394029019, 22.490007590029947 ], [ 88.417473769237759, 22.489928571561748 ], [ 88.417295922037567, 22.489919797464978 ], [ 88.417080550695076, 22.489863169107839 ], [ 88.416827973464152, 22.489789657135624 ], [ 88.416589854961714, 22.489681603686865 ], [ 88.416571304957401, 22.489678323797904 ], [ 88.416567672673324, 22.489685238463387 ], [ 88.416564358320429, 22.489723123943175 ], [ 88.416590738121812, 22.48976763372567 ], [ 88.416695091635304, 22.489832113157703 ], [ 88.416784421490107, 22.489876074380202 ], [ 88.416892195438564, 22.489912991798995 ], [ 88.417196720150713, 22.489996375386728 ], [ 88.41731542639458, 22.490015989677715 ], [ 88.41745247064425, 22.490018236464628 ], [ 88.417485903180392, 22.490028269514287 ] ] ] } },
{ "type": "Feature", "properties": { "ward": 109, "source_sheet": "109_Haltu.pdf p1", "source": "KMC ward sewerage network map (ArcMap GeoPDF)", "extraction_method": "geopdf_raster_polygonised", "georef_max_residual_m": 0.3 }, "geometry": { "type": "Polygon", "coordinates": [ [ [ 88.397213117415745, 22.492124114228957 ], [ 88.39727596439181, 22.492113249573929 ], [ 88.397294374987183, 22.492102766773737 ], [ 88.397301432513245, 22.492068290836375 ], [ 88.397148118756817, 22.491556820484821 ], [ 88.397113118909715, 22.491391927822949 ], [ 88.397036480087351, 22.491137913144538 ], [ 88.396986180687222, 22.490924970473507 ], [ 88.396934731671394, 22.490598467172806 ], [ 88.396927290846861, 22.490595089567147 ], [ 88.396861308921601, 22.490296243308066 ], [ 88.396849015437454, 22.490179336897359 ], [ 88.396863409285572, 22.49013791488937 ], [ 88.396914798065964, 22.490092733540969 ], [ 88.397003355950105, 22.490060998971128 ], [ 88.397292327532824, 22.490072282196188 ], [ 88.397470070412098, 22.490070754741012 ], [ 88.39785825535769, 22.490005470623746 ], [ 88.397928437537672, 22.489987659638484 ], [ 88.398065273210378, 22.489969275561201 ], [ 88.39815023235866, 22.489947895901846 ], [ 88.398272325814119, 22.489936521466628 ], [ 88.398335136829459, 22.489922215221423 ], [ 88.398457020968749, 22.489890193277546 ], [ 88.398556547709234, 22.489844597424813 ], [ 88.398563849003935, 22.489834210042471 ], [ 88.398563604837648, 22.489810121444524 ], [ 88.398548025596739, 22.489734541815935 ], [ 88.398086479838327, 22.489869288895058 ], [ 88.397724216215835, 22.489934350732863 ], [ 88.397476326171329, 22.489957130509424 ], [ 88.39707982921756, 22.48993300534887 ], [ 88.396905754618217, 22.489931059323276 ], [ 88.396813528652856, 22.489966266876522 ], [ 88.396754803602903, 22.490018394269519 ], [ 88.396710646571179, 22.490046305801012 ], [ 88.396696287519845, 22.490091169028553 ], [ 88.396697019060269, 22.490163434877466 ], [ 88.396792624460758, 22.490462026760568 ], [ 88.39680128462291, 22.490585847443242 ], [ 88.396877992340833, 22.490846744748357 ], [ 88.396989943854493, 22.491296623319091 ], [ 88.397213117415745, 22.492124114228957 ] ] ] } },
{ "type": "Feature", "properties": { "ward": 109, "source_sheet": "109_Haltu.pdf p1", "source": "KMC ward sewerage network map (ArcMap GeoPDF)", "extraction_method": "geopdf_raster_polygonised", "georef_max_residual_m": 0.3 }, "geometry": { "type": "Polygon", "coordinates": [ [ [ 88.414290013171282, 22.489670651608652 ], [ 88.414297419049404, 22.489670587188705 ], [ 88.414315651584175, 22.489642896497521 ], [ 88.414322634218735, 22.489601537616693 ], [ 88.414155226188186, 22.489527280489501 ], [ 88.41413300857522, 22.489527473727563 ], [ 88.414107652262061, 22.489582758453402 ], [ 88.41410782858604, 22.489599964479979 ], [ 88.414115304991, 22.489606782479186 ], [ 88.414145104820804, 22.489623730856408 ], [ 88.414193278281914, 22.489626753369933 ], [ 88.414290013171282, 22.489670651608652 ] ] ] } },
{ "type": "Feature", "properties": { "ward": 109, "source_sheet": "109_Haltu.pdf p1", "source": "KMC ward sewerage network map (ArcMap GeoPDF)", "extraction_method": "geopdf_raster_polygonised", "georef_max_residual_m": 0.3 }, "geometry": { "type": "Polygon", "coordinates": [ [ [ 88.403397449270898, 22.490277819043147 ], [ 88.403578789903264, 22.490265929215663 ], [ 88.403634194454412, 22.490251684854307 ], [ 88.40367464707704, 22.490223803460111 ], [ 88.403672196537471, 22.489982918017716 ], [ 88.403612459024075, 22.489935252378466 ], [ 88.403478347288043, 22.489857254979064 ], [ 88.403355099581759, 22.489755073034956 ], [ 88.403273109529735, 22.489704157787529 ], [ 88.40317228980399, 22.489622431274473 ], [ 88.403098125714251, 22.489612746680795 ], [ 88.403042756339204, 22.489630432070442 ], [ 88.402994862842377, 22.489654935984774 ], [ 88.402924611629771, 22.489665866692427 ], [ 88.402876718098227, 22.489690370573218 ], [ 88.402843426464244, 22.489694099321248 ], [ 88.402855934813914, 22.489831652358472 ], [ 88.402863410711518, 22.489838470907284 ], [ 88.402878508215991, 22.490230674350929 ], [ 88.402900726048898, 22.49023048265845 ], [ 88.402904533987794, 22.490240774374467 ], [ 88.402923118828497, 22.490247497071202 ], [ 88.403015693140077, 22.490246698306162 ], [ 88.403397449270898, 22.490277819043147 ] ] ] } },
{ "type": "Feature", "properties": { "ward": 109, "source_sheet": "109_Haltu.pdf p1", "source": "KMC ward sewerage network map (ArcMap GeoPDF)", "extraction_method": "geopdf_raster_polygonised", "georef_max_residual_m": 0.3 }, "geometry": { "type": "Polygon", "coordinates": [ [ [ 88.410635235076455, 22.490067201781077 ], [ 88.410883333077479, 22.490065049116819 ], [ 88.410949880704024, 22.490054147094604 ], [ 88.411093838445282, 22.490008158091385 ], [ 88.411329912317811, 22.48991662971239 ], [ 88.41143331333123, 22.489888200023472 ], [ 88.41162868954261, 22.489800466019837 ], [ 88.411761502722797, 22.489751131681043 ], [ 88.411776314503769, 22.489751003072712 ], [ 88.411783896432382, 22.489768144811581 ], [ 88.411795005269369, 22.489768048353852 ], [ 88.411894315803309, 22.489701797237306 ], [ 88.412027093570686, 22.489649021480236 ], [ 88.412160117748698, 22.489620334076061 ], [ 88.412223067747121, 22.489619787328621 ], [ 88.41221093760555, 22.489520088778846 ], [ 88.411900348488459, 22.489567525792467 ], [ 88.411826747393249, 22.489612904585798 ], [ 88.411494785045264, 22.489743122770907 ], [ 88.411048347312743, 22.489905307436814 ], [ 88.410752498257764, 22.489945731335734 ], [ 88.410170185166933, 22.489857861842136 ], [ 88.410115695905716, 22.489961579898889 ], [ 88.410123558983244, 22.49000625141403 ], [ 88.410157096582054, 22.490026609645032 ], [ 88.410383117527488, 22.490038415288367 ], [ 88.410553734876814, 22.490064467332402 ], [ 88.410635235076455, 22.490067201781077 ] ] ] } },
{ "type": "Feature", "properties": { "ward": 109, "source_sheet": "109_Haltu.pdf p1", "source": "KMC ward sewerage network map (ArcMap GeoPDF)", "extraction_method": "geopdf_raster_polygonised", "georef_max_residual_m": 0.3 }, "geometry": { "type": "Polygon", "coordinates": [ [ [ 88.415120247733128, 22.489739140942913 ], [ 88.415160909485749, 22.489731904010778 ], [ 88.415204991835509, 22.489697105208624 ], [ 88.415208235975811, 22.489652337330352 ], [ 88.415193177185273, 22.489628377827785 ], [ 88.415188768418048, 22.489559585984303 ], [ 88.415169971416717, 22.489532217505168 ], [ 88.415125500918634, 22.489529163054222 ], [ 88.415054651139073, 22.489481598532645 ], [ 88.415017621810577, 22.489481920800372 ], [ 88.414991912999113, 22.489502793606949 ], [ 88.414996004085538, 22.489540614625344 ], [ 88.415048198047444, 22.489574575493254 ], [ 88.415063574403618, 22.489629505846029 ], [ 88.415064139020402, 22.489684565107801 ], [ 88.415075494857277, 22.489708556851131 ], [ 88.415101662455982, 22.48973241967958 ], [ 88.415120247733128, 22.489739140942913 ] ] ] } },
{ "type": "Feature", "properties": { "ward": 109, "source_sheet": "109_Haltu.pdf p1", "source": "KMC ward sewerage network map (ArcMap GeoPDF)", "extraction_method": "geopdf_raster_polygonised", "georef_max_residual_m": 0.3 }, "geometry": { "type": "Polygon", "coordinates": [ [ [ 88.415508276271339, 22.48929869137201 ], [ 88.415523087980176, 22.489298562421862 ], [ 88.415552534897543, 22.489281098501028 ], [ 88.41556343187618, 22.489260354565882 ], [ 88.415563008274106, 22.489219060126359 ], [ 88.415555531824182, 22.489212242196594 ], [ 88.415499987950682, 22.489212725762073 ], [ 88.415497096892366, 22.489291905677 ], [ 88.415508276271339, 22.48929869137201 ] ] ] } },
{ "type": "Feature", "properties": { "ward": 109, "source_sheet": "109_Haltu.pdf p1", "source": "KMC ward sewerage network map (ArcMap GeoPDF)", "extraction_method": "geopdf_raster_polygonised", "georef_max_residual_m": 0.3 }, "geometry": { "type": "Polygon", "coordinates": [ [ [ 88.416023230271449, 22.48931829797446 ], [ 88.416071156443749, 22.489297231512314 ], [ 88.41610074454023, 22.489293532304742 ], [ 88.416107832569125, 22.489262496980455 ], [ 88.41607771478597, 22.489214578151124 ], [ 88.416010814973305, 22.489191070224901 ], [ 88.415977135558052, 22.48915694843333 ], [ 88.415962323867205, 22.48915707742443 ], [ 88.415951603505235, 22.489195027397013 ], [ 88.415977665212765, 22.48920856647381 ], [ 88.416007606405273, 22.489239279310596 ], [ 88.416008171384675, 22.48929433855248 ], [ 88.416023230271449, 22.48931829797446 ] ] ] } },
{ "type": "Feature", "properties": { "ward": 109, "source_sheet": "109_Haltu.pdf p1", "source": "KMC ward sewerage network map (ArcMap GeoPDF)", "extraction_method": "geopdf_raster_polygonised", "georef_max_residual_m": 0.3 }, "geometry": { "type": "Polygon", "coordinates": [ [ [ 88.414790543324173, 22.489366885500903 ], [ 88.414823869695596, 22.489366595508699 ], [ 88.414901172534897, 22.489321183178355 ], [ 88.414978898752238, 22.489317065262966 ], [ 88.414989831107306, 22.489299762566283 ], [ 88.41503405452076, 22.489278728630271 ], [ 88.415037298714537, 22.489233960750855 ], [ 88.415018607649742, 22.48921691586153 ], [ 88.415014693004565, 22.489196300862737 ], [ 88.415022028281697, 22.489189354002544 ], [ 88.415021745988284, 22.489161824369518 ], [ 88.41500675785943, 22.489144747252045 ], [ 88.414947299367057, 22.489124615625812 ], [ 88.414873276178781, 22.489128701298053 ], [ 88.414829088066583, 22.48915317639354 ], [ 88.414766702836076, 22.489208783420022 ], [ 88.414715496896847, 22.48927117617669 ], [ 88.41470096741719, 22.489298834688984 ], [ 88.414701214370055, 22.489322923120824 ], [ 88.414723643622352, 22.48934337703318 ], [ 88.414764411128928, 22.489346463819022 ], [ 88.414790543324173, 22.489366885500903 ] ] ] } },
{ "type": "Feature", "properties": { "ward": 109, "source_sheet": "109_Haltu.pdf p1", "source": "KMC ward sewerage network map (ArcMap GeoPDF)", "extraction_method": "geopdf_raster_polygonised", "georef_max_residual_m": 0.3 }, "geometry": { "type": "Polygon", "coordinates": [ [ [ 88.41587017448866, 22.489199178022336 ], [ 88.415899797880414, 22.489198920055241 ], [ 88.41591453895856, 22.489191908664086 ], [ 88.415940176949405, 22.489164153314068 ], [ 88.415940000402699, 22.489146947300227 ], [ 88.415917606323788, 22.489129934767135 ], [ 88.415917429780166, 22.48911272875306 ], [ 88.41590610916478, 22.489092178275179 ], [ 88.415828065368785, 22.489065325803441 ], [ 88.415765115719253, 22.489065873945883 ], [ 88.415754289394286, 22.489093500298971 ], [ 88.415758310058536, 22.489124438883714 ], [ 88.415795551114471, 22.489144763668673 ], [ 88.415795798254891, 22.489168852089531 ], [ 88.41580331001947, 22.489179111210667 ], [ 88.415836671638161, 22.489182262214282 ], [ 88.41587017448866, 22.489199178022336 ] ] ] } },
{ "type": "Feature", "properties": { "ward": 109, "source_sheet": "109_Haltu.pdf p1", "source": "KMC ward sewerage network map (ArcMap GeoPDF)", "extraction_method": "geopdf_raster_polygonised", "georef_max_residual_m": 0.3 }, "geometry": { "type": "Polygon", "coordinates": [ [ [ 88.4169370403268, 22.489231182194025 ], [ 88.416988810579255, 22.489223848001973 ], [ 88.417092492416643, 22.489222944372855 ], [ 88.417099827585716, 22.489215997423358 ], [ 88.417106774033272, 22.489171197262465 ], [ 88.417102222999034, 22.489088640711376 ], [ 88.417113119726977, 22.489067896683622 ], [ 88.417112872359795, 22.489043808276229 ], [ 88.417105360510192, 22.489033549220593 ], [ 88.417053519662986, 22.48903400104399 ], [ 88.417035075746796, 22.489041044807813 ], [ 88.416875850269889, 22.489042432429116 ], [ 88.416868515097647, 22.489049379368666 ], [ 88.416872642003014, 22.489090641517265 ], [ 88.416906250943342, 22.489117880708736 ], [ 88.416921345292437, 22.489145281241598 ], [ 88.416925613553005, 22.489200308192526 ], [ 88.4169370403268, 22.489231182194025 ] ] ] } },
{ "type": "Feature", "properties": { "ward": 109, "source_sheet": "109_Haltu.pdf p1", "source": "KMC ward sewerage network map (ArcMap GeoPDF)", "extraction_method": "geopdf_raster_polygonised", "georef_max_residual_m": 0.3 }, "geometry": { "type": "Polygon", "coordinates": [ [ [ 88.407845660074926, 22.489606125596595 ], [ 88.408074997006722, 22.489580049104259 ], [ 88.408084666100052, 22.489438863115964 ], [ 88.408106181434704, 22.489369846425742 ], [ 88.408148579943031, 22.489169871179879 ], [ 88.408148193659258, 22.48913201782176 ], [ 88.408133241455829, 22.489118381235684 ], [ 88.408099879932138, 22.489115228627075 ], [ 88.407858451897781, 22.489045047286268 ], [ 88.407839937234158, 22.489045207591641 ], [ 88.407832601586122, 22.489052154142971 ], [ 88.407833970831746, 22.489186361522371 ], [ 88.407791290996556, 22.489358806989987 ], [ 88.40782323173228, 22.489585670677592 ], [ 88.407845660074926, 22.489606125596595 ] ] ] } },
{ "type": "Feature", "properties": { "ward": 109, "source_sheet": "109_Haltu.pdf p1", "source": "KMC ward sewerage network map (ArcMap GeoPDF)", "extraction_method": "geopdf_raster_polygonised", "georef_max_residual_m": 0.3 }, "geometry": { "type": "Polygon", "coordinates": [ [ [ 88.414146021745964, 22.490074560937785 ], [ 88.414241522529508, 22.489998017015203 ], [ 88.414347461890401, 22.489855993514603 ], [ 88.414510425765371, 22.489496658626347 ], [ 88.41451779635878, 22.489493152991994 ], [ 88.414612167684268, 22.489306490325614 ], [ 88.414843511660081, 22.489115194258051 ], [ 88.414965072996651, 22.489052189214274 ], [ 88.415083213602813, 22.489016745944067 ], [ 88.415408788204587, 22.488986379990632 ], [ 88.415475440746832, 22.488985799753049 ], [ 88.415738736320435, 22.489021364003964 ], [ 88.415898279624543, 22.489050948333091 ], [ 88.416043399735017, 22.489118514727711 ], [ 88.416062196841338, 22.489145883100324 ], [ 88.416226891241777, 22.489316524138477 ], [ 88.416459475101988, 22.489607026391489 ], [ 88.416511846040407, 22.489658192773803 ], [ 88.416540939646183, 22.489606316658779 ], [ 88.416249002849185, 22.489306007006821 ], [ 88.416095028757795, 22.489097416012235 ], [ 88.416008943491732, 22.489008686482546 ], [ 88.415823338567662, 22.488965563160789 ], [ 88.415508308138683, 22.488940773978513 ], [ 88.415178889596945, 22.488957407540084 ], [ 88.415123451682561, 22.488968214582748 ], [ 88.414927585087625, 22.489007775799237 ], [ 88.414747447328025, 22.489136679224686 ], [ 88.414556412098193, 22.489286326339315 ], [ 88.414461829068031, 22.489452341747587 ], [ 88.414364248307777, 22.489687213418332 ], [ 88.414255417324696, 22.489908416849175 ], [ 88.41412320452406, 22.490016253692385 ], [ 88.414146021745964, 22.490074560937785 ] ] ] } },
{ "type": "Feature", "properties": { "ward": 109, "source_sheet": "109_Haltu.pdf p1", "source": "KMC ward sewerage network map (ArcMap GeoPDF)", "extraction_method": "geopdf_raster_polygonised", "georef_max_residual_m": 0.3 }, "geometry": { "type": "Polygon", "coordinates": [ [ [ 88.394475888402894, 22.489514840443579 ], [ 88.394494333675453, 22.48950779920127 ], [ 88.394505129554091, 22.489476732826592 ], [ 88.394503286225273, 22.489294347400996 ], [ 88.394520966308107, 22.489211598998402 ], [ 88.394549929143324, 22.489145961499915 ], [ 88.3945458436026, 22.489108139676134 ], [ 88.394530857880724, 22.489091060525006 ], [ 88.394497357389255, 22.489074140145256 ], [ 88.394330550547295, 22.489058362832413 ], [ 88.39423797668222, 22.489059156569191 ], [ 88.394223651676072, 22.489107460851962 ], [ 88.394217567112378, 22.489238291276507 ], [ 88.394179129487696, 22.489465762007345 ], [ 88.394197818177418, 22.489482809442546 ], [ 88.394386843321072, 22.489498396353959 ], [ 88.394475888402894, 22.489514840443579 ] ] ] } },
{ "type": "Feature", "properties": { "ward": 109, "source_sheet": "109_Haltu.pdf p1", "source": "KMC ward sewerage network map (ArcMap GeoPDF)", "extraction_method": "geopdf_raster_polygonised", "georef_max_residual_m": 0.3 }, "geometry": { "type": "Polygon", "coordinates": [ [ [ 88.406681109962349, 22.489437245543975 ], [ 88.406699624687334, 22.489437085369048 ], [ 88.40672159678374, 22.489412804641688 ], [ 88.406719597127406, 22.489216655305476 ], [ 88.406747045554724, 22.489003043598657 ], [ 88.406739499361549, 22.488989342803752 ], [ 88.406709805735559, 22.488982716651908 ], [ 88.406683674724121, 22.488962293593776 ], [ 88.406601929585193, 22.488935468591254 ], [ 88.406505653356348, 22.488936301401594 ], [ 88.406428102226513, 22.488957621316239 ], [ 88.406406095070338, 22.4889784607868 ], [ 88.406387931133153, 22.489013033095443 ], [ 88.406355972543111, 22.489147528804764 ], [ 88.40635325163224, 22.489243914908243 ], [ 88.406342423388949, 22.489271540724879 ], [ 88.406342984546086, 22.489326600196758 ], [ 88.406354303809891, 22.489347151417565 ], [ 88.406354549318905, 22.489371239936215 ], [ 88.406358322408337, 22.489378090342868 ], [ 88.406399195086877, 22.489391502905161 ], [ 88.406499455190044, 22.489418167845553 ], [ 88.406592063886507, 22.489420808271202 ], [ 88.406681109962349, 22.489437245543975 ] ] ] } },
{ "type": "Feature", "properties": { "ward": 109, "source_sheet": "109_Haltu.pdf p1", "source": "KMC ward sewerage network map (ArcMap GeoPDF)", "extraction_method": "geopdf_raster_polygonised", "georef_max_residual_m": 0.3 }, "geometry": { "type": "Polygon", "coordinates": [ [ [ 88.405931227677399, 22.490348851050175 ], [ 88.405949707465211, 22.490345249738063 ], [ 88.405953340306581, 22.490338335284569 ], [ 88.405941284665047, 22.490245518478606 ], [ 88.405929895252157, 22.490218084797192 ], [ 88.405885144084792, 22.490187498058418 ], [ 88.405840673427988, 22.490184441045006 ], [ 88.405606860707863, 22.490134839648789 ], [ 88.404932044944033, 22.490054633781547 ], [ 88.404820710762493, 22.490031505073649 ], [ 88.404531108934535, 22.489958293430206 ], [ 88.404453066511081, 22.489931435363154 ], [ 88.404073543488522, 22.489755753868909 ], [ 88.403801512065286, 22.489589468030079 ], [ 88.403514179442283, 22.489375132448114 ], [ 88.403274985954297, 22.489160380880183 ], [ 88.403267580068146, 22.489160444792315 ], [ 88.402938607145188, 22.488856987817243 ], [ 88.402923795403012, 22.48885711560861 ], [ 88.40289137862662, 22.488946874913388 ], [ 88.402876776790848, 22.488967650034546 ], [ 88.402877091665715, 22.488998621034906 ], [ 88.403041490584968, 22.489141746617172 ], [ 88.40304889647085, 22.489141682715481 ], [ 88.403254553084864, 22.489336074916736 ], [ 88.403261958980394, 22.489336011004724 ], [ 88.403306849318739, 22.489380363404614 ], [ 88.403314255216458, 22.48938029949009 ], [ 88.403530916404918, 22.489564271759548 ], [ 88.40378079975568, 22.489737632328822 ], [ 88.404179292465898, 22.489957890504968 ], [ 88.404421140895479, 22.490069371999759 ], [ 88.404551270122141, 22.490119870807387 ], [ 88.40478155473977, 22.490186711843076 ], [ 88.404993009348956, 22.490222741556998 ], [ 88.405159853197105, 22.490241948913372 ], [ 88.405293230167104, 22.490247679261543 ], [ 88.405593591281942, 22.490286381271769 ], [ 88.405897760690536, 22.490335374346948 ], [ 88.405931227677399, 22.490348851050175 ] ] ] } },
{ "type": "Feature", "properties": { "ward": 109, "source_sheet": "109_Haltu.pdf p1", "source": "KMC ward sewerage network map (ArcMap GeoPDF)", "extraction_method": "geopdf_raster_polygonised", "georef_max_residual_m": 0.3 }, "geometry": { "type": "Polygon", "coordinates": [ [ [ 88.398624921310613, 22.489283040222311 ], [ 88.398658247893692, 22.489282753573459 ], [ 88.398676658013557, 22.489272270636082 ], [ 88.398909874283504, 22.489263381419487 ], [ 88.398950292757846, 22.489232059946655 ], [ 88.398945508239251, 22.48912541373587 ], [ 88.39893024288962, 22.489080805197187 ], [ 88.398928812458891, 22.488939714845706 ], [ 88.398909739531888, 22.488884814474208 ], [ 88.398872326349064, 22.488847279514367 ], [ 88.398850004039687, 22.488837146955529 ], [ 88.398683441430308, 22.488845462759127 ], [ 88.398661328423302, 22.488855977544709 ], [ 88.398587409095583, 22.488870379437309 ], [ 88.398532178859654, 22.488901828207336 ], [ 88.398530917424225, 22.489142746061013 ], [ 88.398523999827034, 22.489190986955755 ], [ 88.39852826084217, 22.489246014766071 ], [ 88.398543072653609, 22.489245887376516 ], [ 88.398554321030886, 22.489259556747594 ], [ 88.398598965753649, 22.489279821938208 ], [ 88.398624921310613, 22.489283040222311 ] ] ] } },
{ "type": "Feature", "properties": { "ward": 109, "source_sheet": "109_Haltu.pdf p1", "source": "KMC ward sewerage network map (ArcMap GeoPDF)", "extraction_method": "geopdf_raster_polygonised", "georef_max_residual_m": 0.3 }, "geometry": { "type": "Polygon", "coordinates": [ [ [ 88.406039104751031, 22.490396099507475 ], [ 88.406279026290662, 22.49031831117567 ], [ 88.406293627729909, 22.490297535768246 ], [ 88.406323076110169, 22.490280073466209 ], [ 88.406378445255115, 22.490262386958637 ], [ 88.40639643396328, 22.490210608565185 ], [ 88.406396188436943, 22.490186520049477 ], [ 88.406388677281214, 22.49017626045816 ], [ 88.40638780040922, 22.490090230043936 ], [ 88.406372322144819, 22.490024975043081 ], [ 88.406304441304485, 22.489905108955163 ], [ 88.406244422415355, 22.489829914600676 ], [ 88.406150375637679, 22.48968618408858 ], [ 88.406094130013884, 22.489617840078598 ], [ 88.406030548678203, 22.489556442520406 ], [ 88.406004242325437, 22.489518813266933 ], [ 88.405940731200488, 22.489464298103233 ], [ 88.405914670323881, 22.489450757355517 ], [ 88.405787543078858, 22.489331403268498 ], [ 88.405727454609533, 22.489249326253436 ], [ 88.405675052536367, 22.489194714933404 ], [ 88.405584849944688, 22.489064716889747 ], [ 88.405528674959712, 22.489003255086807 ], [ 88.405479730640536, 22.48892452315631 ], [ 88.405475361753702, 22.488859172012155 ], [ 88.405496773179252, 22.488779831948513 ], [ 88.405470467125014, 22.488742202589474 ], [ 88.405411605801035, 22.488780568079502 ], [ 88.40543068123155, 22.488835467551731 ], [ 88.405458284137794, 22.489000421999499 ], [ 88.405469708396026, 22.489031296946532 ], [ 88.40558251408352, 22.489198956408284 ], [ 88.405904963958477, 22.489588502108631 ], [ 88.406246000608334, 22.489984769360163 ], [ 88.406302597189139, 22.490087525469928 ], [ 88.406295401698415, 22.490108236824014 ], [ 88.406222184126506, 22.490191466546893 ], [ 88.406000882802502, 22.490279418336613 ], [ 88.406016676524871, 22.490375644331838 ], [ 88.406039104751031, 22.490396099507475 ] ] ] } },
{ "type": "Feature", "properties": { "ward": 109, "source_sheet": "109_Haltu.pdf p1", "source": "KMC ward sewerage network map (ArcMap GeoPDF)", "extraction_method": "geopdf_raster_polygonised", "georef_max_residual_m": 0.3 }, "geometry": { "type": "Polygon", "coordinates": [ [ [ 88.398626764584421, 22.489830227371858 ], [ 88.3991590148689, 22.489729285683435 ], [ 88.399347796261267, 22.489720778138011 ], [ 88.39951795808615, 22.489702106045797 ], [ 88.399736014001732, 22.489658930814734 ], [ 88.399887416476119, 22.489616329129966 ], [ 88.400031622432437, 22.489594438429261 ], [ 88.400190465568301, 22.489555213929062 ], [ 88.400360627026387, 22.489536540962511 ], [ 88.400737664928855, 22.489467904491164 ], [ 88.401114877125508, 22.48941647327927 ], [ 88.401288601395706, 22.489384002542455 ], [ 88.401399340455512, 22.489348632936775 ], [ 88.401520978586063, 22.489292520165076 ], [ 88.401620329017305, 22.489229716369124 ], [ 88.401793563471685, 22.489149067971479 ], [ 88.40197022094921, 22.489040857682422 ], [ 88.402187575502907, 22.48892885475464 ], [ 88.40225768654102, 22.488904159490591 ], [ 88.402412895155308, 22.488871847246553 ], [ 88.402575789387797, 22.488867000759527 ], [ 88.402683384426524, 22.488886721808353 ], [ 88.402783783519581, 22.488927154007492 ], [ 88.402787556424812, 22.488934004507733 ], [ 88.402806071113815, 22.48893384478345 ], [ 88.402828113816454, 22.488916446999699 ], [ 88.402864233563335, 22.488826655759382 ], [ 88.402864058635842, 22.488809449647622 ], [ 88.402811902696286, 22.488778925884606 ], [ 88.40271897953464, 22.488745312256984 ], [ 88.402629899265492, 22.488725431523637 ], [ 88.402566879455705, 22.488719092058275 ], [ 88.402392841622998, 22.488720593110727 ], [ 88.402285666396168, 22.488742166537804 ], [ 88.402171260104979, 22.488781009872884 ], [ 88.401994358366153, 22.488865131795659 ], [ 88.401626301736982, 22.489088562346996 ], [ 88.401486358811738, 22.489165482110028 ], [ 88.401349943931507, 22.489225163724626 ], [ 88.401117112463325, 22.489271909934523 ], [ 88.400847146499231, 22.489308651150456 ], [ 88.400514474675134, 22.489370022693201 ], [ 88.399985720461302, 22.489450289505022 ], [ 88.399715998104966, 22.489511117444152 ], [ 88.399634777374402, 22.489535907258361 ], [ 88.399338889642252, 22.489572869101277 ], [ 88.398891633837309, 22.489655872540524 ], [ 88.398580654666702, 22.489665430611389 ], [ 88.398569720178784, 22.489682732299642 ], [ 88.39859689666612, 22.489806393573701 ], [ 88.398604442128999, 22.489820094787309 ], [ 88.398626764584421, 22.489830227371858 ] ] ] } },
{ "type": "Feature", "properties": { "ward": 109, "source_sheet": "109_Haltu.pdf p1", "source": "KMC ward sewerage network map (ArcMap GeoPDF)", "extraction_method": "geopdf_raster_polygonised", "georef_max_residual_m": 0.3 }, "geometry": { "type": "Polygon", "coordinates": [ [ [ 88.393298244746731, 22.488781563573085 ], [ 88.393327868336812, 22.488781309758785 ], [ 88.393368322767174, 22.488753430864218 ], [ 88.393367836259003, 22.488705253554674 ], [ 88.393337517690867, 22.488636682646192 ], [ 88.393315126276008, 22.488619666825002 ], [ 88.393281695530916, 22.4886096286514 ], [ 88.393229854310931, 22.488610072804761 ], [ 88.393163514020031, 22.488641614965253 ], [ 88.393145242508183, 22.488665862237301 ], [ 88.393156629308137, 22.488693296962417 ], [ 88.393197465959929, 22.48870327171343 ], [ 88.393231174700418, 22.48874083979635 ], [ 88.393260798282668, 22.488740585994822 ], [ 88.393275853312005, 22.488764547747675 ], [ 88.393298244746731, 22.488781563573085 ] ] ] } },
{ "type": "Feature", "properties": { "ward": 109, "source_sheet": "109_Haltu.pdf p1", "source": "KMC ward sewerage network map (ArcMap GeoPDF)", "extraction_method": "geopdf_raster_polygonised", "georef_max_residual_m": 0.3 }, "geometry": { "type": "Polygon", "coordinates": [ [ [ 88.410077787227024, 22.489875870759068 ], [ 88.410085193129547, 22.489875806532094 ], [ 88.410096126152794, 22.489858504135125 ], [ 88.410114289241548, 22.48982393145349 ], [ 88.410110515958991, 22.489817081145272 ], [ 88.409969241262104, 22.489763242036357 ], [ 88.409678548023535, 22.489583362187169 ], [ 88.409406862294333, 22.489451498258806 ], [ 88.409272748078052, 22.489373505820886 ], [ 88.409012242199239, 22.489248427326437 ], [ 88.408673132058638, 22.489041432959326 ], [ 88.408304610212355, 22.488855341679873 ], [ 88.408129203128908, 22.488722641568323 ], [ 88.407096947807688, 22.488452814417872 ], [ 88.406396394711237, 22.488390044678415 ], [ 88.406329742193179, 22.488390621147222 ], [ 88.406030086339328, 22.488420744658644 ], [ 88.40565382577482, 22.488565100049605 ], [ 88.405458902696353, 22.488697562765992 ], [ 88.405474064903814, 22.488731846927855 ], [ 88.405481470760137, 22.488731782915508 ], [ 88.405761210551972, 22.488564171724164 ], [ 88.406104495367615, 22.488454516450041 ], [ 88.406441425967174, 22.488448161043348 ], [ 88.406897446317046, 22.48849928043003 ], [ 88.40735000967797, 22.488574519068138 ], [ 88.407840164410061, 22.488704495250879 ], [ 88.408260596516541, 22.488897021101 ], [ 88.408606900828616, 22.489083304950281 ], [ 88.408849207594017, 22.489239515479284 ], [ 88.409351669647847, 22.489486391834912 ], [ 88.409653611747103, 22.489679940846042 ], [ 88.410077787227024, 22.489875870759068 ] ] ] } },
{ "type": "Feature", "properties": { "ward": 109, "source_sheet": "109_Haltu.pdf p1", "source": "KMC ward sewerage network map (ArcMap GeoPDF)", "extraction_method": "geopdf_raster_polygonised", "georef_max_residual_m": 0.3 }, "geometry": { "type": "Polygon", "coordinates": [ [ [ 88.404904374459065, 22.488791834366591 ], [ 88.40496728924208, 22.488787849252684 ], [ 88.405007881323058, 22.488773732431053 ], [ 88.405040927379304, 22.48874591471548 ], [ 88.40505545877997, 22.488718256977037 ], [ 88.405055038306458, 22.488676962347135 ], [ 88.404960678235057, 22.48850226004372 ], [ 88.40488176070626, 22.488389371654353 ], [ 88.404829359292677, 22.488334760020063 ], [ 88.404795997992281, 22.488331606713551 ], [ 88.404751738125299, 22.488349196685832 ], [ 88.404726027875569, 22.488370067925302 ], [ 88.404681803016345, 22.4883910990992 ], [ 88.404670799343521, 22.488401518720657 ], [ 88.404670974490841, 22.488418724819912 ], [ 88.404787586731871, 22.488596676596622 ], [ 88.404889457629778, 22.488781638680138 ], [ 88.404904374459065, 22.488791834366591 ] ] ] } },
{ "type": "Feature", "properties": { "ward": 109, "source_sheet": "109_Haltu.pdf p1", "source": "KMC ward sewerage network map (ArcMap GeoPDF)", "extraction_method": "geopdf_raster_polygonised", "georef_max_residual_m": 0.3 }, "geometry": { "type": "Polygon", "coordinates": [ [ [ 88.401899162817813, 22.488607838141419 ], [ 88.401947265951961, 22.488603981901111 ], [ 88.402043332350488, 22.488582504483137 ], [ 88.40210970535172, 22.488554399993468 ], [ 88.402117006309595, 22.488544012465461 ], [ 88.402116551744925, 22.488499276558873 ], [ 88.402003817465058, 22.487973695201795 ], [ 88.401958858077862, 22.487922459938826 ], [ 88.401925287142404, 22.487898658684628 ], [ 88.40187704441189, 22.487888750009471 ], [ 88.401847525996359, 22.487899329058006 ], [ 88.401832854182913, 22.487913221640987 ], [ 88.401729452286574, 22.487941645200213 ], [ 88.401725994064606, 22.487965765689999 ], [ 88.401741190238866, 22.488003491481592 ], [ 88.401822622101406, 22.488364149694 ], [ 88.401880263596325, 22.488570144296375 ], [ 88.401899162817813, 22.488607838141419 ] ] ] } },
{ "type": "Feature", "properties": { "ward": 109, "source_sheet": "109_Haltu.pdf p1", "source": "KMC ward sewerage network map (ArcMap GeoPDF)", "extraction_method": "geopdf_raster_polygonised", "georef_max_residual_m": 0.3 }, "geometry": { "type": "Polygon", "coordinates": [ [ [ 88.401297677834222, 22.487725108825988 ], [ 88.401382809770041, 22.487720933676496 ], [ 88.401419734003795, 22.487710290890039 ], [ 88.401441811654593, 22.487696334519384 ], [ 88.401441497119123, 22.487665363494912 ], [ 88.401362198450812, 22.487514619724042 ], [ 88.401361918881946, 22.487487089922958 ], [ 88.401320627843702, 22.487432381323686 ], [ 88.401301694008993, 22.487391246164037 ], [ 88.401286707692151, 22.487374167670559 ], [ 88.401249678704744, 22.487374486746866 ], [ 88.401139360428218, 22.487451150885843 ], [ 88.4011251078675, 22.487506338112194 ], [ 88.401125597031793, 22.487554515268815 ], [ 88.401144530840739, 22.487595650449869 ], [ 88.401144705545292, 22.487612856576938 ], [ 88.401189559712961, 22.487653768413423 ], [ 88.401200878086229, 22.487674320046274 ], [ 88.401245662403198, 22.487708349414536 ], [ 88.401297677834222, 22.487725108825988 ] ] ] } },
{ "type": "Feature", "properties": { "ward": 109, "source_sheet": "109_Haltu.pdf p1", "source": "KMC ward sewerage network map (ArcMap GeoPDF)", "extraction_method": "geopdf_raster_polygonised", "georef_max_residual_m": 0.3 }, "geometry": { "type": "Polygon", "coordinates": [ [ [ 88.411899251918342, 22.487650611597289 ], [ 88.411928875031407, 22.487650354376871 ], [ 88.411947248644751, 22.487636428773879 ], [ 88.41203989128087, 22.487642507333394 ], [ 88.412065741079829, 22.487635399824899 ], [ 88.412076603266954, 22.487611214892183 ], [ 88.412124494321816, 22.487586708390122 ], [ 88.412153554010644, 22.487531391783481 ], [ 88.412175630470145, 22.487517433998288 ], [ 88.412201550666211, 22.487517208887546 ], [ 88.41222736521776, 22.487506660145627 ], [ 88.412267850440358, 22.487482217922732 ], [ 88.412315142730279, 22.48739921081598 ], [ 88.412381266327316, 22.487347013764055 ], [ 88.412392198875736, 22.487329711230881 ], [ 88.412398583296991, 22.487229851847886 ], [ 88.412387298574572, 22.487212742292375 ], [ 88.412324103153097, 22.487189200585167 ], [ 88.41227938691469, 22.487162056842578 ], [ 88.412275226240652, 22.487117353284596 ], [ 88.412264011972681, 22.487107126137207 ], [ 88.411797449779868, 22.487111177603449 ], [ 88.411779780277556, 22.487193927383924 ], [ 88.411836414777, 22.487300122642456 ], [ 88.411811832376131, 22.487431113660588 ], [ 88.411894844895386, 22.487581819560329 ], [ 88.411899251918342, 22.487650611597289 ] ] ] } },
{ "type": "Feature", "properties": { "ward": 109, "source_sheet": "109_Haltu.pdf p1", "source": "KMC ward sewerage network map (ArcMap GeoPDF)", "extraction_method": "geopdf_raster_polygonised", "georef_max_residual_m": 0.3 }, "geometry": { "type": "Polygon", "coordinates": [ [ [ 88.416953258406096, 22.487203991724403 ], [ 88.417130430753531, 22.487147383547697 ], [ 88.41715980634045, 22.487123036958824 ], [ 88.417181528829815, 22.48707466649827 ], [ 88.417180928111449, 22.487016166067463 ], [ 88.41716198976242, 22.486975033007404 ], [ 88.417079007434509, 22.486827771287672 ], [ 88.417034290467541, 22.486800628905357 ], [ 88.416967639016576, 22.486801209733699 ], [ 88.416927084221655, 22.486818770682255 ], [ 88.416880501515408, 22.486970603042852 ], [ 88.416900464336535, 22.487111531004889 ], [ 88.416953258406096, 22.487203991724403 ] ] ] } },
{ "type": "Feature", "properties": { "ward": 109, "source_sheet": "109_Haltu.pdf p1", "source": "KMC ward sewerage network map (ArcMap GeoPDF)", "extraction_method": "geopdf_raster_polygonised", "georef_max_residual_m": 0.3 }, "geometry": { "type": "Polygon", "coordinates": [ [ [ 88.417268772027285, 22.486915596649183 ], [ 88.417364905048473, 22.486900992675775 ], [ 88.417371427250316, 22.486814898081956 ], [ 88.417308231286853, 22.486791358362677 ], [ 88.417271202710126, 22.486791681111285 ], [ 88.41726016481276, 22.486798660337811 ], [ 88.417238442388737, 22.486847030806945 ], [ 88.417238937113638, 22.486895207632148 ], [ 88.417268772027285, 22.486915596649183 ] ] ] } },
{ "type": "Feature", "properties": { "ward": 109, "source_sheet": "109_Haltu.pdf p1", "source": "KMC ward sewerage network map (ArcMap GeoPDF)", "extraction_method": "geopdf_raster_polygonised", "georef_max_residual_m": 0.3 }, "geometry": { "type": "Polygon", "coordinates": [ [ [ 88.417635072454956, 22.486884871442591 ], [ 88.41765355140511, 22.486881268825748 ], [ 88.417660674340681, 22.486853674649524 ], [ 88.417675344382559, 22.486839780710344 ], [ 88.417675096945104, 22.48681569230218 ], [ 88.417652667713099, 22.486795238795871 ], [ 88.417623044855361, 22.486795497058775 ], [ 88.417589825178041, 22.486806111201954 ], [ 88.417575155130493, 22.486820005133659 ], [ 88.417549235124511, 22.486820231101781 ], [ 88.417482477648775, 22.486810488539135 ], [ 88.417467277444118, 22.486772764439294 ], [ 88.417459836387536, 22.486769387795444 ], [ 88.417430213532825, 22.486769646022626 ], [ 88.417404505583178, 22.486790519176502 ], [ 88.417405459804897, 22.4868834316188 ], [ 88.417442347033727, 22.486869344032119 ], [ 88.417509069191951, 22.486875645408613 ], [ 88.417527477455778, 22.486865160403376 ], [ 88.417571911766302, 22.486864773032174 ], [ 88.417583126381771, 22.486874999791315 ], [ 88.417635072454956, 22.486884871442591 ] ] ] } },
{ "type": "Feature", "properties": { "ward": 109, "source_sheet": "109_Haltu.pdf p1", "source": "KMC ward sewerage network map (ArcMap GeoPDF)", "extraction_method": "geopdf_raster_polygonised", "georef_max_residual_m": 0.3 }, "geometry": { "type": "Polygon", "coordinates": [ [ [ 88.398592495388002, 22.487545347063783 ], [ 88.398636895399093, 22.48754152367173 ], [ 88.398666344260121, 22.487524062744189 ], [ 88.398746936173254, 22.487437331341013 ], [ 88.398787110004534, 22.487381921324424 ], [ 88.39890836389597, 22.487287957028343 ], [ 88.398908015045436, 22.487253544739747 ], [ 88.398843809956503, 22.487130201989249 ], [ 88.398821313518681, 22.487102863264962 ], [ 88.398824388526378, 22.487040889290665 ], [ 88.398831654782811, 22.487027060672123 ], [ 88.398830992011867, 22.486961677319414 ], [ 88.398819674043011, 22.486941125497541 ], [ 88.398789911387766, 22.486927615384523 ], [ 88.398615875513357, 22.486929112245257 ], [ 88.398586461643504, 22.486950014388199 ], [ 88.398457348657274, 22.48699930614217 ], [ 88.398305843857116, 22.487031582684228 ], [ 88.398213585304504, 22.487063349705451 ], [ 88.398172888322208, 22.487067141137821 ], [ 88.398147072651412, 22.487077687678731 ], [ 88.398143578950638, 22.487098366894607 ], [ 88.398158774064882, 22.487136093082327 ], [ 88.39818902485095, 22.487197780531908 ], [ 88.398222804225242, 22.48724222998711 ], [ 88.39825267150718, 22.487266063893241 ], [ 88.398274888910905, 22.487265872862427 ], [ 88.398319567811214, 22.487289579399675 ], [ 88.39837158278597, 22.48730633978257 ], [ 88.398394044301938, 22.487330237342213 ], [ 88.398409413876237, 22.487385169648267 ], [ 88.39845472057101, 22.487470818274954 ], [ 88.398477077504481, 22.487484392132259 ], [ 88.398529057693366, 22.487497711229913 ], [ 88.398592495388002, 22.487545347063783 ] ] ] } },
{ "type": "Feature", "properties": { "ward": 109, "source_sheet": "109_Haltu.pdf p1", "source": "KMC ward sewerage network map (ArcMap GeoPDF)", "extraction_method": "geopdf_raster_polygonised", "georef_max_residual_m": 0.3 }, "geometry": { "type": "Polygon", "coordinates": [ [ [ 88.390265113126148, 22.493911320928049 ], [ 88.3903757202294, 22.493862193639838 ], [ 88.390375165265056, 22.493807133822056 ], [ 88.390290194377656, 22.493460265333695 ], [ 88.39016548833709, 22.492845296708403 ], [ 88.390139767537192, 22.492497921481942 ], [ 88.390138761901966, 22.492398125535004 ], [ 88.390100753231891, 22.491933843097446 ], [ 88.390069464560952, 22.491768916837074 ], [ 88.390044784548607, 22.491524778731243 ], [ 88.389982589046426, 22.491232779786756 ], [ 88.389944102710373, 22.491088564222068 ], [ 88.389804595159575, 22.490841965977715 ], [ 88.389789679126025, 22.490831768850605 ], [ 88.389767045091574, 22.490790663851136 ], [ 88.389729633708058, 22.490753126677614 ], [ 88.389654395057264, 22.490636757408616 ], [ 88.38919265385195, 22.490017784356052 ], [ 88.389046019980597, 22.489798778506216 ], [ 88.388936866705052, 22.489624192377761 ], [ 88.388906619328566, 22.489562503027795 ], [ 88.388695996826655, 22.489240797146071 ], [ 88.38842851503469, 22.488788797902377 ], [ 88.388394772892156, 22.488747787506096 ], [ 88.388154113845331, 22.488385038736542 ], [ 88.387958272104427, 22.488059763992311 ], [ 88.387814929945719, 22.487799430226612 ], [ 88.387668335319844, 22.487583864081945 ], [ 88.387551572148965, 22.487388692510844 ], [ 88.387412003610194, 22.48713520919161 ], [ 88.38730676510184, 22.486981237580927 ], [ 88.387299359281172, 22.486981300753545 ], [ 88.387229488326113, 22.48703007832238 ], [ 88.387436539389995, 22.4873655831198 ], [ 88.387579776549103, 22.48761559355799 ], [ 88.387839155056341, 22.487998832832119 ], [ 88.388016447090934, 22.488320824521058 ], [ 88.388245996807584, 22.48868366835395 ], [ 88.38840816721752, 22.488974814743298 ], [ 88.388664055522483, 22.489378731456753 ], [ 88.388777222978888, 22.489584257363639 ], [ 88.389006465090517, 22.48991612867124 ], [ 88.389126935560057, 22.490111267285883 ], [ 88.389348253609271, 22.490391582641184 ], [ 88.38953970591129, 22.490648062093449 ], [ 88.3895510575408, 22.490672055853459 ], [ 88.389644811168537, 22.490788266948631 ], [ 88.389905380349632, 22.491288504339348 ], [ 88.389949268606188, 22.491601309027182 ], [ 88.389987380634921, 22.492075915269023 ], [ 88.390049028997566, 22.492681098627351 ], [ 88.390104304812624, 22.493021338124173 ], [ 88.390189587029099, 22.493399177917613 ], [ 88.390236486317448, 22.493643125942206 ], [ 88.390265113126148, 22.493911320928049 ] ] ] } },
{ "type": "Feature", "properties": { "ward": 109, "source_sheet": "109_Haltu.pdf p1", "source": "KMC ward sewerage network map (ArcMap GeoPDF)", "extraction_method": "geopdf_raster_polygonised", "georef_max_residual_m": 0.3 }, "geometry": { "type": "Polygon", "coordinates": [ [ [ 88.392314517356652, 22.487079545859434 ], [ 88.392407055257053, 22.487075312055371 ], [ 88.392425396158714, 22.487057947343462 ], [ 88.392432593619745, 22.487037236504207 ], [ 88.392431864405069, 22.486964970495531 ], [ 88.392359946754453, 22.486810717118331 ], [ 88.392303431100046, 22.486714837956033 ], [ 88.392251139210444, 22.486670545653329 ], [ 88.392188085852993, 22.486660760816424 ], [ 88.392106726328393, 22.486671781871259 ], [ 88.392047757730595, 22.486699818913845 ], [ 88.392015021805221, 22.486758605231728 ], [ 88.392000696205685, 22.486806909357341 ], [ 88.392004885095062, 22.486855055012242 ], [ 88.392023850877422, 22.48689963264955 ], [ 88.392042573669315, 22.486920121610005 ], [ 88.392076038642585, 22.486933601306934 ], [ 88.392116770559269, 22.486933252647052 ], [ 88.39214628961895, 22.48692267535289 ], [ 88.392171932183516, 22.486894923556981 ], [ 88.392220069887813, 22.486894511475331 ], [ 88.392254020949522, 22.48695616847807 ], [ 88.392254680631225, 22.487021552014795 ], [ 88.392262260040212, 22.487038694808135 ], [ 88.392288492857816, 22.487069444052207 ], [ 88.392314517356652, 22.487079545859434 ] ] ] } },
{ "type": "Feature", "properties": { "ward": 109, "source_sheet": "109_Haltu.pdf p1", "source": "KMC ward sewerage network map (ArcMap GeoPDF)", "extraction_method": "geopdf_raster_polygonised", "georef_max_residual_m": 0.3 }, "geometry": { "type": "Polygon", "coordinates": [ [ [ 88.406361580883953, 22.487881000706551 ], [ 88.406420827349066, 22.487880488290571 ], [ 88.406450380435899, 22.487873349639539 ], [ 88.40648349612961, 22.487852414085584 ], [ 88.406549937935893, 22.487831190262529 ], [ 88.406668325578863, 22.487819841621103 ], [ 88.40670881194886, 22.487795400741255 ], [ 88.406763759105772, 22.487736419544653 ], [ 88.406808053576398, 22.487722270258313 ], [ 88.40683009556318, 22.487704871959902 ], [ 88.406977895738123, 22.487672619507599 ], [ 88.40701845218021, 22.487655060987894 ], [ 88.407088737047403, 22.487647569777454 ], [ 88.407177255666724, 22.487612388587387 ], [ 88.407366103337552, 22.487610754248593 ], [ 88.407443583365165, 22.487582551492615 ], [ 88.407573184667157, 22.487581429698668 ], [ 88.407706243133461, 22.487556187234862 ], [ 88.40775808363955, 22.48755573844581 ], [ 88.407847128608154, 22.487572175131888 ], [ 88.407925170238968, 22.487599031596641 ], [ 88.408210222835947, 22.487589680229039 ], [ 88.40825088443016, 22.487582445052841 ], [ 88.408461949329919, 22.487580617020935 ], [ 88.4084954158551, 22.487594093217172 ], [ 88.408562138178155, 22.487600398301225 ], [ 88.408802896479202, 22.487605195643127 ], [ 88.408921599847446, 22.487624816290136 ], [ 88.408962331672555, 22.487624463363446 ], [ 88.40902143741954, 22.487610185142238 ], [ 88.409036038174307, 22.487589409515049 ], [ 88.409084140633936, 22.487585551171563 ], [ 88.409098811651575, 22.487571657966523 ], [ 88.409139367765661, 22.487554098927941 ], [ 88.409305541000904, 22.487507919077622 ], [ 88.409379247346862, 22.487472865079322 ], [ 88.409419662812454, 22.487441541120393 ], [ 88.409441177224224, 22.48737252428511 ], [ 88.409440685186411, 22.487324347299985 ], [ 88.409417308099805, 22.487210979831584 ], [ 88.409419534904401, 22.487066416776518 ], [ 88.40941149655184, 22.487004539124055 ], [ 88.409396157890669, 22.486953049298418 ], [ 88.409391963005234, 22.486904904403499 ], [ 88.409353704282353, 22.486784782860433 ], [ 88.409270976085764, 22.486661605181478 ], [ 88.4091962511161, 22.486596863910336 ], [ 88.409151746456033, 22.486590366540508 ], [ 88.409118561212821, 22.486604420182069 ], [ 88.409077829688925, 22.48660477313296 ], [ 88.408970095250396, 22.486571291448087 ], [ 88.408943929270919, 22.486547427530116 ], [ 88.408847760179313, 22.486558585298141 ], [ 88.408799798575757, 22.486576208411694 ], [ 88.408736814733956, 22.4865733125372 ], [ 88.408644067470433, 22.486556908389463 ], [ 88.408447885841227, 22.486565490725429 ], [ 88.40840704896101, 22.486555519860996 ], [ 88.408210832188175, 22.486560660693634 ], [ 88.408155254084178, 22.486557700458633 ], [ 88.408114206554629, 22.486527082225582 ], [ 88.408058593354184, 22.486520680740817 ], [ 88.407936398797759, 22.486521738755425 ], [ 88.407862657433554, 22.486553350874573 ], [ 88.407836667159415, 22.486546692846559 ], [ 88.407714542771501, 22.486554633126357 ], [ 88.407680901065078, 22.486523950668627 ], [ 88.407662070834078, 22.48649313999044 ], [ 88.407617566253961, 22.486486642191387 ], [ 88.407572956383646, 22.486469820730715 ], [ 88.407547036330897, 22.486470045087216 ], [ 88.407455061326218, 22.486529347007561 ], [ 88.4073661223443, 22.486523233716163 ], [ 88.407302892884275, 22.486496248761149 ], [ 88.407236206209376, 22.486493384341589 ], [ 88.407132876834382, 22.486528693697029 ], [ 88.407036812800499, 22.486550174042286 ], [ 88.406959087661249, 22.486554288060233 ], [ 88.406874062021203, 22.486568789763783 ], [ 88.406841087005049, 22.486603490252218 ], [ 88.406778278538525, 22.486617799698063 ], [ 88.406712188110205, 22.486673435762658 ], [ 88.406645852101065, 22.486704983278962 ], [ 88.406361292001051, 22.486762508845207 ], [ 88.406276090822402, 22.486759804151777 ], [ 88.406209228693612, 22.486739733221317 ], [ 88.405920299328017, 22.486731906887531 ], [ 88.40589448437855, 22.486742454637046 ], [ 88.405813862454153, 22.486825748155823 ], [ 88.40576230260649, 22.486853726056967 ], [ 88.405684682379672, 22.486868163127568 ], [ 88.405617995519691, 22.486865298045778 ], [ 88.40557384137297, 22.486893211875277 ], [ 88.405507329738242, 22.4869075528444 ], [ 88.405392435333582, 22.486898221280871 ], [ 88.405340384759157, 22.486878021979603 ], [ 88.405292177246309, 22.486871555539736 ], [ 88.404966323870497, 22.486874371156237 ], [ 88.404870154094766, 22.486885526577566 ], [ 88.404799939493415, 22.486899899247902 ], [ 88.404755785158727, 22.486927812862053 ], [ 88.404689623677683, 22.486976565702996 ], [ 88.404649382338391, 22.48702509462715 ], [ 88.404631323257746, 22.487069990416604 ], [ 88.404629056448002, 22.487211112439695 ], [ 88.404647956188768, 22.487248805939842 ], [ 88.404700287043823, 22.487296535224264 ], [ 88.404711710974723, 22.487327410247119 ], [ 88.404711956175177, 22.487351498788847 ], [ 88.40469749488777, 22.48738603893754 ], [ 88.404694457532571, 22.487451454108463 ], [ 88.404720938265385, 22.487506289724088 ], [ 88.404773374337751, 22.48756434263727 ], [ 88.404862874483712, 22.487625516849516 ], [ 88.404877756148977, 22.487632271326412 ], [ 88.404959254979715, 22.487635008725888 ], [ 88.405011270759218, 22.487651766917121 ], [ 88.405055985862433, 22.48767891273992 ], [ 88.405093119986319, 22.487688916443748 ], [ 88.405181989609162, 22.48768814851719 ], [ 88.405292936457883, 22.487673423663171 ], [ 88.405374785764806, 22.487710573042101 ], [ 88.405419325718555, 22.487720512664062 ], [ 88.40547888757385, 22.48775097156836 ], [ 88.405538309255036, 22.487767665573845 ], [ 88.405586446985922, 22.487767249485373 ], [ 88.405638427827043, 22.487780566248777 ], [ 88.405701377170317, 22.487780022090799 ], [ 88.405734808456501, 22.487790057652834 ], [ 88.405883029734298, 22.487799100807877 ], [ 88.405931307707249, 22.487812449488867 ], [ 88.405964633833833, 22.48781216134735 ], [ 88.40612784207174, 22.487838282299887 ], [ 88.406268903074604, 22.487871477659823 ], [ 88.406361580883953, 22.487881000706551 ] ] ] } },
{ "type": "Feature", "properties": { "ward": 109, "source_sheet": "109_Haltu.pdf p1", "source": "KMC ward sewerage network map (ArcMap GeoPDF)", "extraction_method": "geopdf_raster_polygonised", "georef_max_residual_m": 0.3 }, "geometry": { "type": "Polygon", "coordinates": [ [ [ 88.401234690450323, 22.486627804620742 ], [ 88.401275387175758, 22.486624012425601 ], [ 88.401315839294298, 22.4865961316412 ], [ 88.401378543604096, 22.486571500619977 ], [ 88.401419030631672, 22.486547061036806 ], [ 88.401448339124173, 22.486515834725481 ], [ 88.40144777998016, 22.486460775118427 ], [ 88.401406384401895, 22.486395742843982 ], [ 88.401391153573016, 22.486354575774349 ], [ 88.401331173819486, 22.486282820569279 ], [ 88.401293516161957, 22.486221197577173 ], [ 88.401252505083718, 22.486194018738402 ], [ 88.401211773542244, 22.48619436969566 ], [ 88.401101001952867, 22.486226297834179 ], [ 88.401053144152655, 22.486254242365113 ], [ 88.401034944229337, 22.486285372905229 ], [ 88.401039171140724, 22.486336959396205 ], [ 88.401110294333037, 22.486412060234265 ], [ 88.401155567354081, 22.486494266817058 ], [ 88.401155707111258, 22.486508031720529 ], [ 88.401197347195932, 22.486597152643171 ], [ 88.401234690450323, 22.486627804620742 ] ] ] } },
{ "type": "Feature", "properties": { "ward": 109, "source_sheet": "109_Haltu.pdf p1", "source": "KMC ward sewerage network map (ArcMap GeoPDF)", "extraction_method": "geopdf_raster_polygonised", "georef_max_residual_m": 0.3 }, "geometry": { "type": "Polygon", "coordinates": [ [ [ 88.417616152346952, 22.486124462784524 ], [ 88.417645775061985, 22.486124204530238 ], [ 88.417660480379482, 22.486113751796577 ], [ 88.417727025436562, 22.486102847094525 ], [ 88.417737886513095, 22.486078661832543 ], [ 88.417733582753826, 22.486020193692703 ], [ 88.417662946088242, 22.485993277461095 ], [ 88.417633288055555, 22.485990094515522 ], [ 88.417603488644033, 22.485973146757868 ], [ 88.417573865960591, 22.485973405002728 ], [ 88.417544596711991, 22.486008075259345 ], [ 88.417538003938617, 22.486087287457675 ], [ 88.417579017918726, 22.486114461989896 ], [ 88.417608675977434, 22.486117644944105 ], [ 88.417616152346952, 22.486124462784524 ] ] ] } },
{ "type": "Feature", "properties": { "ward": 109, "source_sheet": "109_Haltu.pdf p1", "source": "KMC ward sewerage network map (ArcMap GeoPDF)", "extraction_method": "geopdf_raster_polygonised", "georef_max_residual_m": 0.3 }, "geometry": { "type": "Polygon", "coordinates": [ [ [ 88.41702997997551, 22.486380802233416 ], [ 88.417111442611528, 22.486380092309531 ], [ 88.417137079867587, 22.486352336798689 ], [ 88.417165571926674, 22.48624196016101 ], [ 88.417161445069837, 22.486200698005909 ], [ 88.417097719430629, 22.486125540151544 ], [ 88.417052896699531, 22.486088074153457 ], [ 88.416922484768264, 22.486010055837095 ], [ 88.416885138447981, 22.485979407662082 ], [ 88.416848004101581, 22.485969406694085 ], [ 88.416818558037036, 22.485986870814138 ], [ 88.416789394564177, 22.486031864551837 ], [ 88.416782836683623, 22.48611451794407 ], [ 88.416768307918261, 22.486142176615129 ], [ 88.416750606169145, 22.486221485589017 ], [ 88.416747680460105, 22.486297224312189 ], [ 88.416777550498878, 22.486321054634704 ], [ 88.41686306922746, 22.486354724601707 ], [ 88.41702997997551, 22.486380802233416 ] ] ] } },
{ "type": "Feature", "properties": { "ward": 109, "source_sheet": "109_Haltu.pdf p1", "source": "KMC ward sewerage network map (ArcMap GeoPDF)", "extraction_method": "geopdf_raster_polygonised", "georef_max_residual_m": 0.3 }, "geometry": { "type": "Polygon", "coordinates": [ [ [ 88.396239152473328, 22.486636355929175 ], [ 88.396298363846242, 22.4866324060275 ], [ 88.396349925696228, 22.486604431061345 ], [ 88.396441592450671, 22.486514164141649 ], [ 88.396478133754201, 22.486465668922577 ], [ 88.396495951684926, 22.486396685284184 ], [ 88.396495220383841, 22.486324419395302 ], [ 88.39647600952658, 22.48625575371986 ], [ 88.396449706342636, 22.486218122727898 ], [ 88.396341626551589, 22.486150220096221 ], [ 88.396293315096798, 22.486133427229618 ], [ 88.396078652855479, 22.48614559470456 ], [ 88.396004943482552, 22.486180642758963 ], [ 88.395935076186447, 22.486229423932627 ], [ 88.395890746091254, 22.486240129030708 ], [ 88.395828145251627, 22.486275081660541 ], [ 88.395754366131271, 22.48630324713865 ], [ 88.395662107383288, 22.486335012706746 ], [ 88.395591857067046, 22.486345940165425 ], [ 88.39554368482132, 22.486342912010119 ], [ 88.395517903857268, 22.486356899368232 ], [ 88.395466655099526, 22.486415845181522 ], [ 88.395452400341085, 22.486471032022017 ], [ 88.395453061509301, 22.486536415473314 ], [ 88.395486735472446, 22.486570541855652 ], [ 88.395490577556487, 22.48658427501864 ], [ 88.39557137984049, 22.486518192525814 ], [ 88.395645019902048, 22.486476262188525 ], [ 88.395759739683569, 22.486468394585241 ], [ 88.39582289754442, 22.486488501717563 ], [ 88.39588266581886, 22.486539611709663 ], [ 88.395946380698192, 22.486614778527343 ], [ 88.396038639553453, 22.486583012791421 ], [ 88.396094182842319, 22.486582535985324 ], [ 88.396183469899995, 22.48662306785371 ], [ 88.396239152473328, 22.486636355929175 ] ] ] } },
{ "type": "Feature", "properties": { "ward": 109, "source_sheet": "109_Haltu.pdf p1", "source": "KMC ward sewerage network map (ArcMap GeoPDF)", "extraction_method": "geopdf_raster_polygonised", "georef_max_residual_m": 0.3 }, "geometry": { "type": "Polygon", "coordinates": [ [ [ 88.417649363364404, 22.485752490194997 ], [ 88.417671544994803, 22.48574885530164 ], [ 88.417671332917422, 22.485728208091825 ], [ 88.417682193978507, 22.48570402283352 ], [ 88.417693231769434, 22.485697043582732 ], [ 88.417733927528388, 22.485693247267079 ], [ 88.417744894619773, 22.485679385609824 ], [ 88.417774446541117, 22.485672244933731 ], [ 88.417777795881065, 22.485637800634102 ], [ 88.417773916311972, 22.485620626910897 ], [ 88.417762701789869, 22.485610400158997 ], [ 88.417681062896079, 22.485593904380405 ], [ 88.417647737469082, 22.48559419491686 ], [ 88.417625661896878, 22.485608153411054 ], [ 88.417625803276437, 22.48562191821809 ], [ 88.417596604798504, 22.485663470884678 ], [ 88.41758588510109, 22.48570142094507 ], [ 88.417589693961745, 22.485711712270174 ], [ 88.417604540620104, 22.485715024350146 ], [ 88.417649363364404, 22.485752490194997 ] ] ] } },
{ "type": "Feature", "properties": { "ward": 109, "source_sheet": "109_Haltu.pdf p1", "source": "KMC ward sewerage network map (ArcMap GeoPDF)", "extraction_method": "geopdf_raster_polygonised", "georef_max_residual_m": 0.3 }, "geometry": { "type": "Polygon", "coordinates": [ [ [ 88.417706841284883, 22.485579913596258 ], [ 88.417714246934423, 22.485579849030518 ], [ 88.417713822770764, 22.485538554610731 ], [ 88.417728315939982, 22.485507454663708 ], [ 88.417802230998745, 22.485493044176987 ], [ 88.417802054253642, 22.485475838169233 ], [ 88.417794613261094, 22.485472461537157 ], [ 88.417790521603791, 22.485434640604392 ], [ 88.417779271748003, 22.485420972651095 ], [ 88.417719814539026, 22.485400841977661 ], [ 88.417712267512442, 22.485387141736275 ], [ 88.417660428036797, 22.485387593684958 ], [ 88.417642090662568, 22.485404961100301 ], [ 88.417620297874095, 22.48544644920727 ], [ 88.417613210330117, 22.485477484584901 ], [ 88.417595014314216, 22.485508616803006 ], [ 88.417595191033996, 22.485525822812239 ], [ 88.417628834548864, 22.485556503103552 ], [ 88.417706841284883, 22.485579913596258 ] ] ] } },
{ "type": "Feature", "properties": { "ward": 109, "source_sheet": "109_Haltu.pdf p1", "source": "KMC ward sewerage network map (ArcMap GeoPDF)", "extraction_method": "geopdf_raster_polygonised", "georef_max_residual_m": 0.3 }, "geometry": { "type": "Polygon", "coordinates": [ [ [ 88.410618451761195, 22.485889346531991 ], [ 88.410655480204426, 22.485889025323825 ], [ 88.410718217508759, 22.485867831978744 ], [ 88.410876595496035, 22.485783861544377 ], [ 88.411123524753052, 22.485668148923157 ], [ 88.4111712394173, 22.485626436667491 ], [ 88.411189472113278, 22.485598746311886 ], [ 88.411196561111439, 22.485567711143215 ], [ 88.411192189747652, 22.485502360259979 ], [ 88.411165742140824, 22.485450967017364 ], [ 88.411068342673104, 22.485341683657836 ], [ 88.411057163821781, 22.485334897624032 ], [ 88.411012765055304, 22.485338724386203 ], [ 88.410898680914144, 22.485408544572937 ], [ 88.410700170135158, 22.485551368960387 ], [ 88.410501869956548, 22.485714840395801 ], [ 88.41049135930561, 22.485773437357725 ], [ 88.41051050656084, 22.48583521859133 ], [ 88.410573947286309, 22.485882849546233 ], [ 88.410618451761195, 22.485889346531991 ] ] ] } },
{ "type": "Feature", "properties": { "ward": 109, "source_sheet": "109_Haltu.pdf p1", "source": "KMC ward sewerage network map (ArcMap GeoPDF)", "extraction_method": "geopdf_raster_polygonised", "georef_max_residual_m": 0.3 }, "geometry": { "type": "Polygon", "coordinates": [ [ [ 88.394468945116671, 22.486262650979697 ], [ 88.39457248664759, 22.486247997005105 ], [ 88.394601935798178, 22.486230536805717 ], [ 88.394609167670922, 22.486213267121428 ], [ 88.394608437355828, 22.486141001172562 ], [ 88.394600370847613, 22.486075681200042 ], [ 88.394581439161414, 22.486034545133528 ], [ 88.394584585618659, 22.485979453608966 ], [ 88.394614034712745, 22.48596199340977 ], [ 88.394613721722976, 22.48593102228801 ], [ 88.394642823030438, 22.485879149726788 ], [ 88.394701721154178, 22.485844229304526 ], [ 88.394794188520237, 22.485833111703087 ], [ 88.394849905450883, 22.485849841518167 ], [ 88.394906005015187, 22.485904424902092 ], [ 88.39492511069686, 22.485962767103594 ], [ 88.39492549332526, 22.486000620691645 ], [ 88.394911099245562, 22.486042042554683 ], [ 88.39485971119565, 22.486087223243054 ], [ 88.394860128591631, 22.486128518066895 ], [ 88.394875253145486, 22.486159362148751 ], [ 88.394956785998801, 22.486165545897375 ], [ 88.395031121827827, 22.486192440540218 ], [ 88.395049636213642, 22.486192281725327 ], [ 88.39509019391771, 22.486174726150328 ], [ 88.395137565934888, 22.486098606042081 ], [ 88.395137426775563, 22.486084841102404 ], [ 88.395096103750689, 22.486026689518056 ], [ 88.395058240118829, 22.485944417512247 ], [ 88.394949326338278, 22.485793924252373 ], [ 88.394899206422849, 22.485598186709865 ], [ 88.394853519935651, 22.485474683330363 ], [ 88.394816178324291, 22.485444029782364 ], [ 88.394705092592957, 22.485444982448733 ], [ 88.394646020750102, 22.485462696685754 ], [ 88.394590929952386, 22.48550790903802 ], [ 88.394565601105214, 22.485566632310018 ], [ 88.394551485150131, 22.485635584034075 ], [ 88.394552215417576, 22.485707849989229 ], [ 88.394575093338872, 22.485773042963046 ], [ 88.394575684521428, 22.485831543972825 ], [ 88.394561186024688, 22.485862642102262 ], [ 88.39453547458794, 22.485883511776265 ], [ 88.394535544137142, 22.485890394248049 ], [ 88.394380510385744, 22.485939905019581 ], [ 88.394314206390376, 22.485974888822359 ], [ 88.394266208119433, 22.485989066458242 ], [ 88.394229492294457, 22.486020355029847 ], [ 88.394214958934356, 22.486048011896052 ], [ 88.394208213754951, 22.486113458873064 ], [ 88.394219670056103, 22.486147776003932 ], [ 88.394245868340107, 22.486175083682987 ], [ 88.394405857068733, 22.486249425772822 ], [ 88.394468945116671, 22.486262650979697 ] ] ] } },
{ "type": "Feature", "properties": { "ward": 109, "source_sheet": "109_Haltu.pdf p1", "source": "KMC ward sewerage network map (ArcMap GeoPDF)", "extraction_method": "geopdf_raster_polygonised", "georef_max_residual_m": 0.3 }, "geometry": { "type": "Polygon", "coordinates": [ [ [ 88.408774118293067, 22.485874361012012 ], [ 88.408844437254743, 22.485870310299791 ], [ 88.408873216933927, 22.485787464506981 ], [ 88.408869233059733, 22.485759966869146 ], [ 88.408835731826827, 22.48574304951201 ], [ 88.408824377404116, 22.485719057245557 ], [ 88.40882406125678, 22.485688086311985 ], [ 88.408801703697875, 22.485674513924319 ], [ 88.408793981874823, 22.485643607146741 ], [ 88.408793314470046, 22.485578224063136 ], [ 88.408778257231234, 22.485554263869858 ], [ 88.408759743039226, 22.485554424257131 ], [ 88.408729979832145, 22.485540916012152 ], [ 88.408699970761944, 22.485503319255614 ], [ 88.408665802271415, 22.485421018770062 ], [ 88.40863974193644, 22.485407478431348 ], [ 88.408583110666186, 22.485301281860277 ], [ 88.408552645129845, 22.485218949269875 ], [ 88.40853381490561, 22.485188138689583 ], [ 88.408485607891151, 22.485181673181465 ], [ 88.40844872007068, 22.48519575874408 ], [ 88.408386158244269, 22.485234157287877 ], [ 88.408353148805034, 22.485265416840072 ], [ 88.40830885528402, 22.485279566507241 ], [ 88.408309241538575, 22.485317419880825 ], [ 88.408346831707462, 22.485372158662127 ], [ 88.408362099546096, 22.485416766194991 ], [ 88.408355641993126, 22.485509743152971 ], [ 88.408389845445555, 22.485595484927241 ], [ 88.40847666135069, 22.485756484444771 ], [ 88.408517778957233, 22.485793985026397 ], [ 88.408610631063468, 22.4858207129205 ], [ 88.40867368481193, 22.485830491292216 ], [ 88.408696182883631, 22.485857828556608 ], [ 88.408774118293067, 22.485874361012012 ] ] ] } },
{ "type": "Feature", "properties": { "ward": 109, "source_sheet": "109_Haltu.pdf p1", "source": "KMC ward sewerage network map (ArcMap GeoPDF)", "extraction_method": "geopdf_raster_polygonised", "georef_max_residual_m": 0.3 }, "geometry": { "type": "Polygon", "coordinates": [ [ [ 88.417605160217306, 22.485054249027453 ], [ 88.417649558603827, 22.485050420462628 ], [ 88.417679004363848, 22.485032956204353 ], [ 88.417723438086654, 22.485032568821492 ], [ 88.417726646048152, 22.484984359712922 ], [ 88.417744983358958, 22.484966992290492 ], [ 88.417748262006228, 22.484925665585312 ], [ 88.41768143474826, 22.484909040652784 ], [ 88.417655338377372, 22.484892060609575 ], [ 88.417577473410688, 22.484882414878246 ], [ 88.417547638908971, 22.484862025893229 ], [ 88.417469879982747, 22.484862703715507 ], [ 88.417455139437109, 22.484869715224928 ], [ 88.417433240648975, 22.484900879700788 ], [ 88.417426188422056, 22.484935356275294 ], [ 88.417422909678677, 22.484976682978807 ], [ 88.41743066868689, 22.485011030450924 ], [ 88.417456765055732, 22.485028010530531 ], [ 88.417493899182247, 22.485038011370062 ], [ 88.41752722447832, 22.485037720872256 ], [ 88.417605160217306, 22.485054249027453 ] ] ] } },
{ "type": "Feature", "properties": { "ward": 109, "source_sheet": "109_Haltu.pdf p1", "source": "KMC ward sewerage network map (ArcMap GeoPDF)", "extraction_method": "geopdf_raster_polygonised", "georef_max_residual_m": 0.3 }, "geometry": { "type": "Polygon", "coordinates": [ [ [ 88.39987371707825, 22.485345511002169 ], [ 88.399943966447751, 22.485334581718121 ], [ 88.400220248446018, 22.48519110055614 ], [ 88.400415835624628, 22.485124027441511 ], [ 88.400452479911863, 22.485085855084666 ], [ 88.400456043072751, 22.485072058288797 ], [ 88.400454751053815, 22.484944732869849 ], [ 88.400462051966187, 22.484934345415688 ], [ 88.400461737691245, 22.48490337436758 ], [ 88.400450419673632, 22.484882822658907 ], [ 88.400409409157305, 22.484855643572669 ], [ 88.400379472236764, 22.484824927596414 ], [ 88.400331230667646, 22.484815018394798 ], [ 88.400290499513545, 22.484815369098762 ], [ 88.399700698720181, 22.485082002464139 ], [ 88.39970485527391, 22.485126706567456 ], [ 88.39973901849423, 22.485209009230609 ], [ 88.399761444971347, 22.48522946538246 ], [ 88.399784080874653, 22.485270568901353 ], [ 88.399832811237914, 22.485328655456836 ], [ 88.399844024492339, 22.485338883525685 ], [ 88.39987371707825, 22.485345511002169 ] ] ] } },
{ "type": "Feature", "properties": { "ward": 109, "source_sheet": "109_Haltu.pdf p1", "source": "KMC ward sewerage network map (ArcMap GeoPDF)", "extraction_method": "geopdf_raster_polygonised", "georef_max_residual_m": 0.3 }, "geometry": { "type": "Polygon", "coordinates": [ [ [ 88.409572469466283, 22.485361539659689 ], [ 88.40965022893657, 22.485360865632359 ], [ 88.409676078463448, 22.485353758520812 ], [ 88.409701857690351, 22.485339768977859 ], [ 88.409738499358355, 22.485301594637608 ], [ 88.409801166262241, 22.485273519227359 ], [ 88.409897404668058, 22.485269243364915 ], [ 88.409923429932732, 22.485279342282116 ], [ 88.409945646908071, 22.485279149659004 ], [ 88.409986307717944, 22.485271914082105 ], [ 88.410059872094067, 22.485223094979709 ], [ 88.410085299677533, 22.48517469324651 ], [ 88.410107340843254, 22.485157294536144 ], [ 88.410125784654255, 22.485150251570523 ], [ 88.410218320128322, 22.48514600762925 ], [ 88.410206227155498, 22.485049749994189 ], [ 88.410187291121773, 22.4850086159848 ], [ 88.410175655262094, 22.484957094115188 ], [ 88.410175198187844, 22.484912358344108 ], [ 88.410215472111148, 22.484867269370735 ], [ 88.410215155667544, 22.484836298452507 ], [ 88.410140431315284, 22.484771557577286 ], [ 88.410102559383091, 22.484689289531392 ], [ 88.410069093437457, 22.484675813636411 ], [ 88.41000614561618, 22.484676359428164 ], [ 88.409939670746255, 22.484694143366628 ], [ 88.409865192654522, 22.484653490848281 ], [ 88.409780027960849, 22.484654229158139 ], [ 88.40974307012884, 22.484661432576242 ], [ 88.409702690658634, 22.484696197795568 ], [ 88.409662170582152, 22.484717198149603 ], [ 88.409521674476579, 22.484739065053091 ], [ 88.4094919816676, 22.484732439370912 ], [ 88.409417925358525, 22.484733081212738 ], [ 88.409377334945376, 22.484747199068984 ], [ 88.409329514582438, 22.484778587166492 ], [ 88.409254214995386, 22.485020146040792 ], [ 88.409243668712534, 22.485075301735996 ], [ 88.409248144549991, 22.485150976366452 ], [ 88.409304846523113, 22.485264055111443 ], [ 88.409379254522918, 22.48529782544907 ], [ 88.409450065152853, 22.485341951485381 ], [ 88.409527859760558, 22.485344718731604 ], [ 88.409572469466283, 22.485361539659689 ] ] ] } },
{ "type": "Feature", "properties": { "ward": 109, "source_sheet": "109_Haltu.pdf p1", "source": "KMC ward sewerage network map (ArcMap GeoPDF)", "extraction_method": "geopdf_raster_polygonised", "georef_max_residual_m": 0.3 }, "geometry": { "type": "Polygon", "coordinates": [ [ [ 88.387814823765865, 22.484843147504726 ], [ 88.388003496186016, 22.484824329809328 ], [ 88.387987750284665, 22.484731542565367 ], [ 88.387802884655386, 22.484760652380306 ], [ 88.387814823765865, 22.484843147504726 ] ] ] } },
{ "type": "Feature", "properties": { "ward": 109, "source_sheet": "109_Haltu.pdf p1", "source": "KMC ward sewerage network map (ArcMap GeoPDF)", "extraction_method": "geopdf_raster_polygonised", "georef_max_residual_m": 0.3 }, "geometry": { "type": "Polygon", "coordinates": [ [ [ 88.40781023587202, 22.484681617687507 ], [ 88.407869480938615, 22.484681104808701 ], [ 88.407899033265565, 22.484673965927819 ], [ 88.407950591861336, 22.484645987398967 ], [ 88.407990901571523, 22.484604340163717 ], [ 88.408012486558974, 22.484542205914916 ], [ 88.408011924873122, 22.484487146450032 ], [ 88.407989076121041, 22.484425396901127 ], [ 88.407951661883956, 22.484387864093328 ], [ 88.407895838935005, 22.484360815205882 ], [ 88.407866146267438, 22.48435418921569 ], [ 88.407806901339868, 22.484354702086165 ], [ 88.40777734907401, 22.484361840947187 ], [ 88.407722087732921, 22.484389851469825 ], [ 88.407685445709745, 22.484428025371756 ], [ 88.407660122679872, 22.48448675041767 ], [ 88.40766075442005, 22.484548692325053 ], [ 88.407687270770211, 22.484606968657737 ], [ 88.407728422916477, 22.484647910691216 ], [ 88.40778054313823, 22.4846749916851 ], [ 88.40781023587202, 22.484681617687507 ] ] ] } },
{ "type": "Feature", "properties": { "ward": 109, "source_sheet": "109_Haltu.pdf p1", "source": "KMC ward sewerage network map (ArcMap GeoPDF)", "extraction_method": "geopdf_raster_polygonised", "georef_max_residual_m": 0.3 }, "geometry": { "type": "Polygon", "coordinates": [ [ [ 88.405407832774841, 22.488773717646978 ], [ 88.405470361975631, 22.488731878933894 ], [ 88.405394901498155, 22.488594870290189 ], [ 88.405191754695892, 22.488283447451867 ], [ 88.40486494143444, 22.487828548821014 ], [ 88.404670498830171, 22.487644386343796 ], [ 88.404405736738582, 22.487464272454083 ], [ 88.404271206847213, 22.487344980942218 ], [ 88.404077641018063, 22.48724684819415 ], [ 88.403858225246452, 22.487155821411431 ], [ 88.403641672594858, 22.486982173025332 ], [ 88.403641567590185, 22.486971849359367 ], [ 88.403566179918968, 22.486841722133605 ], [ 88.403467245253651, 22.4865810201579 ], [ 88.40336516801527, 22.486375409611369 ], [ 88.403338758031097, 22.486327456172592 ], [ 88.403083184489674, 22.48595797673077 ], [ 88.403025962361298, 22.485793277210657 ], [ 88.402976006146744, 22.485614748877023 ], [ 88.402873580610532, 22.485374725684117 ], [ 88.402723648133161, 22.485197059636651 ], [ 88.402701186275223, 22.485173162694803 ], [ 88.402589471631103, 22.485112178745648 ], [ 88.402370479763761, 22.485062444387694 ], [ 88.402173600157752, 22.485002194498954 ], [ 88.402084102861394, 22.484941018627019 ], [ 88.402057448896073, 22.484868976356974 ], [ 88.402071176488832, 22.484762170684633 ], [ 88.40213646393353, 22.484627388282881 ], [ 88.402220510096242, 22.484516534808041 ], [ 88.402334178672547, 22.484405425872669 ], [ 88.402300538633682, 22.484374742196415 ], [ 88.402175866474536, 22.484496270558285 ], [ 88.402095697906503, 22.484624298214868 ], [ 88.402023004766647, 22.484759144445118 ], [ 88.402005749093604, 22.484883188163007 ], [ 88.402028770119102, 22.484962144815036 ], [ 88.402148029930956, 22.485036830223709 ], [ 88.402370654598144, 22.4850796505111 ], [ 88.402634710059544, 22.485190943678425 ], [ 88.402866874518779, 22.4854436140436 ], [ 88.402881930759335, 22.485467574842293 ], [ 88.40294662822717, 22.48563909299525 ], [ 88.40295871628571, 22.485735351422726 ], [ 88.402993441298023, 22.485872712859006 ], [ 88.403020095961764, 22.485944754930966 ], [ 88.403174432297817, 22.486191213137044 ], [ 88.4033510564078, 22.486444361881656 ], [ 88.403619945302466, 22.487030541901607 ], [ 88.403944406960747, 22.487254881573666 ], [ 88.404189638148182, 22.487335360743188 ], [ 88.404697329884229, 22.487733634161764 ], [ 88.404948297259963, 22.488013670862429 ], [ 88.405358327859801, 22.488639926170414 ], [ 88.405407832774841, 22.488773717646978 ] ] ] } },
{ "type": "Feature", "properties": { "ward": 109, "source_sheet": "109_Haltu.pdf p1", "source": "KMC ward sewerage network map (ArcMap GeoPDF)", "extraction_method": "geopdf_raster_polygonised", "georef_max_residual_m": 0.3 }, "geometry": { "type": "Polygon", "coordinates": [ [ [ 88.397617166312955, 22.484483886834724 ], [ 88.397857327281642, 22.484430199890049 ], [ 88.397894181264078, 22.484412675474896 ], [ 88.397930860957004, 22.48437794489411 ], [ 88.397952380774171, 22.484308929300699 ], [ 88.398010336197544, 22.48418109448814 ], [ 88.397943650599061, 22.48417822615545 ], [ 88.397924962226696, 22.484161179130961 ], [ 88.397865647420673, 22.484154805880546 ], [ 88.397846959060658, 22.48413775884633 ], [ 88.397843116829122, 22.484124025743881 ], [ 88.397802281276796, 22.484114052113448 ], [ 88.397764974290226, 22.484086840490153 ], [ 88.3977315095362, 22.484073361963368 ], [ 88.397687075737153, 22.484073743820449 ], [ 88.397664963383875, 22.484084258440554 ], [ 88.397650117267546, 22.484080944489477 ], [ 88.39760043837164, 22.484294746352646 ], [ 88.397594705412303, 22.484459989128432 ], [ 88.397598582478793, 22.484477163469005 ], [ 88.397617166312955, 22.484483886834724 ] ] ] } },
{ "type": "Feature", "properties": { "ward": 109, "source_sheet": "109_Haltu.pdf p1", "source": "KMC ward sewerage network map (ArcMap GeoPDF)", "extraction_method": "geopdf_raster_polygonised", "georef_max_residual_m": 0.3 }, "geometry": { "type": "Polygon", "coordinates": [ [ [ 88.402363346665169, 22.484360434520372 ], [ 88.402421962329868, 22.484297981601639 ], [ 88.402469294662936, 22.48421841833262 ], [ 88.402556029009958, 22.484007737251801 ], [ 88.402522703745305, 22.484008024642225 ], [ 88.40250855691815, 22.484073535642516 ], [ 88.40242136789486, 22.484239480777532 ], [ 88.402344517895955, 22.484329623137572 ], [ 88.402340919974549, 22.484339978740884 ], [ 88.402363346665169, 22.484360434520372 ] ] ] } },
{ "type": "Feature", "properties": { "ward": 109, "source_sheet": "109_Haltu.pdf p1", "source": "KMC ward sewerage network map (ArcMap GeoPDF)", "extraction_method": "geopdf_raster_polygonised", "georef_max_residual_m": 0.3 }, "geometry": { "type": "Polygon", "coordinates": [ [ [ 88.387206924901875, 22.486995855367315 ], [ 88.3872768996399, 22.48695740154681 ], [ 88.387284201667853, 22.486947014637053 ], [ 88.387227931515326, 22.486875222245253 ], [ 88.387107224547535, 22.486655993133375 ], [ 88.386926683646593, 22.486378767952033 ], [ 88.386824837907795, 22.486193793156477 ], [ 88.386535012871704, 22.48572821445072 ], [ 88.38649718885091, 22.485649381417716 ], [ 88.386466632324883, 22.485556720251211 ], [ 88.386427045153141, 22.485302383548394 ], [ 88.386401889300927, 22.485010066839262 ], [ 88.386342059695707, 22.484583825476122 ], [ 88.386336593797836, 22.484408353363083 ], [ 88.38634611212855, 22.484249961246583 ], [ 88.386371409743063, 22.484187797845387 ], [ 88.386374732310827, 22.484149912549629 ], [ 88.386322304933202, 22.484091853170259 ], [ 88.386248974133935, 22.484164750576262 ], [ 88.386205369668673, 22.484247719241917 ], [ 88.386163424280369, 22.484495867840039 ], [ 88.386176572199005, 22.484698806842779 ], [ 88.386233774209245, 22.484863513402537 ], [ 88.386271252157826, 22.484907934038901 ], [ 88.386294195253484, 22.484980010894411 ], [ 88.386362087558453, 22.485471572842215 ], [ 88.386393024294946, 22.485602087761571 ], [ 88.386427179940455, 22.485684393635463 ], [ 88.386468672237484, 22.485759753872831 ], [ 88.386626752007629, 22.486013080361221 ], [ 88.386687104765656, 22.486122695153224 ], [ 88.386909103020756, 22.486471839500251 ], [ 88.387086425402472, 22.486797273725138 ], [ 88.387101375395119, 22.486810912385739 ], [ 88.387206924901875, 22.486995855367315 ] ] ] } },
{ "type": "Feature", "properties": { "ward": 109, "source_sheet": "109_Haltu.pdf p1", "source": "KMC ward sewerage network map (ArcMap GeoPDF)", "extraction_method": "geopdf_raster_polygonised", "georef_max_residual_m": 0.3 }, "geometry": { "type": "Polygon", "coordinates": [ [ [ 88.393139539612605, 22.484432822719764 ], [ 88.393206155872775, 22.484428810562445 ], [ 88.393261489925592, 22.484407687345421 ], [ 88.393356582311227, 22.484289860502514 ], [ 88.393408109223685, 22.484258445245658 ], [ 88.393463512666159, 22.484244204440181 ], [ 88.393578404570277, 22.484253544665108 ], [ 88.393756870107012, 22.484324287673477 ], [ 88.393778600539136, 22.48427591995851 ], [ 88.393777662206517, 22.484183006540267 ], [ 88.393743780741374, 22.484128232313534 ], [ 88.393695331267438, 22.484097673660827 ], [ 88.393676191644602, 22.484035890023311 ], [ 88.393560813456261, 22.483978372525286 ], [ 88.393501359850958, 22.483958232701237 ], [ 88.393474814698592, 22.483896512482328 ], [ 88.393407990246587, 22.483879877307245 ], [ 88.393278530564842, 22.483894752492539 ], [ 88.393186376946687, 22.483936840316016 ], [ 88.393138552915843, 22.483968223783425 ], [ 88.393116544407349, 22.483989061512457 ], [ 88.393098099770967, 22.483996102568142 ], [ 88.393017401835621, 22.484072507542709 ], [ 88.392977434898796, 22.484148563644514 ], [ 88.392952244500037, 22.484221051650206 ], [ 88.392960483745554, 22.484303577958951 ], [ 88.392983186996688, 22.4843515650252 ], [ 88.39301319172634, 22.484389164943039 ], [ 88.393139539612605, 22.484432822719764 ] ] ] } },
{ "type": "Feature", "properties": { "ward": 109, "source_sheet": "109_Haltu.pdf p1", "source": "KMC ward sewerage network map (ArcMap GeoPDF)", "extraction_method": "geopdf_raster_polygonised", "georef_max_residual_m": 0.3 }, "geometry": { "type": "Polygon", "coordinates": [ [ [ 88.386100445887749, 22.484124717853231 ], [ 88.386144672537014, 22.484103691695044 ], [ 88.38622876620299, 22.483996287173404 ], [ 88.386228558806692, 22.483975639680082 ], [ 88.386206030725063, 22.483944857783804 ], [ 88.386183675477739, 22.483931282128651 ], [ 88.386047949506022, 22.484059775879956 ], [ 88.386100445887749, 22.484124717853231 ] ] ] } },
{ "type": "Feature", "properties": { "ward": 109, "source_sheet": "109_Haltu.pdf p1", "source": "KMC ward sewerage network map (ArcMap GeoPDF)", "extraction_method": "geopdf_raster_polygonised", "georef_max_residual_m": 0.3 }, "geometry": { "type": "Polygon", "coordinates": [ [ [ 88.402548133823927, 22.483959623968591 ], [ 88.402581459076615, 22.483959336573488 ], [ 88.402592322701025, 22.48393515219977 ], [ 88.402587395938809, 22.48381474126268 ], [ 88.402534297838059, 22.483691304217913 ], [ 88.40248906000248, 22.483612539214949 ], [ 88.402465899121879, 22.48351981771701 ], [ 88.402382619497075, 22.483341576435912 ], [ 88.402367109062624, 22.48327287963755 ], [ 88.402359633559755, 22.483266061041078 ], [ 88.402341189547087, 22.483273103126692 ], [ 88.402337591648092, 22.483283458729847 ], [ 88.40238695164534, 22.483403486564978 ], [ 88.402459647427833, 22.483633442007868 ], [ 88.40248630132298, 22.483705484223535 ], [ 88.402535102116701, 22.483770452393138 ], [ 88.402557878430912, 22.483825320399667 ], [ 88.402558717697787, 22.483907909797672 ], [ 88.402548133823927, 22.483959623968591 ] ] ] } },
{ "type": "Feature", "properties": { "ward": 109, "source_sheet": "109_Haltu.pdf p1", "source": "KMC ward sewerage network map (ArcMap GeoPDF)", "extraction_method": "geopdf_raster_polygonised", "georef_max_residual_m": 0.3 }, "geometry": { "type": "Polygon", "coordinates": [ [ [ 88.405694207514969, 22.483440324202661 ], [ 88.405753452107291, 22.483439812128442 ], [ 88.405760752537617, 22.483429424456563 ], [ 88.405760402059428, 22.483395012252885 ], [ 88.405752891345116, 22.48338475260239 ], [ 88.405755963273577, 22.483322778629937 ], [ 88.405733290959887, 22.483278234793797 ], [ 88.405699825730977, 22.48326475795001 ], [ 88.405570228342967, 22.483265878032679 ], [ 88.405514581478286, 22.483256034373849 ], [ 88.405477343410141, 22.483235707040279 ], [ 88.405466094903275, 22.483222038152476 ], [ 88.405465849621919, 22.483197949606236 ], [ 88.405454671199138, 22.48319116315918 ], [ 88.405358714233088, 22.483222966071008 ], [ 88.405336707764221, 22.483243805371661 ], [ 88.405333670685309, 22.483309220567218 ], [ 88.405375277265236, 22.4833948991357 ], [ 88.405393931351981, 22.483408504035442 ], [ 88.405419955976953, 22.483418603716832 ], [ 88.405575437978953, 22.483413818520745 ], [ 88.405694207514969, 22.483440324202661 ] ] ] } },
{ "type": "Feature", "properties": { "ward": 109, "source_sheet": "109_Haltu.pdf p1", "source": "KMC ward sewerage network map (ArcMap GeoPDF)", "extraction_method": "geopdf_raster_polygonised", "georef_max_residual_m": 0.3 }, "geometry": { "type": "Polygon", "coordinates": [ [ [ 88.416084589760288, 22.483388039726766 ], [ 88.416117808770522, 22.483377425925724 ], [ 88.416132408020957, 22.483356649722261 ], [ 88.416141821724935, 22.48319137515243 ], [ 88.416052849487215, 22.483181825358177 ], [ 88.415941484182369, 22.483155262922768 ], [ 88.415911685585897, 22.483138314804531 ], [ 88.415911367902069, 22.483107343956085 ], [ 88.415896345067708, 22.483086825675556 ], [ 88.415785191633319, 22.483080910359782 ], [ 88.415696572407668, 22.483105772420782 ], [ 88.415652351011474, 22.48312680644802 ], [ 88.415589509913147, 22.483137678001384 ], [ 88.415537671227383, 22.4831381292244 ], [ 88.415493414506656, 22.483155722003719 ], [ 88.415471374360365, 22.483173121404079 ], [ 88.41543812005412, 22.483180293866088 ], [ 88.415408356793691, 22.483166786858057 ], [ 88.415349112564257, 22.483167302474222 ], [ 88.415323299064582, 22.48317785166817 ], [ 88.415301082476162, 22.483178045015158 ], [ 88.415264337086853, 22.483205896903883 ], [ 88.415249878844762, 22.483240437860228 ], [ 88.415250372794191, 22.483288614748574 ], [ 88.415283944684901, 22.483312413179785 ], [ 88.415306796400273, 22.48337416154553 ], [ 88.415321642764127, 22.483377473852435 ], [ 88.415366076003977, 22.483377087146476 ], [ 88.415369531777316, 22.483352966477806 ], [ 88.415399048073695, 22.483342385048502 ], [ 88.415513939774797, 22.483351709597095 ], [ 88.415583868899589, 22.483309802754359 ], [ 88.41562445817938, 22.483295683386192 ], [ 88.415665188619997, 22.483295328830923 ], [ 88.415694846051281, 22.483298512171721 ], [ 88.415735752962362, 22.483315363626456 ], [ 88.41575828722145, 22.483346141068164 ], [ 88.415788085846941, 22.483363089213011 ], [ 88.416013919435898, 22.483357681473276 ], [ 88.416047314955094, 22.483364273712251 ], [ 88.416069743381328, 22.483384727491149 ], [ 88.416084589760288, 22.483388039726766 ] ] ] } },
{ "type": "Feature", "properties": { "ward": 109, "source_sheet": "109_Haltu.pdf p1", "source": "KMC ward sewerage network map (ArcMap GeoPDF)", "extraction_method": "geopdf_raster_polygonised", "georef_max_residual_m": 0.3 }, "geometry": { "type": "Polygon", "coordinates": [ [ [ 88.403992597302775, 22.483255414131325 ], [ 88.404048069064515, 22.483248052206406 ], [ 88.404077551317215, 22.483234031584825 ], [ 88.40406955065238, 22.48317559472741 ], [ 88.404047053916202, 22.483148256739483 ], [ 88.404028434992838, 22.483138092897939 ], [ 88.403995109957378, 22.483138380582115 ], [ 88.403973068282696, 22.483155778483386 ], [ 88.403973838354759, 22.483231485391794 ], [ 88.403992597302775, 22.483255414131325 ] ] ] } },
{ "type": "Feature", "properties": { "ward": 109, "source_sheet": "109_Haltu.pdf p1", "source": "KMC ward sewerage network map (ArcMap GeoPDF)", "extraction_method": "geopdf_raster_polygonised", "georef_max_residual_m": 0.3 }, "geometry": { "type": "Polygon", "coordinates": [ [ [ 88.404279890352299, 22.486742639358805 ], [ 88.404446484796395, 22.486737759133856 ], [ 88.404760633807683, 22.486676539798285 ], [ 88.404975085219178, 22.486643713433295 ], [ 88.405163511291818, 22.486600787102859 ], [ 88.405466796311188, 22.486563750945642 ], [ 88.405673526130542, 22.48650001670071 ], [ 88.405995325074215, 22.486462819527375 ], [ 88.406187278067691, 22.486402653919932 ], [ 88.406660473089232, 22.48632284796124 ], [ 88.408106290387352, 22.486114168412243 ], [ 88.408368912093621, 22.486084362002611 ], [ 88.408457359138453, 22.486042297739672 ], [ 88.40847552220356, 22.486007725231588 ], [ 88.408474995413528, 22.485956107002966 ], [ 88.408436737778857, 22.485835985174493 ], [ 88.408383774192544, 22.485726315254258 ], [ 88.408334021922045, 22.485568436224732 ], [ 88.408250663353513, 22.485383316036145 ], [ 88.408147878013764, 22.485108884485534 ], [ 88.408091352568192, 22.485013011360998 ], [ 88.407985496927978, 22.484800553621568 ], [ 88.407962367291674, 22.48471127434096 ], [ 88.407962261978298, 22.484700950691316 ], [ 88.407980776063155, 22.484700790401433 ], [ 88.408058851179447, 22.484731088108326 ], [ 88.408221775148888, 22.484729677385022 ], [ 88.408299288521818, 22.484704915514946 ], [ 88.408298832056133, 22.484660179706204 ], [ 88.408260645216885, 22.484546940223474 ], [ 88.408128203023239, 22.48426932389517 ], [ 88.408105108512231, 22.484183485846081 ], [ 88.408040546012757, 22.484025734891997 ], [ 88.408002184064443, 22.483895289235569 ], [ 88.40795137992437, 22.483634173487768 ], [ 88.407942815979339, 22.483520677436843 ], [ 88.407950010937967, 22.48349996602278 ], [ 88.407948992980394, 22.48340017072681 ], [ 88.407937112399296, 22.483324560116021 ], [ 88.40788411517039, 22.48321144871198 ], [ 88.40782423895773, 22.483150019650939 ], [ 88.407790738486128, 22.483133102032507 ], [ 88.407756606283641, 22.483054242490866 ], [ 88.40765761403263, 22.483151461926688 ], [ 88.407646505703809, 22.483151558072286 ], [ 88.407602388224134, 22.483182913606676 ], [ 88.407513872477494, 22.483218094899176 ], [ 88.407454698203097, 22.483225490051357 ], [ 88.407474896415295, 22.483390508287517 ], [ 88.407509660196951, 22.483531309808818 ], [ 88.407570413774835, 22.483678769422326 ], [ 88.407605177741218, 22.4838195709095 ], [ 88.407635572182102, 22.483895021302573 ], [ 88.407624463793837, 22.483895117449691 ], [ 88.407553619365771, 22.48384754931848 ], [ 88.407438481819156, 22.483814130564404 ], [ 88.407205170684563, 22.483812707982924 ], [ 88.407064218920993, 22.483789836882046 ], [ 88.40693800821677, 22.48375995508729 ], [ 88.406815745875505, 22.483754129691366 ], [ 88.406674759144664, 22.483727817024494 ], [ 88.406500201859643, 22.483677703906316 ], [ 88.406118568837343, 22.483656913264994 ], [ 88.405766102585204, 22.483591129806022 ], [ 88.405573312141243, 22.483568705449457 ], [ 88.405417479570389, 22.483539078444124 ], [ 88.405109937773801, 22.48352108663585 ], [ 88.404947085056406, 22.483529376585196 ], [ 88.404829051078167, 22.483575136005083 ], [ 88.404748360160795, 22.483651546517709 ], [ 88.404508974167328, 22.483780950419533 ], [ 88.404490670279657, 22.483801757636996 ], [ 88.404258444297639, 22.483907008679346 ], [ 88.40405615544924, 22.484042974673198 ], [ 88.403769086574144, 22.484217529003352 ], [ 88.403739744081676, 22.484245314471117 ], [ 88.403699223143676, 22.484266313366124 ], [ 88.403419838907681, 22.484468332983276 ], [ 88.403243223234284, 22.484579985790901 ], [ 88.403173429403452, 22.484635652389631 ], [ 88.403070380062914, 22.484698488920181 ], [ 88.402993215430996, 22.484757660561289 ], [ 88.402908540137332, 22.484806572380251 ], [ 88.402947632284608, 22.485009285167681 ], [ 88.402992975819842, 22.485098373663483 ], [ 88.403027560735836, 22.485221970214731 ], [ 88.403087925672409, 22.485331578234842 ], [ 88.403159364253838, 22.485437649157703 ], [ 88.403186053892995, 22.485513132429137 ], [ 88.403201879937086, 22.485612800105823 ], [ 88.403228604627259, 22.485691724588868 ], [ 88.403304166261677, 22.485839058153406 ], [ 88.4034235674591, 22.485927507427913 ], [ 88.403512680997338, 22.485950829037446 ], [ 88.403572276694604, 22.485984729935627 ], [ 88.403606197400862, 22.486042943085785 ], [ 88.403800356275568, 22.486199577292631 ], [ 88.403845350721625, 22.486254253268154 ], [ 88.403890695269524, 22.486343341447895 ], [ 88.403995355807226, 22.486438800561288 ], [ 88.404099631355322, 22.486496406161706 ], [ 88.404163140378202, 22.486550922176779 ], [ 88.404208240127403, 22.486615921699499 ], [ 88.404220049054885, 22.486684650202093 ], [ 88.404279890352299, 22.486742639358805 ] ], [ [ 88.407806603256446, 22.484688532175294 ], [ 88.407776910521306, 22.48468190617228 ], [ 88.407724790297522, 22.484654825177348 ], [ 88.407683638150104, 22.484613883143016 ], [ 88.40765334879319, 22.484548756426136 ], [ 88.407652717056308, 22.484486814518565 ], [ 88.407674372376064, 22.484431562741573 ], [ 88.407718314728058, 22.484383001087505 ], [ 88.407773576067356, 22.484354990566246 ], [ 88.407803128331992, 22.484347851705976 ], [ 88.407869778872225, 22.484347274726886 ], [ 88.407899471538443, 22.484353900716485 ], [ 88.407955294485149, 22.484380949602802 ], [ 88.407992708721196, 22.48441848240984 ], [ 88.408019330495563, 22.484487082332635 ], [ 88.408019892184328, 22.484542141797338 ], [ 88.407994674596068, 22.48461119053847 ], [ 88.407954364885214, 22.484652837774668 ], [ 88.407902806287822, 22.484680816304799 ], [ 88.407873253959664, 22.48468795518643 ], [ 88.407806603256446, 22.484688532175294 ] ] ] } },
{ "type": "Feature", "properties": { "ward": 109, "source_sheet": "109_Haltu.pdf p1", "source": "KMC ward sewerage network map (ArcMap GeoPDF)", "extraction_method": "geopdf_raster_polygonised", "georef_max_residual_m": 0.3 }, "geometry": { "type": "Polygon", "coordinates": [ [ [ 88.386407850414443, 22.48412898100408 ], [ 88.386415256086181, 22.484128917880053 ], [ 88.386499626131808, 22.484049043215055 ], [ 88.386580154950522, 22.483955435082194 ], [ 88.386690167980035, 22.483847809378695 ], [ 88.386690098825596, 22.483840926882152 ], [ 88.386946633834867, 22.483573740819715 ], [ 88.387096650952941, 22.483393501345184 ], [ 88.387206697732623, 22.48328931657214 ], [ 88.387221093909289, 22.483247895281963 ], [ 88.387220920962733, 22.483230689043193 ], [ 88.387213446163088, 22.483223869706286 ], [ 88.387165205861834, 22.483213956485393 ], [ 88.387143023586972, 22.483217587200325 ], [ 88.386908499005486, 22.483463936612132 ], [ 88.386908568169446, 22.483470819108362 ], [ 88.386875519460403, 22.483498633243073 ], [ 88.386875588622829, 22.48350551573937 ], [ 88.386842539898964, 22.483533329867953 ], [ 88.386842609059897, 22.483540212364311 ], [ 88.386809560321225, 22.483568026486765 ], [ 88.386809629480638, 22.483574908983194 ], [ 88.38677658072713, 22.483602723099509 ], [ 88.386776649885022, 22.483609605596005 ], [ 88.386743601116706, 22.483637419706191 ], [ 88.386743670273091, 22.483644302202755 ], [ 88.386710621489954, 22.48367211630681 ], [ 88.386710690644819, 22.483678998803441 ], [ 88.38639909649676, 22.483994835432195 ], [ 88.386351547351524, 22.484053746952867 ], [ 88.386347982794049, 22.484067543508079 ], [ 88.386407850414443, 22.48412898100408 ] ] ] } },
{ "type": "Feature", "properties": { "ward": 109, "source_sheet": "109_Haltu.pdf p1", "source": "KMC ward sewerage network map (ArcMap GeoPDF)", "extraction_method": "geopdf_raster_polygonised", "georef_max_residual_m": 0.3 }, "geometry": { "type": "Polygon", "coordinates": [ [ [ 88.402337416833177, 22.48326625260237 ], [ 88.402359563632729, 22.483259178590142 ], [ 88.402359248961503, 22.483228207560849 ], [ 88.402402808290532, 22.483141793793873 ], [ 88.402475954857692, 22.483051683358131 ], [ 88.402585954281847, 22.482944047451696 ], [ 88.402567230579209, 22.482923559758326 ], [ 88.40247204228038, 22.483031067935222 ], [ 88.40245730108613, 22.483038078102986 ], [ 88.402380486692778, 22.483131661683633 ], [ 88.402340525249983, 22.483207719842081 ], [ 88.402337416833177, 22.48326625260237 ] ] ] } },
{ "type": "Feature", "properties": { "ward": 109, "source_sheet": "109_Haltu.pdf p1", "source": "KMC ward sewerage network map (ArcMap GeoPDF)", "extraction_method": "geopdf_raster_polygonised", "georef_max_residual_m": 0.3 }, "geometry": { "type": "Polygon", "coordinates": [ [ [ 88.402604223392927, 22.482919799214407 ], [ 88.402769484457579, 22.482784154399063 ], [ 88.402857791438876, 22.482728328313893 ], [ 88.402986059314372, 22.48259644389481 ], [ 88.402967440537452, 22.482586279922263 ], [ 88.40293086754464, 22.482631335243497 ], [ 88.40285384384272, 22.482704271676909 ], [ 88.402743460120988, 22.482774054272941 ], [ 88.40263328610358, 22.482864484149868 ], [ 88.402589132531716, 22.48289239714062 ], [ 88.402585499691199, 22.482899311523063 ], [ 88.402604223392927, 22.482919799214407 ] ] ] } },
{ "type": "Feature", "properties": { "ward": 109, "source_sheet": "109_Haltu.pdf p1", "source": "KMC ward sewerage network map (ArcMap GeoPDF)", "extraction_method": "geopdf_raster_polygonised", "georef_max_residual_m": 0.3 }, "geometry": { "type": "Polygon", "coordinates": [ [ [ 88.406690227661869, 22.482702109553045 ], [ 88.406723482413526, 22.482694938878634 ], [ 88.406715761250737, 22.482664031958279 ], [ 88.406674715215544, 22.482633413269131 ], [ 88.40660030926098, 22.482599641565162 ], [ 88.406562545237861, 22.48252769618686 ], [ 88.406536660973231, 22.482531361563005 ], [ 88.406525938406276, 22.482569311044443 ], [ 88.406552138271849, 22.482596616645594 ], [ 88.406593640142816, 22.482671971220974 ], [ 88.406623472671598, 22.482692362346068 ], [ 88.406682751991369, 22.482695291165928 ], [ 88.406690227661869, 22.482702109553045 ] ] ] } },
{ "type": "Feature", "properties": { "ward": 109, "source_sheet": "109_Haltu.pdf p1", "source": "KMC ward sewerage network map (ArcMap GeoPDF)", "extraction_method": "geopdf_raster_polygonised", "georef_max_residual_m": 0.3 }, "geometry": { "type": "Polygon", "coordinates": [ [ [ 88.405420645391629, 22.483122626719219 ], [ 88.405494630890004, 22.483115104315548 ], [ 88.405698283710677, 22.483113344245641 ], [ 88.405738874085316, 22.483099227318686 ], [ 88.405742436675965, 22.483085430432006 ], [ 88.405742051161454, 22.483047577006033 ], [ 88.405734260096665, 22.483009787588653 ], [ 88.40572297653901, 22.48299267749816 ], [ 88.40571867798154, 22.482934208751576 ], [ 88.405707429478085, 22.482920539880084 ], [ 88.40555186632416, 22.482553641311565 ], [ 88.405510645360948, 22.482505816205165 ], [ 88.405418111333788, 22.482510057361718 ], [ 88.405167374400207, 22.48261546956563 ], [ 88.405148965664267, 22.482625953183099 ], [ 88.405141700256422, 22.482639782050061 ], [ 88.40514198050623, 22.482667311822929 ], [ 88.405183341528925, 22.482728901912811 ], [ 88.405202556031782, 22.482797566384889 ], [ 88.40522522809259, 22.482842110310973 ], [ 88.405232913906957, 22.482869576097151 ], [ 88.405234034993526, 22.482979695180571 ], [ 88.405249161405834, 22.483010538200567 ], [ 88.405353855218394, 22.483109437771468 ], [ 88.405372474225544, 22.483119601455147 ], [ 88.405420645391629, 22.483122626719219 ] ] ] } },
{ "type": "Feature", "properties": { "ward": 109, "source_sheet": "109_Haltu.pdf p1", "source": "KMC ward sewerage network map (ArcMap GeoPDF)", "extraction_method": "geopdf_raster_polygonised", "georef_max_residual_m": 0.3 }, "geometry": { "type": "Polygon", "coordinates": [ [ [ 88.414036147932222, 22.482965350006904 ], [ 88.414102797631386, 22.482964770484937 ], [ 88.414269210325784, 22.482942674312095 ], [ 88.414268152609779, 22.482839438074066 ], [ 88.414278873051302, 22.482801488186077 ], [ 88.414281165517579, 22.482663807666501 ], [ 88.414288324222071, 22.48263965481005 ], [ 88.414283986842236, 22.482577745265687 ], [ 88.414260924185825, 22.48249534947022 ], [ 88.414267201477585, 22.482385166411124 ], [ 88.41424868775087, 22.482385327407123 ], [ 88.414219242063339, 22.482402791037419 ], [ 88.414087071269961, 22.482514068790948 ], [ 88.414047151806116, 22.4825935707292 ], [ 88.414029519320891, 22.482679761911367 ], [ 88.414022995084466, 22.482765856509239 ], [ 88.414024405126383, 22.482903504842191 ], [ 88.414028636655786, 22.482955090771753 ], [ 88.414036147932222, 22.482965350006904 ] ] ] } },
{ "type": "Feature", "properties": { "ward": 109, "source_sheet": "109_Haltu.pdf p1", "source": "KMC ward sewerage network map (ArcMap GeoPDF)", "extraction_method": "geopdf_raster_polygonised", "georef_max_residual_m": 0.3 }, "geometry": { "type": "Polygon", "coordinates": [ [ [ 88.388791359893943, 22.482893783042414 ], [ 88.389071456514216, 22.482760612737472 ], [ 88.388939226735502, 22.482500184772174 ], [ 88.388655462315967, 22.482636827688847 ], [ 88.388791359893943, 22.482893783042414 ] ] ] } },
{ "type": "Feature", "properties": { "ward": 109, "source_sheet": "109_Haltu.pdf p1", "source": "KMC ward sewerage network map (ArcMap GeoPDF)", "extraction_method": "geopdf_raster_polygonised", "georef_max_residual_m": 0.3 }, "geometry": { "type": "Polygon", "coordinates": [ [ [ 88.403011663890652, 22.482565249285258 ], [ 88.403026474962871, 22.482565121519929 ], [ 88.403062453254748, 22.482461565358218 ], [ 88.403097801854358, 22.482296067143984 ], [ 88.403071917508242, 22.482299731966162 ], [ 88.403043099933313, 22.482379135672517 ], [ 88.403029233303485, 22.482472176508928 ], [ 88.403000450651987, 22.482555021433903 ], [ 88.403011663890652, 22.482565249285258 ] ] ] } },
{ "type": "Feature", "properties": { "ward": 109, "source_sheet": "109_Haltu.pdf p1", "source": "KMC ward sewerage network map (ArcMap GeoPDF)", "extraction_method": "geopdf_raster_polygonised", "georef_max_residual_m": 0.3 }, "geometry": { "type": "Polygon", "coordinates": [ [ [ 88.406424491181582, 22.482425644373759 ], [ 88.406446672671947, 22.482422011036341 ], [ 88.406446532419707, 22.482408246157245 ], [ 88.40643528389333, 22.482394577337175 ], [ 88.40643881133731, 22.482377339218576 ], [ 88.406446181789548, 22.482373833959389 ], [ 88.406434617702359, 22.482329194160684 ], [ 88.406449288475812, 22.482315301202945 ], [ 88.406490088918844, 22.482321831419814 ], [ 88.406489983726942, 22.482311507760556 ], [ 88.406475102576564, 22.482304753403124 ], [ 88.40647492725877, 22.48228754730421 ], [ 88.406459870795942, 22.482263586846116 ], [ 88.406393186151249, 22.482260721971443 ], [ 88.406378515377327, 22.482274614924155 ], [ 88.406386411746439, 22.482322727966604 ], [ 88.406401433142207, 22.482343247211841 ], [ 88.406397905694163, 22.482360485329878 ], [ 88.406409224338205, 22.482381036592638 ], [ 88.406409469772939, 22.482405125131507 ], [ 88.406424491181582, 22.482425644373759 ] ] ] } },
{ "type": "Feature", "properties": { "ward": 109, "source_sheet": "109_Haltu.pdf p1", "source": "KMC ward sewerage network map (ArcMap GeoPDF)", "extraction_method": "geopdf_raster_polygonised", "georef_max_residual_m": 0.3 }, "geometry": { "type": "Polygon", "coordinates": [ [ [ 88.404403484055038, 22.482511938726883 ], [ 88.404492315384687, 22.482507730126454 ], [ 88.404525430167737, 22.48248679501167 ], [ 88.404573566093646, 22.482486379318807 ], [ 88.404588237078571, 22.482472486520404 ], [ 88.404584149127317, 22.482434665049894 ], [ 88.404557704546846, 22.482383270548841 ], [ 88.404512711174334, 22.482328594697112 ], [ 88.404505095566051, 22.48230801131141 ], [ 88.404404560876571, 22.4822538150427 ], [ 88.40437822143376, 22.482212744174703 ], [ 88.404341228878891, 22.482216505114124 ], [ 88.404318942318412, 22.482209814493913 ], [ 88.404274509239471, 22.482210198136237 ], [ 88.404245062227858, 22.482227660006604 ], [ 88.404226933529145, 22.482265673305214 ], [ 88.404234969192927, 22.482327551383605 ], [ 88.404283595202656, 22.482375312902398 ], [ 88.404317550238929, 22.48243696718076 ], [ 88.404366351374875, 22.482501934784729 ], [ 88.404373826927312, 22.482508753285799 ], [ 88.404403484055038, 22.482511938726883 ] ] ] } },
{ "type": "Feature", "properties": { "ward": 109, "source_sheet": "109_Haltu.pdf p1", "source": "KMC ward sewerage network map (ArcMap GeoPDF)", "extraction_method": "geopdf_raster_polygonised", "georef_max_residual_m": 0.3 }, "geometry": { "type": "Polygon", "coordinates": [ [ [ 88.388651690276021, 22.482629976808518 ], [ 88.388935454686063, 22.482493333898894 ], [ 88.388810734882611, 22.482243166296513 ], [ 88.388519634500824, 22.482386754679798 ], [ 88.388651690276021, 22.482629976808518 ] ] ] } },
{ "type": "Feature", "properties": { "ward": 109, "source_sheet": "109_Haltu.pdf p1", "source": "KMC ward sewerage network map (ArcMap GeoPDF)", "extraction_method": "geopdf_raster_polygonised", "georef_max_residual_m": 0.3 }, "geometry": { "type": "Polygon", "coordinates": [ [ [ 88.404757723661234, 22.482388426142677 ], [ 88.404783642985194, 22.48238820227343 ], [ 88.404809387196138, 22.482370772288935 ], [ 88.404846414796182, 22.482370452462828 ], [ 88.404886759886992, 22.482332247201029 ], [ 88.404886689838264, 22.482325364756775 ], [ 88.404841871477842, 22.482287895113242 ], [ 88.404845259026416, 22.48225689213049 ], [ 88.404863702763777, 22.482249849770771 ], [ 88.404922946870698, 22.482249338027582 ], [ 88.404963747245489, 22.482255868635605 ], [ 88.404978523245873, 22.482252299470606 ], [ 88.404996826867261, 22.482231492208005 ], [ 88.404996476598427, 22.482197079987895 ], [ 88.404977437427618, 22.482145621587208 ], [ 88.404924373002771, 22.48202562660321 ], [ 88.404867991182172, 22.481943517023851 ], [ 88.404863973225531, 22.481912578005797 ], [ 88.40453237160483, 22.482077193586449 ], [ 88.404574607585801, 22.482224814426196 ], [ 88.404667876873475, 22.48229283943434 ], [ 88.404690688753988, 22.482351148340953 ], [ 88.404720626014281, 22.482381863503971 ], [ 88.404757723661234, 22.482388426142677 ] ] ] } },
{ "type": "Feature", "properties": { "ward": 109, "source_sheet": "109_Haltu.pdf p1", "source": "KMC ward sewerage network map (ArcMap GeoPDF)", "extraction_method": "geopdf_raster_polygonised", "georef_max_residual_m": 0.3 }, "geometry": { "type": "Polygon", "coordinates": [ [ [ 88.403082571054952, 22.482254900216574 ], [ 88.403108490372702, 22.482254676617892 ], [ 88.403156865865057, 22.48191354815393 ], [ 88.403134649361888, 22.481913739814086 ], [ 88.403135139087468, 22.481961916962486 ], [ 88.40311372711578, 22.482041256792542 ], [ 88.40310719610666, 22.48212735129961 ], [ 88.403082571054952, 22.482254900216574 ] ] ] } },
{ "type": "Feature", "properties": { "ward": 109, "source_sheet": "109_Haltu.pdf p1", "source": "KMC ward sewerage network map (ArcMap GeoPDF)", "extraction_method": "geopdf_raster_polygonised", "georef_max_residual_m": 0.3 }, "geometry": { "type": "Polygon", "coordinates": [ [ [ 88.415101411272119, 22.482123237857774 ], [ 88.415197647153676, 22.482118958948593 ], [ 88.41526397889028, 22.482087408106224 ], [ 88.41526574120887, 22.481898109508748 ], [ 88.415253327666676, 22.48177088151758 ], [ 88.41523100546496, 22.481760751222442 ], [ 88.415105112736939, 22.481761846676946 ], [ 88.414968111818112, 22.481763038677581 ], [ 88.414920082172003, 22.481773781083298 ], [ 88.414901850699309, 22.481801471809788 ], [ 88.414902626662197, 22.481877178373413 ], [ 88.414911372438056, 22.482007879827087 ], [ 88.41492664191064, 22.482052486666795 ], [ 88.414952949058019, 22.482090114445882 ], [ 88.414990188063499, 22.482110439537202 ], [ 88.415019915781471, 22.482120505430778 ], [ 88.415101411272119, 22.482123237857774 ] ] ] } },
{ "type": "Feature", "properties": { "ward": 109, "source_sheet": "109_Haltu.pdf p1", "source": "KMC ward sewerage network map (ArcMap GeoPDF)", "extraction_method": "geopdf_raster_polygonised", "georef_max_residual_m": 0.3 }, "geometry": { "type": "Polygon", "coordinates": [ [ [ 88.388515862474861, 22.482379903795405 ], [ 88.388806962847042, 22.482236315419343 ], [ 88.3886709967081, 22.481972477535269 ], [ 88.38837619393793, 22.482116097253954 ], [ 88.388515862474861, 22.482379903795405 ] ] ] } },
{ "type": "Feature", "properties": { "ward": 109, "source_sheet": "109_Haltu.pdf p1", "source": "KMC ward sewerage network map (ArcMap GeoPDF)", "extraction_method": "geopdf_raster_polygonised", "georef_max_residual_m": 0.3 }, "geometry": { "type": "Polygon", "coordinates": [ [ [ 88.395394503978721, 22.483308759437584 ], [ 88.395505587972963, 22.483307806382534 ], [ 88.395507759831006, 22.48315636024665 ], [ 88.395546487076274, 22.482591616352693 ], [ 88.395545512847605, 22.48249526174942 ], [ 88.39555284881574, 22.482488315738369 ], [ 88.395559071374549, 22.482371250179462 ], [ 88.395567222217267, 22.482078649815506 ], [ 88.395548360451343, 22.482044396301792 ], [ 88.395518564361112, 22.482027444271083 ], [ 88.39529919671898, 22.481939846308499 ], [ 88.395102254599109, 22.481872704903232 ], [ 88.395061524214725, 22.48187305424247 ], [ 88.395020967728385, 22.481890609755848 ], [ 88.394591742926806, 22.482290067016848 ], [ 88.394584337378618, 22.482290130511512 ], [ 88.394312835024266, 22.482540248689627 ], [ 88.39430542946188, 22.482540312172159 ], [ 88.394254111954325, 22.482592375106169 ], [ 88.394246706388998, 22.482592438586138 ], [ 88.394195388840302, 22.48264450150322 ], [ 88.394187983272005, 22.482644564980635 ], [ 88.394077942479925, 22.48274875423883 ], [ 88.394070536905716, 22.482748817711133 ], [ 88.393850489568663, 22.482960637251875 ], [ 88.393850559074053, 22.482967519728167 ], [ 88.393604730451329, 22.483193326034826 ], [ 88.39367927292767, 22.483240868834582 ], [ 88.39378305560227, 22.483250304138881 ], [ 88.393957087237084, 22.483248812728526 ], [ 88.394601652611414, 22.483270819598051 ], [ 88.394983319241334, 22.483295078894422 ], [ 88.395320343610422, 22.483299071057601 ], [ 88.395394503978721, 22.483308759437584 ] ] ] } },
{ "type": "Feature", "properties": { "ward": 109, "source_sheet": "109_Haltu.pdf p1", "source": "KMC ward sewerage network map (ArcMap GeoPDF)", "extraction_method": "geopdf_raster_polygonised", "georef_max_residual_m": 0.3 }, "geometry": { "type": "Polygon", "coordinates": [ [ [ 88.41311064118284, 22.482267883725203 ], [ 88.41315877685507, 22.482267465473026 ], [ 88.413169603255426, 22.482239839272491 ], [ 88.413180711485055, 22.482239742750082 ], [ 88.413182688001783, 22.482071091292323 ], [ 88.413175247295584, 22.4820677144304 ], [ 88.413167278162021, 22.482012719419007 ], [ 88.4131587101581, 22.481899223836532 ], [ 88.413165516747384, 22.481840658919531 ], [ 88.413172886984299, 22.481837153362605 ], [ 88.413220036083331, 22.481740381220387 ], [ 88.413219895166208, 22.481726616380413 ], [ 88.41320483764602, 22.481702656607428 ], [ 88.413182480359453, 22.481689084810146 ], [ 88.413119533973045, 22.481689631748257 ], [ 88.413086315092485, 22.481700244924397 ], [ 88.413049569602393, 22.481728096315777 ], [ 88.412990607713667, 22.481756140716389 ], [ 88.412942542659678, 22.481763441330074 ], [ 88.41289437193592, 22.48176041829829 ], [ 88.412764388951359, 22.481723690775045 ], [ 88.412590325413461, 22.481721761178132 ], [ 88.412545716585598, 22.481704941036956 ], [ 88.412464291734636, 22.481709089724429 ], [ 88.412412805603893, 22.48174395202728 ], [ 88.41237348389916, 22.481881954186431 ], [ 88.412374012029218, 22.481933572354116 ], [ 88.412389210274938, 22.481971297054663 ], [ 88.412402395855523, 22.482174232040105 ], [ 88.412417523718389, 22.482205074313164 ], [ 88.412447497776483, 22.482239229166296 ], [ 88.412499582683438, 22.482262867429952 ], [ 88.412551491538792, 22.482269299622018 ], [ 88.412766250736937, 22.4822674342076 ], [ 88.412847570232515, 22.482252961720523 ], [ 88.413017896453226, 22.482251481965609 ], [ 88.41311064118284, 22.482267883725203 ] ] ] } },
{ "type": "Feature", "properties": { "ward": 109, "source_sheet": "109_Haltu.pdf p1", "source": "KMC ward sewerage network map (ArcMap GeoPDF)", "extraction_method": "geopdf_raster_polygonised", "georef_max_residual_m": 0.3 }, "geometry": { "type": "Polygon", "coordinates": [ [ [ 88.40670415628604, 22.483342112261038 ], [ 88.406804131420657, 22.483341247500491 ], [ 88.406807764056168, 22.483334333033447 ], [ 88.406852092221513, 22.483323625018301 ], [ 88.40688880436268, 22.483292333741463 ], [ 88.40687290591184, 22.483185784083069 ], [ 88.406823191480569, 22.483031345623417 ], [ 88.406822875819998, 22.483000374652775 ], [ 88.406811697353064, 22.482993588302275 ], [ 88.406811416768647, 22.482966058550332 ], [ 88.406792587252312, 22.482935247722843 ], [ 88.406733062333018, 22.482908230414871 ], [ 88.406688067959891, 22.482853555226416 ], [ 88.406624594848182, 22.482802481365912 ], [ 88.406609292825621, 22.482754432391776 ], [ 88.406590498451195, 22.482727062755551 ], [ 88.406586515148234, 22.482699565023566 ], [ 88.406567685719679, 22.482668754164404 ], [ 88.406537818138005, 22.482644921808706 ], [ 88.406504002348768, 22.482597032931125 ], [ 88.406433018709819, 22.48253569936746 ], [ 88.406432738206576, 22.482508169609467 ], [ 88.406380408688662, 22.482460440798484 ], [ 88.406312812395257, 22.482368104176427 ], [ 88.406249234470437, 22.482306706486405 ], [ 88.40617475867468, 22.482266052129937 ], [ 88.406091720634706, 22.482111901486331 ], [ 88.405971234708474, 22.481916776226893 ], [ 88.405918800427145, 22.481858723580789 ], [ 88.405806105960892, 22.481701387585868 ], [ 88.405753812010232, 22.481657099761378 ], [ 88.405716294002829, 22.481609242689512 ], [ 88.405701377919641, 22.481599047033068 ], [ 88.405671756014627, 22.481599303043332 ], [ 88.405531577546299, 22.481652137339864 ], [ 88.405476351789019, 22.481683588291041 ], [ 88.405446799937366, 22.48169072670402 ], [ 88.405391539108621, 22.48171873640613 ], [ 88.405358249467341, 22.481722465576407 ], [ 88.405262363533978, 22.481761150829367 ], [ 88.405258800921231, 22.481774947708338 ], [ 88.405300932449066, 22.481912244663288 ], [ 88.405702289842154, 22.482779481835198 ], [ 88.405789696585799, 22.482998983853186 ], [ 88.405800945103806, 22.483012652718063 ], [ 88.405839129480967, 22.483125892928658 ], [ 88.405839339776705, 22.483146540250868 ], [ 88.405883948376697, 22.483163362263497 ], [ 88.405906340308064, 22.483180376315598 ], [ 88.405924854207086, 22.483180216272146 ], [ 88.405939805533649, 22.483193853116646 ], [ 88.406006525681931, 22.483200159376295 ], [ 88.406169448003766, 22.48319875081857 ], [ 88.406228867776392, 22.483215444673764 ], [ 88.406251084457722, 22.483215252576631 ], [ 88.406269703538868, 22.483225416152433 ], [ 88.406299325782186, 22.483225160014648 ], [ 88.406351340017522, 22.483241917858251 ], [ 88.40639975667348, 22.483269031362799 ], [ 88.406500082427442, 22.48330257898694 ], [ 88.40670415628604, 22.483342112261038 ] ] ] } },
{ "type": "Feature", "properties": { "ward": 109, "source_sheet": "109_Haltu.pdf p1", "source": "KMC ward sewerage network map (ArcMap GeoPDF)", "extraction_method": "geopdf_raster_polygonised", "georef_max_residual_m": 0.3 }, "geometry": { "type": "Polygon", "coordinates": [ [ [ 88.397307188334324, 22.482762342724445 ], [ 88.397321999463671, 22.482762215482097 ], [ 88.397325388702114, 22.482731212573185 ], [ 88.397347535713536, 22.482724139240702 ], [ 88.397361580380462, 22.482648304866764 ], [ 88.397378178120391, 22.48245887798619 ], [ 88.397435366929585, 22.48225533623468 ], [ 88.397485812041097, 22.482117241523877 ], [ 88.397557498034814, 22.481882601383241 ], [ 88.397556313394858, 22.48176559945529 ], [ 88.397537555725236, 22.481741669895555 ], [ 88.397452078805614, 22.481711430502344 ], [ 88.397218282772798, 22.481661816004291 ], [ 88.397009130534215, 22.482217699324877 ], [ 88.396868065883041, 22.482549298030509 ], [ 88.396835855313526, 22.482659703712461 ], [ 88.396847137785855, 22.482676814483018 ], [ 88.396876864513104, 22.482686883783845 ], [ 88.397307188334324, 22.482762342724445 ] ] ] } },
{ "type": "Feature", "properties": { "ward": 109, "source_sheet": "109_Haltu.pdf p1", "source": "KMC ward sewerage network map (ArcMap GeoPDF)", "extraction_method": "geopdf_raster_polygonised", "georef_max_residual_m": 0.3 }, "geometry": { "type": "Polygon", "coordinates": [ [ [ 88.404528493776823, 22.482060019447996 ], [ 88.404856392615557, 22.481895435859503 ], [ 88.404859114722626, 22.481799049650462 ], [ 88.404836232832949, 22.481733858317906 ], [ 88.4048045096187, 22.481527640818101 ], [ 88.40478941850364, 22.481500238960209 ], [ 88.404781452704995, 22.481445243358799 ], [ 88.404762939027549, 22.481445403259176 ], [ 88.404722559124735, 22.48148016725991 ], [ 88.404696745023784, 22.481490714779014 ], [ 88.404637536250632, 22.48149466764546 ], [ 88.404615424877122, 22.481505183174882 ], [ 88.404600789007233, 22.481522517194907 ], [ 88.404508430641656, 22.481543963912603 ], [ 88.404519888996987, 22.481578280219729 ], [ 88.404542315520871, 22.481598735709134 ], [ 88.404542875755311, 22.481653795276088 ], [ 88.404495475401959, 22.481726476627639 ], [ 88.404473959204992, 22.48179549293031 ], [ 88.404433579129304, 22.481830256866061 ], [ 88.404430156480998, 22.481857818622906 ], [ 88.404456565891266, 22.481905771932706 ], [ 88.404501384025139, 22.481943241696722 ], [ 88.404520458005891, 22.481998141388136 ], [ 88.404528493776823, 22.482060019447996 ] ] ] } },
{ "type": "Feature", "properties": { "ward": 109, "source_sheet": "109_Haltu.pdf p1", "source": "KMC ward sewerage network map (ArcMap GeoPDF)", "extraction_method": "geopdf_raster_polygonised", "georef_max_residual_m": 0.3 }, "geometry": { "type": "Polygon", "coordinates": [ [ [ 88.404291754487247, 22.481721352628192 ], [ 88.404328781922842, 22.481721032929777 ], [ 88.40435456108672, 22.481707044243127 ], [ 88.404402591712639, 22.481696304945697 ], [ 88.404417227625288, 22.481678970941825 ], [ 88.404416877509178, 22.481644558710769 ], [ 88.404378834788943, 22.481545082955876 ], [ 88.40435623324754, 22.481507421325631 ], [ 88.404344669910287, 22.481462781334333 ], [ 88.404314872973345, 22.481445830977133 ], [ 88.404277845610721, 22.481446150668621 ], [ 88.404218741854507, 22.481460427051282 ], [ 88.404192997725644, 22.481477856938508 ], [ 88.404178606841711, 22.481519279487443 ], [ 88.404172146510206, 22.481612256455133 ], [ 88.404191220310295, 22.481667156196657 ], [ 88.404228702824042, 22.481711572425919 ], [ 88.404291754487247, 22.481721352628192 ] ] ] } },
{ "type": "Feature", "properties": { "ward": 109, "source_sheet": "109_Haltu.pdf p1", "source": "KMC ward sewerage network map (ArcMap GeoPDF)", "extraction_method": "geopdf_raster_polygonised", "georef_max_residual_m": 0.3 }, "geometry": { "type": "Polygon", "coordinates": [ [ [ 88.403145302865951, 22.481868908060807 ], [ 88.403163816612562, 22.481868748343306 ], [ 88.403154312277437, 22.481662338734782 ], [ 88.403163356660542, 22.481459210629531 ], [ 88.403133699773463, 22.481456024946901 ], [ 88.403123640939398, 22.481559357526528 ], [ 88.403135623658528, 22.481645292324764 ], [ 88.403145302865951, 22.481868908060807 ] ] ] } },
{ "type": "Feature", "properties": { "ward": 109, "source_sheet": "109_Haltu.pdf p1", "source": "KMC ward sewerage network map (ArcMap GeoPDF)", "extraction_method": "geopdf_raster_polygonised", "georef_max_residual_m": 0.3 }, "geometry": { "type": "Polygon", "coordinates": [ [ [ 88.40191263646426, 22.481913952730494 ], [ 88.401953366741282, 22.481913601659912 ], [ 88.402019876472593, 22.481899262252391 ], [ 88.402071435366764, 22.481871285587438 ], [ 88.402093372237104, 22.481843564262441 ], [ 88.402152336594128, 22.481815523734941 ], [ 88.402181678936998, 22.481787738558086 ], [ 88.402199878067378, 22.481756607914718 ], [ 88.402217762573798, 22.481694506232532 ], [ 88.402235996642617, 22.481666816812108 ], [ 88.402253951039611, 22.48161159757932 ], [ 88.402253461627339, 22.481563420410559 ], [ 88.40224591631096, 22.481549719349715 ], [ 88.402175494294383, 22.481543443403243 ], [ 88.402112302994581, 22.481519897454731 ], [ 88.40208991177505, 22.481502882834683 ], [ 88.402067310841574, 22.48146522085122 ], [ 88.402048762187178, 22.481461939213393 ], [ 88.402030038772224, 22.481441451439732 ], [ 88.401985431139181, 22.481424628304747 ], [ 88.401959511963454, 22.481424851715019 ], [ 88.401918956576907, 22.481442408914376 ], [ 88.401874733387615, 22.48146343924456 ], [ 88.401826947232465, 22.481498266383827 ], [ 88.401716319262235, 22.481543959673981 ], [ 88.401683239182333, 22.481568335451197 ], [ 88.401672410500439, 22.481595960996341 ], [ 88.401676427738963, 22.481626900131857 ], [ 88.401698993654293, 22.481661120946338 ], [ 88.401699308154519, 22.481692091990432 ], [ 88.401706818482438, 22.481702351851887 ], [ 88.401725332218319, 22.481702192300681 ], [ 88.401740422771326, 22.481729594474562 ], [ 88.401789012801558, 22.481773915576962 ], [ 88.401789467111243, 22.481818651527156 ], [ 88.401800785045111, 22.481839203151964 ], [ 88.40183051189436, 22.481849271530855 ], [ 88.401882874646475, 22.481900443141086 ], [ 88.40191263646426, 22.481913952730494 ] ] ] } },
{ "type": "Feature", "properties": { "ward": 109, "source_sheet": "109_Haltu.pdf p1", "source": "KMC ward sewerage network map (ArcMap GeoPDF)", "extraction_method": "geopdf_raster_polygonised", "georef_max_residual_m": 0.3 }, "geometry": { "type": "Polygon", "coordinates": [ [ [ 88.398633180670956, 22.482059197967882 ], [ 88.398688722093539, 22.482058720359497 ], [ 88.398733015743289, 22.482044573333653 ], [ 88.39876228910623, 22.482009906280272 ], [ 88.398791248596936, 22.481944268140502 ], [ 88.398853149250755, 22.481840489853475 ], [ 88.398892833300081, 22.481736902620309 ], [ 88.39889978542557, 22.481692102923112 ], [ 88.398881027544817, 22.481668173530803 ], [ 88.398728412725234, 22.481590330782673 ], [ 88.398639232930719, 22.481560123868437 ], [ 88.398564759562532, 22.481519465857449 ], [ 88.398497866054356, 22.481495950297401 ], [ 88.398408546912947, 22.48145197832131 ], [ 88.398371519454969, 22.481452296656485 ], [ 88.398356917640598, 22.481473071381071 ], [ 88.398278664321552, 22.481790365043729 ], [ 88.398228359547275, 22.481942224890627 ], [ 88.398228638420676, 22.481969754747659 ], [ 88.398447763666795, 22.482033260003579 ], [ 88.398633180670956, 22.482059197967882 ] ] ] } },
{ "type": "Feature", "properties": { "ward": 109, "source_sheet": "109_Haltu.pdf p1", "source": "KMC ward sewerage network map (ArcMap GeoPDF)", "extraction_method": "geopdf_raster_polygonised", "georef_max_residual_m": 0.3 }, "geometry": { "type": "Polygon", "coordinates": [ [ [ 88.387242722749207, 22.483189204592467 ], [ 88.38726493960651, 22.483189015111872 ], [ 88.387290582545646, 22.483161264065885 ], [ 88.387487974134785, 22.482904906261791 ], [ 88.387693151199244, 22.482686338786376 ], [ 88.387715056567004, 22.482655178022302 ], [ 88.387997472362969, 22.482384328082208 ], [ 88.38803038215147, 22.482342748750565 ], [ 88.388235661384059, 22.482134504394903 ], [ 88.38830497577753, 22.482030666556327 ], [ 88.388391557768003, 22.481802785791576 ], [ 88.388379480223008, 22.481706525696971 ], [ 88.388191849838691, 22.48146033600224 ], [ 88.38814046108628, 22.481505514597494 ], [ 88.388140530304483, 22.48151239709178 ], [ 88.388279332410704, 22.481690172738688 ], [ 88.388325115575881, 22.481824002136943 ], [ 88.388321793559925, 22.481861887453885 ], [ 88.388278744817285, 22.481999916552503 ], [ 88.38803349660418, 22.482284215955428 ], [ 88.387696127393369, 22.48261404100333 ], [ 88.387370280106765, 22.482985065637532 ], [ 88.387183339442075, 22.483175944867746 ], [ 88.387242722749207, 22.483189204592467 ] ] ] } },
{ "type": "Feature", "properties": { "ward": 109, "source_sheet": "109_Haltu.pdf p1", "source": "KMC ward sewerage network map (ArcMap GeoPDF)", "extraction_method": "geopdf_raster_polygonised", "georef_max_residual_m": 0.3 }, "geometry": { "type": "Polygon", "coordinates": [ [ [ 88.388823849281721, 22.482074418790027 ], [ 88.388849768723645, 22.482074197485304 ], [ 88.38889406353718, 22.482060053112889 ], [ 88.389063525450055, 22.481972567535802 ], [ 88.389070827100127, 22.481962180558813 ], [ 88.389070272975161, 22.481907120629181 ], [ 88.389020855567324, 22.481780205591892 ], [ 88.388869628327257, 22.481471758133264 ], [ 88.388847065494318, 22.481437535359834 ], [ 88.388802355365669, 22.481410384756103 ], [ 88.388787544326362, 22.481410511208534 ], [ 88.38875802612003, 22.481421087848151 ], [ 88.388647878094133, 22.481514949831478 ], [ 88.388570639369789, 22.481567232317548 ], [ 88.388563787756325, 22.481622355477548 ], [ 88.388823849281721, 22.482074418790027 ] ] ] } },
{ "type": "Feature", "properties": { "ward": 109, "source_sheet": "109_Haltu.pdf p1", "source": "KMC ward sewerage network map (ArcMap GeoPDF)", "extraction_method": "geopdf_raster_polygonised", "georef_max_residual_m": 0.3 }, "geometry": { "type": "Polygon", "coordinates": [ [ [ 88.391615568096228, 22.482033350965288 ], [ 88.391630379183994, 22.482033224249719 ], [ 88.391652457028314, 22.482019269206717 ], [ 88.391770564017378, 22.48198040175987 ], [ 88.392459718604997, 22.481650999076773 ], [ 88.392710395190136, 22.481538723750926 ], [ 88.392634048524641, 22.481312235919063 ], [ 88.392578333664162, 22.481295505223009 ], [ 88.392489884237776, 22.481337560884864 ], [ 88.391483126297018, 22.481752277817982 ], [ 88.391479527608467, 22.481762633219677 ], [ 88.391509982356766, 22.48184496962503 ], [ 88.391532580588162, 22.481882633229471 ], [ 88.391566807556998, 22.481971820427077 ], [ 88.391589440521102, 22.482012925263032 ], [ 88.391615568096228, 22.482033350965288 ] ] ] } },
{ "type": "Feature", "properties": { "ward": 109, "source_sheet": "109_Haltu.pdf p1", "source": "KMC ward sewerage network map (ArcMap GeoPDF)", "extraction_method": "geopdf_raster_polygonised", "georef_max_residual_m": 0.3 }, "geometry": { "type": "Polygon", "coordinates": [ [ [ 88.389288909737985, 22.481922461121997 ], [ 88.389686938161475, 22.481733217895201 ], [ 88.39018483603499, 22.481532795613752 ], [ 88.390188434816636, 22.481522440236102 ], [ 88.390059733786984, 22.481244775330659 ], [ 88.390052293624208, 22.481241397369889 ], [ 88.390026478316344, 22.48125194259358 ], [ 88.389152735244508, 22.481637976191664 ], [ 88.389152943050661, 22.48165862366529 ], [ 88.389288909737985, 22.481922461121997 ] ] ] } },
{ "type": "Feature", "properties": { "ward": 109, "source_sheet": "109_Haltu.pdf p1", "source": "KMC ward sewerage network map (ArcMap GeoPDF)", "extraction_method": "geopdf_raster_polygonised", "georef_max_residual_m": 0.3 }, "geometry": { "type": "Polygon", "coordinates": [ [ [ 88.403140790432943, 22.481424990036 ], [ 88.403170412333068, 22.481424734492617 ], [ 88.403184733552962, 22.4813764295683 ], [ 88.403185917692028, 22.48112862941743 ], [ 88.403156295855098, 22.481128884960452 ], [ 88.403157939900964, 22.481290622543163 ], [ 88.403140790432943, 22.481424990036 ] ] ] } },
{ "type": "Feature", "properties": { "ward": 109, "source_sheet": "109_Haltu.pdf p1", "source": "KMC ward sewerage network map (ArcMap GeoPDF)", "extraction_method": "geopdf_raster_polygonised", "georef_max_residual_m": 0.3 }, "geometry": { "type": "Polygon", "coordinates": [ [ [ 88.403141100165968, 22.481091159252383 ], [ 88.403170721995053, 22.481090903712566 ], [ 88.403170652035413, 22.481084021262177 ], [ 88.403090901007772, 22.480888542197086 ], [ 88.403056876964868, 22.480820005150761 ], [ 88.403027255191958, 22.480820260666729 ], [ 88.403095303284545, 22.4809573347639 ], [ 88.403141100165968, 22.481091159252383 ] ] ] } },
{ "type": "Feature", "properties": { "ward": 109, "source_sheet": "109_Haltu.pdf p1", "source": "KMC ward sewerage network map (ArcMap GeoPDF)", "extraction_method": "geopdf_raster_polygonised", "georef_max_residual_m": 0.3 }, "geometry": { "type": "Polygon", "coordinates": [ [ [ 88.389126434916847, 22.481600343838789 ], [ 88.390037066744853, 22.481200229002354 ], [ 88.38988189271214, 22.480867725481279 ], [ 88.389546675153809, 22.48104266639352 ], [ 88.389303367465175, 22.481151432394498 ], [ 88.389008324693648, 22.48127096444146 ], [ 88.388975207667386, 22.48129189647452 ], [ 88.389126434916847, 22.481600343838789 ] ] ] } },
{ "type": "Feature", "properties": { "ward": 109, "source_sheet": "109_Haltu.pdf p1", "source": "KMC ward sewerage network map (ArcMap GeoPDF)", "extraction_method": "geopdf_raster_polygonised", "georef_max_residual_m": 0.3 }, "geometry": { "type": "Polygon", "coordinates": [ [ [ 88.396325387633439, 22.480884813794159 ], [ 88.396340198569291, 22.480884686652125 ], [ 88.396347429982953, 22.480867416903788 ], [ 88.396369437515574, 22.480846578775314 ], [ 88.396394834466747, 22.480794737739419 ], [ 88.396394521160133, 22.480763766621415 ], [ 88.396334894555395, 22.480726421608928 ], [ 88.396305272717171, 22.480726675888938 ], [ 88.396283160765236, 22.480737190301937 ], [ 88.396243057278838, 22.480799482162762 ], [ 88.396239737435877, 22.480837367537053 ], [ 88.396277043236523, 22.480864579583553 ], [ 88.396325387633439, 22.480884813794159 ] ] ] } },
{ "type": "Feature", "properties": { "ward": 109, "source_sheet": "109_Haltu.pdf p1", "source": "KMC ward sewerage network map (ArcMap GeoPDF)", "extraction_method": "geopdf_raster_polygonised", "georef_max_residual_m": 0.3 }, "geometry": { "type": "Polygon", "coordinates": [ [ [ 88.400189083539374, 22.480658874720113 ], [ 88.400310854456265, 22.480616528084351 ], [ 88.400280674170816, 22.48056172341871 ], [ 88.400162675820127, 22.480610920616634 ], [ 88.400189083539374, 22.480658874720113 ] ] ] } },
{ "type": "Feature", "properties": { "ward": 109, "source_sheet": "109_Haltu.pdf p1", "source": "KMC ward sewerage network map (ArcMap GeoPDF)", "extraction_method": "geopdf_raster_polygonised", "georef_max_residual_m": 0.3 }, "geometry": { "type": "Polygon", "coordinates": [ [ [ 88.40034089512973, 22.480657567824515 ], [ 88.400484777576082, 22.480604706106899 ], [ 88.400461863016147, 22.48053607279979 ], [ 88.400306942286321, 22.480595912582992 ], [ 88.40034089512973, 22.480657567824515 ] ] ] } },
{ "type": "Feature", "properties": { "ward": 109, "source_sheet": "109_Haltu.pdf p1", "source": "KMC ward sewerage network map (ArcMap GeoPDF)", "extraction_method": "geopdf_raster_polygonised", "georef_max_residual_m": 0.3 }, "geometry": { "type": "Polygon", "coordinates": [ [ [ 88.400155200569898, 22.480604101902923 ], [ 88.400273198917915, 22.480554904710591 ], [ 88.400246756285767, 22.480503509391006 ], [ 88.400132530496563, 22.480559557150091 ], [ 88.400155200569898, 22.480604101902923 ] ] ] } },
{ "type": "Feature", "properties": { "ward": 109, "source_sheet": "109_Haltu.pdf p1", "source": "KMC ward sewerage network map (ArcMap GeoPDF)", "extraction_method": "geopdf_raster_polygonised", "georef_max_residual_m": 0.3 }, "geometry": { "type": "Polygon", "coordinates": [ [ [ 88.400492148103154, 22.480601201116407 ], [ 88.400624957188413, 22.480551876149725 ], [ 88.400602077486084, 22.480486684094448 ], [ 88.400469233540321, 22.480532567810474 ], [ 88.400492148103154, 22.480601201116407 ] ] ] } },
{ "type": "Feature", "properties": { "ward": 109, "source_sheet": "109_Haltu.pdf p1", "source": "KMC ward sewerage network map (ArcMap GeoPDF)", "extraction_method": "geopdf_raster_polygonised", "georef_max_residual_m": 0.3 }, "geometry": { "type": "Polygon", "coordinates": [ [ [ 88.400125055250641, 22.480552738434721 ], [ 88.400242983755192, 22.480496658806288 ], [ 88.40021654114625, 22.480445263480242 ], [ 88.400102350293039, 22.480504752446482 ], [ 88.400125055250641, 22.480552738434721 ] ] ] } },
{ "type": "Feature", "properties": { "ward": 109, "source_sheet": "109_Haltu.pdf p1", "source": "KMC ward sewerage network map (ArcMap GeoPDF)", "extraction_method": "geopdf_raster_polygonised", "georef_max_residual_m": 0.3 }, "geometry": { "type": "Polygon", "coordinates": [ [ [ 88.400632327708863, 22.480548371153127 ], [ 88.400761468890906, 22.480502519191443 ], [ 88.400738554216659, 22.480433885928939 ], [ 88.400609448003806, 22.480483179099011 ], [ 88.400632327708863, 22.480548371153127 ] ] ] } },
{ "type": "Feature", "properties": { "ward": 109, "source_sheet": "109_Haltu.pdf p1", "source": "KMC ward sewerage network map (ArcMap GeoPDF)", "extraction_method": "geopdf_raster_polygonised", "georef_max_residual_m": 0.3 }, "geometry": { "type": "Polygon", "coordinates": [ [ [ 88.400768839405004, 22.480499014188894 ], [ 88.40090164828338, 22.480449689003553 ], [ 88.400875065759919, 22.480384528881697 ], [ 88.400860254905993, 22.48038465643759 ], [ 88.400745924727858, 22.480430380927558 ], [ 88.400768839405004, 22.480499014188894 ] ] ] } },
{ "type": "Feature", "properties": { "ward": 109, "source_sheet": "109_Haltu.pdf p1", "source": "KMC ward sewerage network map (ArcMap GeoPDF)", "extraction_method": "geopdf_raster_polygonised", "georef_max_residual_m": 0.3 }, "geometry": { "type": "Polygon", "coordinates": [ [ [ 88.412990867258642, 22.480696151361375 ], [ 88.413301753323154, 22.480679684125377 ], [ 88.413245723393018, 22.480270630517861 ], [ 88.413227033804645, 22.480253585329091 ], [ 88.413123358473257, 22.480254486129017 ], [ 88.413056850933984, 22.480268830022954 ], [ 88.412960616186297, 22.480273107592172 ], [ 88.41293117075422, 22.480290570976852 ], [ 88.412971719762638, 22.480634370404584 ], [ 88.412979266050115, 22.480648070913134 ], [ 88.412979653486587, 22.480685924231995 ], [ 88.412990867258642, 22.480696151361375 ] ] ] } },
{ "type": "Feature", "properties": { "ward": 109, "source_sheet": "109_Haltu.pdf p1", "source": "KMC ward sewerage network map (ArcMap GeoPDF)", "extraction_method": "geopdf_raster_polygonised", "georef_max_residual_m": 0.3 }, "geometry": { "type": "Polygon", "coordinates": [ [ [ 88.403001021363934, 22.480789513208634 ], [ 88.403026870458319, 22.480782407185888 ], [ 88.40298928365516, 22.480727666962899 ], [ 88.402959032370234, 22.480665980403288 ], [ 88.402931574530882, 22.480514790029378 ], [ 88.402930700209623, 22.480428759384044 ], [ 88.402951552523703, 22.480294359956719 ], [ 88.402951342685512, 22.480273712601537 ], [ 88.402936531856554, 22.480273840347543 ], [ 88.402922070750591, 22.480308380351239 ], [ 88.402904676313426, 22.48041865925919 ], [ 88.402901847904715, 22.480504721841491 ], [ 88.402933183293001, 22.480673086414313 ], [ 88.403001021363934, 22.480789513208634 ] ] ] } },
{ "type": "Feature", "properties": { "ward": 109, "source_sheet": "109_Haltu.pdf p1", "source": "KMC ward sewerage network map (ArcMap GeoPDF)", "extraction_method": "geopdf_raster_polygonised", "georef_max_residual_m": 0.3 }, "geometry": { "type": "Polygon", "coordinates": [ [ [ 88.400299467030266, 22.480589093876276 ], [ 88.400882331498622, 22.480370700187706 ], [ 88.400904233473952, 22.480339537790687 ], [ 88.400910940445385, 22.480270649433585 ], [ 88.400858054863278, 22.480167859013029 ], [ 88.400220104239182, 22.48043146668676 ], [ 88.400299467030266, 22.480589093876276 ] ] ] } },
{ "type": "Feature", "properties": { "ward": 109, "source_sheet": "109_Haltu.pdf p1", "source": "KMC ward sewerage network map (ArcMap GeoPDF)", "extraction_method": "geopdf_raster_polygonised", "georef_max_residual_m": 0.3 }, "geometry": { "type": "Polygon", "coordinates": [ [ [ 88.404249880193049, 22.480517180129389 ], [ 88.404283169591181, 22.480513451200757 ], [ 88.404282854534472, 22.480482480186552 ], [ 88.404330709713065, 22.480454534811514 ], [ 88.404378774923302, 22.480447236765261 ], [ 88.404401131217199, 22.480460809840189 ], [ 88.404434420596047, 22.480457080881184 ], [ 88.404544871657649, 22.480394179691615 ], [ 88.404548294264274, 22.480366617930486 ], [ 88.404518252464442, 22.480325579033334 ], [ 88.404432845154091, 22.48030222581793 ], [ 88.404384254870621, 22.480257905521608 ], [ 88.404339542357633, 22.480230759359557 ], [ 88.404317046080905, 22.480203421378032 ], [ 88.404283581728706, 22.480189944190318 ], [ 88.404227516119207, 22.48013880532767 ], [ 88.404197894506069, 22.480139061051311 ], [ 88.404179486007052, 22.480149544548144 ], [ 88.404153567093061, 22.480149768299004 ], [ 88.404146266696003, 22.480160155899512 ], [ 88.404150284420496, 22.480191094952723 ], [ 88.404135473607937, 22.480191222808418 ], [ 88.404102394288586, 22.480215599048101 ], [ 88.404081158090548, 22.480312145102335 ], [ 88.40409268622561, 22.480353343903776 ], [ 88.404141661485866, 22.480435517755048 ], [ 88.404164437796467, 22.480490385552024 ], [ 88.404186899090234, 22.480514282329139 ], [ 88.404249880193049, 22.480517180129389 ] ] ] } },
{ "type": "Feature", "properties": { "ward": 109, "source_sheet": "109_Haltu.pdf p1", "source": "KMC ward sewerage network map (ArcMap GeoPDF)", "extraction_method": "geopdf_raster_polygonised", "georef_max_residual_m": 0.3 }, "geometry": { "type": "Polygon", "coordinates": [ [ [ 88.4032588072848, 22.480284826466676 ], [ 88.403281023526915, 22.480284634802661 ], [ 88.40326939069314, 22.480233112254002 ], [ 88.403321018679137, 22.480212017678731 ], [ 88.403312843669923, 22.480136374610471 ], [ 88.403286924748727, 22.4801365982219 ], [ 88.403242667211572, 22.480154187673541 ], [ 88.403183284039201, 22.480140933851548 ], [ 88.403153662412336, 22.480141189383374 ], [ 88.403146047140083, 22.480120605911651 ], [ 88.403123830922866, 22.480120797555728 ], [ 88.403109439831482, 22.480162220025047 ], [ 88.403124390555888, 22.480175857166383 ], [ 88.403142904077569, 22.480175697462755 ], [ 88.403150449397288, 22.480189398483155 ], [ 88.403147516203518, 22.480265137387402 ], [ 88.4032588072848, 22.480284826466676 ] ] ] } },
{ "type": "Feature", "properties": { "ward": 109, "source_sheet": "109_Haltu.pdf p1", "source": "KMC ward sewerage network map (ArcMap GeoPDF)", "extraction_method": "geopdf_raster_polygonised", "georef_max_residual_m": 0.3 }, "geometry": { "type": "Polygon", "coordinates": [ [ [ 88.392462911730334, 22.480866301056754 ], [ 88.392488761476329, 22.480859196696308 ], [ 88.392496028092509, 22.48084536833759 ], [ 88.392495715652259, 22.480814397168167 ], [ 88.392430512706937, 22.480591255332161 ], [ 88.392305545714549, 22.480317001918493 ], [ 88.39230540687457, 22.480303236952295 ], [ 88.392245434398546, 22.480231477942464 ], [ 88.392193179790553, 22.480190626703756 ], [ 88.392137500136627, 22.480177337069424 ], [ 88.392107878362197, 22.480177590572396 ], [ 88.392022958677956, 22.480202408057266 ], [ 88.391864435578242, 22.480272595304708 ], [ 88.391735672910116, 22.480356293942304 ], [ 88.391673004102984, 22.480384362416459 ], [ 88.391650995898573, 22.480405199936719 ], [ 88.391633106740017, 22.480467300687074 ], [ 88.391633939389479, 22.480549890505905 ], [ 88.391656433339278, 22.480577230380632 ], [ 88.391671591219989, 22.480611516092733 ], [ 88.391697753226779, 22.480635383040124 ], [ 88.391697926704509, 22.480652589251616 ], [ 88.391735196930753, 22.480676361155457 ], [ 88.391865417271632, 22.480737194672333 ], [ 88.392169666424095, 22.480796538751822 ], [ 88.392366466936707, 22.480849918933796 ], [ 88.392462911730334, 22.480866301056754 ] ] ] } },
{ "type": "Feature", "properties": { "ward": 109, "source_sheet": "109_Haltu.pdf p1", "source": "KMC ward sewerage network map (ArcMap GeoPDF)", "extraction_method": "geopdf_raster_polygonised", "georef_max_residual_m": 0.3 }, "geometry": { "type": "Polygon", "coordinates": [ [ [ 88.411081406856823, 22.480461497908724 ], [ 88.411729027223444, 22.480421462844994 ], [ 88.412169155324747, 22.48036946079856 ], [ 88.41212134382765, 22.480039490195431 ], [ 88.412073068112008, 22.480026143248672 ], [ 88.412010122447157, 22.480026689715089 ], [ 88.411962093111441, 22.480037431222382 ], [ 88.4118177587128, 22.480045567170993 ], [ 88.411773150514875, 22.480028746780153 ], [ 88.411706009509402, 22.479981148285201 ], [ 88.411646590603695, 22.479964456405938 ], [ 88.41135781632147, 22.479970403963339 ], [ 88.411258090047639, 22.479995359919229 ], [ 88.411206463493926, 22.48001645697196 ], [ 88.411143517809904, 22.480017003099842 ], [ 88.411084521026382, 22.480041605577426 ], [ 88.411047529317713, 22.480045368018391 ], [ 88.411018118843245, 22.480066272277853 ], [ 88.411019138833964, 22.480166067482724 ], [ 88.411034406843797, 22.480210674775666 ], [ 88.411066455364235, 22.480447861547564 ], [ 88.411081406856823, 22.480461497908724 ] ] ] } },
{ "type": "Feature", "properties": { "ward": 109, "source_sheet": "109_Haltu.pdf p1", "source": "KMC ward sewerage network map (ArcMap GeoPDF)", "extraction_method": "geopdf_raster_polygonised", "georef_max_residual_m": 0.3 }, "geometry": { "type": "Polygon", "coordinates": [ [ [ 88.403188695671105, 22.479944720107767 ], [ 88.403214614557669, 22.479944496513944 ], [ 88.403247624022214, 22.479913237999874 ], [ 88.403277245599398, 22.479912982453257 ], [ 88.403292196311128, 22.479926619579967 ], [ 88.403314412495746, 22.479926427914261 ], [ 88.403380816167129, 22.479901764321095 ], [ 88.403417563262394, 22.479873915053808 ], [ 88.403417318375631, 22.479849826476332 ], [ 88.40339845506638, 22.479815573955314 ], [ 88.403364815975308, 22.479784890439621 ], [ 88.403294080009388, 22.479747643907523 ], [ 88.40327161899306, 22.47972374698961 ], [ 88.403249297902079, 22.479713614970773 ], [ 88.403230784442684, 22.479713774683489 ], [ 88.403171891146727, 22.479748698007626 ], [ 88.403131231477332, 22.479755931805407 ], [ 88.403123896043738, 22.479762878137105 ], [ 88.403127913525793, 22.479793817229485 ], [ 88.403150724302478, 22.479852126425516 ], [ 88.403147581241598, 22.479907217978081 ], [ 88.403170077246969, 22.479934556138026 ], [ 88.403188695671105, 22.479944720107767 ] ] ] } },
{ "type": "Feature", "properties": { "ward": 109, "source_sheet": "109_Haltu.pdf p1", "source": "KMC ward sewerage network map (ArcMap GeoPDF)", "extraction_method": "geopdf_raster_polygonised", "georef_max_residual_m": 0.3 }, "geometry": { "type": "Polygon", "coordinates": [ [ [ 88.400208961186379, 22.480428121079019 ], [ 88.400850579605958, 22.48016104033174 ], [ 88.400820364303257, 22.48010279454089 ], [ 88.40075668501207, 22.480031070802962 ], [ 88.400595338955029, 22.479822526820659 ], [ 88.400349529586677, 22.479683540417426 ], [ 88.400334788618636, 22.479690550381225 ], [ 88.400298250350346, 22.479739046355348 ], [ 88.400276208696894, 22.479756443754205 ], [ 88.400221366324615, 22.479825746464957 ], [ 88.400199324647843, 22.479843143854303 ], [ 88.39990279094097, 22.480179524637194 ], [ 88.400123205366938, 22.480370353246418 ], [ 88.400208961186379, 22.480428121079019 ] ] ] } },
{ "type": "Feature", "properties": { "ward": 109, "source_sheet": "109_Haltu.pdf p1", "source": "KMC ward sewerage network map (ArcMap GeoPDF)", "extraction_method": "geopdf_raster_polygonised", "georef_max_residual_m": 0.3 }, "geometry": { "type": "Polygon", "coordinates": [ [ [ 88.392462448727485, 22.480453320420171 ], [ 88.39250684675504, 22.48044949882031 ], [ 88.392576747274319, 22.480404160426534 ], [ 88.392829839546778, 22.480164527406156 ], [ 88.392837244987476, 22.480164463997795 ], [ 88.393002339413997, 22.480011622632642 ], [ 88.393101548703498, 22.47993505919824 ], [ 88.393226260080553, 22.479816978835355 ], [ 88.393226155884861, 22.479806655114118 ], [ 88.392908508691164, 22.479520286149093 ], [ 88.392512296405812, 22.47988848139666 ], [ 88.392446133540659, 22.479937229299804 ], [ 88.392332529519294, 22.480055214019128 ], [ 88.392292077292439, 22.480083092565145 ], [ 88.392424727178394, 22.480384812549833 ], [ 88.392436286632929, 22.4804294536013 ], [ 88.392462448727485, 22.480453320420171 ] ] ] } },
{ "type": "Feature", "properties": { "ward": 109, "source_sheet": "109_Haltu.pdf p1", "source": "KMC ward sewerage network map (ArcMap GeoPDF)", "extraction_method": "geopdf_raster_polygonised", "georef_max_residual_m": 0.3 }, "geometry": { "type": "Polygon", "coordinates": [ [ [ 88.401492020761125, 22.479876751006053 ], [ 88.401599364090131, 22.479872384566224 ], [ 88.40163974437661, 22.479837621325309 ], [ 88.401691372497311, 22.479816527265982 ], [ 88.401727770512707, 22.479754266088595 ], [ 88.401778315354633, 22.479626493939577 ], [ 88.401803779932024, 22.47958153461343 ], [ 88.401792007940614, 22.479516247011244 ], [ 88.401706287038934, 22.479461921247598 ], [ 88.401256410518243, 22.479283396246093 ], [ 88.401034493245277, 22.47967420065098 ], [ 88.401395401246504, 22.479843168162059 ], [ 88.401492020761125, 22.479876751006053 ] ] ] } },
{ "type": "Feature", "properties": { "ward": 109, "source_sheet": "109_Haltu.pdf p1", "source": "KMC ward sewerage network map (ArcMap GeoPDF)", "extraction_method": "geopdf_raster_polygonised", "georef_max_residual_m": 0.3 }, "geometry": { "type": "Polygon", "coordinates": [ [ [ 88.394404365434127, 22.479504029141395 ], [ 88.394613542002219, 22.479316392978628 ], [ 88.394501279225466, 22.47920034313962 ], [ 88.394292137420194, 22.479391420397146 ], [ 88.394404365434127, 22.479504029141395 ] ] ] } },
{ "type": "Feature", "properties": { "ward": 109, "source_sheet": "109_Haltu.pdf p1", "source": "KMC ward sewerage network map (ArcMap GeoPDF)", "extraction_method": "geopdf_raster_polygonised", "georef_max_residual_m": 0.3 }, "geometry": { "type": "Polygon", "coordinates": [ [ [ 88.41189011041223, 22.478792226414829 ], [ 88.411971498402991, 22.478784636889767 ], [ 88.411997065036161, 22.478749999764428 ], [ 88.411996748291202, 22.478719028846584 ], [ 88.411955843160371, 22.478702176340597 ], [ 88.411940891786188, 22.478688540052374 ], [ 88.411929467104841, 22.478657665555851 ], [ 88.411925166191963, 22.478599197071276 ], [ 88.411913671139473, 22.478561440146166 ], [ 88.411916986679458, 22.478523554659734 ], [ 88.41190944062123, 22.478509854086646 ], [ 88.41189078662741, 22.478496249932082 ], [ 88.411857462815604, 22.478496539184441 ], [ 88.411802239826244, 22.478527992177721 ], [ 88.411791554147911, 22.478569383151722 ], [ 88.411837639841167, 22.478730734525659 ], [ 88.411864086264814, 22.478782127752382 ], [ 88.41189011041223, 22.478792226414829 ] ] ] } },
{ "type": "Feature", "properties": { "ward": 109, "source_sheet": "109_Haltu.pdf p1", "source": "KMC ward sewerage network map (ArcMap GeoPDF)", "extraction_method": "geopdf_raster_polygonised", "georef_max_residual_m": 0.3 }, "geometry": { "type": "Polygon", "coordinates": [ [ [ 88.402947220303744, 22.480232449827575 ], [ 88.402958328422145, 22.48023235401763 ], [ 88.402954901089672, 22.479895113874552 ], [ 88.402939076113427, 22.479795446062859 ], [ 88.402941589764595, 22.479678412439309 ], [ 88.402910744251585, 22.479558225004489 ], [ 88.402838330011463, 22.479355799393247 ], [ 88.402781600882307, 22.479239276673997 ], [ 88.402665349308478, 22.479095734981716 ], [ 88.40255992630793, 22.478924567597396 ], [ 88.402529361006401, 22.478831909870177 ], [ 88.402523316030624, 22.478601379575185 ], [ 88.402511473896595, 22.478529209576347 ], [ 88.402481817645594, 22.478526023739981 ], [ 88.402505956367648, 22.478715099695169 ], [ 88.402507040110223, 22.478821777737391 ], [ 88.402529990289509, 22.478893851957864 ], [ 88.402620847265993, 22.479089235663977 ], [ 88.402793548139826, 22.479321770316123 ], [ 88.402854119878356, 22.479452025999976 ], [ 88.40288884285421, 22.479589387647913 ], [ 88.402919303673585, 22.479671721599289 ], [ 88.402931670724357, 22.479795509934171 ], [ 88.402936077212757, 22.480229104410856 ], [ 88.402947220303744, 22.480232449827575 ] ] ] } },
{ "type": "Feature", "properties": { "ward": 109, "source_sheet": "109_Haltu.pdf p1", "source": "KMC ward sewerage network map (ArcMap GeoPDF)", "extraction_method": "geopdf_raster_polygonised", "georef_max_residual_m": 0.3 }, "geometry": { "type": "Polygon", "coordinates": [ [ [ 88.395956631445188, 22.479573312565261 ], [ 88.396044800213943, 22.479503725210815 ], [ 88.396096115947273, 22.47945166177913 ], [ 88.396103521339725, 22.479451598222681 ], [ 88.396246464643141, 22.479305826885746 ], [ 88.396393284381986, 22.479177229830288 ], [ 88.39646688560876, 22.479131858054469 ], [ 88.396518653603962, 22.479124530567319 ], [ 88.396562633275053, 22.479079413046971 ], [ 88.396570038646246, 22.479079349470101 ], [ 88.396951357088909, 22.47870438959027 ], [ 88.396973329380742, 22.478680110160518 ], [ 88.396998725753605, 22.478628269047498 ], [ 88.396998133761826, 22.478569768046139 ], [ 88.396919576778984, 22.478491287361379 ], [ 88.396912171440178, 22.478491350952719 ], [ 88.396575972127692, 22.478201707142375 ], [ 88.396460388987549, 22.478123544077086 ], [ 88.396412080363802, 22.478106751088944 ], [ 88.396382528697742, 22.478113887827853 ], [ 88.39633467256111, 22.478141830890948 ], [ 88.396231798527381, 22.478221869193145 ], [ 88.395655803114877, 22.478753366865014 ], [ 88.395648397758123, 22.478753430399021 ], [ 88.395479709483098, 22.478916629750323 ], [ 88.395435590351767, 22.478947982041163 ], [ 88.395388046786849, 22.479006895982732 ], [ 88.395388498978761, 22.479051632071041 ], [ 88.395478128756736, 22.479126576997061 ], [ 88.395478198329513, 22.479133459471829 ], [ 88.39559406014682, 22.47923915311484 ], [ 88.395594129725708, 22.479246035589185 ], [ 88.39582966098358, 22.479467714531793 ], [ 88.395829730574889, 22.479474597005247 ], [ 88.395904480469994, 22.479542786279154 ], [ 88.395919326063762, 22.479546100419586 ], [ 88.395956631445188, 22.479573312565261 ] ] ] } },
{ "type": "Feature", "properties": { "ward": 109, "source_sheet": "109_Haltu.pdf p1", "source": "KMC ward sewerage network map (ArcMap GeoPDF)", "extraction_method": "geopdf_raster_polygonised", "georef_max_residual_m": 0.3 }, "geometry": { "type": "Polygon", "coordinates": [ [ [ 88.407780160753049, 22.478827849376724 ], [ 88.407794936307198, 22.478824279974354 ], [ 88.407820468934972, 22.478786202238737 ], [ 88.407827488254682, 22.478748284733552 ], [ 88.407896013965654, 22.478568732433633 ], [ 88.407932443922491, 22.478509911223568 ], [ 88.40796418857569, 22.478354767917292 ], [ 88.407996564862941, 22.478261566552174 ], [ 88.407992265617963, 22.478203097874434 ], [ 88.407969628631776, 22.478161995538766 ], [ 88.407928478449193, 22.478121053440297 ], [ 88.407872728271869, 22.478100886834365 ], [ 88.407282078978724, 22.477916714067966 ], [ 88.407152311292236, 22.477900629064841 ], [ 88.407030124252671, 22.477901686005858 ], [ 88.407004310996086, 22.477912233856181 ], [ 88.40699316801323, 22.477908888714516 ], [ 88.406845918369925, 22.478357560451933 ], [ 88.406817138736415, 22.478440405939772 ], [ 88.406798941059307, 22.478471537041962 ], [ 88.406803239819922, 22.47853000577491 ], [ 88.406888821685286, 22.478570563878215 ], [ 88.407290041400358, 22.478697871071844 ], [ 88.407516570131918, 22.478761300005175 ], [ 88.407609522564655, 22.478798352407924 ], [ 88.407683645949959, 22.478804593997154 ], [ 88.407780160753049, 22.478827849376724 ] ] ] } },
{ "type": "Feature", "properties": { "ward": 109, "source_sheet": "109_Haltu.pdf p1", "source": "KMC ward sewerage network map (ArcMap GeoPDF)", "extraction_method": "geopdf_raster_polygonised", "georef_max_residual_m": 0.3 }, "geometry": { "type": "Polygon", "coordinates": [ [ [ 88.405870088744109, 22.478166388795302 ], [ 88.405933033734627, 22.4781658447688 ], [ 88.405977395403141, 22.478158578290738 ], [ 88.405984695562509, 22.478148190617151 ], [ 88.405979170625969, 22.477969279059629 ], [ 88.405984473276988, 22.477762741709345 ], [ 88.405980385162579, 22.477724920265171 ], [ 88.405957538582825, 22.477663170275004 ], [ 88.405935182615451, 22.477649597396187 ], [ 88.405820400998024, 22.477650589405872 ], [ 88.405539421266212, 22.47769431576182 ], [ 88.40552848852397, 22.477711617854983 ], [ 88.405518186357213, 22.477790861963992 ], [ 88.405517566569927, 22.478093721585761 ], [ 88.405536219928408, 22.478107326513349 ], [ 88.405662320089945, 22.478126886035799 ], [ 88.405758869189256, 22.478153583891711 ], [ 88.405870088744109, 22.478166388795302 ] ] ] } },
{ "type": "Feature", "properties": { "ward": 109, "source_sheet": "109_Haltu.pdf p1", "source": "KMC ward sewerage network map (ArcMap GeoPDF)", "extraction_method": "geopdf_raster_polygonised", "georef_max_residual_m": 0.3 }, "geometry": { "type": "Polygon", "coordinates": [ [ [ 88.394035384607875, 22.478901481043383 ], [ 88.3940538632813, 22.478897881152349 ], [ 88.394251896692097, 22.47870689941848 ], [ 88.394259302050784, 22.478706835948735 ], [ 88.394413389447607, 22.478564412199876 ], [ 88.394413111374931, 22.478536882286264 ], [ 88.393381169876619, 22.47755456142286 ], [ 88.393295939463371, 22.477548408322406 ], [ 88.393255349227488, 22.47756252210662 ], [ 88.393196488819768, 22.477600883116988 ], [ 88.393116037521992, 22.477701376699116 ], [ 88.392961949628329, 22.477843799241288 ], [ 88.392947486211426, 22.477878338473133 ], [ 88.393343684367437, 22.478243190187026 ], [ 88.393343753831729, 22.478250072668832 ], [ 88.39350819964308, 22.478400091788259 ], [ 88.393508269116026, 22.478406974269451 ], [ 88.393653993466742, 22.47853650436323 ], [ 88.393654062947363, 22.478543386843871 ], [ 88.393751201088946, 22.478628593077346 ], [ 88.393751270574683, 22.478635475557631 ], [ 88.393855918437424, 22.478730941993888 ], [ 88.393855987928674, 22.478737824473772 ], [ 88.394035384607875, 22.478901481043383 ] ] ] } },
{ "type": "Feature", "properties": { "ward": 109, "source_sheet": "109_Haltu.pdf p1", "source": "KMC ward sewerage network map (ArcMap GeoPDF)", "extraction_method": "geopdf_raster_polygonised", "georef_max_residual_m": 0.3 }, "geometry": { "type": "Polygon", "coordinates": [ [ [ 88.402462710053712, 22.478467682491605 ], [ 88.402473783075521, 22.478464145494872 ], [ 88.402454815327175, 22.478419569154081 ], [ 88.402345550666084, 22.478234668588303 ], [ 88.402314985683489, 22.478142010797711 ], [ 88.402325394561345, 22.478073090485466 ], [ 88.402323821648437, 22.477918235235947 ], [ 88.402310896154674, 22.477739387144204 ], [ 88.40229929889675, 22.477691305708486 ], [ 88.402253888585122, 22.477595334336176 ], [ 88.402189895267085, 22.477492640068629 ], [ 88.402152519436953, 22.477458546936141 ], [ 88.402040042601627, 22.477321855195562 ], [ 88.402012691459191, 22.477180988205369 ], [ 88.402012237181026, 22.477136252233752 ], [ 88.401990021429086, 22.477136443697368 ], [ 88.402017791875465, 22.477318605436 ], [ 88.402085417722304, 22.477414385414978 ], [ 88.402134041216613, 22.477462147735935 ], [ 88.402227865273474, 22.47758523406905 ], [ 88.40227331051571, 22.477684646677854 ], [ 88.402280960458825, 22.477708671438215 ], [ 88.402286865097238, 22.477925436878117 ], [ 88.40229451505833, 22.477949461636339 ], [ 88.402292979492628, 22.478162849677691 ], [ 88.402323509512172, 22.478252066245073 ], [ 88.402365042678653, 22.478330863359638 ], [ 88.40241006881412, 22.478388981173865 ], [ 88.402444161796311, 22.478464400878181 ], [ 88.402462710053712, 22.478467682491605 ] ] ] } },
{ "type": "Feature", "properties": { "ward": 109, "source_sheet": "109_Haltu.pdf p1", "source": "KMC ward sewerage network map (ArcMap GeoPDF)", "extraction_method": "geopdf_raster_polygonised", "georef_max_residual_m": 0.3 }, "geometry": { "type": "Polygon", "coordinates": [ [ [ 88.397130559271559, 22.478482592394965 ], [ 88.397171114492807, 22.47846503640751 ], [ 88.397196754549171, 22.47843728391382 ], [ 88.397424473765241, 22.478252926576484 ], [ 88.397670357271252, 22.478033997536762 ], [ 88.397835966348495, 22.477932770096185 ], [ 88.39814109098387, 22.47771333132885 ], [ 88.398206832490374, 22.477623286421856 ], [ 88.398202537377543, 22.477564817267488 ], [ 88.398161215857556, 22.477506666346006 ], [ 88.397832212819083, 22.477196314079841 ], [ 88.397824807552027, 22.477196377709593 ], [ 88.397694065727975, 22.47708393042122 ], [ 88.397645687672508, 22.477060255319817 ], [ 88.397575302862748, 22.477057418468689 ], [ 88.397531149968174, 22.47708533005099 ], [ 88.39656606037488, 22.477954001708472 ], [ 88.396566652167294, 22.478012502725125 ], [ 88.396999921173958, 22.478380468300145 ], [ 88.397007326506596, 22.478380404705078 ], [ 88.397052211214287, 22.478424759187472 ], [ 88.397059616549114, 22.478424695589883 ], [ 88.397111976276008, 22.478475868926314 ], [ 88.397130559271559, 22.478482592394965 ] ] ] } },
{ "type": "Feature", "properties": { "ward": 109, "source_sheet": "109_Haltu.pdf p1", "source": "KMC ward sewerage network map (ArcMap GeoPDF)", "extraction_method": "geopdf_raster_polygonised", "georef_max_residual_m": 0.3 }, "geometry": { "type": "Polygon", "coordinates": [ [ [ 88.401672678644417, 22.477245865774346 ], [ 88.401731920703654, 22.477245355312117 ], [ 88.401783652687214, 22.477234584953159 ], [ 88.401812994196007, 22.47720679987367 ], [ 88.401823857499309, 22.477182615552213 ], [ 88.401822494850094, 22.47704840762573 ], [ 88.401802793807008, 22.476931565371704 ], [ 88.4017680727071, 22.476794203357311 ], [ 88.401719205023142, 22.476722352299394 ], [ 88.40165496798349, 22.476595569162701 ], [ 88.401617487729823, 22.476551152195228 ], [ 88.401613645385169, 22.476537419178431 ], [ 88.401561738979723, 22.476530983323592 ], [ 88.40149523172245, 22.476545322422776 ], [ 88.401451079833578, 22.476573235032276 ], [ 88.401388345010147, 22.4765944246511 ], [ 88.401362636291552, 22.476615295298309 ], [ 88.401318309720452, 22.476626001724551 ], [ 88.401262805452134, 22.476629921358416 ], [ 88.401203458872018, 22.476620107944946 ], [ 88.401136811839336, 22.476620681979767 ], [ 88.401118368617247, 22.476627723889269 ], [ 88.401096397384549, 22.476652003836744 ], [ 88.40108190121471, 22.476683102464293 ], [ 88.401078687488692, 22.476731311575371 ], [ 88.401128602520032, 22.476906399744809 ], [ 88.401129650189191, 22.477009636644137 ], [ 88.401145403599813, 22.477102422289398 ], [ 88.401183128336015, 22.477170927972516 ], [ 88.401242754556364, 22.477208271218586 ], [ 88.401450136669112, 22.47720992629068 ], [ 88.401550212426287, 22.477219388700075 ], [ 88.401594888504718, 22.477243094493829 ], [ 88.401672678644417, 22.477245865774346 ] ] ] } },
{ "type": "Feature", "properties": { "ward": 109, "source_sheet": "109_Haltu.pdf p1", "source": "KMC ward sewerage network map (ArcMap GeoPDF)", "extraction_method": "geopdf_raster_polygonised", "georef_max_residual_m": 0.3 }, "geometry": { "type": "Polygon", "coordinates": [ [ [ 88.400384660610783, 22.476210733050266 ], [ 88.400414211630107, 22.476203595606961 ], [ 88.400439815715615, 22.47617240141264 ], [ 88.400491407809113, 22.476147866557206 ], [ 88.400569162437904, 22.476147197171862 ], [ 88.40059113369233, 22.476122917294159 ], [ 88.400590994062057, 22.476109152369627 ], [ 88.400476213450929, 22.476110140510681 ], [ 88.40043932706125, 22.476124224173859 ], [ 88.400361607342887, 22.476128334727406 ], [ 88.400346936544594, 22.476142227139054 ], [ 88.400339775651517, 22.476166379501837 ], [ 88.400347390265765, 22.476186963148177 ], [ 88.400384660610783, 22.476210733050266 ] ] ] } },
{ "type": "Feature", "properties": { "ward": 109, "source_sheet": "109_Haltu.pdf p1", "source": "KMC ward sewerage network map (ArcMap GeoPDF)", "extraction_method": "geopdf_raster_polygonised", "georef_max_residual_m": 0.3 }, "geometry": { "type": "Polygon", "coordinates": [ [ [ 88.400150454377552, 22.476119827574895 ], [ 88.40036475151264, 22.476073243152225 ], [ 88.400352945682357, 22.476004514136296 ], [ 88.400134911151198, 22.476047689172951 ], [ 88.400150454377552, 22.476119827574895 ] ] ] } },
{ "type": "Feature", "properties": { "ward": 109, "source_sheet": "109_Haltu.pdf p1", "source": "KMC ward sewerage network map (ArcMap GeoPDF)", "extraction_method": "geopdf_raster_polygonised", "georef_max_residual_m": 0.3 }, "geometry": { "type": "Polygon", "coordinates": [ [ [ 88.39536154614143, 22.477117719843172 ], [ 88.395383727172742, 22.477114088054499 ], [ 88.395413000441081, 22.477079421599246 ], [ 88.395475458263249, 22.477030704343775 ], [ 88.395706532457297, 22.476811905262391 ], [ 88.395713937710624, 22.476811841730949 ], [ 88.395809266656642, 22.476718102367812 ], [ 88.395816671904655, 22.476718038831912 ], [ 88.396121136241504, 22.476433220314885 ], [ 88.396128541473388, 22.476433156765424 ], [ 88.396223835081429, 22.476335975942696 ], [ 88.39621604705691, 22.47629818588377 ], [ 88.396182445155276, 22.476270941969592 ], [ 88.396182375557458, 22.476264059494444 ], [ 88.395756172826282, 22.475861615268652 ], [ 88.39571121981183, 22.475810377871724 ], [ 88.395688865067811, 22.475796803502572 ], [ 88.39565190864036, 22.475804003614023 ], [ 88.395384122882959, 22.476054091288404 ], [ 88.395376717668881, 22.476054154802654 ], [ 88.395057511591673, 22.476345981441199 ], [ 88.395050106361055, 22.476346044941234 ], [ 88.3948337379978, 22.476554392408239 ], [ 88.394822664899976, 22.476557928883047 ], [ 88.394815398719885, 22.476571757330706 ], [ 88.394823082090127, 22.476599223756331 ], [ 88.394845436890265, 22.476612798241995 ], [ 88.394916586391389, 22.476691343563594 ], [ 88.39536154614143, 22.477117719843172 ] ] ] } },
{ "type": "Feature", "properties": { "ward": 109, "source_sheet": "109_Haltu.pdf p1", "source": "KMC ward sewerage network map (ArcMap GeoPDF)", "extraction_method": "geopdf_raster_polygonised", "georef_max_residual_m": 0.3 }, "geometry": { "type": "Polygon", "coordinates": [ [ [ 88.40346728281672, 22.476022416335855 ], [ 88.403511713936851, 22.476022033016655 ], [ 88.403774213198091, 22.475981911303183 ], [ 88.4040035639281, 22.475959282898565 ], [ 88.404162460368909, 22.475926937722395 ], [ 88.404236442167758, 22.47591941608199 ], [ 88.404288068427661, 22.475898321275285 ], [ 88.404309898970695, 22.475860276022111 ], [ 88.404309583979853, 22.475829304990405 ], [ 88.404242265379693, 22.475399695086754 ], [ 88.40406834929594, 22.475411520777946 ], [ 88.403413762680756, 22.475492882610251 ], [ 88.403402794846471, 22.475506743341242 ], [ 88.403376946738589, 22.475513849377734 ], [ 88.403389453509689, 22.475651402646232 ], [ 88.403437207359389, 22.475977935924561 ], [ 88.403445032278384, 22.476019166763916 ], [ 88.40346728281672, 22.476022416335855 ] ] ] } },
{ "type": "Feature", "properties": { "ward": 109, "source_sheet": "109_Haltu.pdf p1", "source": "KMC ward sewerage network map (ArcMap GeoPDF)", "extraction_method": "geopdf_raster_polygonised", "georef_max_residual_m": 0.3 }, "geometry": { "type": "Polygon", "coordinates": [ [ [ 88.398851350119344, 22.4769122312502 ], [ 88.398914294732506, 22.476911689992306 ], [ 88.398980628145779, 22.476880145770359 ], [ 88.399090939663182, 22.476803483378234 ], [ 88.399200902314703, 22.476692408586779 ], [ 88.399208307550609, 22.476692344895191 ], [ 88.399377093317383, 22.476539465655723 ], [ 88.399472593895894, 22.476462930421221 ], [ 88.399553249049092, 22.476383081316442 ], [ 88.399560654267447, 22.476383017609514 ], [ 88.399828328044535, 22.476122599659206 ], [ 88.399986283784926, 22.475997345275207 ], [ 88.400125551787028, 22.475855043919605 ], [ 88.400176725065734, 22.475789214384513 ], [ 88.400180113586629, 22.475758211430623 ], [ 88.400112943510507, 22.475707166541511 ], [ 88.399888624938228, 22.475495721899485 ], [ 88.399888555159933, 22.475488839434608 ], [ 88.399630739652608, 22.475260474961335 ], [ 88.399567726043315, 22.475254133994913 ], [ 88.399468314458261, 22.475310053703247 ], [ 88.398312491227742, 22.476355893852016 ], [ 88.398301801613854, 22.476397284138997 ], [ 88.398342948570843, 22.476438228874425 ], [ 88.398425556250757, 22.476551089416812 ], [ 88.398462930962353, 22.476585183476249 ], [ 88.398620288410285, 22.476766231991018 ], [ 88.398743451061364, 22.476861536012855 ], [ 88.398851350119344, 22.4769122312502 ] ] ] } },
{ "type": "Feature", "properties": { "ward": 109, "source_sheet": "109_Haltu.pdf p1", "source": "KMC ward sewerage network map (ArcMap GeoPDF)", "extraction_method": "geopdf_raster_polygonised", "georef_max_residual_m": 0.3 }, "geometry": { "type": "Polygon", "coordinates": [ [ [ 88.40101198034948, 22.474171386652092 ], [ 88.401030423259598, 22.474164344769001 ], [ 88.401030318514373, 22.474154021075059 ], [ 88.400974361335955, 22.474113204552708 ], [ 88.400861748863406, 22.473962746811409 ], [ 88.400805687083817, 22.473911606527906 ], [ 88.400745713360024, 22.473839850708664 ], [ 88.40073041450205, 22.473791800970567 ], [ 88.400699013981509, 22.473616553151075 ], [ 88.400695171824268, 22.473602820098787 ], [ 88.400680361690334, 22.473602947601456 ], [ 88.400719516327413, 22.473812543992452 ], [ 88.400746062435346, 22.47387426302733 ], [ 88.400865800513174, 22.4739971272476 ], [ 88.40094840859669, 22.474109986499709 ], [ 88.40101198034948, 22.474171386652092 ] ] ] } },
{ "type": "Feature", "properties": { "ward": 109, "source_sheet": "109_Haltu.pdf p1", "source": "KMC ward sewerage network map (ArcMap GeoPDF)", "extraction_method": "geopdf_raster_polygonised", "georef_max_residual_m": 0.3 }, "geometry": { "type": "Polygon", "coordinates": [ [ [ 88.397999279121606, 22.474679116790881 ], [ 88.398021494519568, 22.474678925896971 ], [ 88.398043605390782, 22.474668411293472 ], [ 88.39808024777696, 22.47463023953512 ], [ 88.398087652906781, 22.474630175900568 ], [ 88.398157304741744, 22.474560746647935 ], [ 88.398164709867615, 22.474560683010033 ], [ 88.398465531830354, 22.474282774764198 ], [ 88.398575702260473, 22.474192347851361 ], [ 88.398660024409764, 22.474109026149797 ], [ 88.398667429510056, 22.474108962490032 ], [ 88.398755419243201, 22.474022167678452 ], [ 88.398762824338561, 22.474022104014544 ], [ 88.398850813957466, 22.473935309155809 ], [ 88.398858219047909, 22.473935245487759 ], [ 88.399184746821902, 22.473636465774003 ], [ 88.399180486390065, 22.473581437866628 ], [ 88.399146884631776, 22.473554194557675 ], [ 88.399146814896767, 22.473547312088961 ], [ 88.398802939833203, 22.4732302061804 ], [ 88.398795534780064, 22.473230269844013 ], [ 88.398717049738423, 22.473158672353389 ], [ 88.398672340599617, 22.473131524423287 ], [ 88.39864272040623, 22.473131779050643 ], [ 88.398613274480525, 22.473149239849167 ], [ 88.398503313968305, 22.47326031416835 ], [ 88.398495908912622, 22.473260377818285 ], [ 88.398345568852662, 22.473406214463722 ], [ 88.398338163788722, 22.473406278106808 ], [ 88.39819149109853, 22.473548641564989 ], [ 88.398184086026518, 22.473548705201384 ], [ 88.398033745329272, 22.473694541583434 ], [ 88.398026340249018, 22.473694605212987 ], [ 88.397487081881664, 22.474194819130744 ], [ 88.397651631357505, 22.474355157821261 ], [ 88.397651701021402, 22.474362040293702 ], [ 88.397748838399721, 22.474447244184702 ], [ 88.397748908068735, 22.474454126656777 ], [ 88.397984399174746, 22.474672361580609 ], [ 88.397999279121606, 22.474679116790881 ] ] ] } },
{ "type": "Feature", "properties": { "ward": 109, "source_sheet": "109_Haltu.pdf p1", "source": "KMC ward sewerage network map (ArcMap GeoPDF)", "extraction_method": "geopdf_raster_polygonised", "georef_max_residual_m": 0.3 }, "geometry": { "type": "Polygon", "coordinates": [ [ [ 88.400672572665499, 22.473565157799275 ], [ 88.400694752954621, 22.473561525314089 ], [ 88.400692169946694, 22.473306874136906 ], [ 88.400716656489422, 22.473165560488159 ], [ 88.40072636782422, 22.473027815571825 ], [ 88.400779008337622, 22.472741715150583 ], [ 88.400778589460813, 22.472700420362958 ], [ 88.400767481932718, 22.472700515992159 ], [ 88.400767935712409, 22.472745252012295 ], [ 88.40074627913981, 22.47280050298609 ], [ 88.400700415292121, 22.473024597467873 ], [ 88.400694441358439, 22.473165751741053 ], [ 88.400669954792932, 22.473307065387573 ], [ 88.400672572665499, 22.473565157799275 ] ] ] } }
]
}
