{
"type": "FeatureCollection",
"name": "ward106_p2_pipes",
"crs": { "type": "name", "properties": { "name": "urn:ogc:def:crs:OGC:1.3:CRS84" } },
"features": [
{ "type": "Feature", "properties": { "ward": 106, "source_sheet": "106_garfa2.pdf p2", "source": "KMC ward sewerage network map (ArcMap GeoPDF)", "extraction_method": "geopdf_vector", "georef_max_residual_m": 2.5, "conduit_type": "pipe", "pipe_diameter_mm": 300.0, "diameter_source": "legend_colour", "diameter_candidates_mm": null, "label_diameter_mm": 300.0, "label_agrees": true, "scheme": null, "flow_arrow": "end" }, "geometry": { "type": "LineString", "coordinates": [ [ 88.386551297774204, 22.505953000258955 ], [ 88.386501889271841, 22.505869779661808 ], [ 88.386452504828398, 22.50578869532151 ], [ 88.386405235697069, 22.505690428592114 ], [ 88.38638551850741, 22.505579051632079 ], [ 88.386385971080884, 22.505413849470681 ] ] } },
{ "type": "Feature", "properties": { "ward": 106, "source_sheet": "106_garfa2.pdf p2", "source": "KMC ward sewerage network map (ArcMap GeoPDF)", "extraction_method": "geopdf_vector", "georef_max_residual_m": 2.5, "conduit_type": "pipe", "pipe_diameter_mm": 800.0, "diameter_source": "legend_colour", "diameter_candidates_mm": null, "label_diameter_mm": 800.0, "label_agrees": true, "scheme": null, "flow_arrow": "end" }, "geometry": { "type": "LineString", "coordinates": [ [ 88.399735184989879, 22.506033981434804 ], [ 88.399594808671665, 22.506071721485235 ], [ 88.399475131597598, 22.506102838220407 ], [ 88.399447532494449, 22.506111669148606 ], [ 88.399261116969598, 22.506160551783591 ], [ 88.399012578807955, 22.506227149501047 ], [ 88.398814671587047, 22.506280444100792 ], [ 88.398784764372024, 22.506289295753323 ], [ 88.398554665768131, 22.506353589849851 ], [ 88.398333799058818, 22.506417800318332 ], [ 88.397993036758166, 22.506502401011918 ], [ 88.397700693265278, 22.506573691734186 ], [ 88.397514252127323, 22.506620427203025 ], [ 88.397387407245787, 22.506630152841669 ], [ 88.397273197260773, 22.506532493310381 ], [ 88.397142661360505, 22.506419962933712 ], [ 88.397025412677806, 22.506461783100374 ], [ 88.39695413051443, 22.506486025402403 ], [ 88.396882848324566, 22.506510267674066 ], [ 88.396811541849502, 22.506532364710981 ], [ 88.396634356805166, 22.506581161154671 ], [ 88.396533094288131, 22.506607818920735 ], [ 88.396424931871479, 22.506636684230706 ] ] } },
{ "type": "Feature", "properties": { "ward": 106, "source_sheet": "106_garfa2.pdf p2", "source": "KMC ward sewerage network map (ArcMap GeoPDF)", "extraction_method": "geopdf_vector", "georef_max_residual_m": 2.5, "conduit_type": "pipe", "pipe_diameter_mm": 300.0, "diameter_source": "legend_colour", "diameter_candidates_mm": null, "label_diameter_mm": 300.0, "label_agrees": true, "scheme": null, "flow_arrow": "end" }, "geometry": { "type": "LineString", "coordinates": [ [ 88.387395160597251, 22.508328936105425 ], [ 88.387414213582232, 22.508380255743099 ], [ 88.387437993697205, 22.508442260180644 ], [ 88.387459393408363, 22.508497849648865 ], [ 88.387483173566281, 22.508559854076825 ], [ 88.387489188517634, 22.508684235054464 ], [ 88.387561662783682, 22.508971073279795 ], [ 88.387604655464571, 22.509099413857172 ], [ 88.387664962638965, 22.509330579863356 ], [ 88.387696400578761, 22.509456878487281 ], [ 88.38773246927552, 22.509585281042092 ], [ 88.387784863580706, 22.509728555314382 ] ] } },
{ "type": "Feature", "properties": { "ward": 106, "source_sheet": "106_garfa2.pdf p2", "source": "KMC ward sewerage network map (ArcMap GeoPDF)", "extraction_method": "geopdf_vector", "georef_max_residual_m": 2.5, "conduit_type": "pipe", "pipe_diameter_mm": 300.0, "diameter_source": "legend_colour", "diameter_candidates_mm": null, "label_diameter_mm": 300.0, "label_agrees": true, "scheme": null, "flow_arrow": "end" }, "geometry": { "type": "LineString", "coordinates": [ [ 88.386997646538944, 22.509518918067688 ], [ 88.387099033884795, 22.509502992171775 ], [ 88.387095447854676, 22.509389316570456 ], [ 88.387091910059397, 22.509279931392584 ], [ 88.387060096550471, 22.509119309127868 ], [ 88.387039775327324, 22.508954293085985 ], [ 88.387017001421441, 22.508776426425758 ], [ 88.387001826893751, 22.508658563717702 ], [ 88.386973358442049, 22.50859016490352 ], [ 88.386971026254344, 22.508588040357012 ] ] } },
{ "type": "Feature", "properties": { "ward": 106, "source_sheet": "106_garfa2.pdf p2", "source": "KMC ward sewerage network map (ArcMap GeoPDF)", "extraction_method": "geopdf_vector", "georef_max_residual_m": 2.5, "conduit_type": "pipe", "pipe_diameter_mm": 300.0, "diameter_source": "legend_colour", "diameter_candidates_mm": null, "label_diameter_mm": 300.0, "label_agrees": true, "scheme": null, "flow_arrow": "end" }, "geometry": { "type": "LineString", "coordinates": [ [ 88.387763111823503, 22.508615272952134 ], [ 88.387666437856637, 22.508639738727936 ], [ 88.387576654354575, 22.508661997295587 ], [ 88.387489188517634, 22.508684235054464 ] ] } },
{ "type": "Feature", "properties": { "ward": 106, "source_sheet": "106_garfa2.pdf p2", "source": "KMC ward sewerage network map (ArcMap GeoPDF)", "extraction_method": "geopdf_vector", "georef_max_residual_m": 2.5, "conduit_type": "pipe", "pipe_diameter_mm": 400.0, "diameter_source": "legend_colour", "diameter_candidates_mm": null, "label_diameter_mm": 400.0, "label_agrees": true, "scheme": null, "flow_arrow": "end" }, "geometry": { "type": "LineString", "coordinates": [ [ 88.385122066803291, 22.508593858121738 ], [ 88.384785838214142, 22.508665518258621 ], [ 88.384659158512349, 22.508690250512029 ], [ 88.384518668787663, 22.508719396973589 ] ] } },
{ "type": "Feature", "properties": { "ward": 106, "source_sheet": "106_garfa2.pdf p2", "source": "KMC ward sewerage network map (ArcMap GeoPDF)", "extraction_method": "geopdf_vector", "georef_max_residual_m": 2.5, "conduit_type": "pipe", "pipe_diameter_mm": 300.0, "diameter_source": "legend_colour", "diameter_candidates_mm": null, "label_diameter_mm": 300.0, "label_agrees": true, "scheme": null, "flow_arrow": "end" }, "geometry": { "type": "LineString", "coordinates": [ [ 88.385353184095891, 22.509647342638456 ], [ 88.385277065039048, 22.509652314306589 ], [ 88.385207870268687, 22.509657224012866 ], [ 88.385131751197235, 22.509662195612826 ], [ 88.385039489893472, 22.5096694569562 ], [ 88.384947238194073, 22.509676718161192 ], [ 88.384946447082413, 22.509811887317007 ], [ 88.384840240747195, 22.509810691523352 ], [ 88.384729451900711, 22.509811682059119 ], [ 88.384607098468365, 22.509810630472348 ], [ 88.384489375690038, 22.509811682829653 ], [ 88.384364714147509, 22.509810651690497 ] ] } },
{ "type": "Feature", "properties": { "ward": 106, "source_sheet": "106_garfa2.pdf p2", "source": "KMC ward sewerage network map (ArcMap GeoPDF)", "extraction_method": "geopdf_vector", "georef_max_residual_m": 2.5, "conduit_type": "pipe", "pipe_diameter_mm": 300.0, "diameter_source": "legend_colour", "diameter_candidates_mm": null, "label_diameter_mm": 300.0, "label_agrees": true, "scheme": null, "flow_arrow": "end" }, "geometry": { "type": "LineString", "coordinates": [ [ 88.385609379197376, 22.50902716725496 ], [ 88.385349495018048, 22.509113163637796 ], [ 88.384997551746508, 22.509223582551947 ], [ 88.384868515342845, 22.509244045201353 ], [ 88.384718744600988, 22.509268983979162 ], [ 88.384578182094899, 22.50929169487442 ], [ 88.384437629152984, 22.509314405563245 ] ] } },
{ "type": "Feature", "properties": { "ward": 106, "source_sheet": "106_garfa2.pdf p2", "source": "KMC ward sewerage network map (ArcMap GeoPDF)", "extraction_method": "geopdf_vector", "georef_max_residual_m": 2.5, "conduit_type": "pipe", "pipe_diameter_mm": 300.0, "diameter_source": "legend_colour", "diameter_candidates_mm": null, "label_diameter_mm": 300.0, "label_agrees": true, "scheme": null, "flow_arrow": "end" }, "geometry": { "type": "LineString", "coordinates": [ [ 88.385232232349338, 22.508743053027196 ], [ 88.385349495018048, 22.509113163637796 ] ] } },
{ "type": "Feature", "properties": { "ward": 106, "source_sheet": "106_garfa2.pdf p2", "source": "KMC ward sewerage network map (ArcMap GeoPDF)", "extraction_method": "geopdf_vector", "georef_max_residual_m": 2.5, "conduit_type": "pipe", "pipe_diameter_mm": 300.0, "diameter_source": "legend_colour", "diameter_candidates_mm": null, "label_diameter_mm": 300.0, "label_agrees": true, "scheme": null, "flow_arrow": "end" }, "geometry": { "type": "LineString", "coordinates": [ [ 88.385811671485357, 22.509568151139355 ], [ 88.385863586836194, 22.509874483029886 ], [ 88.385897095412034, 22.510185270442236 ] ] } },
{ "type": "Feature", "properties": { "ward": 106, "source_sheet": "106_garfa2.pdf p2", "source": "KMC ward sewerage network map (ArcMap GeoPDF)", "extraction_method": "geopdf_vector", "georef_max_residual_m": 2.5, "conduit_type": "pipe", "pipe_diameter_mm": 300.0, "diameter_source": "legend_colour", "diameter_candidates_mm": null, "label_diameter_mm": 300.0, "label_agrees": true, "scheme": null, "flow_arrow": "end" }, "geometry": { "type": "LineString", "coordinates": [ [ 88.384662155830995, 22.508134557246901 ], [ 88.384684228456479, 22.508250213170378 ], [ 88.384715701951293, 22.50838080305779 ], [ 88.384739866079428, 22.508477131396074 ], [ 88.384764054319845, 22.508575604942987 ], [ 88.384785838214142, 22.508665518258621 ] ] } },
{ "type": "Feature", "properties": { "ward": 106, "source_sheet": "106_garfa2.pdf p2", "source": "KMC ward sewerage network map (ArcMap GeoPDF)", "extraction_method": "geopdf_vector", "georef_max_residual_m": 2.5, "conduit_type": "pipe", "pipe_diameter_mm": 225.0, "diameter_source": "legend_colour", "diameter_candidates_mm": null, "label_diameter_mm": 225.0, "label_agrees": true, "scheme": null, "flow_arrow": "end" }, "geometry": { "type": "LineString", "coordinates": [ [ 88.38489756812784, 22.508336268484776 ], [ 88.384796267976611, 22.508360773912663 ], [ 88.384715701951293, 22.50838080305779 ] ] } },
{ "type": "Feature", "properties": { "ward": 106, "source_sheet": "106_garfa2.pdf p2", "source": "KMC ward sewerage network map (ArcMap GeoPDF)", "extraction_method": "geopdf_vector", "georef_max_residual_m": 2.5, "conduit_type": "pipe", "pipe_diameter_mm": 400.0, "diameter_source": "legend_colour", "diameter_candidates_mm": null, "label_diameter_mm": 400.0, "label_agrees": true, "scheme": null, "flow_arrow": "end" }, "geometry": { "type": "LineString", "coordinates": [ [ 88.385951618375856, 22.50579103200505 ], [ 88.385955343095333, 22.50571161776228 ], [ 88.386022897751545, 22.505560842174102 ], [ 88.386092697535574, 22.505403601242605 ], [ 88.386157775133725, 22.505237820817431 ], [ 88.386173449535306, 22.505194780898201 ], [ 88.386169936856902, 22.505087540817538 ], [ 88.38616642418873, 22.504980300735163 ], [ 88.386160651698489, 22.504877371732292 ], [ 88.386160627605818, 22.504875226517555 ] ] } },
{ "type": "Feature", "properties": { "ward": 106, "source_sheet": "106_garfa2.pdf p2", "source": "KMC ward sewerage network map (ArcMap GeoPDF)", "extraction_method": "geopdf_vector", "georef_max_residual_m": 2.5, "conduit_type": "pipe", "pipe_diameter_mm": 300.0, "diameter_source": "legend_colour", "diameter_candidates_mm": null, "label_diameter_mm": 300.0, "label_agrees": true, "scheme": null, "flow_arrow": "end" }, "geometry": { "type": "LineString", "coordinates": [ [ 88.385794242233999, 22.506371706108744 ], [ 88.385736396433828, 22.506359333127158 ], [ 88.385669294586478, 22.506344915370295 ], [ 88.385519165859762, 22.506337676513134 ], [ 88.385403691478984, 22.506332273016064 ], [ 88.385292847651655, 22.506328973455872 ], [ 88.385053665099676, 22.506202395356912 ], [ 88.384991203540537, 22.506190081251209 ], [ 88.384778781953017, 22.506185544071563 ], [ 88.384640443924113, 22.506199653290047 ], [ 88.384476804058906, 22.506222570259009 ], [ 88.384317765765886, 22.506243300509365 ], [ 88.384330461042595, 22.506346158808679 ], [ 88.384340872663998, 22.506451209762997 ], [ 88.384276309964093, 22.506458223040191 ], [ 88.384195600550996, 22.506465380581208 ], [ 88.38411258308102, 22.506472558705944 ], [ 88.38403648012239, 22.506479675006386 ] ] } },
{ "type": "Feature", "properties": { "ward": 106, "source_sheet": "106_garfa2.pdf p2", "source": "KMC ward sewerage network map (ArcMap GeoPDF)", "extraction_method": "geopdf_vector", "georef_max_residual_m": 2.5, "conduit_type": "pipe", "pipe_diameter_mm": 225.0, "diameter_source": "legend_colour", "diameter_candidates_mm": null, "label_diameter_mm": 225.0, "label_agrees": true, "scheme": null, "flow_arrow": "end" }, "geometry": { "type": "LineString", "coordinates": [ [ 88.385112369964133, 22.506701764712066 ], [ 88.385109656067357, 22.506871277989458 ], [ 88.385106845861088, 22.507032210403128 ] ] } },
{ "type": "Feature", "properties": { "ward": 106, "source_sheet": "106_garfa2.pdf p2", "source": "KMC ward sewerage network map (ArcMap GeoPDF)", "extraction_method": "geopdf_vector", "georef_max_residual_m": 2.5, "conduit_type": "pipe", "pipe_diameter_mm": 300.0, "diameter_source": "legend_colour", "diameter_candidates_mm": null, "label_diameter_mm": 300.0, "label_agrees": true, "scheme": null, "flow_arrow": "end" }, "geometry": { "type": "LineString", "coordinates": [ [ 88.38458246538562, 22.505146791673649 ], [ 88.384499460748472, 22.504950153874415 ] ] } },
{ "type": "Feature", "properties": { "ward": 106, "source_sheet": "106_garfa2.pdf p2", "source": "KMC ward sewerage network map (ArcMap GeoPDF)", "extraction_method": "geopdf_vector", "georef_max_residual_m": 2.5, "conduit_type": "pipe", "pipe_diameter_mm": 300.0, "diameter_source": "legend_colour", "diameter_candidates_mm": null, "label_diameter_mm": 300.0, "label_agrees": true, "scheme": null, "flow_arrow": "end" }, "geometry": { "type": "LineString", "coordinates": [ [ 88.385769622587205, 22.5052069755607 ], [ 88.38587818157562, 22.505212440700532 ], [ 88.386009787096256, 22.505215554140829 ], [ 88.386157775133725, 22.505237820817431 ] ] } },
{ "type": "Feature", "properties": { "ward": 106, "source_sheet": "106_garfa2.pdf p2", "source": "KMC ward sewerage network map (ArcMap GeoPDF)", "extraction_method": "geopdf_vector", "georef_max_residual_m": 2.5, "conduit_type": "pipe", "pipe_diameter_mm": 300.0, "diameter_source": "legend_colour", "diameter_candidates_mm": null, "label_diameter_mm": 300.0, "label_agrees": true, "scheme": null, "flow_arrow": "end" }, "geometry": { "type": "LineString", "coordinates": [ [ 88.385503334918397, 22.505749988046258 ], [ 88.385660459364857, 22.505763600659762 ], [ 88.385806034051399, 22.505777316441968 ], [ 88.385951618375856, 22.50579103200505 ] ] } },
{ "type": "Feature", "properties": { "ward": 106, "source_sheet": "106_garfa2.pdf p2", "source": "KMC ward sewerage network map (ArcMap GeoPDF)", "extraction_method": "geopdf_vector", "georef_max_residual_m": 2.5, "conduit_type": "pipe", "pipe_diameter_mm": 300.0, "diameter_source": "legend_colour", "diameter_candidates_mm": null, "label_diameter_mm": null, "label_agrees": null, "scheme": null, "flow_arrow": "end" }, "geometry": { "type": "LineString", "coordinates": [ [ 88.386352522839388, 22.506134995398792 ], [ 88.386223335352398, 22.506142587787309 ], [ 88.386096431791117, 22.506148014206538 ], [ 88.385985694104548, 22.506153295888783 ], [ 88.385891112679971, 22.506158432953335 ] ] } },
{ "type": "Feature", "properties": { "ward": 106, "source_sheet": "106_garfa2.pdf p2", "source": "KMC ward sewerage network map (ArcMap GeoPDF)", "extraction_method": "geopdf_vector", "georef_max_residual_m": 2.5, "conduit_type": "pipe", "pipe_diameter_mm": 400.0, "diameter_source": "legend_colour", "diameter_candidates_mm": null, "label_diameter_mm": 400.0, "label_agrees": true, "scheme": null, "flow_arrow": "end" }, "geometry": { "type": "LineString", "coordinates": [ [ 88.386135842685746, 22.506984388163389 ], [ 88.386163664868548, 22.507200827605072 ], [ 88.386136835607019, 22.507278303156198 ], [ 88.386014667584789, 22.507294414326775 ], [ 88.38579113767473, 22.507328595687184 ], [ 88.385685135584239, 22.507344561985342 ], [ 88.385583715881111, 22.507358341795264 ] ] } },
{ "type": "Feature", "properties": { "ward": 106, "source_sheet": "106_garfa2.pdf p2", "source": "KMC ward sewerage network map (ArcMap GeoPDF)", "extraction_method": "geopdf_vector", "georef_max_residual_m": 2.5, "conduit_type": "pipe", "pipe_diameter_mm": 400.0, "diameter_source": "legend_colour", "diameter_candidates_mm": null, "label_diameter_mm": 400.0, "label_agrees": true, "scheme": null, "flow_arrow": "end" }, "geometry": { "type": "LineString", "coordinates": [ [ 88.386685672174323, 22.507434298214001 ], [ 88.386698080207282, 22.507511422594142 ], [ 88.386708227398003, 22.507592768676901 ], [ 88.386720707775581, 22.507676328692909 ], [ 88.386730735478707, 22.507747038088048 ] ] } },
{ "type": "Feature", "properties": { "ward": 106, "source_sheet": "106_garfa2.pdf p2", "source": "KMC ward sewerage network map (ArcMap GeoPDF)", "extraction_method": "geopdf_vector", "georef_max_residual_m": 2.5, "conduit_type": "pipe", "pipe_diameter_mm": 300.0, "diameter_source": "legend_colour", "diameter_candidates_mm": null, "label_diameter_mm": 300.0, "label_agrees": true, "scheme": null, "flow_arrow": "end" }, "geometry": { "type": "LineString", "coordinates": [ [ 88.386483270736292, 22.507294511609182 ], [ 88.386498396409451, 22.507408083987634 ], [ 88.386513570314591, 22.507525946789283 ], [ 88.386526386981146, 22.507639450434628 ], [ 88.386548605650773, 22.507767977316902 ] ] } },
{ "type": "Feature", "properties": { "ward": 106, "source_sheet": "106_garfa2.pdf p2", "source": "KMC ward sewerage network map (ArcMap GeoPDF)", "extraction_method": "geopdf_vector", "georef_max_residual_m": 2.5, "conduit_type": "pipe", "pipe_diameter_mm": 400.0, "diameter_source": "legend_colour", "diameter_candidates_mm": null, "label_diameter_mm": 400.0, "label_agrees": true, "scheme": null, "flow_arrow": "end" }, "geometry": { "type": "LineString", "coordinates": [ [ 88.386854196654198, 22.505381767868769 ], [ 88.386766588096691, 22.505391133861501 ], [ 88.386665131369185, 22.505400623764306 ], [ 88.386577464965015, 22.505405699313052 ], [ 88.386487476043882, 22.505408650170931 ], [ 88.386385971080884, 22.505413849470681 ], [ 88.386314364452872, 22.505410199430468 ], [ 88.386226635352685, 22.505408839059534 ], [ 88.386157346370581, 22.505405168209933 ], [ 88.386092697535574, 22.505403601242605 ] ] } },
{ "type": "Feature", "properties": { "ward": 106, "source_sheet": "106_garfa2.pdf p2", "source": "KMC ward sewerage network map (ArcMap GeoPDF)", "extraction_method": "geopdf_vector", "georef_max_residual_m": 2.5, "conduit_type": "pipe", "pipe_diameter_mm": 300.0, "diameter_source": "legend_colour", "diameter_candidates_mm": null, "label_diameter_mm": 300.0, "label_agrees": true, "scheme": null, "flow_arrow": "end" }, "geometry": { "type": "LineString", "coordinates": [ [ 88.386641611774394, 22.505156264219423 ], [ 88.386654670124457, 22.505291300479954 ], [ 88.386665131369185, 22.505400623764306 ] ] } },
{ "type": "Feature", "properties": { "ward": 106, "source_sheet": "106_garfa2.pdf p2", "source": "KMC ward sewerage network map (ArcMap GeoPDF)", "extraction_method": "geopdf_vector", "georef_max_residual_m": 2.5, "conduit_type": "pipe", "pipe_diameter_mm": 300.0, "diameter_source": "legend_colour", "diameter_candidates_mm": null, "label_diameter_mm": 300.0, "label_agrees": true, "scheme": null, "flow_arrow": "end" }, "geometry": { "type": "LineString", "coordinates": [ [ 88.386847887522777, 22.505025691943594 ], [ 88.386903030458541, 22.505207559817705 ], [ 88.386829525571073, 22.505240390364325 ], [ 88.386841861105339, 22.505311079117632 ], [ 88.386854196654198, 22.505381767868769 ] ] } },
{ "type": "Feature", "properties": { "ward": 106, "source_sheet": "106_garfa2.pdf p2", "source": "KMC ward sewerage network map (ArcMap GeoPDF)", "extraction_method": "geopdf_vector", "georef_max_residual_m": 2.5, "conduit_type": "pipe", "pipe_diameter_mm": 300.0, "diameter_source": "legend_colour", "diameter_candidates_mm": null, "label_diameter_mm": 300.0, "label_agrees": true, "scheme": null, "flow_arrow": "end" }, "geometry": { "type": "LineString", "coordinates": [ [ 88.386648114848725, 22.508200463272413 ], [ 88.386723732828969, 22.508356402658361 ], [ 88.38673376060288, 22.508427112044977 ], [ 88.386743788389069, 22.508497821429845 ], [ 88.386753767975947, 22.508564240386587 ], [ 88.386763747574179, 22.508630659341687 ] ] } },
{ "type": "Feature", "properties": { "ward": 106, "source_sheet": "106_garfa2.pdf p2", "source": "KMC ward sewerage network map (ArcMap GeoPDF)", "extraction_method": "geopdf_vector", "georef_max_residual_m": 2.5, "conduit_type": "pipe", "pipe_diameter_mm": 300.0, "diameter_source": "legend_colour", "diameter_candidates_mm": null, "label_diameter_mm": 300.0, "label_agrees": true, "scheme": null, "flow_arrow": "end" }, "geometry": { "type": "LineString", "coordinates": [ [ 88.386866634394721, 22.508131998669889 ], [ 88.386911630427591, 22.508232430969009 ], [ 88.38694716763824, 22.508313639083333 ], [ 88.38698739337093, 22.508401241492997 ], [ 88.387022954783646, 22.508484594797501 ] ] } },
{ "type": "Feature", "properties": { "ward": 106, "source_sheet": "106_garfa2.pdf p2", "source": "KMC ward sewerage network map (ArcMap GeoPDF)", "extraction_method": "geopdf_vector", "georef_max_residual_m": 2.5, "conduit_type": "pipe", "pipe_diameter_mm": 300.0, "diameter_source": "legend_colour", "diameter_candidates_mm": null, "label_diameter_mm": null, "label_agrees": null, "scheme": null, "flow_arrow": "end" }, "geometry": { "type": "LineString", "coordinates": [ [ 88.387398157393989, 22.506335877323842 ], [ 88.387255290560063, 22.506358628940308 ], [ 88.387117039554795, 22.506381321222165 ], [ 88.386948673032606, 22.506393555872457 ] ] } },
{ "type": "Feature", "properties": { "ward": 106, "source_sheet": "106_garfa2.pdf p2", "source": "KMC ward sewerage network map (ArcMap GeoPDF)", "extraction_method": "geopdf_vector", "georef_max_residual_m": 2.5, "conduit_type": "pipe", "pipe_diameter_mm": 300.0, "diameter_source": "legend_colour", "diameter_candidates_mm": null, "label_diameter_mm": 300.0, "label_agrees": true, "scheme": null, "flow_arrow": "end" }, "geometry": { "type": "LineString", "coordinates": [ [ 88.38715670987817, 22.507650970659085 ], [ 88.387218762340638, 22.507626815258526 ], [ 88.387300936281591, 22.507544553053101 ], [ 88.387617078863983, 22.507535374568398 ], [ 88.387808704722374, 22.50753785939742 ], [ 88.38783289490776, 22.507636332393087 ], [ 88.387854584092906, 22.507717664361422 ], [ 88.387875766738873, 22.50775394686498 ] ] } },
{ "type": "Feature", "properties": { "ward": 106, "source_sheet": "106_garfa2.pdf p2", "source": "KMC ward sewerage network map (ArcMap GeoPDF)", "extraction_method": "geopdf_vector", "georef_max_residual_m": 2.5, "conduit_type": "pipe", "pipe_diameter_mm": 225.0, "diameter_source": "legend_colour", "diameter_candidates_mm": null, "label_diameter_mm": 225.0, "label_agrees": true, "scheme": null, "flow_arrow": "end" }, "geometry": { "type": "LineString", "coordinates": [ [ 88.387425860971859, 22.506541608282941 ], [ 88.387445145210961, 22.50661438015678 ], [ 88.387466761633561, 22.506689276567734 ], [ 88.387483641410682, 22.50675348825353 ], [ 88.387502925715495, 22.506826260115588 ], [ 88.387534087916833, 22.506928961589345 ], [ 88.387558084846674, 22.507010272945706 ], [ 88.387579701403283, 22.507085169331742 ], [ 88.387580569614585, 22.507162396993252 ], [ 88.387593460453544, 22.507282425538552 ], [ 88.387604236203828, 22.507419636456294 ], [ 88.387617078863983, 22.507535374568398 ] ] } },
{ "type": "Feature", "properties": { "ward": 106, "source_sheet": "106_garfa2.pdf p2", "source": "KMC ward sewerage network map (ArcMap GeoPDF)", "extraction_method": "geopdf_vector", "georef_max_residual_m": 2.5, "conduit_type": "pipe", "pipe_diameter_mm": 300.0, "diameter_source": "legend_colour", "diameter_candidates_mm": null, "label_diameter_mm": 300.0, "label_agrees": true, "scheme": null, "flow_arrow": "end" }, "geometry": { "type": "LineString", "coordinates": [ [ 88.387335052452755, 22.50606183647411 ], [ 88.387240567628808, 22.506075555179347 ], [ 88.38714144260021, 22.506087169950273 ], [ 88.387040024005117, 22.506100950626092 ], [ 88.386945539115573, 22.506114669160954 ], [ 88.386855636558295, 22.506126201188167 ] ] } },
{ "type": "Feature", "properties": { "ward": 106, "source_sheet": "106_garfa2.pdf p2", "source": "KMC ward sewerage network map (ArcMap GeoPDF)", "extraction_method": "geopdf_vector", "georef_max_residual_m": 2.5, "conduit_type": "pipe", "pipe_diameter_mm": 225.0, "diameter_source": "legend_colour", "diameter_candidates_mm": null, "label_diameter_mm": 225.0, "label_agrees": true, "scheme": null, "flow_arrow": "end" }, "geometry": { "type": "LineString", "coordinates": [ [ 88.387797690191235, 22.506763547707937 ], [ 88.387638787058989, 22.506797152606627 ], [ 88.387502925715495, 22.506826260115588 ] ] } },
{ "type": "Feature", "properties": { "ward": 106, "source_sheet": "106_garfa2.pdf p2", "source": "KMC ward sewerage network map (ArcMap GeoPDF)", "extraction_method": "geopdf_vector", "georef_max_residual_m": 2.5, "conduit_type": "pipe", "pipe_diameter_mm": 225.0, "diameter_source": "legend_colour", "diameter_candidates_mm": null, "label_diameter_mm": 225.0, "label_agrees": true, "scheme": null, "flow_arrow": "end" }, "geometry": { "type": "LineString", "coordinates": [ [ 88.388055107120636, 22.507074473990688 ], [ 88.388076868701205, 22.507162241569507 ], [ 88.388098606187214, 22.507247863930761 ], [ 88.388168306883813, 22.507697689924065 ] ] } },
{ "type": "Feature", "properties": { "ward": 106, "source_sheet": "106_garfa2.pdf p2", "source": "KMC ward sewerage network map (ArcMap GeoPDF)", "extraction_method": "geopdf_vector", "georef_max_residual_m": 2.5, "conduit_type": "pipe", "pipe_diameter_mm": 225.0, "diameter_source": "legend_colour", "diameter_candidates_mm": null, "label_diameter_mm": 225.0, "label_agrees": true, "scheme": null, "flow_arrow": "end" }, "geometry": { "type": "LineString", "coordinates": [ [ 88.387284920117736, 22.505914259741921 ], [ 88.387403934747468, 22.505823085877672 ], [ 88.387615598447937, 22.505761118096594 ], [ 88.387661768683444, 22.505760704537 ], [ 88.387794291195235, 22.505845334584102 ] ] } },
{ "type": "Feature", "properties": { "ward": 106, "source_sheet": "106_garfa2.pdf p2", "source": "KMC ward sewerage network map (ArcMap GeoPDF)", "extraction_method": "geopdf_vector", "georef_max_residual_m": 2.5, "conduit_type": "pipe", "pipe_diameter_mm": 375.0, "diameter_source": "legend_colour", "diameter_candidates_mm": null, "label_diameter_mm": 375.0, "label_agrees": true, "scheme": null, "flow_arrow": "end" }, "geometry": { "type": "LineString", "coordinates": [ [ 88.3877913655801, 22.505379811620145 ], [ 88.387775973877211, 22.505242642033039 ], [ 88.387760775253838, 22.505122643084576 ], [ 88.387747932815003, 22.505006904945095 ], [ 88.387732806503664, 22.504893332689484 ], [ 88.387722513401982, 22.504799034939811 ] ] } },
{ "type": "Feature", "properties": { "ward": 106, "source_sheet": "106_garfa2.pdf p2", "source": "KMC ward sewerage network map (ArcMap GeoPDF)", "extraction_method": "geopdf_vector", "georef_max_residual_m": 2.5, "conduit_type": "pipe", "pipe_diameter_mm": 300.0, "diameter_source": "legend_colour", "diameter_candidates_mm": null, "label_diameter_mm": 300.0, "label_agrees": true, "scheme": null, "flow_arrow": "end" }, "geometry": { "type": "LineString", "coordinates": [ [ 88.387613999806717, 22.50541358182376 ], [ 88.3877913655801, 22.505379811620145 ] ] } },
{ "type": "Feature", "properties": { "ward": 106, "source_sheet": "106_garfa2.pdf p2", "source": "KMC ward sewerage network map (ArcMap GeoPDF)", "extraction_method": "geopdf_vector", "georef_max_residual_m": 2.5, "conduit_type": "pipe", "pipe_diameter_mm": 600.0, "diameter_source": "legend_colour", "diameter_candidates_mm": null, "label_diameter_mm": 300.0, "label_agrees": false, "scheme": null, "flow_arrow": "end" }, "geometry": { "type": "LineString", "coordinates": [ [ 88.385744225060733, 22.503561693160059 ], [ 88.385708184246866, 22.503435444049313 ], [ 88.38551290640126, 22.503312755608317 ], [ 88.385392674080293, 22.503294521961973 ], [ 88.385279885847837, 22.503323421148405 ], [ 88.385232068069342, 22.503381775368027 ], [ 88.385188818088707, 22.503435797869795 ], [ 88.385066518436588, 22.503439036781224 ], [ 88.38493036118598, 22.50344239948425 ], [ 88.384817413843919, 22.503456281756751 ], [ 88.384739028556282, 22.503465555216245 ], [ 88.384619710731343, 22.503528839222334 ], [ 88.384477206935827, 22.503583748631769 ], [ 88.384311704836918, 22.503645299728831 ] ] } },
{ "type": "Feature", "properties": { "ward": 106, "source_sheet": "106_garfa2.pdf p2", "source": "KMC ward sewerage network map (ArcMap GeoPDF)", "extraction_method": "geopdf_vector", "georef_max_residual_m": 2.5, "conduit_type": "pipe", "pipe_diameter_mm": 500.0, "diameter_source": "legend_colour", "diameter_candidates_mm": null, "label_diameter_mm": 500.0, "label_agrees": true, "scheme": null, "flow_arrow": "end" }, "geometry": { "type": "LineString", "coordinates": [ [ 88.387386427801758, 22.503444014886195 ], [ 88.387307898212839, 22.503440427241319 ], [ 88.387236278213422, 22.50343464119835 ], [ 88.387157758246033, 22.50343105339368 ], [ 88.38699157314467, 22.50343254126242 ], [ 88.386857757753617, 22.503438030058362 ], [ 88.386716984649013, 22.503441435590855 ], [ 88.386557867967738, 22.503455723387074 ], [ 88.386431024688804, 22.503465440291102 ], [ 88.386294939792407, 22.503475239792458 ], [ 88.386184348793748, 22.503493392795775 ], [ 88.3860691417716, 22.50351158702323 ], [ 88.38596313299206, 22.503527553449533 ], [ 88.385852541895545, 22.503545706229133 ], [ 88.385744225060733, 22.503561693160059 ] ] } },
{ "type": "Feature", "properties": { "ward": 106, "source_sheet": "106_garfa2.pdf p2", "source": "KMC ward sewerage network map (ArcMap GeoPDF)", "extraction_method": "geopdf_vector", "georef_max_residual_m": 2.5, "conduit_type": "pipe", "pipe_diameter_mm": 300.0, "diameter_source": "legend_colour", "diameter_candidates_mm": null, "label_diameter_mm": 300.0, "label_agrees": true, "scheme": null, "flow_arrow": "end" }, "geometry": { "type": "LineString", "coordinates": [ [ 88.385154448598584, 22.504075425806732 ], [ 88.384970207789337, 22.504113545393921 ], [ 88.384788274874381, 22.50415164414375 ], [ 88.384603706506482, 22.50415973020667 ], [ 88.384437568484032, 22.504165505917722 ] ] } },
{ "type": "Feature", "properties": { "ward": 106, "source_sheet": "106_garfa2.pdf p2", "source": "KMC ward sewerage network map (ArcMap GeoPDF)", "extraction_method": "geopdf_vector", "georef_max_residual_m": 2.5, "conduit_type": "pipe", "pipe_diameter_mm": 300.0, "diameter_source": "legend_colour", "diameter_candidates_mm": null, "label_diameter_mm": 300.0, "label_agrees": true, "scheme": null, "flow_arrow": "end" }, "geometry": { "type": "LineString", "coordinates": [ [ 88.384902237662928, 22.503815947029164 ], [ 88.384793881848239, 22.503827633879514 ], [ 88.384715640866389, 22.503849787574264 ], [ 88.384637409474252, 22.503871941146247 ], [ 88.384566077997121, 22.503891887580789 ], [ 88.384490144940344, 22.503914020541323 ], [ 88.384441749063967, 22.503920889351335 ] ] } },
{ "type": "Feature", "properties": { "ward": 106, "source_sheet": "106_garfa2.pdf p2", "source": "KMC ward sewerage network map (ArcMap GeoPDF)", "extraction_method": "geopdf_vector", "georef_max_residual_m": 2.5, "conduit_type": "pipe", "pipe_diameter_mm": 225.0, "diameter_source": "legend_colour", "diameter_candidates_mm": null, "label_diameter_mm": 225.0, "label_agrees": true, "scheme": null, "flow_arrow": "end" }, "geometry": { "type": "LineString", "coordinates": [ [ 88.387613767800204, 22.50395472764518 ], [ 88.387626537636336, 22.50406403017978 ], [ 88.38763935562649, 22.50417761419963 ], [ 88.387663496739151, 22.50427179686913 ], [ 88.387673693379739, 22.504357522717061 ], [ 88.387686173929268, 22.504441082676156 ], [ 88.387696298153855, 22.504520363940973 ], [ 88.387699739619507, 22.504621168296868 ], [ 88.387702939931572, 22.504700520517719 ], [ 88.387706333181242, 22.504797034444167 ] ] } },
{ "type": "Feature", "properties": { "ward": 106, "source_sheet": "106_garfa2.pdf p2", "source": "KMC ward sewerage network map (ArcMap GeoPDF)", "extraction_method": "geopdf_vector", "georef_max_residual_m": 2.5, "conduit_type": "pipe", "pipe_diameter_mm": 225.0, "diameter_source": "legend_colour", "diameter_candidates_mm": null, "label_diameter_mm": 225.0, "label_agrees": true, "scheme": null, "flow_arrow": "end" }, "geometry": { "type": "LineString", "coordinates": [ [ 88.38718626840577, 22.504119463252653 ], [ 88.387301692719149, 22.504120575134198 ], [ 88.38734182076125, 22.504199587755771 ], [ 88.387406406303569, 22.504194718521923 ], [ 88.38747790623826, 22.504189787338497 ], [ 88.387551690057506, 22.504182690238846 ], [ 88.38763935562649, 22.50417761419963 ] ] } },
{ "type": "Feature", "properties": { "ward": 106, "source_sheet": "106_garfa2.pdf p2", "source": "KMC ward sewerage network map (ArcMap GeoPDF)", "extraction_method": "geopdf_vector", "georef_max_residual_m": 2.5, "conduit_type": "pipe", "pipe_diameter_mm": 300.0, "diameter_source": "legend_colour", "diameter_candidates_mm": null, "label_diameter_mm": 300.0, "label_agrees": true, "scheme": null, "flow_arrow": "end" }, "geometry": { "type": "LineString", "coordinates": [ [ 88.396154668909986, 22.506823626059422 ], [ 88.396153310975123, 22.506703494583157 ] ] } },
{ "type": "Feature", "properties": { "ward": 106, "source_sheet": "106_garfa2.pdf p2", "source": "KMC ward sewerage network map (ArcMap GeoPDF)", "extraction_method": "geopdf_vector", "georef_max_residual_m": 2.5, "conduit_type": "pipe", "pipe_diameter_mm": 450.0, "diameter_source": "legend_colour", "diameter_candidates_mm": null, "label_diameter_mm": 450.0, "label_agrees": true, "scheme": null, "flow_arrow": "end" }, "geometry": { "type": "LineString", "coordinates": [ [ 88.387393476975035, 22.50283895839064 ], [ 88.387390187031997, 22.502956986502898 ], [ 88.38739119963634, 22.503047085494924 ], [ 88.387389855937784, 22.503132905787336 ], [ 88.387388632890307, 22.503229461087518 ], [ 88.387387168745917, 22.503304564246491 ], [ 88.387385704602323, 22.503379667404861 ], [ 88.387386427801758, 22.503444014886195 ] ] } },
{ "type": "Feature", "properties": { "ward": 106, "source_sheet": "106_garfa2.pdf p2", "source": "KMC ward sewerage network map (ArcMap GeoPDF)", "extraction_method": "geopdf_vector", "georef_max_residual_m": 2.5, "conduit_type": "pipe", "pipe_diameter_mm": 300.0, "diameter_source": "legend_colour", "diameter_candidates_mm": null, "label_diameter_mm": 300.0, "label_agrees": true, "scheme": null, "flow_arrow": "end" }, "geometry": { "type": "LineString", "coordinates": [ [ 88.386788419167686, 22.502814339451547 ], [ 88.386855312084393, 22.50280944981035 ], [ 88.386922219480368, 22.502806705442275 ], [ 88.38692777543595, 22.502890327488441 ], [ 88.386935615283932, 22.502971783657458 ], [ 88.386943214116144, 22.50303178767982 ], [ 88.38694850486867, 22.50309180342424 ], [ 88.386956079612915, 22.503149662230058 ], [ 88.386963582055074, 22.503201085391485 ], [ 88.386968872927497, 22.503261110071637 ], [ 88.386976423589942, 22.50331682366004 ], [ 88.386984022467203, 22.503376827676135 ], [ 88.38699157314467, 22.50343254126242 ] ] } },
{ "type": "Feature", "properties": { "ward": 106, "source_sheet": "106_garfa2.pdf p2", "source": "KMC ward sewerage network map (ArcMap GeoPDF)", "extraction_method": "geopdf_vector", "georef_max_residual_m": 2.5, "conduit_type": "pipe", "pipe_diameter_mm": 400.0, "diameter_source": "legend_colour", "diameter_candidates_mm": null, "label_diameter_mm": 400.0, "label_agrees": true, "scheme": null, "flow_arrow": "end" }, "geometry": { "type": "LineString", "coordinates": [ [ 88.38718189182805, 22.500854238040677 ], [ 88.387269642136033, 22.500857743251167 ], [ 88.387364325911847, 22.500861186330695 ], [ 88.387463615972365, 22.500864588106353 ], [ 88.387581403359448, 22.500869969599847 ], [ 88.387715143884094, 22.500858044683909 ], [ 88.38776579820717, 22.500846863849482 ], [ 88.387809504560337, 22.500833599801407 ], [ 88.387945538468841, 22.500819508724508 ], [ 88.388072330933568, 22.500805500323466 ], [ 88.388130015137676, 22.500802838119348 ], [ 88.388183073825758, 22.500800217335552 ], [ 88.388247648130289, 22.500795347929646 ] ] } },
{ "type": "Feature", "properties": { "ward": 106, "source_sheet": "106_garfa2.pdf p2", "source": "KMC ward sewerage network map (ArcMap GeoPDF)", "extraction_method": "geopdf_vector", "georef_max_residual_m": 2.5, "conduit_type": "pipe", "pipe_diameter_mm": 300.0, "diameter_source": "legend_colour", "diameter_candidates_mm": null, "label_diameter_mm": 300.0, "label_agrees": true, "scheme": null, "flow_arrow": "end" }, "geometry": { "type": "LineString", "coordinates": [ [ 88.386117380456469, 22.50184634575583 ], [ 88.385576265057509, 22.501964893891046 ], [ 88.385456385470548, 22.501978838559264 ], [ 88.385261040916419, 22.502055666495778 ], [ 88.385188871048314, 22.502206491993483 ], [ 88.384899476794743, 22.502335659683741 ] ] } },
{ "type": "Feature", "properties": { "ward": 106, "source_sheet": "106_garfa2.pdf p2", "source": "KMC ward sewerage network map (ArcMap GeoPDF)", "extraction_method": "geopdf_vector", "georef_max_residual_m": 2.5, "conduit_type": "pipe", "pipe_diameter_mm": 300.0, "diameter_source": "legend_colour", "diameter_candidates_mm": null, "label_diameter_mm": 300.0, "label_agrees": true, "scheme": null, "flow_arrow": "end" }, "geometry": { "type": "LineString", "coordinates": [ [ 88.388034796402735, 22.501983650816236 ], [ 88.388163593927629, 22.501941733752023 ], [ 88.388285481976638, 22.501902023927524 ], [ 88.388287114520153, 22.501841937267965 ], [ 88.388319088316109, 22.501811614759415 ], [ 88.388459280656562, 22.501756722788656 ], [ 88.388592563502769, 22.501704038052576 ] ] } },
{ "type": "Feature", "properties": { "ward": 106, "source_sheet": "106_garfa2.pdf p2", "source": "KMC ward sewerage network map (ArcMap GeoPDF)", "extraction_method": "geopdf_vector", "georef_max_residual_m": 2.5, "conduit_type": "pipe", "pipe_diameter_mm": 300.0, "diameter_source": "legend_colour", "diameter_candidates_mm": null, "label_diameter_mm": 300.0, "label_agrees": true, "scheme": null, "flow_arrow": "end" }, "geometry": { "type": "LineString", "coordinates": [ [ 88.388266648687875, 22.501664049974323 ], [ 88.38829288054815, 22.501738904976829 ], [ 88.388319088316109, 22.501811614759415 ] ] } },
{ "type": "Feature", "properties": { "ward": 106, "source_sheet": "106_garfa2.pdf p2", "source": "KMC ward sewerage network map (ArcMap GeoPDF)", "extraction_method": "geopdf_vector", "georef_max_residual_m": 2.5, "conduit_type": "pipe", "pipe_diameter_mm": 300.0, "diameter_source": "legend_colour", "diameter_candidates_mm": null, "label_diameter_mm": 300.0, "label_agrees": true, "scheme": null, "flow_arrow": "end" }, "geometry": { "type": "LineString", "coordinates": [ [ 88.388040097077294, 22.501633907198535 ], [ 88.387991870947303, 22.501655784587363 ], [ 88.38794823671094, 22.501675484337589 ], [ 88.387909194271899, 22.501692997514365 ], [ 88.387944657807012, 22.50176776988566 ], [ 88.38797302866395, 22.501827587775203 ], [ 88.388006160186663, 22.501900235589673 ], [ 88.388034796402735, 22.501983650816236 ], [ 88.388043119087499, 22.502108002246416 ] ] } },
{ "type": "Feature", "properties": { "ward": 106, "source_sheet": "106_garfa2.pdf p2", "source": "KMC ward sewerage network map (ArcMap GeoPDF)", "extraction_method": "geopdf_vector", "georef_max_residual_m": 2.5, "conduit_type": "pipe", "pipe_diameter_mm": 300.0, "diameter_source": "legend_colour", "diameter_candidates_mm": null, "label_diameter_mm": 300.0, "label_agrees": true, "scheme": null, "flow_arrow": "end" }, "geometry": { "type": "LineString", "coordinates": [ [ 88.384596671268895, 22.500652092331876 ], [ 88.384465373227826, 22.50067686542841 ], [ 88.384276482230035, 22.500710734747159 ], [ 88.38410813656283, 22.500725111406151 ], [ 88.383944382699127, 22.500737301439933 ] ] } },
{ "type": "Feature", "properties": { "ward": 106, "source_sheet": "106_garfa2.pdf p2", "source": "KMC ward sewerage network map (ArcMap GeoPDF)", "extraction_method": "geopdf_vector", "georef_max_residual_m": 2.5, "conduit_type": "pipe", "pipe_diameter_mm": 225.0, "diameter_source": "legend_colour", "diameter_candidates_mm": null, "label_diameter_mm": 225.0, "label_agrees": true, "scheme": null, "flow_arrow": "end" }, "geometry": { "type": "LineString", "coordinates": [ [ 88.384267778117419, 22.500552059445173 ], [ 88.384276482230035, 22.500710734747159 ] ] } },
{ "type": "Feature", "properties": { "ward": 106, "source_sheet": "106_garfa2.pdf p2", "source": "KMC ward sewerage network map (ArcMap GeoPDF)", "extraction_method": "geopdf_vector", "georef_max_residual_m": 2.5, "conduit_type": "pipe", "pipe_diameter_mm": 300.0, "diameter_source": "legend_colour", "diameter_candidates_mm": null, "label_diameter_mm": 300.0, "label_agrees": true, "scheme": null, "flow_arrow": "end" }, "geometry": { "type": "LineString", "coordinates": [ [ 88.386591922487113, 22.499705303783596 ], [ 88.38652519969105, 22.499725209752803 ], [ 88.386456202650237, 22.499747281476797 ], [ 88.386396389135385, 22.499764980137272 ], [ 88.386225737022912, 22.499779379593615 ], [ 88.386143205430088, 22.49982946288651 ], [ 88.386076732976647, 22.499870820751276 ], [ 88.38606613255169, 22.499954578474227 ], [ 88.385976811876361, 22.500017595010998 ], [ 88.385902813381222, 22.500005384338774 ], [ 88.3856612890619, 22.500080489223635 ], [ 88.385586158857805, 22.499967453228201 ], [ 88.385553318025572, 22.499920547411509 ], [ 88.38551737482851, 22.499802879013153 ], [ 88.385481373827702, 22.499680911316133 ], [ 88.385420717547305, 22.499623527030998 ], [ 88.385387299156434, 22.499525144905114 ], [ 88.385353784418726, 22.499418172962571 ] ] } },
{ "type": "Feature", "properties": { "ward": 106, "source_sheet": "106_garfa2.pdf p2", "source": "KMC ward sewerage network map (ArcMap GeoPDF)", "extraction_method": "geopdf_vector", "georef_max_residual_m": 2.5, "conduit_type": "pipe", "pipe_diameter_mm": 300.0, "diameter_source": "legend_colour", "diameter_candidates_mm": null, "label_diameter_mm": 300.0, "label_agrees": true, "scheme": null, "flow_arrow": "end" }, "geometry": { "type": "LineString", "coordinates": [ [ 88.387087357391806, 22.499836031539818 ], [ 88.387068002181451, 22.499756823861098 ], [ 88.387048661480051, 22.499679761479563 ], [ 88.387031734749939, 22.499611259209352 ], [ 88.387110093459569, 22.499599830593166 ], [ 88.3871861587116, 22.499590567902818 ], [ 88.387178752871108, 22.499547725584602 ], [ 88.387171274828916, 22.499498456558282 ], [ 88.387163748487993, 22.499444888162159 ], [ 88.387153793717857, 22.499380614350052 ], [ 88.387143911264232, 22.499322776182296 ], [ 88.387136288540461, 22.499260626921423 ], [ 88.387133546787666, 22.499222033706353 ] ] } },
{ "type": "Feature", "properties": { "ward": 106, "source_sheet": "106_garfa2.pdf p2", "source": "KMC ward sewerage network map (ArcMap GeoPDF)", "extraction_method": "geopdf_vector", "georef_max_residual_m": 2.5, "conduit_type": "pipe", "pipe_diameter_mm": 300.0, "diameter_source": "legend_colour", "diameter_candidates_mm": null, "label_diameter_mm": 300.0, "label_agrees": true, "scheme": null, "flow_arrow": "end" }, "geometry": { "type": "LineString", "coordinates": [ [ 88.385926410534751, 22.499434506297536 ], [ 88.385767621055109, 22.499476689759984 ], [ 88.385608797775959, 22.499516727939838 ], [ 88.385656280617312, 22.499634293121257 ], [ 88.385564228222137, 22.49965871608487 ], [ 88.385481373827702, 22.499680911316133 ] ] } },
{ "type": "Feature", "properties": { "ward": 106, "source_sheet": "106_garfa2.pdf p2", "source": "KMC ward sewerage network map (ArcMap GeoPDF)", "extraction_method": "geopdf_vector", "georef_max_residual_m": 2.5, "conduit_type": "pipe", "pipe_diameter_mm": 300.0, "diameter_source": "legend_colour", "diameter_candidates_mm": null, "label_diameter_mm": 300.0, "label_agrees": true, "scheme": null, "flow_arrow": "end" }, "geometry": { "type": "LineString", "coordinates": [ [ 88.38644059157761, 22.500412487001498 ], [ 88.386304856536086, 22.50045231929888 ], [ 88.386150720497994, 22.500498752404106 ] ] } },
{ "type": "Feature", "properties": { "ward": 106, "source_sheet": "106_garfa2.pdf p2", "source": "KMC ward sewerage network map (ArcMap GeoPDF)", "extraction_method": "geopdf_vector", "georef_max_residual_m": 2.5, "conduit_type": "pipe", "pipe_diameter_mm": 300.0, "diameter_source": "legend_colour", "diameter_candidates_mm": null, "label_diameter_mm": 300.0, "label_agrees": true, "scheme": null, "flow_arrow": "end" }, "geometry": { "type": "LineString", "coordinates": [ [ 88.385759382175323, 22.500388545146993 ], [ 88.385728295256285, 22.500292278758025 ], [ 88.385694804221814, 22.500187461073683 ], [ 88.3856612890619, 22.500080489223635 ] ] } },
{ "type": "Feature", "properties": { "ward": 106, "source_sheet": "106_garfa2.pdf p2", "source": "KMC ward sewerage network map (ArcMap GeoPDF)", "extraction_method": "geopdf_vector", "georef_max_residual_m": 2.5, "conduit_type": "pipe", "pipe_diameter_mm": 300.0, "diameter_source": "legend_colour", "diameter_candidates_mm": null, "label_diameter_mm": 300.0, "label_agrees": true, "scheme": null, "flow_arrow": "end" }, "geometry": { "type": "LineString", "coordinates": [ [ 88.387696570364909, 22.500437715615774 ], [ 88.387723018662498, 22.500531877679411 ], [ 88.387778271448568, 22.50072446260388 ], [ 88.387749418673721, 22.50062174036864 ], [ 88.387809504560337, 22.500833599801407 ] ] } },
{ "type": "Feature", "properties": { "ward": 106, "source_sheet": "106_garfa2.pdf p2", "source": "KMC ward sewerage network map (ArcMap GeoPDF)", "extraction_method": "geopdf_vector", "georef_max_residual_m": 2.5, "conduit_type": "pipe", "pipe_diameter_mm": 300.0, "diameter_source": "legend_colour", "diameter_candidates_mm": null, "label_diameter_mm": 300.0, "label_agrees": true, "scheme": null, "flow_arrow": "end" }, "geometry": { "type": "LineString", "coordinates": [ [ 88.387424410008478, 22.500251354972299 ], [ 88.387537065192291, 22.500211737372307 ], [ 88.387654345700298, 22.500172069333647 ], [ 88.387785391807213, 22.500125841629554 ], [ 88.387916447438087, 22.500079613736833 ] ] } },
{ "type": "Feature", "properties": { "ward": 106, "source_sheet": "106_garfa2.pdf p2", "source": "KMC ward sewerage network map (ArcMap GeoPDF)", "extraction_method": "geopdf_vector", "georef_max_residual_m": 2.5, "conduit_type": "pipe", "pipe_diameter_mm": 300.0, "diameter_source": "legend_colour", "diameter_candidates_mm": null, "label_diameter_mm": 300.0, "label_agrees": true, "scheme": null, "flow_arrow": "end" }, "geometry": { "type": "LineString", "coordinates": [ [ 88.386446903623437, 22.500974515609574 ], [ 88.386425313003485, 22.500901773091634 ], [ 88.386408482761354, 22.50084185162034 ], [ 88.386391676626957, 22.500784075361743 ], [ 88.386379679137917, 22.50074341952261 ] ] } },
{ "type": "Feature", "properties": { "ward": 106, "source_sheet": "106_garfa2.pdf p2", "source": "KMC ward sewerage network map (ArcMap GeoPDF)", "extraction_method": "geopdf_vector", "georef_max_residual_m": 2.5, "conduit_type": "pipe", "pipe_diameter_mm": 300.0, "diameter_source": "legend_colour", "diameter_candidates_mm": null, "label_diameter_mm": 300.0, "label_agrees": true, "scheme": null, "flow_arrow": "end" }, "geometry": { "type": "LineString", "coordinates": [ [ 88.386837652627534, 22.501443004373325 ], [ 88.386922806141428, 22.501420787833286 ], [ 88.387021783278499, 22.501396302068091 ], [ 88.387129977724484, 22.50136958829227 ], [ 88.387247370234917, 22.501340646659941 ], [ 88.387394679322583, 22.501302855338889 ] ] } },
{ "type": "Feature", "properties": { "ward": 106, "source_sheet": "106_garfa2.pdf p2", "source": "KMC ward sewerage network map (ArcMap GeoPDF)", "extraction_method": "geopdf_vector", "georef_max_residual_m": 2.5, "conduit_type": "pipe", "pipe_diameter_mm": 300.0, "diameter_source": "legend_colour", "diameter_candidates_mm": null, "label_diameter_mm": 300.0, "label_agrees": true, "scheme": null, "flow_arrow": "end" }, "geometry": { "type": "LineString", "coordinates": [ [ 88.386240488375918, 22.501504129703569 ], [ 88.386328663023846, 22.501750056379926 ] ] } },
{ "type": "Feature", "properties": { "ward": 106, "source_sheet": "106_garfa2.pdf p2", "source": "KMC ward sewerage network map (ArcMap GeoPDF)", "extraction_method": "geopdf_vector", "georef_max_residual_m": 2.5, "conduit_type": "pipe", "pipe_diameter_mm": 300.0, "diameter_source": "legend_colour", "diameter_candidates_mm": null, "label_diameter_mm": 300.0, "label_agrees": true, "scheme": null, "flow_arrow": "end" }, "geometry": { "type": "LineString", "coordinates": [ [ 88.387625453905457, 22.501092690917861 ], [ 88.387675987761995, 22.501070784035562 ], [ 88.387724189536556, 22.501046752594821 ], [ 88.387720844743185, 22.500954529049853 ], [ 88.387715143884094, 22.500858044683909 ] ] } },
{ "type": "Feature", "properties": { "ward": 106, "source_sheet": "106_garfa2.pdf p2", "source": "KMC ward sewerage network map (ArcMap GeoPDF)", "extraction_method": "geopdf_vector", "georef_max_residual_m": 2.5, "conduit_type": "pipe", "pipe_diameter_mm": 225.0, "diameter_source": "legend_colour", "diameter_candidates_mm": null, "label_diameter_mm": 225.0, "label_agrees": true, "scheme": null, "flow_arrow": "end" }, "geometry": { "type": "LineString", "coordinates": [ [ 88.388069128431752, 22.501341868645422 ], [ 88.38806388554471, 22.501286143374081 ], [ 88.388058473736578, 22.501215392665934 ], [ 88.388050850453368, 22.501153243488368 ], [ 88.388043082472834, 22.501078223025619 ], [ 88.388035193915954, 22.500992476491234 ], [ 88.388113505049105, 22.500976756925652 ], [ 88.388098982129364, 22.500916823930684 ], [ 88.388086853928002, 22.500865442261201 ], [ 88.388072330933568, 22.500805500323466 ] ] } },
{ "type": "Feature", "properties": { "ward": 106, "source_sheet": "106_garfa2.pdf p2", "source": "KMC ward sewerage network map (ArcMap GeoPDF)", "extraction_method": "geopdf_vector", "georef_max_residual_m": 2.5, "conduit_type": "pipe", "pipe_diameter_mm": 400.0, "diameter_source": "legend_colour", "diameter_candidates_mm": null, "label_diameter_mm": 400.0, "label_agrees": true, "scheme": null, "flow_arrow": "end" }, "geometry": { "type": "LineString", "coordinates": [ [ 88.3985535061436, 22.50502774730689 ], [ 88.398445296871841, 22.505052323489309 ], [ 88.398284124749622, 22.505088104615577 ], [ 88.398129852287866, 22.505121677910907 ], [ 88.397998515030437, 22.505150744369789 ], [ 88.397874198013881, 22.505179756335771 ], [ 88.397745313460021, 22.505213100252096 ] ] } },
{ "type": "Feature", "properties": { "ward": 106, "source_sheet": "106_garfa2.pdf p2", "source": "KMC ward sewerage network map (ArcMap GeoPDF)", "extraction_method": "geopdf_vector", "georef_max_residual_m": 2.5, "conduit_type": "pipe", "pipe_diameter_mm": 600.0, "diameter_source": "legend_colour", "diameter_candidates_mm": null, "label_diameter_mm": 600.0, "label_agrees": true, "scheme": null, "flow_arrow": "end" }, "geometry": { "type": "LineString", "coordinates": [ [ 88.397887238444127, 22.508371928761857 ], [ 88.397858400663807, 22.508271354094401 ], [ 88.397827157763729, 22.50816221942814 ], [ 88.397798465732365, 22.508074515961258 ], [ 88.397774462681355, 22.507993206454319 ], [ 88.397750532485134, 22.507918332550986 ], [ 88.397726529494093, 22.507837023032582 ], [ 88.397693003033709, 22.507730054347437 ], [ 88.39762820978649, 22.507511805719243 ], [ 88.397577533037079, 22.507317118766927 ], [ 88.397555692690062, 22.507222917168463 ], [ 88.397531520061904, 22.507126591177482 ], [ 88.397478704452666, 22.506946852029397 ], [ 88.397433007255131, 22.506784212038689 ], [ 88.397387407245787, 22.506630152841669 ] ] } },
{ "type": "Feature", "properties": { "ward": 106, "source_sheet": "106_garfa2.pdf p2", "source": "KMC ward sewerage network map (ArcMap GeoPDF)", "extraction_method": "geopdf_vector", "georef_max_residual_m": 2.5, "conduit_type": "pipe", "pipe_diameter_mm": 400.0, "diameter_source": "legend_colour", "diameter_candidates_mm": null, "label_diameter_mm": 400.0, "label_agrees": true, "scheme": null, "flow_arrow": "end" }, "geometry": { "type": "LineString", "coordinates": [ [ 88.396931213470396, 22.506908880325707 ], [ 88.396897687878223, 22.506801911420535 ], [ 88.396871353312207, 22.506718477331432 ], [ 88.39684268648486, 22.506632918837532 ], [ 88.396811541849502, 22.506532364710981 ] ] } },
{ "type": "Feature", "properties": { "ward": 106, "source_sheet": "106_garfa2.pdf p2", "source": "KMC ward sewerage network map (ArcMap GeoPDF)", "extraction_method": "geopdf_vector", "georef_max_residual_m": 2.5, "conduit_type": "pipe", "pipe_diameter_mm": 300.0, "diameter_source": "legend_colour", "diameter_candidates_mm": null, "label_diameter_mm": 300.0, "label_agrees": true, "scheme": null, "flow_arrow": "end" }, "geometry": { "type": "LineString", "coordinates": [ [ 88.396815169490353, 22.507465501596748 ], [ 88.396886574489073, 22.507452074736193 ], [ 88.397015558385121, 22.507427312216137 ], [ 88.397139926131828, 22.507402591217438 ], [ 88.397289633825409, 22.50737335077314 ], [ 88.397437033400649, 22.507344131008129 ], [ 88.397577533037079, 22.507317118766927 ] ] } },
{ "type": "Feature", "properties": { "ward": 106, "source_sheet": "106_garfa2.pdf p2", "source": "KMC ward sewerage network map (ArcMap GeoPDF)", "extraction_method": "geopdf_vector", "georef_max_residual_m": 2.5, "conduit_type": "pipe", "pipe_diameter_mm": 300.0, "diameter_source": "legend_colour", "diameter_candidates_mm": null, "label_diameter_mm": 300.0, "label_agrees": true, "scheme": null, "flow_arrow": "end" }, "geometry": { "type": "LineString", "coordinates": [ [ 88.396923062362589, 22.507616853943972 ], [ 88.397029014407835, 22.507596589894625 ], [ 88.397158022669572, 22.507573972459152 ], [ 88.39720680721021, 22.507601423057231 ], [ 88.397439386519864, 22.507552126369074 ], [ 88.39762820978649, 22.507511805719243 ] ] } },
{ "type": "Feature", "properties": { "ward": 106, "source_sheet": "106_garfa2.pdf p2", "source": "KMC ward sewerage network map (ArcMap GeoPDF)", "extraction_method": "geopdf_vector", "georef_max_residual_m": 2.5, "conduit_type": "pipe", "pipe_diameter_mm": 300.0, "diameter_source": "legend_colour", "diameter_candidates_mm": null, "label_diameter_mm": 300.0, "label_agrees": true, "scheme": null, "flow_arrow": "end" }, "geometry": { "type": "LineString", "coordinates": [ [ 88.396791559408655, 22.508643551493332 ], [ 88.396938596502849, 22.508582154059404 ], [ 88.397099433334489, 22.508516341221565 ] ] } },
{ "type": "Feature", "properties": { "ward": 106, "source_sheet": "106_garfa2.pdf p2", "source": "KMC ward sewerage network map (ArcMap GeoPDF)", "extraction_method": "geopdf_vector", "georef_max_residual_m": 2.5, "conduit_type": "pipe", "pipe_diameter_mm": 300.0, "diameter_source": "legend_colour", "diameter_candidates_mm": null, "label_diameter_mm": 300.0, "label_agrees": true, "scheme": null, "flow_arrow": "end" }, "geometry": { "type": "LineString", "coordinates": [ [ 88.396526370259011, 22.508871211334814 ], [ 88.396597213499803, 22.509012170671362 ], [ 88.396675199460987, 22.50917237438351 ], [ 88.396748448144308, 22.509321893641644 ], [ 88.396809816909354, 22.509441484046683 ], [ 88.396871234310552, 22.509565364828287 ] ] } },
{ "type": "Feature", "properties": { "ward": 106, "source_sheet": "106_garfa2.pdf p2", "source": "KMC ward sewerage network map (ArcMap GeoPDF)", "extraction_method": "geopdf_vector", "georef_max_residual_m": 2.5, "conduit_type": "pipe", "pipe_diameter_mm": 300.0, "diameter_source": "legend_colour", "diameter_candidates_mm": null, "label_diameter_mm": 300.0, "label_agrees": true, "scheme": null, "flow_arrow": "end" }, "geometry": { "type": "LineString", "coordinates": [ [ 88.396451748689046, 22.509416821262857 ], [ 88.396487194666022, 22.509489446146784 ], [ 88.396520356854111, 22.509564237028368 ], [ 88.39655585142448, 22.509641152299757 ] ] } },
{ "type": "Feature", "properties": { "ward": 106, "source_sheet": "106_garfa2.pdf p2", "source": "KMC ward sewerage network map (ArcMap GeoPDF)", "extraction_method": "geopdf_vector", "georef_max_residual_m": 2.5, "conduit_type": "pipe", "pipe_diameter_mm": 300.0, "diameter_source": "legend_colour", "diameter_candidates_mm": null, "label_diameter_mm": 300.0, "label_agrees": true, "scheme": null, "flow_arrow": "end" }, "geometry": { "type": "LineString", "coordinates": [ [ 88.397419893014515, 22.508277454918908 ], [ 88.397521132254667, 22.508248651344076 ], [ 88.397624679511338, 22.508219826888816 ], [ 88.39773281856931, 22.508188815525369 ], [ 88.397827157763729, 22.50816221942814 ] ] } },
{ "type": "Feature", "properties": { "ward": 106, "source_sheet": "106_garfa2.pdf p2", "source": "KMC ward sewerage network map (ArcMap GeoPDF)", "extraction_method": "geopdf_vector", "georef_max_residual_m": 2.5, "conduit_type": "pipe", "pipe_diameter_mm": 300.0, "diameter_source": "legend_colour", "diameter_candidates_mm": null, "label_diameter_mm": 300.0, "label_agrees": true, "scheme": null, "flow_arrow": "end" }, "geometry": { "type": "LineString", "coordinates": [ [ 88.397893893882113, 22.508552084156229 ], [ 88.397741974127172, 22.508589926848938 ], [ 88.397562478820447, 22.508638745239388 ], [ 88.397373751097376, 22.50868764669853 ], [ 88.397196539316795, 22.50873429867433 ] ] } },
{ "type": "Feature", "properties": { "ward": 106, "source_sheet": "106_garfa2.pdf p2", "source": "KMC ward sewerage network map (ArcMap GeoPDF)", "extraction_method": "geopdf_vector", "georef_max_residual_m": 2.5, "conduit_type": "pipe", "pipe_diameter_mm": 300.0, "diameter_source": "legend_colour", "diameter_candidates_mm": null, "label_diameter_mm": 300.0, "label_agrees": true, "scheme": null, "flow_arrow": "end" }, "geometry": { "type": "LineString", "coordinates": [ [ 88.397902250473408, 22.508678588652799 ], [ 88.397630796417616, 22.508760418068857 ], [ 88.397437549500367, 22.508817942060578 ], [ 88.397258126581434, 22.508873195740698 ] ] } },
{ "type": "Feature", "properties": { "ward": 106, "source_sheet": "106_garfa2.pdf p2", "source": "KMC ward sewerage network map (ArcMap GeoPDF)", "extraction_method": "geopdf_vector", "georef_max_residual_m": 2.5, "conduit_type": "pipe", "pipe_diameter_mm": 700.0, "diameter_source": "legend_colour", "diameter_candidates_mm": null, "label_diameter_mm": 700.0, "label_agrees": true, "scheme": null, "flow_arrow": "end" }, "geometry": { "type": "LineString", "coordinates": [ [ 88.39796665790017, 22.508658698766514 ], [ 88.398042605649181, 22.508638704730025 ], [ 88.398118649543875, 22.508618709791019 ], [ 88.398166267819647, 22.508747005412484 ], [ 88.398216242827488, 22.508879570590473 ] ] } },
{ "type": "Feature", "properties": { "ward": 106, "source_sheet": "106_garfa2.pdf p2", "source": "KMC ward sewerage network map (ArcMap GeoPDF)", "extraction_method": "geopdf_vector", "georef_max_residual_m": 2.5, "conduit_type": "pipe", "pipe_diameter_mm": 700.0, "diameter_source": "legend_colour", "diameter_candidates_mm": null, "label_diameter_mm": 700.0, "label_agrees": true, "scheme": null, "flow_arrow": "end" }, "geometry": { "type": "LineString", "coordinates": [ [ 88.398216242827488, 22.508879570590473 ], [ 88.398071295606002, 22.508921641527508 ], [ 88.397905528011279, 22.508968191023804 ] ] } },
{ "type": "Feature", "properties": { "ward": 106, "source_sheet": "106_garfa2.pdf p2", "source": "KMC ward sewerage network map (ArcMap GeoPDF)", "extraction_method": "geopdf_vector", "georef_max_residual_m": 2.5, "conduit_type": "pipe", "pipe_diameter_mm": 300.0, "diameter_source": "legend_colour", "diameter_candidates_mm": null, "label_diameter_mm": 300.0, "label_agrees": true, "scheme": null, "flow_arrow": "end" }, "geometry": { "type": "LineString", "coordinates": [ [ 88.397854920324889, 22.508983665551206 ], [ 88.397730672717614, 22.509019113177214 ], [ 88.397555817285735, 22.509070035146905 ], [ 88.397380961715655, 22.50912095693289 ] ] } },
{ "type": "Feature", "properties": { "ward": 106, "source_sheet": "106_garfa2.pdf p2", "source": "KMC ward sewerage network map (ArcMap GeoPDF)", "extraction_method": "geopdf_vector", "georef_max_residual_m": 2.5, "conduit_type": "pipe", "pipe_diameter_mm": 400.0, "diameter_source": "legend_colour", "diameter_candidates_mm": null, "label_diameter_mm": 400.0, "label_agrees": true, "scheme": null, "flow_arrow": "end" }, "geometry": { "type": "LineString", "coordinates": [ [ 88.398913379033658, 22.507658969746956 ], [ 88.399097658698921, 22.507625124668053 ], [ 88.399268114261545, 22.507593549635999 ], [ 88.399466217724409, 22.507557433890764 ], [ 88.399484026544201, 22.507703161685598 ], [ 88.399496903382229, 22.507821043544933 ], [ 88.399509877455429, 22.507947506206378 ], [ 88.399522705745696, 22.508061097655041 ], [ 88.399540806351808, 22.508232567845031 ], [ 88.39958116132766, 22.508330892714561 ], [ 88.39961444635, 22.508416408904992 ], [ 88.399654825742644, 22.50851687894971 ], [ 88.399674772871975, 22.508647569434046 ], [ 88.399695303381904, 22.50882974473781 ] ] } },
{ "type": "Feature", "properties": { "ward": 106, "source_sheet": "106_garfa2.pdf p2", "source": "KMC ward sewerage network map (ArcMap GeoPDF)", "extraction_method": "geopdf_vector", "georef_max_residual_m": 2.5, "conduit_type": "pipe", "pipe_diameter_mm": 300.0, "diameter_source": "legend_colour", "diameter_candidates_mm": null, "label_diameter_mm": 300.0, "label_agrees": true, "scheme": null, "flow_arrow": "end" }, "geometry": { "type": "LineString", "coordinates": [ [ 88.398159939644913, 22.506964306341505 ], [ 88.397978018090981, 22.507011001580686 ], [ 88.397819200171455, 22.50705105193834 ], [ 88.397662714467415, 22.507093226528834 ], [ 88.397531520061904, 22.507126591177482 ] ] } },
{ "type": "Feature", "properties": { "ward": 106, "source_sheet": "106_garfa2.pdf p2", "source": "KMC ward sewerage network map (ArcMap GeoPDF)", "extraction_method": "geopdf_vector", "georef_max_residual_m": 2.5, "conduit_type": "pipe", "pipe_diameter_mm": 300.0, "diameter_source": "legend_colour", "diameter_candidates_mm": null, "label_diameter_mm": 300.0, "label_agrees": true, "scheme": null, "flow_arrow": "end" }, "geometry": { "type": "LineString", "coordinates": [ [ 88.398913379033658, 22.507658969746956 ], [ 88.398930337050331, 22.507729615557526 ], [ 88.398947295086245, 22.507800261364839 ], [ 88.398820667919637, 22.50782929500015 ], [ 88.398700964858989, 22.50785826603683 ], [ 88.398572053809332, 22.507889465517998 ], [ 88.398433910471795, 22.507920748219636 ] ] } },
{ "type": "Feature", "properties": { "ward": 106, "source_sheet": "106_garfa2.pdf p2", "source": "KMC ward sewerage network map (ArcMap GeoPDF)", "extraction_method": "geopdf_vector", "georef_max_residual_m": 2.5, "conduit_type": "pipe", "pipe_diameter_mm": 300.0, "diameter_source": "legend_colour", "diameter_candidates_mm": null, "label_diameter_mm": 300.0, "label_agrees": true, "scheme": null, "flow_arrow": "end" }, "geometry": { "type": "LineString", "coordinates": [ [ 88.399634365049863, 22.507525879323772 ], [ 88.399679554693179, 22.507643469302497 ], [ 88.399720006789167, 22.507750374953268 ], [ 88.399758077981076, 22.507850865834598 ], [ 88.399807859653407, 22.507966268862429 ], [ 88.399857592798369, 22.508077381466805 ], [ 88.399897947942122, 22.508175706249656 ], [ 88.399940659824694, 22.508278300568271 ], [ 88.399983469012767, 22.508389475674768 ], [ 88.400019402702171, 22.508505003726828 ], [ 88.400052931146462, 22.508611971816997 ], [ 88.400091245964049, 22.508733914592217 ] ] } },
{ "type": "Feature", "properties": { "ward": 106, "source_sheet": "106_garfa2.pdf p2", "source": "KMC ward sewerage network map (ArcMap GeoPDF)", "extraction_method": "geopdf_vector", "georef_max_residual_m": 2.5, "conduit_type": "pipe", "pipe_diameter_mm": 300.0, "diameter_source": "legend_colour", "diameter_candidates_mm": null, "label_diameter_mm": 300.0, "label_agrees": true, "scheme": null, "flow_arrow": "end" }, "geometry": { "type": "LineString", "coordinates": [ [ 88.398776769851864, 22.506806414568249 ], [ 88.398791419632005, 22.506877081243687 ], [ 88.398806142298909, 22.506954183523643 ], [ 88.398820792113824, 22.507024850193599 ], [ 88.398835393364564, 22.507091226456186 ], [ 88.398850018921891, 22.507159747918521 ], [ 88.398867073995675, 22.507238974553829 ], [ 88.398662070935345, 22.50727729724931 ], [ 88.39873371591635, 22.507488957898133 ], [ 88.398788258452797, 22.507617190841177 ], [ 88.398913379033658, 22.507658969746956 ] ] } },
{ "type": "Feature", "properties": { "ward": 106, "source_sheet": "106_garfa2.pdf p2", "source": "KMC ward sewerage network map (ArcMap GeoPDF)", "extraction_method": "geopdf_vector", "georef_max_residual_m": 2.5, "conduit_type": "pipe", "pipe_diameter_mm": 300.0, "diameter_source": "legend_colour", "diameter_candidates_mm": null, "label_diameter_mm": 300.0, "label_agrees": true, "scheme": null, "flow_arrow": "end" }, "geometry": { "type": "LineString", "coordinates": [ [ 88.39762820978649, 22.507511805719243 ], [ 88.397720313324427, 22.507491666132871 ], [ 88.397819316705196, 22.507469318829187 ], [ 88.397929812752039, 22.507442666331222 ], [ 88.398047352332455, 22.507418006238947 ], [ 88.398171671279258, 22.507388994047197 ], [ 88.398289090310499, 22.507362189447726 ], [ 88.398404201245313, 22.507335405594088 ], [ 88.398530828074357, 22.507306372303038 ], [ 88.398662070935345, 22.50727729724931 ] ] } },
{ "type": "Feature", "properties": { "ward": 106, "source_sheet": "106_garfa2.pdf p2", "source": "KMC ward sewerage network map (ArcMap GeoPDF)", "extraction_method": "geopdf_vector", "georef_max_residual_m": 2.5, "conduit_type": "pipe", "pipe_diameter_mm": 300.0, "diameter_source": "legend_colour", "diameter_candidates_mm": null, "label_diameter_mm": 300.0, "label_agrees": true, "scheme": null, "flow_arrow": "end" }, "geometry": { "type": "LineString", "coordinates": [ [ 88.397693003033709, 22.507730054347437 ], [ 88.397838046271616, 22.507696564614712 ], [ 88.397980805658122, 22.507665240781179 ], [ 88.398121328810305, 22.507631791579072 ], [ 88.398280195844009, 22.507596031302356 ], [ 88.398427522536707, 22.507560375022067 ], [ 88.398563357473165, 22.507529113174378 ], [ 88.39873371591635, 22.507488957898133 ] ] } },
{ "type": "Feature", "properties": { "ward": 106, "source_sheet": "106_garfa2.pdf p2", "source": "KMC ward sewerage network map (ArcMap GeoPDF)", "extraction_method": "geopdf_vector", "georef_max_residual_m": 2.5, "conduit_type": "pipe", "pipe_diameter_mm": 300.0, "diameter_source": "legend_colour", "diameter_candidates_mm": null, "label_diameter_mm": 300.0, "label_agrees": true, "scheme": null, "flow_arrow": "end" }, "geometry": { "type": "LineString", "coordinates": [ [ 88.398159939644913, 22.506964306341505 ], [ 88.398291133718573, 22.506930941195598 ], [ 88.398424611478518, 22.50689540991393 ], [ 88.398558113450292, 22.506862023727599 ], [ 88.398663991762035, 22.506835323034096 ], [ 88.398776769851864, 22.506806414568249 ], [ 88.398766493269932, 22.506714254197327 ], [ 88.39875624099399, 22.506624239026575 ], [ 88.398917560472327, 22.506601328564319 ], [ 88.399074263821831, 22.506578459619536 ] ] } },
{ "type": "Feature", "properties": { "ward": 106, "source_sheet": "106_garfa2.pdf p2", "source": "KMC ward sewerage network map (ArcMap GeoPDF)", "extraction_method": "geopdf_vector", "georef_max_residual_m": 2.5, "conduit_type": "pipe", "pipe_diameter_mm": 300.0, "diameter_source": "legend_colour", "diameter_candidates_mm": null, "label_diameter_mm": 300.0, "label_agrees": true, "scheme": null, "flow_arrow": "end" }, "geometry": { "type": "LineString", "coordinates": [ [ 88.399271782747491, 22.507509845081767 ], [ 88.399142630161748, 22.506908237267748 ], [ 88.399074263821831, 22.506578459619536 ] ] } },
{ "type": "Feature", "properties": { "ward": 106, "source_sheet": "106_garfa2.pdf p2", "source": "KMC ward sewerage network map (ArcMap GeoPDF)", "extraction_method": "geopdf_vector", "georef_max_residual_m": 2.5, "conduit_type": "pipe", "pipe_diameter_mm": 300.0, "diameter_source": "legend_colour", "diameter_candidates_mm": null, "label_diameter_mm": 300.0, "label_agrees": true, "scheme": null, "flow_arrow": "end" }, "geometry": { "type": "LineString", "coordinates": [ [ 88.396382098242071, 22.505502141239653 ], [ 88.396398957655038, 22.505564206593778 ], [ 88.396413412058138, 22.505617711924224 ], [ 88.396427890725391, 22.505673362457433 ], [ 88.396444725931545, 22.505733282598456 ], [ 88.396459180373441, 22.50578678792192 ], [ 88.396473634827586, 22.505840293243178 ], [ 88.396488113445983, 22.505895934828722 ], [ 88.396502689191635, 22.505960166169647 ], [ 88.396514908418695, 22.506020127899571 ], [ 88.396527054896211, 22.506073654013289 ] ] } },
{ "type": "Feature", "properties": { "ward": 106, "source_sheet": "106_garfa2.pdf p2", "source": "KMC ward sewerage network map (ArcMap GeoPDF)", "extraction_method": "geopdf_vector", "georef_max_residual_m": 2.5, "conduit_type": "pipe", "pipe_diameter_mm": 300.0, "diameter_source": "legend_colour", "diameter_candidates_mm": null, "label_diameter_mm": 300.0, "label_agrees": true, "scheme": null, "flow_arrow": "end" }, "geometry": { "type": "LineString", "coordinates": [ [ 88.396907082272079, 22.505795623314807 ], [ 88.396968737192495, 22.506144762518897 ], [ 88.396988487153678, 22.50625828294633 ], [ 88.397005808116162, 22.506361124970386 ], [ 88.397025412677806, 22.506461783100374 ] ] } },
{ "type": "Feature", "properties": { "ward": 106, "source_sheet": "106_garfa2.pdf p2", "source": "KMC ward sewerage network map (ArcMap GeoPDF)", "extraction_method": "geopdf_vector", "georef_max_residual_m": 2.5, "conduit_type": "pipe", "pipe_diameter_mm": 300.0, "diameter_source": "legend_colour", "diameter_candidates_mm": null, "label_diameter_mm": 300.0, "label_agrees": true, "scheme": null, "flow_arrow": "end" }, "geometry": { "type": "LineString", "coordinates": [ [ 88.397874198013881, 22.505179756335771 ], [ 88.397876237010365, 22.505359953448593 ], [ 88.397919915425405, 22.505752162825637 ], [ 88.397916219844319, 22.506037528418226 ], [ 88.397993036758166, 22.506502401011918 ] ] } },
{ "type": "Feature", "properties": { "ward": 106, "source_sheet": "106_garfa2.pdf p2", "source": "KMC ward sewerage network map (ArcMap GeoPDF)", "extraction_method": "geopdf_vector", "georef_max_residual_m": 2.5, "conduit_type": "pipe", "pipe_diameter_mm": 300.0, "diameter_source": "legend_colour", "diameter_candidates_mm": null, "label_diameter_mm": 300.0, "label_agrees": true, "scheme": null, "flow_arrow": "end" }, "geometry": { "type": "LineString", "coordinates": [ [ 88.398395934358845, 22.504361960773274 ], [ 88.398418333073309, 22.504505493024585 ], [ 88.398428147826792, 22.504556894597826 ], [ 88.398454677082597, 22.504657490054136 ], [ 88.398481206380822, 22.5047580855029 ], [ 88.398505281916883, 22.504845821614921 ], [ 88.398522190734582, 22.504912177113951 ], [ 88.398539026719106, 22.504972097000316 ], [ 88.3985535061436, 22.50502774730689 ] ] } },
{ "type": "Feature", "properties": { "ward": 106, "source_sheet": "106_garfa2.pdf p2", "source": "KMC ward sewerage network map (ArcMap GeoPDF)", "extraction_method": "geopdf_vector", "georef_max_residual_m": 2.5, "conduit_type": "pipe", "pipe_diameter_mm": 300.0, "diameter_source": "legend_colour", "diameter_candidates_mm": null, "label_diameter_mm": 300.0, "label_agrees": true, "scheme": null, "flow_arrow": "end" }, "geometry": { "type": "LineString", "coordinates": [ [ 88.398805688344112, 22.504467670364409 ], [ 88.39874121010493, 22.504481124882165 ], [ 88.398660648713943, 22.504501160798718 ], [ 88.398582371013205, 22.504519030643426 ], [ 88.398506425572805, 22.504539024826073 ], [ 88.398428147826792, 22.504556894597826 ] ] } },
{ "type": "Feature", "properties": { "ward": 106, "source_sheet": "106_garfa2.pdf p2", "source": "KMC ward sewerage network map (ArcMap GeoPDF)", "extraction_method": "geopdf_vector", "georef_max_residual_m": 2.5, "conduit_type": "pipe", "pipe_diameter_mm": 600.0, "diameter_source": "legend_colour", "diameter_candidates_mm": null, "label_diameter_mm": 600.0, "label_agrees": true, "scheme": null, "flow_arrow": "end" }, "geometry": { "type": "LineString", "coordinates": [ [ 88.396702252725746, 22.504420143571458 ], [ 88.396847244334211, 22.504382364471315 ], [ 88.396976128387308, 22.50434902129868 ], [ 88.39711188784382, 22.504311325192113 ], [ 88.397321309001995, 22.504255801398884 ], [ 88.397521522264313, 22.504202505801825 ], [ 88.397691779974139, 22.504153770986921 ], [ 88.397902295073635, 22.503990974380041 ], [ 88.398092423249579, 22.504057903809745 ], [ 88.398180491113777, 22.504089290605993 ], [ 88.398530454949551, 22.504214858116367 ] ] } },
{ "type": "Feature", "properties": { "ward": 106, "source_sheet": "106_garfa2.pdf p2", "source": "KMC ward sewerage network map (ArcMap GeoPDF)", "extraction_method": "geopdf_vector", "georef_max_residual_m": 2.5, "conduit_type": "pipe", "pipe_diameter_mm": 400.0, "diameter_source": "legend_colour", "diameter_candidates_mm": null, "label_diameter_mm": 400.0, "label_agrees": true, "scheme": null, "flow_arrow": "end" }, "geometry": { "type": "LineString", "coordinates": [ [ 88.395098950320076, 22.504305860948726 ], [ 88.395177179987556, 22.504283702367299 ], [ 88.395260001392799, 22.504259356979496 ], [ 88.395356646520895, 22.504232741646955 ], [ 88.395469495286193, 22.504201689488578 ], [ 88.395591431342339, 22.504166264562517 ], [ 88.395701875829957, 22.504135233898754 ], [ 88.395798520772985, 22.504108618309271 ], [ 88.395890549686058, 22.504082044244615 ], [ 88.396012728051332, 22.504068080006203 ], [ 88.396123657158967, 22.50407994423718 ], [ 88.396147343251727, 22.504133366438545 ], [ 88.396166946788881, 22.504234024747554 ], [ 88.396191263343354, 22.504343222283758 ], [ 88.396315555801053, 22.504312066428898 ], [ 88.39643066470795, 22.504285284085302 ], [ 88.396557265047221, 22.50425410725062 ], [ 88.396670065853527, 22.504227345540642 ], [ 88.396702252725746, 22.504420143571458 ] ] } },
{ "type": "Feature", "properties": { "ward": 106, "source_sheet": "106_garfa2.pdf p2", "source": "KMC ward sewerage network map (ArcMap GeoPDF)", "extraction_method": "geopdf_vector", "georef_max_residual_m": 2.5, "conduit_type": "pipe", "pipe_diameter_mm": 300.0, "diameter_source": "legend_colour", "diameter_candidates_mm": null, "label_diameter_mm": 300.0, "label_agrees": true, "scheme": null, "flow_arrow": "end" }, "geometry": { "type": "LineString", "coordinates": [ [ 88.396324580594012, 22.50490624963809 ], [ 88.39643040945154, 22.504875260050529 ], [ 88.396527030482972, 22.504846498802017 ], [ 88.396632859242828, 22.50481550908578 ], [ 88.396731788190223, 22.504786726916709 ] ] } },
{ "type": "Feature", "properties": { "ward": 106, "source_sheet": "106_garfa2.pdf p2", "source": "KMC ward sewerage network map (ArcMap GeoPDF)", "extraction_method": "geopdf_vector", "georef_max_residual_m": 2.5, "conduit_type": "pipe", "pipe_diameter_mm": 300.0, "diameter_source": "legend_colour", "diameter_candidates_mm": null, "label_diameter_mm": 300.0, "label_agrees": true, "scheme": null, "flow_arrow": "end" }, "geometry": { "type": "LineString", "coordinates": [ [ 88.397521522264313, 22.504202505801825 ], [ 88.397541078264169, 22.504298873483076 ], [ 88.397560440151281, 22.504378079525424 ], [ 88.397575137426415, 22.504453027846711 ], [ 88.397589640672379, 22.504510823469992 ], [ 88.397604289544759, 22.504581490315928 ], [ 88.397618889895782, 22.504647866750918 ], [ 88.397633514531989, 22.504716388387443 ], [ 88.397645612752441, 22.504765624000942 ] ] } },
{ "type": "Feature", "properties": { "ward": 106, "source_sheet": "106_garfa2.pdf p2", "source": "KMC ward sewerage network map (ArcMap GeoPDF)", "extraction_method": "geopdf_vector", "georef_max_residual_m": 2.5, "conduit_type": "pipe", "pipe_diameter_mm": 400.0, "diameter_source": "legend_colour", "diameter_candidates_mm": null, "label_diameter_mm": null, "label_agrees": null, "scheme": null, "flow_arrow": "end" }, "geometry": { "type": "LineString", "coordinates": [ [ 88.395911355144406, 22.504697584626559 ], [ 88.396040360977921, 22.504674968206054 ], [ 88.3961716747677, 22.504652330889272 ], [ 88.396307580266907, 22.504627506668385 ], [ 88.396443509962069, 22.504604827540422 ], [ 88.396581723355794, 22.50457998229399 ], [ 88.396715320689509, 22.504555178536819 ] ] } },
{ "type": "Feature", "properties": { "ward": 106, "source_sheet": "106_garfa2.pdf p2", "source": "KMC ward sewerage network map (ArcMap GeoPDF)", "extraction_method": "geopdf_vector", "georef_max_residual_m": 2.5, "conduit_type": "pipe", "pipe_diameter_mm": 300.0, "diameter_source": "legend_colour", "diameter_candidates_mm": null, "label_diameter_mm": 300.0, "label_agrees": true, "scheme": null, "flow_arrow": "end" }, "geometry": { "type": "LineString", "coordinates": [ [ 88.395399275228016, 22.504532708272038 ], [ 88.395489189615802, 22.504514735162477 ], [ 88.395585931817081, 22.504496700510693 ], [ 88.395678082225587, 22.504480852583622 ], [ 88.395758692603124, 22.504465108549848 ], [ 88.3958324274397, 22.504453717258343 ], [ 88.395903854261377, 22.504442346724666 ], [ 88.395968357168698, 22.504431047474061 ], [ 88.395951425383146, 22.504362546432358 ], [ 88.395931943190462, 22.504272614120701 ], [ 88.395912485268582, 22.504184827010295 ], [ 88.395890549686058, 22.504082044244615 ] ] } },
{ "type": "Feature", "properties": { "ward": 106, "source_sheet": "106_garfa2.pdf p2", "source": "KMC ward sewerage network map (ArcMap GeoPDF)", "extraction_method": "geopdf_vector", "georef_max_residual_m": 2.5, "conduit_type": "pipe", "pipe_diameter_mm": 300.0, "diameter_source": "legend_colour", "diameter_candidates_mm": null, "label_diameter_mm": 300.0, "label_agrees": true, "scheme": null, "flow_arrow": "end" }, "geometry": { "type": "LineString", "coordinates": [ [ 88.398675219925181, 22.505788255793359 ], [ 88.398794435466002, 22.505716380804174 ], [ 88.39869769372244, 22.505530602299487 ], [ 88.398622234461541, 22.505389694445991 ], [ 88.398537324656644, 22.505229554098417 ], [ 88.398445296871841, 22.505052323489309 ] ] } },
{ "type": "Feature", "properties": { "ward": 106, "source_sheet": "106_garfa2.pdf p2", "source": "KMC ward sewerage network map (ArcMap GeoPDF)", "extraction_method": "geopdf_vector", "georef_max_residual_m": 2.5, "conduit_type": "pipe", "pipe_diameter_mm": 300.0, "diameter_source": "legend_colour", "diameter_candidates_mm": null, "label_diameter_mm": 300.0, "label_agrees": true, "scheme": null, "flow_arrow": "end" }, "geometry": { "type": "LineString", "coordinates": [ [ 88.3991185542979, 22.505597602025126 ], [ 88.399073341594502, 22.505477866599474 ], [ 88.399132985681973, 22.50544515572059 ], [ 88.399054926426217, 22.505278517556867 ], [ 88.398986293728782, 22.505128957621721 ], [ 88.398891981743589, 22.50495389332988 ] ] } },
{ "type": "Feature", "properties": { "ward": 106, "source_sheet": "106_garfa2.pdf p2", "source": "KMC ward sewerage network map (ArcMap GeoPDF)", "extraction_method": "geopdf_vector", "georef_max_residual_m": 2.5, "conduit_type": "pipe", "pipe_diameter_mm": 300.0, "diameter_source": "legend_colour", "diameter_candidates_mm": null, "label_diameter_mm": 300.0, "label_agrees": true, "scheme": null, "flow_arrow": "end" }, "geometry": { "type": "LineString", "coordinates": [ [ 88.396932238131541, 22.50516250561795 ], [ 88.396958305528315, 22.505222342475346 ], [ 88.396981967895059, 22.505273619315858 ], [ 88.397005678800994, 22.505329186560747 ], [ 88.397027008929157, 22.505378338995225 ] ] } },
{ "type": "Feature", "properties": { "ward": 106, "source_sheet": "106_garfa2.pdf p2", "source": "KMC ward sewerage network map (ArcMap GeoPDF)", "extraction_method": "geopdf_vector", "georef_max_residual_m": 2.5, "conduit_type": "pipe", "pipe_diameter_mm": 300.0, "diameter_source": "legend_colour", "diameter_candidates_mm": null, "label_diameter_mm": 300.0, "label_agrees": true, "scheme": null, "flow_arrow": "end" }, "geometry": { "type": "LineString", "coordinates": [ [ 88.395581380871306, 22.503889604260099 ], [ 88.395664250439111, 22.503869549091075 ], [ 88.395749427971865, 22.503849473092323 ], [ 88.395830013736642, 22.503831583834604 ] ] } },
{ "type": "Feature", "properties": { "ward": 106, "source_sheet": "106_garfa2.pdf p2", "source": "KMC ward sewerage network map (ArcMap GeoPDF)", "extraction_method": "geopdf_vector", "georef_max_residual_m": 2.5, "conduit_type": "pipe", "pipe_diameter_mm": 300.0, "diameter_source": "legend_colour", "diameter_candidates_mm": null, "label_diameter_mm": 300.0, "label_agrees": true, "scheme": null, "flow_arrow": "end" }, "geometry": { "type": "LineString", "coordinates": [ [ 88.395830013736642, 22.503831583834604 ], [ 88.395849374580237, 22.503910790139951 ], [ 88.395868783931292, 22.503994286852979 ], [ 88.395890549686058, 22.504082044244615 ] ] } },
{ "type": "Feature", "properties": { "ward": 106, "source_sheet": "106_garfa2.pdf p2", "source": "KMC ward sewerage network map (ArcMap GeoPDF)", "extraction_method": "geopdf_vector", "georef_max_residual_m": 2.5, "conduit_type": "pipe", "pipe_diameter_mm": 300.0, "diameter_source": "legend_colour", "diameter_candidates_mm": null, "label_diameter_mm": 300.0, "label_agrees": true, "scheme": null, "flow_arrow": "end" }, "geometry": { "type": "LineString", "coordinates": [ [ 88.396397872110342, 22.504038864779062 ], [ 88.39626422670004, 22.504059377840974 ], [ 88.396123657158967, 22.50407994423718 ] ] } },
{ "type": "Feature", "properties": { "ward": 106, "source_sheet": "106_garfa2.pdf p2", "source": "KMC ward sewerage network map (ArcMap GeoPDF)", "extraction_method": "geopdf_vector", "georef_max_residual_m": 2.5, "conduit_type": "pipe", "pipe_diameter_mm": 900.0, "diameter_source": "legend_colour", "diameter_candidates_mm": null, "label_diameter_mm": 900.0, "label_agrees": true, "scheme": null, "flow_arrow": "end" }, "geometry": { "type": "LineString", "coordinates": [ [ 88.394923876937426, 22.501475547337574 ], [ 88.394952323331893, 22.501541799473046 ], [ 88.394978389023919, 22.501601627816356 ], [ 88.39501385624331, 22.501676398440463 ], [ 88.395207239952782, 22.501631749004211 ], [ 88.395412235228193, 22.501584849361624 ], [ 88.395603335038658, 22.50154237438889 ], [ 88.395826648996533, 22.501491018409769 ], [ 88.396045346870494, 22.501439703710069 ], [ 88.396234138195467, 22.501397239860058 ] ] } },
{ "type": "Feature", "properties": { "ward": 106, "source_sheet": "106_garfa2.pdf p2", "source": "KMC ward sewerage network map (ArcMap GeoPDF)", "extraction_method": "geopdf_vector", "georef_max_residual_m": 2.5, "conduit_type": "pipe", "pipe_diameter_mm": 300.0, "diameter_source": "legend_colour", "diameter_candidates_mm": null, "label_diameter_mm": null, "label_agrees": null, "scheme": null, "flow_arrow": "end" }, "geometry": { "type": "LineString", "coordinates": [ [ 88.394030449465816, 22.499211633899744 ], [ 88.394042908955498, 22.499293048039142 ], [ 88.394052939501634, 22.499363756891924 ], [ 88.39406530218838, 22.499436590191372 ], [ 88.394077785834313, 22.499520140594253 ], [ 88.39409267435866, 22.499612260007044 ], [ 88.394121458870217, 22.499708545265662 ], [ 88.394215857912386, 22.499892193781832 ] ] } },
{ "type": "Feature", "properties": { "ward": 106, "source_sheet": "106_garfa2.pdf p2", "source": "KMC ward sewerage network map (ArcMap GeoPDF)", "extraction_method": "geopdf_vector", "georef_max_residual_m": 2.5, "conduit_type": "pipe", "pipe_diameter_mm": 300.0, "diameter_source": "legend_colour", "diameter_candidates_mm": null, "label_diameter_mm": 300.0, "label_agrees": true, "scheme": null, "flow_arrow": "end" }, "geometry": { "type": "LineString", "coordinates": [ [ 88.39409851677479, 22.499925430780948 ], [ 88.393997282658816, 22.49995423196124 ], [ 88.393905256006192, 22.499980804836934 ], [ 88.393746517202516, 22.500027286490575 ], [ 88.39359467787439, 22.500071560521217 ], [ 88.393548664469449, 22.500084846854122 ], [ 88.393456637631061, 22.500111419481758 ], [ 88.393355403225286, 22.500140220271525 ] ] } },
{ "type": "Feature", "properties": { "ward": 106, "source_sheet": "106_garfa2.pdf p2", "source": "KMC ward sewerage network map (ArcMap GeoPDF)", "extraction_method": "geopdf_vector", "georef_max_residual_m": 2.5, "conduit_type": "pipe", "pipe_diameter_mm": 300.0, "diameter_source": "legend_colour", "diameter_candidates_mm": null, "label_diameter_mm": 300.0, "label_agrees": true, "scheme": null, "flow_arrow": "end" }, "geometry": { "type": "LineString", "coordinates": [ [ 88.394186649156566, 22.502621375938823 ], [ 88.394119774129777, 22.502422453001053 ], [ 88.394090286894695, 22.50226396570687 ], [ 88.394060848059269, 22.502109759878742 ], [ 88.394045910768867, 22.502013350086838 ], [ 88.394025921888513, 22.501878377005813 ], [ 88.394003746046948, 22.501754141782687 ], [ 88.393978874939563, 22.501595603980284 ], [ 88.393977131948546, 22.501441157916403 ] ] } },
{ "type": "Feature", "properties": { "ward": 106, "source_sheet": "106_garfa2.pdf p2", "source": "KMC ward sewerage network map (ArcMap GeoPDF)", "extraction_method": "geopdf_vector", "georef_max_residual_m": 2.5, "conduit_type": "pipe", "pipe_diameter_mm": 300.0, "diameter_source": "legend_colour", "diameter_candidates_mm": null, "label_diameter_mm": 300.0, "label_agrees": true, "scheme": null, "flow_arrow": "end" }, "geometry": { "type": "LineString", "coordinates": [ [ 88.393672703146464, 22.500236047769359 ], [ 88.393750680303427, 22.500396253487711 ], [ 88.393830925523361, 22.500348332387887 ], [ 88.393918046074262, 22.500296058556103 ], [ 88.393967989388685, 22.500426480338454 ], [ 88.394008531485795, 22.500541959742531 ], [ 88.394102866518693, 22.500515374968295 ], [ 88.394220183932418, 22.500479992734764 ], [ 88.394349040962439, 22.500444506592313 ], [ 88.394466358244244, 22.500409124185357 ] ] } },
{ "type": "Feature", "properties": { "ward": 106, "source_sheet": "106_garfa2.pdf p2", "source": "KMC ward sewerage network map (ArcMap GeoPDF)", "extraction_method": "geopdf_vector", "georef_max_residual_m": 2.5, "conduit_type": "pipe", "pipe_diameter_mm": 300.0, "diameter_source": "legend_colour", "diameter_candidates_mm": null, "label_diameter_mm": 300.0, "label_agrees": true, "scheme": null, "flow_arrow": "end" }, "geometry": { "type": "LineString", "coordinates": [ [ 88.394738002316814, 22.500754229733882 ], [ 88.394588228338449, 22.50077703187074 ], [ 88.394424630867292, 22.500802103679842 ] ] } },
{ "type": "Feature", "properties": { "ward": 106, "source_sheet": "106_garfa2.pdf p2", "source": "KMC ward sewerage network map (ArcMap GeoPDF)", "extraction_method": "geopdf_vector", "georef_max_residual_m": 2.5, "conduit_type": "pipe", "pipe_diameter_mm": 300.0, "diameter_source": "legend_colour", "diameter_candidates_mm": null, "label_diameter_mm": 300.0, "label_agrees": true, "scheme": null, "flow_arrow": "end" }, "geometry": { "type": "LineString", "coordinates": [ [ 88.394969010420809, 22.500157885465082 ], [ 88.394778033352949, 22.500211085645315 ], [ 88.394607754969556, 22.500257672001378 ], [ 88.394428268942903, 22.500306486456925 ] ] } },
{ "type": "Feature", "properties": { "ward": 106, "source_sheet": "106_garfa2.pdf p2", "source": "KMC ward sewerage network map (ArcMap GeoPDF)", "extraction_method": "geopdf_vector", "georef_max_residual_m": 2.5, "conduit_type": "pipe", "pipe_diameter_mm": 400.0, "diameter_source": "legend_colour", "diameter_candidates_mm": null, "label_diameter_mm": 400.0, "label_agrees": true, "scheme": null, "flow_arrow": "end" }, "geometry": { "type": "LineString", "coordinates": [ [ 88.395436635218829, 22.501292860763972 ], [ 88.395325999796682, 22.501315311182069 ], [ 88.395227000249392, 22.501337656767181 ], [ 88.39512797643971, 22.501357857085655 ], [ 88.395026668872589, 22.501380223327921 ], [ 88.394918437415086, 22.501402651831132 ] ] } },
{ "type": "Feature", "properties": { "ward": 106, "source_sheet": "106_garfa2.pdf p2", "source": "KMC ward sewerage network map (ArcMap GeoPDF)", "extraction_method": "geopdf_vector", "georef_max_residual_m": 2.5, "conduit_type": "pipe", "pipe_diameter_mm": 300.0, "diameter_source": "legend_colour", "diameter_candidates_mm": null, "label_diameter_mm": 300.0, "label_agrees": true, "scheme": null, "flow_arrow": "end" }, "geometry": { "type": "LineString", "coordinates": [ [ 88.395377489525629, 22.500969443036762 ], [ 88.39540459731397, 22.501121524157465 ], [ 88.395436635218829, 22.501292860763972 ] ] } },
{ "type": "Feature", "properties": { "ward": 106, "source_sheet": "106_garfa2.pdf p2", "source": "KMC ward sewerage network map (ArcMap GeoPDF)", "extraction_method": "geopdf_vector", "georef_max_residual_m": 2.5, "conduit_type": "pipe", "pipe_diameter_mm": 300.0, "diameter_source": "legend_colour", "diameter_candidates_mm": null, "label_diameter_mm": 300.0, "label_agrees": true, "scheme": null, "flow_arrow": "end" }, "geometry": { "type": "LineString", "coordinates": [ [ 88.393905256006192, 22.499980804836934 ], [ 88.393857814508507, 22.499867523930597 ], [ 88.393796017340065, 22.499709327095683 ], [ 88.3937167975959, 22.499643531326075 ], [ 88.393643049656887, 22.499448969635406 ], [ 88.393616283034376, 22.499326921003426 ], [ 88.39358718434751, 22.499202747906907 ], [ 88.393560563137697, 22.499093579451934 ], [ 88.393531391961147, 22.498962970708458 ], [ 88.393494982525482, 22.498804536486375 ], [ 88.393463552076867, 22.498678247829069 ] ] } },
{ "type": "Feature", "properties": { "ward": 106, "source_sheet": "106_garfa2.pdf p2", "source": "KMC ward sewerage network map (ArcMap GeoPDF)", "extraction_method": "geopdf_vector", "georef_max_residual_m": 2.5, "conduit_type": "pipe", "pipe_diameter_mm": 400.0, "diameter_source": "legend_colour", "diameter_candidates_mm": null, "label_diameter_mm": 400.0, "label_agrees": true, "scheme": null, "flow_arrow": "end" }, "geometry": { "type": "LineString", "coordinates": [ [ 88.393332061033519, 22.49950324726845 ], [ 88.393384625983856, 22.499661536258838 ], [ 88.393253388862092, 22.499690606729153 ], [ 88.39311756002337, 22.49972186379911 ], [ 88.392993222362094, 22.499748726611642 ], [ 88.393010345455153, 22.499834380844167 ], [ 88.392918270275842, 22.499856662742218 ], [ 88.392826219254232, 22.49988108979894 ] ] } },
{ "type": "Feature", "properties": { "ward": 106, "source_sheet": "106_garfa2.pdf p2", "source": "KMC ward sewerage network map (ArcMap GeoPDF)", "extraction_method": "geopdf_vector", "georef_max_residual_m": 2.5, "conduit_type": "pipe", "pipe_diameter_mm": 300.0, "diameter_source": "legend_colour", "diameter_candidates_mm": null, "label_diameter_mm": 300.0, "label_agrees": true, "scheme": null, "flow_arrow": "end" }, "geometry": { "type": "LineString", "coordinates": [ [ 88.393133947923943, 22.499946977385751 ], [ 88.393165257554642, 22.50006254897956 ], [ 88.393198947663123, 22.500184526504381 ] ] } },
{ "type": "Feature", "properties": { "ward": 106, "source_sheet": "106_garfa2.pdf p2", "source": "KMC ward sewerage network map (ArcMap GeoPDF)", "extraction_method": "geopdf_vector", "georef_max_residual_m": 2.5, "conduit_type": "pipe", "pipe_diameter_mm": 300.0, "diameter_source": "legend_colour", "diameter_candidates_mm": null, "label_diameter_mm": 300.0, "label_agrees": true, "scheme": null, "flow_arrow": "end" }, "geometry": { "type": "LineString", "coordinates": [ [ 88.39348397869945, 22.499875176683808 ], [ 88.393515143392506, 22.499977876941418 ], [ 88.393548664469449, 22.500084846854122 ] ] } },
{ "type": "Feature", "properties": { "ward": 106, "source_sheet": "106_garfa2.pdf p2", "source": "KMC ward sewerage network map (ArcMap GeoPDF)", "extraction_method": "geopdf_vector", "georef_max_residual_m": 2.5, "conduit_type": "pipe", "pipe_diameter_mm": 300.0, "diameter_source": "legend_colour", "diameter_candidates_mm": null, "label_diameter_mm": 300.0, "label_agrees": true, "scheme": null, "flow_arrow": "end" }, "geometry": { "type": "LineString", "coordinates": [ [ 88.393112735898427, 22.499498782739536 ], [ 88.393083952227499, 22.499402506198972 ], [ 88.393057476417738, 22.499306199965886 ], [ 88.393033453720591, 22.499222744239177 ], [ 88.393007026370952, 22.499130728411995 ], [ 88.392982979649318, 22.499045136401357 ], [ 88.392951767210732, 22.498938145578716 ], [ 88.392932263712453, 22.498846067498516 ], [ 88.392912711963831, 22.498749707931804 ], [ 88.392893184335094, 22.498655484631996 ] ] } },
{ "type": "Feature", "properties": { "ward": 106, "source_sheet": "106_garfa2.pdf p2", "source": "KMC ward sewerage network map (ArcMap GeoPDF)", "extraction_method": "geopdf_vector", "georef_max_residual_m": 2.5, "conduit_type": "pipe", "pipe_diameter_mm": 300.0, "diameter_source": "legend_colour", "diameter_candidates_mm": null, "label_diameter_mm": 300.0, "label_agrees": true, "scheme": null, "flow_arrow": "end" }, "geometry": { "type": "LineString", "coordinates": [ [ 88.3955995650917, 22.499982719914311 ], [ 88.39555637461072, 22.499837219902854 ], [ 88.39554386581159, 22.499751524456919 ], [ 88.395531235772197, 22.499655094032921 ], [ 88.395516322065177, 22.499560829594717 ], [ 88.395493854727562, 22.499410861039216 ] ] } },
{ "type": "Feature", "properties": { "ward": 106, "source_sheet": "106_garfa2.pdf p2", "source": "KMC ward sewerage network map (ArcMap GeoPDF)", "extraction_method": "geopdf_vector", "georef_max_residual_m": 2.5, "conduit_type": "pipe", "pipe_diameter_mm": 300.0, "diameter_source": "legend_colour", "diameter_candidates_mm": null, "label_diameter_mm": 300.0, "label_agrees": true, "scheme": null, "flow_arrow": "end" }, "geometry": { "type": "LineString", "coordinates": [ [ 88.395063336173351, 22.501152487085882 ], [ 88.395003402222201, 22.501159462877755 ], [ 88.394885818022431, 22.501171248414238 ] ] } },
{ "type": "Feature", "properties": { "ward": 106, "source_sheet": "106_garfa2.pdf p2", "source": "KMC ward sewerage network map (ArcMap GeoPDF)", "extraction_method": "geopdf_vector", "georef_max_residual_m": 2.5, "conduit_type": "pipe", "pipe_diameter_mm": 300.0, "diameter_source": "legend_colour", "diameter_candidates_mm": null, "label_diameter_mm": 300.0, "label_agrees": true, "scheme": null, "flow_arrow": "end" }, "geometry": { "type": "LineString", "coordinates": [ [ 88.394953706654192, 22.500846687007741 ], [ 88.39497860280369, 22.50100736089351 ], [ 88.395003402222201, 22.501159462877755 ] ] } },
{ "type": "Feature", "properties": { "ward": 106, "source_sheet": "106_garfa2.pdf p2", "source": "KMC ward sewerage network map (ArcMap GeoPDF)", "extraction_method": "geopdf_vector", "georef_max_residual_m": 2.5, "conduit_type": "pipe", "pipe_diameter_mm": 300.0, "diameter_source": "legend_colour", "diameter_candidates_mm": null, "label_diameter_mm": 300.0, "label_agrees": true, "scheme": null, "flow_arrow": "end" }, "geometry": { "type": "LineString", "coordinates": [ [ 88.394142465059531, 22.501160774149273 ], [ 88.394174042084856, 22.5012999338261 ], [ 88.39416325291262, 22.501366539098978 ], [ 88.394150155779187, 22.501433165134468 ] ] } },
{ "type": "Feature", "properties": { "ward": 106, "source_sheet": "106_garfa2.pdf p2", "source": "KMC ward sewerage network map (ArcMap GeoPDF)", "extraction_method": "geopdf_vector", "georef_max_residual_m": 2.5, "conduit_type": "pipe", "pipe_diameter_mm": 300.0, "diameter_source": "legend_colour", "diameter_candidates_mm": null, "label_diameter_mm": 300.0, "label_agrees": true, "scheme": null, "flow_arrow": "end" }, "geometry": { "type": "LineString", "coordinates": [ [ 88.394695492898549, 22.502713332266552 ], [ 88.394657523907398, 22.502621429636921 ], [ 88.394617198457027, 22.502525248412365 ], [ 88.394574492437613, 22.502422652321332 ], [ 88.394552945697839, 22.502354192609083 ], [ 88.394526686273522, 22.502277202539013 ], [ 88.394497949286034, 22.50218520783919 ], [ 88.394471592956734, 22.502099627986066 ], [ 88.394440523869534, 22.502005508830916 ], [ 88.394346188019412, 22.502032102784518 ], [ 88.394256443841712, 22.502056509945966 ], [ 88.394159799952547, 22.502083124559135 ], [ 88.394060848059269, 22.502109759878742 ] ] } },
{ "type": "Feature", "properties": { "ward": 106, "source_sheet": "106_garfa2.pdf p2", "source": "KMC ward sewerage network map (ArcMap GeoPDF)", "extraction_method": "geopdf_vector", "georef_max_residual_m": 2.5, "conduit_type": "pipe", "pipe_diameter_mm": 300.0, "diameter_source": "legend_colour", "diameter_candidates_mm": null, "label_diameter_mm": 300.0, "label_agrees": true, "scheme": null, "flow_arrow": "end" }, "geometry": { "type": "LineString", "coordinates": [ [ 88.392341739621259, 22.501957881563172 ], [ 88.392361581783064, 22.502079983675877 ] ] } },
{ "type": "Feature", "properties": { "ward": 106, "source_sheet": "106_garfa2.pdf p2", "source": "KMC ward sewerage network map (ArcMap GeoPDF)", "extraction_method": "geopdf_vector", "georef_max_residual_m": 2.5, "conduit_type": "pipe", "pipe_diameter_mm": 400.0, "diameter_source": "legend_colour", "diameter_candidates_mm": null, "label_diameter_mm": 400.0, "label_agrees": true, "scheme": null, "flow_arrow": "end" }, "geometry": { "type": "LineString", "coordinates": [ [ 88.39062776989816, 22.49877237408327 ], [ 88.390723321752006, 22.498853033954774 ], [ 88.390740226006955, 22.498919390543964 ], [ 88.39074078161596, 22.498968730421506 ], [ 88.390743596828315, 22.499013759162146 ], [ 88.390744079969565, 22.499056663402939 ], [ 88.390744538954749, 22.499097422431479 ], [ 88.39075476097419, 22.499185284334526 ], [ 88.390825544682698, 22.499321956497297 ], [ 88.390854012825216, 22.499390354706893 ], [ 88.390887169322966, 22.499465147115046 ], [ 88.390911171229149, 22.499544303601731 ], [ 88.390935168577357, 22.499625614491734 ], [ 88.390978330055262, 22.499768970782874 ], [ 88.390991415946559, 22.499906151803703 ], [ 88.391001976580384, 22.500024055571568 ], [ 88.39101234393884, 22.500124797644194 ], [ 88.391027302924641, 22.500223344129225 ], [ 88.391042237873293, 22.500319754337585 ], [ 88.391052267009201, 22.500390463442024 ], [ 88.391062151176357, 22.500448301276542 ], [ 88.391100262248827, 22.500553085134506 ], [ 88.391128972357706, 22.500642926439994 ], [ 88.391174394023338, 22.500781971493065 ], [ 88.391207816893342, 22.500880361119531 ], [ 88.391236454650326, 22.500963766762165 ], [ 88.39126754549801, 22.501060031879909 ] ] } },
{ "type": "Feature", "properties": { "ward": 106, "source_sheet": "106_garfa2.pdf p2", "source": "KMC ward sewerage network map (ArcMap GeoPDF)", "extraction_method": "geopdf_vector", "georef_max_residual_m": 2.5, "conduit_type": "pipe", "pipe_diameter_mm": 400.0, "diameter_source": "legend_colour", "diameter_candidates_mm": null, "label_diameter_mm": 400.0, "label_agrees": true, "scheme": null, "flow_arrow": "end" }, "geometry": { "type": "LineString", "coordinates": [ [ 88.39126754549801, 22.501060031879909 ], [ 88.391233071258185, 22.50107321396834 ], [ 88.391191721494252, 22.501090748633985 ], [ 88.39114575581884, 22.501108324729611 ], [ 88.39109519839468, 22.501128087462511 ], [ 88.391049232693391, 22.501145663531751 ], [ 88.390970931498146, 22.501161384426297 ], [ 88.390910968399155, 22.501168358964662 ], [ 88.390860265948945, 22.501175250358365 ], [ 88.390761168982678, 22.501189012384039 ], [ 88.390671279644295, 22.501200546285222 ], [ 88.390583688624204, 22.501212059511232 ], [ 88.390270666813265, 22.501292094821423 ], [ 88.39019236542633, 22.501307815345758 ], [ 88.390166253509719, 22.501243695694658 ], [ 88.390142464004128, 22.50118169169183 ], [ 88.390102142086832, 22.501085509140761 ], [ 88.390057083587024, 22.500978641923599 ], [ 88.390012001113405, 22.500869638415118 ], [ 88.38996453822773, 22.500754211016531 ], [ 88.389842376507715, 22.50077032479204 ], [ 88.389720272656845, 22.500790728815073 ], [ 88.389618906528568, 22.50080880134113 ] ] } },
{ "type": "Feature", "properties": { "ward": 106, "source_sheet": "106_garfa2.pdf p2", "source": "KMC ward sewerage network map (ArcMap GeoPDF)", "extraction_method": "geopdf_vector", "georef_max_residual_m": 2.5, "conduit_type": "pipe", "pipe_diameter_mm": 400.0, "diameter_source": "legend_colour", "diameter_candidates_mm": null, "label_diameter_mm": 400.0, "label_agrees": true, "scheme": null, "flow_arrow": "end" }, "geometry": { "type": "LineString", "coordinates": [ [ 88.391882420433987, 22.499501256136629 ], [ 88.391860682238757, 22.499415643201242 ], [ 88.391843052152211, 22.4992849304355 ], [ 88.391795346662065, 22.499148051493783 ], [ 88.391750045978725, 22.499019741586842 ], [ 88.391699911913818, 22.498872157274114 ] ] } },
{ "type": "Feature", "properties": { "ward": 106, "source_sheet": "106_garfa2.pdf p2", "source": "KMC ward sewerage network map (ArcMap GeoPDF)", "extraction_method": "geopdf_vector", "georef_max_residual_m": 2.5, "conduit_type": "pipe", "pipe_diameter_mm": 300.0, "diameter_source": "legend_colour", "diameter_candidates_mm": null, "label_diameter_mm": 300.0, "label_agrees": true, "scheme": null, "flow_arrow": "end" }, "geometry": { "type": "LineString", "coordinates": [ [ 88.391402444920161, 22.499512002735248 ], [ 88.391524474828799, 22.499485161869369 ], [ 88.391639629361379, 22.499462682451178 ], [ 88.391752451656345, 22.499438069530431 ], [ 88.391860682238757, 22.499415643201242 ] ] } },
{ "type": "Feature", "properties": { "ward": 106, "source_sheet": "106_garfa2.pdf p2", "source": "KMC ward sewerage network map (ArcMap GeoPDF)", "extraction_method": "geopdf_vector", "georef_max_residual_m": 2.5, "conduit_type": "pipe", "pipe_diameter_mm": 300.0, "diameter_source": "legend_colour", "diameter_candidates_mm": null, "label_diameter_mm": 300.0, "label_agrees": true, "scheme": null, "flow_arrow": "end" }, "geometry": { "type": "LineString", "coordinates": [ [ 88.392326363767367, 22.499570212670641 ], [ 88.392271081144784, 22.49937548436457 ], [ 88.392230323139216, 22.49924068858282 ], [ 88.392196730763274, 22.49912728269118 ], [ 88.392167875271909, 22.49902457031444 ], [ 88.392136735991997, 22.498924014933902 ], [ 88.392107928850294, 22.498825584022793 ] ] } },
{ "type": "Feature", "properties": { "ward": 106, "source_sheet": "106_garfa2.pdf p2", "source": "KMC ward sewerage network map (ArcMap GeoPDF)", "extraction_method": "geopdf_vector", "georef_max_residual_m": 2.5, "conduit_type": "pipe", "pipe_diameter_mm": 300.0, "diameter_source": "legend_colour", "diameter_candidates_mm": null, "label_diameter_mm": 300.0, "label_agrees": true, "scheme": null, "flow_arrow": "end" }, "geometry": { "type": "LineString", "coordinates": [ [ 88.391841133859486, 22.500138810115995 ], [ 88.391663858076214, 22.500179019960093 ], [ 88.391583273641785, 22.500196898122358 ], [ 88.391507305155301, 22.500214743734858 ], [ 88.391412897332231, 22.500234900309547 ], [ 88.391382966674882, 22.500241605340655 ], [ 88.391419350035491, 22.500397894904562 ], [ 88.391455830065709, 22.500562756358683 ], [ 88.391489808987458, 22.500710485772743 ], [ 88.391519002901873, 22.500843240147905 ], [ 88.391550553069308, 22.50098025527031 ] ] } },
{ "type": "Feature", "properties": { "ward": 106, "source_sheet": "106_garfa2.pdf p2", "source": "KMC ward sewerage network map (ArcMap GeoPDF)", "extraction_method": "geopdf_vector", "georef_max_residual_m": 2.5, "conduit_type": "pipe", "pipe_diameter_mm": 300.0, "diameter_source": "legend_colour", "diameter_candidates_mm": null, "label_diameter_mm": 300.0, "label_agrees": true, "scheme": null, "flow_arrow": "end" }, "geometry": { "type": "LineString", "coordinates": [ [ 88.390400375360002, 22.500306206068288 ], [ 88.390511180521628, 22.500307357225772 ], [ 88.39056416646342, 22.500298300033521 ], [ 88.390658608254668, 22.500280289073615 ], [ 88.390755348338573, 22.500262257432123 ], [ 88.390813095072275, 22.500266030002045 ], [ 88.390906311177986, 22.500342428750379 ], [ 88.391042237873293, 22.500319754337585 ], [ 88.391113614779186, 22.500304095587961 ], [ 88.391187275438625, 22.500286270876291 ], [ 88.391251752664871, 22.500272819437924 ], [ 88.391316205709984, 22.500257222763171 ], [ 88.391382966674882, 22.500241605340655 ] ] } },
{ "type": "Feature", "properties": { "ward": 106, "source_sheet": "106_garfa2.pdf p2", "source": "KMC ward sewerage network map (ArcMap GeoPDF)", "extraction_method": "geopdf_vector", "georef_max_residual_m": 2.5, "conduit_type": "pipe", "pipe_diameter_mm": 300.0, "diameter_source": "legend_colour", "diameter_candidates_mm": null, "label_diameter_mm": null, "label_agrees": null, "scheme": null, "flow_arrow": "end" }, "geometry": { "type": "LineString", "coordinates": [ [ 88.39088466399599, 22.500677300941014 ], [ 88.390928447122349, 22.500668326227864 ], [ 88.390979125222117, 22.500659289610415 ], [ 88.391128972357706, 22.500642926439994 ] ] } },
{ "type": "Feature", "properties": { "ward": 106, "source_sheet": "106_garfa2.pdf p2", "source": "KMC ward sewerage network map (ArcMap GeoPDF)", "extraction_method": "geopdf_vector", "georef_max_residual_m": 2.5, "conduit_type": "pipe", "pipe_diameter_mm": 375.0, "diameter_source": "legend_colour", "diameter_candidates_mm": null, "label_diameter_mm": 375.0, "label_agrees": true, "scheme": null, "flow_arrow": "end" }, "geometry": { "type": "LineString", "coordinates": [ [ 88.392261486986939, 22.50118626671744 ], [ 88.392146162003471, 22.501193739110075 ], [ 88.392056200283349, 22.501198838147943 ], [ 88.391975494536254, 22.501205999418517 ], [ 88.391948451828526, 22.501264159940575 ], [ 88.391854115910775, 22.50129075243537 ], [ 88.391840292371512, 22.501293022027124 ], [ 88.391782762783066, 22.501308556743208 ], [ 88.391727541133932, 22.501324070710844 ], [ 88.391665419784431, 22.501341792053829 ] ] } },
{ "type": "Feature", "properties": { "ward": 106, "source_sheet": "106_garfa2.pdf p2", "source": "KMC ward sewerage network map (ArcMap GeoPDF)", "extraction_method": "geopdf_vector", "georef_max_residual_m": 2.5, "conduit_type": "pipe", "pipe_diameter_mm": 225.0, "diameter_source": "legend_colour", "diameter_candidates_mm": null, "label_diameter_mm": null, "label_agrees": null, "scheme": null, "flow_arrow": "end" }, "geometry": { "type": "LineString", "coordinates": [ [ 88.391949348470249, 22.501753300404694 ], [ 88.391918305331089, 22.50166132587885 ], [ 88.391794110728171, 22.501701059120848 ], [ 88.391691931971266, 22.501646195728551 ] ] } },
{ "type": "Feature", "properties": { "ward": 106, "source_sheet": "106_garfa2.pdf p2", "source": "KMC ward sewerage network map (ArcMap GeoPDF)", "extraction_method": "geopdf_vector", "georef_max_residual_m": 2.5, "conduit_type": "pipe", "pipe_diameter_mm": 225.0, "diameter_source": "legend_colour", "diameter_candidates_mm": null, "label_diameter_mm": 225.0, "label_agrees": true, "scheme": null, "flow_arrow": "end" }, "geometry": { "type": "LineString", "coordinates": [ [ 88.391008341988083, 22.501203957165483 ], [ 88.391027313043594, 22.50124884085437 ], [ 88.391046284011367, 22.501293715601776 ], [ 88.391127255703793, 22.501310152113817 ], [ 88.39111575202017, 22.501518361905561 ], [ 88.391108429160568, 22.501687907516899 ], [ 88.391142649724912, 22.501857089098209 ] ] } },
{ "type": "Feature", "properties": { "ward": 106, "source_sheet": "106_garfa2.pdf p2", "source": "KMC ward sewerage network map (ArcMap GeoPDF)", "extraction_method": "geopdf_vector", "georef_max_residual_m": 2.5, "conduit_type": "pipe", "pipe_diameter_mm": 400.0, "diameter_source": "legend_colour", "diameter_candidates_mm": null, "label_diameter_mm": null, "label_agrees": null, "scheme": null, "flow_arrow": "end" }, "geometry": { "type": "LineString", "coordinates": [ [ 88.390361423162076, 22.501767556682175 ], [ 88.390383560759687, 22.501683686332552 ], [ 88.390352373834844, 22.501578849118964 ], [ 88.390321138554327, 22.501469712533691 ], [ 88.390304282421155, 22.501407646350081 ], [ 88.390285094196997, 22.501343455659551 ], [ 88.390270666813265, 22.501292094821423 ] ] } },
{ "type": "Feature", "properties": { "ward": 106, "source_sheet": "106_garfa2.pdf p2", "source": "KMC ward sewerage network map (ArcMap GeoPDF)", "extraction_method": "geopdf_vector", "georef_max_residual_m": 2.5, "conduit_type": "pipe", "pipe_diameter_mm": 300.0, "diameter_source": "legend_colour", "diameter_candidates_mm": null, "label_diameter_mm": 300.0, "label_agrees": true, "scheme": null, "flow_arrow": "end" }, "geometry": { "type": "LineString", "coordinates": [ [ 88.390041548623543, 22.501854098313501 ], [ 88.390138193289275, 22.501827486139273 ], [ 88.39022566398485, 22.50180524707606 ], [ 88.39029699345042, 22.501785298224505 ], [ 88.390361423162076, 22.501767556682175 ] ] } },
{ "type": "Feature", "properties": { "ward": 106, "source_sheet": "106_garfa2.pdf p2", "source": "KMC ward sewerage network map (ArcMap GeoPDF)", "extraction_method": "geopdf_vector", "georef_max_residual_m": 2.5, "conduit_type": "pipe", "pipe_diameter_mm": 300.0, "diameter_source": "legend_colour", "diameter_candidates_mm": null, "label_diameter_mm": null, "label_agrees": null, "scheme": null, "flow_arrow": "end" }, "geometry": { "type": "LineString", "coordinates": [ [ 88.39189499516165, 22.501436274318767 ], [ 88.391854115910775, 22.50129075243537 ] ] } },
{ "type": "Feature", "properties": { "ward": 106, "source_sheet": "106_garfa2.pdf p2", "source": "KMC ward sewerage network map (ArcMap GeoPDF)", "extraction_method": "geopdf_vector", "georef_max_residual_m": 2.5, "conduit_type": "pipe", "pipe_diameter_mm": 375.0, "diameter_source": "legend_colour", "diameter_candidates_mm": null, "label_diameter_mm": 375.0, "label_agrees": true, "scheme": null, "flow_arrow": "end" }, "geometry": { "type": "LineString", "coordinates": [ [ 88.391806095422453, 22.501125994767385 ], [ 88.391840292371512, 22.501293022027124 ] ] } },
{ "type": "Feature", "properties": { "ward": 106, "source_sheet": "106_garfa2.pdf p2", "source": "KMC ward sewerage network map (ArcMap GeoPDF)", "extraction_method": "geopdf_vector", "georef_max_residual_m": 2.5, "conduit_type": "pipe", "pipe_diameter_mm": 300.0, "diameter_source": "legend_colour", "diameter_candidates_mm": null, "label_diameter_mm": 300.0, "label_agrees": true, "scheme": null, "flow_arrow": "end" }, "geometry": { "type": "LineString", "coordinates": [ [ 88.391921431481677, 22.500914706899685 ], [ 88.392011344670678, 22.500905317525259 ], [ 88.392089742396152, 22.500898185917144 ], [ 88.392156624463126, 22.500893294215135 ], [ 88.392225790287426, 22.500886236540126 ], [ 88.392233850580908, 22.500986990272526 ], [ 88.392321504205071, 22.500981911879325 ], [ 88.392411465766898, 22.500976812700713 ], [ 88.392510659105824, 22.500971630514613 ] ] } },
{ "type": "Feature", "properties": { "ward": 106, "source_sheet": "106_garfa2.pdf p2", "source": "KMC ward sewerage network map (ArcMap GeoPDF)", "extraction_method": "geopdf_vector", "georef_max_residual_m": 2.5, "conduit_type": "pipe", "pipe_diameter_mm": 300.0, "diameter_source": "legend_colour", "diameter_candidates_mm": null, "label_diameter_mm": 400.0, "label_agrees": false, "scheme": null, "flow_arrow": "end" }, "geometry": { "type": "LineString", "coordinates": [ [ 88.389936641811957, 22.50155683375387 ], [ 88.390042542280568, 22.501532284045073 ], [ 88.390148476475005, 22.50150987939411 ], [ 88.390231345592142, 22.501489827047333 ], [ 88.390321138554327, 22.501469712533691 ] ] } },
{ "type": "Feature", "properties": { "ward": 106, "source_sheet": "106_garfa2.pdf p2", "source": "KMC ward sewerage network map (ArcMap GeoPDF)", "extraction_method": "geopdf_vector", "georef_max_residual_m": 2.5, "conduit_type": "pipe", "pipe_diameter_mm": 300.0, "diameter_source": "legend_colour", "diameter_candidates_mm": null, "label_diameter_mm": 300.0, "label_agrees": true, "scheme": null, "flow_arrow": "end" }, "geometry": { "type": "LineString", "coordinates": [ [ 88.391841133859486, 22.500138810115995 ], [ 88.39189593273062, 22.500290634354347 ], [ 88.391945995068369, 22.500431782912791 ], [ 88.391993701117983, 22.500568652820554 ], [ 88.392024889091289, 22.500673498616258 ], [ 88.392051340332614, 22.500767659815931 ], [ 88.392075386949756, 22.500853260900275 ], [ 88.392089742396152, 22.500898185917144 ] ] } },
{ "type": "Feature", "properties": { "ward": 106, "source_sheet": "106_garfa2.pdf p2", "source": "KMC ward sewerage network map (ArcMap GeoPDF)", "extraction_method": "geopdf_vector", "georef_max_residual_m": 2.5, "conduit_type": "pipe", "pipe_diameter_mm": 300.0, "diameter_source": "legend_colour", "diameter_candidates_mm": null, "label_diameter_mm": 300.0, "label_agrees": true, "scheme": null, "flow_arrow": "end" }, "geometry": { "type": "LineString", "coordinates": [ [ 88.392773746469842, 22.500353546461074 ], [ 88.392792935662129, 22.500417736811514 ], [ 88.392809720173616, 22.500473367062682 ], [ 88.392826480508958, 22.500526852101356 ], [ 88.392895766457144, 22.500521938494568 ], [ 88.392976495927883, 22.500516921994279 ] ] } },
{ "type": "Feature", "properties": { "ward": 106, "source_sheet": "106_garfa2.pdf p2", "source": "KMC ward sewerage network map (ArcMap GeoPDF)", "extraction_method": "geopdf_vector", "georef_max_residual_m": 2.5, "conduit_type": "pipe", "pipe_diameter_mm": 500.0, "diameter_source": "legend_colour", "diameter_candidates_mm": null, "label_diameter_mm": 500.0, "label_agrees": true, "scheme": null, "flow_arrow": "end" }, "geometry": { "type": "LineString", "coordinates": [ [ 88.389374025146481, 22.499764054544702 ], [ 88.389400401997392, 22.499851780650388 ], [ 88.389433919822395, 22.499958742644466 ], [ 88.389460345031367, 22.500050759160434 ], [ 88.389493959615251, 22.500166310924708 ], [ 88.38952747760105, 22.500273272887796 ], [ 88.38953693610344, 22.500498458143486 ], [ 88.389565790048636, 22.500601171056211 ], [ 88.389589931686714, 22.500695353442925 ], [ 88.389618906528568, 22.50080880134113 ] ] } },
{ "type": "Feature", "properties": { "ward": 106, "source_sheet": "106_garfa2.pdf p2", "source": "KMC ward sewerage network map (ArcMap GeoPDF)", "extraction_method": "geopdf_vector", "georef_max_residual_m": 2.5, "conduit_type": "pipe", "pipe_diameter_mm": 450.0, "diameter_source": "legend_colour", "diameter_candidates_mm": null, "label_diameter_mm": 450.0, "label_agrees": true, "scheme": null, "flow_arrow": "end" }, "geometry": { "type": "LineString", "coordinates": [ [ 88.389930999613725, 22.500235326984644 ], [ 88.389913612734546, 22.500126074997688 ], [ 88.389896080916742, 22.500003942792247 ], [ 88.389876241204732, 22.499881831282377 ], [ 88.389840284801465, 22.499764164118677 ], [ 88.38980441040988, 22.499652923555825 ], [ 88.389763678804286, 22.499520272250312 ], [ 88.389713498417322, 22.499368405743223 ], [ 88.389605426803342, 22.499405847222469 ], [ 88.389492748895307, 22.499443329935705 ], [ 88.389403077761955, 22.499474169998155 ], [ 88.389415172438447, 22.49952339749337 ], [ 88.389427218950345, 22.499568343499099 ], [ 88.389434577204028, 22.499606895252573 ], [ 88.389444243390088, 22.499645426310916 ], [ 88.389352326980955, 22.499682722771588 ], [ 88.389374025146481, 22.499764054544702 ] ] } },
{ "type": "Feature", "properties": { "ward": 106, "source_sheet": "106_garfa2.pdf p2", "source": "KMC ward sewerage network map (ArcMap GeoPDF)", "extraction_method": "geopdf_vector", "georef_max_residual_m": 2.5, "conduit_type": "pipe", "pipe_diameter_mm": 300.0, "diameter_source": "legend_colour", "diameter_candidates_mm": null, "label_diameter_mm": 300.0, "label_agrees": true, "scheme": null, "flow_arrow": "end" }, "geometry": { "type": "LineString", "coordinates": [ [ 88.390438357080058, 22.499784543945768 ], [ 88.390290905661388, 22.499809466661258 ], [ 88.390152671370288, 22.499832161127017 ], [ 88.390000628019678, 22.499859261265275 ], [ 88.389876241204732, 22.499881831282377 ] ] } },
{ "type": "Feature", "properties": { "ward": 106, "source_sheet": "106_garfa2.pdf p2", "source": "KMC ward sewerage network map (ArcMap GeoPDF)", "extraction_method": "geopdf_vector", "georef_max_residual_m": 2.5, "conduit_type": "pipe", "pipe_diameter_mm": 300.0, "diameter_source": "legend_colour", "diameter_candidates_mm": null, "label_diameter_mm": 300.0, "label_agrees": true, "scheme": null, "flow_arrow": "end" }, "geometry": { "type": "LineString", "coordinates": [ [ 88.390438357080058, 22.499784543945768 ], [ 88.390411907141527, 22.499690382405312 ], [ 88.390385481394432, 22.499598366069847 ], [ 88.390359070220924, 22.499508495025825 ], [ 88.390327883898181, 22.499403657754442 ], [ 88.390148252284249, 22.499439596190491 ], [ 88.389961735467807, 22.499479887047514 ], [ 88.389763678804286, 22.499520272250312 ] ] } },
{ "type": "Feature", "properties": { "ward": 106, "source_sheet": "106_garfa2.pdf p2", "source": "KMC ward sewerage network map (ArcMap GeoPDF)", "extraction_method": "geopdf_vector", "georef_max_residual_m": 2.5, "conduit_type": "pipe", "pipe_diameter_mm": 225.0, "diameter_source": "legend_colour", "diameter_candidates_mm": null, "label_diameter_mm": 225.0, "label_agrees": true, "scheme": null, "flow_arrow": "end" }, "geometry": { "type": "LineString", "coordinates": [ [ 88.390670187209224, 22.499668755872044 ], [ 88.390757743480407, 22.499655097520833 ], [ 88.390847583498584, 22.499639273196578 ], [ 88.390935168577357, 22.499625614491734 ] ] } },
{ "type": "Feature", "properties": { "ward": 106, "source_sheet": "106_garfa2.pdf p2", "source": "KMC ward sewerage network map (ArcMap GeoPDF)", "extraction_method": "geopdf_vector", "georef_max_residual_m": 2.5, "conduit_type": "pipe", "pipe_diameter_mm": 300.0, "diameter_source": "legend_colour", "diameter_candidates_mm": null, "label_diameter_mm": 300.0, "label_agrees": true, "scheme": null, "flow_arrow": "end" }, "geometry": { "type": "LineString", "coordinates": [ [ 88.390711945427498, 22.500097457906406 ], [ 88.39073368315637, 22.500183079958589 ], [ 88.390755348338573, 22.500262257432123 ] ] } },
{ "type": "Feature", "properties": { "ward": 106, "source_sheet": "106_garfa2.pdf p2", "source": "KMC ward sewerage network map (ArcMap GeoPDF)", "extraction_method": "geopdf_vector", "georef_max_residual_m": 2.5, "conduit_type": "pipe", "pipe_diameter_mm": 300.0, "diameter_source": "legend_colour", "diameter_candidates_mm": null, "label_diameter_mm": 300.0, "label_agrees": true, "scheme": null, "flow_arrow": "end" }, "geometry": { "type": "LineString", "coordinates": [ [ 88.391360733125325, 22.499907127114444 ], [ 88.391392983850281, 22.500106362363894 ], [ 88.391405369413079, 22.500181341139363 ], [ 88.391412897332231, 22.500234900309547 ] ] } },
{ "type": "Feature", "properties": { "ward": 106, "source_sheet": "106_garfa2.pdf p2", "source": "KMC ward sewerage network map (ArcMap GeoPDF)", "extraction_method": "geopdf_vector", "georef_max_residual_m": 2.5, "conduit_type": "pipe", "pipe_diameter_mm": 225.0, "diameter_source": "legend_colour", "diameter_candidates_mm": null, "label_diameter_mm": 225.0, "label_agrees": true, "scheme": null, "flow_arrow": "end" }, "geometry": { "type": "LineString", "coordinates": [ [ 88.390311717893709, 22.49919784160765 ], [ 88.390417626125725, 22.499173291653133 ], [ 88.390530424301446, 22.499146534376315 ], [ 88.390638640466364, 22.499121972509052 ], [ 88.390744538954749, 22.499097422431479 ] ] } },
{ "type": "Feature", "properties": { "ward": 106, "source_sheet": "106_garfa2.pdf p2", "source": "KMC ward sewerage network map (ArcMap GeoPDF)", "extraction_method": "geopdf_vector", "georef_max_residual_m": 2.5, "conduit_type": "pipe", "pipe_diameter_mm": 300.0, "diameter_source": "legend_colour", "diameter_candidates_mm": null, "label_diameter_mm": 300.0, "label_agrees": true, "scheme": null, "flow_arrow": "end" }, "geometry": { "type": "LineString", "coordinates": [ [ 88.3886277709436, 22.499292321965999 ], [ 88.388724390051507, 22.499263565494417 ], [ 88.388832524596026, 22.499232560326831 ], [ 88.388940644575371, 22.499199409789085 ], [ 88.389057986563543, 22.499166176513715 ], [ 88.389179905780779, 22.499128620200441 ] ] } },
{ "type": "Feature", "properties": { "ward": 106, "source_sheet": "106_garfa2.pdf p2", "source": "KMC ward sewerage network map (ArcMap GeoPDF)", "extraction_method": "geopdf_vector", "georef_max_residual_m": 2.5, "conduit_type": "pipe", "pipe_diameter_mm": 375.0, "diameter_source": "legend_colour", "diameter_candidates_mm": null, "label_diameter_mm": 375.0, "label_agrees": true, "scheme": null, "flow_arrow": "end" }, "geometry": { "type": "LineString", "coordinates": [ [ 88.388850041741051, 22.499968267905366 ], [ 88.388801637902247, 22.499975138034959 ], [ 88.388757859542125, 22.499981966694367 ], [ 88.388707157374682, 22.499988857394694 ], [ 88.388666048829535, 22.500027843550971 ], [ 88.388619986634581, 22.500036838071356 ], [ 88.388578506562141, 22.500043646086599 ], [ 88.388520928802023, 22.500054889204439 ], [ 88.38845642722454, 22.500066194344186 ], [ 88.388387309763317, 22.500077540817983 ], [ 88.388322798545033, 22.500088845991417 ] ] } },
{ "type": "Feature", "properties": { "ward": 106, "source_sheet": "106_garfa2.pdf p2", "source": "KMC ward sewerage network map (ArcMap GeoPDF)", "extraction_method": "geopdf_vector", "georef_max_residual_m": 2.5, "conduit_type": "pipe", "pipe_diameter_mm": 300.0, "diameter_source": "legend_colour", "diameter_candidates_mm": null, "label_diameter_mm": 300.0, "label_agrees": true, "scheme": null, "flow_arrow": "end" }, "geometry": { "type": "LineString", "coordinates": [ [ 88.389226501098079, 22.499782540654572 ], [ 88.389374025146481, 22.499764054544702 ] ] } },
{ "type": "Feature", "properties": { "ward": 106, "source_sheet": "106_garfa2.pdf p2", "source": "KMC ward sewerage network map (ArcMap GeoPDF)", "extraction_method": "geopdf_vector", "georef_max_residual_m": 2.5, "conduit_type": "pipe", "pipe_diameter_mm": 300.0, "diameter_source": "legend_colour", "diameter_candidates_mm": null, "label_diameter_mm": 300.0, "label_agrees": true, "scheme": null, "flow_arrow": "end" }, "geometry": { "type": "LineString", "coordinates": [ [ 88.389431309634944, 22.499111348192557 ], [ 88.389345979426537, 22.499118549566528 ], [ 88.389256042984485, 22.499125792192171 ], [ 88.389179905780779, 22.499128620200441 ] ] } },
{ "type": "Feature", "properties": { "ward": 106, "source_sheet": "106_garfa2.pdf p2", "source": "KMC ward sewerage network map (ArcMap GeoPDF)", "extraction_method": "geopdf_vector", "georef_max_residual_m": 2.5, "conduit_type": "pipe", "pipe_diameter_mm": 300.0, "diameter_source": "legend_colour", "diameter_candidates_mm": null, "label_diameter_mm": 300.0, "label_agrees": true, "scheme": null, "flow_arrow": "end" }, "geometry": { "type": "LineString", "coordinates": [ [ 88.388378193463893, 22.498650947127185 ], [ 88.388351769280831, 22.498558930368539 ], [ 88.388320550867675, 22.498451938542591 ], [ 88.388407995799994, 22.498427564274174 ], [ 88.388509254308474, 22.498400911813853 ], [ 88.388497015238997, 22.498338803998557 ], [ 88.388487108199357, 22.498278819822254 ] ] } },
{ "type": "Feature", "properties": { "ward": 106, "source_sheet": "106_garfa2.pdf p2", "source": "KMC ward sewerage network map (ArcMap GeoPDF)", "extraction_method": "geopdf_vector", "georef_max_residual_m": 2.5, "conduit_type": "pipe", "pipe_diameter_mm": 300.0, "diameter_source": "legend_colour", "diameter_candidates_mm": null, "label_diameter_mm": 300.0, "label_agrees": true, "scheme": null, "flow_arrow": "end" }, "geometry": { "type": "LineString", "coordinates": [ [ 88.388314367420733, 22.498312549894941 ], [ 88.388487108199357, 22.498278819822254 ] ] } },
{ "type": "Feature", "properties": { "ward": 106, "source_sheet": "106_garfa2.pdf p2", "source": "KMC ward sewerage network map (ArcMap GeoPDF)", "extraction_method": "geopdf_vector", "georef_max_residual_m": 2.5, "conduit_type": "pipe", "pipe_diameter_mm": 400.0, "diameter_source": "legend_colour", "diameter_candidates_mm": null, "label_diameter_mm": 400.0, "label_agrees": true, "scheme": null, "flow_arrow": "end" }, "geometry": { "type": "LineString", "coordinates": [ [ 88.389830052890318, 22.508697577242799 ], [ 88.389817498070684, 22.508607581946041 ], [ 88.389802611043351, 22.508515462143119 ], [ 88.389792533405313, 22.508440462606686 ], [ 88.38978014770845, 22.508365483774934 ], [ 88.389756439039488, 22.508309915366283 ], [ 88.389723063387336, 22.508215815986002 ], [ 88.389705810492487, 22.508119426535114 ], [ 88.389688422339532, 22.508010165730052 ], [ 88.389671154969207, 22.507911630973631 ], [ 88.389656340588871, 22.507825946772908 ], [ 88.389641405482635, 22.507729536515306 ], [ 88.389626615295555, 22.507645997518846 ] ] } },
{ "type": "Feature", "properties": { "ward": 106, "source_sheet": "106_garfa2.pdf p2", "source": "KMC ward sewerage network map (ArcMap GeoPDF)", "extraction_method": "geopdf_vector", "georef_max_residual_m": 2.5, "conduit_type": "pipe", "pipe_diameter_mm": 300.0, "diameter_source": "legend_colour", "diameter_candidates_mm": null, "label_diameter_mm": 300.0, "label_agrees": true, "scheme": null, "flow_arrow": "end" }, "geometry": { "type": "LineString", "coordinates": [ [ 88.390192551438915, 22.508705051717754 ], [ 88.390314792504398, 22.508695372971218 ], [ 88.390330332247586, 22.508845413371599 ], [ 88.390343684759912, 22.509006200529971 ], [ 88.390356988989936, 22.509162697263179 ], [ 88.390372456373001, 22.509306302017176 ], [ 88.390385615707174, 22.509449927481725 ], [ 88.39039624951775, 22.509574266771825 ], [ 88.390409312264339, 22.509709311389269 ] ] } },
{ "type": "Feature", "properties": { "ward": 106, "source_sheet": "106_garfa2.pdf p2", "source": "KMC ward sewerage network map (ArcMap GeoPDF)", "extraction_method": "geopdf_vector", "georef_max_residual_m": 2.5, "conduit_type": "pipe", "pipe_diameter_mm": 450.0, "diameter_source": "legend_colour", "diameter_candidates_mm": null, "label_diameter_mm": 450.0, "label_agrees": true, "scheme": null, "flow_arrow": "end" }, "geometry": { "type": "LineString", "coordinates": [ [ 88.389544310708857, 22.508946864723686 ], [ 88.389592500952261, 22.50912664832132 ], [ 88.389610154877786, 22.509259506432848 ], [ 88.38962778469336, 22.509390219328289 ], [ 88.389643058155073, 22.509516662503099 ], [ 88.389658138437312, 22.509625943991381 ], [ 88.389670934805366, 22.509737391391919 ] ] } },
{ "type": "Feature", "properties": { "ward": 106, "source_sheet": "106_garfa2.pdf p2", "source": "KMC ward sewerage network map (ArcMap GeoPDF)", "extraction_method": "geopdf_vector", "georef_max_residual_m": 2.5, "conduit_type": "pipe", "pipe_diameter_mm": 300.0, "diameter_source": "legend_colour", "diameter_candidates_mm": null, "label_diameter_mm": 300.0, "label_agrees": true, "scheme": null, "flow_arrow": "end" }, "geometry": { "type": "LineString", "coordinates": [ [ 88.388972462458909, 22.508387745773266 ], [ 88.389002235408128, 22.508571985589011 ], [ 88.389031791180159, 22.508736918491845 ], [ 88.389107049960032, 22.508860678434505 ], [ 88.389184616961231, 22.508984417634885 ], [ 88.389210063923571, 22.509194441304711 ], [ 88.389230759549193, 22.509391635010122 ], [ 88.389251252469464, 22.509571667106588 ], [ 88.389271552289202, 22.50973453750947 ] ] } },
{ "type": "Feature", "properties": { "ward": 106, "source_sheet": "106_garfa2.pdf p2", "source": "KMC ward sewerage network map (ArcMap GeoPDF)", "extraction_method": "geopdf_vector", "georef_max_residual_m": 2.5, "conduit_type": "pipe", "pipe_diameter_mm": 300.0, "diameter_source": "legend_colour", "diameter_candidates_mm": null, "label_diameter_mm": 300.0, "label_agrees": true, "scheme": null, "flow_arrow": "end" }, "geometry": { "type": "LineString", "coordinates": [ [ 88.389184616961231, 22.508984417634885 ], [ 88.389272237146542, 22.508975050138169 ], [ 88.389364463865135, 22.508965641278529 ], [ 88.389454382486008, 22.508956253069048 ], [ 88.389544310708857, 22.508946864723686 ] ] } },
{ "type": "Feature", "properties": { "ward": 106, "source_sheet": "106_garfa2.pdf p2", "source": "KMC ward sewerage network map (ArcMap GeoPDF)", "extraction_method": "geopdf_vector", "georef_max_residual_m": 2.5, "conduit_type": "pipe", "pipe_diameter_mm": 300.0, "diameter_source": "legend_colour", "diameter_candidates_mm": null, "label_diameter_mm": 300.0, "label_agrees": true, "scheme": null, "flow_arrow": "end" }, "geometry": { "type": "LineString", "coordinates": [ [ 88.38978014770845, 22.508365483774934 ], [ 88.389676371449312, 22.508374996463793 ], [ 88.38954264814268, 22.508389068565172 ], [ 88.389425023403163, 22.508398705312043 ] ] } },
{ "type": "Feature", "properties": { "ward": 106, "source_sheet": "106_garfa2.pdf p2", "source": "KMC ward sewerage network map (ArcMap GeoPDF)", "extraction_method": "geopdf_vector", "georef_max_residual_m": 2.5, "conduit_type": "pipe", "pipe_diameter_mm": 300.0, "diameter_source": "legend_colour", "diameter_candidates_mm": null, "label_diameter_mm": 300.0, "label_agrees": true, "scheme": null, "flow_arrow": "end" }, "geometry": { "type": "LineString", "coordinates": [ [ 88.390576363917404, 22.50875953343688 ], [ 88.390594187867592, 22.508907407868044 ], [ 88.390612084362303, 22.509061717921146 ], [ 88.390630029239219, 22.509220318386237 ] ] } },
{ "type": "Feature", "properties": { "ward": 106, "source_sheet": "106_garfa2.pdf p2", "source": "KMC ward sewerage network map (ArcMap GeoPDF)", "extraction_method": "geopdf_vector", "georef_max_residual_m": 2.5, "conduit_type": "pipe", "pipe_diameter_mm": 300.0, "diameter_source": "legend_colour", "diameter_candidates_mm": null, "label_diameter_mm": 225.0, "label_agrees": false, "scheme": null, "flow_arrow": "end" }, "geometry": { "type": "LineString", "coordinates": [ [ 88.391778144542698, 22.508066495854887 ], [ 88.391799642621848, 22.508130665498499 ], [ 88.391816452037602, 22.508188440983137 ], [ 88.391835545352833, 22.508244050520489 ], [ 88.391852306431474, 22.50829753558207 ], [ 88.391869019155209, 22.508346730223916 ], [ 88.391800018897868, 22.508368804388063 ], [ 88.391728710546531, 22.508390899258185 ], [ 88.391750643951909, 22.508493682658983 ], [ 88.391772577393979, 22.508596466053877 ], [ 88.39179210606261, 22.508690689344583 ], [ 88.391835935311505, 22.50868815015318 ], [ 88.391852841561658, 22.508754506459649 ], [ 88.391878472252984, 22.508775730439393 ], [ 88.391888599414457, 22.508855020200805 ], [ 88.391903536233883, 22.508951430151956 ], [ 88.391918569821783, 22.509056420932652 ], [ 88.391933724368613, 22.509172137750596 ], [ 88.391951235404946, 22.509292124242187 ] ] } },
{ "type": "Feature", "properties": { "ward": 106, "source_sheet": "106_garfa2.pdf p2", "source": "KMC ward sewerage network map (ArcMap GeoPDF)", "extraction_method": "geopdf_vector", "georef_max_residual_m": 2.5, "conduit_type": "pipe", "pipe_diameter_mm": 300.0, "diameter_source": "legend_colour", "diameter_candidates_mm": null, "label_diameter_mm": 300.0, "label_agrees": true, "scheme": null, "flow_arrow": "end" }, "geometry": { "type": "LineString", "coordinates": [ [ 88.39002320777324, 22.508015743837923 ], [ 88.390131614400588, 22.508008334813891 ], [ 88.390269793886901, 22.507979204260867 ], [ 88.390414887885342, 22.507950011532696 ] ] } },
{ "type": "Feature", "properties": { "ward": 106, "source_sheet": "106_garfa2.pdf p2", "source": "KMC ward sewerage network map (ArcMap GeoPDF)", "extraction_method": "geopdf_vector", "georef_max_residual_m": 2.5, "conduit_type": "pipe", "pipe_diameter_mm": 400.0, "diameter_source": "legend_colour", "diameter_candidates_mm": null, "label_diameter_mm": 400.0, "label_agrees": true, "scheme": null, "flow_arrow": "end" }, "geometry": { "type": "LineString", "coordinates": [ [ 88.393239130186842, 22.50906600473807 ], [ 88.39327840755567, 22.509273757703493 ], [ 88.393289649108425, 22.509451726847285 ], [ 88.393254535254187, 22.509612949484154 ], [ 88.393225958294536, 22.509739786533387 ] ] } },
{ "type": "Feature", "properties": { "ward": 106, "source_sheet": "106_garfa2.pdf p2", "source": "KMC ward sewerage network map (ArcMap GeoPDF)", "extraction_method": "geopdf_vector", "georef_max_residual_m": 2.5, "conduit_type": "pipe", "pipe_diameter_mm": 300.0, "diameter_source": "legend_colour", "diameter_candidates_mm": null, "label_diameter_mm": 300.0, "label_agrees": true, "scheme": null, "flow_arrow": "end" }, "geometry": { "type": "LineString", "coordinates": [ [ 88.393094820966425, 22.508346439683805 ], [ 88.39323782438322, 22.508336572042829 ], [ 88.393256377248036, 22.508548802261409 ], [ 88.39323332073711, 22.508551155031874 ], [ 88.393131813987466, 22.508556358685659 ], [ 88.393018791068428, 22.508563811249118 ], [ 88.392907955834616, 22.508569098639505 ], [ 88.39278570059372, 22.508576634046289 ], [ 88.392677293771072, 22.508584044872151 ], [ 88.392557346567386, 22.508591559358564 ] ] } },
{ "type": "Feature", "properties": { "ward": 106, "source_sheet": "106_garfa2.pdf p2", "source": "KMC ward sewerage network map (ArcMap GeoPDF)", "extraction_method": "geopdf_vector", "georef_max_residual_m": 2.5, "conduit_type": "pipe", "pipe_diameter_mm": 225.0, "diameter_source": "legend_colour", "diameter_candidates_mm": null, "label_diameter_mm": 225.0, "label_agrees": true, "scheme": null, "flow_arrow": "end" }, "geometry": { "type": "LineString", "coordinates": [ [ 88.392215082835037, 22.509354116085799 ], [ 88.392229874805864, 22.509437654739433 ], [ 88.392239857088285, 22.509504073212746 ], [ 88.392196511412294, 22.509549516684221 ], [ 88.392213925975668, 22.509660922296558 ], [ 88.392236077716319, 22.509783012457294 ] ] } },
{ "type": "Feature", "properties": { "ward": 106, "source_sheet": "106_garfa2.pdf p2", "source": "KMC ward sewerage network map (ArcMap GeoPDF)", "extraction_method": "geopdf_vector", "georef_max_residual_m": 2.5, "conduit_type": "pipe", "pipe_diameter_mm": 225.0, "diameter_source": "legend_colour", "diameter_candidates_mm": null, "label_diameter_mm": 225.0, "label_agrees": true, "scheme": null, "flow_arrow": "end" }, "geometry": { "type": "LineString", "coordinates": [ [ 88.392401297485378, 22.509082118930536 ], [ 88.392406784616824, 22.509159304921862 ], [ 88.392412247563044, 22.509234345704204 ], [ 88.392427450934576, 22.509354352866854 ], [ 88.392440152694775, 22.509457219109198 ], [ 88.392452975452031, 22.509570811386496 ], [ 88.392470632174849, 22.509703669036139 ] ] } },
{ "type": "Feature", "properties": { "ward": 106, "source_sheet": "106_garfa2.pdf p2", "source": "KMC ward sewerage network map (ArcMap GeoPDF)", "extraction_method": "geopdf_vector", "georef_max_residual_m": 2.5, "conduit_type": "pipe", "pipe_diameter_mm": 300.0, "diameter_source": "legend_colour", "diameter_candidates_mm": null, "label_diameter_mm": 300.0, "label_agrees": true, "scheme": null, "flow_arrow": "end" }, "geometry": { "type": "LineString", "coordinates": [ [ 88.391733504082467, 22.507792282358889 ], [ 88.391713757982913, 22.507678752163041 ], [ 88.391691365332051, 22.507535209770488 ] ] } },
{ "type": "Feature", "properties": { "ward": 106, "source_sheet": "106_garfa2.pdf p2", "source": "KMC ward sewerage network map (ArcMap GeoPDF)", "extraction_method": "geopdf_vector", "georef_max_residual_m": 2.5, "conduit_type": "pipe", "pipe_diameter_mm": 300.0, "diameter_source": "legend_colour", "diameter_candidates_mm": null, "label_diameter_mm": 300.0, "label_agrees": true, "scheme": null, "flow_arrow": "end" }, "geometry": { "type": "LineString", "coordinates": [ [ 88.39320392251193, 22.507991463491837 ], [ 88.393132541999563, 22.508007123341393 ], [ 88.393061161469362, 22.508022783160101 ], [ 88.392989780921326, 22.508038442947942 ], [ 88.392899888075917, 22.508058559993625 ], [ 88.392882182847472, 22.50792141195959 ], [ 88.392869432570564, 22.507814255327116 ], [ 88.392856851711144, 22.507722115145548 ], [ 88.392844198275753, 22.507623539337761 ], [ 88.392831665854459, 22.507535689566033 ], [ 88.392826518389043, 22.507488625876331 ], [ 88.392819086064208, 22.507443638759536 ], [ 88.39281401019403, 22.507402921308501 ] ] } },
{ "type": "Feature", "properties": { "ward": 106, "source_sheet": "106_garfa2.pdf p2", "source": "KMC ward sewerage network map (ArcMap GeoPDF)", "extraction_method": "geopdf_vector", "georef_max_residual_m": 2.5, "conduit_type": "pipe", "pipe_diameter_mm": 300.0, "diameter_source": "legend_colour", "diameter_candidates_mm": null, "label_diameter_mm": 300.0, "label_agrees": true, "scheme": null, "flow_arrow": "end" }, "geometry": { "type": "LineString", "coordinates": [ [ 88.393163300042616, 22.507459852749914 ], [ 88.39311264387463, 22.507471035373246 ], [ 88.393057395791175, 22.507484404694232 ], [ 88.393006738595503, 22.507495497901445 ], [ 88.392946874380755, 22.507508908689502 ], [ 88.392893838149206, 22.507522258069294 ], [ 88.392831665854459, 22.507535689566033 ] ] } },
{ "type": "Feature", "properties": { "ward": 106, "source_sheet": "106_garfa2.pdf p2", "source": "KMC ward sewerage network map (ArcMap GeoPDF)", "extraction_method": "geopdf_vector", "georef_max_residual_m": 2.5, "conduit_type": "pipe", "pipe_diameter_mm": 300.0, "diameter_source": "legend_colour", "diameter_candidates_mm": null, "label_diameter_mm": 300.0, "label_agrees": true, "scheme": null, "flow_arrow": "end" }, "geometry": { "type": "LineString", "coordinates": [ [ 88.392493412329259, 22.507834798856813 ], [ 88.392478475269272, 22.507738388962046 ], [ 88.392463562426713, 22.507644124271877 ], [ 88.392436142644584, 22.50746424435383 ] ] } },
{ "type": "Feature", "properties": { "ward": 106, "source_sheet": "106_garfa2.pdf p2", "source": "KMC ward sewerage network map (ArcMap GeoPDF)", "extraction_method": "geopdf_vector", "georef_max_residual_m": 2.5, "conduit_type": "pipe", "pipe_diameter_mm": 300.0, "diameter_source": "legend_colour", "diameter_candidates_mm": null, "label_diameter_mm": 300.0, "label_agrees": true, "scheme": null, "flow_arrow": "end" }, "geometry": { "type": "LineString", "coordinates": [ [ 88.394653818387653, 22.509651849388945 ], [ 88.394674033915223, 22.509602322662992 ], [ 88.394691989801004, 22.509557107123953 ], [ 88.39470766181914, 22.509514057566928 ], [ 88.394713689584194, 22.509434622627015 ], [ 88.39471959619749, 22.50934446165855 ], [ 88.394725720872088, 22.509273607539679 ], [ 88.394722177089676, 22.509164222831519 ], [ 88.3947209413965, 22.509054817343685 ], [ 88.394717446091605, 22.508949723043465 ], [ 88.394713975025539, 22.508846773947276 ], [ 88.394710455511685, 22.508739534437975 ], [ 88.394709437908361, 22.508649435795824 ], [ 88.394705676127842, 22.508520744225322 ], [ 88.394698073527508, 22.50846074079362 ], [ 88.394690374023142, 22.508392156537344 ], [ 88.394682577617033, 22.508314991456174 ], [ 88.394672473157001, 22.508237847150014 ], [ 88.394664652547092, 22.508158536859657 ], [ 88.39465692885743, 22.508087807391618 ], [ 88.394641966044233, 22.5079892525719 ], [ 88.394626882123788, 22.507879971718243 ], [ 88.394607254795446, 22.507777168029314 ], [ 88.394592364740788, 22.507685048816242 ], [ 88.394577474709394, 22.507592929599795 ], [ 88.394557871695241, 22.507492271103608 ], [ 88.394528746825017, 22.507366042605838 ], [ 88.394497337179899, 22.50724189069415 ], [ 88.394465758034812, 22.50710272232671 ] ] } },
{ "type": "Feature", "properties": { "ward": 106, "source_sheet": "106_garfa2.pdf p2", "source": "KMC ward sewerage network map (ArcMap GeoPDF)", "extraction_method": "geopdf_vector", "georef_max_residual_m": 2.5, "conduit_type": "pipe", "pipe_diameter_mm": 225.0, "diameter_source": "legend_colour", "diameter_candidates_mm": null, "label_diameter_mm": 225.0, "label_agrees": true, "scheme": null, "flow_arrow": "end" }, "geometry": { "type": "LineString", "coordinates": [ [ 88.395644429182497, 22.508447928138121 ], [ 88.395538355034262, 22.508457465292128 ], [ 88.39543216045837, 22.508464858037968 ], [ 88.395335294309902, 22.508472166703648 ], [ 88.395233812010758, 22.508479516881152 ], [ 88.395130045863297, 22.508489032983974 ], [ 88.395056236127786, 22.508493988443302 ], [ 88.394975526410221, 22.508501151418017 ], [ 88.39489940858931, 22.508506127587118 ], [ 88.394834831108184, 22.508510999825528 ], [ 88.394770253621033, 22.50851587203827 ], [ 88.394705676127842, 22.508520744225322 ] ] } },
{ "type": "Feature", "properties": { "ward": 106, "source_sheet": "106_garfa2.pdf p2", "source": "KMC ward sewerage network map (ArcMap GeoPDF)", "extraction_method": "geopdf_vector", "georef_max_residual_m": 2.5, "conduit_type": "pipe", "pipe_diameter_mm": 375.0, "diameter_source": "legend_colour", "diameter_candidates_mm": null, "label_diameter_mm": 375.0, "label_agrees": true, "scheme": null, "flow_arrow": "end" }, "geometry": { "type": "LineString", "coordinates": [ [ 88.395495249957136, 22.507706955307796 ], [ 88.395458666548521, 22.507542087176116 ], [ 88.395422228892784, 22.507381597956805 ], [ 88.395327065627043, 22.507335255655381 ], [ 88.395310109479325, 22.507264609366512 ], [ 88.395288416076838, 22.507183278615262 ], [ 88.395269054983544, 22.507104072280573 ], [ 88.395247434340732, 22.50702917713685 ], [ 88.395225668315092, 22.506941410753868 ] ] } },
{ "type": "Feature", "properties": { "ward": 106, "source_sheet": "106_garfa2.pdf p2", "source": "KMC ward sewerage network map (ArcMap GeoPDF)", "extraction_method": "geopdf_vector", "georef_max_residual_m": 2.5, "conduit_type": "pipe", "pipe_diameter_mm": 225.0, "diameter_source": "legend_colour", "diameter_candidates_mm": null, "label_diameter_mm": 225.0, "label_agrees": true, "scheme": null, "flow_arrow": "end" }, "geometry": { "type": "LineString", "coordinates": [ [ 88.3949886304312, 22.5074133929194 ], [ 88.394912610126141, 22.507426949888785 ], [ 88.394829689878279, 22.507442714363457 ], [ 88.394735253576485, 22.507460727886677 ], [ 88.394645408116347, 22.507476465215028 ], [ 88.394557871695241, 22.507492271103608 ] ] } },
{ "type": "Feature", "properties": { "ward": 106, "source_sheet": "106_garfa2.pdf p2", "source": "KMC ward sewerage network map (ArcMap GeoPDF)", "extraction_method": "geopdf_vector", "georef_max_residual_m": 2.5, "conduit_type": "pipe", "pipe_diameter_mm": 300.0, "diameter_source": "legend_colour", "diameter_candidates_mm": null, "label_diameter_mm": 300.0, "label_agrees": true, "scheme": null, "flow_arrow": "end" }, "geometry": { "type": "LineString", "coordinates": [ [ 88.394626882123788, 22.507879971718243 ], [ 88.394744326628071, 22.507855314855764 ], [ 88.394841071251747, 22.507837280535966 ], [ 88.394944715789336, 22.507817038613421 ], [ 88.395062160171079, 22.507792381524471 ], [ 88.395165804635013, 22.507772139462812 ], [ 88.395283273167095, 22.507749627421848 ], [ 88.395389201376801, 22.507727219229263 ], [ 88.395495249957136, 22.507706955307796 ] ] } },
{ "type": "Feature", "properties": { "ward": 106, "source_sheet": "106_garfa2.pdf p2", "source": "KMC ward sewerage network map (ArcMap GeoPDF)", "extraction_method": "geopdf_vector", "georef_max_residual_m": 2.5, "conduit_type": "pipe", "pipe_diameter_mm": 225.0, "diameter_source": "legend_colour", "diameter_candidates_mm": null, "label_diameter_mm": 225.0, "label_agrees": true, "scheme": null, "flow_arrow": "end" }, "geometry": { "type": "LineString", "coordinates": [ [ 88.395704671588803, 22.508876470123251 ], [ 88.395707755480103, 22.508945095884243 ], [ 88.395710863620863, 22.509015866849214 ], [ 88.395713874788697, 22.509078056994447 ], [ 88.395716934450192, 22.509144537548444 ], [ 88.395720042606044, 22.50921530851107 ], [ 88.395728057870159, 22.509311780343744 ], [ 88.395735976168311, 22.509399671355855 ], [ 88.395746251055499, 22.509491831982373 ], [ 88.395756647188662, 22.509594718629273 ], [ 88.39576422608792, 22.509652576771945 ] ] } },
{ "type": "Feature", "properties": { "ward": 106, "source_sheet": "106_garfa2.pdf p2", "source": "KMC ward sewerage network map (ArcMap GeoPDF)", "extraction_method": "geopdf_vector", "georef_max_residual_m": 2.5, "conduit_type": "pipe", "pipe_diameter_mm": 700.0, "diameter_source": "legend_colour", "diameter_candidates_mm": null, "label_diameter_mm": 700.0, "label_agrees": true, "scheme": null, "flow_arrow": "end" }, "geometry": { "type": "LineString", "coordinates": [ [ 88.395653751412453, 22.506821702521048 ], [ 88.395699131426142, 22.506956455452126 ], [ 88.395742106518398, 22.507082648333736 ], [ 88.395782676673491, 22.507200281168927 ], [ 88.395801989584527, 22.507275197015169 ], [ 88.395823634812203, 22.507352237270187 ], [ 88.395847612361564, 22.507431401932738 ], [ 88.395866900091136, 22.507504083177157 ], [ 88.395888521151761, 22.507578978212731 ], [ 88.395907761445699, 22.507647458422507 ], [ 88.395927074499568, 22.507722374243134 ], [ 88.395934604828284, 22.507775941982683 ], [ 88.395944491714559, 22.507833779336519 ], [ 88.395978429086526, 22.507977216932712 ], [ 88.396002867561947, 22.508097140446068 ], [ 88.396024901028355, 22.50820850392908 ], [ 88.396046934535136, 22.508319867405795 ], [ 88.395954878651651, 22.508344296482441 ], [ 88.395853590468619, 22.508368808682508 ], [ 88.395747710357497, 22.508395507609652 ], [ 88.395657938186204, 22.508417770524467 ], [ 88.395644429182497, 22.508447928138121 ], [ 88.395659538228387, 22.508559354050185 ], [ 88.395674550329659, 22.508662199138623 ], [ 88.395689683676778, 22.508775770247407 ], [ 88.395704671588803, 22.508876470123251 ], [ 88.395520146814022, 22.508888859390115 ], [ 88.395523376063963, 22.508970356388758 ], [ 88.395524321484388, 22.509054019380688 ], [ 88.395527599229794, 22.509139806787079 ], [ 88.395530828498593, 22.509221303782592 ], [ 88.39553038704824, 22.509386505344757 ], [ 88.395532083998646, 22.509536669680362 ], [ 88.395523530435327, 22.509596818573474 ], [ 88.395514952623998, 22.509654822261322 ] ] } },
{ "type": "Feature", "properties": { "ward": 106, "source_sheet": "106_garfa2.pdf p2", "source": "KMC ward sewerage network map (ArcMap GeoPDF)", "extraction_method": "geopdf_vector", "georef_max_residual_m": 2.5, "conduit_type": "pipe", "pipe_diameter_mm": 300.0, "diameter_source": "legend_colour", "diameter_candidates_mm": null, "label_diameter_mm": 300.0, "label_agrees": true, "scheme": null, "flow_arrow": "end" }, "geometry": { "type": "LineString", "coordinates": [ [ 88.393800499908821, 22.507878826426435 ], [ 88.393785828290447, 22.507806013975149 ], [ 88.393689035090233, 22.507819757252861 ], [ 88.393587601538258, 22.507831396787637 ], [ 88.393560978177263, 22.5077222195915 ], [ 88.393534330653537, 22.507610897180246 ], [ 88.393512662419027, 22.507531711350389 ], [ 88.393493424316347, 22.507463320176445 ], [ 88.39347173192462, 22.507381989130064 ], [ 88.393450063768611, 22.507302803285992 ], [ 88.393440395829629, 22.507264272586742 ] ] } },
{ "type": "Feature", "properties": { "ward": 106, "source_sheet": "106_garfa2.pdf p2", "source": "KMC ward sewerage network map (ArcMap GeoPDF)", "extraction_method": "geopdf_vector", "georef_max_residual_m": 2.5, "conduit_type": "pipe", "pipe_diameter_mm": 300.0, "diameter_source": "legend_colour", "diameter_candidates_mm": null, "label_diameter_mm": 300.0, "label_agrees": true, "scheme": null, "flow_arrow": "end" }, "geometry": { "type": "LineString", "coordinates": [ [ 88.394264969583347, 22.506083298224617 ], [ 88.394205864195257, 22.505959395433145 ], [ 88.393770518510678, 22.506040547445682 ], [ 88.393597731001975, 22.50606999218202 ] ] } },
{ "type": "Feature", "properties": { "ward": 106, "source_sheet": "106_garfa2.pdf p2", "source": "KMC ward sewerage network map (ArcMap GeoPDF)", "extraction_method": "geopdf_vector", "georef_max_residual_m": 2.5, "conduit_type": "pipe", "pipe_diameter_mm": 300.0, "diameter_source": "legend_colour", "diameter_candidates_mm": null, "label_diameter_mm": 300.0, "label_agrees": true, "scheme": null, "flow_arrow": "end" }, "geometry": { "type": "LineString", "coordinates": [ [ 88.394552722355158, 22.506014200451773 ], [ 88.394590934678064, 22.506127564029129 ], [ 88.394624409779908, 22.506230234170225 ], [ 88.394655456078297, 22.506322225858121 ], [ 88.394686477993289, 22.506412054453808 ], [ 88.394710624295328, 22.506506235780193 ], [ 88.394734673726546, 22.506591836275032 ], [ 88.394758747417498, 22.50667958197014 ], [ 88.39478048887365, 22.506765203229826 ], [ 88.394804562629574, 22.50685294891327 ], [ 88.394828684876103, 22.506944985002892 ], [ 88.39485032950985, 22.507022025421787 ] ] } },
{ "type": "Feature", "properties": { "ward": 106, "source_sheet": "106_garfa2.pdf p2", "source": "KMC ward sewerage network map (ArcMap GeoPDF)", "extraction_method": "geopdf_vector", "georef_max_residual_m": 2.5, "conduit_type": "pipe", "pipe_diameter_mm": 225.0, "diameter_source": "legend_colour", "diameter_candidates_mm": null, "label_diameter_mm": 225.0, "label_agrees": true, "scheme": null, "flow_arrow": "end" }, "geometry": { "type": "LineString", "coordinates": [ [ 88.394371076497436, 22.506485692165231 ], [ 88.394472387866543, 22.506463326155163 ], [ 88.394578291046045, 22.506438773329183 ], [ 88.394686477993289, 22.506412054453808 ] ] } },
{ "type": "Feature", "properties": { "ward": 106, "source_sheet": "106_garfa2.pdf p2", "source": "KMC ward sewerage network map (ArcMap GeoPDF)", "extraction_method": "geopdf_vector", "georef_max_residual_m": 2.5, "conduit_type": "pipe", "pipe_diameter_mm": 225.0, "diameter_source": "legend_colour", "diameter_candidates_mm": null, "label_diameter_mm": 225.0, "label_agrees": true, "scheme": null, "flow_arrow": "end" }, "geometry": { "type": "LineString", "coordinates": [ [ 88.394264969583347, 22.506083298224617 ], [ 88.394552722355158, 22.506014200451773 ] ] } },
{ "type": "Feature", "properties": { "ward": 106, "source_sheet": "106_garfa2.pdf p2", "source": "KMC ward sewerage network map (ArcMap GeoPDF)", "extraction_method": "geopdf_vector", "georef_max_residual_m": 2.5, "conduit_type": "pipe", "pipe_diameter_mm": 225.0, "diameter_source": "legend_colour", "diameter_candidates_mm": null, "label_diameter_mm": 225.0, "label_agrees": true, "scheme": null, "flow_arrow": "end" }, "geometry": { "type": "LineString", "coordinates": [ [ 88.394553597732724, 22.505274038917321 ], [ 88.394525029545861, 22.505197060735906 ], [ 88.394496509936772, 22.505124381899311 ], [ 88.394463277350056, 22.50504315483105 ], [ 88.394429972143669, 22.50495549213209 ], [ 88.39451512632759, 22.50493327153913 ], [ 88.394600280481868, 22.504911050902461 ], [ 88.394685458830637, 22.504890975428875 ], [ 88.394772920935949, 22.504868733929584 ], [ 88.394846559185538, 22.504848762248425 ], [ 88.394924813428688, 22.504828748980135 ], [ 88.394991576065522, 22.504813129979464 ] ] } },
{ "type": "Feature", "properties": { "ward": 106, "source_sheet": "106_garfa2.pdf p2", "source": "KMC ward sewerage network map (ArcMap GeoPDF)", "extraction_method": "geopdf_vector", "georef_max_residual_m": 2.5, "conduit_type": "pipe", "pipe_diameter_mm": 300.0, "diameter_source": "legend_colour", "diameter_candidates_mm": null, "label_diameter_mm": 300.0, "label_agrees": true, "scheme": null, "flow_arrow": "end" }, "geometry": { "type": "LineString", "coordinates": [ [ 88.39409240613881, 22.505314661245926 ], [ 88.394066121993788, 22.505235516997956 ], [ 88.394039813767478, 22.50515423647445 ], [ 88.394011173246412, 22.50507082256296 ], [ 88.39398486498763, 22.504989533087294 ] ] } },
{ "type": "Feature", "properties": { "ward": 106, "source_sheet": "106_garfa2.pdf p2", "source": "KMC ward sewerage network map (ArcMap GeoPDF)", "extraction_method": "geopdf_vector", "georef_max_residual_m": 2.5, "conduit_type": "pipe", "pipe_diameter_mm": 300.0, "diameter_source": "legend_colour", "diameter_candidates_mm": null, "label_diameter_mm": 300.0, "label_agrees": true, "scheme": null, "flow_arrow": "end" }, "geometry": { "type": "LineString", "coordinates": [ [ 88.395202756442302, 22.506139219517141 ], [ 88.395181063316087, 22.506057888728307 ], [ 88.395161750943004, 22.505982972771061 ], [ 88.395140057870208, 22.50590164197272 ], [ 88.395202204934762, 22.505886064424256 ], [ 88.395177331556582, 22.505727535930955 ], [ 88.395152991251351, 22.505616193025528 ], [ 88.395128723685147, 22.505511285731629 ] ] } },
{ "type": "Feature", "properties": { "ward": 106, "source_sheet": "106_garfa2.pdf p2", "source": "KMC ward sewerage network map (ArcMap GeoPDF)", "extraction_method": "geopdf_vector", "georef_max_residual_m": 2.5, "conduit_type": "pipe", "pipe_diameter_mm": 300.0, "diameter_source": "legend_colour", "diameter_candidates_mm": null, "label_diameter_mm": 300.0, "label_agrees": true, "scheme": null, "flow_arrow": "end" }, "geometry": { "type": "LineString", "coordinates": [ [ 88.395503709885219, 22.506617093241598 ], [ 88.39551592876019, 22.50667705506152 ], [ 88.39553050416491, 22.506741286503054 ], [ 88.395542723065404, 22.506801248318919 ], [ 88.395552488498581, 22.506848359688053 ] ] } },
{ "type": "Feature", "properties": { "ward": 106, "source_sheet": "106_garfa2.pdf p2", "source": "KMC ward sewerage network map (ArcMap GeoPDF)", "extraction_method": "geopdf_vector", "georef_max_residual_m": 2.5, "conduit_type": "pipe", "pipe_diameter_mm": 300.0, "diameter_source": "legend_colour", "diameter_candidates_mm": null, "label_diameter_mm": 300.0, "label_agrees": true, "scheme": null, "flow_arrow": "end" }, "geometry": { "type": "LineString", "coordinates": [ [ 88.394008236674793, 22.505628641645743 ], [ 88.393916133692841, 22.505648779077852 ], [ 88.393814798588082, 22.505668999507151 ], [ 88.393695071889525, 22.505695821580755 ], [ 88.393582220797015, 22.505718290876136 ], [ 88.393487809655639, 22.505738448827938 ] ] } },
{ "type": "Feature", "properties": { "ward": 106, "source_sheet": "106_garfa2.pdf p2", "source": "KMC ward sewerage network map (ArcMap GeoPDF)", "extraction_method": "geopdf_vector", "georef_max_residual_m": 2.5, "conduit_type": "pipe", "pipe_diameter_mm": 300.0, "diameter_source": "legend_colour", "diameter_candidates_mm": null, "label_diameter_mm": 300.0, "label_agrees": true, "scheme": null, "flow_arrow": "end" }, "geometry": { "type": "LineString", "coordinates": [ [ 88.394106678836209, 22.506987955311683 ], [ 88.394143164306143, 22.507152824715583 ] ] } },
{ "type": "Feature", "properties": { "ward": 106, "source_sheet": "106_garfa2.pdf p2", "source": "KMC ward sewerage network map (ArcMap GeoPDF)", "extraction_method": "geopdf_vector", "georef_max_residual_m": 2.5, "conduit_type": "pipe", "pipe_diameter_mm": 300.0, "diameter_source": "legend_colour", "diameter_candidates_mm": null, "label_diameter_mm": 300.0, "label_agrees": true, "scheme": null, "flow_arrow": "end" }, "geometry": { "type": "LineString", "coordinates": [ [ 88.393428282969765, 22.507009075941024 ], [ 88.393455027096323, 22.507128979217459 ], [ 88.393484176157429, 22.507257442555908 ] ] } },
{ "type": "Feature", "properties": { "ward": 106, "source_sheet": "106_garfa2.pdf p2", "source": "KMC ward sewerage network map (ArcMap GeoPDF)", "extraction_method": "geopdf_vector", "georef_max_residual_m": 2.5, "conduit_type": "pipe", "pipe_diameter_mm": 300.0, "diameter_source": "legend_colour", "diameter_candidates_mm": null, "label_diameter_mm": 300.0, "label_agrees": true, "scheme": null, "flow_arrow": "end" }, "geometry": { "type": "LineString", "coordinates": [ [ 88.393315856078118, 22.505023440946378 ], [ 88.393300870462966, 22.504922740692699 ], [ 88.393285836468721, 22.504817750019054 ], [ 88.39326854299884, 22.504717079449698 ], [ 88.393244591656355, 22.504640059487251 ], [ 88.393220616141477, 22.50456089431092 ], [ 88.393194284250669, 22.504477459464489 ], [ 88.393175166907497, 22.504419713794409 ], [ 88.393153596278623, 22.504349108683758 ], [ 88.39312959667518, 22.504267798277517 ], [ 88.393093742520364, 22.504158703908217 ], [ 88.393057840130908, 22.504045328047916 ], [ 88.393026626287323, 22.503938337363955 ], [ 88.392980524177901, 22.503739236127096 ], [ 88.392948463616136, 22.503557163110784 ] ] } },
{ "type": "Feature", "properties": { "ward": 106, "source_sheet": "106_garfa2.pdf p2", "source": "KMC ward sewerage network map (ArcMap GeoPDF)", "extraction_method": "geopdf_vector", "georef_max_residual_m": 2.5, "conduit_type": "pipe", "pipe_diameter_mm": 300.0, "diameter_source": "legend_colour", "diameter_candidates_mm": null, "label_diameter_mm": 300.0, "label_agrees": true, "scheme": null, "flow_arrow": "end" }, "geometry": { "type": "LineString", "coordinates": [ [ 88.394068444262857, 22.504214300489284 ], [ 88.394243295191302, 22.504163382522144 ] ] } },
{ "type": "Feature", "properties": { "ward": 106, "source_sheet": "106_garfa2.pdf p2", "source": "KMC ward sewerage network map (ArcMap GeoPDF)", "extraction_method": "geopdf_vector", "georef_max_residual_m": 2.5, "conduit_type": "pipe", "pipe_diameter_mm": 225.0, "diameter_source": "legend_colour", "diameter_candidates_mm": null, "label_diameter_mm": 225.0, "label_agrees": true, "scheme": null, "flow_arrow": "end" }, "geometry": { "type": "LineString", "coordinates": [ [ 88.393422816465048, 22.504683510773582 ], [ 88.39326854299884, 22.504717079449698 ] ] } },
{ "type": "Feature", "properties": { "ward": 106, "source_sheet": "106_garfa2.pdf p2", "source": "KMC ward sewerage network map (ArcMap GeoPDF)", "extraction_method": "geopdf_vector", "georef_max_residual_m": 2.5, "conduit_type": "pipe", "pipe_diameter_mm": 300.0, "diameter_source": "legend_colour", "diameter_candidates_mm": null, "label_diameter_mm": 300.0, "label_agrees": true, "scheme": null, "flow_arrow": "end" }, "geometry": { "type": "LineString", "coordinates": [ [ 88.393904689147021, 22.503816733454862 ], [ 88.393819559729678, 22.503841098906161 ], [ 88.393739022058568, 22.503863277587044 ], [ 88.393653868371871, 22.503885497745507 ], [ 88.393573330644159, 22.503907676346035 ], [ 88.393495076678576, 22.503927688943335 ], [ 88.393432954450503, 22.503945411010129 ], [ 88.393361624426262, 22.503965361278897 ], [ 88.393292578174041, 22.503983145555541 ], [ 88.393230431690426, 22.503998722338263 ], [ 88.393156793608384, 22.504018693271327 ], [ 88.393094671289532, 22.504036415211662 ], [ 88.393057840130908, 22.504045328047916 ] ] } },
{ "type": "Feature", "properties": { "ward": 106, "source_sheet": "106_garfa2.pdf p2", "source": "KMC ward sewerage network map (ArcMap GeoPDF)", "extraction_method": "geopdf_vector", "georef_max_residual_m": 2.5, "conduit_type": "pipe", "pipe_diameter_mm": 600.0, "diameter_source": "legend_colour", "diameter_candidates_mm": null, "label_diameter_mm": 600.0, "label_agrees": true, "scheme": null, "flow_arrow": "end" }, "geometry": { "type": "LineString", "coordinates": [ [ 88.390282958495021, 22.504638771998902 ], [ 88.390243131808546, 22.504381686977879 ], [ 88.390397671539773, 22.504371718501229 ], [ 88.39055681270662, 22.504359563151723 ], [ 88.390549115579702, 22.504290978548649 ], [ 88.390536681659995, 22.504211709317882 ], [ 88.390528960396153, 22.504140979500818 ], [ 88.390518834606837, 22.504061698490691 ], [ 88.390508732889771, 22.503984553751142 ], [ 88.390358171915466, 22.503938705488597 ], [ 88.390331141334883, 22.503793058951764 ], [ 88.39030639475817, 22.503645255422029 ], [ 88.390472024248382, 22.503594424266726 ], [ 88.390672143055312, 22.503532556253209 ], [ 88.390749343780314, 22.503418155653737 ], [ 88.390723086190434, 22.503341164876822 ], [ 88.390696828531219, 22.503264165155063 ], [ 88.390670537126312, 22.503185020302148 ], [ 88.390646708313994, 22.503118725908081 ], [ 88.390622782988615, 22.503043859602865 ], [ 88.390618493937396, 22.502867973006104 ], [ 88.390739631227348, 22.502555807653341 ] ] } },
{ "type": "Feature", "properties": { "ward": 106, "source_sheet": "106_garfa2.pdf p2", "source": "KMC ward sewerage network map (ArcMap GeoPDF)", "extraction_method": "geopdf_vector", "georef_max_residual_m": 2.5, "conduit_type": "pipe", "pipe_diameter_mm": 400.0, "diameter_source": "legend_colour", "diameter_candidates_mm": null, "label_diameter_mm": 400.0, "label_agrees": true, "scheme": null, "flow_arrow": "end" }, "geometry": { "type": "LineString", "coordinates": [ [ 88.388681179689556, 22.506708431067402 ], [ 88.3886408473183, 22.506612248330519 ], [ 88.388630722235831, 22.506532958241564 ], [ 88.38862305000309, 22.506466518734467 ], [ 88.388615401911679, 22.506402224438151 ], [ 88.388605397324525, 22.506333642527707 ], [ 88.388595248260572, 22.506252216158089 ], [ 88.388714865587446, 22.506214671658185 ], [ 88.388683557920601, 22.50609909916766 ], [ 88.388649763734961, 22.505968530956441 ], [ 88.388618118446928, 22.505822934411906 ], [ 88.388593590267519, 22.505694428553262 ], [ 88.388564349665259, 22.505557392149324 ], [ 88.388556942978454, 22.505514549962736 ], [ 88.38854487198634, 22.505467458723526 ], [ 88.388532656224285, 22.505407496208381 ], [ 88.388520392215071, 22.505343243266491 ], [ 88.38850315023646, 22.505246853507103 ], [ 88.388483503850964, 22.505141912517164 ], [ 88.388466237802405, 22.505043377536389 ], [ 88.388449092422533, 22.504955568614317 ], [ 88.388434327465973, 22.504874174641973 ] ] } },
{ "type": "Feature", "properties": { "ward": 106, "source_sheet": "106_garfa2.pdf p2", "source": "KMC ward sewerage network map (ArcMap GeoPDF)", "extraction_method": "geopdf_vector", "georef_max_residual_m": 2.5, "conduit_type": "pipe", "pipe_diameter_mm": 300.0, "diameter_source": "legend_colour", "diameter_candidates_mm": null, "label_diameter_mm": 300.0, "label_agrees": true, "scheme": null, "flow_arrow": "end" }, "geometry": { "type": "LineString", "coordinates": [ [ 88.393667787049452, 22.506346130841631 ], [ 88.393568783640632, 22.506368475588854 ], [ 88.393469804403665, 22.506392965484281 ], [ 88.393368492886836, 22.506415330869267 ], [ 88.393257997595086, 22.506442069626793 ], [ 88.393165918149649, 22.506464351868388 ], [ 88.393071530634188, 22.506486654810871 ], [ 88.393049282059494, 22.506355983895443 ], [ 88.393029462466487, 22.506236009323068 ], [ 88.39300973981301, 22.506124624515319 ], [ 88.392997401073529, 22.506053936403639 ], [ 88.392987515572969, 22.505996098787865 ], [ 88.392972796234957, 22.505918995798112 ], [ 88.392955672195484, 22.505833341661109 ], [ 88.392936094865178, 22.505734828082296 ], [ 88.39291391917132, 22.505610592748585 ], [ 88.392891864609993, 22.505497092387891 ], [ 88.39287209443134, 22.50538999882372 ], [ 88.392854728473097, 22.505282883641708 ], [ 88.392832674027318, 22.505169383263357 ] ] } },
{ "type": "Feature", "properties": { "ward": 106, "source_sheet": "106_garfa2.pdf p2", "source": "KMC ward sewerage network map (ArcMap GeoPDF)", "extraction_method": "geopdf_vector", "georef_max_residual_m": 2.5, "conduit_type": "pipe", "pipe_diameter_mm": 300.0, "diameter_source": "legend_colour", "diameter_candidates_mm": null, "label_diameter_mm": 300.0, "label_agrees": true, "scheme": null, "flow_arrow": "end" }, "geometry": { "type": "LineString", "coordinates": [ [ 88.392692437585424, 22.506856930671287 ], [ 88.392665839345426, 22.506749898477455 ], [ 88.392769435087246, 22.506725367561351 ], [ 88.392866130862814, 22.506703044036588 ], [ 88.392965230813431, 22.506680698839919 ], [ 88.39298456633712, 22.506757760317296 ], [ 88.393003998685941, 22.506843402621953 ], [ 88.39302821655734, 22.506944019873135 ], [ 88.393052410266563, 22.507042491909928 ], [ 88.393074271763723, 22.507138839485197 ], [ 88.393093655829972, 22.507220191354275 ], [ 88.393115444782879, 22.507310103296152 ] ] } },
{ "type": "Feature", "properties": { "ward": 106, "source_sheet": "106_garfa2.pdf p2", "source": "KMC ward sewerage network map (ArcMap GeoPDF)", "extraction_method": "geopdf_vector", "georef_max_residual_m": 2.5, "conduit_type": "pipe", "pipe_diameter_mm": 300.0, "diameter_source": "legend_colour", "diameter_candidates_mm": null, "label_diameter_mm": 300.0, "label_agrees": true, "scheme": null, "flow_arrow": "end" }, "geometry": { "type": "LineString", "coordinates": [ [ 88.392997401073529, 22.506053936403639 ], [ 88.39323704898267, 22.506017454827479 ], [ 88.393386586798542, 22.505973201587171 ], [ 88.393549924263667, 22.505924533246976 ] ] } },
{ "type": "Feature", "properties": { "ward": 106, "source_sheet": "106_garfa2.pdf p2", "source": "KMC ward sewerage network map (ArcMap GeoPDF)", "extraction_method": "geopdf_vector", "georef_max_residual_m": 2.5, "conduit_type": "pipe", "pipe_diameter_mm": 300.0, "diameter_source": "legend_colour", "diameter_candidates_mm": null, "label_diameter_mm": 300.0, "label_agrees": true, "scheme": null, "flow_arrow": "end" }, "geometry": { "type": "LineString", "coordinates": [ [ 88.388850047733854, 22.505509777196895 ], [ 88.389057248605525, 22.505460720141777 ], [ 88.389266733198752, 22.50540949691872 ], [ 88.389335877333664, 22.50540029515615 ], [ 88.389405045600967, 22.505393238575937 ], [ 88.389433693100671, 22.505476653353686 ], [ 88.389462379208695, 22.505564349694609 ], [ 88.389528187056513, 22.505668885451112 ], [ 88.389589282361854, 22.505764881732464 ], [ 88.389700198112408, 22.505774613986354 ], [ 88.389817545344229, 22.505741379912628 ], [ 88.389921068500144, 22.505710415205677 ], [ 88.390010825518559, 22.505686010227048 ], [ 88.390109756684581, 22.505657232028774 ], [ 88.390208721579114, 22.505630598896158 ], [ 88.390305368789996, 22.505603986502617 ], [ 88.390431851172607, 22.50556208830556 ] ] } },
{ "type": "Feature", "properties": { "ward": 106, "source_sheet": "106_garfa2.pdf p2", "source": "KMC ward sewerage network map (ArcMap GeoPDF)", "extraction_method": "geopdf_vector", "georef_max_residual_m": 2.5, "conduit_type": "pipe", "pipe_diameter_mm": 300.0, "diameter_source": "legend_colour", "diameter_candidates_mm": null, "label_diameter_mm": 300.0, "label_agrees": true, "scheme": null, "flow_arrow": "end" }, "geometry": { "type": "LineString", "coordinates": [ [ 88.389084814956121, 22.505243784718978 ], [ 88.389074858833482, 22.50517952007468 ], [ 88.389060117620048, 22.505100271393598 ], [ 88.38904763616857, 22.505016711592305 ], [ 88.38903515473497, 22.504933151788439 ], [ 88.389020292995156, 22.504843185976846 ], [ 88.389005334631705, 22.504744630375026 ] ] } },
{ "type": "Feature", "properties": { "ward": 106, "source_sheet": "106_garfa2.pdf p2", "source": "KMC ward sewerage network map (ArcMap GeoPDF)", "extraction_method": "geopdf_vector", "georef_max_residual_m": 2.5, "conduit_type": "pipe", "pipe_diameter_mm": 300.0, "diameter_source": "legend_colour", "diameter_candidates_mm": null, "label_diameter_mm": 300.0, "label_agrees": true, "scheme": null, "flow_arrow": "end" }, "geometry": { "type": "LineString", "coordinates": [ [ 88.389266733198752, 22.50540949691872 ], [ 88.389256776875726, 22.505345223353412 ], [ 88.389246820563613, 22.505280949786524 ], [ 88.389236864262415, 22.505216676218062 ] ] } },
{ "type": "Feature", "properties": { "ward": 106, "source_sheet": "106_garfa2.pdf p2", "source": "KMC ward sewerage network map (ArcMap GeoPDF)", "extraction_method": "geopdf_vector", "georef_max_residual_m": 2.5, "conduit_type": "pipe", "pipe_diameter_mm": 400.0, "diameter_source": "legend_colour", "diameter_candidates_mm": null, "label_diameter_mm": 400.0, "label_agrees": true, "scheme": null, "flow_arrow": "end" }, "geometry": { "type": "LineString", "coordinates": [ [ 88.3891734401505, 22.506965759878724 ], [ 88.389188529288887, 22.507075041390941 ], [ 88.389201059365661, 22.507162891569607 ], [ 88.389211208980527, 22.507244326809218 ], [ 88.389221431037598, 22.507332197680512 ] ] } },
{ "type": "Feature", "properties": { "ward": 106, "source_sheet": "106_garfa2.pdf p2", "source": "KMC ward sewerage network map (ArcMap GeoPDF)", "extraction_method": "geopdf_vector", "georef_max_residual_m": 2.5, "conduit_type": "pipe", "pipe_diameter_mm": 300.0, "diameter_source": "legend_colour", "diameter_candidates_mm": null, "label_diameter_mm": 300.0, "label_agrees": true, "scheme": null, "flow_arrow": "end" }, "geometry": { "type": "LineString", "coordinates": [ [ 88.3891734401505, 22.506965759878724 ], [ 88.389316428108216, 22.506953750479298 ], [ 88.389433873008485, 22.506929097479684 ], [ 88.389560535524026, 22.50690221629074 ], [ 88.38968947226634, 22.506873169175915 ], [ 88.389818418565937, 22.506844121874185 ], [ 88.389894390888671, 22.506826276878584 ], [ 88.389974940591685, 22.506804099924469 ], [ 88.390062428941334, 22.506784006100588 ], [ 88.390161409175761, 22.506759518256494 ], [ 88.390262731191299, 22.506737154765322 ], [ 88.390334208093847, 22.506730077043766 ], [ 88.390403352783025, 22.506720874794638 ], [ 88.390479455371192, 22.506713755494843 ], [ 88.390553216126492, 22.506704511751849 ], [ 88.390620076902948, 22.506697475337319 ], [ 88.390670805531698, 22.506692729131458 ] ] } },
{ "type": "Feature", "properties": { "ward": 106, "source_sheet": "106_garfa2.pdf p2", "source": "KMC ward sewerage network map (ArcMap GeoPDF)", "extraction_method": "geopdf_vector", "georef_max_residual_m": 2.5, "conduit_type": "pipe", "pipe_diameter_mm": 225.0, "diameter_source": "legend_colour", "diameter_candidates_mm": null, "label_diameter_mm": 225.0, "label_agrees": true, "scheme": null, "flow_arrow": "end" }, "geometry": { "type": "LineString", "coordinates": [ [ 88.390451712309527, 22.506915674637657 ], [ 88.390468675581872, 22.506986321481964 ], [ 88.390488106438582, 22.507071964164705 ], [ 88.390507488997841, 22.507153316422823 ], [ 88.390526799094829, 22.507228233046515 ] ] } },
{ "type": "Feature", "properties": { "ward": 106, "source_sheet": "106_garfa2.pdf p2", "source": "KMC ward sewerage network map (ArcMap GeoPDF)", "extraction_method": "geopdf_vector", "georef_max_residual_m": 2.5, "conduit_type": "pipe", "pipe_diameter_mm": 300.0, "diameter_source": "legend_colour", "diameter_candidates_mm": null, "label_diameter_mm": 300.0, "label_agrees": true, "scheme": null, "flow_arrow": "end" }, "geometry": { "type": "LineString", "coordinates": [ [ 88.389884406987392, 22.507169634833591 ], [ 88.389869737496127, 22.507096821911684 ], [ 88.389852615061187, 22.50701115842908 ], [ 88.389835516801881, 22.506927640153474 ], [ 88.389818418565937, 22.506844121874185 ] ] } },
{ "type": "Feature", "properties": { "ward": 106, "source_sheet": "106_garfa2.pdf p2", "source": "KMC ward sewerage network map (ArcMap GeoPDF)", "extraction_method": "geopdf_vector", "georef_max_residual_m": 2.5, "conduit_type": "pipe", "pipe_diameter_mm": 300.0, "diameter_source": "legend_colour", "diameter_candidates_mm": null, "label_diameter_mm": 300.0, "label_agrees": true, "scheme": null, "flow_arrow": "end" }, "geometry": { "type": "LineString", "coordinates": [ [ 88.389743978060878, 22.507203076062485 ], [ 88.389729163737115, 22.507117391859609 ], [ 88.38971668163444, 22.507033832159927 ], [ 88.389701867351491, 22.506948147951029 ], [ 88.38968947226634, 22.506873169175915 ] ] } },
{ "type": "Feature", "properties": { "ward": 106, "source_sheet": "106_garfa2.pdf p2", "source": "KMC ward sewerage network map (ArcMap GeoPDF)", "extraction_method": "geopdf_vector", "georef_max_residual_m": 2.5, "conduit_type": "pipe", "pipe_diameter_mm": 300.0, "diameter_source": "legend_colour", "diameter_candidates_mm": null, "label_diameter_mm": 300.0, "label_agrees": true, "scheme": null, "flow_arrow": "end" }, "geometry": { "type": "LineString", "coordinates": [ [ 88.389569425744568, 22.507281877230223 ], [ 88.389458928890235, 22.50730861344956 ], [ 88.389221431037598, 22.507332197680512 ] ] } },
{ "type": "Feature", "properties": { "ward": 106, "source_sheet": "106_garfa2.pdf p2", "source": "KMC ward sewerage network map (ArcMap GeoPDF)", "extraction_method": "geopdf_vector", "georef_max_residual_m": 2.5, "conduit_type": "pipe", "pipe_diameter_mm": 225.0, "diameter_source": "legend_colour", "diameter_candidates_mm": null, "label_diameter_mm": 225.0, "label_agrees": true, "scheme": null, "flow_arrow": "end" }, "geometry": { "type": "LineString", "coordinates": [ [ 88.389060847276241, 22.507421600188547 ], [ 88.389092396016395, 22.507558535285646 ], [ 88.389096055965254, 22.507678646421322 ] ] } },
{ "type": "Feature", "properties": { "ward": 106, "source_sheet": "106_garfa2.pdf p2", "source": "KMC ward sewerage network map (ArcMap GeoPDF)", "extraction_method": "geopdf_vector", "georef_max_residual_m": 2.5, "conduit_type": "pipe", "pipe_diameter_mm": 300.0, "diameter_source": "legend_colour", "diameter_candidates_mm": null, "label_diameter_mm": 300.0, "label_agrees": true, "scheme": null, "flow_arrow": "end" }, "geometry": { "type": "LineString", "coordinates": [ [ 88.390305368789996, 22.505603986502617 ], [ 88.390332520596843, 22.50576035904874 ], [ 88.39035712285893, 22.505895300191362 ], [ 88.390376819103039, 22.506004531287378 ], [ 88.390401566421502, 22.506152343677666 ], [ 88.390426192900961, 22.506289421068509 ], [ 88.390443533215361, 22.506394409254153 ], [ 88.390625902042871, 22.506394917838328 ], [ 88.390663156480258, 22.506628434982638 ], [ 88.390670805531698, 22.506692729131458 ], [ 88.390689922320576, 22.506750484058273 ], [ 88.390711419666729, 22.506814653893048 ], [ 88.390723298205629, 22.506844583239442 ], [ 88.390737687736561, 22.506891653458872 ], [ 88.390754907355614, 22.506985897661401 ], [ 88.39077212700164, 22.507080141859834 ], [ 88.390786917790905, 22.507163680725007 ], [ 88.390799303881295, 22.507238659468126 ], [ 88.390814022207962, 22.507315762698248 ], [ 88.390824003607165, 22.507382181318224 ], [ 88.390838673632089, 22.507454994123897 ] ] } },
{ "type": "Feature", "properties": { "ward": 106, "source_sheet": "106_garfa2.pdf p2", "source": "KMC ward sewerage network map (ArcMap GeoPDF)", "extraction_method": "geopdf_vector", "georef_max_residual_m": 2.5, "conduit_type": "pipe", "pipe_diameter_mm": 150.0, "diameter_source": "legend_colour", "diameter_candidates_mm": null, "label_diameter_mm": 150.0, "label_agrees": true, "scheme": null, "flow_arrow": "end" }, "geometry": { "type": "LineString", "coordinates": [ [ 88.389979175771614, 22.505950172844614 ], [ 88.389962198467359, 22.505877389562119 ], [ 88.389942840597001, 22.50579818241172 ], [ 88.389921068500144, 22.505710415205677 ] ] } },
{ "type": "Feature", "properties": { "ward": 106, "source_sheet": "106_garfa2.pdf p2", "source": "KMC ward sewerage network map (ArcMap GeoPDF)", "extraction_method": "geopdf_vector", "georef_max_residual_m": 2.5, "conduit_type": "pipe", "pipe_diameter_mm": 300.0, "diameter_source": "legend_colour", "diameter_candidates_mm": null, "label_diameter_mm": 300.0, "label_agrees": true, "scheme": null, "flow_arrow": "end" }, "geometry": { "type": "LineString", "coordinates": [ [ 88.392584433526679, 22.506081248405117 ], [ 88.392685744958257, 22.506058883518516 ], [ 88.392784772519363, 22.506038684525674 ], [ 88.39288377585072, 22.506016340265155 ], [ 88.392987515572969, 22.505996098787865 ] ] } },
{ "type": "Feature", "properties": { "ward": 106, "source_sheet": "106_garfa2.pdf p2", "source": "KMC ward sewerage network map (ArcMap GeoPDF)", "extraction_method": "geopdf_vector", "georef_max_residual_m": 2.5, "conduit_type": "pipe", "pipe_diameter_mm": 300.0, "diameter_source": "legend_colour", "diameter_candidates_mm": null, "label_diameter_mm": 300.0, "label_agrees": true, "scheme": null, "flow_arrow": "end" }, "geometry": { "type": "LineString", "coordinates": [ [ 88.392360495979901, 22.506282776700505 ], [ 88.392447983585058, 22.506262681613165 ], [ 88.392533187320666, 22.506244752432185 ], [ 88.392613775065087, 22.506226873636297 ], [ 88.392584433526679, 22.506081248405117 ], [ 88.39255807747756, 22.505995668256674 ], [ 88.392534102068566, 22.50591650298308 ], [ 88.392503057558812, 22.505824537621073 ], [ 88.392583644966734, 22.505806649913129 ], [ 88.392680388536661, 22.505788616945182 ], [ 88.392774799856539, 22.505768459459283 ], [ 88.39285771941195, 22.505752696078495 ], [ 88.392936094865178, 22.505734828082296 ] ] } },
{ "type": "Feature", "properties": { "ward": 106, "source_sheet": "106_garfa2.pdf p2", "source": "KMC ward sewerage network map (ArcMap GeoPDF)", "extraction_method": "geopdf_vector", "georef_max_residual_m": 2.5, "conduit_type": "pipe", "pipe_diameter_mm": 300.0, "diameter_source": "legend_colour", "diameter_candidates_mm": null, "label_diameter_mm": 300.0, "label_agrees": true, "scheme": null, "flow_arrow": "end" }, "geometry": { "type": "LineString", "coordinates": [ [ 88.392825436646348, 22.506164899095875 ], [ 88.392919944360571, 22.506144740649393 ], [ 88.39300973981301, 22.506124624515319 ] ] } },
{ "type": "Feature", "properties": { "ward": 106, "source_sheet": "106_garfa2.pdf p2", "source": "KMC ward sewerage network map (ArcMap GeoPDF)", "extraction_method": "geopdf_vector", "georef_max_residual_m": 2.5, "conduit_type": "pipe", "pipe_diameter_mm": 300.0, "diameter_source": "legend_colour", "diameter_candidates_mm": null, "label_diameter_mm": 300.0, "label_agrees": true, "scheme": null, "flow_arrow": "end" }, "geometry": { "type": "LineString", "coordinates": [ [ 88.392107002775475, 22.506729175663885 ], [ 88.392155654911306, 22.506949717377495 ], [ 88.392180065702007, 22.507067496453626 ], [ 88.392199497615337, 22.50715313887509 ], [ 88.392235980903351, 22.507318008820242 ], [ 88.392216573127413, 22.507234511615664 ], [ 88.392255388705422, 22.50740150602045 ], [ 88.392272536858144, 22.507489314374549 ] ] } },
{ "type": "Feature", "properties": { "ward": 106, "source_sheet": "106_garfa2.pdf p2", "source": "KMC ward sewerage network map (ArcMap GeoPDF)", "extraction_method": "geopdf_vector", "georef_max_residual_m": 2.5, "conduit_type": "pipe", "pipe_diameter_mm": 300.0, "diameter_source": "legend_colour", "diameter_candidates_mm": null, "label_diameter_mm": 300.0, "label_agrees": true, "scheme": null, "flow_arrow": "end" }, "geometry": { "type": "LineString", "coordinates": [ [ 88.391348113412803, 22.505957193936361 ], [ 88.391326035872424, 22.505841548094345 ], [ 88.391299173010239, 22.505710918291538 ], [ 88.391267452434931, 22.505558877832645 ], [ 88.391257954547513, 22.50553537236468 ] ] } },
{ "type": "Feature", "properties": { "ward": 106, "source_sheet": "106_garfa2.pdf p2", "source": "KMC ward sewerage network map (ArcMap GeoPDF)", "extraction_method": "geopdf_vector", "georef_max_residual_m": 2.5, "conduit_type": "pipe", "pipe_diameter_mm": 300.0, "diameter_source": "legend_colour", "diameter_candidates_mm": null, "label_diameter_mm": 300.0, "label_agrees": true, "scheme": null, "flow_arrow": "end" }, "geometry": { "type": "LineString", "coordinates": [ [ 88.391854345849453, 22.506021300627857 ], [ 88.391813658559272, 22.505892949492637 ], [ 88.391782541882307, 22.505794539400885 ], [ 88.391746567404581, 22.505674718671454 ], [ 88.391708333328879, 22.505559209079717 ], [ 88.391674739644259, 22.50544581215954 ] ] } },
{ "type": "Feature", "properties": { "ward": 106, "source_sheet": "106_garfa2.pdf p2", "source": "KMC ward sewerage network map (ArcMap GeoPDF)", "extraction_method": "geopdf_vector", "georef_max_residual_m": 2.5, "conduit_type": "pipe", "pipe_diameter_mm": 300.0, "diameter_source": "legend_colour", "diameter_candidates_mm": null, "label_diameter_mm": 300.0, "label_agrees": true, "scheme": null, "flow_arrow": "end" }, "geometry": { "type": "LineString", "coordinates": [ [ 88.391821649194611, 22.506397052907101 ], [ 88.39179971595749, 22.506294251599208 ], [ 88.391775450844662, 22.506189352624681 ], [ 88.391753445343923, 22.506080133553631 ], [ 88.391726751282775, 22.505964520313455 ], [ 88.391699936476428, 22.505838189956723 ], [ 88.391671248812798, 22.505750485153175 ], [ 88.391642488654142, 22.505656344713465 ], [ 88.391609039958112, 22.505555810097938 ], [ 88.391580328343437, 22.505465968998195 ] ] } },
{ "type": "Feature", "properties": { "ward": 106, "source_sheet": "106_garfa2.pdf p2", "source": "KMC ward sewerage network map (ArcMap GeoPDF)", "extraction_method": "geopdf_vector", "georef_max_residual_m": 2.5, "conduit_type": "pipe", "pipe_diameter_mm": 300.0, "diameter_source": "legend_colour", "diameter_candidates_mm": null, "label_diameter_mm": 300.0, "label_agrees": true, "scheme": null, "flow_arrow": "end" }, "geometry": { "type": "LineString", "coordinates": [ [ 88.388697673881893, 22.506738319207241 ], [ 88.388870246331152, 22.506689572731617 ], [ 88.389054706436198, 22.506670755479639 ], [ 88.389225318214173, 22.506652062202306 ] ] } },
{ "type": "Feature", "properties": { "ward": 106, "source_sheet": "106_garfa2.pdf p2", "source": "KMC ward sewerage network map (ArcMap GeoPDF)", "extraction_method": "geopdf_vector", "georef_max_residual_m": 2.5, "conduit_type": "pipe", "pipe_diameter_mm": 300.0, "diameter_source": "legend_colour", "diameter_candidates_mm": null, "label_diameter_mm": 300.0, "label_agrees": true, "scheme": null, "flow_arrow": "end" }, "geometry": { "type": "LineString", "coordinates": [ [ 88.388804000197624, 22.503058027485064 ], [ 88.388786758400215, 22.502961637725136 ], [ 88.388771969396998, 22.502878098550664 ], [ 88.388759609047625, 22.502805264750254 ], [ 88.388844714752992, 22.502778756745329 ], [ 88.388945913498247, 22.502745668144222 ], [ 88.389042510752347, 22.502714766163205 ] ] } },
{ "type": "Feature", "properties": { "ward": 106, "source_sheet": "106_garfa2.pdf p2", "source": "KMC ward sewerage network map (ArcMap GeoPDF)", "extraction_method": "geopdf_vector", "georef_max_residual_m": 2.5, "conduit_type": "pipe", "pipe_diameter_mm": 600.0, "diameter_source": "legend_colour", "diameter_candidates_mm": null, "label_diameter_mm": 600.0, "label_agrees": true, "scheme": null, "flow_arrow": "end" }, "geometry": { "type": "LineString", "coordinates": [ [ 88.389468689846325, 22.503253729379772 ], [ 88.389463880736372, 22.503236609078446 ], [ 88.389447024720255, 22.503174542809791 ], [ 88.389460501004109, 22.502936288315865 ], [ 88.389385718622719, 22.502855432636043 ], [ 88.389354676861743, 22.502763457554895 ], [ 88.389328396036589, 22.502684321286836 ], [ 88.389292521157714, 22.502573080666437 ], [ 88.389317450259696, 22.502532093986613 ], [ 88.389370509560507, 22.502529472779937 ], [ 88.389453582156293, 22.502526582411825 ], [ 88.389529721203502, 22.502523754181603 ], [ 88.389610476195969, 22.502520884517164 ] ] } },
{ "type": "Feature", "properties": { "ward": 106, "source_sheet": "106_garfa2.pdf p2", "source": "KMC ward sewerage network map (ArcMap GeoPDF)", "extraction_method": "geopdf_vector", "georef_max_residual_m": 2.5, "conduit_type": "pipe", "pipe_diameter_mm": 400.0, "diameter_source": "legend_colour", "diameter_candidates_mm": null, "label_diameter_mm": 400.0, "label_agrees": true, "scheme": null, "flow_arrow": "end" }, "geometry": { "type": "LineString", "coordinates": [ [ 88.388378443041447, 22.504831775827263 ], [ 88.388373223843772, 22.504778186876635 ], [ 88.38836802877789, 22.504726743138011 ], [ 88.388362713084902, 22.50466457333496 ], [ 88.388355089387261, 22.504602424214024 ], [ 88.388349749581948, 22.504538109196297 ], [ 88.38834212600085, 22.504475969011544 ], [ 88.388334478201926, 22.504411674674387 ], [ 88.388326275525756, 22.504298040439895 ], [ 88.388318338245782, 22.504208003544832 ], [ 88.388307996577097, 22.504109415416387 ], [ 88.388377116031918, 22.504098068880634 ], [ 88.388490000623804, 22.504077748379437 ], [ 88.388591335552945, 22.504057531316821 ], [ 88.388690396195216, 22.504039480005599 ], [ 88.388708401715931, 22.503998555466715 ], [ 88.388671030948572, 22.503754320469586 ], [ 88.388653451310844, 22.503627897724677 ], [ 88.388636064746706, 22.503518636676741 ], [ 88.388616215934022, 22.503396534057313 ], [ 88.388597341821097, 22.503360230922993 ] ] } },
{ "type": "Feature", "properties": { "ward": 106, "source_sheet": "106_garfa2.pdf p2", "source": "KMC ward sewerage network map (ArcMap GeoPDF)", "extraction_method": "geopdf_vector", "georef_max_residual_m": 2.5, "conduit_type": "pipe", "pipe_diameter_mm": 400.0, "diameter_source": "legend_colour", "diameter_candidates_mm": null, "label_diameter_mm": 400.0, "label_agrees": true, "scheme": null, "flow_arrow": "end" }, "geometry": { "type": "LineString", "coordinates": [ [ 88.388671030948572, 22.503754320469586 ], [ 88.388726350473632, 22.503747388339242 ], [ 88.388793185841379, 22.50373820753536 ], [ 88.388864613057606, 22.50372684011263 ], [ 88.388998293354788, 22.503708478278448 ], [ 88.389125040008352, 22.503690178501103 ], [ 88.389261028218186, 22.503671795759008 ], [ 88.389307115691338, 22.503664946212606 ], [ 88.389348611311021, 22.503660283258235 ], [ 88.389424664032674, 22.503648874112184 ], [ 88.389507631104706, 22.503637402921196 ], [ 88.389581366186263, 22.503626014487278 ] ] } },
{ "type": "Feature", "properties": { "ward": 106, "source_sheet": "106_garfa2.pdf p2", "source": "KMC ward sewerage network map (ArcMap GeoPDF)", "extraction_method": "geopdf_vector", "georef_max_residual_m": 2.5, "conduit_type": "pipe", "pipe_diameter_mm": 300.0, "diameter_source": "legend_colour", "diameter_candidates_mm": null, "label_diameter_mm": 300.0, "label_agrees": true, "scheme": null, "flow_arrow": "end" }, "geometry": { "type": "LineString", "coordinates": [ [ 88.388795742054583, 22.503349870919326 ], [ 88.388808054223958, 22.503418414283452 ], [ 88.388822794960092, 22.503497654081528 ], [ 88.388837608213805, 22.503583338452842 ], [ 88.388849968696704, 22.503656172234884 ], [ 88.388864613057606, 22.50372684011263 ] ] } },
{ "type": "Feature", "properties": { "ward": 106, "source_sheet": "106_garfa2.pdf p2", "source": "KMC ward sewerage network map (ArcMap GeoPDF)", "extraction_method": "geopdf_vector", "georef_max_residual_m": 2.5, "conduit_type": "pipe", "pipe_diameter_mm": 225.0, "diameter_source": "legend_colour", "diameter_candidates_mm": null, "label_diameter_mm": null, "label_agrees": null, "scheme": null, "flow_arrow": "end" }, "geometry": { "type": "LineString", "coordinates": [ [ 88.389283103607042, 22.503787442018599 ], [ 88.389261028218186, 22.503671795759008 ] ] } },
{ "type": "Feature", "properties": { "ward": 106, "source_sheet": "106_garfa2.pdf p2", "source": "KMC ward sewerage network map (ArcMap GeoPDF)", "extraction_method": "geopdf_vector", "georef_max_residual_m": 2.5, "conduit_type": "pipe", "pipe_diameter_mm": 300.0, "diameter_source": "legend_colour", "diameter_candidates_mm": null, "label_diameter_mm": 300.0, "label_agrees": true, "scheme": null, "flow_arrow": "end" }, "geometry": { "type": "LineString", "coordinates": [ [ 88.388846616284852, 22.503973716818411 ], [ 88.388708401715931, 22.503998555466715 ] ] } },
{ "type": "Feature", "properties": { "ward": 106, "source_sheet": "106_garfa2.pdf p2", "source": "KMC ward sewerage network map (ArcMap GeoPDF)", "extraction_method": "geopdf_vector", "georef_max_residual_m": 2.5, "conduit_type": "pipe", "pipe_diameter_mm": 300.0, "diameter_source": "legend_colour", "diameter_candidates_mm": null, "label_diameter_mm": 300.0, "label_agrees": true, "scheme": null, "flow_arrow": "end" }, "geometry": { "type": "LineString", "coordinates": [ [ 88.388293224429773, 22.50320633995085 ], [ 88.38831811362526, 22.503367024127037 ] ] } },
{ "type": "Feature", "properties": { "ward": 106, "source_sheet": "106_garfa2.pdf p2", "source": "KMC ward sewerage network map (ArcMap GeoPDF)", "extraction_method": "geopdf_vector", "georef_max_residual_m": 2.5, "conduit_type": "pipe", "pipe_diameter_mm": 300.0, "diameter_source": "legend_colour", "diameter_candidates_mm": null, "label_diameter_mm": 300.0, "label_agrees": true, "scheme": null, "flow_arrow": "end" }, "geometry": { "type": "LineString", "coordinates": [ [ 88.387968142969044, 22.503035481684048 ], [ 88.387977953659899, 22.503086875165785 ], [ 88.387987716221616, 22.503133987157614 ], [ 88.387997527029214, 22.503185389575215 ], [ 88.388007361964526, 22.503238937205008 ], [ 88.388017124549805, 22.503286049193139 ], [ 88.388024555032572, 22.503331036643864 ], [ 88.388034293511936, 22.503376003416417 ] ] } },
{ "type": "Feature", "properties": { "ward": 106, "source_sheet": "106_garfa2.pdf p2", "source": "KMC ward sewerage network map (ArcMap GeoPDF)", "extraction_method": "geopdf_vector", "georef_max_residual_m": 2.5, "conduit_type": "pipe", "pipe_diameter_mm": 300.0, "diameter_source": "legend_colour", "diameter_candidates_mm": null, "label_diameter_mm": 300.0, "label_agrees": true, "scheme": null, "flow_arrow": "end" }, "geometry": { "type": "LineString", "coordinates": [ [ 88.389561521075109, 22.502888182931493 ], [ 88.389616695332819, 22.502868379241789 ], [ 88.389672024058356, 22.502861446719773 ], [ 88.389736575083262, 22.502854431460346 ], [ 88.389794202158782, 22.502847478281861 ], [ 88.389856445187931, 22.502840483677105 ], [ 88.390130814619781, 22.502812277160317 ] ] } },
{ "type": "Feature", "properties": { "ward": 106, "source_sheet": "106_garfa2.pdf p2", "source": "KMC ward sewerage network map (ArcMap GeoPDF)", "extraction_method": "geopdf_vector", "georef_max_residual_m": 2.5, "conduit_type": "pipe", "pipe_diameter_mm": 400.0, "diameter_source": "legend_colour", "diameter_candidates_mm": null, "label_diameter_mm": 400.0, "label_agrees": true, "scheme": null, "flow_arrow": "end" }, "geometry": { "type": "LineString", "coordinates": [ [ 88.388377116031918, 22.504098068880634 ], [ 88.38831811362526, 22.503367024127037 ] ] } },
{ "type": "Feature", "properties": { "ward": 106, "source_sheet": "106_garfa2.pdf p2", "source": "KMC ward sewerage network map (ArcMap GeoPDF)", "extraction_method": "geopdf_vector", "georef_max_residual_m": 2.5, "conduit_type": "pipe", "pipe_diameter_mm": 400.0, "diameter_source": "legend_colour", "diameter_candidates_mm": null, "label_diameter_mm": 400.0, "label_agrees": true, "scheme": null, "flow_arrow": "end" }, "geometry": { "type": "LineString", "coordinates": [ [ 88.391583139427269, 22.504281694952446 ], [ 88.391549715337504, 22.504183305498959 ], [ 88.391513717482113, 22.504061348391414 ], [ 88.391514671719534, 22.503941195903867 ], [ 88.391503578334564, 22.50377609764093 ] ] } },
{ "type": "Feature", "properties": { "ward": 106, "source_sheet": "106_garfa2.pdf p2", "source": "KMC ward sewerage network map (ArcMap GeoPDF)", "extraction_method": "geopdf_vector", "georef_max_residual_m": 2.5, "conduit_type": "pipe", "pipe_diameter_mm": 300.0, "diameter_source": "legend_colour", "diameter_candidates_mm": null, "label_diameter_mm": 300.0, "label_agrees": true, "scheme": null, "flow_arrow": "end" }, "geometry": { "type": "LineString", "coordinates": [ [ 88.389865472638689, 22.504052542869935 ], [ 88.389824411597459, 22.504095819770207 ], [ 88.389762168007636, 22.504102814390009 ], [ 88.389697616408668, 22.504109829687856 ] ] } },
{ "type": "Feature", "properties": { "ward": 106, "source_sheet": "106_garfa2.pdf p2", "source": "KMC ward sewerage network map (ArcMap GeoPDF)", "extraction_method": "geopdf_vector", "georef_max_residual_m": 2.5, "conduit_type": "pipe", "pipe_diameter_mm": 300.0, "diameter_source": "legend_colour", "diameter_candidates_mm": null, "label_diameter_mm": 300.0, "label_agrees": true, "scheme": null, "flow_arrow": "end" }, "geometry": { "type": "LineString", "coordinates": [ [ 88.390170070536996, 22.503017886066946 ], [ 88.390191953315366, 22.503116370486367 ], [ 88.390211431629751, 22.503206303701212 ], [ 88.390228457062904, 22.503283386351875 ], [ 88.390243102066819, 22.503354054074009 ], [ 88.390262532046791, 22.50343968791573 ], [ 88.390277177088961, 22.503510355631729 ], [ 88.390291749683087, 22.503574587711306 ], [ 88.39030639475817, 22.503645255422029 ] ] } },
{ "type": "Feature", "properties": { "ward": 106, "source_sheet": "106_garfa2.pdf p2", "source": "KMC ward sewerage network map (ArcMap GeoPDF)", "extraction_method": "geopdf_vector", "georef_max_residual_m": 2.5, "conduit_type": "pipe", "pipe_diameter_mm": 300.0, "diameter_source": "legend_colour", "diameter_candidates_mm": null, "label_diameter_mm": 300.0, "label_agrees": true, "scheme": null, "flow_arrow": "end" }, "geometry": { "type": "LineString", "coordinates": [ [ 88.389638780724567, 22.503189986505998 ], [ 88.389621803917478, 22.503117194199003 ], [ 88.389604923806175, 22.503052991675187 ], [ 88.389585614911212, 22.502978074848876 ], [ 88.389561521075109, 22.502888182931493 ] ] } },
{ "type": "Feature", "properties": { "ward": 106, "source_sheet": "106_garfa2.pdf p2", "source": "KMC ward sewerage network map (ArcMap GeoPDF)", "extraction_method": "geopdf_vector", "georef_max_residual_m": 2.5, "conduit_type": "pipe", "pipe_diameter_mm": 300.0, "diameter_source": "legend_colour", "diameter_candidates_mm": null, "label_diameter_mm": 300.0, "label_agrees": true, "scheme": null, "flow_arrow": "end" }, "geometry": { "type": "LineString", "coordinates": [ [ 88.390749343780314, 22.503418155653737 ], [ 88.390790718544878, 22.503402775217975 ], [ 88.390848152464372, 22.503378659967652 ], [ 88.390907894350761, 22.503354523979294 ], [ 88.390965357077874, 22.503330408430081 ], [ 88.391038898509819, 22.503301857657526 ], [ 88.391142806247615, 22.503305215630366 ], [ 88.391253637946534, 22.503308511365827 ], [ 88.391350621726488, 22.503311931374149 ] ] } },
{ "type": "Feature", "properties": { "ward": 106, "source_sheet": "106_garfa2.pdf p2", "source": "KMC ward sewerage network map (ArcMap GeoPDF)", "extraction_method": "geopdf_vector", "georef_max_residual_m": 2.5, "conduit_type": "pipe", "pipe_diameter_mm": 300.0, "diameter_source": "legend_colour", "diameter_candidates_mm": null, "label_diameter_mm": 300.0, "label_agrees": true, "scheme": null, "flow_arrow": "end" }, "geometry": { "type": "LineString", "coordinates": [ [ 88.391450932826913, 22.50504449098824 ], [ 88.391340148090336, 22.505045485879268 ], [ 88.391240903425356, 22.505046377071157 ], [ 88.391137042724225, 22.50504730964839 ], [ 88.391074798806955, 22.505054304792989 ], [ 88.390971179763184, 22.505076689365616 ], [ 88.390860607781832, 22.505099136290173 ], [ 88.390736264834175, 22.505125997608097 ], [ 88.390593375589063, 22.505146589012035 ], [ 88.390457395806763, 22.50516497285377 ], [ 88.390342468322856, 22.505208903853621 ] ] } },
{ "type": "Feature", "properties": { "ward": 106, "source_sheet": "106_garfa2.pdf p2", "source": "KMC ward sewerage network map (ArcMap GeoPDF)", "extraction_method": "geopdf_vector", "georef_max_residual_m": 2.5, "conduit_type": "pipe", "pipe_diameter_mm": 300.0, "diameter_source": "legend_colour", "diameter_candidates_mm": null, "label_diameter_mm": 300.0, "label_agrees": true, "scheme": null, "flow_arrow": "end" }, "geometry": { "type": "LineString", "coordinates": [ [ 88.391701139513685, 22.50471614782365 ], [ 88.391750550685572, 22.504799375638822 ], [ 88.391797605446428, 22.504878324810168 ], [ 88.39185644223663, 22.504978631330189 ], [ 88.391905805238252, 22.505057568666942 ], [ 88.391795794266713, 22.505127210573491 ], [ 88.391839006919497, 22.50527484788805 ], [ 88.391872770056665, 22.505403270175002 ] ] } },
{ "type": "Feature", "properties": { "ward": 106, "source_sheet": "106_garfa2.pdf p2", "source": "KMC ward sewerage network map (ArcMap GeoPDF)", "extraction_method": "geopdf_vector", "georef_max_residual_m": 2.5, "conduit_type": "pipe", "pipe_diameter_mm": 300.0, "diameter_source": "legend_colour", "diameter_candidates_mm": null, "label_diameter_mm": 300.0, "label_agrees": true, "scheme": null, "flow_arrow": "end" }, "geometry": { "type": "LineString", "coordinates": [ [ 88.393194284250669, 22.504477459464489 ], [ 88.393086195237899, 22.504512758115329 ], [ 88.39300113782609, 22.504543558786128 ], [ 88.392913748171821, 22.504572234953532 ], [ 88.392842345771712, 22.504594331083926 ], [ 88.392759572062332, 22.504622965676134 ], [ 88.392713363535037, 22.504619090173783 ], [ 88.392696530077444, 22.504559169546223 ], [ 88.392672433923195, 22.504469278227052 ], [ 88.392662766540951, 22.504430756385453 ], [ 88.392641147782129, 22.504355860775455 ], [ 88.392582117204213, 22.50423839287847 ], [ 88.39252308673062, 22.504120924953128 ], [ 88.392501226309165, 22.50402458616303 ], [ 88.392474604695337, 22.5039154086571 ], [ 88.392450339498879, 22.50381050082061 ], [ 88.392351265071341, 22.50382640911678 ], [ 88.392291993224319, 22.503687497927086 ] ] } },
{ "type": "Feature", "properties": { "ward": 106, "source_sheet": "106_garfa2.pdf p2", "source": "KMC ward sewerage network map (ArcMap GeoPDF)", "extraction_method": "geopdf_vector", "georef_max_residual_m": 2.5, "conduit_type": "pipe", "pipe_diameter_mm": 300.0, "diameter_source": "legend_colour", "diameter_candidates_mm": null, "label_diameter_mm": 300.0, "label_agrees": true, "scheme": null, "flow_arrow": "end" }, "geometry": { "type": "LineString", "coordinates": [ [ 88.392054528089176, 22.504326805376586 ], [ 88.392206541857675, 22.504297549025569 ], [ 88.392170640036895, 22.504184163996161 ], [ 88.392141831664119, 22.504085742148199 ], [ 88.39211316833628, 22.504000182610135 ], [ 88.392082027769959, 22.503899627333638 ], [ 88.392064009841661, 22.503734600287544 ] ] } },
{ "type": "Feature", "properties": { "ward": 106, "source_sheet": "106_garfa2.pdf p2", "source": "KMC ward sewerage network map (ArcMap GeoPDF)", "extraction_method": "geopdf_vector", "georef_max_residual_m": 2.5, "conduit_type": "pipe", "pipe_diameter_mm": 400.0, "diameter_source": "legend_colour", "diameter_candidates_mm": null, "label_diameter_mm": null, "label_agrees": null, "scheme": null, "flow_arrow": "end" }, "geometry": { "type": "LineString", "coordinates": [ [ 88.38775012484443, 22.502327315254288 ], [ 88.387764913060735, 22.502410845623707 ], [ 88.387782009374718, 22.502494364255437 ], [ 88.38779667715697, 22.502567177487602 ], [ 88.387808916399351, 22.502629285321511 ], [ 88.387821228002025, 22.502697828794815 ], [ 88.387835799266867, 22.502762052226132 ], [ 88.387720617244767, 22.502782392809088 ], [ 88.387619258962644, 22.502800464072415 ], [ 88.387499451287155, 22.502820845928227 ], [ 88.387393476975035, 22.50283895839064 ] ] } },
{ "type": "Feature", "properties": { "ward": 106, "source_sheet": "106_garfa2.pdf p2", "source": "KMC ward sewerage network map (ArcMap GeoPDF)", "extraction_method": "geopdf_vector", "georef_max_residual_m": 2.5, "conduit_type": "pipe", "pipe_diameter_mm": 300.0, "diameter_source": "legend_colour", "diameter_candidates_mm": null, "label_diameter_mm": 300.0, "label_agrees": true, "scheme": null, "flow_arrow": "end" }, "geometry": { "type": "LineString", "coordinates": [ [ 88.390887955700691, 22.503633599617363 ], [ 88.390842919832679, 22.503528877935892 ], [ 88.390790718544878, 22.503402775217975 ] ] } },
{ "type": "Feature", "properties": { "ward": 106, "source_sheet": "106_garfa2.pdf p2", "source": "KMC ward sewerage network map (ArcMap GeoPDF)", "extraction_method": "geopdf_vector", "georef_max_residual_m": 2.5, "conduit_type": "pipe", "pipe_diameter_mm": 225.0, "diameter_source": "legend_colour", "diameter_candidates_mm": null, "label_diameter_mm": 225.0, "label_agrees": true, "scheme": null, "flow_arrow": "end" }, "geometry": { "type": "LineString", "coordinates": [ [ 88.393570501345323, 22.509588653349944 ], [ 88.393587674883932, 22.509678606691669 ], [ 88.393604824235325, 22.509766414822952 ] ] } },
{ "type": "Feature", "properties": { "ward": 106, "source_sheet": "106_garfa2.pdf p2", "source": "KMC ward sewerage network map (ArcMap GeoPDF)", "extraction_method": "geopdf_vector", "georef_max_residual_m": 2.5, "conduit_type": "pipe", "pipe_diameter_mm": 225.0, "diameter_source": "legend_colour", "diameter_candidates_mm": null, "label_diameter_mm": 225.0, "label_agrees": true, "scheme": null, "flow_arrow": "end" }, "geometry": { "type": "LineString", "coordinates": [ [ 88.394465200815461, 22.508484291170248 ], [ 88.394698073527508, 22.50846074079362 ] ] } },
{ "type": "Feature", "properties": { "ward": 106, "source_sheet": "106_garfa2.pdf p2", "source": "KMC ward sewerage network map (ArcMap GeoPDF)", "extraction_method": "geopdf_vector", "georef_max_residual_m": 2.5, "conduit_type": "pipe", "pipe_diameter_mm": 300.0, "diameter_source": "legend_colour", "diameter_candidates_mm": null, "label_diameter_mm": 300.0, "label_agrees": true, "scheme": null, "flow_arrow": "end" }, "geometry": { "type": "LineString", "coordinates": [ [ 88.394373327809902, 22.508116105085787 ], [ 88.394518590446197, 22.508101925139158 ], [ 88.39465692885743, 22.508087807391618 ] ] } },
{ "type": "Feature", "properties": { "ward": 106, "source_sheet": "106_garfa2.pdf p2", "source": "KMC ward sewerage network map (ArcMap GeoPDF)", "extraction_method": "geopdf_vector", "georef_max_residual_m": 2.5, "conduit_type": "pipe", "pipe_diameter_mm": 300.0, "diameter_source": "legend_colour", "diameter_candidates_mm": null, "label_diameter_mm": 300.0, "label_agrees": true, "scheme": null, "flow_arrow": "end" }, "geometry": { "type": "LineString", "coordinates": [ [ 88.398259631923722, 22.505575318629756 ], [ 88.398240439393845, 22.505511129134849 ], [ 88.398221174146585, 22.505440512964558 ], [ 88.398201933098633, 22.505372033055398 ], [ 88.39817795465332, 22.505292868773878 ], [ 88.398158689372977, 22.505222243652746 ], [ 88.398129852287866, 22.505121677910907 ] ] } },
{ "type": "Feature", "properties": { "ward": 106, "source_sheet": "106_garfa2.pdf p2", "source": "KMC ward sewerage network map (ArcMap GeoPDF)", "extraction_method": "geopdf_vector", "georef_max_residual_m": 2.5, "conduit_type": "pipe", "pipe_diameter_mm": 225.0, "diameter_source": "legend_colour", "diameter_candidates_mm": null, "label_diameter_mm": 225.0, "label_agrees": true, "scheme": null, "flow_arrow": "end" }, "geometry": { "type": "LineString", "coordinates": [ [ 88.390614683380235, 22.503964294006607 ], [ 88.390508732889771, 22.503984553751142 ] ] } },
{ "type": "Feature", "properties": { "ward": 106, "source_sheet": "106_garfa2.pdf p2", "source": "KMC ward sewerage network map (ArcMap GeoPDF)", "extraction_method": "geopdf_vector", "georef_max_residual_m": 2.5, "conduit_type": "pipe", "pipe_diameter_mm": 300.0, "diameter_source": "legend_colour", "diameter_candidates_mm": null, "label_diameter_mm": 300.0, "label_agrees": true, "scheme": null, "flow_arrow": "end" }, "geometry": { "type": "LineString", "coordinates": [ [ 88.384791052559066, 22.502546872255241 ], [ 88.384833655274932, 22.502640890435718 ], [ 88.384866881695189, 22.502722119827929 ], [ 88.384897679716957, 22.502792634821791 ], [ 88.384986514523092, 22.502892675953952 ], [ 88.385066006756077, 22.502982073400503 ], [ 88.385150803533378, 22.503133631946053 ], [ 88.385228580319904, 22.503276680420566 ], [ 88.385256565149049, 22.503302175365295 ], [ 88.385279885847837, 22.503323421148405 ] ] } },
{ "type": "Feature", "properties": { "ward": 106, "source_sheet": "106_garfa2.pdf p2", "source": "KMC ward sewerage network map (ArcMap GeoPDF)", "extraction_method": "geopdf_vector", "georef_max_residual_m": 2.5, "conduit_type": "pipe", "pipe_diameter_mm": 300.0, "diameter_source": "legend_colour", "diameter_candidates_mm": null, "label_diameter_mm": 300.0, "label_agrees": true, "scheme": null, "flow_arrow": "end" }, "geometry": { "type": "LineString", "coordinates": [ [ 88.386501653272077, 22.508725259032115 ], [ 88.386383218118411, 22.50866195623647 ], [ 88.386274078065028, 22.508605006449077 ], [ 88.386164923618438, 22.50854591128298 ], [ 88.386044171066615, 22.508482628962003 ], [ 88.385935016807821, 22.508423533629401 ], [ 88.38587671258496, 22.508370419554719 ], [ 88.385811378200245, 22.508308786634842 ], [ 88.385797337024101, 22.508291748818678 ], [ 88.385761896837209, 22.508219121273076 ], [ 88.385726528957576, 22.508152929359973 ], [ 88.385688756686207, 22.508078177227297 ], [ 88.3856509844573, 22.508003425083039 ], [ 88.385613236358353, 22.507930818141631 ], [ 88.38557521372843, 22.507834613915424 ] ] } },
{ "type": "Feature", "properties": { "ward": 106, "source_sheet": "106_garfa2.pdf p2", "source": "KMC ward sewerage network map (ArcMap GeoPDF)", "extraction_method": "geopdf_vector", "georef_max_residual_m": 2.5, "conduit_type": "pipe", "pipe_diameter_mm": 450.0, "diameter_source": "legend_colour", "diameter_candidates_mm": null, "label_diameter_mm": 450.0, "label_agrees": true, "scheme": null, "flow_arrow": "end" }, "geometry": { "type": "LineString", "coordinates": [ [ 88.386948673032606, 22.506393555872457 ], [ 88.386661001702862, 22.506471221224704 ], [ 88.386460770652221, 22.506524503764787 ], [ 88.386276647563065, 22.506573351051824 ], [ 88.386250439800762, 22.506500640969904 ], [ 88.386137610647978, 22.506525250353388 ], [ 88.386015539651538, 22.506549942350365 ], [ 88.385870445941762, 22.506579131091801 ], [ 88.385780639316721, 22.506599243396238 ], [ 88.385679302044267, 22.506619458797818 ], [ 88.385591813024035, 22.506639550267163 ], [ 88.385428200898801, 22.50687057470919 ], [ 88.385106845861088, 22.507032210403128 ], [ 88.385042307027334, 22.507041369213809 ], [ 88.384885551901434, 22.507059934212972 ], [ 88.384724195069523, 22.507080685629131 ], [ 88.384576672063702, 22.507099167799456 ], [ 88.384415315122425, 22.507119918910579 ], [ 88.384237922050758, 22.507151540325442 ] ] } },
{ "type": "Feature", "properties": { "ward": 106, "source_sheet": "106_garfa2.pdf p2", "source": "KMC ward sewerage network map (ArcMap GeoPDF)", "extraction_method": "geopdf_vector", "georef_max_residual_m": 2.5, "conduit_type": "pipe", "pipe_diameter_mm": 300.0, "diameter_source": "legend_colour", "diameter_candidates_mm": null, "label_diameter_mm": null, "label_agrees": null, "scheme": null, "flow_arrow": "end" }, "geometry": { "type": "LineString", "coordinates": [ [ 88.385818212627441, 22.507478533558164 ], [ 88.385803400663278, 22.507392848876353 ], [ 88.38579113767473, 22.507328595687184 ] ] } },
{ "type": "Feature", "properties": { "ward": 106, "source_sheet": "106_garfa2.pdf p2", "source": "KMC ward sewerage network map (ArcMap GeoPDF)", "extraction_method": "geopdf_vector", "georef_max_residual_m": 2.5, "conduit_type": "pipe", "pipe_diameter_mm": 300.0, "diameter_source": "legend_colour", "diameter_candidates_mm": null, "label_diameter_mm": 300.0, "label_agrees": true, "scheme": null, "flow_arrow": "end" }, "geometry": { "type": "LineString", "coordinates": [ [ 88.390868858810904, 22.508495165599289 ], [ 88.390963272271108, 22.508475009075912 ], [ 88.391060022624018, 22.508454831514516 ], [ 88.39106312837788, 22.508525602693744 ], [ 88.391068856452719, 22.508624240866347 ], [ 88.391072421498521, 22.508735771017388 ], [ 88.391078608880605, 22.508875168159403 ] ] } },
{ "type": "Feature", "properties": { "ward": 106, "source_sheet": "106_garfa2.pdf p2", "source": "KMC ward sewerage network map (ArcMap GeoPDF)", "extraction_method": "geopdf_vector", "georef_max_residual_m": 2.5, "conduit_type": "pipe", "pipe_diameter_mm": 300.0, "diameter_source": "legend_colour", "diameter_candidates_mm": null, "label_diameter_mm": null, "label_agrees": null, "scheme": null, "flow_arrow": "end" }, "geometry": { "type": "LineString", "coordinates": [ [ 88.391124644443579, 22.504356611297165 ], [ 88.391057567315187, 22.504344340972036 ], [ 88.39098354201883, 22.504329987569285 ], [ 88.390757497916027, 22.504347034742594 ], [ 88.39055681270662, 22.504359563151723 ] ] } },
{ "type": "Feature", "properties": { "ward": 106, "source_sheet": "106_garfa2.pdf p2", "source": "KMC ward sewerage network map (ArcMap GeoPDF)", "extraction_method": "geopdf_vector", "georef_max_residual_m": 2.5, "conduit_type": "pipe", "pipe_diameter_mm": 400.0, "diameter_source": "legend_colour", "diameter_candidates_mm": null, "label_diameter_mm": 400.0, "label_agrees": true, "scheme": null, "flow_arrow": "end" }, "geometry": { "type": "LineString", "coordinates": [ [ 88.387654719443404, 22.502053554723435 ], [ 88.387637985060422, 22.50200222321763 ], [ 88.387623582670159, 22.501953007314647 ], [ 88.387609156179224, 22.501901646195389 ], [ 88.387575822352574, 22.501811836661005 ], [ 88.387544926705672, 22.501732732432988 ], [ 88.387516435499592, 22.501662188385392 ], [ 88.387490276496223, 22.501593777815422 ], [ 88.387394679322583, 22.501302855338889 ], [ 88.387382657483826, 22.50126006331789 ], [ 88.387363398290702, 22.501189436565149 ], [ 88.387344042691595, 22.501110228949941 ], [ 88.387263971667508, 22.500969347473642 ], [ 88.387221753700402, 22.50090966234966 ], [ 88.38718189182805, 22.500854238040677 ] ] } },
{ "type": "Feature", "properties": { "ward": 106, "source_sheet": "106_garfa2.pdf p2", "source": "KMC ward sewerage network map (ArcMap GeoPDF)", "extraction_method": "geopdf_vector", "georef_max_residual_m": 2.5, "conduit_type": "pipe", "pipe_diameter_mm": 300.0, "diameter_source": "legend_colour", "diameter_candidates_mm": null, "label_diameter_mm": null, "label_agrees": null, "scheme": null, "flow_arrow": "end" }, "geometry": { "type": "LineString", "coordinates": [ [ 88.393218245086175, 22.501076832707589 ], [ 88.393145812859913, 22.5007942964947 ], [ 88.393029665682889, 22.500728832380815 ], [ 88.392976495927883, 22.500516921994279 ], [ 88.392918274926743, 22.500266430353502 ] ] } },
{ "type": "Feature", "properties": { "ward": 106, "source_sheet": "106_garfa2.pdf p2", "source": "KMC ward sewerage network map (ArcMap GeoPDF)", "extraction_method": "geopdf_vector", "georef_max_residual_m": 2.5, "conduit_type": "pipe", "pipe_diameter_mm": 400.0, "diameter_source": "legend_colour", "diameter_candidates_mm": null, "label_diameter_mm": 400.0, "label_agrees": true, "scheme": null, "flow_arrow": "end" }, "geometry": { "type": "LineString", "coordinates": [ [ 88.391977470420301, 22.502405239802957 ], [ 88.392085316337727, 22.502348489857056 ], [ 88.392186770280176, 22.502338996666964 ], [ 88.392297456082673, 22.502329420463738 ], [ 88.39239657793452, 22.502317811609142 ], [ 88.392493053071021, 22.502276181562735 ], [ 88.392607919319502, 22.502227949898657 ], [ 88.392727377226393, 22.502177531459964 ], [ 88.392705347614665, 22.502066167262559 ], [ 88.392683269763836, 22.50195052157833 ], [ 88.392663644953359, 22.501847717463889 ], [ 88.392644068554802, 22.50174920376341 ], [ 88.392624492187949, 22.501650690057986 ], [ 88.39260494014205, 22.501554330495605 ], [ 88.392587695980893, 22.501457941249036 ], [ 88.392568240645204, 22.501370153577792 ], [ 88.392548543464187, 22.501260913804416 ], [ 88.392521656516678, 22.501128147875395 ] ] } },
{ "type": "Feature", "properties": { "ward": 106, "source_sheet": "106_garfa2.pdf p2", "source": "KMC ward sewerage network map (ArcMap GeoPDF)", "extraction_method": "geopdf_vector", "georef_max_residual_m": 2.5, "conduit_type": "pipe", "pipe_diameter_mm": 600.0, "diameter_source": "legend_colour", "diameter_candidates_mm": null, "label_diameter_mm": 600.0, "label_agrees": true, "scheme": null, "flow_arrow": "end" }, "geometry": { "type": "LineString", "coordinates": [ [ 88.393490730564039, 22.500473681106897 ], [ 88.393535863964701, 22.500586973933249 ], [ 88.393571475350669, 22.500674616190441 ], [ 88.393609467335764, 22.500768673308297 ], [ 88.393637985564041, 22.500841361347245 ], [ 88.393725445360829, 22.500819120526682 ], [ 88.393856610791758, 22.500783614000643 ], [ 88.393996983706799, 22.500745879120487 ], [ 88.394125865257692, 22.500712538350829 ], [ 88.394243231253583, 22.500681446509926 ], [ 88.394372112675057, 22.500648105548969 ], [ 88.394424630867292, 22.500802103679842 ] ] } },
{ "type": "Feature", "properties": { "ward": 106, "source_sheet": "106_garfa2.pdf p2", "source": "KMC ward sewerage network map (ArcMap GeoPDF)", "extraction_method": "geopdf_vector", "georef_max_residual_m": 2.5, "conduit_type": "pipe", "pipe_diameter_mm": 300.0, "diameter_source": "legend_colour", "diameter_candidates_mm": null, "label_diameter_mm": 300.0, "label_agrees": true, "scheme": null, "flow_arrow": "end" }, "geometry": { "type": "LineString", "coordinates": [ [ 88.384419290484388, 22.507885712771895 ], [ 88.384689199760558, 22.507870427537519 ], [ 88.384970649292697, 22.507855038668076 ], [ 88.385104454628987, 22.507847405924487 ], [ 88.385235942259371, 22.507839793797427 ], [ 88.38536513141851, 22.507832202120536 ], [ 88.385501235142442, 22.507824548492554 ], [ 88.38557521372843, 22.507834613915424 ] ] } },
{ "type": "Feature", "properties": { "ward": 106, "source_sheet": "106_garfa2.pdf p2", "source": "KMC ward sewerage network map (ArcMap GeoPDF)", "extraction_method": "geopdf_vector", "georef_max_residual_m": 2.5, "conduit_type": "pipe", "pipe_diameter_mm": 400.0, "diameter_source": "legend_colour", "diameter_candidates_mm": null, "label_diameter_mm": 400.0, "label_agrees": true, "scheme": null, "flow_arrow": "end" }, "geometry": { "type": "LineString", "coordinates": [ [ 88.38715670987817, 22.507650970659085 ], [ 88.387122513308384, 22.507689894602432 ], [ 88.386958905984514, 22.507714959284808 ], [ 88.386788364781395, 22.507740085879501 ], [ 88.386730735478707, 22.507747038088048 ], [ 88.3866385334006, 22.507758590622121 ], [ 88.386548605650773, 22.507767977316902 ], [ 88.386431014815869, 22.507779756988707 ], [ 88.386324930570467, 22.507789288165565 ], [ 88.386211955821537, 22.507801026366039 ] ] } },
{ "type": "Feature", "properties": { "ward": 106, "source_sheet": "106_garfa2.pdf p2", "source": "KMC ward sewerage network map (ArcMap GeoPDF)", "extraction_method": "geopdf_vector", "georef_max_residual_m": 2.5, "conduit_type": "pipe", "pipe_diameter_mm": 400.0, "diameter_source": "legend_colour", "diameter_candidates_mm": null, "label_diameter_mm": 400.0, "label_agrees": true, "scheme": null, "flow_arrow": "end" }, "geometry": { "type": "LineString", "coordinates": [ [ 88.387126665797837, 22.50744322247359 ], [ 88.387104302008737, 22.507301824411115 ], [ 88.387079582000069, 22.507156156581136 ], [ 88.387052312912587, 22.506989057275106 ], [ 88.387027424275658, 22.506828372932237 ], [ 88.387000155337674, 22.506661273604372 ], [ 88.386980389177808, 22.506545597395743 ], [ 88.386965793597668, 22.506479219764394 ], [ 88.386948673032606, 22.506393555872457 ] ] } },
{ "type": "Feature", "properties": { "ward": 106, "source_sheet": "106_garfa2.pdf p2", "source": "KMC ward sewerage network map (ArcMap GeoPDF)", "extraction_method": "geopdf_vector", "georef_max_residual_m": 2.5, "conduit_type": "pipe", "pipe_diameter_mm": 400.0, "diameter_source": "legend_colour", "diameter_candidates_mm": null, "label_diameter_mm": 400.0, "label_agrees": true, "scheme": null, "flow_arrow": "end" }, "geometry": { "type": "LineString", "coordinates": [ [ 88.397745313460021, 22.505213100252096 ], [ 88.397730712974052, 22.505146723839168 ], [ 88.397716161147173, 22.50508464676988 ], [ 88.397701512150448, 22.505013979943978 ], [ 88.397682125803641, 22.50493262872925 ], [ 88.397665071758183, 22.504853401897723 ], [ 88.397645612752441, 22.504765624000942 ], [ 88.397477419519888, 22.504792877007961 ], [ 88.397293094536451, 22.504822429664472 ], [ 88.397254977624456, 22.504717656560384 ], [ 88.397209621249587, 22.504585049275491 ], [ 88.397164313491785, 22.504456732380515 ], [ 88.39711188784382, 22.504311325192113 ] ] } },
{ "type": "Feature", "properties": { "ward": 106, "source_sheet": "106_garfa2.pdf p2", "source": "KMC ward sewerage network map (ArcMap GeoPDF)", "extraction_method": "geopdf_vector", "georef_max_residual_m": 2.5, "conduit_type": "pipe", "pipe_diameter_mm": 400.0, "diameter_source": "legend_colour", "diameter_candidates_mm": null, "label_diameter_mm": 400.0, "label_agrees": true, "scheme": null, "flow_arrow": "end" }, "geometry": { "type": "LineString", "coordinates": [ [ 88.396731788190223, 22.504786726916709 ], [ 88.396725959506171, 22.504679517214214 ], [ 88.396715320689509, 22.504555178536819 ], [ 88.396702252725746, 22.504420143571458 ] ] } },
{ "type": "Feature", "properties": { "ward": 106, "source_sheet": "106_garfa2.pdf p2", "source": "KMC ward sewerage network map (ArcMap GeoPDF)", "extraction_method": "geopdf_vector", "georef_max_residual_m": 2.5, "conduit_type": "pipe", "pipe_diameter_mm": 400.0, "diameter_source": "legend_colour", "diameter_candidates_mm": null, "label_diameter_mm": 400.0, "label_agrees": true, "scheme": null, "flow_arrow": "end" }, "geometry": { "type": "LineString", "coordinates": [ [ 88.387375016002736, 22.509822334755963 ], [ 88.387392040905397, 22.509899417683641 ], [ 88.387423059141838, 22.509989247837051 ], [ 88.387456419259564, 22.510081202432843 ], [ 88.38748508124246, 22.510166762818724 ], [ 88.387513695024808, 22.510248032772751 ] ] } },
{ "type": "Feature", "properties": { "ward": 106, "source_sheet": "106_garfa2.pdf p2", "source": "KMC ward sewerage network map (ArcMap GeoPDF)", "extraction_method": "geopdf_vector", "georef_max_residual_m": 2.5, "conduit_type": "pipe", "pipe_diameter_mm": 300.0, "diameter_source": "legend_colour", "diameter_candidates_mm": null, "label_diameter_mm": 300.0, "label_agrees": true, "scheme": null, "flow_arrow": "end" }, "geometry": { "type": "LineString", "coordinates": [ [ 88.386628387275323, 22.508089077551251 ], [ 88.386604149629491, 22.507986313913939 ], [ 88.386577555751828, 22.507879280503069 ], [ 88.386548605650773, 22.507767977316902 ] ] } },
{ "type": "Feature", "properties": { "ward": 106, "source_sheet": "106_garfa2.pdf p2", "source": "KMC ward sewerage network map (ArcMap GeoPDF)", "extraction_method": "geopdf_vector", "georef_max_residual_m": 2.5, "conduit_type": "pipe", "pipe_diameter_mm": 225.0, "diameter_source": "legend_colour", "diameter_candidates_mm": null, "label_diameter_mm": 225.0, "label_agrees": true, "scheme": null, "flow_arrow": "end" }, "geometry": { "type": "LineString", "coordinates": [ [ 88.387369929329296, 22.500127416757806 ], [ 88.387277355042499, 22.499900829968634 ], [ 88.387369561489479, 22.499889277237227 ], [ 88.387579110986096, 22.499844501150307 ], [ 88.387664166952916, 22.499813703410528 ], [ 88.387684793678559, 22.499800646099491 ] ] } },
{ "type": "Feature", "properties": { "ward": 106, "source_sheet": "106_garfa2.pdf p2", "source": "KMC ward sewerage network map (ArcMap GeoPDF)", "extraction_method": "geopdf_vector", "georef_max_residual_m": 2.5, "conduit_type": "pipe", "pipe_diameter_mm": 300.0, "diameter_source": "legend_colour", "diameter_candidates_mm": null, "label_diameter_mm": 300.0, "label_agrees": true, "scheme": null, "flow_arrow": "end" }, "geometry": { "type": "LineString", "coordinates": [ [ 88.38929263251039, 22.508120987122421 ], [ 88.38927529296754, 22.508016016678379 ], [ 88.389252999314706, 22.50788105467225 ], [ 88.389235539126005, 22.507765358162342 ], [ 88.389223008951021, 22.507677507996569 ] ] } },
{ "type": "Feature", "properties": { "ward": 106, "source_sheet": "106_garfa2.pdf p2", "source": "KMC ward sewerage network map (ArcMap GeoPDF)", "extraction_method": "geopdf_vector", "georef_max_residual_m": 2.5, "conduit_type": "pipe", "pipe_diameter_mm": 300.0, "diameter_source": "legend_colour", "diameter_candidates_mm": null, "label_diameter_mm": 300.0, "label_agrees": true, "scheme": null, "flow_arrow": "end" }, "geometry": { "type": "LineString", "coordinates": [ [ 88.390321291443883, 22.502098303811024 ], [ 88.390392548576358, 22.502071919276251 ], [ 88.390450015809279, 22.502049949313584 ], [ 88.390421281632996, 22.501957962683225 ], [ 88.390392586090243, 22.501870257615916 ], [ 88.390361423162076, 22.501767556682175 ] ] } },
{ "type": "Feature", "properties": { "ward": 106, "source_sheet": "106_garfa2.pdf p2", "source": "KMC ward sewerage network map (ArcMap GeoPDF)", "extraction_method": "geopdf_vector", "georef_max_residual_m": 2.5, "conduit_type": "pipe", "pipe_diameter_mm": 400.0, "diameter_source": "legend_colour", "diameter_candidates_mm": null, "label_diameter_mm": 400.0, "label_agrees": true, "scheme": null, "flow_arrow": "end" }, "geometry": { "type": "LineString", "coordinates": [ [ 88.39126754549801, 22.501060031879909 ], [ 88.391474632496511, 22.501002391309228 ], [ 88.391550553069308, 22.50098025527031 ], [ 88.391567723923416, 22.501070209040684 ], [ 88.391589583221645, 22.501166556986401 ], [ 88.391657625673787, 22.501264626655665 ], [ 88.391665419784431, 22.501341792053829 ], [ 88.391670591690513, 22.501391090441206 ], [ 88.391675763601256, 22.501440388827948 ], [ 88.391678482515928, 22.501476836678929 ], [ 88.391683654434416, 22.501526135064598 ], [ 88.391691206838317, 22.501581848352849 ], [ 88.391691931971266, 22.501646195728551 ], [ 88.391686095945516, 22.501742792383695 ], [ 88.391421260588359, 22.501796660975234 ], [ 88.391278505331314, 22.501827978784714 ], [ 88.391142649724912, 22.501857089098209 ], [ 88.391025306090683, 22.501890323971367 ], [ 88.39105253012481, 22.502053123156188 ], [ 88.391072298786383, 22.502168798788635 ], [ 88.391092043320398, 22.50228232920454 ], [ 88.391104428884162, 22.502357299043535 ], [ 88.391114313260587, 22.502415136852985 ] ] } },
{ "type": "Feature", "properties": { "ward": 106, "source_sheet": "106_garfa2.pdf p2", "source": "KMC ward sewerage network map (ArcMap GeoPDF)", "extraction_method": "geopdf_vector", "georef_max_residual_m": 2.5, "conduit_type": "pipe", "pipe_diameter_mm": 300.0, "diameter_source": "legend_colour", "diameter_candidates_mm": null, "label_diameter_mm": 300.0, "label_agrees": true, "scheme": null, "flow_arrow": "end" }, "geometry": { "type": "LineString", "coordinates": [ [ 88.385673634341828, 22.50919822680379 ], [ 88.385809112978535, 22.509134797287892 ], [ 88.385956430669822, 22.509097006882083 ], [ 88.385956546206657, 22.508901771771743 ], [ 88.386081158681961, 22.508898511291417 ], [ 88.386196572522891, 22.508897478465265 ], [ 88.386300436318791, 22.508896548928522 ], [ 88.38639966945739, 22.508893515342468 ] ] } },
{ "type": "Feature", "properties": { "ward": 106, "source_sheet": "106_garfa2.pdf p2", "source": "KMC ward sewerage network map (ArcMap GeoPDF)", "extraction_method": "geopdf_vector", "georef_max_residual_m": 2.5, "conduit_type": "pipe", "pipe_diameter_mm": 300.0, "diameter_source": "legend_colour", "diameter_candidates_mm": null, "label_diameter_mm": 300.0, "label_agrees": true, "scheme": null, "flow_arrow": "end" }, "geometry": { "type": "LineString", "coordinates": [ [ 88.385353184095891, 22.509647342638456 ], [ 88.385355901645354, 22.50968379063573 ], [ 88.385360903210142, 22.509718072774231 ], [ 88.385365904777871, 22.509752354912298 ], [ 88.385368622334312, 22.509788802908634 ], [ 88.385373681696279, 22.50982737538822 ], [ 88.385384503780159, 22.509968876941151 ], [ 88.385382870089913, 22.510028963580531 ], [ 88.385383568591052, 22.510091174788652 ], [ 88.385377439121299, 22.510162028787438 ] ] } },
{ "type": "Feature", "properties": { "ward": 106, "source_sheet": "106_garfa2.pdf p2", "source": "KMC ward sewerage network map (ArcMap GeoPDF)", "extraction_method": "geopdf_vector", "georef_max_residual_m": 2.5, "conduit_type": "pipe", "pipe_diameter_mm": 300.0, "diameter_source": "legend_colour", "diameter_candidates_mm": null, "label_diameter_mm": 300.0, "label_agrees": true, "scheme": null, "flow_arrow": "end" }, "geometry": { "type": "LineString", "coordinates": [ [ 88.385931291877668, 22.504186467654709 ], [ 88.385976565260293, 22.504312643028133 ], [ 88.386024146741619, 22.504438797733346 ], [ 88.386076705605902, 22.504597080402728 ], [ 88.386122061166077, 22.504729691274033 ], [ 88.386160627605818, 22.504875226517555 ] ] } },
{ "type": "Feature", "properties": { "ward": 106, "source_sheet": "106_garfa2.pdf p2", "source": "KMC ward sewerage network map (ArcMap GeoPDF)", "extraction_method": "geopdf_vector", "georef_max_residual_m": 2.5, "conduit_type": "pipe", "pipe_diameter_mm": 225.0, "diameter_source": "legend_colour", "diameter_candidates_mm": null, "label_diameter_mm": null, "label_agrees": null, "scheme": null, "flow_arrow": "end" }, "geometry": { "type": "LineString", "coordinates": [ [ 88.385727144749467, 22.506563249636184 ], [ 88.385794242233999, 22.506371706108744 ], [ 88.385853321374256, 22.506287496860754 ], [ 88.385873371055254, 22.506222954583585 ], [ 88.385891112679971, 22.506158432953335 ], [ 88.385928903921993, 22.506029369038568 ] ] } },
{ "type": "Feature", "properties": { "ward": 106, "source_sheet": "106_garfa2.pdf p2", "source": "KMC ward sewerage network map (ArcMap GeoPDF)", "extraction_method": "geopdf_vector", "georef_max_residual_m": 2.5, "conduit_type": "pipe", "pipe_diameter_mm": 300.0, "diameter_source": "legend_colour", "diameter_candidates_mm": null, "label_diameter_mm": 300.0, "label_agrees": true, "scheme": null, "flow_arrow": "end" }, "geometry": { "type": "LineString", "coordinates": [ [ 88.386507407812545, 22.506361015810906 ], [ 88.386403907590761, 22.506394141474338 ], [ 88.386311913618457, 22.506425000793001 ], [ 88.386233729291646, 22.506451445622343 ], [ 88.386250439800762, 22.506500640969904 ] ] } },
{ "type": "Feature", "properties": { "ward": 106, "source_sheet": "106_garfa2.pdf p2", "source": "KMC ward sewerage network map (ArcMap GeoPDF)", "extraction_method": "geopdf_vector", "georef_max_residual_m": 2.5, "conduit_type": "pipe", "pipe_diameter_mm": 300.0, "diameter_source": "legend_colour", "diameter_candidates_mm": null, "label_diameter_mm": 300.0, "label_agrees": true, "scheme": null, "flow_arrow": "end" }, "geometry": { "type": "LineString", "coordinates": [ [ 88.390451712309527, 22.506915674637657 ], [ 88.390723298205629, 22.506844583239442 ] ] } },
{ "type": "Feature", "properties": { "ward": 106, "source_sheet": "106_garfa2.pdf p2", "source": "KMC ward sewerage network map (ArcMap GeoPDF)", "extraction_method": "geopdf_vector", "georef_max_residual_m": 2.5, "conduit_type": "pipe", "pipe_diameter_mm": 300.0, "diameter_source": "legend_colour", "diameter_candidates_mm": null, "label_diameter_mm": 300.0, "label_agrees": true, "scheme": null, "flow_arrow": "end" }, "geometry": { "type": "LineString", "coordinates": [ [ 88.386837652627534, 22.501443004373325 ], [ 88.386859219561146, 22.501513610539543 ], [ 88.386883118581238, 22.501586341256765 ] ] } },
{ "type": "Feature", "properties": { "ward": 106, "source_sheet": "106_garfa2.pdf p2", "source": "KMC ward sewerage network map (ArcMap GeoPDF)", "extraction_method": "geopdf_vector", "georef_max_residual_m": 2.5, "conduit_type": "pipe", "pipe_diameter_mm": 300.0, "diameter_source": "legend_colour", "diameter_candidates_mm": null, "label_diameter_mm": 300.0, "label_agrees": true, "scheme": null, "flow_arrow": "end" }, "geometry": { "type": "LineString", "coordinates": [ [ 88.386883118581238, 22.501586341256765 ], [ 88.386909205088173, 22.501648325234239 ], [ 88.386935219215673, 22.501703864622868 ], [ 88.386956545230234, 22.501753018620963 ], [ 88.387073889896485, 22.501719786668794 ], [ 88.387214227334269, 22.501677767048996 ], [ 88.387356848636401, 22.501633590368694 ], [ 88.387490276496223, 22.501593777815422 ] ] } },
{ "type": "Feature", "properties": { "ward": 106, "source_sheet": "106_garfa2.pdf p2", "source": "KMC ward sewerage network map (ArcMap GeoPDF)", "extraction_method": "geopdf_vector", "georef_max_residual_m": 2.5, "conduit_type": "pipe", "pipe_diameter_mm": 300.0, "diameter_source": "legend_colour", "diameter_candidates_mm": null, "label_diameter_mm": 300.0, "label_agrees": true, "scheme": null, "flow_arrow": "end" }, "geometry": { "type": "LineString", "coordinates": [ [ 88.388681179689556, 22.506708431067402 ], [ 88.388697673881893, 22.506738319207241 ], [ 88.3887213818319, 22.506793887817224 ], [ 88.388604844305604, 22.506900058438035 ], [ 88.388636489991612, 22.507045663893017 ], [ 88.388658517399094, 22.507157028705194 ], [ 88.388680747536768, 22.507285555118937 ], [ 88.388702895701599, 22.507407645976652 ], [ 88.388724899101007, 22.507516865557669 ], [ 88.388710527665665, 22.507675666669645 ] ] } },
{ "type": "Feature", "properties": { "ward": 106, "source_sheet": "106_garfa2.pdf p2", "source": "KMC ward sewerage network map (ArcMap GeoPDF)", "extraction_method": "geopdf_vector", "georef_max_residual_m": 2.5, "conduit_type": "pipe", "pipe_diameter_mm": 225.0, "diameter_source": "legend_colour", "diameter_candidates_mm": null, "label_diameter_mm": 225.0, "label_agrees": true, "scheme": null, "flow_arrow": "end" }, "geometry": { "type": "LineString", "coordinates": [ [ 88.389782204091858, 22.505267566335466 ], [ 88.389758302935462, 22.505194845127647 ], [ 88.389894041368109, 22.505155009758287 ], [ 88.389836765251459, 22.504988180201135 ], [ 88.389798605404678, 22.504879105690687 ], [ 88.389690321912695, 22.504897240428182 ] ] } },
{ "type": "Feature", "properties": { "ward": 106, "source_sheet": "106_garfa2.pdf p2", "source": "KMC ward sewerage network map (ArcMap GeoPDF)", "extraction_method": "geopdf_vector", "georef_max_residual_m": 2.5, "conduit_type": "pipe", "pipe_diameter_mm": 300.0, "diameter_source": "legend_colour", "diameter_candidates_mm": null, "label_diameter_mm": 300.0, "label_agrees": true, "scheme": null, "flow_arrow": "end" }, "geometry": { "type": "LineString", "coordinates": [ [ 88.393676193969767, 22.501568299406941 ], [ 88.393755059069747, 22.502011675460356 ], [ 88.393464981819136, 22.502078646986682 ], [ 88.39331979787768, 22.502099261306082 ], [ 88.393149226269955, 22.502120103743966 ], [ 88.39305243691031, 22.50213384645107 ], [ 88.39294410769952, 22.502147692834612 ], [ 88.392847222128054, 22.502161436284766 ], [ 88.392727377226393, 22.502177531459964 ] ] } },
{ "type": "Feature", "properties": { "ward": 106, "source_sheet": "106_garfa2.pdf p2", "source": "KMC ward sewerage network map (ArcMap GeoPDF)", "extraction_method": "geopdf_vector", "georef_max_residual_m": 2.5, "conduit_type": "pipe", "pipe_diameter_mm": 300.0, "diameter_source": "legend_colour", "diameter_candidates_mm": null, "label_diameter_mm": 300.0, "label_agrees": true, "scheme": null, "flow_arrow": "end" }, "geometry": { "type": "LineString", "coordinates": [ [ 88.385634141907346, 22.501157711910285 ], [ 88.385593052497356, 22.500992881151156 ], [ 88.38577278389873, 22.500965528506597 ], [ 88.385970988555343, 22.500938019352315 ], [ 88.386065166572351, 22.500896413660698 ], [ 88.38615705105137, 22.500856973866853 ], [ 88.386253527286655, 22.500815347507945 ], [ 88.386379679137917, 22.50074341952261 ], [ 88.386552399408288, 22.500707547037241 ], [ 88.386729677663723, 22.500667342713626 ], [ 88.386876865721391, 22.500618825815899 ], [ 88.386987598942326, 22.50061354374122 ], [ 88.387092936387944, 22.500743472034117 ], [ 88.38718189182805, 22.500854238040677 ] ] } },
{ "type": "Feature", "properties": { "ward": 106, "source_sheet": "106_garfa2.pdf p2", "source": "KMC ward sewerage network map (ArcMap GeoPDF)", "extraction_method": "geopdf_vector", "georef_max_residual_m": 2.5, "conduit_type": "pipe", "pipe_diameter_mm": 300.0, "diameter_source": "legend_colour", "diameter_candidates_mm": null, "label_diameter_mm": 300.0, "label_agrees": true, "scheme": null, "flow_arrow": "end" }, "geometry": { "type": "LineString", "coordinates": [ [ 88.396958429032168, 22.508090673494412 ], [ 88.396975167765831, 22.508142012720867 ], [ 88.396994287364976, 22.508199766746198 ], [ 88.397015763571886, 22.50826179036542 ], [ 88.397058813105772, 22.508394418405562 ], [ 88.397034931735234, 22.508323834790794 ], [ 88.397077957044885, 22.508454317619304 ], [ 88.397099433334489, 22.508516341221565 ], [ 88.39715159398655, 22.508638159960416 ], [ 88.397196539316795, 22.50873429867433 ] ] } },
{ "type": "Feature", "properties": { "ward": 106, "source_sheet": "106_garfa2.pdf p2", "source": "KMC ward sewerage network map (ArcMap GeoPDF)", "extraction_method": "geopdf_vector", "georef_max_residual_m": 2.5, "conduit_type": "pipe", "pipe_diameter_mm": 225.0, "diameter_source": "legend_colour", "diameter_candidates_mm": null, "label_diameter_mm": 225.0, "label_agrees": true, "scheme": null, "flow_arrow": "end" }, "geometry": { "type": "LineString", "coordinates": [ [ 88.396343910858675, 22.50763709220448 ], [ 88.396392307220395, 22.50763021978447 ], [ 88.396454527640842, 22.507621077337081 ], [ 88.396512156201254, 22.507614121675203 ], [ 88.396569760498565, 22.507605020788663 ], [ 88.396588976871186, 22.507671355695322 ], [ 88.396608120493212, 22.507731254985472 ], [ 88.396624907562952, 22.50778688466778 ], [ 88.396641743162405, 22.507846804755655 ], [ 88.396660886835392, 22.507906704035889 ], [ 88.396672936543524, 22.507951649298697 ], [ 88.396687294319349, 22.507996573754795 ], [ 88.39670167636389, 22.508043643412972 ] ] } },
{ "type": "Feature", "properties": { "ward": 106, "source_sheet": "106_garfa2.pdf p2", "source": "KMC ward sewerage network map (ArcMap GeoPDF)", "extraction_method": "geopdf_vector", "georef_max_residual_m": 2.5, "conduit_type": "pipe", "pipe_diameter_mm": 300.0, "diameter_source": "legend_colour", "diameter_candidates_mm": null, "label_diameter_mm": 300.0, "label_agrees": true, "scheme": null, "flow_arrow": "end" }, "geometry": { "type": "LineString", "coordinates": [ [ 88.398565103133208, 22.508498827963532 ], [ 88.398431623900365, 22.508534359431255 ], [ 88.398284344758565, 22.508574306168459 ], [ 88.398118649543875, 22.508618709791019 ] ] } },
{ "type": "Feature", "properties": { "ward": 106, "source_sheet": "106_garfa2.pdf p2", "source": "KMC ward sewerage network map (ArcMap GeoPDF)", "extraction_method": "geopdf_vector", "georef_max_residual_m": 2.5, "conduit_type": "pipe", "pipe_diameter_mm": 300.0, "diameter_source": "legend_colour", "diameter_candidates_mm": null, "label_diameter_mm": 300.0, "label_agrees": true, "scheme": null, "flow_arrow": "end" }, "geometry": { "type": "LineString", "coordinates": [ [ 88.386150720497994, 22.500498752404106 ], [ 88.386174618948189, 22.500571483262839 ], [ 88.386193732809701, 22.500629229964332 ], [ 88.386212870877713, 22.500689130816571 ], [ 88.386227224440432, 22.500734056453418 ], [ 88.386241529834166, 22.500774691656769 ], [ 88.386253527286655, 22.500815347507945 ] ] } },
{ "type": "Feature", "properties": { "ward": 106, "source_sheet": "106_garfa2.pdf p2", "source": "KMC ward sewerage network map (ArcMap GeoPDF)", "extraction_method": "geopdf_vector", "georef_max_residual_m": 2.5, "conduit_type": "pipe", "pipe_diameter_mm": 300.0, "diameter_source": "legend_colour", "diameter_candidates_mm": null, "label_diameter_mm": 300.0, "label_agrees": true, "scheme": null, "flow_arrow": "end" }, "geometry": { "type": "LineString", "coordinates": [ [ 88.386150720497994, 22.500498752404106 ], [ 88.386119729632298, 22.500411066970717 ], [ 88.386088714721893, 22.500321236312448 ], [ 88.386057724041066, 22.500233559799693 ], [ 88.386029055710353, 22.500147998995907 ], [ 88.385998209521105, 22.500073184824625 ], [ 88.385976811876361, 22.500017595010998 ] ] } },
{ "type": "Feature", "properties": { "ward": 106, "source_sheet": "106_garfa2.pdf p2", "source": "KMC ward sewerage network map (ArcMap GeoPDF)", "extraction_method": "geopdf_vector", "georef_max_residual_m": 2.5, "conduit_type": "pipe", "pipe_diameter_mm": 225.0, "diameter_source": "legend_colour", "diameter_candidates_mm": null, "label_diameter_mm": 225.0, "label_agrees": true, "scheme": null, "flow_arrow": "end" }, "geometry": { "type": "LineString", "coordinates": [ [ 88.385634141907346, 22.501157711910285 ], [ 88.385510489860707, 22.501246780437512 ], [ 88.385450531104041, 22.501251607483962 ], [ 88.385392880300316, 22.501256413870557 ], [ 88.385321381740113, 22.501261344057657 ], [ 88.385245281713765, 22.50126846078712 ], [ 88.38517839905613, 22.501273349639945 ], [ 88.385104592515034, 22.50127830036627 ], [ 88.385079541975387, 22.501308560367949 ], [ 88.385054491324695, 22.501338811427772 ], [ 88.385001446767006, 22.501343576496669 ], [ 88.384934564058923, 22.501348465250445 ], [ 88.384853857650015, 22.501355622974749 ], [ 88.384768535308908, 22.501362821916874 ], [ 88.384669379639732, 22.501372289882671 ], [ 88.384588673195665, 22.50137944747545 ], [ 88.384491825457502, 22.501388894706764 ], [ 88.384413426951213, 22.501396031587682 ], [ 88.384335028434677, 22.501403168430826 ], [ 88.384261221772363, 22.501408118775533 ], [ 88.384175913792035, 22.501417462710208 ] ] } },
{ "type": "Feature", "properties": { "ward": 106, "source_sheet": "106_garfa2.pdf p2", "source": "KMC ward sewerage network map (ArcMap GeoPDF)", "extraction_method": "geopdf_vector", "georef_max_residual_m": 2.5, "conduit_type": "pipe", "pipe_diameter_mm": 300.0, "diameter_source": "legend_colour", "diameter_candidates_mm": null, "label_diameter_mm": 300.0, "label_agrees": true, "scheme": null, "flow_arrow": "end" }, "geometry": { "type": "LineString", "coordinates": [ [ 88.398518092570043, 22.508220347476872 ], [ 88.398491611009888, 22.508124042515824 ], [ 88.398465178061784, 22.508032027952304 ], [ 88.398433910471795, 22.507920748219636 ] ] } },
{ "type": "Feature", "properties": { "ward": 106, "source_sheet": "106_garfa2.pdf p2", "source": "KMC ward sewerage network map (ArcMap GeoPDF)", "extraction_method": "geopdf_vector", "georef_max_residual_m": 2.5, "conduit_type": "pipe", "pipe_diameter_mm": 300.0, "diameter_source": "legend_colour", "diameter_candidates_mm": null, "label_diameter_mm": 300.0, "label_agrees": true, "scheme": null, "flow_arrow": "end" }, "geometry": { "type": "LineString", "coordinates": [ [ 88.3886277709436, 22.499292321965999 ], [ 88.388589927465546, 22.499211134749387 ], [ 88.388552026271384, 22.499125666117319 ], [ 88.388511778478289, 22.499035918700894 ], [ 88.38839446056528, 22.499071296794078 ], [ 88.388347168535873, 22.498970885294973 ] ] } },
{ "type": "Feature", "properties": { "ward": 106, "source_sheet": "106_garfa2.pdf p2", "source": "KMC ward sewerage network map (ArcMap GeoPDF)", "extraction_method": "geopdf_vector", "georef_max_residual_m": 2.5, "conduit_type": "pipe", "pipe_diameter_mm": 300.0, "diameter_source": "legend_colour", "diameter_candidates_mm": null, "label_diameter_mm": 300.0, "label_agrees": true, "scheme": null, "flow_arrow": "end" }, "geometry": { "type": "LineString", "coordinates": [ [ 88.394923374156832, 22.499795728196045 ], [ 88.394732857727419, 22.499889687254065 ], [ 88.394660512799135, 22.499819539250307 ], [ 88.394590524403526, 22.499753669796455 ], [ 88.394533850757554, 22.499640472182826 ] ] } },
{ "type": "Feature", "properties": { "ward": 106, "source_sheet": "106_garfa2.pdf p2", "source": "KMC ward sewerage network map (ArcMap GeoPDF)", "extraction_method": "geopdf_vector", "georef_max_residual_m": 2.5, "conduit_type": "pipe", "pipe_diameter_mm": 600.0, "diameter_source": "legend_colour", "diameter_candidates_mm": null, "label_diameter_mm": 600.0, "label_agrees": true, "scheme": null, "flow_arrow": "end" }, "geometry": { "type": "LineString", "coordinates": [ [ 88.394883445299016, 22.502391981118102 ], [ 88.394860735761966, 22.502220560440463 ], [ 88.394820143850922, 22.502100781981774 ], [ 88.39478193264398, 22.501987418357217 ], [ 88.394741340980445, 22.501867648806762 ], [ 88.394710295995949, 22.501775674915269 ], [ 88.394403870345471, 22.501825631824822 ], [ 88.394360535117059, 22.50166726024273 ], [ 88.394317296957524, 22.501517478411518 ] ] } },
{ "type": "Feature", "properties": { "ward": 106, "source_sheet": "106_garfa2.pdf p2", "source": "KMC ward sewerage network map (ArcMap GeoPDF)", "extraction_method": "geopdf_vector", "georef_max_residual_m": 2.5, "conduit_type": "pipe", "pipe_diameter_mm": 300.0, "diameter_source": "legend_colour", "diameter_candidates_mm": null, "label_diameter_mm": 300.0, "label_agrees": true, "scheme": null, "flow_arrow": "end" }, "geometry": { "type": "LineString", "coordinates": [ [ 88.386591922487113, 22.499705303783596 ], [ 88.386734845562984, 22.499689006686367 ], [ 88.386792091370296, 22.499853692535755 ], [ 88.386868268200075, 22.500058963160686 ], [ 88.386928636053796, 22.500090604274337 ], [ 88.386974794804345, 22.500090191092379 ], [ 88.387026629869482, 22.500184126045749 ], [ 88.38706460277858, 22.500276030704047 ], [ 88.387097805727265, 22.500355114406819 ], [ 88.387008123792171, 22.500385953274961 ], [ 88.386909267858144, 22.500421165074748 ], [ 88.386808103927294, 22.500456397473595 ], [ 88.386841330880756, 22.500537626447965 ], [ 88.386876865721391, 22.500618825815899 ] ] } },
{ "type": "Feature", "properties": { "ward": 106, "source_sheet": "106_garfa2.pdf p2", "source": "KMC ward sewerage network map (ArcMap GeoPDF)", "extraction_method": "geopdf_vector", "georef_max_residual_m": 2.5, "conduit_type": "pipe", "pipe_diameter_mm": 400.0, "diameter_source": "legend_colour", "diameter_candidates_mm": null, "label_diameter_mm": 400.0, "label_agrees": true, "scheme": null, "flow_arrow": "end" }, "geometry": { "type": "LineString", "coordinates": [ [ 88.391078608880605, 22.508875168159403 ], [ 88.391084457860472, 22.50898453237135 ], [ 88.391090451894101, 22.509106767835355 ], [ 88.391096494291546, 22.509233293714779 ], [ 88.391104893141474, 22.509364089283057 ], [ 88.391110911402947, 22.50948846994789 ], [ 88.391116736288055, 22.509595688939122 ], [ 88.391122561186975, 22.509702907928308 ] ] } },
{ "type": "Feature", "properties": { "ward": 106, "source_sheet": "106_garfa2.pdf p2", "source": "KMC ward sewerage network map (ArcMap GeoPDF)", "extraction_method": "geopdf_vector", "georef_max_residual_m": 2.5, "conduit_type": "pipe", "pipe_diameter_mm": 300.0, "diameter_source": "legend_colour", "diameter_candidates_mm": null, "label_diameter_mm": 300.0, "label_agrees": true, "scheme": null, "flow_arrow": "end" }, "geometry": { "type": "LineString", "coordinates": [ [ 88.391778144542698, 22.508066495854887 ], [ 88.391676468769433, 22.508056682115054 ], [ 88.39153373141616, 22.508090145658379 ], [ 88.391395610120114, 22.508123567619606 ], [ 88.391259796818289, 22.508156968738039 ], [ 88.391279566816394, 22.50827264420742 ], [ 88.391301644923843, 22.508388298942752 ], [ 88.39124870434155, 22.508401646940495 ], [ 88.39119347985077, 22.508417160857277 ], [ 88.391129047232496, 22.5084349028688 ], [ 88.391060022624018, 22.508454831514516 ] ] } },
{ "type": "Feature", "properties": { "ward": 106, "source_sheet": "106_garfa2.pdf p2", "source": "KMC ward sewerage network map (ArcMap GeoPDF)", "extraction_method": "geopdf_vector", "georef_max_residual_m": 2.5, "conduit_type": "pipe", "pipe_diameter_mm": 300.0, "diameter_source": "legend_colour", "diameter_candidates_mm": null, "label_diameter_mm": 300.0, "label_agrees": true, "scheme": null, "flow_arrow": "end" }, "geometry": { "type": "LineString", "coordinates": [ [ 88.392557346567386, 22.508591559358564 ], [ 88.392562978922882, 22.508681616592355 ], [ 88.392568587093393, 22.508769528616856 ], [ 88.39257419527425, 22.508857440639879 ], [ 88.392593521532447, 22.509138317613548 ], [ 88.392678920568073, 22.509137549933815 ] ] } },
{ "type": "Feature", "properties": { "ward": 106, "source_sheet": "106_garfa2.pdf p2", "source": "KMC ward sewerage network map (ArcMap GeoPDF)", "extraction_method": "geopdf_vector", "georef_max_residual_m": 2.5, "conduit_type": "pipe", "pipe_diameter_mm": 450.0, "diameter_source": "legend_colour", "diameter_candidates_mm": null, "label_diameter_mm": 450.0, "label_agrees": true, "scheme": null, "flow_arrow": "end" }, "geometry": { "type": "LineString", "coordinates": [ [ 88.399074263821831, 22.506578459619536 ], [ 88.399309221543945, 22.506535575113023 ], [ 88.399544203402485, 22.506494835472637 ], [ 88.399522434801554, 22.506407069798463 ], [ 88.399498212403188, 22.506306453751517 ], [ 88.399474111338705, 22.50621654583113 ], [ 88.399447532494449, 22.506111669148606 ] ] } },
{ "type": "Feature", "properties": { "ward": 106, "source_sheet": "106_garfa2.pdf p2", "source": "KMC ward sewerage network map (ArcMap GeoPDF)", "extraction_method": "geopdf_vector", "georef_max_residual_m": 2.5, "conduit_type": "pipe", "pipe_diameter_mm": 300.0, "diameter_source": "legend_colour", "diameter_candidates_mm": null, "label_diameter_mm": 300.0, "label_agrees": true, "scheme": null, "flow_arrow": "end" }, "geometry": { "type": "LineString", "coordinates": [ [ 88.387371342286386, 22.502307107812641 ], [ 88.387374686832842, 22.50239932242151 ], [ 88.387380387682555, 22.502495815728725 ], [ 88.387383732347303, 22.502588039273181 ], [ 88.387386956473961, 22.502669536745376 ], [ 88.387390252834805, 22.50275746092062 ], [ 88.387393476975035, 22.50283895839064 ] ] } },
{ "type": "Feature", "properties": { "ward": 106, "source_sheet": "106_garfa2.pdf p2", "source": "KMC ward sewerage network map (ArcMap GeoPDF)", "extraction_method": "geopdf_vector", "georef_max_residual_m": 2.5, "conduit_type": "pipe", "pipe_diameter_mm": 400.0, "diameter_source": "legend_colour", "diameter_candidates_mm": null, "label_diameter_mm": 400.0, "label_agrees": true, "scheme": null, "flow_arrow": "end" }, "geometry": { "type": "LineString", "coordinates": [ [ 88.392503057558812, 22.505824537621073 ], [ 88.39248379503222, 22.505753911683012 ], [ 88.392462103548667, 22.505672580440446 ], [ 88.392440363712552, 22.505586958775467 ], [ 88.392413862824412, 22.505488516274916 ], [ 88.392389790843438, 22.505400770131214 ], [ 88.392360885159391, 22.505293758583676 ] ] } },
{ "type": "Feature", "properties": { "ward": 106, "source_sheet": "106_garfa2.pdf p2", "source": "KMC ward sewerage network map (ArcMap GeoPDF)", "extraction_method": "geopdf_vector", "georef_max_residual_m": 2.5, "conduit_type": "pipe", "pipe_diameter_mm": 300.0, "diameter_source": "legend_colour", "diameter_candidates_mm": null, "label_diameter_mm": 300.0, "label_agrees": true, "scheme": null, "flow_arrow": "end" }, "geometry": { "type": "LineString", "coordinates": [ [ 88.384849705488151, 22.499956874046905 ], [ 88.384737016049556, 22.499994353603441 ], [ 88.384519973606601, 22.499987711553032 ], [ 88.384421155735467, 22.5000272123659 ], [ 88.384338430821529, 22.500060133030996 ], [ 88.384262605628791, 22.500090846576057 ], [ 88.384103420300946, 22.500098705057169 ], [ 88.38399037932291, 22.500104005750618 ], [ 88.383932286338194, 22.500070197754237 ] ] } },
{ "type": "Feature", "properties": { "ward": 106, "source_sheet": "106_garfa2.pdf p2", "source": "KMC ward sewerage network map (ArcMap GeoPDF)", "extraction_method": "geopdf_vector", "georef_max_residual_m": 2.5, "conduit_type": "pipe", "pipe_diameter_mm": 300.0, "diameter_source": "legend_colour", "diameter_candidates_mm": null, "label_diameter_mm": 300.0, "label_agrees": true, "scheme": null, "flow_arrow": "end" }, "geometry": { "type": "LineString", "coordinates": [ [ 88.390438357080058, 22.499784543945768 ], [ 88.390457569169513, 22.499850870911086 ], [ 88.390474449294615, 22.499915082308423 ], [ 88.390389418128976, 22.499948026715856 ], [ 88.390416665165176, 22.500112980253558 ], [ 88.390359271165892, 22.500141385805545 ], [ 88.390205001763732, 22.5001749513475 ], [ 88.390055338434749, 22.500208466485944 ], [ 88.389930999613725, 22.500235326984644 ] ] } },
{ "type": "Feature", "properties": { "ward": 106, "source_sheet": "106_garfa2.pdf p2", "source": "KMC ward sewerage network map (ArcMap GeoPDF)", "extraction_method": "geopdf_vector", "georef_max_residual_m": 2.5, "conduit_type": "pipe", "pipe_diameter_mm": 300.0, "diameter_source": "legend_colour", "diameter_candidates_mm": null, "label_diameter_mm": 300.0, "label_agrees": true, "scheme": null, "flow_arrow": "end" }, "geometry": { "type": "LineString", "coordinates": [ [ 88.385609379197376, 22.50902716725496 ], [ 88.385673634341828, 22.50919822680379 ], [ 88.385723886937427, 22.509356539013964 ], [ 88.385724392843684, 22.50940158850668 ], [ 88.385648779827335, 22.509451609836933 ], [ 88.385659288968739, 22.509565223583856 ], [ 88.385669846313249, 22.50968312775548 ], [ 88.385682759962563, 22.509805301702571 ], [ 88.385695818186349, 22.509940346928577 ], [ 88.385706399699998, 22.51006039630326 ], [ 88.385719506168243, 22.51019973194829 ] ] } },
{ "type": "Feature", "properties": { "ward": 106, "source_sheet": "106_garfa2.pdf p2", "source": "KMC ward sewerage network map (ArcMap GeoPDF)", "extraction_method": "geopdf_vector", "georef_max_residual_m": 2.5, "conduit_type": "pipe", "pipe_diameter_mm": 300.0, "diameter_source": "legend_colour", "diameter_candidates_mm": null, "label_diameter_mm": null, "label_agrees": null, "scheme": null, "flow_arrow": "end" }, "geometry": { "type": "LineString", "coordinates": [ [ 88.393121563317848, 22.509079934528604 ], [ 88.393239130186842, 22.50906600473807 ] ] } },
{ "type": "Feature", "properties": { "ward": 106, "source_sheet": "106_garfa2.pdf p2", "source": "KMC ward sewerage network map (ArcMap GeoPDF)", "extraction_method": "geopdf_vector", "georef_max_residual_m": 2.5, "conduit_type": "pipe", "pipe_diameter_mm": 225.0, "diameter_source": "legend_colour", "diameter_candidates_mm": null, "label_diameter_mm": null, "label_agrees": null, "scheme": null, "flow_arrow": "end" }, "geometry": { "type": "LineString", "coordinates": [ [ 88.391977622805854, 22.508766257887252 ], [ 88.391878472252984, 22.508775730439393 ] ] } },
{ "type": "Feature", "properties": { "ward": 106, "source_sheet": "106_garfa2.pdf p2", "source": "KMC ward sewerage network map (ArcMap GeoPDF)", "extraction_method": "geopdf_vector", "georef_max_residual_m": 2.5, "conduit_type": "pipe", "pipe_diameter_mm": 300.0, "diameter_source": "legend_colour", "diameter_candidates_mm": null, "label_diameter_mm": 300.0, "label_agrees": true, "scheme": null, "flow_arrow": "end" }, "geometry": { "type": "LineString", "coordinates": [ [ 88.388098606187214, 22.507247863930761 ], [ 88.38821846578017, 22.507231771876324 ], [ 88.388333723743287, 22.507217866402069 ], [ 88.388353515277103, 22.507335687585613 ], [ 88.388368545956652, 22.507440678862498 ], [ 88.388383503268557, 22.507539145115796 ], [ 88.388400938583814, 22.507652696546579 ] ] } },
{ "type": "Feature", "properties": { "ward": 106, "source_sheet": "106_garfa2.pdf p2", "source": "KMC ward sewerage network map (ArcMap GeoPDF)", "extraction_method": "geopdf_vector", "georef_max_residual_m": 2.5, "conduit_type": "pipe", "pipe_diameter_mm": 300.0, "diameter_source": "legend_colour", "diameter_candidates_mm": null, "label_diameter_mm": 300.0, "label_agrees": true, "scheme": null, "flow_arrow": "end" }, "geometry": { "type": "LineString", "coordinates": [ [ 88.389690321912695, 22.504897240428182 ], [ 88.389659052583696, 22.504785967582624 ], [ 88.38962526750187, 22.504655399499399 ] ] } },
{ "type": "Feature", "properties": { "ward": 106, "source_sheet": "106_garfa2.pdf p2", "source": "KMC ward sewerage network map (ArcMap GeoPDF)", "extraction_method": "geopdf_vector", "georef_max_residual_m": 2.5, "conduit_type": "pipe", "pipe_diameter_mm": 300.0, "diameter_source": "legend_colour", "diameter_candidates_mm": null, "label_diameter_mm": 300.0, "label_agrees": true, "scheme": null, "flow_arrow": "end" }, "geometry": { "type": "LineString", "coordinates": [ [ 88.384902237662928, 22.503815947029164 ], [ 88.38488771564225, 22.503756004771851 ], [ 88.384875501634923, 22.503696041879813 ], [ 88.384856147003418, 22.503616833935641 ], [ 88.384839244818437, 22.50355047665348 ], [ 88.384824746929567, 22.503492679602143 ], [ 88.384817413843919, 22.503456281756751 ] ] } },
{ "type": "Feature", "properties": { "ward": 106, "source_sheet": "106_garfa2.pdf p2", "source": "KMC ward sewerage network map (ArcMap GeoPDF)", "extraction_method": "geopdf_vector", "georef_max_residual_m": 2.5, "conduit_type": "pipe", "pipe_diameter_mm": 300.0, "diameter_source": "legend_colour", "diameter_candidates_mm": null, "label_diameter_mm": 300.0, "label_agrees": true, "scheme": null, "flow_arrow": "end" }, "geometry": { "type": "LineString", "coordinates": [ [ 88.389862473295267, 22.508911829067362 ], [ 88.389880248210474, 22.509055413191909 ], [ 88.389900282946741, 22.509194686180997 ], [ 88.389918033798608, 22.509336125082626 ], [ 88.389935663915708, 22.509466837928031 ] ] } },
{ "type": "Feature", "properties": { "ward": 106, "source_sheet": "106_garfa2.pdf p2", "source": "KMC ward sewerage network map (ArcMap GeoPDF)", "extraction_method": "geopdf_vector", "georef_max_residual_m": 2.5, "conduit_type": "pipe", "pipe_diameter_mm": 300.0, "diameter_source": "legend_colour", "diameter_candidates_mm": null, "label_diameter_mm": 300.0, "label_agrees": true, "scheme": null, "flow_arrow": "end" }, "geometry": { "type": "LineString", "coordinates": [ [ 88.389862473295267, 22.508911829067362 ], [ 88.389758730408644, 22.508923486953005 ], [ 88.389650361720498, 22.508935186269309 ], [ 88.389544310708857, 22.508946864723686 ] ] } },
{ "type": "Feature", "properties": { "ward": 106, "source_sheet": "106_garfa2.pdf p2", "source": "KMC ward sewerage network map (ArcMap GeoPDF)", "extraction_method": "geopdf_vector", "georef_max_residual_m": 2.5, "conduit_type": "pipe", "pipe_diameter_mm": 300.0, "diameter_source": "legend_colour", "diameter_candidates_mm": null, "label_diameter_mm": 300.0, "label_agrees": true, "scheme": null, "flow_arrow": "end" }, "geometry": { "type": "LineString", "coordinates": [ [ 88.388940082246165, 22.508177784189289 ], [ 88.389120000587269, 22.508165443788638 ], [ 88.389297586671134, 22.508150978677037 ], [ 88.389374018548935, 22.508173892897247 ], [ 88.389400687061595, 22.508287361363365 ], [ 88.389425023403163, 22.508398705312043 ], [ 88.389461827385801, 22.50859146366361 ], [ 88.389496168899498, 22.508771371522641 ], [ 88.389544310708857, 22.508946864723686 ] ] } },
{ "type": "Feature", "properties": { "ward": 106, "source_sheet": "106_garfa2.pdf p2", "source": "KMC ward sewerage network map (ArcMap GeoPDF)", "extraction_method": "geopdf_vector", "georef_max_residual_m": 2.5, "conduit_type": "pipe", "pipe_diameter_mm": 300.0, "diameter_source": "legend_colour", "diameter_candidates_mm": null, "label_diameter_mm": 300.0, "label_agrees": true, "scheme": null, "flow_arrow": "end" }, "geometry": { "type": "LineString", "coordinates": [ [ 88.387784863580706, 22.509728555314382 ], [ 88.387375016002736, 22.509822334755963 ] ] } },
{ "type": "Feature", "properties": { "ward": 106, "source_sheet": "106_garfa2.pdf p2", "source": "KMC ward sewerage network map (ArcMap GeoPDF)", "extraction_method": "geopdf_vector", "georef_max_residual_m": 2.5, "conduit_type": "pipe", "pipe_diameter_mm": 300.0, "diameter_source": "legend_colour", "diameter_candidates_mm": null, "label_diameter_mm": 300.0, "label_agrees": true, "scheme": null, "flow_arrow": "end" }, "geometry": { "type": "LineString", "coordinates": [ [ 88.384620559448024, 22.506073250603869 ], [ 88.384640443924113, 22.506199653290047 ] ] } },
{ "type": "Feature", "properties": { "ward": 106, "source_sheet": "106_garfa2.pdf p2", "source": "KMC ward sewerage network map (ArcMap GeoPDF)", "extraction_method": "geopdf_vector", "georef_max_residual_m": 2.5, "conduit_type": "pipe", "pipe_diameter_mm": 300.0, "diameter_source": "legend_colour", "diameter_candidates_mm": null, "label_diameter_mm": 300.0, "label_agrees": true, "scheme": null, "flow_arrow": "end" }, "geometry": { "type": "LineString", "coordinates": [ [ 88.387087357391806, 22.499836031539818 ], [ 88.387119143978452, 22.499994499930686 ], [ 88.386974794804345, 22.500090191092379 ] ] } },
{ "type": "Feature", "properties": { "ward": 106, "source_sheet": "106_garfa2.pdf p2", "source": "KMC ward sewerage network map (ArcMap GeoPDF)", "extraction_method": "geopdf_vector", "georef_max_residual_m": 2.5, "conduit_type": "pipe", "pipe_diameter_mm": 300.0, "diameter_source": "legend_colour", "diameter_candidates_mm": null, "label_diameter_mm": 300.0, "label_agrees": true, "scheme": null, "flow_arrow": "end" }, "geometry": { "type": "LineString", "coordinates": [ [ 88.386117380456469, 22.50184634575583 ], [ 88.386260281707749, 22.50182790375473 ], [ 88.386328663023846, 22.501750056379926 ], [ 88.386883118581238, 22.501586341256765 ] ] } },
{ "type": "Feature", "properties": { "ward": 106, "source_sheet": "106_garfa2.pdf p2", "source": "KMC ward sewerage network map (ArcMap GeoPDF)", "extraction_method": "geopdf_vector", "georef_max_residual_m": 2.5, "conduit_type": "pipe", "pipe_diameter_mm": 300.0, "diameter_source": "legend_colour", "diameter_candidates_mm": null, "label_diameter_mm": 300.0, "label_agrees": true, "scheme": null, "flow_arrow": "end" }, "geometry": { "type": "LineString", "coordinates": [ [ 88.386157367200568, 22.502118448805685 ], [ 88.386117380456469, 22.50184634575583 ] ] } },
{ "type": "Feature", "properties": { "ward": 106, "source_sheet": "106_garfa2.pdf p2", "source": "KMC ward sewerage network map (ArcMap GeoPDF)", "extraction_method": "geopdf_vector", "georef_max_residual_m": 2.5, "conduit_type": "pipe", "pipe_diameter_mm": 225.0, "diameter_source": "legend_colour", "diameter_candidates_mm": null, "label_diameter_mm": 225.0, "label_agrees": true, "scheme": null, "flow_arrow": "end" }, "geometry": { "type": "LineString", "coordinates": [ [ 88.388716621764033, 22.498572824478707 ], [ 88.388731530753248, 22.498667089796417 ], [ 88.388746463892318, 22.498763500324621 ], [ 88.388785199909677, 22.498924051486313 ], [ 88.388819987545972, 22.498938757713827 ], [ 88.388884498184083, 22.498927452368648 ], [ 88.388967414263391, 22.49891169116205 ], [ 88.389050354452323, 22.498898075127332 ], [ 88.389140179720627, 22.498880106469187 ] ] } },
{ "type": "Feature", "properties": { "ward": 106, "source_sheet": "106_garfa2.pdf p2", "source": "KMC ward sewerage network map (ArcMap GeoPDF)", "extraction_method": "geopdf_vector", "georef_max_residual_m": 2.5, "conduit_type": "pipe", "pipe_diameter_mm": 300.0, "diameter_source": "legend_colour", "diameter_candidates_mm": null, "label_diameter_mm": 300.0, "label_agrees": true, "scheme": null, "flow_arrow": "end" }, "geometry": { "type": "LineString", "coordinates": [ [ 88.389364944152092, 22.499367240432107 ], [ 88.389228767065305, 22.49936846135126 ], [ 88.389208928057812, 22.499246349715648 ], [ 88.389179905780779, 22.499128620200441 ], [ 88.389151148915232, 22.49903447908623 ], [ 88.389122343828163, 22.498936047536706 ], [ 88.389140179720627, 22.498880106469187 ], [ 88.389180346730186, 22.498757465820074 ], [ 88.389167455749373, 22.498637437307867 ], [ 88.389166200871855, 22.498525886199261 ], [ 88.389164921970078, 22.498412198813764 ], [ 88.389152899795647, 22.498369397986515 ], [ 88.389138569723229, 22.498326617846732 ] ] } },
{ "type": "Feature", "properties": { "ward": 106, "source_sheet": "106_garfa2.pdf p2", "source": "KMC ward sewerage network map (ArcMap GeoPDF)", "extraction_method": "geopdf_vector", "georef_max_residual_m": 2.5, "conduit_type": "pipe", "pipe_diameter_mm": 300.0, "diameter_source": "legend_colour", "diameter_candidates_mm": null, "label_diameter_mm": 300.0, "label_agrees": true, "scheme": null, "flow_arrow": "end" }, "geometry": { "type": "LineString", "coordinates": [ [ 88.390311717893709, 22.49919784160765 ], [ 88.390228850137191, 22.499217893931672 ], [ 88.390139082741669, 22.499240153539024 ], [ 88.390040098161876, 22.499264641207446 ], [ 88.389964129937027, 22.499282486078272 ], [ 88.389844542999882, 22.49932217643196 ], [ 88.389713498417322, 22.499368405743223 ] ] } },
{ "type": "Feature", "properties": { "ward": 106, "source_sheet": "106_garfa2.pdf p2", "source": "KMC ward sewerage network map (ArcMap GeoPDF)", "extraction_method": "geopdf_vector", "georef_max_residual_m": 2.5, "conduit_type": "pipe", "pipe_diameter_mm": 225.0, "diameter_source": "legend_colour", "diameter_candidates_mm": null, "label_diameter_mm": 225.0, "label_agrees": true, "scheme": null, "flow_arrow": "end" }, "geometry": { "type": "LineString", "coordinates": [ [ 88.388309743549215, 22.502006923652971 ], [ 88.388297576624311, 22.501951260439998 ], [ 88.388285481976638, 22.501902023927524 ] ] } },
{ "type": "Feature", "properties": { "ward": 106, "source_sheet": "106_garfa2.pdf p2", "source": "KMC ward sewerage network map (ArcMap GeoPDF)", "extraction_method": "geopdf_vector", "georef_max_residual_m": 2.5, "conduit_type": "pipe", "pipe_diameter_mm": 300.0, "diameter_source": "legend_colour", "diameter_candidates_mm": null, "label_diameter_mm": 300.0, "label_agrees": true, "scheme": null, "flow_arrow": "end" }, "geometry": { "type": "LineString", "coordinates": [ [ 88.388106149202969, 22.500322484515138 ], [ 88.387901359875713, 22.500380100191585 ], [ 88.387696570364909, 22.500437715615774 ] ] } },
{ "type": "Feature", "properties": { "ward": 106, "source_sheet": "106_garfa2.pdf p2", "source": "KMC ward sewerage network map (ArcMap GeoPDF)", "extraction_method": "geopdf_vector", "georef_max_residual_m": 2.5, "conduit_type": "pipe", "pipe_diameter_mm": 300.0, "diameter_source": "legend_colour", "diameter_candidates_mm": null, "label_diameter_mm": 300.0, "label_agrees": true, "scheme": null, "flow_arrow": "end" }, "geometry": { "type": "LineString", "coordinates": [ [ 88.388307884351605, 22.506767558007283 ], [ 88.388439235473598, 22.506747071964565 ], [ 88.388565960841845, 22.506726627278386 ], [ 88.388681179689556, 22.506708431067402 ] ] } },
{ "type": "Feature", "properties": { "ward": 106, "source_sheet": "106_garfa2.pdf p2", "source": "KMC ward sewerage network map (ArcMap GeoPDF)", "extraction_method": "geopdf_vector", "georef_max_residual_m": 2.5, "conduit_type": "pipe", "pipe_diameter_mm": 300.0, "diameter_source": "legend_colour", "diameter_candidates_mm": null, "label_diameter_mm": 300.0, "label_agrees": true, "scheme": null, "flow_arrow": "end" }, "geometry": { "type": "LineString", "coordinates": [ [ 88.388801472509087, 22.506936913524125 ], [ 88.388916850833638, 22.506933733705466 ], [ 88.388995334119699, 22.506933030039342 ], [ 88.3891734401505, 22.506965759878724 ] ] } },
{ "type": "Feature", "properties": { "ward": 106, "source_sheet": "106_garfa2.pdf p2", "source": "KMC ward sewerage network map (ArcMap GeoPDF)", "extraction_method": "geopdf_vector", "georef_max_residual_m": 2.5, "conduit_type": "pipe", "pipe_diameter_mm": 300.0, "diameter_source": "legend_colour", "diameter_candidates_mm": null, "label_diameter_mm": 300.0, "label_agrees": true, "scheme": null, "flow_arrow": "end" }, "geometry": { "type": "LineString", "coordinates": [ [ 88.389203665678551, 22.508419999399603 ], [ 88.389309740477586, 22.508410466398605 ], [ 88.389425023403163, 22.508398705312043 ] ] } },
{ "type": "Feature", "properties": { "ward": 106, "source_sheet": "106_garfa2.pdf p2", "source": "KMC ward sewerage network map (ArcMap GeoPDF)", "extraction_method": "geopdf_vector", "georef_max_residual_m": 2.5, "conduit_type": "pipe", "pipe_diameter_mm": 300.0, "diameter_source": "legend_colour", "diameter_candidates_mm": null, "label_diameter_mm": 300.0, "label_agrees": true, "scheme": null, "flow_arrow": "end" }, "geometry": { "type": "LineString", "coordinates": [ [ 88.385122066803291, 22.508593858121738 ], [ 88.385236411197567, 22.508498436638494 ], [ 88.385390074613937, 22.508409099700941 ], [ 88.385463716308479, 22.508389132156751 ], [ 88.38554428220894, 22.508369102642529 ], [ 88.385797337024101, 22.508291748818678 ] ] } },
{ "type": "Feature", "properties": { "ward": 106, "source_sheet": "106_garfa2.pdf p2", "source": "KMC ward sewerage network map (ArcMap GeoPDF)", "extraction_method": "geopdf_vector", "georef_max_residual_m": 2.5, "conduit_type": "pipe", "pipe_diameter_mm": 225.0, "diameter_source": "legend_colour", "diameter_candidates_mm": null, "label_diameter_mm": 225.0, "label_agrees": true, "scheme": null, "flow_arrow": "end" }, "geometry": { "type": "LineString", "coordinates": [ [ 88.385955712346529, 22.508210950926234 ], [ 88.3859680718855, 22.508283784944322 ], [ 88.385892025888111, 22.508295192507489 ], [ 88.385811378200245, 22.508308786634842 ] ] } },
{ "type": "Feature", "properties": { "ward": 106, "source_sheet": "106_garfa2.pdf p2", "source": "KMC ward sewerage network map (ArcMap GeoPDF)", "extraction_method": "geopdf_vector", "georef_max_residual_m": 2.5, "conduit_type": "pipe", "pipe_diameter_mm": 300.0, "diameter_source": "legend_colour", "diameter_candidates_mm": null, "label_diameter_mm": 300.0, "label_agrees": true, "scheme": null, "flow_arrow": "end" }, "geometry": { "type": "LineString", "coordinates": [ [ 88.386695354876153, 22.508912322824759 ], [ 88.386673690237785, 22.508833135900364 ], [ 88.386649621127518, 22.508745388780071 ], [ 88.386627971033377, 22.508668347144685 ] ] } },
{ "type": "Feature", "properties": { "ward": 106, "source_sheet": "106_garfa2.pdf p2", "source": "KMC ward sewerage network map (ArcMap GeoPDF)", "extraction_method": "geopdf_vector", "georef_max_residual_m": 2.5, "conduit_type": "pipe", "pipe_diameter_mm": 300.0, "diameter_source": "legend_colour", "diameter_candidates_mm": null, "label_diameter_mm": 300.0, "label_agrees": true, "scheme": null, "flow_arrow": "end" }, "geometry": { "type": "LineString", "coordinates": [ [ 88.386798874638927, 22.507853699535044 ], [ 88.386788364781395, 22.507740085879501 ] ] } },
{ "type": "Feature", "properties": { "ward": 106, "source_sheet": "106_garfa2.pdf p2", "source": "KMC ward sewerage network map (ArcMap GeoPDF)", "extraction_method": "geopdf_vector", "georef_max_residual_m": 2.5, "conduit_type": "pipe", "pipe_diameter_mm": 400.0, "diameter_source": "legend_colour", "diameter_candidates_mm": null, "label_diameter_mm": 400.0, "label_agrees": true, "scheme": null, "flow_arrow": "end" }, "geometry": { "type": "LineString", "coordinates": [ [ 88.390466063438893, 22.508189840011891 ], [ 88.390439273279696, 22.508065645714353 ], [ 88.390414887885342, 22.507950011532696 ], [ 88.39040026633532, 22.507881489104165 ], [ 88.390385548157667, 22.507804385832902 ], [ 88.390368521937887, 22.507727303273192 ], [ 88.390356256820837, 22.507663050542288 ], [ 88.390344112517468, 22.507609523860008 ], [ 88.390334252122742, 22.507553831252064 ] ] } },
{ "type": "Feature", "properties": { "ward": 106, "source_sheet": "106_garfa2.pdf p2", "source": "KMC ward sewerage network map (ArcMap GeoPDF)", "extraction_method": "geopdf_vector", "georef_max_residual_m": 2.5, "conduit_type": "pipe", "pipe_diameter_mm": 300.0, "diameter_source": "legend_colour", "diameter_candidates_mm": null, "label_diameter_mm": 300.0, "label_agrees": true, "scheme": null, "flow_arrow": "end" }, "geometry": { "type": "LineString", "coordinates": [ [ 88.390492790779618, 22.508307598584981 ], [ 88.390466063438893, 22.508189840011891 ] ] } },
{ "type": "Feature", "properties": { "ward": 106, "source_sheet": "106_garfa2.pdf p2", "source": "KMC ward sewerage network map (ArcMap GeoPDF)", "extraction_method": "geopdf_vector", "georef_max_residual_m": 2.5, "conduit_type": "pipe", "pipe_diameter_mm": 300.0, "diameter_source": "legend_colour", "diameter_candidates_mm": null, "label_diameter_mm": 300.0, "label_agrees": true, "scheme": null, "flow_arrow": "end" }, "geometry": { "type": "LineString", "coordinates": [ [ 88.390868858810904, 22.508495165599289 ], [ 88.390859022293171, 22.50844161825265 ], [ 88.39084685354409, 22.508385946417093 ], [ 88.390834612300594, 22.508323838951316 ], [ 88.390819869654933, 22.508244590528896 ], [ 88.390783895236638, 22.508124769609807 ], [ 88.390624967296816, 22.508156232282602 ], [ 88.390466063438893, 22.508189840011891 ] ] } },
{ "type": "Feature", "properties": { "ward": 106, "source_sheet": "106_garfa2.pdf p2", "source": "KMC ward sewerage network map (ArcMap GeoPDF)", "extraction_method": "geopdf_vector", "georef_max_residual_m": 2.5, "conduit_type": "pipe", "pipe_diameter_mm": 300.0, "diameter_source": "legend_colour", "diameter_candidates_mm": null, "label_diameter_mm": 300.0, "label_agrees": true, "scheme": null, "flow_arrow": "end" }, "geometry": { "type": "LineString", "coordinates": [ [ 88.391098726304534, 22.506768268167605 ], [ 88.39103648161894, 22.506775263335005 ], [ 88.390981161059443, 22.506782196311555 ], [ 88.390921195553275, 22.506789170971587 ], [ 88.390865874980221, 22.506796103909089 ], [ 88.390817478535837, 22.50680297466775 ], [ 88.39076215795005, 22.50680990757014 ], [ 88.390711419666729, 22.506814653893048 ] ] } },
{ "type": "Feature", "properties": { "ward": 106, "source_sheet": "106_garfa2.pdf p2", "source": "KMC ward sewerage network map (ArcMap GeoPDF)", "extraction_method": "geopdf_vector", "georef_max_residual_m": 2.5, "conduit_type": "pipe", "pipe_diameter_mm": 300.0, "diameter_source": "legend_colour", "diameter_candidates_mm": null, "label_diameter_mm": 300.0, "label_agrees": true, "scheme": null, "flow_arrow": "end" }, "geometry": { "type": "LineString", "coordinates": [ [ 88.387656262500798, 22.503628250667958 ], [ 88.38764558366826, 22.503499620533738 ] ] } },
{ "type": "Feature", "properties": { "ward": 106, "source_sheet": "106_garfa2.pdf p2", "source": "KMC ward sewerage network map (ArcMap GeoPDF)", "extraction_method": "geopdf_vector", "georef_max_residual_m": 2.5, "conduit_type": "pipe", "pipe_diameter_mm": 400.0, "diameter_source": "legend_colour", "diameter_candidates_mm": null, "label_diameter_mm": 400.0, "label_agrees": true, "scheme": null, "flow_arrow": "end" }, "geometry": { "type": "LineString", "coordinates": [ [ 88.389751710595547, 22.504609211355827 ], [ 88.389738794239165, 22.504487046753113 ], [ 88.389725781222708, 22.504356292361773 ], [ 88.389712913118416, 22.504238409235754 ], [ 88.389697616408668, 22.504109829687856 ], [ 88.389692010408595, 22.504021917412732 ], [ 88.389665535848522, 22.503925610601183 ], [ 88.389634314992733, 22.503818619210961 ], [ 88.389607792330452, 22.503718030898277 ], [ 88.389581366186263, 22.503626014487278 ], [ 88.389542989682496, 22.503497632961743 ], [ 88.389504637499229, 22.503371405571915 ], [ 88.389468689846325, 22.503253729379772 ] ] } },
{ "type": "Feature", "properties": { "ward": 106, "source_sheet": "106_garfa2.pdf p2", "source": "KMC ward sewerage network map (ArcMap GeoPDF)", "extraction_method": "geopdf_vector", "georef_max_residual_m": 2.5, "conduit_type": "pipe", "pipe_diameter_mm": 300.0, "diameter_source": "legend_colour", "diameter_candidates_mm": null, "label_diameter_mm": 300.0, "label_agrees": true, "scheme": null, "flow_arrow": "end" }, "geometry": { "type": "LineString", "coordinates": [ [ 88.388516256301713, 22.502923299007282 ], [ 88.388526356808896, 22.503000443941428 ], [ 88.38853410098902, 22.503073310193514 ], [ 88.388544225649383, 22.503152600337074 ], [ 88.388554326196072, 22.50322974526571 ], [ 88.388564475012572, 22.503311180618276 ], [ 88.38858089634968, 22.503334633165203 ], [ 88.388597341821097, 22.503360230922993 ] ] } },
{ "type": "Feature", "properties": { "ward": 106, "source_sheet": "106_garfa2.pdf p2", "source": "KMC ward sewerage network map (ArcMap GeoPDF)", "extraction_method": "geopdf_vector", "georef_max_residual_m": 2.5, "conduit_type": "pipe", "pipe_diameter_mm": 300.0, "diameter_source": "legend_colour", "diameter_candidates_mm": null, "label_diameter_mm": 300.0, "label_agrees": true, "scheme": null, "flow_arrow": "end" }, "geometry": { "type": "LineString", "coordinates": [ [ 88.389289284813941, 22.503311119312119 ], [ 88.3893016696384, 22.503386098263373 ], [ 88.389313957818857, 22.503452487425186 ], [ 88.389326294393499, 22.503523175947635 ], [ 88.38933622642837, 22.503585304315575 ], [ 88.389348611311021, 22.503660283258235 ] ] } },
{ "type": "Feature", "properties": { "ward": 106, "source_sheet": "106_garfa2.pdf p2", "source": "KMC ward sewerage network map (ArcMap GeoPDF)", "extraction_method": "geopdf_vector", "georef_max_residual_m": 2.5, "conduit_type": "pipe", "pipe_diameter_mm": 300.0, "diameter_source": "legend_colour", "diameter_candidates_mm": null, "label_diameter_mm": 300.0, "label_agrees": true, "scheme": null, "flow_arrow": "end" }, "geometry": { "type": "LineString", "coordinates": [ [ 88.389217906131364, 22.503326777335882 ], [ 88.389193667630096, 22.50322401408414 ], [ 88.38917431065012, 22.503144806775264 ], [ 88.389159690349047, 22.503076284138018 ], [ 88.389142689771134, 22.50300135549206 ], [ 88.389123347377947, 22.502924293470635 ], [ 88.389085261148949, 22.502821654344835 ], [ 88.389042510752347, 22.502714766163205 ], [ 88.389018755299588, 22.502654916057597 ] ] } },
{ "type": "Feature", "properties": { "ward": 106, "source_sheet": "106_garfa2.pdf p2", "source": "KMC ward sewerage network map (ArcMap GeoPDF)", "extraction_method": "geopdf_vector", "georef_max_residual_m": 2.5, "conduit_type": "pipe", "pipe_diameter_mm": 400.0, "diameter_source": "legend_colour", "diameter_candidates_mm": null, "label_diameter_mm": 400.0, "label_agrees": true, "scheme": null, "flow_arrow": "end" }, "geometry": { "type": "LineString", "coordinates": [ [ 88.389018755299588, 22.502654916057597 ], [ 88.38924400537708, 22.502569224822899 ], [ 88.389292521157714, 22.502573080666437 ] ] } },
{ "type": "Feature", "properties": { "ward": 106, "source_sheet": "106_garfa2.pdf p2", "source": "KMC ward sewerage network map (ArcMap GeoPDF)", "extraction_method": "geopdf_vector", "georef_max_residual_m": 2.5, "conduit_type": "pipe", "pipe_diameter_mm": 300.0, "diameter_source": "legend_colour", "diameter_candidates_mm": null, "label_diameter_mm": 300.0, "label_agrees": true, "scheme": null, "flow_arrow": "end" }, "geometry": { "type": "LineString", "coordinates": [ [ 88.390170070536996, 22.503017886066946 ], [ 88.390075554373695, 22.503029461196842 ], [ 88.389997179542604, 22.503038746038598 ], [ 88.389911880747803, 22.503048092954796 ], [ 88.389833496274079, 22.503057377804225 ], [ 88.389846122734809, 22.503153799881613 ], [ 88.389638780724567, 22.503189986505998 ], [ 88.389463880736372, 22.503236609078446 ] ] } },
{ "type": "Feature", "properties": { "ward": 106, "source_sheet": "106_garfa2.pdf p2", "source": "KMC ward sewerage network map (ArcMap GeoPDF)", "extraction_method": "geopdf_vector", "georef_max_residual_m": 2.5, "conduit_type": "pipe", "pipe_diameter_mm": 225.0, "diameter_source": "legend_colour", "diameter_candidates_mm": null, "label_diameter_mm": 225.0, "label_agrees": true, "scheme": null, "flow_arrow": "end" }, "geometry": { "type": "LineString", "coordinates": [ [ 88.38718626840577, 22.504119463252653 ], [ 88.387180127421118, 22.503778403824985 ], [ 88.387146851175473, 22.503692884572978 ], [ 88.387152376981746, 22.503568400157491 ], [ 88.387157758246033, 22.50343105339368 ] ] } },
{ "type": "Feature", "properties": { "ward": 106, "source_sheet": "106_garfa2.pdf p2", "source": "KMC ward sewerage network map (ArcMap GeoPDF)", "extraction_method": "geopdf_vector", "georef_max_residual_m": 2.5, "conduit_type": "pipe", "pipe_diameter_mm": 225.0, "diameter_source": "legend_colour", "diameter_candidates_mm": null, "label_diameter_mm": 225.0, "label_agrees": true, "scheme": null, "flow_arrow": "end" }, "geometry": { "type": "LineString", "coordinates": [ [ 88.386197045678628, 22.502568625352556 ], [ 88.386219238871035, 22.50269500719968 ], [ 88.386241311551444, 22.502810654025332 ], [ 88.386265306884823, 22.502891965688637 ], [ 88.386291562049564, 22.502968966263879 ], [ 88.386213283257774, 22.502986830135818 ], [ 88.386128104573871, 22.503006901135286 ], [ 88.386142843839892, 22.503086150200257 ], [ 88.386155082309642, 22.50314824925254 ], [ 88.386167344983278, 22.503212502456453 ], [ 88.386181987934918, 22.503283170653074 ], [ 88.386274596695841, 22.503308087177835 ], [ 88.386282147085609, 22.50336380081237 ], [ 88.386289721575807, 22.503421659660869 ], [ 88.386294939792407, 22.503475239792458 ] ] } },
{ "type": "Feature", "properties": { "ward": 106, "source_sheet": "106_garfa2.pdf p2", "source": "KMC ward sewerage network map (ArcMap GeoPDF)", "extraction_method": "geopdf_vector", "georef_max_residual_m": 2.5, "conduit_type": "pipe", "pipe_diameter_mm": 300.0, "diameter_source": "legend_colour", "diameter_candidates_mm": null, "label_diameter_mm": null, "label_agrees": null, "scheme": null, "flow_arrow": "end" }, "geometry": { "type": "LineString", "coordinates": [ [ 88.385639614766887, 22.50329016805124 ], [ 88.38551290640126, 22.503312755608317 ] ] } },
{ "type": "Feature", "properties": { "ward": 106, "source_sheet": "106_garfa2.pdf p2", "source": "KMC ward sewerage network map (ArcMap GeoPDF)", "extraction_method": "geopdf_vector", "georef_max_residual_m": 2.5, "conduit_type": "pipe", "pipe_diameter_mm": 225.0, "diameter_source": "legend_colour", "diameter_candidates_mm": null, "label_diameter_mm": 225.0, "label_agrees": true, "scheme": null, "flow_arrow": "end" }, "geometry": { "type": "LineString", "coordinates": [ [ 88.386496139052468, 22.502892045491983 ], [ 88.386686964312702, 22.502823829276153 ], [ 88.386788419167686, 22.502814339451547 ] ] } },
{ "type": "Feature", "properties": { "ward": 106, "source_sheet": "106_garfa2.pdf p2", "source": "KMC ward sewerage network map (ArcMap GeoPDF)", "extraction_method": "geopdf_vector", "georef_max_residual_m": 2.5, "conduit_type": "pipe", "pipe_diameter_mm": 225.0, "diameter_source": "legend_colour", "diameter_candidates_mm": null, "label_diameter_mm": 225.0, "label_agrees": true, "scheme": null, "flow_arrow": "end" }, "geometry": { "type": "LineString", "coordinates": [ [ 88.386788419167686, 22.502814339451547 ], [ 88.386794071444896, 22.502906542364997 ], [ 88.386802176322419, 22.503011595905342 ], [ 88.386813143424163, 22.503165959781001 ], [ 88.38670014837183, 22.503175552924404 ], [ 88.38670315523872, 22.503237743492033 ], [ 88.386708542399234, 22.503306349044671 ], [ 88.386713953666614, 22.503377099810923 ], [ 88.386716984649013, 22.503441435590855 ] ] } },
{ "type": "Feature", "properties": { "ward": 106, "source_sheet": "106_garfa2.pdf p2", "source": "KMC ward sewerage network map (ArcMap GeoPDF)", "extraction_method": "geopdf_vector", "georef_max_residual_m": 2.5, "conduit_type": "pipe", "pipe_diameter_mm": 450.0, "diameter_source": "legend_colour", "diameter_candidates_mm": null, "label_diameter_mm": 450.0, "label_agrees": true, "scheme": null, "flow_arrow": "end" }, "geometry": { "type": "LineString", "coordinates": [ [ 88.391503578334564, 22.50377609764093 ], [ 88.391644317622749, 22.503770542789301 ], [ 88.391759693139235, 22.503767361068505 ], [ 88.391865836671101, 22.503764262195819 ], [ 88.391971835208366, 22.503748300933957 ], [ 88.392064009841661, 22.503734600287544 ], [ 88.392179143458648, 22.503709966173496 ], [ 88.392291993224319, 22.503687497927086 ] ] } },
{ "type": "Feature", "properties": { "ward": 106, "source_sheet": "106_garfa2.pdf p2", "source": "KMC ward sewerage network map (ArcMap GeoPDF)", "extraction_method": "geopdf_vector", "georef_max_residual_m": 2.5, "conduit_type": "pipe", "pipe_diameter_mm": 300.0, "diameter_source": "legend_colour", "diameter_candidates_mm": null, "label_diameter_mm": 300.0, "label_agrees": true, "scheme": null, "flow_arrow": "end" }, "geometry": { "type": "LineString", "coordinates": [ [ 88.391498720708881, 22.503754695933264 ], [ 88.391435873072837, 22.50370806093504 ], [ 88.391402280042243, 22.503594654960501 ], [ 88.391387537735469, 22.503515406535943 ], [ 88.391372722933596, 22.503429722477584 ], [ 88.391350621726488, 22.503311931374149 ], [ 88.391430748606624, 22.503253285308663 ], [ 88.391449067456321, 22.503240248238839 ] ] } },
{ "type": "Feature", "properties": { "ward": 106, "source_sheet": "106_garfa2.pdf p2", "source": "KMC ward sewerage network map (ArcMap GeoPDF)", "extraction_method": "geopdf_vector", "georef_max_residual_m": 2.5, "conduit_type": "pipe", "pipe_diameter_mm": 300.0, "diameter_source": "legend_colour", "diameter_candidates_mm": null, "label_diameter_mm": 300.0, "label_agrees": true, "scheme": null, "flow_arrow": "end" }, "geometry": { "type": "LineString", "coordinates": [ [ 88.386795211996414, 22.505884317520675 ], [ 88.386809783212669, 22.505948541027262 ], [ 88.386824306336223, 22.506008483042105 ], [ 88.386841330346243, 22.506085566102364 ], [ 88.386855636558295, 22.506126201188167 ] ] } },
{ "type": "Feature", "properties": { "ward": 106, "source_sheet": "106_garfa2.pdf p2", "source": "KMC ward sewerage network map (ArcMap GeoPDF)", "extraction_method": "geopdf_vector", "georef_max_residual_m": 2.5, "conduit_type": "pipe", "pipe_diameter_mm": 300.0, "diameter_source": "legend_colour", "diameter_candidates_mm": null, "label_diameter_mm": 300.0, "label_agrees": true, "scheme": null, "flow_arrow": "end" }, "geometry": { "type": "LineString", "coordinates": [ [ 88.386991042879885, 22.505850382865891 ], [ 88.386894274224375, 22.505866267240986 ], [ 88.386795211996414, 22.505884317520675 ] ] } },
{ "type": "Feature", "properties": { "ward": 106, "source_sheet": "106_garfa2.pdf p2", "source": "KMC ward sewerage network map (ArcMap GeoPDF)", "extraction_method": "geopdf_vector", "georef_max_residual_m": 2.5, "conduit_type": "pipe", "pipe_diameter_mm": 300.0, "diameter_source": "legend_colour", "diameter_candidates_mm": null, "label_diameter_mm": 300.0, "label_agrees": true, "scheme": null, "flow_arrow": "end" }, "geometry": { "type": "LineString", "coordinates": [ [ 88.385282837020839, 22.504408956092188 ], [ 88.385297455610129, 22.504477479159721 ], [ 88.385312035573676, 22.504541702769025 ], [ 88.385300465397009, 22.504745622172099 ], [ 88.385303375396745, 22.504799231921741 ], [ 88.385304025540634, 22.504857152741433 ], [ 88.385306887287172, 22.504906463120658 ] ] } },
{ "type": "Feature", "properties": { "ward": 106, "source_sheet": "106_garfa2.pdf p2", "source": "KMC ward sewerage network map (ArcMap GeoPDF)", "extraction_method": "geopdf_vector", "georef_max_residual_m": 2.5, "conduit_type": "pipe", "pipe_diameter_mm": 225.0, "diameter_source": "legend_colour", "diameter_candidates_mm": null, "label_diameter_mm": 225.0, "label_agrees": true, "scheme": null, "flow_arrow": "end" }, "geometry": { "type": "LineString", "coordinates": [ [ 88.390714719642062, 22.506083024722965 ], [ 88.390727550141264, 22.506196617184568 ], [ 88.390610144845596, 22.506225561593929 ], [ 88.390617987042475, 22.506307008494108 ], [ 88.390625902042871, 22.506394917838328 ] ] } },
{ "type": "Feature", "properties": { "ward": 106, "source_sheet": "106_garfa2.pdf p2", "source": "KMC ward sewerage network map (ArcMap GeoPDF)", "extraction_method": "geopdf_vector", "georef_max_residual_m": 2.5, "conduit_type": "pipe", "pipe_diameter_mm": 300.0, "diameter_source": "legend_colour", "diameter_candidates_mm": null, "label_diameter_mm": 300.0, "label_agrees": true, "scheme": null, "flow_arrow": "end" }, "geometry": { "type": "LineString", "coordinates": [ [ 88.391558953335235, 22.505822292866725 ], [ 88.391543993039761, 22.505723737608665 ], [ 88.391531292441726, 22.505620871198573 ], [ 88.391511256908657, 22.505481607347456 ] ] } },
{ "type": "Feature", "properties": { "ward": 106, "source_sheet": "106_garfa2.pdf p2", "source": "KMC ward sewerage network map (ArcMap GeoPDF)", "extraction_method": "geopdf_vector", "georef_max_residual_m": 2.5, "conduit_type": "pipe", "pipe_diameter_mm": 300.0, "diameter_source": "legend_colour", "diameter_candidates_mm": null, "label_diameter_mm": 300.0, "label_agrees": true, "scheme": null, "flow_arrow": "end" }, "geometry": { "type": "LineString", "coordinates": [ [ 88.391008857355999, 22.504733091687612 ], [ 88.391023382110404, 22.504793033247452 ], [ 88.391037858442331, 22.504848675446119 ], [ 88.391047646356881, 22.504897932393991 ], [ 88.391062195317545, 22.50496001915759 ], [ 88.391074798806955, 22.505054304792989 ] ] } },
{ "type": "Feature", "properties": { "ward": 106, "source_sheet": "106_garfa2.pdf p2", "source": "KMC ward sewerage network map (ArcMap GeoPDF)", "extraction_method": "geopdf_vector", "georef_max_residual_m": 2.5, "conduit_type": "pipe", "pipe_diameter_mm": 225.0, "diameter_source": "legend_colour", "diameter_candidates_mm": null, "label_diameter_mm": 225.0, "label_agrees": true, "scheme": null, "flow_arrow": "end" }, "geometry": { "type": "LineString", "coordinates": [ [ 88.390527351368434, 22.504612979083252 ], [ 88.390402830049098, 22.504624823736936 ], [ 88.390282958495021, 22.504638771998902 ] ] } },
{ "type": "Feature", "properties": { "ward": 106, "source_sheet": "106_garfa2.pdf p2", "source": "KMC ward sewerage network map (ArcMap GeoPDF)", "extraction_method": "geopdf_vector", "georef_max_residual_m": 2.5, "conduit_type": "pipe", "pipe_diameter_mm": 300.0, "diameter_source": "legend_colour", "diameter_candidates_mm": null, "label_diameter_mm": 300.0, "label_agrees": true, "scheme": null, "flow_arrow": "end" }, "geometry": { "type": "LineString", "coordinates": [ [ 88.391432576879325, 22.504849421987707 ], [ 88.391437845602979, 22.504907301198635 ], [ 88.391443186855156, 22.504971616038169 ], [ 88.391450932826913, 22.50504449098824 ] ] } },
{ "type": "Feature", "properties": { "ward": 106, "source_sheet": "106_garfa2.pdf p2", "source": "KMC ward sewerage network map (ArcMap GeoPDF)", "extraction_method": "geopdf_vector", "georef_max_residual_m": 2.5, "conduit_type": "pipe", "pipe_diameter_mm": 225.0, "diameter_source": "legend_colour", "diameter_candidates_mm": null, "label_diameter_mm": null, "label_agrees": null, "scheme": null, "flow_arrow": "end" }, "geometry": { "type": "LineString", "coordinates": [ [ 88.385267567010928, 22.500579595777992 ], [ 88.385150640573272, 22.500239526415118 ], [ 88.384849705488151, 22.499956874046905 ] ] } },
{ "type": "Feature", "properties": { "ward": 106, "source_sheet": "106_garfa2.pdf p2", "source": "KMC ward sewerage network map (ArcMap GeoPDF)", "extraction_method": "geopdf_vector", "georef_max_residual_m": 2.5, "conduit_type": "pipe", "pipe_diameter_mm": 300.0, "diameter_source": "legend_colour", "diameter_candidates_mm": null, "label_diameter_mm": 300.0, "label_agrees": true, "scheme": null, "flow_arrow": "end" }, "geometry": { "type": "LineString", "coordinates": [ [ 88.384509069899011, 22.508275378669733 ], [ 88.384684228456479, 22.508250213170378 ] ] } },
{ "type": "Feature", "properties": { "ward": 106, "source_sheet": "106_garfa2.pdf p2", "source": "KMC ward sewerage network map (ArcMap GeoPDF)", "extraction_method": "geopdf_vector", "georef_max_residual_m": 2.5, "conduit_type": "pipe", "pipe_diameter_mm": 225.0, "diameter_source": "legend_colour", "diameter_candidates_mm": null, "label_diameter_mm": 225.0, "label_agrees": true, "scheme": null, "flow_arrow": "end" }, "geometry": { "type": "LineString", "coordinates": [ [ 88.385002989757027, 22.508062856235558 ], [ 88.384867126510088, 22.508091961606066 ], [ 88.384662155830995, 22.508134557246901 ] ] } },
{ "type": "Feature", "properties": { "ward": 106, "source_sheet": "106_garfa2.pdf p2", "source": "KMC ward sewerage network map (ArcMap GeoPDF)", "extraction_method": "geopdf_vector", "georef_max_residual_m": 2.5, "conduit_type": "pipe", "pipe_diameter_mm": 300.0, "diameter_source": "legend_colour", "diameter_candidates_mm": null, "label_diameter_mm": 300.0, "label_agrees": true, "scheme": null, "flow_arrow": "end" }, "geometry": { "type": "LineString", "coordinates": [ [ 88.386208455622267, 22.509133369337192 ], [ 88.38636093404746, 22.50914487724998 ] ] } },
{ "type": "Feature", "properties": { "ward": 106, "source_sheet": "106_garfa2.pdf p2", "source": "KMC ward sewerage network map (ArcMap GeoPDF)", "extraction_method": "geopdf_vector", "georef_max_residual_m": 2.5, "conduit_type": "pipe", "pipe_diameter_mm": 300.0, "diameter_source": "legend_colour", "diameter_candidates_mm": null, "label_diameter_mm": null, "label_agrees": null, "scheme": null, "flow_arrow": "end" }, "geometry": { "type": "LineString", "coordinates": [ [ 88.385821380942261, 22.509405011635327 ], [ 88.385724392843684, 22.50940158850668 ] ] } },
{ "type": "Feature", "properties": { "ward": 106, "source_sheet": "106_garfa2.pdf p2", "source": "KMC ward sewerage network map (ArcMap GeoPDF)", "extraction_method": "geopdf_vector", "georef_max_residual_m": 2.5, "conduit_type": "pipe", "pipe_diameter_mm": 300.0, "diameter_source": "legend_colour", "diameter_candidates_mm": null, "label_diameter_mm": null, "label_agrees": null, "scheme": null, "flow_arrow": "end" }, "geometry": { "type": "LineString", "coordinates": [ [ 88.388337526123848, 22.505503643853618 ], [ 88.38854487198634, 22.505467458723526 ] ] } },
{ "type": "Feature", "properties": { "ward": 106, "source_sheet": "106_garfa2.pdf p2", "source": "KMC ward sewerage network map (ArcMap GeoPDF)", "extraction_method": "geopdf_vector", "georef_max_residual_m": 2.5, "conduit_type": "pipe", "pipe_diameter_mm": 300.0, "diameter_source": "legend_colour", "diameter_candidates_mm": null, "label_diameter_mm": 300.0, "label_agrees": true, "scheme": null, "flow_arrow": "end" }, "geometry": { "type": "LineString", "coordinates": [ [ 88.388520392215071, 22.505343243266491 ], [ 88.38862408433539, 22.505327295878732 ], [ 88.388713962042928, 22.505313617684227 ], [ 88.388817629977751, 22.505295524961841 ], [ 88.388944315306816, 22.505270789533576 ], [ 88.389084814956121, 22.505243784718978 ] ] } },
{ "type": "Feature", "properties": { "ward": 106, "source_sheet": "106_garfa2.pdf p2", "source": "KMC ward sewerage network map (ArcMap GeoPDF)", "extraction_method": "geopdf_vector", "georef_max_residual_m": 2.5, "conduit_type": "pipe", "pipe_diameter_mm": 300.0, "diameter_source": "legend_colour", "diameter_candidates_mm": null, "label_diameter_mm": 300.0, "label_agrees": true, "scheme": null, "flow_arrow": "end" }, "geometry": { "type": "LineString", "coordinates": [ [ 88.388850047733854, 22.505509777196895 ], [ 88.388817629977751, 22.505295524961841 ] ] } },
{ "type": "Feature", "properties": { "ward": 106, "source_sheet": "106_garfa2.pdf p2", "source": "KMC ward sewerage network map (ArcMap GeoPDF)", "extraction_method": "geopdf_vector", "georef_max_residual_m": 2.5, "conduit_type": "pipe", "pipe_diameter_mm": 300.0, "diameter_source": "legend_colour", "diameter_candidates_mm": null, "label_diameter_mm": null, "label_agrees": null, "scheme": null, "flow_arrow": "end" }, "geometry": { "type": "LineString", "coordinates": [ [ 88.389354356115746, 22.505196322706485 ], [ 88.389296752183625, 22.505205420987625 ], [ 88.389236864262415, 22.505216676218062 ], [ 88.389084814956121, 22.505243784718978 ] ] } },
{ "type": "Feature", "properties": { "ward": 106, "source_sheet": "106_garfa2.pdf p2", "source": "KMC ward sewerage network map (ArcMap GeoPDF)", "extraction_method": "geopdf_vector", "georef_max_residual_m": 2.5, "conduit_type": "pipe", "pipe_diameter_mm": 300.0, "diameter_source": "legend_colour", "diameter_candidates_mm": null, "label_diameter_mm": 300.0, "label_agrees": true, "scheme": null, "flow_arrow": "end" }, "geometry": { "type": "LineString", "coordinates": [ [ 88.389163807850423, 22.5061098115515 ], [ 88.389221808041597, 22.50613503659833 ], [ 88.38927282624411, 22.506156033378769 ], [ 88.389285066549135, 22.506218141024391 ], [ 88.389299783802201, 22.506295235511928 ], [ 88.389312072621976, 22.506361651452828 ], [ 88.389254419923788, 22.50636645931915 ], [ 88.389196791361513, 22.506373412376561 ], [ 88.389212329497951, 22.50652345300087 ], [ 88.389225318214173, 22.506652062202306 ], [ 88.389253159597601, 22.506664685102482 ], [ 88.389276336611488, 22.506673058970716 ], [ 88.389293965644924, 22.506803771975843 ], [ 88.389316428108216, 22.506953750479298 ] ] } },
{ "type": "Feature", "properties": { "ward": 106, "source_sheet": "106_garfa2.pdf p2", "source": "KMC ward sewerage network map (ArcMap GeoPDF)", "extraction_method": "geopdf_vector", "georef_max_residual_m": 2.5, "conduit_type": "pipe", "pipe_diameter_mm": 225.0, "diameter_source": "legend_colour", "diameter_candidates_mm": null, "label_diameter_mm": 225.0, "label_agrees": true, "scheme": null, "flow_arrow": "end" }, "geometry": { "type": "LineString", "coordinates": [ [ 88.390011349343041, 22.505117485061113 ], [ 88.389953842105839, 22.505135164418139 ], [ 88.389894041368109, 22.505155009758287 ] ] } },
{ "type": "Feature", "properties": { "ward": 106, "source_sheet": "106_garfa2.pdf p2", "source": "KMC ward sewerage network map (ArcMap GeoPDF)", "extraction_method": "geopdf_vector", "georef_max_residual_m": 2.5, "conduit_type": "pipe", "pipe_diameter_mm": 225.0, "diameter_source": "legend_colour", "diameter_candidates_mm": null, "label_diameter_mm": 225.0, "label_agrees": true, "scheme": null, "flow_arrow": "end" }, "geometry": { "type": "LineString", "coordinates": [ [ 88.386249004500925, 22.499590373447251 ], [ 88.38622693248179, 22.499474726552364 ], [ 88.386202552478295, 22.499359091360379 ], [ 88.386175768249117, 22.499234895943417 ] ] } },
{ "type": "Feature", "properties": { "ward": 106, "source_sheet": "106_garfa2.pdf p2", "source": "KMC ward sewerage network map (ArcMap GeoPDF)", "extraction_method": "geopdf_vector", "georef_max_residual_m": 2.5, "conduit_type": "pipe", "pipe_diameter_mm": 225.0, "diameter_source": "legend_colour", "diameter_candidates_mm": null, "label_diameter_mm": 225.0, "label_agrees": true, "scheme": null, "flow_arrow": "end" }, "geometry": { "type": "LineString", "coordinates": [ [ 88.386249004500925, 22.499590373447251 ], [ 88.386136229057655, 22.499619272999908 ], [ 88.386021136015756, 22.499648193207303 ], [ 88.385978461297867, 22.499547739652357 ], [ 88.385926410534751, 22.499434506297536 ] ] } },
{ "type": "Feature", "properties": { "ward": 106, "source_sheet": "106_garfa2.pdf p2", "source": "KMC ward sewerage network map (ArcMap GeoPDF)", "extraction_method": "geopdf_vector", "georef_max_residual_m": 2.5, "conduit_type": "pipe", "pipe_diameter_mm": 300.0, "diameter_source": "legend_colour", "diameter_candidates_mm": null, "label_diameter_mm": null, "label_agrees": null, "scheme": null, "flow_arrow": "end" }, "geometry": { "type": "LineString", "coordinates": [ [ 88.395520146814022, 22.508888859390115 ], [ 88.395439340736104, 22.508896023473643 ], [ 88.395351706590958, 22.508903249011492 ], [ 88.395268664347739, 22.50890828772572 ], [ 88.395183338256402, 22.508915492387107 ], [ 88.395104912146678, 22.508920489448649 ], [ 88.395026510262866, 22.508927631677672 ], [ 88.39494115990712, 22.508932691006454 ], [ 88.394853525697158, 22.508939916275597 ], [ 88.394782023782554, 22.50894485084185 ], [ 88.394717446091605, 22.508949723043465 ] ] } },
{ "type": "Feature", "properties": { "ward": 106, "source_sheet": "106_garfa2.pdf p2", "source": "KMC ward sewerage network map (ArcMap GeoPDF)", "extraction_method": "geopdf_vector", "georef_max_residual_m": 2.5, "conduit_type": "pipe", "pipe_diameter_mm": 400.0, "diameter_source": "legend_colour", "diameter_candidates_mm": null, "label_diameter_mm": 400.0, "label_agrees": true, "scheme": null, "flow_arrow": "end" }, "geometry": { "type": "LineString", "coordinates": [ [ 88.394243295191302, 22.504163382522144 ], [ 88.394293724757048, 22.504336708203496 ], [ 88.394310583078564, 22.504398773839458 ], [ 88.394329773536697, 22.504462954972887 ], [ 88.39434417857791, 22.504512170127928 ], [ 88.394434771993545, 22.504562845094984 ] ] } },
{ "type": "Feature", "properties": { "ward": 106, "source_sheet": "106_garfa2.pdf p2", "source": "KMC ward sewerage network map (ArcMap GeoPDF)", "extraction_method": "geopdf_vector", "georef_max_residual_m": 2.5, "conduit_type": "pipe", "pipe_diameter_mm": 300.0, "diameter_source": "legend_colour", "diameter_candidates_mm": null, "label_diameter_mm": 300.0, "label_agrees": true, "scheme": null, "flow_arrow": "end" }, "geometry": { "type": "LineString", "coordinates": [ [ 88.394080985884344, 22.504711917393781 ], [ 88.394128937870008, 22.504870238490984 ], [ 88.394140938018126, 22.504910893599956 ] ] } },
{ "type": "Feature", "properties": { "ward": 106, "source_sheet": "106_garfa2.pdf p2", "source": "KMC ward sewerage network map (ArcMap GeoPDF)", "extraction_method": "geopdf_vector", "georef_max_residual_m": 2.5, "conduit_type": "pipe", "pipe_diameter_mm": 375.0, "diameter_source": "legend_colour", "diameter_candidates_mm": null, "label_diameter_mm": 375.0, "label_agrees": true, "scheme": null, "flow_arrow": "end" }, "geometry": { "type": "LineString", "coordinates": [ [ 88.394371076497436, 22.506485692165231 ], [ 88.394392720794684, 22.506562732666389 ], [ 88.394407344114782, 22.50663125465061 ], [ 88.394419586745315, 22.506693361784126 ], [ 88.394436590803892, 22.506768298611188 ], [ 88.394448930353491, 22.506838986566198 ], [ 88.394463456846381, 22.506898927714268 ], [ 88.394475675309195, 22.506958889632607 ], [ 88.394488014901114, 22.507029577581143 ], [ 88.394502614106543, 22.507095954341604 ] ] } },
{ "type": "Feature", "properties": { "ward": 106, "source_sheet": "106_garfa2.pdf p2", "source": "KMC ward sewerage network map (ArcMap GeoPDF)", "extraction_method": "geopdf_vector", "georef_max_residual_m": 2.5, "conduit_type": "pipe", "pipe_diameter_mm": 300.0, "diameter_source": "legend_colour", "diameter_candidates_mm": null, "label_diameter_mm": 300.0, "label_agrees": true, "scheme": null, "flow_arrow": "end" }, "geometry": { "type": "LineString", "coordinates": [ [ 88.394264969583347, 22.506083298224617 ], [ 88.394371076497436, 22.506485692165231 ] ] } },
{ "type": "Feature", "properties": { "ward": 106, "source_sheet": "106_garfa2.pdf p2", "source": "KMC ward sewerage network map (ArcMap GeoPDF)", "extraction_method": "geopdf_vector", "georef_max_residual_m": 2.5, "conduit_type": "pipe", "pipe_diameter_mm": 300.0, "diameter_source": "legend_colour", "diameter_candidates_mm": null, "label_diameter_mm": 300.0, "label_agrees": true, "scheme": null, "flow_arrow": "end" }, "geometry": { "type": "LineString", "coordinates": [ [ 88.398675219925181, 22.505788255793359 ], [ 88.398699368660104, 22.505882427458562 ], [ 88.398723420382055, 22.505968027244787 ], [ 88.39874747213652, 22.506053627025029 ], [ 88.398773831949697, 22.506139205965784 ], [ 88.398795429907864, 22.506211946413568 ], [ 88.398814671587047, 22.506280444100792 ] ] } },
{ "type": "Feature", "properties": { "ward": 106, "source_sheet": "106_garfa2.pdf p2", "source": "KMC ward sewerage network map (ArcMap GeoPDF)", "extraction_method": "geopdf_vector", "georef_max_residual_m": 2.5, "conduit_type": "pipe", "pipe_diameter_mm": 300.0, "diameter_source": "legend_colour", "diameter_candidates_mm": null, "label_diameter_mm": 300.0, "label_agrees": true, "scheme": null, "flow_arrow": "end" }, "geometry": { "type": "LineString", "coordinates": [ [ 88.39913964205418, 22.505829108243518 ], [ 88.399022345961598, 22.505866639406488 ], [ 88.398923489687789, 22.505901858601828 ], [ 88.398817709292473, 22.505937140240942 ], [ 88.398723420382055, 22.505968027244787 ] ] } },
{ "type": "Feature", "properties": { "ward": 106, "source_sheet": "106_garfa2.pdf p2", "source": "KMC ward sewerage network map (ArcMap GeoPDF)", "extraction_method": "geopdf_vector", "georef_max_residual_m": 2.5, "conduit_type": "pipe", "pipe_diameter_mm": 300.0, "diameter_source": "legend_colour", "diameter_candidates_mm": null, "label_diameter_mm": 300.0, "label_agrees": true, "scheme": null, "flow_arrow": "end" }, "geometry": { "type": "LineString", "coordinates": [ [ 88.398979491661322, 22.504935939983611 ], [ 88.398933428699394, 22.504944937497363 ], [ 88.398891981743589, 22.50495389332988 ], [ 88.398776848581022, 22.504978532231913 ], [ 88.398677847139268, 22.505000880033073 ], [ 88.3985535061436, 22.50502774730689 ] ] } },
{ "type": "Feature", "properties": { "ward": 106, "source_sheet": "106_garfa2.pdf p2", "source": "KMC ward sewerage network map (ArcMap GeoPDF)", "extraction_method": "geopdf_vector", "georef_max_residual_m": 2.5, "conduit_type": "pipe", "pipe_diameter_mm": 300.0, "diameter_source": "legend_colour", "diameter_candidates_mm": null, "label_diameter_mm": 300.0, "label_agrees": true, "scheme": null, "flow_arrow": "end" }, "geometry": { "type": "LineString", "coordinates": [ [ 88.398069044650029, 22.5048476124235 ], [ 88.398090933426374, 22.504946104387766 ], [ 88.398112773683309, 22.50504030593919 ], [ 88.398129852287866, 22.505121677910907 ] ] } },
{ "type": "Feature", "properties": { "ward": 106, "source_sheet": "106_garfa2.pdf p2", "source": "KMC ward sewerage network map (ArcMap GeoPDF)", "extraction_method": "geopdf_vector", "georef_max_residual_m": 2.5, "conduit_type": "pipe", "pipe_diameter_mm": 300.0, "diameter_source": "legend_colour", "diameter_candidates_mm": null, "label_diameter_mm": 300.0, "label_agrees": true, "scheme": null, "flow_arrow": "end" }, "geometry": { "type": "LineString", "coordinates": [ [ 88.397920898379184, 22.504615106754173 ], [ 88.398010788135664, 22.504594987046794 ], [ 88.398105197698442, 22.504574826512933 ], [ 88.398194991229801, 22.504554707572904 ], [ 88.398282501011607, 22.504536754612769 ], [ 88.3983561627699, 22.504518926563811 ], [ 88.398418333073309, 22.504505493024585 ] ] } },
{ "type": "Feature", "properties": { "ward": 106, "source_sheet": "106_garfa2.pdf p2", "source": "KMC ward sewerage network map (ArcMap GeoPDF)", "extraction_method": "geopdf_vector", "georef_max_residual_m": 2.5, "conduit_type": "pipe", "pipe_diameter_mm": 300.0, "diameter_source": "legend_colour", "diameter_candidates_mm": null, "label_diameter_mm": 300.0, "label_agrees": true, "scheme": null, "flow_arrow": "end" }, "geometry": { "type": "LineString", "coordinates": [ [ 88.398706331853674, 22.508739985785152 ], [ 88.3985913169969, 22.50877535071492 ], [ 88.398469353578051, 22.508808632857505 ], [ 88.398356598096598, 22.508839686389202 ], [ 88.398216242827488, 22.508879570590473 ] ] } },
{ "type": "Feature", "properties": { "ward": 106, "source_sheet": "106_garfa2.pdf p2", "source": "KMC ward sewerage network map (ArcMap GeoPDF)", "extraction_method": "geopdf_vector", "georef_max_residual_m": 2.5, "conduit_type": "pipe", "pipe_diameter_mm": 300.0, "diameter_source": "legend_colour", "diameter_candidates_mm": null, "label_diameter_mm": 300.0, "label_agrees": true, "scheme": null, "flow_arrow": "end" }, "geometry": { "type": "LineString", "coordinates": [ [ 88.396966836339217, 22.50801765332735 ], [ 88.397072740149781, 22.507993098827491 ], [ 88.397229275597013, 22.507955215161655 ], [ 88.397381219105441, 22.507919518181453 ], [ 88.397517054675404, 22.507888257188064 ], [ 88.397636758060088, 22.507859287017851 ], [ 88.397726529494093, 22.507837023032582 ] ] } },
{ "type": "Feature", "properties": { "ward": 106, "source_sheet": "106_garfa2.pdf p2", "source": "KMC ward sewerage network map (ArcMap GeoPDF)", "extraction_method": "geopdf_vector", "georef_max_residual_m": 2.5, "conduit_type": "pipe", "pipe_diameter_mm": 300.0, "diameter_source": "legend_colour", "diameter_candidates_mm": null, "label_diameter_mm": 300.0, "label_agrees": true, "scheme": null, "flow_arrow": "end" }, "geometry": { "type": "LineString", "coordinates": [ [ 88.398653127855965, 22.50771066374832 ], [ 88.398731431608326, 22.507694938987434 ], [ 88.398814327153389, 22.507677027316404 ], [ 88.398913379033658, 22.507658969746956 ] ] } },
{ "type": "Feature", "properties": { "ward": 106, "source_sheet": "106_garfa2.pdf p2", "source": "KMC ward sewerage network map (ArcMap GeoPDF)", "extraction_method": "geopdf_vector", "georef_max_residual_m": 2.5, "conduit_type": "pipe", "pipe_diameter_mm": 300.0, "diameter_source": "legend_colour", "diameter_candidates_mm": null, "label_diameter_mm": 300.0, "label_agrees": true, "scheme": null, "flow_arrow": "end" }, "geometry": { "type": "LineString", "coordinates": [ [ 88.399388329545872, 22.508628702384918 ], [ 88.399395812666867, 22.508677979483661 ], [ 88.399538767040696, 22.508663815849275 ], [ 88.399674772871975, 22.508647569434046 ] ] } },
{ "type": "Feature", "properties": { "ward": 106, "source_sheet": "106_garfa2.pdf p2", "source": "KMC ward sewerage network map (ArcMap GeoPDF)", "extraction_method": "geopdf_vector", "georef_max_residual_m": 2.5, "conduit_type": "pipe", "pipe_diameter_mm": 300.0, "diameter_source": "legend_colour", "diameter_candidates_mm": null, "label_diameter_mm": 300.0, "label_agrees": true, "scheme": null, "flow_arrow": "end" }, "geometry": { "type": "LineString", "coordinates": [ [ 88.393405637003141, 22.50418378999845 ], [ 88.393309039870672, 22.504214694593909 ], [ 88.393212418491501, 22.504243453925142 ], [ 88.39312959667518, 22.504267798277517 ] ] } },
{ "type": "Feature", "properties": { "ward": 106, "source_sheet": "106_garfa2.pdf p2", "source": "KMC ward sewerage network map (ArcMap GeoPDF)", "extraction_method": "geopdf_vector", "georef_max_residual_m": 2.5, "conduit_type": "pipe", "pipe_diameter_mm": 300.0, "diameter_source": "legend_colour", "diameter_candidates_mm": null, "label_diameter_mm": 300.0, "label_agrees": true, "scheme": null, "flow_arrow": "end" }, "geometry": { "type": "LineString", "coordinates": [ [ 88.394075206539469, 22.503995415196037 ], [ 88.394176491960408, 22.503970904247474 ], [ 88.394243295191302, 22.504163382522144 ] ] } },
{ "type": "Feature", "properties": { "ward": 106, "source_sheet": "106_garfa2.pdf p2", "source": "KMC ward sewerage network map (ArcMap GeoPDF)", "extraction_method": "geopdf_vector", "georef_max_residual_m": 2.5, "conduit_type": "pipe", "pipe_diameter_mm": 300.0, "diameter_source": "legend_colour", "diameter_candidates_mm": null, "label_diameter_mm": 300.0, "label_agrees": true, "scheme": null, "flow_arrow": "end" }, "geometry": { "type": "LineString", "coordinates": [ [ 88.392517482609591, 22.500553219819839 ], [ 88.392528576712948, 22.500718318029048 ], [ 88.392537169415334, 22.500866275293628 ], [ 88.392510659105824, 22.500971630514613 ], [ 88.392521656516678, 22.501128147875395 ] ] } },
{ "type": "Feature", "properties": { "ward": 106, "source_sheet": "106_garfa2.pdf p2", "source": "KMC ward sewerage network map (ArcMap GeoPDF)", "extraction_method": "geopdf_vector", "georef_max_residual_m": 2.5, "conduit_type": "pipe", "pipe_diameter_mm": 225.0, "diameter_source": "legend_colour", "diameter_candidates_mm": null, "label_diameter_mm": null, "label_agrees": null, "scheme": null, "flow_arrow": "end" }, "geometry": { "type": "LineString", "coordinates": [ [ 88.394855359928727, 22.505423647898187 ], [ 88.394958954226809, 22.505399115639097 ], [ 88.395080964160485, 22.505370126663806 ] ] } },
{ "type": "Feature", "properties": { "ward": 106, "source_sheet": "106_garfa2.pdf p2", "source": "KMC ward sewerage network map (ArcMap GeoPDF)", "extraction_method": "geopdf_vector", "georef_max_residual_m": 2.5, "conduit_type": "pipe", "pipe_diameter_mm": 300.0, "diameter_source": "legend_colour", "diameter_candidates_mm": null, "label_diameter_mm": 300.0, "label_agrees": true, "scheme": null, "flow_arrow": "end" }, "geometry": { "type": "LineString", "coordinates": [ [ 88.395739906483598, 22.505662397601782 ], [ 88.395815853002873, 22.505642404675317 ], [ 88.395896415539326, 22.505622370130425 ], [ 88.395976978050328, 22.505602335546367 ], [ 88.396057540535921, 22.505582300923123 ], [ 88.396289995766523, 22.50552228000824 ], [ 88.396382098242071, 22.505502141239653 ], [ 88.396469633258562, 22.505486343367973 ], [ 88.396545652318395, 22.505472785721839 ], [ 88.396617055327269, 22.505459269644703 ], [ 88.39671608175307, 22.505439068283206 ], [ 88.396801308564292, 22.505423282100107 ], [ 88.396898051174333, 22.50540524663851 ], [ 88.396985561694066, 22.505387294349351 ] ] } },
{ "type": "Feature", "properties": { "ward": 106, "source_sheet": "106_garfa2.pdf p2", "source": "KMC ward sewerage network map (ArcMap GeoPDF)", "extraction_method": "geopdf_vector", "georef_max_residual_m": 2.5, "conduit_type": "pipe", "pipe_diameter_mm": 300.0, "diameter_source": "legend_colour", "diameter_candidates_mm": null, "label_diameter_mm": 300.0, "label_agrees": true, "scheme": null, "flow_arrow": "end" }, "geometry": { "type": "LineString", "coordinates": [ [ 88.39626065070938, 22.505376664560707 ], [ 88.396268083988915, 22.505421651478958 ], [ 88.396280157558479, 22.505468742007146 ], [ 88.396289995766523, 22.50552228000824 ] ] } },
{ "type": "Feature", "properties": { "ward": 106, "source_sheet": "106_garfa2.pdf p2", "source": "KMC ward sewerage network map (ArcMap GeoPDF)", "extraction_method": "geopdf_vector", "georef_max_residual_m": 2.5, "conduit_type": "pipe", "pipe_diameter_mm": 300.0, "diameter_source": "legend_colour", "diameter_candidates_mm": null, "label_diameter_mm": 300.0, "label_agrees": true, "scheme": null, "flow_arrow": "end" }, "geometry": { "type": "LineString", "coordinates": [ [ 88.396447648502885, 22.505379270315576 ], [ 88.396459843388513, 22.505437086852655 ], [ 88.396469633258562, 22.505486343367973 ] ] } },
{ "type": "Feature", "properties": { "ward": 106, "source_sheet": "106_garfa2.pdf p2", "source": "KMC ward sewerage network map (ArcMap GeoPDF)", "extraction_method": "geopdf_vector", "georef_max_residual_m": 2.5, "conduit_type": "pipe", "pipe_diameter_mm": 300.0, "diameter_source": "legend_colour", "diameter_candidates_mm": null, "label_diameter_mm": 300.0, "label_agrees": true, "scheme": null, "flow_arrow": "end" }, "geometry": { "type": "LineString", "coordinates": [ [ 88.39658790387891, 22.505330806973333 ], [ 88.396602455341238, 22.505392893105398 ], [ 88.396617055327269, 22.505459269644703 ] ] } },
{ "type": "Feature", "properties": { "ward": 106, "source_sheet": "106_garfa2.pdf p2", "source": "KMC ward sewerage network map (ArcMap GeoPDF)", "extraction_method": "geopdf_vector", "georef_max_residual_m": 2.5, "conduit_type": "pipe", "pipe_diameter_mm": 300.0, "diameter_source": "legend_colour", "diameter_candidates_mm": null, "label_diameter_mm": 300.0, "label_agrees": true, "scheme": null, "flow_arrow": "end" }, "geometry": { "type": "LineString", "coordinates": [ [ 88.397027345252468, 22.505612178150585 ], [ 88.397007716584781, 22.505509374800056 ], [ 88.396985561694066, 22.505387294349351 ] ] } },
{ "type": "Feature", "properties": { "ward": 106, "source_sheet": "106_garfa2.pdf p2", "source": "KMC ward sewerage network map (ArcMap GeoPDF)", "extraction_method": "geopdf_vector", "georef_max_residual_m": 2.5, "conduit_type": "pipe", "pipe_diameter_mm": 400.0, "diameter_source": "legend_colour", "diameter_candidates_mm": null, "label_diameter_mm": 400.0, "label_agrees": true, "scheme": null, "flow_arrow": "end" }, "geometry": { "type": "LineString", "coordinates": [ [ 88.396975612071017, 22.504711593577944 ], [ 88.396856008221533, 22.504749143956211 ], [ 88.396731788190223, 22.504786726916709 ] ] } },
{ "type": "Feature", "properties": { "ward": 106, "source_sheet": "106_garfa2.pdf p2", "source": "KMC ward sewerage network map (ArcMap GeoPDF)", "extraction_method": "geopdf_vector", "georef_max_residual_m": 2.5, "conduit_type": "pipe", "pipe_diameter_mm": 300.0, "diameter_source": "legend_colour", "diameter_candidates_mm": null, "label_diameter_mm": 300.0, "label_agrees": true, "scheme": null, "flow_arrow": "end" }, "geometry": { "type": "LineString", "coordinates": [ [ 88.39220180805728, 22.501420645539412 ], [ 88.392175187294171, 22.501311467912615 ], [ 88.392146162003471, 22.501193739110075 ] ] } },
{ "type": "Feature", "properties": { "ward": 106, "source_sheet": "106_garfa2.pdf p2", "source": "KMC ward sewerage network map (ArcMap GeoPDF)", "extraction_method": "geopdf_vector", "georef_max_residual_m": 2.5, "conduit_type": "pipe", "pipe_diameter_mm": 300.0, "diameter_source": "legend_colour", "diameter_candidates_mm": null, "label_diameter_mm": 300.0, "label_agrees": true, "scheme": null, "flow_arrow": "end" }, "geometry": { "type": "LineString", "coordinates": [ [ 88.39607403039409, 22.503773604621102 ], [ 88.395993444701048, 22.503791493997763 ], [ 88.395908267246156, 22.503811570122149 ], [ 88.395830013736642, 22.503831583834604 ] ] } },
{ "type": "Feature", "properties": { "ward": 106, "source_sheet": "106_garfa2.pdf p2", "source": "KMC ward sewerage network map (ArcMap GeoPDF)", "extraction_method": "geopdf_vector", "georef_max_residual_m": 2.5, "conduit_type": "pipe", "pipe_diameter_mm": 300.0, "diameter_source": "legend_colour", "diameter_candidates_mm": null, "label_diameter_mm": 300.0, "label_agrees": true, "scheme": null, "flow_arrow": "end" }, "geometry": { "type": "LineString", "coordinates": [ [ 88.395581380871306, 22.503889604260099 ], [ 88.395486995550471, 22.503911908517164 ], [ 88.395392514029936, 22.503934213586341 ], [ 88.39541415840489, 22.504011253965292 ], [ 88.395435778470329, 22.50408614019473 ], [ 88.395452636483483, 22.504139623997514 ], [ 88.395462280469587, 22.504176009366887 ], [ 88.395469495286193, 22.504201689488578 ] ] } },
{ "type": "Feature", "properties": { "ward": 106, "source_sheet": "106_garfa2.pdf p2", "source": "KMC ward sewerage network map (ArcMap GeoPDF)", "extraction_method": "geopdf_vector", "georef_max_residual_m": 2.5, "conduit_type": "pipe", "pipe_diameter_mm": 300.0, "diameter_source": "legend_colour", "diameter_candidates_mm": null, "label_diameter_mm": 300.0, "label_agrees": true, "scheme": null, "flow_arrow": "end" }, "geometry": { "type": "LineString", "coordinates": [ [ 88.393071056009575, 22.507876805283978 ], [ 88.392882182847472, 22.50792141195959 ] ] } },
{ "type": "Feature", "properties": { "ward": 106, "source_sheet": "106_garfa2.pdf p2", "source": "KMC ward sewerage network map (ArcMap GeoPDF)", "extraction_method": "geopdf_vector", "georef_max_residual_m": 2.5, "conduit_type": "pipe", "pipe_diameter_mm": 300.0, "diameter_source": "legend_colour", "diameter_candidates_mm": null, "label_diameter_mm": 300.0, "label_agrees": true, "scheme": null, "flow_arrow": "end" }, "geometry": { "type": "LineString", "coordinates": [ [ 88.394060276700642, 22.507580420632092 ], [ 88.393954219193148, 22.507182415272165 ] ] } },
{ "type": "Feature", "properties": { "ward": 106, "source_sheet": "106_garfa2.pdf p2", "source": "KMC ward sewerage network map (ArcMap GeoPDF)", "extraction_method": "geopdf_vector", "georef_max_residual_m": 2.5, "conduit_type": "pipe", "pipe_diameter_mm": 300.0, "diameter_source": "legend_colour", "diameter_candidates_mm": null, "label_diameter_mm": 300.0, "label_agrees": true, "scheme": null, "flow_arrow": "end" }, "geometry": { "type": "LineString", "coordinates": [ [ 88.395657938186204, 22.508417770524467 ], [ 88.395627351494213, 22.50836655588223 ], [ 88.395588119467178, 22.508163094042313 ], [ 88.395573446883162, 22.508090281805419 ], [ 88.395558774316683, 22.508017469565765 ], [ 88.395544077527006, 22.507942512118174 ], [ 88.39552697573599, 22.507858994635331 ], [ 88.395512278985095, 22.507784037181686 ], [ 88.395495249957136, 22.507706955307796 ] ] } },
{ "type": "Feature", "properties": { "ward": 106, "source_sheet": "106_garfa2.pdf p2", "source": "KMC ward sewerage network map (ArcMap GeoPDF)", "extraction_method": "geopdf_vector", "georef_max_residual_m": 2.5, "conduit_type": "pipe", "pipe_diameter_mm": 400.0, "diameter_source": "legend_colour", "diameter_candidates_mm": null, "label_diameter_mm": 400.0, "label_agrees": true, "scheme": null, "flow_arrow": "end" }, "geometry": { "type": "LineString", "coordinates": [ [ 88.395147279306073, 22.506540922305462 ], [ 88.395173685514621, 22.506630792350212 ], [ 88.395197735252992, 22.506716392759035 ], [ 88.395214570089209, 22.506776313041669 ], [ 88.395231380706633, 22.506834088115586 ], [ 88.39524811863437, 22.506885427569401 ], [ 88.395260192019194, 22.506932518176853 ] ] } },
{ "type": "Feature", "properties": { "ward": 106, "source_sheet": "106_garfa2.pdf p2", "source": "KMC ward sewerage network map (ArcMap GeoPDF)", "extraction_method": "geopdf_vector", "georef_max_residual_m": 2.5, "conduit_type": "pipe", "pipe_diameter_mm": 300.0, "diameter_source": "legend_colour", "diameter_candidates_mm": null, "label_diameter_mm": 300.0, "label_agrees": true, "scheme": null, "flow_arrow": "end" }, "geometry": { "type": "LineString", "coordinates": [ [ 88.396458154222657, 22.507329356509572 ], [ 88.396577978679687, 22.507311113159876 ], [ 88.396674771140951, 22.507297368176996 ], [ 88.396773871626905, 22.507283602331057 ], [ 88.396815169490353, 22.507465501596748 ] ] } },
{ "type": "Feature", "properties": { "ward": 106, "source_sheet": "106_garfa2.pdf p2", "source": "KMC ward sewerage network map (ArcMap GeoPDF)", "extraction_method": "geopdf_vector", "georef_max_residual_m": 2.5, "conduit_type": "pipe", "pipe_diameter_mm": 300.0, "diameter_source": "legend_colour", "diameter_candidates_mm": null, "label_diameter_mm": 300.0, "label_agrees": true, "scheme": null, "flow_arrow": "end" }, "geometry": { "type": "LineString", "coordinates": [ [ 88.396959599869291, 22.50778601292712 ], [ 88.396947428776599, 22.507730341669195 ], [ 88.396935281956772, 22.507676815613429 ], [ 88.396923062362589, 22.507616853943972 ], [ 88.396903627490758, 22.507531212248235 ], [ 88.396886574489073, 22.507452074736193 ] ] } },
{ "type": "Feature", "properties": { "ward": 106, "source_sheet": "106_garfa2.pdf p2", "source": "KMC ward sewerage network map (ArcMap GeoPDF)", "extraction_method": "geopdf_vector", "georef_max_residual_m": 2.5, "conduit_type": "pipe", "pipe_diameter_mm": 225.0, "diameter_source": "legend_colour", "diameter_candidates_mm": null, "label_diameter_mm": 225.0, "label_agrees": true, "scheme": null, "flow_arrow": "end" }, "geometry": { "type": "LineString", "coordinates": [ [ 88.396958429032168, 22.508090673494412 ], [ 88.396841130384587, 22.508128203185027 ], [ 88.396742223385743, 22.508159130733311 ], [ 88.396727962609205, 22.508122787100884 ], [ 88.39671362906391, 22.508080007854481 ], [ 88.39670167636389, 22.508043643412972 ], [ 88.396641812353366, 22.508057055567889 ], [ 88.396570432284619, 22.508072716923589 ], [ 88.396496744137224, 22.50808839905098 ], [ 88.396425388286929, 22.508106205548273 ], [ 88.396354008163243, 22.508121866810448 ] ] } },
{ "type": "Feature", "properties": { "ward": 106, "source_sheet": "106_garfa2.pdf p2", "source": "KMC ward sewerage network map (ArcMap GeoPDF)", "extraction_method": "geopdf_vector", "georef_max_residual_m": 2.5, "conduit_type": "pipe", "pipe_diameter_mm": 400.0, "diameter_source": "legend_colour", "diameter_candidates_mm": null, "label_diameter_mm": 400.0, "label_agrees": true, "scheme": null, "flow_arrow": "end" }, "geometry": { "type": "LineString", "coordinates": [ [ 88.392522288864953, 22.498727471425482 ], [ 88.392560835696813, 22.498870859776577 ], [ 88.392597002246148, 22.499007842158445 ], [ 88.392635525062332, 22.49914908526873 ], [ 88.392676525294021, 22.499305333032613 ], [ 88.392712764657489, 22.499448751000127 ], [ 88.392751384492527, 22.499598574903175 ], [ 88.39278752726905, 22.499733412001206 ], [ 88.392826219254232, 22.49988108979894 ], [ 88.392852864373111, 22.499992412534727 ], [ 88.392874675956278, 22.500084469862436 ], [ 88.392898867978587, 22.500182933131189 ], [ 88.392918274926743, 22.500266430353502 ] ] } },
{ "type": "Feature", "properties": { "ward": 106, "source_sheet": "106_garfa2.pdf p2", "source": "KMC ward sewerage network map (ArcMap GeoPDF)", "extraction_method": "geopdf_vector", "georef_max_residual_m": 2.5, "conduit_type": "pipe", "pipe_diameter_mm": 300.0, "diameter_source": "legend_colour", "diameter_candidates_mm": null, "label_diameter_mm": 300.0, "label_agrees": true, "scheme": null, "flow_arrow": "end" }, "geometry": { "type": "LineString", "coordinates": [ [ 88.39282015154852, 22.500784351298204 ], [ 88.392898621012904, 22.500775064289495 ], [ 88.392862622948897, 22.500653098510295 ], [ 88.392826480508958, 22.500526852101356 ] ] } },
{ "type": "Feature", "properties": { "ward": 106, "source_sheet": "106_garfa2.pdf p2", "source": "KMC ward sewerage network map (ArcMap GeoPDF)", "extraction_method": "geopdf_vector", "georef_max_residual_m": 2.5, "conduit_type": "pipe", "pipe_diameter_mm": 300.0, "diameter_source": "legend_colour", "diameter_candidates_mm": null, "label_diameter_mm": 300.0, "label_agrees": true, "scheme": null, "flow_arrow": "end" }, "geometry": { "type": "LineString", "coordinates": [ [ 88.392676589368889, 22.500948685090702 ], [ 88.392510659105824, 22.500971630514613 ] ] } },
{ "type": "Feature", "properties": { "ward": 106, "source_sheet": "106_garfa2.pdf p2", "source": "KMC ward sewerage network map (ArcMap GeoPDF)", "extraction_method": "geopdf_vector", "georef_max_residual_m": 2.5, "conduit_type": "pipe", "pipe_diameter_mm": 300.0, "diameter_source": "legend_colour", "diameter_candidates_mm": null, "label_diameter_mm": 300.0, "label_agrees": true, "scheme": null, "flow_arrow": "end" }, "geometry": { "type": "LineString", "coordinates": [ [ 88.39257419527425, 22.508857440639879 ], [ 88.392641081125376, 22.508852548548344 ], [ 88.392721815433049, 22.508847531935345 ], [ 88.392821038547936, 22.508844494486695 ], [ 88.392911005146445, 22.508839394777141 ], [ 88.393012584085866, 22.508832045179815 ], [ 88.393107166815881, 22.508826903854871 ], [ 88.393194849512341, 22.508823969949514 ], [ 88.393219455244164, 22.508958910436959 ], [ 88.393239130186842, 22.50906600473807 ] ] } },
{ "type": "Feature", "properties": { "ward": 106, "source_sheet": "106_garfa2.pdf p2", "source": "KMC ward sewerage network map (ArcMap GeoPDF)", "extraction_method": "geopdf_vector", "georef_max_residual_m": 2.5, "conduit_type": "pipe", "pipe_diameter_mm": 300.0, "diameter_source": "legend_colour", "diameter_candidates_mm": null, "label_diameter_mm": 300.0, "label_agrees": true, "scheme": null, "flow_arrow": "end" }, "geometry": { "type": "LineString", "coordinates": [ [ 88.392158340160094, 22.508620890508645 ], [ 88.392239074365321, 22.508615874143516 ], [ 88.392329016664945, 22.508608629557418 ], [ 88.392407418585449, 22.508601488643816 ], [ 88.392488152763136, 22.508596472154803 ], [ 88.392557346567386, 22.508591559358564 ] ] } },
{ "type": "Feature", "properties": { "ward": 106, "source_sheet": "106_garfa2.pdf p2", "source": "KMC ward sewerage network map (ArcMap GeoPDF)", "extraction_method": "geopdf_vector", "georef_max_residual_m": 2.5, "conduit_type": "pipe", "pipe_diameter_mm": 300.0, "diameter_source": "legend_colour", "diameter_candidates_mm": null, "label_diameter_mm": null, "label_agrees": null, "scheme": null, "flow_arrow": "end" }, "geometry": { "type": "LineString", "coordinates": [ [ 88.385792508694678, 22.508478444397088 ], [ 88.385852277800296, 22.508456455358562 ], [ 88.385935016807821, 22.508423533629401 ] ] } },
{ "type": "Feature", "properties": { "ward": 106, "source_sheet": "106_garfa2.pdf p2", "source": "KMC ward sewerage network map (ArcMap GeoPDF)", "extraction_method": "geopdf_vector", "georef_max_residual_m": 2.5, "conduit_type": "pipe", "pipe_diameter_mm": 400.0, "diameter_source": "legend_colour", "diameter_candidates_mm": null, "label_diameter_mm": 400.0, "label_agrees": true, "scheme": null, "flow_arrow": "end" }, "geometry": { "type": "LineString", "coordinates": [ [ 88.392678920568073, 22.509137549933815 ], [ 88.39268445625305, 22.509219026322278 ], [ 88.392690064541767, 22.509306938331871 ], [ 88.392695745435844, 22.509401285962348 ], [ 88.392703758627846, 22.509497758049239 ], [ 88.392709463745334, 22.509594250883591 ] ] } },
{ "type": "Feature", "properties": { "ward": 106, "source_sheet": "106_garfa2.pdf p2", "source": "KMC ward sewerage network map (ArcMap GeoPDF)", "extraction_method": "geopdf_vector", "georef_max_residual_m": 2.5, "conduit_type": "pipe", "pipe_diameter_mm": 225.0, "diameter_source": "legend_colour", "diameter_candidates_mm": null, "label_diameter_mm": 225.0, "label_agrees": true, "scheme": null, "flow_arrow": "end" }, "geometry": { "type": "LineString", "coordinates": [ [ 88.391558658209604, 22.499036478287103 ], [ 88.391541366843256, 22.498935798424124 ], [ 88.391628753349764, 22.498907123147028 ], [ 88.391642214097232, 22.498872675415971 ] ] } },
{ "type": "Feature", "properties": { "ward": 106, "source_sheet": "106_garfa2.pdf p2", "source": "KMC ward sewerage network map (ArcMap GeoPDF)", "extraction_method": "geopdf_vector", "georef_max_residual_m": 2.5, "conduit_type": "pipe", "pipe_diameter_mm": 225.0, "diameter_source": "legend_colour", "diameter_candidates_mm": null, "label_diameter_mm": 225.0, "label_agrees": true, "scheme": null, "flow_arrow": "end" }, "geometry": { "type": "LineString", "coordinates": [ [ 88.390579046451194, 22.499364931816178 ], [ 88.390636623719402, 22.499353687984442 ], [ 88.3906942347501, 22.499344589258286 ], [ 88.390763351604321, 22.499333241821358 ], [ 88.390825544682698, 22.499321956497297 ] ] } },
{ "type": "Feature", "properties": { "ward": 106, "source_sheet": "106_garfa2.pdf p2", "source": "KMC ward sewerage network map (ArcMap GeoPDF)", "extraction_method": "geopdf_vector", "georef_max_residual_m": 2.5, "conduit_type": "pipe", "pipe_diameter_mm": 300.0, "diameter_source": "legend_colour", "diameter_candidates_mm": null, "label_diameter_mm": 300.0, "label_agrees": true, "scheme": null, "flow_arrow": "end" }, "geometry": { "type": "LineString", "coordinates": [ [ 88.391018130338381, 22.500843446304181 ], [ 88.391001032361643, 22.500759928087373 ], [ 88.390979125222117, 22.500659289610415 ] ] } },
{ "type": "Feature", "properties": { "ward": 106, "source_sheet": "106_garfa2.pdf p2", "source": "KMC ward sewerage network map (ArcMap GeoPDF)", "extraction_method": "geopdf_vector", "georef_max_residual_m": 2.5, "conduit_type": "pipe", "pipe_diameter_mm": 225.0, "diameter_source": "legend_colour", "diameter_candidates_mm": null, "label_diameter_mm": 225.0, "label_agrees": true, "scheme": null, "flow_arrow": "end" }, "geometry": { "type": "LineString", "coordinates": [ [ 88.396310275743474, 22.500373213081669 ], [ 88.396336438838532, 22.500441630959234 ], [ 88.396362553470482, 22.500505758417855 ] ] } },
{ "type": "Feature", "properties": { "ward": 106, "source_sheet": "106_garfa2.pdf p2", "source": "KMC ward sewerage network map (ArcMap GeoPDF)", "extraction_method": "geopdf_vector", "georef_max_residual_m": 2.5, "conduit_type": "pipe", "pipe_diameter_mm": 300.0, "diameter_source": "legend_colour", "diameter_candidates_mm": null, "label_diameter_mm": null, "label_agrees": null, "scheme": null, "flow_arrow": "end" }, "geometry": { "type": "LineString", "coordinates": [ [ 88.384693017521869, 22.501833337572695 ], [ 88.384252777725791, 22.501890907560384 ] ] } },
{ "type": "Feature", "properties": { "ward": 106, "source_sheet": "106_garfa2.pdf p2", "source": "KMC ward sewerage network map (ArcMap GeoPDF)", "extraction_method": "geopdf_vector", "georef_max_residual_m": 2.5, "conduit_type": "pipe", "pipe_diameter_mm": 300.0, "diameter_source": "legend_colour", "diameter_candidates_mm": null, "label_diameter_mm": 300.0, "label_agrees": true, "scheme": null, "flow_arrow": "end" }, "geometry": { "type": "LineString", "coordinates": [ [ 88.396618193121313, 22.506988937236791 ], [ 88.396770111520368, 22.506951095670477 ], [ 88.396931213470396, 22.506908880325707 ] ] } },
{ "type": "Feature", "properties": { "ward": 106, "source_sheet": "106_garfa2.pdf p2", "source": "KMC ward sewerage network map (ArcMap GeoPDF)", "extraction_method": "geopdf_vector", "georef_max_residual_m": 2.5, "conduit_type": "pipe", "pipe_diameter_mm": 300.0, "diameter_source": "legend_colour", "diameter_candidates_mm": null, "label_diameter_mm": 300.0, "label_agrees": true, "scheme": null, "flow_arrow": "end" }, "geometry": { "type": "LineString", "coordinates": [ [ 88.399001959076813, 22.508754480281276 ], [ 88.399042459626671, 22.508865676501404 ], [ 88.399082984542403, 22.508979017908167 ] ] } },
{ "type": "Feature", "properties": { "ward": 106, "source_sheet": "106_garfa2.pdf p2", "source": "KMC ward sewerage network map (ArcMap GeoPDF)", "extraction_method": "geopdf_vector", "georef_max_residual_m": 2.5, "conduit_type": "pipe", "pipe_diameter_mm": 300.0, "diameter_source": "legend_colour", "diameter_candidates_mm": null, "label_diameter_mm": 300.0, "label_agrees": true, "scheme": null, "flow_arrow": "end" }, "geometry": { "type": "LineString", "coordinates": [ [ 88.399105311726714, 22.507893233227929 ], [ 88.399076303132446, 22.507777642399105 ], [ 88.398947295086245, 22.507800261364839 ] ] } },
{ "type": "Feature", "properties": { "ward": 106, "source_sheet": "106_garfa2.pdf p2", "source": "KMC ward sewerage network map (ArcMap GeoPDF)", "extraction_method": "geopdf_vector", "georef_max_residual_m": 2.5, "conduit_type": "pipe", "pipe_diameter_mm": 300.0, "diameter_source": "legend_colour", "diameter_candidates_mm": null, "label_diameter_mm": 300.0, "label_agrees": true, "scheme": null, "flow_arrow": "end" }, "geometry": { "type": "LineString", "coordinates": [ [ 88.397212548945959, 22.507088704673819 ], [ 88.397083541141413, 22.507111322130978 ], [ 88.39711045825895, 22.507246241065225 ], [ 88.397139926131828, 22.507402591217438 ] ] } },
{ "type": "Feature", "properties": { "ward": 106, "source_sheet": "106_garfa2.pdf p2", "source": "KMC ward sewerage network map (ArcMap GeoPDF)", "extraction_method": "geopdf_vector", "georef_max_residual_m": 2.5, "conduit_type": "pipe", "pipe_diameter_mm": 300.0, "diameter_source": "legend_colour", "diameter_candidates_mm": null, "label_diameter_mm": 300.0, "label_agrees": true, "scheme": null, "flow_arrow": "end" }, "geometry": { "type": "LineString", "coordinates": [ [ 88.395720042606044, 22.50921530851107 ], [ 88.395662364842309, 22.5092179735143 ], [ 88.395593122429901, 22.50921859724529 ], [ 88.395530828498593, 22.509221303782592 ] ] } },
{ "type": "Feature", "properties": { "ward": 106, "source_sheet": "106_garfa2.pdf p2", "source": "KMC ward sewerage network map (ArcMap GeoPDF)", "extraction_method": "geopdf_vector", "georef_max_residual_m": 2.5, "conduit_type": "pipe", "pipe_diameter_mm": 300.0, "diameter_source": "legend_colour", "diameter_candidates_mm": null, "label_diameter_mm": 300.0, "label_agrees": true, "scheme": null, "flow_arrow": "end" }, "geometry": { "type": "LineString", "coordinates": [ [ 88.395021058439198, 22.509262366843831 ], [ 88.394921859386713, 22.509267550866308 ], [ 88.394824944174331, 22.509270568842975 ], [ 88.394725720872088, 22.509273607539679 ] ] } },
{ "type": "Feature", "properties": { "ward": 106, "source_sheet": "106_garfa2.pdf p2", "source": "KMC ward sewerage network map (ArcMap GeoPDF)", "extraction_method": "geopdf_vector", "georef_max_residual_m": 2.5, "conduit_type": "pipe", "pipe_diameter_mm": 300.0, "diameter_source": "legend_colour", "diameter_candidates_mm": null, "label_diameter_mm": 300.0, "label_agrees": true, "scheme": null, "flow_arrow": "end" }, "geometry": { "type": "LineString", "coordinates": [ [ 88.390175483755044, 22.507394438409975 ], [ 88.390197319192836, 22.507488641259556 ], [ 88.390216758582923, 22.507574194504702 ] ] } },
{ "type": "Feature", "properties": { "ward": 106, "source_sheet": "106_garfa2.pdf p2", "source": "KMC ward sewerage network map (ArcMap GeoPDF)", "extraction_method": "geopdf_vector", "georef_max_residual_m": 2.5, "conduit_type": "pipe", "pipe_diameter_mm": 300.0, "diameter_source": "legend_colour", "diameter_candidates_mm": null, "label_diameter_mm": 300.0, "label_agrees": true, "scheme": null, "flow_arrow": "end" }, "geometry": { "type": "LineString", "coordinates": [ [ 88.392332777257565, 22.507713953311651 ], [ 88.392325030595202, 22.507641078458349 ], [ 88.392317235562132, 22.507563913187028 ], [ 88.392307133493176, 22.507486858039879 ] ] } },
{ "type": "Feature", "properties": { "ward": 106, "source_sheet": "106_garfa2.pdf p2", "source": "KMC ward sewerage network map (ArcMap GeoPDF)", "extraction_method": "geopdf_vector", "georef_max_residual_m": 2.5, "conduit_type": "pipe", "pipe_diameter_mm": 300.0, "diameter_source": "legend_colour", "diameter_candidates_mm": null, "label_diameter_mm": null, "label_agrees": null, "scheme": null, "flow_arrow": "end" }, "geometry": { "type": "LineString", "coordinates": [ [ 88.39610362362086, 22.505779264713468 ], [ 88.396091525830386, 22.505730028966862 ], [ 88.396079452295993, 22.505682938423913 ], [ 88.396067330278115, 22.505631557468746 ], [ 88.396057540535921, 22.505582300923123 ] ] } },
{ "type": "Feature", "properties": { "ward": 106, "source_sheet": "106_garfa2.pdf p2", "source": "KMC ward sewerage network map (ArcMap GeoPDF)", "extraction_method": "geopdf_vector", "georef_max_residual_m": 2.5, "conduit_type": "pipe", "pipe_diameter_mm": 300.0, "diameter_source": "legend_colour", "diameter_candidates_mm": null, "label_diameter_mm": 300.0, "label_agrees": true, "scheme": null, "flow_arrow": "end" }, "geometry": { "type": "LineString", "coordinates": [ [ 88.396025645232029, 22.505415254162024 ], [ 88.396035362210995, 22.505458075095579 ], [ 88.396042771077347, 22.505500907883537 ], [ 88.396050204295975, 22.505545894814418 ], [ 88.396057540535921, 22.505582300923123 ] ] } },
{ "type": "Feature", "properties": { "ward": 106, "source_sheet": "106_garfa2.pdf p2", "source": "KMC ward sewerage network map (ArcMap GeoPDF)", "extraction_method": "geopdf_vector", "georef_max_residual_m": 2.5, "conduit_type": "pipe", "pipe_diameter_mm": 300.0, "diameter_source": "legend_colour", "diameter_candidates_mm": null, "label_diameter_mm": 300.0, "label_agrees": true, "scheme": null, "flow_arrow": "end" }, "geometry": { "type": "LineString", "coordinates": [ [ 88.387536850487876, 22.509638523749356 ], [ 88.387483957238857, 22.509656160973876 ], [ 88.387421855708453, 22.509676026089529 ], [ 88.387364336618631, 22.509693704709903 ], [ 88.387375016002736, 22.509822334755963 ] ] } },
{ "type": "Feature", "properties": { "ward": 106, "source_sheet": "106_garfa2.pdf p2", "source": "KMC ward sewerage network map (ArcMap GeoPDF)", "extraction_method": "geopdf_vector", "georef_max_residual_m": 2.5, "conduit_type": "pipe", "pipe_diameter_mm": 300.0, "diameter_source": "legend_colour", "diameter_candidates_mm": null, "label_diameter_mm": 300.0, "label_agrees": true, "scheme": null, "flow_arrow": "end" }, "geometry": { "type": "LineString", "coordinates": [ [ 88.387126665797837, 22.50744322247359 ], [ 88.387141632858643, 22.507541778184351 ], [ 88.38715670987817, 22.507650970659085 ] ] } },
{ "type": "Feature", "properties": { "ward": 106, "source_sheet": "106_garfa2.pdf p2", "source": "KMC ward sewerage network map (ArcMap GeoPDF)", "extraction_method": "geopdf_vector", "georef_max_residual_m": 2.5, "conduit_type": "pipe", "pipe_diameter_mm": 400.0, "diameter_source": "legend_colour", "diameter_candidates_mm": null, "label_diameter_mm": 400.0, "label_agrees": true, "scheme": null, "flow_arrow": "end" }, "geometry": { "type": "LineString", "coordinates": [ [ 88.386014667584789, 22.507294414326775 ], [ 88.385981193530654, 22.506985771937124 ], [ 88.385943252839141, 22.506896003343833 ], [ 88.385916539266859, 22.506778243701326 ], [ 88.385894730926537, 22.506686185325673 ], [ 88.385870445941762, 22.506579131091801 ] ] } },
{ "type": "Feature", "properties": { "ward": 106, "source_sheet": "106_garfa2.pdf p2", "source": "KMC ward sewerage network map (ArcMap GeoPDF)", "extraction_method": "geopdf_vector", "georef_max_residual_m": 2.5, "conduit_type": "pipe", "pipe_diameter_mm": 300.0, "diameter_source": "legend_colour", "diameter_candidates_mm": null, "label_diameter_mm": null, "label_agrees": null, "scheme": null, "flow_arrow": "end" }, "geometry": { "type": "LineString", "coordinates": [ [ 88.385002989757027, 22.508062856235558 ], [ 88.384993011050412, 22.507996437122348 ], [ 88.384980579819128, 22.507917167354822 ], [ 88.384970649292697, 22.507855038668076 ] ] } },
{ "type": "Feature", "properties": { "ward": 106, "source_sheet": "106_garfa2.pdf p2", "source": "KMC ward sewerage network map (ArcMap GeoPDF)", "extraction_method": "geopdf_vector", "georef_max_residual_m": 2.5, "conduit_type": "pipe", "pipe_diameter_mm": 400.0, "diameter_source": "legend_colour", "diameter_candidates_mm": null, "label_diameter_mm": 400.0, "label_agrees": true, "scheme": null, "flow_arrow": "end" }, "geometry": { "type": "LineString", "coordinates": [ [ 88.390630029239219, 22.509220318386237 ], [ 88.39063381147497, 22.50935115544052 ], [ 88.390637521225031, 22.509475556864256 ], [ 88.390640989319721, 22.509578506192536 ], [ 88.390641714326037, 22.509642862471861 ], [ 88.390644554092049, 22.509690036356357 ] ] } },
{ "type": "Feature", "properties": { "ward": 106, "source_sheet": "106_garfa2.pdf p2", "source": "KMC ward sewerage network map (ArcMap GeoPDF)", "extraction_method": "geopdf_vector", "georef_max_residual_m": 2.5, "conduit_type": "pipe", "pipe_diameter_mm": 400.0, "diameter_source": "legend_colour", "diameter_candidates_mm": null, "label_diameter_mm": 400.0, "label_agrees": true, "scheme": null, "flow_arrow": "end" }, "geometry": { "type": "LineString", "coordinates": [ [ 88.391951235404946, 22.509292124242187 ], [ 88.391961677093533, 22.509399301695932 ], [ 88.391972070428452, 22.509502188730611 ], [ 88.39198003475515, 22.509594370461329 ], [ 88.391988071659185, 22.509692987814208 ], [ 88.391998658552438, 22.509813036505413 ] ] } },
{ "type": "Feature", "properties": { "ward": 106, "source_sheet": "106_garfa2.pdf p2", "source": "KMC ward sewerage network map (ArcMap GeoPDF)", "extraction_method": "geopdf_vector", "georef_max_residual_m": 2.5, "conduit_type": "pipe", "pipe_diameter_mm": 400.0, "diameter_source": "legend_colour", "diameter_candidates_mm": null, "label_diameter_mm": 400.0, "label_agrees": true, "scheme": null, "flow_arrow": "end" }, "geometry": { "type": "LineString", "coordinates": [ [ 88.389935663915708, 22.509466837928031 ], [ 88.389950913512095, 22.509591135847931 ], [ 88.389968664489416, 22.509732574732062 ] ] } },
{ "type": "Feature", "properties": { "ward": 106, "source_sheet": "106_garfa2.pdf p2", "source": "KMC ward sewerage network map (ArcMap GeoPDF)", "extraction_method": "geopdf_vector", "georef_max_residual_m": 2.5, "conduit_type": "pipe", "pipe_diameter_mm": 225.0, "diameter_source": "legend_colour", "diameter_candidates_mm": null, "label_diameter_mm": 225.0, "label_agrees": true, "scheme": null, "flow_arrow": "end" }, "geometry": { "type": "LineString", "coordinates": [ [ 88.3949886304312, 22.5074133929194 ], [ 88.395122230820334, 22.507388590339929 ], [ 88.395255831155524, 22.507363787651947 ], [ 88.395327065627043, 22.507335255655381 ] ] } },
{ "type": "Feature", "properties": { "ward": 106, "source_sheet": "106_garfa2.pdf p2", "source": "KMC ward sewerage network map (ArcMap GeoPDF)", "extraction_method": "geopdf_vector", "georef_max_residual_m": 2.5, "conduit_type": "pipe", "pipe_diameter_mm": 225.0, "diameter_source": "legend_colour", "diameter_candidates_mm": null, "label_diameter_mm": 225.0, "label_agrees": true, "scheme": null, "flow_arrow": "end" }, "geometry": { "type": "LineString", "coordinates": [ [ 88.396569760498565, 22.507605020788663 ], [ 88.396543401690067, 22.50751944144735 ], [ 88.396681593670522, 22.507492450773427 ], [ 88.396815169490353, 22.507465501596748 ] ] } },
{ "type": "Feature", "properties": { "ward": 106, "source_sheet": "106_garfa2.pdf p2", "source": "KMC ward sewerage network map (ArcMap GeoPDF)", "extraction_method": "geopdf_vector", "georef_max_residual_m": 2.5, "conduit_type": "pipe", "pipe_diameter_mm": 300.0, "diameter_source": "legend_colour", "diameter_candidates_mm": null, "label_diameter_mm": 300.0, "label_agrees": true, "scheme": null, "flow_arrow": "end" }, "geometry": { "type": "LineString", "coordinates": [ [ 88.397433007255131, 22.506784212038689 ], [ 88.397166002738402, 22.506850982458495 ], [ 88.396931213470396, 22.506908880325707 ] ] } },
{ "type": "Feature", "properties": { "ward": 106, "source_sheet": "106_garfa2.pdf p2", "source": "KMC ward sewerage network map (ArcMap GeoPDF)", "extraction_method": "geopdf_vector", "georef_max_residual_m": 2.5, "conduit_type": "pipe", "pipe_diameter_mm": 400.0, "diameter_source": "legend_colour", "diameter_candidates_mm": null, "label_diameter_mm": 400.0, "label_agrees": true, "scheme": null, "flow_arrow": "end" }, "geometry": { "type": "LineString", "coordinates": [ [ 88.398433910471795, 22.507920748219636 ], [ 88.398242851736057, 22.507967526264203 ], [ 88.398088600387226, 22.508003244874061 ], [ 88.397948076855187, 22.508036694065595 ], [ 88.397846789318393, 22.508061207491284 ], [ 88.397798465732365, 22.508074515961258 ] ] } },
{ "type": "Feature", "properties": { "ward": 106, "source_sheet": "106_garfa2.pdf p2", "source": "KMC ward sewerage network map (ArcMap GeoPDF)", "extraction_method": "geopdf_vector", "georef_max_residual_m": 2.5, "conduit_type": "pipe", "pipe_diameter_mm": 300.0, "diameter_source": "legend_colour", "diameter_candidates_mm": null, "label_diameter_mm": 300.0, "label_agrees": true, "scheme": null, "flow_arrow": "end" }, "geometry": { "type": "LineString", "coordinates": [ [ 88.387794291195235, 22.505845334584102 ], [ 88.387854179431983, 22.505834070933112 ], [ 88.387925569191182, 22.505818413359702 ], [ 88.387994689528398, 22.505807066945984 ], [ 88.388068377668674, 22.505791388718052 ], [ 88.388167415495445, 22.505771192453906 ], [ 88.38826877582953, 22.505753120746295 ], [ 88.388367803976266, 22.50573292444782 ], [ 88.388501438017428, 22.505710272505137 ], [ 88.388593590267519, 22.505694428553262 ] ] } },
{ "type": "Feature", "properties": { "ward": 106, "source_sheet": "106_garfa2.pdf p2", "source": "KMC ward sewerage network map (ArcMap GeoPDF)", "extraction_method": "geopdf_vector", "georef_max_residual_m": 2.5, "conduit_type": "pipe", "pipe_diameter_mm": 225.0, "diameter_source": "legend_colour", "diameter_candidates_mm": null, "label_diameter_mm": 225.0, "label_agrees": true, "scheme": null, "flow_arrow": "end" }, "geometry": { "type": "LineString", "coordinates": [ [ 88.385154448598584, 22.504075425806732 ], [ 88.385190103985551, 22.504167360533916 ], [ 88.385218666754909, 22.504244331714389 ], [ 88.385249561745852, 22.504323436403386 ], [ 88.385282837020839, 22.504408956092188 ] ] } },
{ "type": "Feature", "properties": { "ward": 106, "source_sheet": "106_garfa2.pdf p2", "source": "KMC ward sewerage network map (ArcMap GeoPDF)", "extraction_method": "geopdf_vector", "georef_max_residual_m": 2.5, "conduit_type": "pipe", "pipe_diameter_mm": 300.0, "diameter_source": "legend_colour", "diameter_candidates_mm": null, "label_diameter_mm": 300.0, "label_agrees": true, "scheme": null, "flow_arrow": "end" }, "geometry": { "type": "LineString", "coordinates": [ [ 88.388033090577196, 22.505321864885236 ], [ 88.387941010850838, 22.505344144146676 ], [ 88.387851229499532, 22.505366402766679 ], [ 88.3877913655801, 22.505379811620145 ] ] } },
{ "type": "Feature", "properties": { "ward": 106, "source_sheet": "106_garfa2.pdf p2", "source": "KMC ward sewerage network map (ArcMap GeoPDF)", "extraction_method": "geopdf_vector", "georef_max_residual_m": 2.5, "conduit_type": "pipe", "pipe_diameter_mm": 300.0, "diameter_source": "legend_colour", "diameter_candidates_mm": null, "label_diameter_mm": 300.0, "label_agrees": true, "scheme": null, "flow_arrow": "end" }, "geometry": { "type": "LineString", "coordinates": [ [ 88.388850047733854, 22.505509777196895 ], [ 88.388704907576184, 22.50553467798705 ], [ 88.388564349665259, 22.505557392149324 ] ] } },
{ "type": "Feature", "properties": { "ward": 106, "source_sheet": "106_garfa2.pdf p2", "source": "KMC ward sewerage network map (ArcMap GeoPDF)", "extraction_method": "geopdf_vector", "georef_max_residual_m": 2.5, "conduit_type": "pipe", "pipe_diameter_mm": 225.0, "diameter_source": "legend_colour", "diameter_candidates_mm": null, "label_diameter_mm": 225.0, "label_agrees": true, "scheme": null, "flow_arrow": "end" }, "geometry": { "type": "LineString", "coordinates": [ [ 88.396720496301995, 22.505829486601709 ], [ 88.396907082272079, 22.505795623314807 ] ] } },
{ "type": "Feature", "properties": { "ward": 106, "source_sheet": "106_garfa2.pdf p2", "source": "KMC ward sewerage network map (ArcMap GeoPDF)", "extraction_method": "geopdf_vector", "georef_max_residual_m": 2.5, "conduit_type": "pipe", "pipe_diameter_mm": 375.0, "diameter_source": "legend_colour", "diameter_candidates_mm": null, "label_diameter_mm": 375.0, "label_agrees": true, "scheme": null, "flow_arrow": "end" }, "geometry": { "type": "LineString", "coordinates": [ [ 88.396527054896211, 22.506073654013289 ], [ 88.396539249892427, 22.506131470534761 ], [ 88.396551420645793, 22.506187141849676 ], [ 88.396563615563707, 22.506244949429131 ], [ 88.396573381491223, 22.506292078600634 ], [ 88.396583171479122, 22.506341335098877 ], [ 88.396595342273216, 22.506397006407241 ], [ 88.396607561589292, 22.506456968123 ], [ 88.396619756661636, 22.506514784632294 ], [ 88.396634356805166, 22.506581161154671 ] ] } },
{ "type": "Feature", "properties": { "ward": 106, "source_sheet": "106_garfa2.pdf p2", "source": "KMC ward sewerage network map (ArcMap GeoPDF)", "extraction_method": "geopdf_vector", "georef_max_residual_m": 2.5, "conduit_type": "pipe", "pipe_diameter_mm": 300.0, "diameter_source": "legend_colour", "diameter_candidates_mm": null, "label_diameter_mm": 300.0, "label_agrees": true, "scheme": null, "flow_arrow": "end" }, "geometry": { "type": "LineString", "coordinates": [ [ 88.3991185542979, 22.505597602025126 ], [ 88.399061169677196, 22.505626010597684 ], [ 88.399101572041829, 22.505728626078927 ], [ 88.39913964205418, 22.505829108243518 ], [ 88.399170618098438, 22.505914645434299 ], [ 88.39919445145911, 22.505980938314078 ], [ 88.399213498728997, 22.506032256452333 ], [ 88.399230165102509, 22.50607715982061 ], [ 88.399246855783389, 22.506124208388577 ], [ 88.399261116969598, 22.506160551783591 ] ] } },
{ "type": "Feature", "properties": { "ward": 106, "source_sheet": "106_garfa2.pdf p2", "source": "KMC ward sewerage network map (ArcMap GeoPDF)", "extraction_method": "geopdf_vector", "georef_max_residual_m": 2.5, "conduit_type": "pipe", "pipe_diameter_mm": 300.0, "diameter_source": "legend_colour", "diameter_candidates_mm": null, "label_diameter_mm": 300.0, "label_agrees": true, "scheme": null, "flow_arrow": "end" }, "geometry": { "type": "LineString", "coordinates": [ [ 88.388924409018756, 22.502475545790929 ], [ 88.388971582127454, 22.502565230933193 ], [ 88.389018755299588, 22.502654916057597 ] ] } },
{ "type": "Feature", "properties": { "ward": 106, "source_sheet": "106_garfa2.pdf p2", "source": "KMC ward sewerage network map (ArcMap GeoPDF)", "extraction_method": "geopdf_vector", "georef_max_residual_m": 2.5, "conduit_type": "pipe", "pipe_diameter_mm": 300.0, "diameter_source": "legend_colour", "diameter_candidates_mm": null, "label_diameter_mm": null, "label_agrees": null, "scheme": null, "flow_arrow": "end" }, "geometry": { "type": "LineString", "coordinates": [ [ 88.395352484381959, 22.503659968623605 ], [ 88.39521697334213, 22.503515299895898 ] ] } },
{ "type": "Feature", "properties": { "ward": 106, "source_sheet": "106_garfa2.pdf p2", "source": "KMC ward sewerage network map (ArcMap GeoPDF)", "extraction_method": "geopdf_vector", "georef_max_residual_m": 2.5, "conduit_type": "pipe", "pipe_diameter_mm": 300.0, "diameter_source": "legend_colour", "diameter_candidates_mm": null, "label_diameter_mm": 300.0, "label_agrees": true, "scheme": null, "flow_arrow": "end" }, "geometry": { "type": "LineString", "coordinates": [ [ 88.395077658826182, 22.503033842494361 ], [ 88.395089877113548, 22.503093804397775 ], [ 88.395097358309172, 22.503143081821623 ], [ 88.395107147492013, 22.503192338466064 ], [ 88.395052167824957, 22.503229305658383 ], [ 88.394907031462893, 22.503254211868956 ], [ 88.394950173991958, 22.503395412623089 ], [ 88.394955274495388, 22.503438275209074 ], [ 88.395007213093137, 22.503540788047271 ], [ 88.395086774945241, 22.50363661590243 ] ] } },
{ "type": "Feature", "properties": { "ward": 106, "source_sheet": "106_garfa2.pdf p2", "source": "KMC ward sewerage network map (ArcMap GeoPDF)", "extraction_method": "geopdf_vector", "georef_max_residual_m": 2.5, "conduit_type": "pipe", "pipe_diameter_mm": 225.0, "diameter_source": "legend_colour", "diameter_candidates_mm": null, "label_diameter_mm": 225.0, "label_agrees": true, "scheme": null, "flow_arrow": "end" }, "geometry": { "type": "LineString", "coordinates": [ [ 88.391548465312738, 22.502228886110238 ], [ 88.391579314972319, 22.502303699023962 ], [ 88.391605500276725, 22.502374254025778 ], [ 88.391638706324329, 22.502453336616476 ] ] } },
{ "type": "Feature", "properties": { "ward": 106, "source_sheet": "106_garfa2.pdf p2", "source": "KMC ward sewerage network map (ArcMap GeoPDF)", "extraction_method": "geopdf_vector", "georef_max_residual_m": 2.5, "conduit_type": "pipe", "pipe_diameter_mm": 300.0, "diameter_source": "legend_colour", "diameter_candidates_mm": null, "label_diameter_mm": 300.0, "label_agrees": true, "scheme": null, "flow_arrow": "end" }, "geometry": { "type": "LineString", "coordinates": [ [ 88.391965554720841, 22.502167213359453 ], [ 88.391891941556011, 22.502189328888711 ], [ 88.391804528912161, 22.502215859188745 ], [ 88.391842447676083, 22.502303481114769 ], [ 88.391824975089094, 22.502391591639491 ], [ 88.391818510544525, 22.502432412824447 ] ] } },
{ "type": "Feature", "properties": { "ward": 106, "source_sheet": "106_garfa2.pdf p2", "source": "KMC ward sewerage network map (ArcMap GeoPDF)", "extraction_method": "geopdf_vector", "georef_max_residual_m": 2.5, "conduit_type": "pipe", "pipe_diameter_mm": 300.0, "diameter_source": "legend_colour", "diameter_candidates_mm": null, "label_diameter_mm": 300.0, "label_agrees": true, "scheme": null, "flow_arrow": "end" }, "geometry": { "type": "LineString", "coordinates": [ [ 88.39352613328299, 22.502588699581327 ], [ 88.39351583643483, 22.502494393427543 ], [ 88.393503255838226, 22.502402253234788 ], [ 88.393490554347949, 22.5022993959345 ], [ 88.393480209151392, 22.502200799355567 ], [ 88.393464981819136, 22.502078646986682 ] ] } },
{ "type": "Feature", "properties": { "ward": 106, "source_sheet": "106_garfa2.pdf p2", "source": "KMC ward sewerage network map (ArcMap GeoPDF)", "extraction_method": "geopdf_vector", "georef_max_residual_m": 2.5, "conduit_type": "pipe", "pipe_diameter_mm": 400.0, "diameter_source": "legend_colour", "diameter_candidates_mm": null, "label_diameter_mm": 400.0, "label_agrees": true, "scheme": null, "flow_arrow": "end" }, "geometry": { "type": "LineString", "coordinates": [ [ 88.392361581783064, 22.502079983675877 ], [ 88.392369182870794, 22.502139987332747 ], [ 88.392379188676514, 22.502208551088589 ], [ 88.392389049378551, 22.502264243584882 ], [ 88.39239657793452, 22.502317811609142 ] ] } },
{ "type": "Feature", "properties": { "ward": 106, "source_sheet": "106_garfa2.pdf p2", "source": "KMC ward sewerage network map (ArcMap GeoPDF)", "extraction_method": "geopdf_vector", "georef_max_residual_m": 2.5, "conduit_type": "pipe", "pipe_diameter_mm": 500.0, "diameter_source": "legend_colour", "diameter_candidates_mm": null, "label_diameter_mm": 500.0, "label_agrees": true, "scheme": null, "flow_arrow": "end" }, "geometry": { "type": "LineString", "coordinates": [ [ 88.395447612324887, 22.502264621626193 ], [ 88.395265622945018, 22.502304869002199 ], [ 88.395069930367882, 22.50234953932878 ], [ 88.394883445299016, 22.502391981118102 ] ] } },
{ "type": "Feature", "properties": { "ward": 106, "source_sheet": "106_garfa2.pdf p2", "source": "KMC ward sewerage network map (ArcMap GeoPDF)", "extraction_method": "geopdf_vector", "georef_max_residual_m": 2.5, "conduit_type": "pipe", "pipe_diameter_mm": 300.0, "diameter_source": "legend_colour", "diameter_candidates_mm": null, "label_diameter_mm": 300.0, "label_agrees": true, "scheme": null, "flow_arrow": "end" }, "geometry": { "type": "LineString", "coordinates": [ [ 88.395934102906139, 22.502421138084674 ], [ 88.39588882136708, 22.502294965908195 ], [ 88.395499865728127, 22.502395013072825 ], [ 88.395447612324887, 22.502264621626193 ] ] } },
{ "type": "Feature", "properties": { "ward": 106, "source_sheet": "106_garfa2.pdf p2", "source": "KMC ward sewerage network map (ArcMap GeoPDF)", "extraction_method": "geopdf_vector", "georef_max_residual_m": 2.5, "conduit_type": "pipe", "pipe_diameter_mm": 400.0, "diameter_source": "legend_colour", "diameter_candidates_mm": null, "label_diameter_mm": 400.0, "label_agrees": true, "scheme": null, "flow_arrow": "end" }, "geometry": { "type": "LineString", "coordinates": [ [ 88.397672117719893, 22.502823821655781 ], [ 88.397722235417092, 22.502969258440707 ], [ 88.397770020879236, 22.503112561876026 ], [ 88.397813020695935, 22.503240899432516 ], [ 88.397848926654703, 22.503354274057312 ], [ 88.397887116488889, 22.503465491585192 ], [ 88.397927711464362, 22.503585269096686 ], [ 88.397951689417582, 22.50366443345396 ], [ 88.39800664116963, 22.503820544679908 ], [ 88.398066210072471, 22.50398520485631 ], [ 88.398092423249579, 22.504057903809745 ] ] } },
{ "type": "Feature", "properties": { "ward": 106, "source_sheet": "106_garfa2.pdf p2", "source": "KMC ward sewerage network map (ArcMap GeoPDF)", "extraction_method": "geopdf_vector", "georef_max_residual_m": 2.5, "conduit_type": "pipe", "pipe_diameter_mm": 300.0, "diameter_source": "legend_colour", "diameter_candidates_mm": null, "label_diameter_mm": null, "label_agrees": null, "scheme": null, "flow_arrow": "end" }, "geometry": { "type": "LineString", "coordinates": [ [ 88.398581548765819, 22.503834666162508 ], [ 88.398445814519675, 22.503874508669966 ], [ 88.398310080189688, 22.503914351066765 ], [ 88.398185861451282, 22.50395194403325 ], [ 88.398066210072471, 22.50398520485631 ] ] } },
{ "type": "Feature", "properties": { "ward": 106, "source_sheet": "106_garfa2.pdf p2", "source": "KMC ward sewerage network map (ArcMap GeoPDF)", "extraction_method": "geopdf_vector", "georef_max_residual_m": 2.5, "conduit_type": "pipe", "pipe_diameter_mm": 300.0, "diameter_source": "legend_colour", "diameter_candidates_mm": null, "label_diameter_mm": 300.0, "label_agrees": true, "scheme": null, "flow_arrow": "end" }, "geometry": { "type": "LineString", "coordinates": [ [ 88.398277190541663, 22.503251730043822 ], [ 88.398315234907415, 22.503350067294228 ], [ 88.398353206594209, 22.503441977858802 ], [ 88.398388894630756, 22.503536054440385 ], [ 88.398276167613588, 22.503569252922766 ], [ 88.398149641182542, 22.503606866671909 ], [ 88.39803919775288, 22.503637898967455 ], [ 88.397951689417582, 22.50366443345396 ] ] } },
{ "type": "Feature", "properties": { "ward": 106, "source_sheet": "106_garfa2.pdf p2", "source": "KMC ward sewerage network map (ArcMap GeoPDF)", "extraction_method": "geopdf_vector", "georef_max_residual_m": 2.5, "conduit_type": "pipe", "pipe_diameter_mm": 300.0, "diameter_source": "legend_colour", "diameter_candidates_mm": null, "label_diameter_mm": 300.0, "label_agrees": true, "scheme": null, "flow_arrow": "end" }, "geometry": { "type": "LineString", "coordinates": [ [ 88.397970305134578, 22.503065701418798 ], [ 88.397770020879236, 22.503112561876026 ] ] } },
{ "type": "Feature", "properties": { "ward": 106, "source_sheet": "106_garfa2.pdf p2", "source": "KMC ward sewerage network map (ArcMap GeoPDF)", "extraction_method": "geopdf_vector", "georef_max_residual_m": 2.5, "conduit_type": "pipe", "pipe_diameter_mm": 300.0, "diameter_source": "legend_colour", "diameter_candidates_mm": null, "label_diameter_mm": 300.0, "label_agrees": true, "scheme": null, "flow_arrow": "end" }, "geometry": { "type": "LineString", "coordinates": [ [ 88.398001622793828, 22.502765068601953 ], [ 88.397886346517865, 22.502785417248411 ], [ 88.397782681958631, 22.502803515660023 ], [ 88.397672117719893, 22.502823821655781 ] ] } },
{ "type": "Feature", "properties": { "ward": 106, "source_sheet": "106_garfa2.pdf p2", "source": "KMC ward sewerage network map (ArcMap GeoPDF)", "extraction_method": "geopdf_vector", "georef_max_residual_m": 2.5, "conduit_type": "pipe", "pipe_diameter_mm": 300.0, "diameter_source": "legend_colour", "diameter_candidates_mm": null, "label_diameter_mm": 300.0, "label_agrees": true, "scheme": null, "flow_arrow": "end" }, "geometry": { "type": "LineString", "coordinates": [ [ 88.397338068284753, 22.502880469597635 ], [ 88.397503951187545, 22.502853228720298 ], [ 88.397672117719893, 22.502823821655781 ] ] } },
{ "type": "Feature", "properties": { "ward": 106, "source_sheet": "106_garfa2.pdf p2", "source": "KMC ward sewerage network map (ArcMap GeoPDF)", "extraction_method": "geopdf_vector", "georef_max_residual_m": 2.5, "conduit_type": "pipe", "pipe_diameter_mm": 300.0, "diameter_source": "legend_colour", "diameter_candidates_mm": null, "label_diameter_mm": 400.0, "label_agrees": false, "scheme": null, "flow_arrow": "end" }, "geometry": { "type": "LineString", "coordinates": [ [ 88.397292764244355, 22.502548346347297 ], [ 88.397354933804664, 22.502534913255012 ], [ 88.397421695022857, 22.502519293312275 ], [ 88.397497688093026, 22.50250359009414 ], [ 88.397578297077644, 22.502487845214411 ] ] } },
{ "type": "Feature", "properties": { "ward": 106, "source_sheet": "106_garfa2.pdf p2", "source": "KMC ward sewerage network map (ArcMap GeoPDF)", "extraction_method": "geopdf_vector", "georef_max_residual_m": 2.5, "conduit_type": "pipe", "pipe_diameter_mm": 300.0, "diameter_source": "legend_colour", "diameter_candidates_mm": null, "label_diameter_mm": 300.0, "label_agrees": true, "scheme": null, "flow_arrow": "end" }, "geometry": { "type": "LineString", "coordinates": [ [ 88.386618951466673, 22.501906220510332 ], [ 88.38664323599491, 22.502013274703643 ], [ 88.386679638667843, 22.502171701827251 ], [ 88.386694161246325, 22.502231643903809 ] ] } },
{ "type": "Feature", "properties": { "ward": 106, "source_sheet": "106_garfa2.pdf p2", "source": "KMC ward sewerage network map (ArcMap GeoPDF)", "extraction_method": "geopdf_vector", "georef_max_residual_m": 2.5, "conduit_type": "pipe", "pipe_diameter_mm": 300.0, "diameter_source": "legend_colour", "diameter_candidates_mm": null, "label_diameter_mm": 300.0, "label_agrees": true, "scheme": null, "flow_arrow": "end" }, "geometry": { "type": "LineString", "coordinates": [ [ 88.388804797832009, 22.499640431589757 ], [ 88.388817230210805, 22.499719701068408 ], [ 88.388824853718376, 22.499781850207089 ], [ 88.388834833422933, 22.499848269085948 ], [ 88.388842384462137, 22.499903973642969 ], [ 88.388850041741051, 22.499968267905366 ] ] } },
{ "type": "Feature", "properties": { "ward": 106, "source_sheet": "106_garfa2.pdf p2", "source": "KMC ward sewerage network map (ArcMap GeoPDF)", "extraction_method": "geopdf_vector", "georef_max_residual_m": 2.5, "conduit_type": "pipe", "pipe_diameter_mm": 225.0, "diameter_source": "legend_colour", "diameter_candidates_mm": null, "label_diameter_mm": 225.0, "label_agrees": true, "scheme": null, "flow_arrow": "end" }, "geometry": { "type": "LineString", "coordinates": [ [ 88.39085583313107, 22.500576724588729 ], [ 88.39088466399599, 22.500677300941014 ] ] } },
{ "type": "Feature", "properties": { "ward": 106, "source_sheet": "106_garfa2.pdf p2", "source": "KMC ward sewerage network map (ArcMap GeoPDF)", "extraction_method": "geopdf_vector", "georef_max_residual_m": 2.5, "conduit_type": "pipe", "pipe_diameter_mm": 300.0, "diameter_source": "legend_colour", "diameter_candidates_mm": null, "label_diameter_mm": 300.0, "label_agrees": true, "scheme": null, "flow_arrow": "end" }, "geometry": { "type": "LineString", "coordinates": [ [ 88.39056416646342, 22.500298300033521 ], [ 88.390574436914733, 22.500390461298672 ], [ 88.390582230349892, 22.500467626790275 ], [ 88.390601925750616, 22.500576857960056 ], [ 88.390619120088729, 22.500668957081217 ], [ 88.390641196073986, 22.500784612101835 ], [ 88.390537676709158, 22.500815577096606 ], [ 88.390568863566713, 22.500920414285535 ], [ 88.390520541597809, 22.500933720492334 ], [ 88.390544804725891, 22.501038628755001 ], [ 88.390564234583124, 22.501124271529523 ], [ 88.390583688624204, 22.501212059511232 ] ] } },
{ "type": "Feature", "properties": { "ward": 106, "source_sheet": "106_garfa2.pdf p2", "source": "KMC ward sewerage network map (ArcMap GeoPDF)", "extraction_method": "geopdf_vector", "georef_max_residual_m": 2.5, "conduit_type": "pipe", "pipe_diameter_mm": 400.0, "diameter_source": "legend_colour", "diameter_candidates_mm": null, "label_diameter_mm": 400.0, "label_agrees": true, "scheme": null, "flow_arrow": "end" }, "geometry": { "type": "LineString", "coordinates": [ [ 88.394533850757554, 22.499640472182826 ], [ 88.394480872973773, 22.499445724027851 ], [ 88.394466105292679, 22.499364330703663 ], [ 88.394453548690223, 22.499274335776519 ], [ 88.394438708406483, 22.499186506820745 ] ] } },
{ "type": "Feature", "properties": { "ward": 106, "source_sheet": "106_garfa2.pdf p2", "source": "KMC ward sewerage network map (ArcMap GeoPDF)", "extraction_method": "geopdf_vector", "georef_max_residual_m": 2.5, "conduit_type": "pipe", "pipe_diameter_mm": 225.0, "diameter_source": "legend_colour", "diameter_candidates_mm": null, "label_diameter_mm": 225.0, "label_agrees": true, "scheme": null, "flow_arrow": "end" }, "geometry": { "type": "LineString", "coordinates": [ [ 88.386648114848725, 22.508200463272413 ], [ 88.386628387275323, 22.508089077551251 ] ] } },
{ "type": "Feature", "properties": { "ward": 106, "source_sheet": "106_garfa2.pdf p2", "source": "KMC ward sewerage network map (ArcMap GeoPDF)", "extraction_method": "geopdf_vector", "georef_max_residual_m": 2.5, "conduit_type": "pipe", "pipe_diameter_mm": 300.0, "diameter_source": "legend_colour", "diameter_candidates_mm": null, "label_diameter_mm": 300.0, "label_agrees": true, "scheme": null, "flow_arrow": "end" }, "geometry": { "type": "LineString", "coordinates": [ [ 88.387925142573195, 22.510092021189834 ], [ 88.387784863580706, 22.509728555314382 ] ] } },
{ "type": "Feature", "properties": { "ward": 106, "source_sheet": "106_garfa2.pdf p2", "source": "KMC ward sewerage network map (ArcMap GeoPDF)", "extraction_method": "geopdf_vector", "georef_max_residual_m": 2.5, "conduit_type": "pipe", "pipe_diameter_mm": 300.0, "diameter_source": "legend_colour", "diameter_candidates_mm": null, "label_diameter_mm": 300.0, "label_agrees": true, "scheme": null, "flow_arrow": "end" }, "geometry": { "type": "LineString", "coordinates": [ [ 88.389862473295267, 22.508911829067362 ], [ 88.389847441271328, 22.508806838013555 ], [ 88.389830052890318, 22.508697577242799 ] ] } },
{ "type": "Feature", "properties": { "ward": 106, "source_sheet": "106_garfa2.pdf p2", "source": "KMC ward sewerage network map (ArcMap GeoPDF)", "extraction_method": "geopdf_vector", "georef_max_residual_m": 2.5, "conduit_type": "pipe", "pipe_diameter_mm": 300.0, "diameter_source": "legend_colour", "diameter_candidates_mm": null, "label_diameter_mm": 300.0, "label_agrees": true, "scheme": null, "flow_arrow": "end" }, "geometry": { "type": "LineString", "coordinates": [ [ 88.390192551438915, 22.508705051717754 ], [ 88.390160879502901, 22.508557301489091 ], [ 88.390125098808625, 22.508454642083468 ], [ 88.390091698713817, 22.508358397585457 ], [ 88.390055942285926, 22.508257883367044 ], [ 88.389956854741087, 22.508273790441802 ], [ 88.389862417081929, 22.508291801165569 ], [ 88.389756439039488, 22.508309915366283 ] ] } },
{ "type": "Feature", "properties": { "ward": 106, "source_sheet": "106_garfa2.pdf p2", "source": "KMC ward sewerage network map (ArcMap GeoPDF)", "extraction_method": "geopdf_vector", "georef_max_residual_m": 2.5, "conduit_type": "pipe", "pipe_diameter_mm": 300.0, "diameter_source": "legend_colour", "diameter_candidates_mm": null, "label_diameter_mm": 300.0, "label_agrees": true, "scheme": null, "flow_arrow": "end" }, "geometry": { "type": "LineString", "coordinates": [ [ 88.398518092570043, 22.508220347476872 ], [ 88.398333933364384, 22.508264917949766 ], [ 88.398170498031121, 22.508305010373515 ], [ 88.398009250209597, 22.508342937476453 ], [ 88.397887238444127, 22.508371928761857 ] ] } },
{ "type": "Feature", "properties": { "ward": 106, "source_sheet": "106_garfa2.pdf p2", "source": "KMC ward sewerage network map (ArcMap GeoPDF)", "extraction_method": "geopdf_vector", "georef_max_residual_m": 2.5, "conduit_type": "pipe", "pipe_diameter_mm": 400.0, "diameter_source": "legend_colour", "diameter_candidates_mm": null, "label_diameter_mm": 400.0, "label_agrees": true, "scheme": null, "flow_arrow": "end" }, "geometry": { "type": "LineString", "coordinates": [ [ 88.38557521372843, 22.507834613915424 ], [ 88.3856951946685, 22.507829249772328 ], [ 88.38582668222125, 22.507821637165311 ], [ 88.385967411636955, 22.507813941760077 ], [ 88.386091974948215, 22.507806390892018 ], [ 88.386211955821537, 22.507801026366039 ], [ 88.386199427539282, 22.507713175869124 ], [ 88.386189351915803, 22.507638175998917 ], [ 88.386176895955799, 22.507556761139085 ], [ 88.386164344635034, 22.507466854804509 ], [ 88.386149460175474, 22.507374734522873 ], [ 88.386136835607019, 22.507278303156198 ] ] } },
{ "type": "Feature", "properties": { "ward": 106, "source_sheet": "106_garfa2.pdf p2", "source": "KMC ward sewerage network map (ArcMap GeoPDF)", "extraction_method": "geopdf_vector", "georef_max_residual_m": 2.5, "conduit_type": "pipe", "pipe_diameter_mm": 300.0, "diameter_source": "legend_colour", "diameter_candidates_mm": null, "label_diameter_mm": 300.0, "label_agrees": true, "scheme": null, "flow_arrow": "end" }, "geometry": { "type": "LineString", "coordinates": [ [ 88.386643277701424, 22.507153626466195 ], [ 88.386658282967844, 22.50725647275754 ], [ 88.386670811480016, 22.507344323211036 ], [ 88.386685672174323, 22.507434298214001 ] ] } },
{ "type": "Feature", "properties": { "ward": 106, "source_sheet": "106_garfa2.pdf p2", "source": "KMC ward sewerage network map (ArcMap GeoPDF)", "extraction_method": "geopdf_vector", "georef_max_residual_m": 2.5, "conduit_type": "pipe", "pipe_diameter_mm": 300.0, "diameter_source": "legend_colour", "diameter_candidates_mm": null, "label_diameter_mm": null, "label_agrees": null, "scheme": null, "flow_arrow": "end" }, "geometry": { "type": "LineString", "coordinates": [ [ 88.386538628755105, 22.50687994821746 ], [ 88.386402839342878, 22.506915490455409 ], [ 88.386264732186149, 22.506951053323245 ], [ 88.386135842685746, 22.506984388163389 ] ] } },
{ "type": "Feature", "properties": { "ward": 106, "source_sheet": "106_garfa2.pdf p2", "source": "KMC ward sewerage network map (ArcMap GeoPDF)", "extraction_method": "geopdf_vector", "georef_max_residual_m": 2.5, "conduit_type": "pipe", "pipe_diameter_mm": 300.0, "diameter_source": "legend_colour", "diameter_candidates_mm": null, "label_diameter_mm": 300.0, "label_agrees": true, "scheme": null, "flow_arrow": "end" }, "geometry": { "type": "LineString", "coordinates": [ [ 88.390526799094829, 22.507228233046515 ], [ 88.390543825324059, 22.50730531559277 ], [ 88.390560803248121, 22.507378107715592 ], [ 88.3905777087014, 22.507444464205246 ], [ 88.390589877239364, 22.507500136077084 ] ] } },
{ "type": "Feature", "properties": { "ward": 106, "source_sheet": "106_garfa2.pdf p2", "source": "KMC ward sewerage network map (ArcMap GeoPDF)", "extraction_method": "geopdf_vector", "georef_max_residual_m": 2.5, "conduit_type": "pipe", "pipe_diameter_mm": 225.0, "diameter_source": "legend_colour", "diameter_candidates_mm": null, "label_diameter_mm": 225.0, "label_agrees": true, "scheme": null, "flow_arrow": "end" }, "geometry": { "type": "LineString", "coordinates": [ [ 88.393071530634188, 22.506486654810871 ], [ 88.393000102466488, 22.506498024150321 ], [ 88.392924106606515, 22.506513725374784 ], [ 88.392936227572534, 22.506565106616126 ], [ 88.392950753385563, 22.506625047937138 ], [ 88.392965230813431, 22.506680698839919 ] ] } },
{ "type": "Feature", "properties": { "ward": 106, "source_sheet": "106_garfa2.pdf p2", "source": "KMC ward sewerage network map (ArcMap GeoPDF)", "extraction_method": "geopdf_vector", "georef_max_residual_m": 2.5, "conduit_type": "pipe", "pipe_diameter_mm": 300.0, "diameter_source": "legend_colour", "diameter_candidates_mm": null, "label_diameter_mm": 300.0, "label_agrees": true, "scheme": null, "flow_arrow": "end" }, "geometry": { "type": "LineString", "coordinates": [ [ 88.395202756442302, 22.506139219517141 ], [ 88.395057786726781, 22.50617914245024 ], [ 88.395077171672114, 22.506260485099517 ], [ 88.395096484249478, 22.506335418941472 ], [ 88.395115845112869, 22.506414625314665 ], [ 88.395132752568401, 22.506480981229569 ], [ 88.395147279306073, 22.506540922305462 ] ] } },
{ "type": "Feature", "properties": { "ward": 106, "source_sheet": "106_garfa2.pdf p2", "source": "KMC ward sewerage network map (ArcMap GeoPDF)", "extraction_method": "geopdf_vector", "georef_max_residual_m": 2.5, "conduit_type": "pipe", "pipe_diameter_mm": 400.0, "diameter_source": "legend_colour", "diameter_candidates_mm": null, "label_diameter_mm": 400.0, "label_agrees": true, "scheme": null, "flow_arrow": "end" }, "geometry": { "type": "LineString", "coordinates": [ [ 88.395128723685147, 22.505511285731629 ], [ 88.395092891941587, 22.505404346064225 ], [ 88.395080964160485, 22.505370126663806 ], [ 88.395147702800628, 22.505352362380869 ] ] } },
{ "type": "Feature", "properties": { "ward": 106, "source_sheet": "106_garfa2.pdf p2", "source": "KMC ward sewerage network map (ArcMap GeoPDF)", "extraction_method": "geopdf_vector", "georef_max_residual_m": 2.5, "conduit_type": "pipe", "pipe_diameter_mm": 400.0, "diameter_source": "legend_colour", "diameter_candidates_mm": null, "label_diameter_mm": 400.0, "label_agrees": true, "scheme": null, "flow_arrow": "end" }, "geometry": { "type": "LineString", "coordinates": [ [ 88.396985561694066, 22.505387294349351 ], [ 88.397027008929157, 22.505378338995225 ], [ 88.397155990891065, 22.505353576455491 ], [ 88.397271124715843, 22.505328938683139 ], [ 88.397393134003593, 22.505299947983172 ], [ 88.397512810954169, 22.505268832803917 ], [ 88.397637128141113, 22.505239821109381 ], [ 88.397745313460021, 22.505213100252096 ] ] } },
{ "type": "Feature", "properties": { "ward": 106, "source_sheet": "106_garfa2.pdf p2", "source": "KMC ward sewerage network map (ArcMap GeoPDF)", "extraction_method": "geopdf_vector", "georef_max_residual_m": 2.5, "conduit_type": "pipe", "pipe_diameter_mm": 300.0, "diameter_source": "legend_colour", "diameter_candidates_mm": null, "label_diameter_mm": 300.0, "label_agrees": true, "scheme": null, "flow_arrow": "end" }, "geometry": { "type": "LineString", "coordinates": [ [ 88.385931291877668, 22.504186467654709 ], [ 88.385878974232952, 22.504049637066089 ], [ 88.385826608424779, 22.503908507084031 ], [ 88.385767092446244, 22.503748141098747 ], [ 88.385744225060733, 22.503561693160059 ] ] } },
{ "type": "Feature", "properties": { "ward": 106, "source_sheet": "106_garfa2.pdf p2", "source": "KMC ward sewerage network map (ArcMap GeoPDF)", "extraction_method": "geopdf_vector", "georef_max_residual_m": 2.5, "conduit_type": "pipe", "pipe_diameter_mm": 400.0, "diameter_source": "legend_colour", "diameter_candidates_mm": null, "label_diameter_mm": 400.0, "label_agrees": true, "scheme": null, "flow_arrow": "end" }, "geometry": { "type": "LineString", "coordinates": [ [ 88.38831811362526, 22.503367024127037 ], [ 88.388597341821097, 22.503360230922993 ], [ 88.388694238761659, 22.503355071595234 ], [ 88.388795742054583, 22.503349870919326 ], [ 88.388906462777811, 22.503342442122012 ], [ 88.389003350067057, 22.503337282695654 ], [ 88.389111777291617, 22.50333201974804 ], [ 88.389217906131364, 22.503326777335882 ], [ 88.389289284813941, 22.503311119312119 ], [ 88.389319023129701, 22.503287252936307 ], [ 88.389346453447359, 22.503263407251517 ], [ 88.389408730451791, 22.503258557935549 ], [ 88.389468689846325, 22.503253729379772 ] ] } },
{ "type": "Feature", "properties": { "ward": 106, "source_sheet": "106_garfa2.pdf p2", "source": "KMC ward sewerage network map (ArcMap GeoPDF)", "extraction_method": "geopdf_vector", "georef_max_residual_m": 2.5, "conduit_type": "pipe", "pipe_diameter_mm": 300.0, "diameter_source": "legend_colour", "diameter_candidates_mm": null, "label_diameter_mm": 300.0, "label_agrees": true, "scheme": null, "flow_arrow": "end" }, "geometry": { "type": "LineString", "coordinates": [ [ 88.388175042328712, 22.503370451523992 ], [ 88.38831811362526, 22.503367024127037 ] ] } },
{ "type": "Feature", "properties": { "ward": 106, "source_sheet": "106_garfa2.pdf p2", "source": "KMC ward sewerage network map (ArcMap GeoPDF)", "extraction_method": "geopdf_vector", "georef_max_residual_m": 2.5, "conduit_type": "pipe", "pipe_diameter_mm": 300.0, "diameter_source": "legend_colour", "diameter_candidates_mm": null, "label_diameter_mm": 300.0, "label_agrees": true, "scheme": null, "flow_arrow": "end" }, "geometry": { "type": "LineString", "coordinates": [ [ 88.389561521075109, 22.502888182931493 ], [ 88.389508727209062, 22.502914401541453 ], [ 88.389460501004109, 22.502936288315865 ] ] } },
{ "type": "Feature", "properties": { "ward": 106, "source_sheet": "106_garfa2.pdf p2", "source": "KMC ward sewerage network map (ArcMap GeoPDF)", "extraction_method": "geopdf_vector", "georef_max_residual_m": 2.5, "conduit_type": "pipe", "pipe_diameter_mm": 300.0, "diameter_source": "legend_colour", "diameter_candidates_mm": null, "label_diameter_mm": 300.0, "label_agrees": true, "scheme": null, "flow_arrow": "end" }, "geometry": { "type": "LineString", "coordinates": [ [ 88.385928903921993, 22.506029369038568 ], [ 88.385962151403021, 22.505906790998395 ], [ 88.385951618375856, 22.50579103200505 ] ] } },
{ "type": "Feature", "properties": { "ward": 106, "source_sheet": "106_garfa2.pdf p2", "source": "KMC ward sewerage network map (ArcMap GeoPDF)", "extraction_method": "geopdf_vector", "georef_max_residual_m": 2.5, "conduit_type": "pipe", "pipe_diameter_mm": 225.0, "diameter_source": "legend_colour", "diameter_candidates_mm": null, "label_diameter_mm": 225.0, "label_agrees": true, "scheme": null, "flow_arrow": "end" }, "geometry": { "type": "LineString", "coordinates": [ [ 88.385466956478197, 22.505593705919846 ], [ 88.385503334918397, 22.505749988046258 ] ] } },
{ "type": "Feature", "properties": { "ward": 106, "source_sheet": "106_garfa2.pdf p2", "source": "KMC ward sewerage network map (ArcMap GeoPDF)", "extraction_method": "geopdf_vector", "georef_max_residual_m": 2.5, "conduit_type": "pipe", "pipe_diameter_mm": 225.0, "diameter_source": "legend_colour", "diameter_candidates_mm": null, "label_diameter_mm": 225.0, "label_agrees": true, "scheme": null, "flow_arrow": "end" }, "geometry": { "type": "LineString", "coordinates": [ [ 88.385553318025572, 22.499920547411509 ], [ 88.38544437806101, 22.49988076731109 ], [ 88.38531763409685, 22.499899055110813 ], [ 88.385190832432784, 22.499913061402893 ], [ 88.385075291189878, 22.499901221745585 ], [ 88.384962048381908, 22.499889370398321 ], [ 88.384904734964465, 22.499924200686028 ], [ 88.384849705488151, 22.499956874046905 ] ] } },
{ "type": "Feature", "properties": { "ward": 106, "source_sheet": "106_garfa2.pdf p2", "source": "KMC ward sewerage network map (ArcMap GeoPDF)", "extraction_method": "geopdf_vector", "georef_max_residual_m": 2.5, "conduit_type": "pipe", "pipe_diameter_mm": 225.0, "diameter_source": "legend_colour", "diameter_candidates_mm": null, "label_diameter_mm": 225.0, "label_agrees": true, "scheme": null, "flow_arrow": "end" }, "geometry": { "type": "LineString", "coordinates": [ [ 88.387369929329296, 22.500127416757806 ], [ 88.387424410008478, 22.500251354972299 ] ] } },
{ "type": "Feature", "properties": { "ward": 106, "source_sheet": "106_garfa2.pdf p2", "source": "KMC ward sewerage network map (ArcMap GeoPDF)", "extraction_method": "geopdf_vector", "georef_max_residual_m": 2.5, "conduit_type": "pipe", "pipe_diameter_mm": 300.0, "diameter_source": "legend_colour", "diameter_candidates_mm": null, "label_diameter_mm": 300.0, "label_agrees": true, "scheme": null, "flow_arrow": "end" }, "geometry": { "type": "LineString", "coordinates": [ [ 88.387588410491048, 22.500466574861655 ], [ 88.387696570364909, 22.500437715615774 ] ] } },
{ "type": "Feature", "properties": { "ward": 106, "source_sheet": "106_garfa2.pdf p2", "source": "KMC ward sewerage network map (ArcMap GeoPDF)", "extraction_method": "geopdf_vector", "georef_max_residual_m": 2.5, "conduit_type": "pipe", "pipe_diameter_mm": 375.0, "diameter_source": "legend_colour", "diameter_candidates_mm": null, "label_diameter_mm": 375.0, "label_agrees": true, "scheme": null, "flow_arrow": "end" }, "geometry": { "type": "LineString", "coordinates": [ [ 88.388347168535873, 22.498970885294973 ], [ 88.388238952092621, 22.498995454575873 ], [ 88.388128437304843, 22.499020044374838 ] ] } },
{ "type": "Feature", "properties": { "ward": 106, "source_sheet": "106_garfa2.pdf p2", "source": "KMC ward sewerage network map (ArcMap GeoPDF)", "extraction_method": "geopdf_vector", "georef_max_residual_m": 2.5, "conduit_type": "pipe", "pipe_diameter_mm": 300.0, "diameter_source": "legend_colour", "diameter_candidates_mm": null, "label_diameter_mm": 300.0, "label_agrees": true, "scheme": null, "flow_arrow": "end" }, "geometry": { "type": "LineString", "coordinates": [ [ 88.388716621764033, 22.498572824478707 ], [ 88.388778428698544, 22.498527216528814 ], [ 88.388774818079582, 22.498411404594023 ], [ 88.388768658207766, 22.498274152261732 ] ] } },
{ "type": "Feature", "properties": { "ward": 106, "source_sheet": "106_garfa2.pdf p2", "source": "KMC ward sewerage network map (ArcMap GeoPDF)", "extraction_method": "geopdf_vector", "georef_max_residual_m": 2.5, "conduit_type": "pipe", "pipe_diameter_mm": 300.0, "diameter_source": "legend_colour", "diameter_candidates_mm": null, "label_diameter_mm": 300.0, "label_agrees": true, "scheme": null, "flow_arrow": "end" }, "geometry": { "type": "LineString", "coordinates": [ [ 88.392261486986939, 22.50118626671744 ], [ 88.39230939772564, 22.501136491422365 ], [ 88.392413231269501, 22.501133413026871 ], [ 88.392521656516678, 22.501128147875395 ] ] } },
{ "type": "Feature", "properties": { "ward": 106, "source_sheet": "106_garfa2.pdf p2", "source": "KMC ward sewerage network map (ArcMap GeoPDF)", "extraction_method": "geopdf_vector", "georef_max_residual_m": 2.5, "conduit_type": "pipe", "pipe_diameter_mm": 300.0, "diameter_source": "legend_colour", "diameter_candidates_mm": null, "label_diameter_mm": 300.0, "label_agrees": true, "scheme": null, "flow_arrow": "end" }, "geometry": { "type": "LineString", "coordinates": [ [ 88.391638706324329, 22.502453336616476 ], [ 88.391788869566611, 22.502464860473967 ], [ 88.391818510544525, 22.502432412824447 ], [ 88.391977470420301, 22.502405239802957 ] ] } },
{ "type": "Feature", "properties": { "ward": 106, "source_sheet": "106_garfa2.pdf p2", "source": "KMC ward sewerage network map (ArcMap GeoPDF)", "extraction_method": "geopdf_vector", "georef_max_residual_m": 2.5, "conduit_type": "pipe", "pipe_diameter_mm": 300.0, "diameter_source": "legend_colour", "diameter_candidates_mm": null, "label_diameter_mm": 300.0, "label_agrees": true, "scheme": null, "flow_arrow": "end" }, "geometry": { "type": "LineString", "coordinates": [ [ 88.3919235650133, 22.49967037538784 ], [ 88.391901802484298, 22.499582608313183 ], [ 88.391882420433987, 22.499501256136629 ] ] } },
{ "type": "Feature", "properties": { "ward": 106, "source_sheet": "106_garfa2.pdf p2", "source": "KMC ward sewerage network map (ArcMap GeoPDF)", "extraction_method": "geopdf_vector", "georef_max_residual_m": 2.5, "conduit_type": "pipe", "pipe_diameter_mm": 300.0, "diameter_source": "legend_colour", "diameter_candidates_mm": null, "label_diameter_mm": 300.0, "label_agrees": true, "scheme": null, "flow_arrow": "end" }, "geometry": { "type": "LineString", "coordinates": [ [ 88.397292721332576, 22.503769057002248 ], [ 88.397430763852753, 22.503729194642474 ], [ 88.397785077551944, 22.503627318707462 ], [ 88.397927711464362, 22.503585269096686 ] ] } },
{ "type": "Feature", "properties": { "ward": 106, "source_sheet": "106_garfa2.pdf p2", "source": "KMC ward sewerage network map (ArcMap GeoPDF)", "extraction_method": "geopdf_vector", "georef_max_residual_m": 2.5, "conduit_type": "pipe", "pipe_diameter_mm": 400.0, "diameter_source": "legend_colour", "diameter_candidates_mm": null, "label_diameter_mm": null, "label_agrees": null, "scheme": null, "flow_arrow": "end" }, "geometry": { "type": "LineString", "coordinates": [ [ 88.397672117719893, 22.502823821655781 ], [ 88.397640827905178, 22.502710396402936 ], [ 88.397609611048054, 22.502603415692274 ], [ 88.397578297077644, 22.502487845214411 ], [ 88.397547104492432, 22.502383000750228 ], [ 88.397518171493019, 22.502273853992651 ], [ 88.397482193236414, 22.502154034698354 ] ] } },
{ "type": "Feature", "properties": { "ward": 106, "source_sheet": "106_garfa2.pdf p2", "source": "KMC ward sewerage network map (ArcMap GeoPDF)", "extraction_method": "geopdf_vector", "georef_max_residual_m": 2.5, "conduit_type": "pipe", "pipe_diameter_mm": 225.0, "diameter_source": "legend_colour", "diameter_candidates_mm": null, "label_diameter_mm": 225.0, "label_agrees": true, "scheme": null, "flow_arrow": "end" }, "geometry": { "type": "LineString", "coordinates": [ [ 88.3863929149515, 22.500277751444774 ], [ 88.38644059157761, 22.500412487001498 ] ] } },
{ "type": "Feature", "properties": { "ward": 106, "source_sheet": "106_garfa2.pdf p2", "source": "KMC ward sewerage network map (ArcMap GeoPDF)", "extraction_method": "geopdf_vector", "georef_max_residual_m": 2.5, "conduit_type": "pipe", "pipe_diameter_mm": 300.0, "diameter_source": "legend_colour", "diameter_candidates_mm": null, "label_diameter_mm": 300.0, "label_agrees": true, "scheme": null, "flow_arrow": "end" }, "geometry": { "type": "LineString", "coordinates": [ [ 88.384734246324243, 22.499541701038837 ], [ 88.38432873858325, 22.499607542261376 ], [ 88.383983140459009, 22.499664265598277 ], [ 88.383907113353601, 22.499677817310825 ] ] } },
{ "type": "Feature", "properties": { "ward": 106, "source_sheet": "106_garfa2.pdf p2", "source": "KMC ward sewerage network map (ArcMap GeoPDF)", "extraction_method": "geopdf_vector", "georef_max_residual_m": 2.5, "conduit_type": "pipe", "pipe_diameter_mm": 600.0, "diameter_source": "legend_colour", "diameter_candidates_mm": null, "label_diameter_mm": 600.0, "label_agrees": true, "scheme": null, "flow_arrow": "end" }, "geometry": { "type": "LineString", "coordinates": [ [ 88.389618906528568, 22.50080880134113 ], [ 88.389457688193346, 22.500840283091879 ], [ 88.389319491367132, 22.500867267410278 ], [ 88.389172072302415, 22.500894334293044 ], [ 88.389033609893474, 22.500897721027258 ], [ 88.38888359321156, 22.500899065780938 ], [ 88.388738182800523, 22.500900369110557 ], [ 88.388718102646109, 22.500756805291708 ], [ 88.388499006938133, 22.500773786795158 ] ] } },
{ "type": "Feature", "properties": { "ward": 106, "source_sheet": "106_garfa2.pdf p2", "source": "KMC ward sewerage network map (ArcMap GeoPDF)", "extraction_method": "geopdf_vector", "georef_max_residual_m": 2.5, "conduit_type": "pipe", "pipe_diameter_mm": 450.0, "diameter_source": "legend_colour", "diameter_candidates_mm": null, "label_diameter_mm": 450.0, "label_agrees": true, "scheme": null, "flow_arrow": "end" }, "geometry": { "type": "LineString", "coordinates": [ [ 88.385583715881111, 22.507358341795264 ], [ 88.385564119358975, 22.507257681870637 ], [ 88.385544402441312, 22.507146295867489 ], [ 88.385522329335842, 22.507030640073758 ], [ 88.385477223919111, 22.506919481141523 ], [ 88.385428200898801, 22.50687057470919 ] ] } },
{ "type": "Feature", "properties": { "ward": 106, "source_sheet": "106_garfa2.pdf p2", "source": "KMC ward sewerage network map (ArcMap GeoPDF)", "extraction_method": "geopdf_vector", "georef_max_residual_m": 2.5, "conduit_type": "pipe", "pipe_diameter_mm": 300.0, "diameter_source": "legend_colour", "diameter_candidates_mm": null, "label_diameter_mm": null, "label_agrees": null, "scheme": null, "flow_arrow": "end" }, "geometry": { "type": "LineString", "coordinates": [ [ 88.391229648105664, 22.508554143331338 ], [ 88.39124667492581, 22.508631225763043 ], [ 88.391514000561685, 22.508592352570762 ], [ 88.39149855630707, 22.508450893178527 ], [ 88.39173118789374, 22.50840589498404 ] ] } },
{ "type": "Feature", "properties": { "ward": 106, "source_sheet": "106_garfa2.pdf p2", "source": "KMC ward sewerage network map (ArcMap GeoPDF)", "extraction_method": "geopdf_vector", "georef_max_residual_m": 2.5, "conduit_type": "pipe", "pipe_diameter_mm": 300.0, "diameter_source": "legend_colour", "diameter_candidates_mm": null, "label_diameter_mm": 300.0, "label_agrees": true, "scheme": "KEIIP", "flow_arrow": "end" }, "geometry": { "type": "LineString", "coordinates": [ [ 88.393739209677264, 22.502243524034519 ], [ 88.393702121162789, 22.502025024140114 ] ] } },
{ "type": "Feature", "properties": { "ward": 106, "source_sheet": "106_garfa2.pdf p2", "source": "KMC ward sewerage network map (ArcMap GeoPDF)", "extraction_method": "geopdf_vector", "georef_max_residual_m": 2.5, "conduit_type": "pipe", "pipe_diameter_mm": 300.0, "diameter_source": "legend_colour", "diameter_candidates_mm": null, "label_diameter_mm": 300.0, "label_agrees": true, "scheme": null, "flow_arrow": "end" }, "geometry": { "type": "LineString", "coordinates": [ [ 88.395934102906139, 22.502421138084674 ], [ 88.396408355964198, 22.502311739615109 ] ] } },
{ "type": "Feature", "properties": { "ward": 106, "source_sheet": "106_garfa2.pdf p2", "source": "KMC ward sewerage network map (ArcMap GeoPDF)", "extraction_method": "geopdf_vector", "georef_max_residual_m": 2.5, "conduit_type": "pipe", "pipe_diameter_mm": 400.0, "diameter_source": "legend_colour", "diameter_candidates_mm": null, "label_diameter_mm": null, "label_agrees": null, "scheme": null, "flow_arrow": "end" }, "geometry": { "type": "LineString", "coordinates": [ [ 88.397020444666254, 22.502756753180918 ], [ 88.396991705937111, 22.50266475902021 ], [ 88.396965372346415, 22.502581333806347 ], [ 88.396938965919972, 22.502491464031369 ], [ 88.396915013032, 22.502414444677942 ], [ 88.396883893725004, 22.502316035674422 ] ] } },
{ "type": "Feature", "properties": { "ward": 106, "source_sheet": "106_garfa2.pdf p2", "source": "KMC ward sewerage network map (ArcMap GeoPDF)", "extraction_method": "geopdf_vector", "georef_max_residual_m": 2.5, "conduit_type": "pipe", "pipe_diameter_mm": 225.0, "diameter_source": "legend_colour", "diameter_candidates_mm": null, "label_diameter_mm": 225.0, "label_agrees": true, "scheme": "KEIIP", "flow_arrow": "end" }, "geometry": { "type": "LineString", "coordinates": [ [ 88.396595033795819, 22.503511468087815 ], [ 88.396753581355597, 22.50344782185023 ], [ 88.396647684961138, 22.503268569607297 ], [ 88.396872751273378, 22.503167851545644 ], [ 88.397096188531492, 22.503127219732576 ] ] } },
{ "type": "Feature", "properties": { "ward": 106, "source_sheet": "106_garfa2.pdf p2", "source": "KMC ward sewerage network map (ArcMap GeoPDF)", "extraction_method": "geopdf_vector", "georef_max_residual_m": 2.5, "conduit_type": "pipe", "pipe_diameter_mm": 300.0, "diameter_source": "legend_colour", "diameter_candidates_mm": null, "label_diameter_mm": 300.0, "label_agrees": true, "scheme": "KEIIP", "flow_arrow": "end" }, "geometry": { "type": "LineString", "coordinates": [ [ 88.397096188531492, 22.503127219732576 ], [ 88.397074009706458, 22.503002985100274 ], [ 88.397054163260819, 22.502880883798401 ], [ 88.397020444666254, 22.502756753180918 ] ] } },
{ "type": "Feature", "properties": { "ward": 106, "source_sheet": "106_garfa2.pdf p2", "source": "KMC ward sewerage network map (ArcMap GeoPDF)", "extraction_method": "geopdf_vector", "georef_max_residual_m": 2.5, "conduit_type": "pipe", "pipe_diameter_mm": 400.0, "diameter_source": "legend_colour", "diameter_candidates_mm": null, "label_diameter_mm": null, "label_agrees": null, "scheme": null, "flow_arrow": "end" }, "geometry": { "type": "LineString", "coordinates": [ [ 88.398253193390417, 22.502558992796065 ], [ 88.398340337752245, 22.5025088618039 ], [ 88.398436665352591, 22.502454357057463 ], [ 88.398528401227225, 22.502402039114543 ], [ 88.398599486768575, 22.502360634593497 ] ] } },
{ "type": "Feature", "properties": { "ward": 106, "source_sheet": "106_garfa2.pdf p2", "source": "KMC ward sewerage network map (ArcMap GeoPDF)", "extraction_method": "geopdf_vector", "georef_max_residual_m": 2.5, "conduit_type": "pipe", "pipe_diameter_mm": 300.0, "diameter_source": "legend_colour", "diameter_candidates_mm": null, "label_diameter_mm": 300.0, "label_agrees": true, "scheme": "KEIIP", "flow_arrow": "end" }, "geometry": { "type": "LineString", "coordinates": [ [ 88.398296630337867, 22.502725934952029 ], [ 88.398272530999336, 22.502636044618658 ], [ 88.398253193390417, 22.502558992796065 ] ] } },
{ "type": "Feature", "properties": { "ward": 106, "source_sheet": "106_garfa2.pdf p2", "source": "KMC ward sewerage network map (ArcMap GeoPDF)", "extraction_method": "geopdf_vector", "georef_max_residual_m": 2.5, "conduit_type": "pipe", "pipe_diameter_mm": 300.0, "diameter_source": "legend_colour", "diameter_candidates_mm": null, "label_diameter_mm": null, "label_agrees": null, "scheme": null, "flow_arrow": "end" }, "geometry": { "type": "LineString", "coordinates": [ [ 88.398168067443578, 22.502379545251852 ], [ 88.398253193390417, 22.502558992796065 ] ] } },
{ "type": "Feature", "properties": { "ward": 106, "source_sheet": "106_garfa2.pdf p2", "source": "KMC ward sewerage network map (ArcMap GeoPDF)", "extraction_method": "geopdf_vector", "georef_max_residual_m": 2.5, "conduit_type": "pipe", "pipe_diameter_mm": 300.0, "diameter_source": "legend_colour", "diameter_candidates_mm": null, "label_diameter_mm": 300.0, "label_agrees": true, "scheme": "KEIIP", "flow_arrow": "end" }, "geometry": { "type": "LineString", "coordinates": [ [ 88.399383708057087, 22.50332969594691 ], [ 88.399470901135629, 22.503283863687635 ], [ 88.399558094053546, 22.503238022445473 ], [ 88.399647570589636, 22.503190015112605 ], [ 88.399688871169332, 22.503168187897415 ] ] } },
{ "type": "Feature", "properties": { "ward": 106, "source_sheet": "106_garfa2.pdf p2", "source": "KMC ward sewerage network map (ArcMap GeoPDF)", "extraction_method": "geopdf_vector", "georef_max_residual_m": 2.5, "conduit_type": "pipe", "pipe_diameter_mm": 300.0, "diameter_source": "legend_colour", "diameter_candidates_mm": null, "label_diameter_mm": null, "label_agrees": null, "scheme": null, "flow_arrow": "end" }, "geometry": { "type": "LineString", "coordinates": [ [ 88.393667787049452, 22.506346130841631 ], [ 88.393631592815808, 22.5062069948256 ], [ 88.393597731001975, 22.50606999218202 ], [ 88.393549924263667, 22.505924533246976 ], [ 88.393487809655639, 22.505738448827938 ] ] } },
{ "type": "Feature", "properties": { "ward": 106, "source_sheet": "106_garfa2.pdf p2", "source": "KMC ward sewerage network map (ArcMap GeoPDF)", "extraction_method": "geopdf_vector", "georef_max_residual_m": 2.5, "conduit_type": "pipe", "pipe_diameter_mm": 300.0, "diameter_source": "legend_colour", "diameter_candidates_mm": null, "label_diameter_mm": null, "label_agrees": null, "scheme": null, "flow_arrow": "end" }, "geometry": { "type": "LineString", "coordinates": [ [ 88.393667787049452, 22.506346130841631 ], [ 88.39370152796117, 22.506472407422528 ], [ 88.393732960901716, 22.506598704753035 ], [ 88.393778774818969, 22.506772072055924 ] ] } },
{ "type": "Feature", "properties": { "ward": 106, "source_sheet": "106_garfa2.pdf p2", "source": "KMC ward sewerage network map (ArcMap GeoPDF)", "extraction_method": "geopdf_vector", "georef_max_residual_m": 2.5, "conduit_type": "pipe", "pipe_diameter_mm": 375.0, "diameter_source": "legend_colour", "diameter_candidates_mm": null, "label_diameter_mm": 375.0, "label_agrees": true, "scheme": "KEIIP", "flow_arrow": "end" }, "geometry": { "type": "LineString", "coordinates": [ [ 88.393778774818969, 22.506772072055924 ], [ 88.393808020932852, 22.506909116158255 ], [ 88.393839575158168, 22.50704613948653 ], [ 88.393861534050956, 22.507151067755082 ], [ 88.393871274737762, 22.507196034044888 ] ] } },
{ "type": "Feature", "properties": { "ward": 106, "source_sheet": "106_garfa2.pdf p2", "source": "KMC ward sewerage network map (ArcMap GeoPDF)", "extraction_method": "geopdf_vector", "georef_max_residual_m": 2.5, "conduit_type": "pipe", "pipe_diameter_mm": 375.0, "diameter_source": "legend_colour", "diameter_candidates_mm": null, "label_diameter_mm": 375.0, "label_agrees": true, "scheme": "KEIIP", "flow_arrow": "end" }, "geometry": { "type": "LineString", "coordinates": [ [ 88.393487809655639, 22.505738448827938 ], [ 88.393442867920143, 22.505642308864871 ], [ 88.393402614908581, 22.5055525629964 ], [ 88.39336236205267, 22.505462826052625 ], [ 88.393354857090017, 22.505411403329177 ], [ 88.393344826279503, 22.505340694488503 ], [ 88.393324958323475, 22.505216438465826 ], [ 88.39330759214954, 22.505109332285372 ], [ 88.393305042104018, 22.505087900959339 ] ] } },
{ "type": "Feature", "properties": { "ward": 106, "source_sheet": "106_garfa2.pdf p2", "source": "KMC ward sewerage network map (ArcMap GeoPDF)", "extraction_method": "geopdf_vector", "georef_max_residual_m": 2.5, "conduit_type": "pipe", "pipe_diameter_mm": 200.0, "diameter_source": "legend_colour", "diameter_candidates_mm": null, "label_diameter_mm": null, "label_agrees": null, "scheme": null, "flow_arrow": "end" }, "geometry": { "type": "LineString", "coordinates": [ [ 88.391359878499657, 22.50372376135827 ], [ 88.391435873072837, 22.50370806093504 ] ] } },
{ "type": "Feature", "properties": { "ward": 106, "source_sheet": "106_garfa2.pdf p2", "source": "KMC ward sewerage network map (ArcMap GeoPDF)", "extraction_method": "geopdf_vector", "georef_max_residual_m": 2.5, "conduit_type": "pipe", "pipe_diameter_mm": 300.0, "diameter_source": "legend_colour", "diameter_candidates_mm": null, "label_diameter_mm": 300.0, "label_agrees": true, "scheme": null, "flow_arrow": "end" }, "geometry": { "type": "LineString", "coordinates": [ [ 88.391124644443579, 22.504356611297165 ], [ 88.391212300260889, 22.504351533400243 ], [ 88.391304572076706, 22.504346414005987 ], [ 88.391399151886304, 22.504341273832843 ], [ 88.391496039689144, 22.504336112876778 ], [ 88.391583139427269, 22.504281694952446 ] ] } },
{ "type": "Feature", "properties": { "ward": 106, "source_sheet": "106_garfa2.pdf p2", "source": "KMC ward sewerage network map (ArcMap GeoPDF)", "extraction_method": "geopdf_vector", "georef_max_residual_m": 2.5, "conduit_type": "pipe", "pipe_diameter_mm": 300.0, "diameter_source": "legend_colour", "diameter_candidates_mm": null, "label_diameter_mm": 300.0, "label_agrees": true, "scheme": "KEIIP", "flow_arrow": "end" }, "geometry": { "type": "LineString", "coordinates": [ [ 88.391268416978562, 22.504005624673081 ], [ 88.39127854328737, 22.504084914553573 ], [ 88.391513717482113, 22.504061348391414 ] ] } },
{ "type": "Feature", "properties": { "ward": 106, "source_sheet": "106_garfa2.pdf p2", "source": "KMC ward sewerage network map (ArcMap GeoPDF)", "extraction_method": "geopdf_vector", "georef_max_residual_m": 2.5, "conduit_type": "pipe", "pipe_diameter_mm": 500.0, "diameter_source": "legend_colour", "diameter_candidates_mm": null, "label_diameter_mm": 500.0, "label_agrees": true, "scheme": null, "flow_arrow": "end" }, "geometry": { "type": "LineString", "coordinates": [ [ 88.392291993224319, 22.503687497927086 ], [ 88.392469394142651, 22.503658013237253 ], [ 88.3926398710028, 22.50362859058643 ] ] } },
{ "type": "Feature", "properties": { "ward": 106, "source_sheet": "106_garfa2.pdf p2", "source": "KMC ward sewerage network map (ArcMap GeoPDF)", "extraction_method": "geopdf_vector", "georef_max_residual_m": 2.5, "conduit_type": "pipe", "pipe_diameter_mm": 600.0, "diameter_source": "legend_colour", "diameter_candidates_mm": null, "label_diameter_mm": 600.0, "label_agrees": true, "scheme": null, "flow_arrow": "end" }, "geometry": { "type": "LineString", "coordinates": [ [ 88.3926398710028, 22.50362859058643 ], [ 88.392855975299469, 22.503551558238069 ] ] } },
{ "type": "Feature", "properties": { "ward": 106, "source_sheet": "106_garfa2.pdf p2", "source": "KMC ward sewerage network map (ArcMap GeoPDF)", "extraction_method": "geopdf_vector", "georef_max_residual_m": 2.5, "conduit_type": "pipe", "pipe_diameter_mm": 200.0, "diameter_source": "legend_colour", "diameter_candidates_mm": null, "label_diameter_mm": 200.0, "label_agrees": true, "scheme": "KEIIP", "flow_arrow": "end" }, "geometry": { "type": "LineString", "coordinates": [ [ 88.392424389028577, 22.504374972253263 ], [ 88.392617535538434, 22.504308873620062 ] ] } },
{ "type": "Feature", "properties": { "ward": 106, "source_sheet": "106_garfa2.pdf p2", "source": "KMC ward sewerage network map (ArcMap GeoPDF)", "extraction_method": "geopdf_vector", "georef_max_residual_m": 2.5, "conduit_type": "pipe", "pipe_diameter_mm": 300.0, "diameter_source": "legend_colour", "diameter_candidates_mm": null, "label_diameter_mm": 300.0, "label_agrees": true, "scheme": "KEIIP", "flow_arrow": "end" }, "geometry": { "type": "LineString", "coordinates": [ [ 88.392529797256515, 22.504511323304857 ], [ 88.392672433923195, 22.504469278227052 ] ] } },
{ "type": "Feature", "properties": { "ward": 106, "source_sheet": "106_garfa2.pdf p2", "source": "KMC ward sewerage network map (ArcMap GeoPDF)", "extraction_method": "geopdf_vector", "georef_max_residual_m": 2.5, "conduit_type": "pipe", "pipe_diameter_mm": 300.0, "diameter_source": "legend_colour", "diameter_candidates_mm": null, "label_diameter_mm": 300.0, "label_agrees": true, "scheme": "KEIIP", "flow_arrow": "end" }, "geometry": { "type": "LineString", "coordinates": [ [ 88.392582218387872, 22.504656741159128 ], [ 88.392713363535037, 22.504619090173783 ] ] } },
{ "type": "Feature", "properties": { "ward": 106, "source_sheet": "106_garfa2.pdf p2", "source": "KMC ward sewerage network map (ArcMap GeoPDF)", "extraction_method": "geopdf_vector", "georef_max_residual_m": 2.5, "conduit_type": "pipe", "pipe_diameter_mm": 500.0, "diameter_source": "legend_colour", "diameter_candidates_mm": null, "label_diameter_mm": null, "label_agrees": null, "scheme": null, "flow_arrow": "end" }, "geometry": { "type": "LineString", "coordinates": [ [ 88.397258126581434, 22.508873195740698 ], [ 88.397286478710626, 22.508930866458297 ], [ 88.397317187477796, 22.50899280676078 ], [ 88.3973455639279, 22.50905262266787 ], [ 88.397380961715655, 22.50912095693289 ], [ 88.397442403726075, 22.509246982685795 ], [ 88.39749259671548, 22.509398854933284 ] ] } },
{ "type": "Feature", "properties": { "ward": 106, "source_sheet": "106_garfa2.pdf p2", "source": "KMC ward sewerage network map (ArcMap GeoPDF)", "extraction_method": "geopdf_vector", "georef_max_residual_m": 2.5, "conduit_type": "pipe", "pipe_diameter_mm": 400.0, "diameter_source": "legend_colour", "diameter_candidates_mm": null, "label_diameter_mm": null, "label_agrees": null, "scheme": null, "flow_arrow": "end" }, "geometry": { "type": "LineString", "coordinates": [ [ 88.397196539316795, 22.50873429867433 ], [ 88.397258126581434, 22.508873195740698 ] ] } },
{ "type": "Feature", "properties": { "ward": 106, "source_sheet": "106_garfa2.pdf p2", "source": "KMC ward sewerage network map (ArcMap GeoPDF)", "extraction_method": "geopdf_vector", "georef_max_residual_m": 2.5, "conduit_type": "pipe", "pipe_diameter_mm": 400.0, "diameter_source": "legend_colour", "diameter_candidates_mm": null, "label_diameter_mm": 400.0, "label_agrees": true, "scheme": null, "flow_arrow": "end" }, "geometry": { "type": "LineString", "coordinates": [ [ 88.388175042328712, 22.503370451523992 ], [ 88.388034293511936, 22.503376003416417 ], [ 88.387878580017158, 22.50348680635129 ], [ 88.387765551089956, 22.503494255123904 ], [ 88.38764558366826, 22.503499620533738 ], [ 88.387590133982641, 22.503495826307983 ], [ 88.387564480814021, 22.503472456336063 ], [ 88.387541135646657, 22.503449065689221 ], [ 88.387462615671936, 22.503445478034017 ], [ 88.387386427801758, 22.503444014886195 ] ] } },
{ "type": "Feature", "properties": { "ward": 106, "source_sheet": "106_garfa2.pdf p2", "source": "KMC ward sewerage network map (ArcMap GeoPDF)", "extraction_method": "geopdf_vector", "georef_max_residual_m": 2.5, "conduit_type": "pipe", "pipe_diameter_mm": 300.0, "diameter_source": "legend_colour", "diameter_candidates_mm": null, "label_diameter_mm": 400.0, "label_agrees": false, "scheme": null, "flow_arrow": "end" }, "geometry": { "type": "LineString", "coordinates": [ [ 88.387668432825507, 22.503068202379602 ], [ 88.387619258962644, 22.502800464072415 ] ] } },
{ "type": "Feature", "properties": { "ward": 106, "source_sheet": "106_garfa2.pdf p2", "source": "KMC ward sewerage network map (ArcMap GeoPDF)", "extraction_method": "geopdf_vector", "georef_max_residual_m": 2.5, "conduit_type": "pipe", "pipe_diameter_mm": 450.0, "diameter_source": "legend_colour", "diameter_candidates_mm": null, "label_diameter_mm": 450.0, "label_agrees": true, "scheme": null, "flow_arrow": "end" }, "geometry": { "type": "LineString", "coordinates": [ [ 88.389221431037598, 22.507332197680512 ], [ 88.389211266878206, 22.507454578208712 ], [ 88.389229546846508, 22.507643122524197 ] ] } },
{ "type": "Feature", "properties": { "ward": 106, "source_sheet": "106_garfa2.pdf p2", "source": "KMC ward sewerage network map (ArcMap GeoPDF)", "extraction_method": "geopdf_vector", "georef_max_residual_m": 2.5, "conduit_type": "pipe", "pipe_diameter_mm": 300.0, "diameter_source": "legend_colour", "diameter_candidates_mm": null, "label_diameter_mm": 300.0, "label_agrees": true, "scheme": "KEIIP", "flow_arrow": "end" }, "geometry": { "type": "LineString", "coordinates": [ [ 88.389913668638371, 22.506283292891492 ], [ 88.389876812494805, 22.506290059827229 ], [ 88.389837672460416, 22.506298992671294 ], [ 88.389734052254767, 22.506321376501397 ], [ 88.389681078501994, 22.506332578830026 ], [ 88.389519878199252, 22.506366224032977 ], [ 88.389431994080752, 22.50635199425918 ], [ 88.389402013718097, 22.50635440856589 ], [ 88.389353569041106, 22.506356988458041 ], [ 88.389335128871153, 22.506359299258289 ], [ 88.389312072621976, 22.506361651452828 ] ] } },
{ "type": "Feature", "properties": { "ward": 106, "source_sheet": "106_garfa2.pdf p2", "source": "KMC ward sewerage network map (ArcMap GeoPDF)", "extraction_method": "geopdf_vector", "georef_max_residual_m": 2.5, "conduit_type": "pipe", "pipe_diameter_mm": 1200.0, "diameter_source": "legend_colour", "diameter_candidates_mm": null, "label_diameter_mm": 1200.0, "label_agrees": true, "scheme": "KEIIP", "flow_arrow": "end" }, "geometry": { "type": "LineString", "coordinates": [ [ 88.401182130364091, 22.508438713372296 ], [ 88.401108491323953, 22.508458687992821 ], [ 88.400954313309981, 22.508500844936282 ], [ 88.400728804099273, 22.508562955324255 ], [ 88.400498582369181, 22.508625107996053 ], [ 88.400282256357556, 22.508682843935411 ], [ 88.400091245964049, 22.508733914592217 ], [ 88.399865638691224, 22.508787443004742 ], [ 88.399695303381904, 22.50882974473781 ], [ 88.399455895948378, 22.50888768808732 ], [ 88.39929015221216, 22.508927802511064 ], [ 88.399082984542403, 22.508979017908167 ], [ 88.398710266925164, 22.509087508504575 ], [ 88.398597535573984, 22.509120707414741 ], [ 88.398413423795731, 22.509169568437382 ], [ 88.398171779908367, 22.509233966369919 ], [ 88.398031303734783, 22.509271706096321 ], [ 88.397768862463181, 22.509334145667449 ], [ 88.397685965775935, 22.50935205685369 ], [ 88.397626101325798, 22.509365469396272 ], [ 88.397554745003603, 22.509383276417317 ], [ 88.39749259671548, 22.509398854933284 ], [ 88.397221043923111, 22.509472102922384 ], [ 88.397018514968011, 22.509525419314595 ], [ 88.396871234310552, 22.509565364828287 ], [ 88.396827502007525, 22.509576486213792 ], [ 88.396691664620647, 22.509607746710696 ], [ 88.39655585142448, 22.509641152299757 ], [ 88.39638279343967, 22.509647002966201 ], [ 88.3961312847198, 22.509655705823494 ], [ 88.396075745122332, 22.509643333755339 ], [ 88.395718088582882, 22.509655137836965 ], [ 88.39571871896004, 22.509710913155537 ] ] } },
{ "type": "Feature", "properties": { "ward": 106, "source_sheet": "106_garfa2.pdf p2", "source": "KMC ward sewerage network map (ArcMap GeoPDF)", "extraction_method": "geopdf_vector", "georef_max_residual_m": 2.5, "conduit_type": "pipe", "pipe_diameter_mm": 1000.0, "diameter_source": "legend_colour", "diameter_candidates_mm": null, "label_diameter_mm": 1000.0, "label_agrees": true, "scheme": "KEIIP", "flow_arrow": "end" }, "geometry": { "type": "LineString", "coordinates": [ [ 88.39620853338775, 22.499335770760055 ], [ 88.396251627283391, 22.499472680813138 ], [ 88.396309029520623, 22.499650233957993 ], [ 88.396368909451994, 22.499842773785122 ], [ 88.396431121837665, 22.500037446927131 ], [ 88.396493285817115, 22.500227820680603 ], [ 88.396553117900169, 22.500416078926104 ], [ 88.39657962050137, 22.500514520705948 ], [ 88.396603718311866, 22.50060441138989 ], [ 88.396642148780899, 22.500737081399748 ], [ 88.396745953371635, 22.500935661452765 ], [ 88.396881730047795, 22.501103926249062 ], [ 88.397019548085382, 22.501248563906607 ], [ 88.397180057861647, 22.5013586790155 ], [ 88.397312678398521, 22.501451882014234 ], [ 88.397377810495328, 22.501496348668471 ], [ 88.397449939276186, 22.501547188477456 ], [ 88.397640695676571, 22.501678475656405 ], [ 88.397833784756997, 22.501811895915658 ], [ 88.397954769281512, 22.501896621600032 ], [ 88.39802930249553, 22.501947430501744 ], [ 88.398078157972833, 22.50198131655927 ], [ 88.398189886677088, 22.502063980126142 ], [ 88.398303923472952, 22.502146622784512 ], [ 88.398476144937305, 22.502271639856826 ], [ 88.398599486768575, 22.502360634593497 ], [ 88.398706551582706, 22.502439049015184 ], [ 88.398806619762411, 22.502511090241029 ], [ 88.398960232750326, 22.502623411109148 ], [ 88.399102233165209, 22.502729391445712 ], [ 88.399260535446416, 22.502848105938341 ], [ 88.399525903624664, 22.503045225145502 ], [ 88.399688871169332, 22.503168187897415 ], [ 88.399900355139081, 22.503295003087462 ], [ 88.400012110157434, 22.503379801532034 ], [ 88.400081981481463, 22.503434951305156 ], [ 88.400324539592333, 22.503655883725134 ], [ 88.400399612084513, 22.503966282562128 ], [ 88.400428499122413, 22.504071138243432 ], [ 88.400527914684247, 22.504289072840429 ], [ 88.400548785622163, 22.50450127198852 ] ] } },
{ "type": "Feature", "properties": { "ward": 106, "source_sheet": "106_garfa2.pdf p2", "source": "KMC ward sewerage network map (ArcMap GeoPDF)", "extraction_method": "geopdf_vector", "georef_max_residual_m": 2.5, "conduit_type": "pipe", "pipe_diameter_mm": 1200.0, "diameter_source": "legend_colour", "diameter_candidates_mm": null, "label_diameter_mm": 1200.0, "label_agrees": true, "scheme": "KEIIP", "flow_arrow": "end" }, "geometry": { "type": "LineString", "coordinates": [ [ 88.400548785622163, 22.50450127198852 ], [ 88.400734239522507, 22.505784676206176 ], [ 88.400973683841784, 22.507155580830855 ], [ 88.401013288170461, 22.507391219000155 ], [ 88.401042954018948, 22.50756464042831 ], [ 88.401077577630247, 22.507768142292157 ], [ 88.401109893305801, 22.50797166500697 ], [ 88.401152098165781, 22.508233024625131 ], [ 88.401182130364091, 22.508438713372296 ], [ 88.401211822064653, 22.508614369308393 ] ] } },
{ "type": "Feature", "properties": { "ward": 106, "source_sheet": "106_garfa2.pdf p2", "source": "KMC ward sewerage network map (ArcMap GeoPDF)", "extraction_method": "geopdf_vector", "georef_max_residual_m": 2.5, "conduit_type": "pipe", "pipe_diameter_mm": 200.0, "diameter_source": "legend_colour", "diameter_candidates_mm": null, "label_diameter_mm": 200.0, "label_agrees": true, "scheme": null, "flow_arrow": "end" }, "geometry": { "type": "LineString", "coordinates": [ [ 88.386551297774204, 22.505953000258955 ], [ 88.386613335231189, 22.505926708757965 ], [ 88.386677670980575, 22.505900387721855 ], [ 88.386739722773356, 22.505876232536025 ], [ 88.386795211996414, 22.505884317520675 ] ] } },
{ "type": "Feature", "properties": { "ward": 106, "source_sheet": "106_garfa2.pdf p2", "source": "KMC ward sewerage network map (ArcMap GeoPDF)", "extraction_method": "geopdf_vector", "georef_max_residual_m": 2.5, "conduit_type": "pipe", "pipe_diameter_mm": 400.0, "diameter_source": "legend_colour", "diameter_candidates_mm": null, "label_diameter_mm": 400.0, "label_agrees": true, "scheme": null, "flow_arrow": "end" }, "geometry": { "type": "LineString", "coordinates": [ [ 88.386855636558295, 22.506126201188167 ], [ 88.386905730040908, 22.506269496494312 ], [ 88.386948673032606, 22.506393555872457 ] ] } },
{ "type": "Feature", "properties": { "ward": 106, "source_sheet": "106_garfa2.pdf p2", "source": "KMC ward sewerage network map (ArcMap GeoPDF)", "extraction_method": "geopdf_vector", "georef_max_residual_m": 2.5, "conduit_type": "pipe", "pipe_diameter_mm": 300.0, "diameter_source": "legend_colour", "diameter_candidates_mm": null, "label_diameter_mm": 300.0, "label_agrees": true, "scheme": null, "flow_arrow": "end" }, "geometry": { "type": "LineString", "coordinates": [ [ 88.387216058336563, 22.505743242041074 ], [ 88.387156253783786, 22.505351172897772 ], [ 88.386939530893954, 22.50537456762008 ], [ 88.386854196654198, 22.505381767868769 ] ] } },
{ "type": "Feature", "properties": { "ward": 106, "source_sheet": "106_garfa2.pdf p2", "source": "KMC ward sewerage network map (ArcMap GeoPDF)", "extraction_method": "geopdf_vector", "georef_max_residual_m": 2.5, "conduit_type": "pipe", "pipe_diameter_mm": 200.0, "diameter_source": "legend_colour", "diameter_candidates_mm": null, "label_diameter_mm": 200.0, "label_agrees": true, "scheme": "KEIIP", "flow_arrow": "end" }, "geometry": { "type": "LineString", "coordinates": [ [ 88.386708796690897, 22.505589021788573 ], [ 88.386690495552713, 22.505398251294537 ] ] } },
{ "type": "Feature", "properties": { "ward": 106, "source_sheet": "106_garfa2.pdf p2", "source": "KMC ward sewerage network map (ArcMap GeoPDF)", "extraction_method": "geopdf_vector", "georef_max_residual_m": 2.5, "conduit_type": "pipe", "pipe_diameter_mm": 300.0, "diameter_source": "legend_colour", "diameter_candidates_mm": null, "label_diameter_mm": 300.0, "label_agrees": true, "scheme": null, "flow_arrow": "end" }, "geometry": { "type": "LineString", "coordinates": [ [ 88.395055514141973, 22.501890565974289 ], [ 88.395074874113575, 22.501969763488997 ], [ 88.395144306757388, 22.501986301820594 ], [ 88.395247898467858, 22.50196176949796 ], [ 88.395356106158786, 22.50193720448685 ], [ 88.39545289430751, 22.501914878719852 ], [ 88.395495673383138, 22.502023901241312 ] ] } },
{ "type": "Feature", "properties": { "ward": 106, "source_sheet": "106_garfa2.pdf p2", "source": "KMC ward sewerage network map (ArcMap GeoPDF)", "extraction_method": "geopdf_vector", "georef_max_residual_m": 2.5, "conduit_type": "pipe", "pipe_diameter_mm": 400.0, "diameter_source": "legend_colour", "diameter_candidates_mm": null, "label_diameter_mm": 400.0, "label_agrees": true, "scheme": null, "flow_arrow": "end" }, "geometry": { "type": "LineString", "coordinates": [ [ 88.395495673383138, 22.502023901241312 ], [ 88.395536047731085, 22.502124372641735 ], [ 88.395578827045725, 22.502233404070136 ], [ 88.395447612324887, 22.502264621626193 ] ] } },
{ "type": "Feature", "properties": { "ward": 106, "source_sheet": "106_garfa2.pdf p2", "source": "KMC ward sewerage network map (ArcMap GeoPDF)", "extraction_method": "geopdf_vector", "georef_max_residual_m": 2.5, "conduit_type": "pipe", "pipe_diameter_mm": 300.0, "diameter_source": "legend_colour", "diameter_candidates_mm": null, "label_diameter_mm": 300.0, "label_agrees": true, "scheme": null, "flow_arrow": "end" }, "geometry": { "type": "LineString", "coordinates": [ [ 88.394966082968679, 22.502760241454915 ], [ 88.39494665014341, 22.502674599377283 ], [ 88.394924788348106, 22.502578260972996 ], [ 88.394902974935718, 22.502486204039226 ], [ 88.394883445299016, 22.502391981118102 ] ] } },
{ "type": "Feature", "properties": { "ward": 106, "source_sheet": "106_garfa2.pdf p2", "source": "KMC ward sewerage network map (ArcMap GeoPDF)", "extraction_method": "geopdf_vector", "georef_max_residual_m": 2.5, "conduit_type": "pipe", "pipe_diameter_mm": 400.0, "diameter_source": "legend_colour", "diameter_candidates_mm": null, "label_diameter_mm": 400.0, "label_agrees": true, "scheme": "KEIIP", "flow_arrow": "end" }, "geometry": { "type": "LineString", "coordinates": [ [ 88.391430748606624, 22.503253285308663 ], [ 88.391544492594377, 22.503310190374215 ], [ 88.391607170851515, 22.503341808868935 ], [ 88.391887936266457, 22.503472294548061 ], [ 88.392057169084993, 22.503537282476142 ], [ 88.392177426384748, 22.50355765630065 ], [ 88.392855975299469, 22.503551558238069 ], [ 88.392948463616136, 22.503557163110784 ], [ 88.39334592174761, 22.50359649815184 ], [ 88.394013189003346, 22.503817902820884 ], [ 88.394054878145695, 22.503830400320972 ], [ 88.394089619102942, 22.503840814895824 ], [ 88.394244908446737, 22.503897344203537 ], [ 88.394402505903628, 22.503953852585663 ], [ 88.394583304539466, 22.50402087912704 ], [ 88.394680652129139, 22.504056475205878 ] ] } },
{ "type": "Feature", "properties": { "ward": 106, "source_sheet": "106_garfa2.pdf p2", "source": "KMC ward sewerage network map (ArcMap GeoPDF)", "extraction_method": "geopdf_vector", "georef_max_residual_m": 2.5, "conduit_type": "pipe", "pipe_diameter_mm": 500.0, "diameter_source": "legend_colour", "diameter_candidates_mm": null, "label_diameter_mm": 500.0, "label_agrees": true, "scheme": "KEIIP", "flow_arrow": "end" }, "geometry": { "type": "LineString", "coordinates": [ [ 88.394871718140948, 22.50441946869276 ], [ 88.394890908857633, 22.504483649745879 ], [ 88.394943623136044, 22.504654809186885 ], [ 88.394991576065522, 22.504813129979464 ], [ 88.395071859359476, 22.505177120432919 ], [ 88.395147702800628, 22.505352362380869 ], [ 88.395285935572474, 22.505533469829672 ], [ 88.395402839179908, 22.505665433404978 ], [ 88.39554777784862, 22.505818598631748 ], [ 88.395669273659934, 22.505948366265976 ], [ 88.395797912068758, 22.506097387210037 ], [ 88.395896425033655, 22.506235943373561 ], [ 88.39601160390356, 22.506419430029915 ], [ 88.396105865068634, 22.506590214640088 ], [ 88.396129551639135, 22.506643636806569 ], [ 88.396153310975123, 22.506703494583157 ] ] } },
{ "type": "Feature", "properties": { "ward": 106, "source_sheet": "106_garfa2.pdf p2", "source": "KMC ward sewerage network map (ArcMap GeoPDF)", "extraction_method": "geopdf_vector", "georef_max_residual_m": 2.5, "conduit_type": "pipe", "pipe_diameter_mm": 400.0, "diameter_source": "legend_colour", "diameter_candidates_mm": null, "label_diameter_mm": 400.0, "label_agrees": true, "scheme": "KEIIP", "flow_arrow": "end" }, "geometry": { "type": "LineString", "coordinates": [ [ 88.391871235298922, 22.503219293120736 ], [ 88.392061602394776, 22.503316272616168 ], [ 88.392165824516454, 22.503347517651672 ], [ 88.39289308144258, 22.503353854400594 ], [ 88.393015525670165, 22.503363480810584 ], [ 88.393133329738944, 22.503371003418792 ], [ 88.393253441801292, 22.503378505188067 ], [ 88.393398990020231, 22.503390060051263 ], [ 88.393554181787437, 22.503438009234824 ], [ 88.393869302645783, 22.503544591653707 ], [ 88.394024543149357, 22.503596830781685 ], [ 88.394193704344204, 22.503655380782266 ], [ 88.394402125726145, 22.503715722739184 ], [ 88.394587394598261, 22.503769827574018 ], [ 88.394675388929031, 22.503794780716451 ], [ 88.394756435089676, 22.503817650924294 ], [ 88.394832865290894, 22.503840562640256 ], [ 88.394909271288924, 22.503861329111722 ] ] } },
{ "type": "Feature", "properties": { "ward": 106, "source_sheet": "106_garfa2.pdf p2", "source": "KMC ward sewerage network map (ArcMap GeoPDF)", "extraction_method": "geopdf_vector", "georef_max_residual_m": 2.5, "conduit_type": "pipe", "pipe_diameter_mm": 800.0, "diameter_source": "legend_colour", "diameter_candidates_mm": null, "label_diameter_mm": 800.0, "label_agrees": true, "scheme": "KEIIP", "flow_arrow": "end" }, "geometry": { "type": "LineString", "coordinates": [ [ 88.394909271288924, 22.503861329111722 ], [ 88.39493502260693, 22.503893278673708 ], [ 88.394953946866323, 22.503933871389037 ], [ 88.394936233956969, 22.504000539014854 ] ] } },
{ "type": "Feature", "properties": { "ward": 106, "source_sheet": "106_garfa2.pdf p2", "source": "KMC ward sewerage network map (ArcMap GeoPDF)", "extraction_method": "geopdf_vector", "georef_max_residual_m": 2.5, "conduit_type": "pipe", "pipe_diameter_mm": 1000.0, "diameter_source": "legend_colour", "diameter_candidates_mm": null, "label_diameter_mm": null, "label_agrees": null, "scheme": null, "flow_arrow": "end" }, "geometry": { "type": "LineString", "coordinates": [ [ 88.394680652129139, 22.504056475205878 ], [ 88.3947717055173, 22.504147899988517 ], [ 88.394794858163479, 22.504154127862456 ], [ 88.394827267026216, 22.504162417838813 ] ] } },
{ "type": "Feature", "properties": { "ward": 106, "source_sheet": "106_garfa2.pdf p2", "source": "KMC ward sewerage network map (ArcMap GeoPDF)", "extraction_method": "geopdf_vector", "georef_max_residual_m": 2.5, "conduit_type": "pipe", "pipe_diameter_mm": 400.0, "diameter_source": "legend_colour", "diameter_candidates_mm": null, "label_diameter_mm": null, "label_agrees": null, "scheme": null, "flow_arrow": "end" }, "geometry": { "type": "LineString", "coordinates": [ [ 88.3947717055173, 22.504147899988517 ], [ 88.394831004338485, 22.504288964267431 ], [ 88.394871718140948, 22.50441946869276 ] ] } },
{ "type": "Feature", "properties": { "ward": 106, "source_sheet": "106_garfa2.pdf p2", "source": "KMC ward sewerage network map (ArcMap GeoPDF)", "extraction_method": "geopdf_vector", "georef_max_residual_m": 2.5, "conduit_type": "pipe", "pipe_diameter_mm": 500.0, "diameter_source": "legend_colour", "diameter_candidates_mm": null, "label_diameter_mm": 500.0, "label_agrees": true, "scheme": "KEIIP", "flow_arrow": "end" }, "geometry": { "type": "LineString", "coordinates": [ [ 88.394953946866323, 22.503933871389037 ], [ 88.394999131281196, 22.504051462992535 ], [ 88.395087046877322, 22.504273786746129 ], [ 88.395098950320076, 22.504305860948726 ], [ 88.395137453196043, 22.504444957960686 ], [ 88.395161575148549, 22.504536994037128 ], [ 88.395171243324498, 22.504575524631104 ], [ 88.395205154683111, 22.504716817320993 ], [ 88.395251236114703, 22.504913772513284 ], [ 88.395308712452263, 22.505097761467795 ], [ 88.395382344961405, 22.505281595962973 ], [ 88.395464409259034, 22.505385982721318 ], [ 88.395534449615226, 22.505456150935956 ], [ 88.395604489941448, 22.50552631017759 ], [ 88.395739906483598, 22.505662397601782 ], [ 88.395793718236064, 22.505726275597691 ], [ 88.395863928634896, 22.505811460087301 ], [ 88.395971576566623, 22.505941352228263 ], [ 88.396102644543035, 22.506101078145416 ], [ 88.39619668723634, 22.506252546930508 ], [ 88.396340217694814, 22.506493704297213 ], [ 88.396399009912713, 22.506589718527476 ], [ 88.396424931871479, 22.506636684230706 ] ] } },
{ "type": "Feature", "properties": { "ward": 106, "source_sheet": "106_garfa2.pdf p2", "source": "KMC ward sewerage network map (ArcMap GeoPDF)", "extraction_method": "geopdf_vector", "georef_max_residual_m": 2.5, "conduit_type": "pipe", "pipe_diameter_mm": 800.0, "diameter_source": "legend_colour", "diameter_candidates_mm": null, "label_diameter_mm": 800.0, "label_agrees": true, "scheme": "KEIIP", "flow_arrow": "end" }, "geometry": { "type": "LineString", "coordinates": [ [ 88.396424931871479, 22.506636684230706 ], [ 88.396444657333745, 22.506748068470806 ], [ 88.396441302428244, 22.506859660714127 ], [ 88.39640223550947, 22.506875030754102 ] ] } },
{ "type": "Feature", "properties": { "ward": 106, "source_sheet": "106_garfa2.pdf p2", "source": "KMC ward sewerage network map (ArcMap GeoPDF)", "extraction_method": "geopdf_vector", "georef_max_residual_m": 2.5, "conduit_type": "pipe", "pipe_diameter_mm": 500.0, "diameter_source": "legend_colour", "diameter_candidates_mm": null, "label_diameter_mm": 500.0, "label_agrees": true, "scheme": "KEIIP", "flow_arrow": "end" }, "geometry": { "type": "LineString", "coordinates": [ [ 88.396441302428244, 22.506859660714127 ], [ 88.396411075618701, 22.507044439520179 ], [ 88.396387481847668, 22.50720341346479 ], [ 88.396359611472789, 22.507392461869703 ], [ 88.396351760664231, 22.507514732346067 ], [ 88.396343910858675, 22.50763709220448 ], [ 88.396341942342943, 22.507667145867718 ], [ 88.396334116780736, 22.507791650928759 ], [ 88.396330422271546, 22.507873210298985 ], [ 88.396324443954825, 22.507956935672976 ], [ 88.396319532757715, 22.50813505004098 ], [ 88.396314476043514, 22.508300293179442 ], [ 88.396304245375958, 22.5084162382154 ], [ 88.396295619431058, 22.50846995152417 ], [ 88.396286920722318, 22.508517229219439 ], [ 88.396256281182502, 22.508665539514833 ], [ 88.396159192488113, 22.508857357057213 ], [ 88.396082560979792, 22.509021099717732 ], [ 88.396065915115699, 22.509182156425158 ], [ 88.396069823709524, 22.509323719114825 ], [ 88.396070502719198, 22.509383784835777 ], [ 88.396074484087251, 22.509531783134186 ], [ 88.396075745122332, 22.509643333755339 ] ] } },
{ "type": "Feature", "properties": { "ward": 106, "source_sheet": "106_garfa2.pdf p2", "source": "KMC ward sewerage network map (ArcMap GeoPDF)", "extraction_method": "geopdf_vector", "georef_max_residual_m": 2.5, "conduit_type": "pipe", "pipe_diameter_mm": 400.0, "diameter_source": "legend_colour", "diameter_candidates_mm": null, "label_diameter_mm": 400.0, "label_agrees": true, "scheme": "KEIIP", "flow_arrow": "end" }, "geometry": { "type": "LineString", "coordinates": [ [ 88.396437457954391, 22.502435911994581 ], [ 88.396422931200249, 22.502375971011908 ], [ 88.396408355964198, 22.502311739615109 ], [ 88.39638911642119, 22.502243268334556 ], [ 88.396374662454534, 22.502189762961912 ], [ 88.396333705574463, 22.502037806859768 ], [ 88.396358608203215, 22.501994673991309 ], [ 88.396359970638201, 22.501910999099231 ], [ 88.396334539164812, 22.501703122060949 ], [ 88.396293873447036, 22.501576908404495 ], [ 88.396234138195467, 22.501397239860058 ] ] } },
{ "type": "Feature", "properties": { "ward": 106, "source_sheet": "106_garfa2.pdf p2", "source": "KMC ward sewerage network map (ArcMap GeoPDF)", "extraction_method": "geopdf_vector", "georef_max_residual_m": 2.5, "conduit_type": "pipe", "pipe_diameter_mm": 1000.0, "diameter_source": "legend_colour", "diameter_candidates_mm": null, "label_diameter_mm": 1000.0, "label_agrees": true, "scheme": null, "flow_arrow": "end" }, "geometry": { "type": "LineString", "coordinates": [ [ 88.396234138195467, 22.501397239860058 ], [ 88.396186063961778, 22.501228184414153 ], [ 88.396152443690966, 22.50111264329465 ], [ 88.396118799138193, 22.500994948018811 ], [ 88.396087511072267, 22.500881522353922 ], [ 88.396058725030372, 22.500785246480053 ], [ 88.396027388589431, 22.500667530382398 ], [ 88.396135279872155, 22.500615068277785 ], [ 88.396243171070367, 22.500562606104701 ], [ 88.396362553470482, 22.500505758417855 ], [ 88.396456693873489, 22.500462001699681 ], [ 88.396553117900169, 22.500416078926104 ] ] } },
{ "type": "Feature", "properties": { "ward": 106, "source_sheet": "106_garfa2.pdf p2", "source": "KMC ward sewerage network map (ArcMap GeoPDF)", "extraction_method": "geopdf_vector", "georef_max_residual_m": 2.5, "conduit_type": "pipe", "pipe_diameter_mm": 700.0, "diameter_source": "legend_colour", "diameter_candidates_mm": null, "label_diameter_mm": 700.0, "label_agrees": true, "scheme": null, "flow_arrow": "end" }, "geometry": { "type": "LineString", "coordinates": [ [ 88.394424630867292, 22.500802103679842 ], [ 88.394449211587798, 22.500934889974673 ], [ 88.394476100409662, 22.501067664431943 ], [ 88.39450539410818, 22.501208998943618 ], [ 88.394692144175465, 22.50119015494634 ], [ 88.394885818022431, 22.501171248414238 ] ] } },
{ "type": "Feature", "properties": { "ward": 106, "source_sheet": "106_garfa2.pdf p2", "source": "KMC ward sewerage network map (ArcMap GeoPDF)", "extraction_method": "geopdf_vector", "georef_max_residual_m": 2.5, "conduit_type": "pipe", "pipe_diameter_mm": 300.0, "diameter_source": "legend_colour", "diameter_candidates_mm": null, "label_diameter_mm": 300.0, "label_agrees": true, "scheme": null, "flow_arrow": "end" }, "geometry": { "type": "LineString", "coordinates": [ [ 88.395574772883691, 22.501261580909002 ], [ 88.395436635218829, 22.501292860763972 ] ] } },
{ "type": "Feature", "properties": { "ward": 106, "source_sheet": "106_garfa2.pdf p2", "source": "KMC ward sewerage network map (ArcMap GeoPDF)", "extraction_method": "geopdf_vector", "georef_max_residual_m": 2.5, "conduit_type": "pipe", "pipe_diameter_mm": 300.0, "diameter_source": "legend_colour", "diameter_candidates_mm": null, "label_diameter_mm": null, "label_agrees": null, "scheme": null, "flow_arrow": "end" }, "geometry": { "type": "LineString", "coordinates": [ [ 88.395136754392951, 22.501113208498424 ], [ 88.395394759753771, 22.501067977102451 ] ] } },
{ "type": "Feature", "properties": { "ward": 106, "source_sheet": "106_garfa2.pdf p2", "source": "KMC ward sewerage network map (ArcMap GeoPDF)", "extraction_method": "geopdf_vector", "georef_max_residual_m": 2.5, "conduit_type": "pipe", "pipe_diameter_mm": 800.0, "diameter_source": "legend_colour", "diameter_candidates_mm": null, "label_diameter_mm": 800.0, "label_agrees": true, "scheme": null, "flow_arrow": "end" }, "geometry": { "type": "LineString", "coordinates": [ [ 88.394885818022431, 22.501171248414238 ], [ 88.394918437415086, 22.501402651831132 ], [ 88.394923876937426, 22.501475547337574 ] ] } },
{ "type": "Feature", "properties": { "ward": 106, "source_sheet": "106_garfa2.pdf p2", "source": "KMC ward sewerage network map (ArcMap GeoPDF)", "extraction_method": "geopdf_vector", "georef_max_residual_m": 2.5, "conduit_type": "pipe", "pipe_diameter_mm": 400.0, "diameter_source": "legend_colour", "diameter_candidates_mm": null, "label_diameter_mm": 400.0, "label_agrees": true, "scheme": null, "flow_arrow": "end" }, "geometry": { "type": "LineString", "coordinates": [ [ 88.394215857912386, 22.499892193781832 ], [ 88.394288977476194, 22.500030988665571 ], [ 88.394350363823449, 22.500152725665476 ], [ 88.394428268942903, 22.500306486456925 ], [ 88.394466358244244, 22.500409124185357 ], [ 88.394544651126267, 22.500597208231554 ], [ 88.394372112675057, 22.500648105548969 ] ] } },
{ "type": "Feature", "properties": { "ward": 106, "source_sheet": "106_garfa2.pdf p2", "source": "KMC ward sewerage network map (ArcMap GeoPDF)", "extraction_method": "geopdf_vector", "georef_max_residual_m": 2.5, "conduit_type": "pipe", "pipe_diameter_mm": 450.0, "diameter_source": "legend_colour", "diameter_candidates_mm": null, "label_diameter_mm": 450.0, "label_agrees": true, "scheme": null, "flow_arrow": "end" }, "geometry": { "type": "LineString", "coordinates": [ [ 88.392918274926743, 22.500266430353502 ], [ 88.393060907176206, 22.500224385136612 ], [ 88.393198947663123, 22.500184526504381 ], [ 88.393355403225286, 22.500140220271525 ] ] } },
{ "type": "Feature", "properties": { "ward": 106, "source_sheet": "106_garfa2.pdf p2", "source": "KMC ward sewerage network map (ArcMap GeoPDF)", "extraction_method": "geopdf_vector", "georef_max_residual_m": 2.5, "conduit_type": "pipe", "pipe_diameter_mm": 300.0, "diameter_source": "legend_colour", "diameter_candidates_mm": null, "label_diameter_mm": 300.0, "label_agrees": true, "scheme": "KEIIP", "flow_arrow": "end" }, "geometry": { "type": "LineString", "coordinates": [ [ 88.393140649812253, 22.500541182537319 ], [ 88.393490730564039, 22.500473681106897 ] ] } },
{ "type": "Feature", "properties": { "ward": 106, "source_sheet": "106_garfa2.pdf p2", "source": "KMC ward sewerage network map (ArcMap GeoPDF)", "extraction_method": "geopdf_vector", "georef_max_residual_m": 2.5, "conduit_type": "pipe", "pipe_diameter_mm": 500.0, "diameter_source": "legend_colour", "diameter_candidates_mm": null, "label_diameter_mm": 500.0, "label_agrees": true, "scheme": null, "flow_arrow": "end" }, "geometry": { "type": "LineString", "coordinates": [ [ 88.393355403225286, 22.500140220271525 ], [ 88.393412390656962, 22.500281297112927 ], [ 88.39345749982391, 22.500392453699479 ], [ 88.393490730564039, 22.500473681106897 ] ] } },
{ "type": "Feature", "properties": { "ward": 106, "source_sheet": "106_garfa2.pdf p2", "source": "KMC ward sewerage network map (ArcMap GeoPDF)", "extraction_method": "geopdf_vector", "georef_max_residual_m": 2.5, "conduit_type": "pipe", "pipe_diameter_mm": 300.0, "diameter_source": "legend_colour", "diameter_candidates_mm": null, "label_diameter_mm": 300.0, "label_agrees": true, "scheme": null, "flow_arrow": "end" }, "geometry": { "type": "LineString", "coordinates": [ [ 88.393697475189043, 22.500999578961352 ], [ 88.393756916647945, 22.501153515064644 ] ] } },
{ "type": "Feature", "properties": { "ward": 106, "source_sheet": "106_garfa2.pdf p2", "source": "KMC ward sewerage network map (ArcMap GeoPDF)", "extraction_method": "geopdf_vector", "georef_max_residual_m": 2.5, "conduit_type": "pipe", "pipe_diameter_mm": 500.0, "diameter_source": "legend_colour", "diameter_candidates_mm": null, "label_diameter_mm": 500.0, "label_agrees": true, "scheme": null, "flow_arrow": "end" }, "geometry": { "type": "LineString", "coordinates": [ [ 88.392521656516678, 22.501128147875395 ], [ 88.392717759623537, 22.501119949248608 ], [ 88.392728249297008, 22.501231417178456 ], [ 88.392855210173011, 22.501223839782046 ], [ 88.392977458964239, 22.501216304643446 ], [ 88.392983090911201, 22.501306353005472 ], [ 88.393144308775575, 22.501274867740264 ], [ 88.393287087153439, 22.501245693533846 ], [ 88.393452920861918, 22.501214175403245 ], [ 88.393600314995624, 22.50118495941901 ], [ 88.393756916647945, 22.501153515064644 ], [ 88.393819086014318, 22.501140083349451 ], [ 88.39388587126308, 22.501126610092335 ], [ 88.393950348549794, 22.501113157568383 ], [ 88.393955835964078, 22.501190343553326 ], [ 88.393961153822602, 22.50125250413954 ], [ 88.39396644757916, 22.501312528454818 ], [ 88.39397181396987, 22.501378988394482 ], [ 88.393977131948546, 22.501441157916403 ], [ 88.394034806562175, 22.501438493676304 ], [ 88.394097097077974, 22.501435787890578 ], [ 88.394150155779187, 22.501433165134468 ] ] } },
{ "type": "Feature", "properties": { "ward": 106, "source_sheet": "106_garfa2.pdf p2", "source": "KMC ward sewerage network map (ArcMap GeoPDF)", "extraction_method": "geopdf_vector", "georef_max_residual_m": 2.5, "conduit_type": "pipe", "pipe_diameter_mm": 700.0, "diameter_source": "legend_colour", "diameter_candidates_mm": null, "label_diameter_mm": 700.0, "label_agrees": true, "scheme": null, "flow_arrow": "end" }, "geometry": { "type": "LineString", "coordinates": [ [ 88.394150155779187, 22.501433165134468 ], [ 88.394183096646913, 22.501488649857531 ], [ 88.394213656947585, 22.501537719712093 ], [ 88.394266643040908, 22.501528661291466 ], [ 88.394317296957524, 22.501517478411518 ], [ 88.394460172142402, 22.501496883997504 ], [ 88.394600715105597, 22.50147416502087 ], [ 88.394753064214342, 22.501474939348597 ], [ 88.394923876937426, 22.501475547337574 ] ] } },
{ "type": "Feature", "properties": { "ward": 106, "source_sheet": "106_garfa2.pdf p2", "source": "KMC ward sewerage network map (ArcMap GeoPDF)", "extraction_method": "geopdf_vector", "georef_max_residual_m": 2.5, "conduit_type": "pipe", "pipe_diameter_mm": 500.0, "diameter_source": "legend_colour", "diameter_candidates_mm": null, "label_diameter_mm": 500.0, "label_agrees": true, "scheme": null, "flow_arrow": "end" }, "geometry": { "type": "LineString", "coordinates": [ [ 88.400734239522507, 22.505784676206176 ], [ 88.400653677733189, 22.505804713140574 ], [ 88.400591531337952, 22.505820283822057 ], [ 88.400494765829052, 22.505844757964663 ], [ 88.400402688177181, 22.505867044267362 ], [ 88.40031522653392, 22.505889288808135 ], [ 88.40019093376506, 22.505920447770606 ], [ 88.400117271559466, 22.505938276681729 ], [ 88.400006778212173, 22.505965019986952 ], [ 88.39990551690866, 22.505991679820252 ], [ 88.399735184989879, 22.506033981434804 ] ] } },
{ "type": "Feature", "properties": { "ward": 106, "source_sheet": "106_garfa2.pdf p2", "source": "KMC ward sewerage network map (ArcMap GeoPDF)", "extraction_method": "geopdf_vector", "georef_max_residual_m": 2.5, "conduit_type": "pipe", "pipe_diameter_mm": 600.0, "diameter_source": "legend_colour", "diameter_candidates_mm": null, "label_diameter_mm": 600.0, "label_agrees": true, "scheme": null, "flow_arrow": "end" }, "geometry": { "type": "LineString", "coordinates": [ [ 88.385996898176145, 22.510233722267678 ], [ 88.386097804241714, 22.510174892703837 ], [ 88.386164122365244, 22.51011851805432 ], [ 88.386209489191202, 22.510047312885153 ], [ 88.38626728270107, 22.509849416175928 ], [ 88.38631865235557, 22.509490669765491 ], [ 88.38636093404746, 22.50914487724998 ], [ 88.38639966945739, 22.508893515342468 ], [ 88.386501653272077, 22.508725259032115 ], [ 88.386627971033377, 22.508668347144685 ], [ 88.386763747574179, 22.508630659341687 ], [ 88.386971026254344, 22.508588040357012 ], [ 88.387022954783646, 22.508484594797501 ], [ 88.387171711442747, 22.508369554997397 ], [ 88.387417117513408, 22.50822790429925 ], [ 88.387443102143479, 22.508075346126496 ], [ 88.387460505590639, 22.507980791384711 ], [ 88.387706658389661, 22.507905641876775 ], [ 88.387814317382933, 22.507831732826002 ], [ 88.387875766738873, 22.50775394686498 ], [ 88.387953912795012, 22.507723210710449 ], [ 88.388168306883813, 22.507697689924065 ], [ 88.388400938583814, 22.507652696546579 ], [ 88.388710527665665, 22.507675666669645 ], [ 88.389223008951021, 22.507677507996569 ], [ 88.389437489605839, 22.50766056646551 ], [ 88.389626615295555, 22.507645997518846 ], [ 88.389684244351201, 22.507639044283099 ], [ 88.389815644324671, 22.507622847509566 ], [ 88.390023113595745, 22.507597386397133 ], [ 88.390216758582923, 22.507574194504702 ], [ 88.390334252122742, 22.507553831252064 ], [ 88.390470113435811, 22.507524721350549 ], [ 88.390589877239364, 22.507500136077084 ], [ 88.390682006190914, 22.507482145675574 ], [ 88.390838673632089, 22.507454994123897 ], [ 88.390926258909303, 22.507443480656359 ], [ 88.39102308107087, 22.50742973877934 ], [ 88.391325339590892, 22.507418442872773 ], [ 88.391553861182061, 22.507418535859944 ] ] } },
{ "type": "Feature", "properties": { "ward": 106, "source_sheet": "106_garfa2.pdf p2", "source": "KMC ward sewerage network map (ArcMap GeoPDF)", "extraction_method": "geopdf_vector", "georef_max_residual_m": 2.5, "conduit_type": "pipe", "pipe_diameter_mm": 900.0, "diameter_source": "legend_colour", "diameter_candidates_mm": null, "label_diameter_mm": 900.0, "label_agrees": true, "scheme": null, "flow_arrow": "end" }, "geometry": { "type": "LineString", "coordinates": [ [ 88.391553861182061, 22.507418535859944 ], [ 88.391691365332051, 22.507535209770488 ], [ 88.391749018377254, 22.507530401011987 ], [ 88.391827443922082, 22.507525405617933 ], [ 88.392000403007259, 22.507510979136232 ], [ 88.392147997625571, 22.507498925818023 ], [ 88.392272536858144, 22.507489314374549 ], [ 88.392307133493176, 22.507486858039879 ], [ 88.392436142644584, 22.50746424435383 ], [ 88.392475306991543, 22.50745745607939 ], [ 88.392569792050352, 22.507443734283189 ], [ 88.39281401019403, 22.507402921308501 ], [ 88.392984321468319, 22.507349899927561 ], [ 88.393115444782879, 22.507310103296152 ], [ 88.393200721657351, 22.507298609358706 ], [ 88.393484176157429, 22.507257442555908 ], [ 88.393613209061428, 22.507236973153773 ], [ 88.393663913517571, 22.507230080793249 ], [ 88.393719209854368, 22.507221001685977 ], [ 88.393871274737762, 22.507196034044888 ], [ 88.393954219193148, 22.507182415272165 ], [ 88.394143164306143, 22.507152824715583 ], [ 88.394318285265385, 22.507125503771455 ], [ 88.394465758034812, 22.50710272232671 ], [ 88.394502614106543, 22.507095954341604 ], [ 88.394576302012979, 22.507080273140275 ], [ 88.394645373809638, 22.507064633456409 ], [ 88.39485032950985, 22.507022025421787 ], [ 88.395039152994912, 22.506981707804183 ], [ 88.395225668315092, 22.506941410753868 ], [ 88.395260192019194, 22.506932518176853 ], [ 88.395414346131858, 22.506888221473229 ], [ 88.395552488498581, 22.506848359688053 ], [ 88.395653751412453, 22.506821702521048 ], [ 88.395824110022275, 22.506781550321332 ], [ 88.395992160484838, 22.506741418740358 ], [ 88.396153310975123, 22.506703494583157 ], [ 88.396202192017839, 22.506739526333696 ] ] } },
{ "type": "Feature", "properties": { "ward": 106, "source_sheet": "106_garfa2.pdf p2", "source": "KMC ward sewerage network map (ArcMap GeoPDF)", "extraction_method": "geopdf_vector", "georef_max_residual_m": 2.5, "conduit_type": "pipe", "pipe_diameter_mm": 600.0, "diameter_source": "legend_colour", "diameter_candidates_mm": null, "label_diameter_mm": 600.0, "label_agrees": true, "scheme": null, "flow_arrow": "end" }, "geometry": { "type": "LineString", "coordinates": [ [ 88.384023654109882, 22.505130331106056 ], [ 88.384080597941278, 22.505473082430164 ], [ 88.383913258487851, 22.505783510742248 ], [ 88.38403648012239, 22.506479675006386 ], [ 88.384237922050758, 22.507151540325442 ], [ 88.384283820771259, 22.507333491770211 ], [ 88.384327421178654, 22.507515463733643 ], [ 88.384375795703448, 22.507712321629938 ], [ 88.384419290484388, 22.507885712771895 ], [ 88.384509069899011, 22.508275378669733 ], [ 88.384518668787663, 22.508719396973589 ], [ 88.384461065693856, 22.508934454905575 ], [ 88.384449335396468, 22.50912335762861 ], [ 88.384437629152984, 22.509314405563245 ], [ 88.384424719351756, 22.509398192738118 ], [ 88.384407482193097, 22.509507763754439 ], [ 88.384394692714878, 22.509602277002305 ], [ 88.384379739545778, 22.509709682169831 ], [ 88.384364714147509, 22.509810651690497 ], [ 88.384310804990122, 22.510150111503783 ] ] } },
{ "type": "Feature", "properties": { "ward": 106, "source_sheet": "106_garfa2.pdf p2", "source": "KMC ward sewerage network map (ArcMap GeoPDF)", "extraction_method": "geopdf_vector", "georef_max_residual_m": 2.5, "conduit_type": "box_sewer", "pipe_diameter_mm": null, "diameter_source": null, "diameter_candidates_mm": null, "label_diameter_mm": null, "label_agrees": null, "scheme": null, "flow_arrow": "end" }, "geometry": { "type": "LineString", "coordinates": [ [ 88.384023654109882, 22.505130331106056 ], [ 88.383991773162577, 22.5049632722783 ], [ 88.384144206635327, 22.504764539537778 ], [ 88.384258378370887, 22.504448149835717 ], [ 88.384388548934993, 22.50432255156197 ], [ 88.384437568484032, 22.504165505917722 ], [ 88.384441749063967, 22.503920889351335 ], [ 88.384311704836918, 22.503645299728831 ], [ 88.384214998086392, 22.503461665666762 ], [ 88.384180953780174, 22.503307498759675 ], [ 88.384185662509566, 22.50290412440641 ], [ 88.384158781334648, 22.502565395249825 ], [ 88.384219025978368, 22.502174397251942 ], [ 88.384237921168193, 22.50200689364739 ], [ 88.384252777725791, 22.501890907560384 ], [ 88.384231571270192, 22.501646526695033 ], [ 88.384190483323806, 22.501481695511277 ], [ 88.384175913792035, 22.501417462710208 ], [ 88.38415901225612, 22.501351105309276 ], [ 88.383972944076575, 22.500814281881748 ], [ 88.383944382699127, 22.500737301439933 ], [ 88.383943588916864, 22.500666509249061 ], [ 88.383942795237729, 22.50059572599595 ], [ 88.383939717567316, 22.50052709963807 ], [ 88.383932286338194, 22.500070197754237 ], [ 88.383907113353601, 22.499677817310825 ], [ 88.383887302973051, 22.499557850009122 ], [ 88.383918267186459, 22.499437438115638 ] ] } },
{ "type": "Feature", "properties": { "ward": 106, "source_sheet": "106_garfa2.pdf p2", "source": "KMC ward sewerage network map (ArcMap GeoPDF)", "extraction_method": "geopdf_vector", "georef_max_residual_m": 2.5, "conduit_type": "pipe", "pipe_diameter_mm": 600.0, "diameter_source": "legend_colour", "diameter_candidates_mm": null, "label_diameter_mm": 600.0, "label_agrees": true, "scheme": null, "flow_arrow": "end" }, "geometry": { "type": "LineString", "coordinates": [ [ 88.397482193236414, 22.502154034698354 ], [ 88.397222169919033, 22.502225032770443 ], [ 88.397044966188574, 22.502271684199844 ], [ 88.396883893725004, 22.502316035674422 ], [ 88.396708997710505, 22.502362665941988 ], [ 88.396437457954391, 22.502435911994581 ], [ 88.39628665963744, 22.50257243249505 ], [ 88.396186127160362, 22.502663437152318 ], [ 88.396099297026709, 22.502741454700963 ], [ 88.396003356111294, 22.502830281402051 ] ] } },
{ "type": "Feature", "properties": { "ward": 106, "source_sheet": "106_garfa2.pdf p2", "source": "KMC ward sewerage network map (ArcMap GeoPDF)", "extraction_method": "geopdf_vector", "georef_max_residual_m": 2.5, "conduit_type": "pipe", "pipe_diameter_mm": 600.0, "diameter_source": "legend_colour", "diameter_candidates_mm": null, "label_diameter_mm": 600.0, "label_agrees": true, "scheme": null, "flow_arrow": "end" }, "geometry": { "type": "LineString", "coordinates": [ [ 88.397482193236414, 22.502154034698354 ], [ 88.397590230629049, 22.502114442826752 ], [ 88.397700551648768, 22.502072684866164 ], [ 88.397826955502723, 22.502024345504559 ], [ 88.397923477165449, 22.501987002705338 ], [ 88.39802930249553, 22.501947430501744 ] ] } },
{ "type": "Feature", "properties": { "ward": 106, "source_sheet": "106_garfa2.pdf p2", "source": "KMC ward sewerage network map (ArcMap GeoPDF)", "extraction_method": "geopdf_vector", "georef_max_residual_m": 2.5, "conduit_type": "pipe", "pipe_diameter_mm": 600.0, "diameter_source": "legend_colour", "diameter_candidates_mm": null, "label_diameter_mm": 600.0, "label_agrees": true, "scheme": null, "flow_arrow": "end" }, "geometry": { "type": "LineString", "coordinates": [ [ 88.397887238444127, 22.508371928761857 ], [ 88.397933009631501, 22.508541004147435 ], [ 88.39796665790017, 22.508658698766514 ] ] } },
{ "type": "Feature", "properties": { "ward": 106, "source_sheet": "106_garfa2.pdf p2", "source": "KMC ward sewerage network map (ArcMap GeoPDF)", "extraction_method": "geopdf_vector", "georef_max_residual_m": 2.5, "conduit_type": "pipe", "pipe_diameter_mm": 800.0, "diameter_source": "legend_colour", "diameter_candidates_mm": null, "label_diameter_mm": 800.0, "label_agrees": true, "scheme": null, "flow_arrow": "end" }, "geometry": { "type": "LineString", "coordinates": [ [ 88.397905528011279, 22.508968191023804 ], [ 88.397950619645087, 22.509077200707338 ], [ 88.397990925240336, 22.509171235605031 ], [ 88.398031303734783, 22.509271706096321 ] ] } },
{ "type": "Feature", "properties": { "ward": 106, "source_sheet": "106_garfa2.pdf p2", "source": "KMC ward sewerage network map (ArcMap GeoPDF)", "extraction_method": "geopdf_vector", "georef_max_residual_m": 2.5, "conduit_type": "pipe", "pipe_diameter_mm": 700.0, "diameter_source": "legend_colour", "diameter_candidates_mm": null, "label_diameter_mm": 700.0, "label_agrees": true, "scheme": null, "flow_arrow": "end" }, "geometry": { "type": "LineString", "coordinates": [ [ 88.398530454949551, 22.504214858116367 ], [ 88.398760137219668, 22.504114095762926 ], [ 88.398980611569684, 22.504015570577977 ], [ 88.399214811960803, 22.503906185126159 ], [ 88.399432734580856, 22.503786219225443 ], [ 88.399574979296133, 22.503709844932335 ], [ 88.399671331574282, 22.503657493578324 ], [ 88.399806700673849, 22.503585472030011 ], [ 88.400038397217415, 22.503458944672939 ], [ 88.400081981481463, 22.503434951305156 ] ] } },
{ "type": "Feature", "properties": { "ward": 106, "source_sheet": "106_garfa2.pdf p2", "source": "KMC ward sewerage network map (ArcMap GeoPDF)", "extraction_method": "geopdf_vector", "georef_max_residual_m": 2.5, "conduit_type": "pipe", "pipe_diameter_mm": 700.0, "diameter_source": "legend_colour", "diameter_candidates_mm": null, "label_diameter_mm": 700.0, "label_agrees": true, "scheme": null, "flow_arrow": "end" }, "geometry": { "type": "LineString", "coordinates": [ [ 88.396003356111294, 22.502830281402051 ], [ 88.395886764495543, 22.502930021188689 ], [ 88.395742767741311, 22.503055743887703 ], [ 88.395539344991249, 22.503233500775671 ], [ 88.395354119696776, 22.503396066653924 ], [ 88.395216949111273, 22.503513154689227 ], [ 88.395086774945241, 22.50363661590243 ], [ 88.395034248461982, 22.503686433557949 ], [ 88.394988549000999, 22.503727608038947 ], [ 88.394938548379912, 22.503796702812259 ], [ 88.394909271288924, 22.503861329111722 ] ] } },
{ "type": "Feature", "properties": { "ward": 106, "source_sheet": "106_garfa2.pdf p2", "source": "KMC ward sewerage network map (ArcMap GeoPDF)", "extraction_method": "geopdf_vector", "georef_max_residual_m": 2.5, "conduit_type": "pipe", "pipe_diameter_mm": 700.0, "diameter_source": "legend_colour", "diameter_candidates_mm": null, "label_diameter_mm": 700.0, "label_agrees": true, "scheme": null, "flow_arrow": "end" }, "geometry": { "type": "LineString", "coordinates": [ [ 88.390140456117109, 22.504693686357378 ], [ 88.390246645050595, 22.504898685663907 ], [ 88.390301734374432, 22.505076261819525 ], [ 88.390323303711739, 22.5051468673736 ], [ 88.390342468322856, 22.505208903853621 ], [ 88.390378658888608, 22.505348031867054 ], [ 88.390410088533997, 22.505474330028935 ], [ 88.390431851172607, 22.50556208830556 ], [ 88.390540337955784, 22.505561114647158 ], [ 88.390685767673375, 22.50556195474211 ], [ 88.391011310091244, 22.505565468578716 ], [ 88.391257954547513, 22.50553537236468 ], [ 88.391435261388267, 22.505497307851527 ], [ 88.391511256908657, 22.505481607347456 ], [ 88.391580328343437, 22.505465968998195 ], [ 88.391624084053547, 22.505456994286185 ], [ 88.391674739644259, 22.50544581215954 ], [ 88.391872770056665, 22.505403270175002 ], [ 88.391999396815137, 22.505374242033909 ], [ 88.392116815621847, 22.50534744195507 ], [ 88.392277989990831, 22.505311666907399 ], [ 88.392360885159391, 22.505293758583676 ], [ 88.392446039942286, 22.505271539058597 ], [ 88.392521986816234, 22.50525154767162 ], [ 88.392832674027318, 22.505169383263357 ], [ 88.392936316344276, 22.505140561015089 ], [ 88.393023875735039, 22.505126901277599 ], [ 88.393208250716256, 22.50510164385906 ], [ 88.393256646412937, 22.505094772416356 ], [ 88.393305042104018, 22.505087900959339 ] ] } },
{ "type": "Feature", "properties": { "ward": 106, "source_sheet": "106_garfa2.pdf p2", "source": "KMC ward sewerage network map (ArcMap GeoPDF)", "extraction_method": "geopdf_vector", "georef_max_residual_m": 2.5, "conduit_type": "pipe", "pipe_diameter_mm": 700.0, "diameter_source": "legend_colour", "diameter_candidates_mm": null, "label_diameter_mm": 700.0, "label_agrees": true, "scheme": null, "flow_arrow": "end" }, "geometry": { "type": "LineString", "coordinates": [ [ 88.390140456117109, 22.504693686357378 ], [ 88.389980406373937, 22.504624323202457 ], [ 88.38962526750187, 22.504655399499399 ], [ 88.38900302661898, 22.504744651067412 ], [ 88.388684921456331, 22.504783974997146 ], [ 88.388434327465973, 22.504874174641973 ], [ 88.388192024461986, 22.504880636826389 ], [ 88.387722513401982, 22.504799034939811 ], [ 88.387177175766766, 22.504748137712973 ], [ 88.386877124231901, 22.50475082412779 ], [ 88.386642034478868, 22.504782964558149 ], [ 88.386358934069349, 22.504856297480035 ], [ 88.386160627605818, 22.504875226517555 ], [ 88.38597121609115, 22.504864057585557 ], [ 88.385535246279218, 22.504891548265068 ], [ 88.385306887287172, 22.504906463120658 ], [ 88.385016187624075, 22.504919789606966 ], [ 88.384888813328956, 22.504882319556007 ], [ 88.38464886589243, 22.504893037277927 ], [ 88.384023654109882, 22.505130331106056 ] ] } },
{ "type": "Feature", "properties": { "ward": 106, "source_sheet": "106_garfa2.pdf p2", "source": "KMC ward sewerage network map (ArcMap GeoPDF)", "extraction_method": "geopdf_vector", "georef_max_residual_m": 2.5, "conduit_type": "pipe", "pipe_diameter_mm": 800.0, "diameter_source": "legend_colour", "diameter_candidates_mm": null, "label_diameter_mm": 800.0, "label_agrees": true, "scheme": null, "flow_arrow": "end" }, "geometry": { "type": "LineString", "coordinates": [ [ 88.393305042104018, 22.505087900959339 ], [ 88.393383417767041, 22.505078614462573 ], [ 88.393524061373569, 22.505064477074441 ], [ 88.393687760867181, 22.505047986761454 ], [ 88.393922669728951, 22.505000819739198 ], [ 88.39398486498763, 22.504989533087294 ], [ 88.3942144068792, 22.504875905751469 ], [ 88.394434771993545, 22.504562845094984 ], [ 88.394541407460466, 22.504398842069719 ], [ 88.394611744383738, 22.504290937788824 ], [ 88.394670734997391, 22.504200299003248 ], [ 88.394707008925934, 22.504142046040929 ], [ 88.3947717055173, 22.504147899988517 ] ] } }
]
}
