{
"type": "FeatureCollection",
"name": "ward101_p1_pipes",
"crs": { "type": "name", "properties": { "name": "urn:ogc:def:crs:OGC:1.3:CRS84" } },
"features": [
{ "type": "Feature", "properties": { "ward": 101, "source_sheet": "101_baghajatin.pdf p1", "source": "KMC ward sewerage network map (ArcMap GeoPDF)", "extraction_method": "geopdf_vector", "georef_max_residual_m": 0.1, "conduit_type": "pipe", "pipe_diameter_mm": 225.0, "diameter_source": "legend_colour", "diameter_candidates_mm": null, "label_diameter_mm": 225.0, "label_agrees": true, "scheme": null, "flow_arrow": "end" }, "geometry": { "type": "LineString", "coordinates": [ [ 88.383589635107498, 22.481664177287932 ], [ 88.383456861663674, 22.481463451771724 ], [ 88.38346262481241, 22.481295963676498 ] ] } },
{ "type": "Feature", "properties": { "ward": 101, "source_sheet": "101_baghajatin.pdf p1", "source": "KMC ward sewerage network map (ArcMap GeoPDF)", "extraction_method": "geopdf_vector", "georef_max_residual_m": 0.1, "conduit_type": "pipe", "pipe_diameter_mm": 225.0, "diameter_source": "legend_colour", "diameter_candidates_mm": null, "label_diameter_mm": 225.0, "label_agrees": true, "scheme": null, "flow_arrow": "end" }, "geometry": { "type": "LineString", "coordinates": [ [ 88.384869257429983, 22.481531817958384 ], [ 88.384714097961321, 22.481565238896994 ], [ 88.384366805842859, 22.481636979739704 ] ] } },
{ "type": "Feature", "properties": { "ward": 101, "source_sheet": "101_baghajatin.pdf p1", "source": "KMC ward sewerage network map (ArcMap GeoPDF)", "extraction_method": "geopdf_vector", "georef_max_residual_m": 0.1, "conduit_type": "pipe", "pipe_diameter_mm": 375.0, "diameter_source": "legend_colour", "diameter_candidates_mm": null, "label_diameter_mm": 375.0, "label_agrees": true, "scheme": null, "flow_arrow": "end" }, "geometry": { "type": "LineString", "coordinates": [ [ 88.386631518894774, 22.482544509502798 ], [ 88.386699943317822, 22.482475120595222 ], [ 88.386743914416968, 22.482428875211941 ], [ 88.386792798600695, 22.482380294644841 ], [ 88.386868536261105, 22.482301669164418 ], [ 88.386958945975124, 22.482209157446356 ], [ 88.387022479397146, 22.482144397054878 ], [ 88.387054223607748, 22.48210972338941 ], [ 88.387085990231029, 22.482077343275581 ], [ 88.387193494340806, 22.48196633744098 ], [ 88.387264363530377, 22.48189463389895 ], [ 88.387308334158007, 22.48184838837803 ], [ 88.387352327394737, 22.481804436401667 ], [ 88.38744271382906, 22.481709630979502 ], [ 88.387488904292056, 22.481638136004534 ] ] } },
{ "type": "Feature", "properties": { "ward": 101, "source_sheet": "101_baghajatin.pdf p1", "source": "KMC ward sewerage network map (ArcMap GeoPDF)", "extraction_method": "geopdf_vector", "georef_max_residual_m": 0.1, "conduit_type": "pipe", "pipe_diameter_mm": 1500.0, "diameter_source": "legend_colour", "diameter_candidates_mm": null, "label_diameter_mm": 1500.0, "label_agrees": true, "scheme": null, "flow_arrow": "end" }, "geometry": { "type": "LineString", "coordinates": [ [ 88.375697691410963, 22.482517260133889 ], [ 88.375774173191715, 22.482514325261079 ], [ 88.375996170153257, 22.48250099565271 ], [ 88.376072517812801, 22.482484299619713 ], [ 88.376166073481514, 22.482460578186505 ], [ 88.376252270274549, 22.482441505823356 ], [ 88.376345825878218, 22.482417784288636 ], [ 88.376496164885609, 22.482395880204972 ], [ 88.37668100925265, 22.482369099032233 ], [ 88.376804067380377, 22.482333661270744 ], [ 88.376954182560709, 22.482288821679617 ], [ 88.377023685454674, 22.482329525042701 ], [ 88.37709316612505, 22.4823679349023 ], [ 88.377174382106205, 22.482344316435452 ], [ 88.377442641647477, 22.482266373159646 ], [ 88.377523835229766, 22.482240460955868 ], [ 88.377605073530106, 22.482219135843664 ], [ 88.377782491471478, 22.482190122105575 ], [ 88.377868732481701, 22.482175635837006 ], [ 88.377940188696527, 22.482163567412901 ], [ 88.377982075247743, 22.482156334651389 ], [ 88.378038746669162, 22.482146684076607 ], [ 88.378025825473472, 22.482087156426328 ], [ 88.378010324409004, 22.482016182052977 ], [ 88.377989663913652, 22.481922314039711 ], [ 88.377966468438061, 22.48182158614194 ], [ 88.377930284655108, 22.481654450164378 ], [ 88.377899260588762, 22.481510207812111 ], [ 88.377868236492219, 22.481365965449015 ], [ 88.378124266331028, 22.481299592277445 ], [ 88.378249813341412, 22.481266426220053 ], [ 88.378343524459154, 22.481258758152354 ], [ 88.378718301721989, 22.481221204742234 ], [ 88.378777485343903, 22.481216120134619 ], [ 88.378989339525177, 22.481175347344678 ], [ 88.37919379009989, 22.481134636594327 ], [ 88.379398262839402, 22.481096218964257 ], [ 88.379383280163353, 22.480825688887613 ], [ 88.379380207450353, 22.480763784924537 ] ] } },
{ "type": "Feature", "properties": { "ward": 101, "source_sheet": "101_baghajatin.pdf p1", "source": "KMC ward sewerage network map (ArcMap GeoPDF)", "extraction_method": "geopdf_vector", "georef_max_residual_m": 0.1, "conduit_type": "pipe", "pipe_diameter_mm": 500.0, "diameter_source": "legend_colour", "diameter_candidates_mm": null, "label_diameter_mm": 500.0, "label_agrees": true, "scheme": null, "flow_arrow": "end" }, "geometry": { "type": "LineString", "coordinates": [ [ 88.376527839629631, 22.481847420970094 ], [ 88.376563574666719, 22.481968687251072 ], [ 88.376601822260611, 22.482094519761816 ], [ 88.376640137108623, 22.482227232765467 ], [ 88.37668100925265, 22.482369099032233 ] ] } },
{ "type": "Feature", "properties": { "ward": 101, "source_sheet": "101_baghajatin.pdf p1", "source": "KMC ward sewerage network map (ArcMap GeoPDF)", "extraction_method": "geopdf_vector", "georef_max_residual_m": 0.1, "conduit_type": "pipe", "pipe_diameter_mm": 300.0, "diameter_source": "legend_colour", "diameter_candidates_mm": null, "label_diameter_mm": 300.0, "label_agrees": true, "scheme": "KEIIP", "flow_arrow": "end" }, "geometry": { "type": "LineString", "coordinates": [ [ 88.378467301644747, 22.483319750572029 ], [ 88.378441727199657, 22.483228217585005 ], [ 88.378405923100587, 22.483100071429529 ], [ 88.378388020975365, 22.483035998347695 ], [ 88.3783368723509, 22.482852932325009 ], [ 88.378318970398226, 22.482788859229537 ], [ 88.378293440939444, 22.482701913141653 ], [ 88.378332165742037, 22.482623602318991 ], [ 88.378323217500238, 22.4824654124508 ], [ 88.378315142258984, 22.48239666940821 ], [ 88.37830437528703, 22.482305012111521 ], [ 88.378288090648141, 22.482153764915086 ] ] } },
{ "type": "Feature", "properties": { "ward": 101, "source_sheet": "101_baghajatin.pdf p1", "source": "KMC ward sewerage network map (ArcMap GeoPDF)", "extraction_method": "geopdf_vector", "georef_max_residual_m": 0.1, "conduit_type": "pipe", "pipe_diameter_mm": 600.0, "diameter_source": "legend_colour", "diameter_candidates_mm": null, "label_diameter_mm": 600.0, "label_agrees": true, "scheme": null, "flow_arrow": "end" }, "geometry": { "type": "LineString", "coordinates": [ [ 88.378561163044651, 22.48256892388882 ], [ 88.378533210384276, 22.482486585606274 ], [ 88.378500254831664, 22.482397408368506 ], [ 88.37852455289925, 22.482358211429393 ], [ 88.3787758276613, 22.482310226650853 ], [ 88.378940883717846, 22.482279021842562 ], [ 88.379032037982398, 22.482262200013825 ] ] } },
{ "type": "Feature", "properties": { "ward": 101, "source_sheet": "101_baghajatin.pdf p1", "source": "KMC ward sewerage network map (ArcMap GeoPDF)", "extraction_method": "geopdf_vector", "georef_max_residual_m": 0.1, "conduit_type": "pipe", "pipe_diameter_mm": 225.0, "diameter_source": "legend_colour", "diameter_candidates_mm": null, "label_diameter_mm": 225.0, "label_agrees": true, "scheme": null, "flow_arrow": "end" }, "geometry": { "type": "LineString", "coordinates": [ [ 88.37689450177291, 22.480977327991834 ], [ 88.376815687193883, 22.480994045073473 ], [ 88.376478777016658, 22.481118436944715 ], [ 88.37637326300478, 22.481181251678933 ], [ 88.376341359842826, 22.481199868779608 ], [ 88.376309456569302, 22.481218485875214 ] ] } },
{ "type": "Feature", "properties": { "ward": 101, "source_sheet": "101_baghajatin.pdf p1", "source": "KMC ward sewerage network map (ArcMap GeoPDF)", "extraction_method": "geopdf_vector", "georef_max_residual_m": 0.1, "conduit_type": "pipe", "pipe_diameter_mm": 300.0, "diameter_source": "legend_colour", "diameter_candidates_mm": null, "label_diameter_mm": 300.0, "label_agrees": true, "scheme": null, "flow_arrow": "end" }, "geometry": { "type": "LineString", "coordinates": [ [ 88.37742286801803, 22.481757338549826 ], [ 88.377480881655288, 22.481885298587102 ], [ 88.37753135754356, 22.481999559727857 ], [ 88.377605073530106, 22.482219135843664 ] ] } },
{ "type": "Feature", "properties": { "ward": 101, "source_sheet": "101_baghajatin.pdf p1", "source": "KMC ward sewerage network map (ArcMap GeoPDF)", "extraction_method": "geopdf_vector", "georef_max_residual_m": 0.1, "conduit_type": "pipe", "pipe_diameter_mm": 500.0, "diameter_source": "legend_colour", "diameter_candidates_mm": null, "label_diameter_mm": 500.0, "label_agrees": true, "scheme": null, "flow_arrow": "end" }, "geometry": { "type": "LineString", "coordinates": [ [ 88.378710300317223, 22.479643209419788 ], [ 88.378658610406148, 22.479657405756004 ], [ 88.378567524934581, 22.479681107800232 ], [ 88.378461677207383, 22.479709521189932 ], [ 88.378308896044018, 22.479733741243052 ], [ 88.377897038162033, 22.479764723778288 ], [ 88.377737032298171, 22.479807353501688 ] ] } },
{ "type": "Feature", "properties": { "ward": 101, "source_sheet": "101_baghajatin.pdf p1", "source": "KMC ward sewerage network map (ArcMap GeoPDF)", "extraction_method": "geopdf_vector", "georef_max_residual_m": 0.1, "conduit_type": "pipe", "pipe_diameter_mm": 300.0, "diameter_source": "legend_colour", "diameter_candidates_mm": null, "label_diameter_mm": 300.0, "label_agrees": true, "scheme": null, "flow_arrow": "end" }, "geometry": { "type": "LineString", "coordinates": [ [ 88.377286367441442, 22.481173591631435 ], [ 88.377333077614566, 22.481154849991771 ], [ 88.377414248215075, 22.481126644496335 ], [ 88.377495396407568, 22.481096145300054 ], [ 88.377564250022161, 22.481070336767129 ], [ 88.377546594792378, 22.481031492098925 ], [ 88.3775289618427, 22.480994940994918 ], [ 88.377511329005543, 22.480958389887491 ], [ 88.377498721373058, 22.480930971329013 ], [ 88.377643697732864, 22.48086553098565 ], [ 88.377727246344648, 22.48082813046129 ], [ 88.377823089418285, 22.480786039366972 ] ] } },
{ "type": "Feature", "properties": { "ward": 101, "source_sheet": "101_baghajatin.pdf p1", "source": "KMC ward sewerage network map (ArcMap GeoPDF)", "extraction_method": "geopdf_vector", "georef_max_residual_m": 0.1, "conduit_type": "pipe", "pipe_diameter_mm": 225.0, "diameter_source": "legend_colour", "diameter_candidates_mm": null, "label_diameter_mm": 225.0, "label_agrees": true, "scheme": null, "flow_arrow": "end" }, "geometry": { "type": "LineString", "coordinates": [ [ 88.377424671819071, 22.48143620592985 ], [ 88.377127269239352, 22.481562561341772 ], [ 88.376956950354213, 22.481307096348896 ], [ 88.376868920737707, 22.481138101375585 ], [ 88.376945200443004, 22.481114524460782 ] ] } },
{ "type": "Feature", "properties": { "ward": 101, "source_sheet": "101_baghajatin.pdf p1", "source": "KMC ward sewerage network map (ArcMap GeoPDF)", "extraction_method": "geopdf_vector", "georef_max_residual_m": 0.1, "conduit_type": "pipe", "pipe_diameter_mm": 300.0, "diameter_source": "legend_colour", "diameter_candidates_mm": null, "label_diameter_mm": 300.0, "label_agrees": true, "scheme": null, "flow_arrow": "end" }, "geometry": { "type": "LineString", "coordinates": [ [ 88.376853696986501, 22.4808423421591 ], [ 88.37689450177291, 22.480977327991834 ] ] } },
{ "type": "Feature", "properties": { "ward": 101, "source_sheet": "101_baghajatin.pdf p1", "source": "KMC ward sewerage network map (ArcMap GeoPDF)", "extraction_method": "geopdf_vector", "georef_max_residual_m": 0.1, "conduit_type": "pipe", "pipe_diameter_mm": 225.0, "diameter_source": "legend_colour", "diameter_candidates_mm": null, "label_diameter_mm": 225.0, "label_agrees": true, "scheme": null, "flow_arrow": "end" }, "geometry": { "type": "LineString", "coordinates": [ [ 88.378275493513527, 22.480610213575371 ], [ 88.378516558056774, 22.480527909625525 ], [ 88.378693928833911, 22.480494308056986 ], [ 88.378787684178377, 22.480491226696259 ], [ 88.378886375207998, 22.480488103909273 ], [ 88.378970259257912, 22.480485105376715 ] ] } },
{ "type": "Feature", "properties": { "ward": 101, "source_sheet": "101_baghajatin.pdf p1", "source": "KMC ward sewerage network map (ArcMap GeoPDF)", "extraction_method": "geopdf_vector", "georef_max_residual_m": 0.1, "conduit_type": "pipe", "pipe_diameter_mm": 225.0, "diameter_source": "legend_colour", "diameter_candidates_mm": null, "label_diameter_mm": 225.0, "label_agrees": true, "scheme": null, "flow_arrow": "end" }, "geometry": { "type": "LineString", "coordinates": [ [ 88.379015320240285, 22.479792030772892 ], [ 88.379036294661731, 22.479918007801718 ], [ 88.379018164447402, 22.480083306240711 ], [ 88.379004746031285, 22.480225628035456 ], [ 88.378968893157946, 22.480345201464761 ], [ 88.378970259257912, 22.480485105376715 ], [ 88.379037312073436, 22.480780428728881 ] ] } },
{ "type": "Feature", "properties": { "ward": 101, "source_sheet": "101_baghajatin.pdf p1", "source": "KMC ward sewerage network map (ArcMap GeoPDF)", "extraction_method": "geopdf_vector", "georef_max_residual_m": 0.1, "conduit_type": "pipe", "pipe_diameter_mm": 225.0, "diameter_source": "legend_colour", "diameter_candidates_mm": null, "label_diameter_mm": null, "label_agrees": null, "scheme": null, "flow_arrow": "end" }, "geometry": { "type": "LineString", "coordinates": [ [ 88.379078888742328, 22.480488780035262 ], [ 88.378970259257912, 22.480485105376715 ] ] } },
{ "type": "Feature", "properties": { "ward": 101, "source_sheet": "101_baghajatin.pdf p1", "source": "KMC ward sewerage network map (ArcMap GeoPDF)", "extraction_method": "geopdf_vector", "georef_max_residual_m": 0.1, "conduit_type": "pipe", "pipe_diameter_mm": 225.0, "diameter_source": "legend_colour", "diameter_candidates_mm": null, "label_diameter_mm": null, "label_agrees": null, "scheme": null, "flow_arrow": "end" }, "geometry": { "type": "LineString", "coordinates": [ [ 88.377164794718425, 22.480348880995265 ], [ 88.377232656381679, 22.480474464884974 ], [ 88.377270479206189, 22.480556720540207 ], [ 88.377288179028142, 22.480600152284779 ], [ 88.377305811757267, 22.480636703423414 ], [ 88.377411787503505, 22.480874358537459 ], [ 88.377449207882648, 22.480915330998442 ], [ 88.377498721373058, 22.480930971329013 ] ] } },
{ "type": "Feature", "properties": { "ward": 101, "source_sheet": "101_baghajatin.pdf p1", "source": "KMC ward sewerage network map (ArcMap GeoPDF)", "extraction_method": "geopdf_vector", "georef_max_residual_m": 0.1, "conduit_type": "pipe", "pipe_diameter_mm": 375.0, "diameter_source": "legend_colour", "diameter_candidates_mm": null, "label_diameter_mm": 375.0, "label_agrees": true, "scheme": null, "flow_arrow": "end" }, "geometry": { "type": "LineString", "coordinates": [ [ 88.375951905821765, 22.480744394772753 ], [ 88.37600610900212, 22.480734765526407 ], [ 88.376176121948404, 22.480705815794828 ], [ 88.376326414453246, 22.48067932482191 ], [ 88.376439733936309, 22.4806577312964 ], [ 88.376533310777987, 22.480636303180027 ], [ 88.376580087957677, 22.480624442366722 ], [ 88.376626820415069, 22.480607994501931 ], [ 88.376710458613672, 22.480579768669493 ], [ 88.376794096878058, 22.480551542698834 ], [ 88.37683836143384, 22.480535115476822 ] ] } },
{ "type": "Feature", "properties": { "ward": 101, "source_sheet": "101_baghajatin.pdf p1", "source": "KMC ward sewerage network map (ArcMap GeoPDF)", "extraction_method": "geopdf_vector", "georef_max_residual_m": 0.1, "conduit_type": "pipe", "pipe_diameter_mm": 225.0, "diameter_source": "legend_colour", "diameter_candidates_mm": null, "label_diameter_mm": 225.0, "label_agrees": true, "scheme": null, "flow_arrow": "end" }, "geometry": { "type": "LineString", "coordinates": [ [ 88.377149601522305, 22.479043894947921 ], [ 88.377177776209862, 22.479149168675054 ], [ 88.377211043148762, 22.479270455469152 ], [ 88.377246867339252, 22.479400895620433 ], [ 88.377269927597979, 22.479487862584438 ] ] } },
{ "type": "Feature", "properties": { "ward": 101, "source_sheet": "101_baghajatin.pdf p1", "source": "KMC ward sewerage network map (ArcMap GeoPDF)", "extraction_method": "geopdf_vector", "georef_max_residual_m": 0.1, "conduit_type": "pipe", "pipe_diameter_mm": 225.0, "diameter_source": "legend_colour", "diameter_candidates_mm": null, "label_diameter_mm": 225.0, "label_agrees": true, "scheme": null, "flow_arrow": "end" }, "geometry": { "type": "LineString", "coordinates": [ [ 88.376523644715533, 22.479897813805167 ], [ 88.376605060592325, 22.479894837216705 ], [ 88.376698815754366, 22.479891757183594 ], [ 88.37678763513162, 22.479888718499357 ], [ 88.376886325849895, 22.479885596860552 ], [ 88.377014473965971, 22.479866172220436 ], [ 88.377169701041552, 22.479839639198229 ], [ 88.377359455171046, 22.479810522530983 ] ] } },
{ "type": "Feature", "properties": { "ward": 101, "source_sheet": "101_baghajatin.pdf p1", "source": "KMC ward sewerage network map (ArcMap GeoPDF)", "extraction_method": "geopdf_vector", "georef_max_residual_m": 0.1, "conduit_type": "pipe", "pipe_diameter_mm": 225.0, "diameter_source": "legend_colour", "diameter_candidates_mm": null, "label_diameter_mm": 225.0, "label_agrees": true, "scheme": null, "flow_arrow": "end" }, "geometry": { "type": "LineString", "coordinates": [ [ 88.378405923100587, 22.483100071429529 ], [ 88.378556105560264, 22.483062110742029 ], [ 88.378713691706878, 22.483024087813206 ], [ 88.378922991257781, 22.482974161743169 ], [ 88.379004252018859, 22.48295512929046 ], [ 88.379119973497481, 22.482926632575765 ], [ 88.379171686948524, 22.482914729506806 ] ] } },
{ "type": "Feature", "properties": { "ward": 101, "source_sheet": "101_baghajatin.pdf p1", "source": "KMC ward sewerage network map (ArcMap GeoPDF)", "extraction_method": "geopdf_vector", "georef_max_residual_m": 0.1, "conduit_type": "pipe", "pipe_diameter_mm": 225.0, "diameter_source": "legend_colour", "diameter_candidates_mm": null, "label_diameter_mm": 225.0, "label_agrees": true, "scheme": null, "flow_arrow": "end" }, "geometry": { "type": "LineString", "coordinates": [ [ 88.376425302511052, 22.481456058808615 ], [ 88.376387524709557, 22.481378389988588 ], [ 88.376359819477926, 22.481321279904183 ], [ 88.376339696678244, 22.481282455785475 ], [ 88.376309456569302, 22.481218485875214 ] ] } },
{ "type": "Feature", "properties": { "ward": 101, "source_sheet": "101_baghajatin.pdf p1", "source": "KMC ward sewerage network map (ArcMap GeoPDF)", "extraction_method": "geopdf_vector", "georef_max_residual_m": 0.1, "conduit_type": "pipe", "pipe_diameter_mm": 900.0, "diameter_source": "legend_colour", "diameter_candidates_mm": null, "label_diameter_mm": 900.0, "label_agrees": true, "scheme": null, "flow_arrow": "end" }, "geometry": { "type": "LineString", "coordinates": [ [ 88.378196214711863, 22.483361020264265 ], [ 88.378185761202971, 22.483301471918811 ], [ 88.378157137045235, 22.483150328448879 ], [ 88.378110409521227, 22.482914470241806 ], [ 88.37806711262661, 22.482777212090003 ], [ 88.378045914772969, 22.482628299878719 ], [ 88.378035215096546, 22.482543523062525 ], [ 88.378021958128997, 22.482449592800897 ], [ 88.377998046322148, 22.482275472747272 ], [ 88.377982075247743, 22.482156334651389 ] ] } },
{ "type": "Feature", "properties": { "ward": 101, "source_sheet": "101_baghajatin.pdf p1", "source": "KMC ward sewerage network map (ArcMap GeoPDF)", "extraction_method": "geopdf_vector", "georef_max_residual_m": 0.1, "conduit_type": "pipe", "pipe_diameter_mm": 225.0, "diameter_source": "legend_colour", "diameter_candidates_mm": null, "label_diameter_mm": 225.0, "label_agrees": true, "scheme": null, "flow_arrow": "end" }, "geometry": { "type": "LineString", "coordinates": [ [ 88.377712348986847, 22.482589813978684 ], [ 88.377747973277565, 22.482699612290606 ], [ 88.377942510217835, 22.482654398842808 ], [ 88.378045914772969, 22.482628299878719 ] ] } },
{ "type": "Feature", "properties": { "ward": 101, "source_sheet": "101_baghajatin.pdf p1", "source": "KMC ward sewerage network map (ArcMap GeoPDF)", "extraction_method": "geopdf_vector", "georef_max_residual_m": 0.1, "conduit_type": "pipe", "pipe_diameter_mm": 225.0, "diameter_source": "legend_colour", "diameter_candidates_mm": null, "label_diameter_mm": 225.0, "label_agrees": true, "scheme": null, "flow_arrow": "end" }, "geometry": { "type": "LineString", "coordinates": [ [ 88.3783368723509, 22.482852932325009 ], [ 88.378484340498673, 22.482789763901376 ], [ 88.378685877855503, 22.482703204170395 ], [ 88.378767004238327, 22.482670410934272 ], [ 88.3788284546944, 22.482644663944722 ], [ 88.378909625799437, 22.482616457672727 ], [ 88.378983438015652, 22.482592900510028 ], [ 88.379049846557749, 22.482569405529272 ], [ 88.379101515085637, 22.482552915456267 ] ] } },
{ "type": "Feature", "properties": { "ward": 101, "source_sheet": "101_baghajatin.pdf p1", "source": "KMC ward sewerage network map (ArcMap GeoPDF)", "extraction_method": "geopdf_vector", "georef_max_residual_m": 0.1, "conduit_type": "pipe", "pipe_diameter_mm": 300.0, "diameter_source": "legend_colour", "diameter_candidates_mm": null, "label_diameter_mm": 300.0, "label_agrees": true, "scheme": null, "flow_arrow": "end" }, "geometry": { "type": "LineString", "coordinates": [ [ 88.379228556550288, 22.48317802644679 ], [ 88.379218259437565, 22.483134532752182 ], [ 88.379194928317204, 22.483020044101302 ], [ 88.379171686948524, 22.482914729506806 ], [ 88.379150913505171, 22.482809394070419 ], [ 88.379135232671103, 22.482720071810043 ], [ 88.379111879410956, 22.48260328966526 ], [ 88.379101515085637, 22.482552915456267 ] ] } },
{ "type": "Feature", "properties": { "ward": 101, "source_sheet": "101_baghajatin.pdf p1", "source": "KMC ward sewerage network map (ArcMap GeoPDF)", "extraction_method": "geopdf_vector", "georef_max_residual_m": 0.1, "conduit_type": "pipe", "pipe_diameter_mm": 300.0, "diameter_source": "legend_colour", "diameter_candidates_mm": null, "label_diameter_mm": 300.0, "label_agrees": true, "scheme": null, "flow_arrow": "end" }, "geometry": { "type": "LineString", "coordinates": [ [ 88.379684795902634, 22.481625947631599 ], [ 88.379698390104153, 22.481754280211415 ], [ 88.37971202905284, 22.481887199819305 ], [ 88.379705096029696, 22.481935425655024 ], [ 88.379666125697383, 22.481988508330669 ], [ 88.379666775539363, 22.482055019954579 ], [ 88.379670319020732, 22.482165087486973 ], [ 88.379670834418846, 22.482217838110408 ], [ 88.37967498295491, 22.482389830325243 ], [ 88.379537073546771, 22.482420807686456 ], [ 88.379540841021537, 22.48255381037934 ], [ 88.379343612931891, 22.482576111402729 ], [ 88.379232670749218, 22.482588512311342 ], [ 88.379111879410956, 22.48260328966526 ] ] } },
{ "type": "Feature", "properties": { "ward": 101, "source_sheet": "101_baghajatin.pdf p1", "source": "KMC ward sewerage network map (ArcMap GeoPDF)", "extraction_method": "geopdf_vector", "georef_max_residual_m": 0.1, "conduit_type": "pipe", "pipe_diameter_mm": 300.0, "diameter_source": "legend_colour", "diameter_candidates_mm": null, "label_diameter_mm": null, "label_agrees": null, "scheme": null, "flow_arrow": "end" }, "geometry": { "type": "LineString", "coordinates": [ [ 88.37875673873458, 22.482124597750364 ], [ 88.378608756416085, 22.482135015643959 ], [ 88.378510086594687, 22.482140431883913 ], [ 88.378418820388987, 22.482145785879716 ], [ 88.378288090648141, 22.482153764915086 ] ] } },
{ "type": "Feature", "properties": { "ward": 101, "source_sheet": "101_baghajatin.pdf p1", "source": "KMC ward sewerage network map (ArcMap GeoPDF)", "extraction_method": "geopdf_vector", "georef_max_residual_m": 0.1, "conduit_type": "pipe", "pipe_diameter_mm": 600.0, "diameter_source": "legend_colour", "diameter_candidates_mm": null, "label_diameter_mm": 600.0, "label_agrees": true, "scheme": null, "flow_arrow": "end" }, "geometry": { "type": "LineString", "coordinates": [ [ 88.377737032298171, 22.479807353501688 ], [ 88.377770076160544, 22.479905705051603 ], [ 88.37778788791617, 22.479960604284308 ], [ 88.377820998983665, 22.480065836325018 ], [ 88.377849107294153, 22.480164229283922 ] ] } },
{ "type": "Feature", "properties": { "ward": 101, "source_sheet": "101_baghajatin.pdf p1", "source": "KMC ward sewerage network map (ArcMap GeoPDF)", "extraction_method": "geopdf_vector", "georef_max_residual_m": 0.1, "conduit_type": "pipe", "pipe_diameter_mm": 225.0, "diameter_source": "legend_colour", "diameter_candidates_mm": null, "label_diameter_mm": 225.0, "label_agrees": true, "scheme": null, "flow_arrow": "end" }, "geometry": { "type": "LineString", "coordinates": [ [ 88.378048082253343, 22.481080037112985 ], [ 88.378034803094934, 22.480983813454984 ], [ 88.378120327117671, 22.480895934906865 ], [ 88.378102291279262, 22.480818100648669 ], [ 88.378073869303833, 22.480687598604757 ] ] } },
{ "type": "Feature", "properties": { "ward": 101, "source_sheet": "101_baghajatin.pdf p1", "source": "KMC ward sewerage network map (ArcMap GeoPDF)", "extraction_method": "geopdf_vector", "georef_max_residual_m": 0.1, "conduit_type": "pipe", "pipe_diameter_mm": 450.0, "diameter_source": "legend_colour", "diameter_candidates_mm": null, "label_diameter_mm": 450.0, "label_agrees": true, "scheme": null, "flow_arrow": "end" }, "geometry": { "type": "LineString", "coordinates": [ [ 88.377013820997036, 22.482836514657134 ], [ 88.377051666785022, 22.4829210638805 ], [ 88.377104588175825, 22.483033010866624 ], [ 88.377167627391103, 22.483170103638809 ], [ 88.377245764827833, 22.483336887700105 ], [ 88.377311406359283, 22.483487720792734 ], [ 88.377336644552329, 22.483544851274676 ] ] } },
{ "type": "Feature", "properties": { "ward": 101, "source_sheet": "101_baghajatin.pdf p1", "source": "KMC ward sewerage network map (ArcMap GeoPDF)", "extraction_method": "geopdf_vector", "georef_max_residual_m": 0.1, "conduit_type": "pipe", "pipe_diameter_mm": 225.0, "diameter_source": "legend_colour", "diameter_candidates_mm": null, "label_diameter_mm": 300.0, "label_agrees": false, "scheme": null, "flow_arrow": "end" }, "geometry": { "type": "LineString", "coordinates": [ [ 88.377490383314509, 22.483112346199594 ], [ 88.377465189893343, 22.483059802582133 ], [ 88.377439929374887, 22.483000378549761 ], [ 88.377414758367905, 22.482950128487225 ], [ 88.377387097118444, 22.482897605662572 ], [ 88.377309116386058, 22.482746876234483 ], [ 88.377299043504408, 22.482726317467538 ] ] } },
{ "type": "Feature", "properties": { "ward": 101, "source_sheet": "101_baghajatin.pdf p1", "source": "KMC ward sewerage network map (ArcMap GeoPDF)", "extraction_method": "geopdf_vector", "georef_max_residual_m": 0.1, "conduit_type": "pipe", "pipe_diameter_mm": 225.0, "diameter_source": "legend_colour", "diameter_candidates_mm": null, "label_diameter_mm": 225.0, "label_agrees": true, "scheme": null, "flow_arrow": "end" }, "geometry": { "type": "LineString", "coordinates": [ [ 88.377828085851547, 22.481045185072674 ], [ 88.377802870349328, 22.480990348012448 ], [ 88.377767582169255, 22.480914952296359 ], [ 88.377742411468788, 22.480864702354975 ], [ 88.377727246344648, 22.48082813046129 ] ] } },
{ "type": "Feature", "properties": { "ward": 101, "source_sheet": "101_baghajatin.pdf p1", "source": "KMC ward sewerage network map (ArcMap GeoPDF)", "extraction_method": "geopdf_vector", "georef_max_residual_m": 0.1, "conduit_type": "pipe", "pipe_diameter_mm": 300.0, "diameter_source": "legend_colour", "diameter_candidates_mm": null, "label_diameter_mm": 300.0, "label_agrees": true, "scheme": null, "flow_arrow": "end" }, "geometry": { "type": "LineString", "coordinates": [ [ 88.377683175536134, 22.482888239339722 ], [ 88.377696007173014, 22.482938592945562 ], [ 88.377713908968971, 22.483002666121639 ], [ 88.3777344575944, 22.48308506662028 ], [ 88.3777473116495, 22.48313771368856 ], [ 88.377762678469892, 22.483194927069793 ], [ 88.37777806758055, 22.483254434014462 ], [ 88.37779341204957, 22.483309353825646 ], [ 88.377806243773506, 22.483359707416202 ], [ 88.377821610544771, 22.483416920788709 ] ] } },
{ "type": "Feature", "properties": { "ward": 101, "source_sheet": "101_baghajatin.pdf p1", "source": "KMC ward sewerage network map (ArcMap GeoPDF)", "extraction_method": "geopdf_vector", "georef_max_residual_m": 0.1, "conduit_type": "pipe", "pipe_diameter_mm": 375.0, "diameter_source": "legend_colour", "diameter_candidates_mm": null, "label_diameter_mm": 375.0, "label_agrees": true, "scheme": null, "flow_arrow": "end" }, "geometry": { "type": "LineString", "coordinates": [ [ 88.379536299684816, 22.479815176939525 ], [ 88.379412617315438, 22.479786398471152 ], [ 88.379259478001913, 22.479773923246835 ], [ 88.379155896629669, 22.47978167484079 ], [ 88.379069567574049, 22.479786987558391 ], [ 88.379015320240285, 22.479792030772892 ] ] } },
{ "type": "Feature", "properties": { "ward": 101, "source_sheet": "101_baghajatin.pdf p1", "source": "KMC ward sewerage network map (ArcMap GeoPDF)", "extraction_method": "geopdf_vector", "georef_max_residual_m": 0.1, "conduit_type": "pipe", "pipe_diameter_mm": 900.0, "diameter_source": "legend_colour", "diameter_candidates_mm": null, "label_diameter_mm": 900.0, "label_agrees": true, "scheme": null, "flow_arrow": "end" }, "geometry": { "type": "LineString", "coordinates": [ [ 88.381920205630493, 22.482820502798369 ], [ 88.381917356159917, 22.482781534091643 ], [ 88.38186128763293, 22.482096191991104 ], [ 88.381852380246798, 22.481942589632588 ], [ 88.382130956397091, 22.481910425676009 ], [ 88.382164630812639, 22.481820687998699 ], [ 88.382207323653873, 22.481643714043528 ], [ 88.38221290870645, 22.481457877908124 ], [ 88.382214074487578, 22.481324833911792 ], [ 88.382194689373506, 22.481109390086658 ] ] } },
{ "type": "Feature", "properties": { "ward": 101, "source_sheet": "101_baghajatin.pdf p1", "source": "KMC ward sewerage network map (ArcMap GeoPDF)", "extraction_method": "geopdf_vector", "georef_max_residual_m": 0.1, "conduit_type": "pipe", "pipe_diameter_mm": 225.0, "diameter_source": "legend_colour", "diameter_candidates_mm": null, "label_diameter_mm": 225.0, "label_agrees": true, "scheme": null, "flow_arrow": "end" }, "geometry": { "type": "LineString", "coordinates": [ [ 88.381278984496348, 22.482112562699381 ], [ 88.381446776735345, 22.482108856665306 ], [ 88.381594803541716, 22.48210302310989 ], [ 88.381649096406917, 22.482102566016522 ], [ 88.381705834803284, 22.482099794659636 ], [ 88.381757659896181, 22.482099358307252 ], [ 88.38186128763293, 22.482096191991104 ] ] } },
{ "type": "Feature", "properties": { "ward": 101, "source_sheet": "101_baghajatin.pdf p1", "source": "KMC ward sewerage network map (ArcMap GeoPDF)", "extraction_method": "geopdf_vector", "georef_max_residual_m": 0.1, "conduit_type": "pipe", "pipe_diameter_mm": 225.0, "diameter_source": "legend_colour", "diameter_candidates_mm": null, "label_diameter_mm": 225.0, "label_agrees": true, "scheme": null, "flow_arrow": "end" }, "geometry": { "type": "LineString", "coordinates": [ [ 88.381306467566006, 22.482399043054659 ], [ 88.381300926152008, 22.482337160051824 ], [ 88.381292669975664, 22.482250069117583 ], [ 88.381284660601366, 22.48218820688545 ], [ 88.381278984496348, 22.482112562699381 ], [ 88.381274834112403, 22.48194057071402 ] ] } },
{ "type": "Feature", "properties": { "ward": 101, "source_sheet": "101_baghajatin.pdf p1", "source": "KMC ward sewerage network map (ArcMap GeoPDF)", "extraction_method": "geopdf_vector", "georef_max_residual_m": 0.1, "conduit_type": "pipe", "pipe_diameter_mm": 300.0, "diameter_source": "legend_colour", "diameter_candidates_mm": null, "label_diameter_mm": 300.0, "label_agrees": true, "scheme": null, "flow_arrow": "end" }, "geometry": { "type": "LineString", "coordinates": [ [ 88.380246439463548, 22.481011102311896 ], [ 88.380027787587437, 22.481113863569643 ], [ 88.379602892399234, 22.481073855740132 ], [ 88.379398262839402, 22.481096218964257 ] ] } },
{ "type": "Feature", "properties": { "ward": 101, "source_sheet": "101_baghajatin.pdf p1", "source": "KMC ward sewerage network map (ArcMap GeoPDF)", "extraction_method": "geopdf_vector", "georef_max_residual_m": 0.1, "conduit_type": "pipe", "pipe_diameter_mm": 225.0, "diameter_source": "legend_colour", "diameter_candidates_mm": null, "label_diameter_mm": 225.0, "label_agrees": true, "scheme": null, "flow_arrow": "end" }, "geometry": { "type": "LineString", "coordinates": [ [ 88.380657948044444, 22.479681885586114 ], [ 88.38064035801213, 22.479902228293323 ] ] } },
{ "type": "Feature", "properties": { "ward": 101, "source_sheet": "101_baghajatin.pdf p1", "source": "KMC ward sewerage network map (ArcMap GeoPDF)", "extraction_method": "geopdf_vector", "georef_max_residual_m": 0.1, "conduit_type": "pipe", "pipe_diameter_mm": 300.0, "diameter_source": "legend_colour", "diameter_candidates_mm": null, "label_diameter_mm": 300.0, "label_agrees": true, "scheme": null, "flow_arrow": "end" }, "geometry": { "type": "LineString", "coordinates": [ [ 88.379498468938422, 22.480237534792813 ], [ 88.379511954058543, 22.480102093484192 ], [ 88.37952068281939, 22.479985041599917 ], [ 88.37953192421395, 22.479872556099824 ], [ 88.379536299684816, 22.479815176939525 ] ] } },
{ "type": "Feature", "properties": { "ward": 101, "source_sheet": "101_baghajatin.pdf p1", "source": "KMC ward sewerage network map (ArcMap GeoPDF)", "extraction_method": "geopdf_vector", "georef_max_residual_m": 0.1, "conduit_type": "pipe", "pipe_diameter_mm": 375.0, "diameter_source": "legend_colour", "diameter_candidates_mm": null, "label_diameter_mm": 375.0, "label_agrees": true, "scheme": null, "flow_arrow": "end" }, "geometry": { "type": "LineString", "coordinates": [ [ 88.379966973082674, 22.480446909800929 ], [ 88.380048344383013, 22.480439344523653 ], [ 88.380272737888646, 22.480419107956543 ] ] } },
{ "type": "Feature", "properties": { "ward": 101, "source_sheet": "101_baghajatin.pdf p1", "source": "KMC ward sewerage network map (ArcMap GeoPDF)", "extraction_method": "geopdf_vector", "georef_max_residual_m": 0.1, "conduit_type": "box_sewer", "pipe_diameter_mm": null, "diameter_source": null, "diameter_candidates_mm": null, "label_diameter_mm": null, "label_agrees": null, "scheme": null, "flow_arrow": "end" }, "geometry": { "type": "LineString", "coordinates": [ [ 88.380277806076236, 22.480685133868359 ], [ 88.380503545063135, 22.480802507313395 ], [ 88.380585409811886, 22.480845398805545 ], [ 88.380821065664989, 22.48096727576549 ], [ 88.381353423934897, 22.481143997519688 ], [ 88.38153398049657, 22.481183764220727 ], [ 88.381620556976188, 22.481203678562689 ], [ 88.381783793899274, 22.481239003284578 ], [ 88.381897359649145, 22.481242634451984 ], [ 88.381968612928446, 22.481209922800922 ], [ 88.382194689373506, 22.481109390086658 ], [ 88.382226524418684, 22.481083891277969 ], [ 88.382339910424562, 22.481069174126905 ], [ 88.382453273948158, 22.481052163336077 ], [ 88.382564057415834, 22.48102370573794 ], [ 88.382650229695727, 22.481002336573543 ], [ 88.382820218715224, 22.480971086230284 ], [ 88.382990207649271, 22.480939835807003 ], [ 88.383074316391884, 22.480959770257403 ], [ 88.38341931957261, 22.480906401053691 ], [ 88.383507892059114, 22.480878130052076 ], [ 88.383613514718377, 22.480826778427122 ], [ 88.383763356044156, 22.480754410530459 ], [ 88.383832140748808, 22.48072171889682 ], [ 88.383806091427033, 22.480582023273183 ], [ 88.38401552001406, 22.480545851827785 ], [ 88.384365412309677, 22.480487852114209 ], [ 88.384476239839131, 22.480463980265188 ], [ 88.384532887507632, 22.480452033902711 ], [ 88.384638801681334, 22.480430497049454 ], [ 88.384710211267617, 22.480413838672806 ], [ 88.385052429506402, 22.480328377927602 ], [ 88.385143446690293, 22.480297791768276 ], [ 88.385209852972011, 22.480274294350075 ], [ 88.385268878326329, 22.480253152861749 ], [ 88.385406671445764, 22.480210703254638 ], [ 88.385697289463394, 22.480148613682928 ], [ 88.385769081368338, 22.480170944384263 ], [ 88.385875512891346, 22.480202157235741 ], [ 88.385974540957761, 22.480233432636275 ], [ 88.386118124952631, 22.480278093749362 ], [ 88.386160213012957, 22.480291500357318 ], [ 88.386306264954072, 22.480336140451442 ], [ 88.386373098954266, 22.480356219104902 ], [ 88.386444891059057, 22.48037854949375 ], [ 88.386625605384353, 22.480434364894062 ], [ 88.386677587301477, 22.480449981510805 ], [ 88.386749379599266, 22.480472311757978 ], [ 88.386897899729163, 22.480516930441659 ], [ 88.38694245576437, 22.480530315981039 ], [ 88.387170036557549, 22.480583440998135 ], [ 88.387237118627183, 22.480628747639102 ], [ 88.387255204547657, 22.480711167638308 ], [ 88.387281144667156, 22.48083939493479 ], [ 88.387403927285646, 22.481278745323291 ], [ 88.387472452092837, 22.481470835807581 ], [ 88.38749020023846, 22.481518853181864 ], [ 88.387515690023108, 22.481601210530034 ], [ 88.387664921351742, 22.481466914685281 ], [ 88.387755442602, 22.481385870059068 ], [ 88.387833737305371, 22.481316397236103 ], [ 88.387924371076522, 22.481246820015837 ] ] } },
{ "type": "Feature", "properties": { "ward": 101, "source_sheet": "101_baghajatin.pdf p1", "source": "KMC ward sewerage network map (ArcMap GeoPDF)", "extraction_method": "geopdf_vector", "georef_max_residual_m": 0.1, "conduit_type": "pipe", "pipe_diameter_mm": 600.0, "diameter_source": "legend_colour", "diameter_candidates_mm": null, "label_diameter_mm": 600.0, "label_agrees": true, "scheme": null, "flow_arrow": "end" }, "geometry": { "type": "LineString", "coordinates": [ [ 88.383375127606811, 22.479670473357213 ], [ 88.38329359987749, 22.47966198583493 ], [ 88.383239240505233, 22.479655562943861 ], [ 88.383179945483164, 22.479649181536203 ], [ 88.382974892203407, 22.479627972657571 ], [ 88.382940410117868, 22.479635144379071 ], [ 88.382910886139342, 22.479644567874175 ], [ 88.382881317239978, 22.479649404432891 ], [ 88.382824692278689, 22.479663643671458 ], [ 88.382748369599867, 22.479682636351811 ], [ 88.382657262384626, 22.479704047112723 ], [ 88.382541544420093, 22.479732546302937 ], [ 88.382480073535007, 22.479756001056668 ], [ 88.382391568756816, 22.479791151966264 ], [ 88.382312890457143, 22.479821632658499 ], [ 88.382187009170863, 22.479820399206268 ], [ 88.382095363060785, 22.479786765607066 ], [ 88.381979353117529, 22.479785448765981 ], [ 88.381997996929755, 22.479925207140983 ], [ 88.382022047800987, 22.480113087408014 ], [ 88.382030506233789, 22.480220819793654 ], [ 88.382041701871572, 22.480356053467126 ], [ 88.382047378261376, 22.480431697529518 ], [ 88.382064497165018, 22.480667803765833 ], [ 88.382136715357618, 22.480733712623032 ], [ 88.382166598792892, 22.480760985285603 ], [ 88.382194689373506, 22.481109390086658 ] ] } },
{ "type": "Feature", "properties": { "ward": 101, "source_sheet": "101_baghajatin.pdf p1", "source": "KMC ward sewerage network map (ArcMap GeoPDF)", "extraction_method": "geopdf_vector", "georef_max_residual_m": 0.1, "conduit_type": "pipe", "pipe_diameter_mm": 225.0, "diameter_source": "legend_colour", "diameter_candidates_mm": null, "label_diameter_mm": 225.0, "label_agrees": true, "scheme": null, "flow_arrow": "end" }, "geometry": { "type": "LineString", "coordinates": [ [ 88.381928470594261, 22.479629906064961 ], [ 88.381968584047897, 22.479693791700861 ], [ 88.381979353117529, 22.479785448765981 ] ] } },
{ "type": "Feature", "properties": { "ward": 101, "source_sheet": "101_baghajatin.pdf p1", "source": "KMC ward sewerage network map (ArcMap GeoPDF)", "extraction_method": "geopdf_vector", "georef_max_residual_m": 0.1, "conduit_type": "pipe", "pipe_diameter_mm": 225.0, "diameter_source": "legend_colour", "diameter_candidates_mm": null, "label_diameter_mm": 225.0, "label_agrees": true, "scheme": null, "flow_arrow": "end" }, "geometry": { "type": "LineString", "coordinates": [ [ 88.38235415257401, 22.480507099350085 ], [ 88.382333489464685, 22.480413232012648 ], [ 88.382202761754669, 22.480421214132225 ], [ 88.382109051541391, 22.480428884405786 ], [ 88.382081905389114, 22.48042911301625 ], [ 88.382047378261376, 22.480431697529518 ] ] } },
{ "type": "Feature", "properties": { "ward": 101, "source_sheet": "101_baghajatin.pdf p1", "source": "KMC ward sewerage network map (ArcMap GeoPDF)", "extraction_method": "geopdf_vector", "georef_max_residual_m": 0.1, "conduit_type": "pipe", "pipe_diameter_mm": 300.0, "diameter_source": "legend_colour", "diameter_candidates_mm": null, "label_diameter_mm": null, "label_agrees": null, "scheme": null, "flow_arrow": "end" }, "geometry": { "type": "LineString", "coordinates": [ [ 88.382140473452239, 22.478595958748173 ], [ 88.382158870292756, 22.478710488514555 ], [ 88.382182315025744, 22.47883644423392 ], [ 88.382291773860672, 22.478924976381546 ], [ 88.382350441569443, 22.479119446212444 ], [ 88.382383533242276, 22.479222383697767 ], [ 88.382426922922917, 22.479368814644921 ] ] } },
{ "type": "Feature", "properties": { "ward": 101, "source_sheet": "101_baghajatin.pdf p1", "source": "KMC ward sewerage network map (ArcMap GeoPDF)", "extraction_method": "geopdf_vector", "georef_max_residual_m": 0.1, "conduit_type": "pipe", "pipe_diameter_mm": 500.0, "diameter_source": "legend_colour", "diameter_candidates_mm": null, "label_diameter_mm": 500.0, "label_agrees": true, "scheme": "KEIIP", "flow_arrow": "end" }, "geometry": { "type": "LineString", "coordinates": [ [ 88.381744823041686, 22.480787473868538 ], [ 88.381905008003272, 22.480763188193457 ], [ 88.381951829668708, 22.480755912869054 ], [ 88.382136715357618, 22.480733712623032 ] ] } },
{ "type": "Feature", "properties": { "ward": 101, "source_sheet": "101_baghajatin.pdf p1", "source": "KMC ward sewerage network map (ArcMap GeoPDF)", "extraction_method": "geopdf_vector", "georef_max_residual_m": 0.1, "conduit_type": "pipe", "pipe_diameter_mm": 300.0, "diameter_source": "legend_colour", "diameter_candidates_mm": null, "label_diameter_mm": 300.0, "label_agrees": true, "scheme": "KEIIP", "flow_arrow": "end" }, "geometry": { "type": "LineString", "coordinates": [ [ 88.38177289013737, 22.481133585233064 ], [ 88.381764297156153, 22.481012091849685 ], [ 88.381758755526903, 22.48095020876503 ], [ 88.381753236449015, 22.480890619240505 ], [ 88.381744823041686, 22.480787473868538 ] ] } },
{ "type": "Feature", "properties": { "ward": 101, "source_sheet": "101_baghajatin.pdf p1", "source": "KMC ward sewerage network map (ArcMap GeoPDF)", "extraction_method": "geopdf_vector", "georef_max_residual_m": 0.1, "conduit_type": "pipe", "pipe_diameter_mm": 300.0, "diameter_source": "legend_colour", "diameter_candidates_mm": null, "label_diameter_mm": 300.0, "label_agrees": true, "scheme": "KEIIP", "flow_arrow": "end" }, "geometry": { "type": "LineString", "coordinates": [ [ 88.38123629117743, 22.481028005047001 ], [ 88.381252332212611, 22.48090171687948 ], [ 88.381309137439175, 22.480905826181925 ], [ 88.381325268137786, 22.480788712067536 ], [ 88.381341510986204, 22.480683065380738 ], [ 88.381457297438132, 22.480661447593629 ], [ 88.381593005916258, 22.480658011448806 ], [ 88.381726426165017, 22.480672944080187 ], [ 88.381744823041686, 22.480787473868538 ] ] } },
{ "type": "Feature", "properties": { "ward": 101, "source_sheet": "101_baghajatin.pdf p1", "source": "KMC ward sewerage network map (ArcMap GeoPDF)", "extraction_method": "geopdf_vector", "georef_max_residual_m": 0.1, "conduit_type": "pipe", "pipe_diameter_mm": 225.0, "diameter_source": "legend_colour", "diameter_candidates_mm": null, "label_diameter_mm": 225.0, "label_agrees": true, "scheme": null, "flow_arrow": "end" }, "geometry": { "type": "LineString", "coordinates": [ [ 88.383134019570051, 22.481259740763111 ], [ 88.383052670514999, 22.481269601173882 ], [ 88.382981192867248, 22.481279378260254 ], [ 88.382936816596015, 22.481284339627013 ], [ 88.3829120258372, 22.48127308007253 ], [ 88.382712242644644, 22.481286231943216 ], [ 88.38260879520908, 22.481307746785298 ], [ 88.382465705055779, 22.481313539553884 ], [ 88.382406499153916, 22.481316332045665 ], [ 88.38233988977963, 22.481319186781704 ], [ 88.382248624384232, 22.481324542912514 ], [ 88.382214074487578, 22.481324833911792 ] ] } },
{ "type": "Feature", "properties": { "ward": 101, "source_sheet": "101_baghajatin.pdf p1", "source": "KMC ward sewerage network map (ArcMap GeoPDF)", "extraction_method": "geopdf_vector", "georef_max_residual_m": 0.1, "conduit_type": "pipe", "pipe_diameter_mm": 225.0, "diameter_source": "legend_colour", "diameter_candidates_mm": null, "label_diameter_mm": 225.0, "label_agrees": true, "scheme": null, "flow_arrow": "end" }, "geometry": { "type": "LineString", "coordinates": [ [ 88.380483282104308, 22.481506841832765 ], [ 88.380537372963957, 22.481485743632668 ], [ 88.380640977894643, 22.481480284655333 ], [ 88.380761857739657, 22.481474680270015 ], [ 88.380765963706693, 22.481389779026014 ], [ 88.380769688435336, 22.481265888266076 ], [ 88.380773435589006, 22.481144290971745 ], [ 88.380809152497648, 22.48101095613011 ], [ 88.380821065664989, 22.48096727576549 ] ] } },
{ "type": "Feature", "properties": { "ward": 101, "source_sheet": "101_baghajatin.pdf p1", "source": "KMC ward sewerage network map (ArcMap GeoPDF)", "extraction_method": "geopdf_vector", "georef_max_residual_m": 0.1, "conduit_type": "pipe", "pipe_diameter_mm": 300.0, "diameter_source": "legend_colour", "diameter_candidates_mm": null, "label_diameter_mm": 300.0, "label_agrees": true, "scheme": null, "flow_arrow": "end" }, "geometry": { "type": "LineString", "coordinates": [ [ 88.381453707661919, 22.480294486800382 ], [ 88.381520226838362, 22.480282458396015 ], [ 88.381584255725059, 22.480268157272981 ], [ 88.381658155951172, 22.480253772925895 ], [ 88.38173205616107, 22.48023938864123 ], [ 88.381700804098216, 22.480072212130963 ], [ 88.38167731464506, 22.479941669319921 ] ] } },
{ "type": "Feature", "properties": { "ward": 101, "source_sheet": "101_baghajatin.pdf p1", "source": "KMC ward sewerage network map (ArcMap GeoPDF)", "extraction_method": "geopdf_vector", "georef_max_residual_m": 0.1, "conduit_type": "pipe", "pipe_diameter_mm": 300.0, "diameter_source": "legend_colour", "diameter_candidates_mm": null, "label_diameter_mm": 300.0, "label_agrees": true, "scheme": null, "flow_arrow": "end" }, "geometry": { "type": "LineString", "coordinates": [ [ 88.380946634700479, 22.480684094861964 ], [ 88.380823242856408, 22.480685133085014 ], [ 88.380734400765277, 22.480685880546812 ], [ 88.380669114601361, 22.480824051449503 ], [ 88.380585409811886, 22.480845398805545 ] ] } },
{ "type": "Feature", "properties": { "ward": 101, "source_sheet": "101_baghajatin.pdf p1", "source": "KMC ward sewerage network map (ArcMap GeoPDF)", "extraction_method": "geopdf_vector", "georef_max_residual_m": 0.1, "conduit_type": "pipe", "pipe_diameter_mm": 300.0, "diameter_source": "legend_colour", "diameter_candidates_mm": null, "label_diameter_mm": 300.0, "label_agrees": true, "scheme": null, "flow_arrow": "end" }, "geometry": { "type": "LineString", "coordinates": [ [ 88.381332425116526, 22.480006502239924 ], [ 88.381311740348949, 22.479910341164832 ], [ 88.381296238037066, 22.479839367160089 ], [ 88.38125805419503, 22.479720416409208 ], [ 88.381246612757636, 22.479559954107838 ] ] } },
{ "type": "Feature", "properties": { "ward": 101, "source_sheet": "101_baghajatin.pdf p1", "source": "KMC ward sewerage network map (ArcMap GeoPDF)", "extraction_method": "geopdf_vector", "georef_max_residual_m": 0.1, "conduit_type": "pipe", "pipe_diameter_mm": 225.0, "diameter_source": "legend_colour", "diameter_candidates_mm": null, "label_diameter_mm": 225.0, "label_agrees": true, "scheme": null, "flow_arrow": "end" }, "geometry": { "type": "LineString", "coordinates": [ [ 88.379636879002604, 22.481268534008024 ], [ 88.37962384509855, 22.481197539073637 ], [ 88.379610744093554, 22.481119663635489 ], [ 88.379602892399234, 22.481073855740132 ] ] } },
{ "type": "Feature", "properties": { "ward": 101, "source_sheet": "101_baghajatin.pdf p1", "source": "KMC ward sewerage network map (ArcMap GeoPDF)", "extraction_method": "geopdf_vector", "georef_max_residual_m": 0.1, "conduit_type": "pipe", "pipe_diameter_mm": 300.0, "diameter_source": "legend_colour", "diameter_candidates_mm": null, "label_diameter_mm": 300.0, "label_agrees": true, "scheme": null, "flow_arrow": "end" }, "geometry": { "type": "LineString", "coordinates": [ [ 88.380543066929064, 22.482320600315354 ], [ 88.380542349389998, 22.482247208125738 ], [ 88.380539007122351, 22.482157782138497 ], [ 88.3805882522703, 22.482145899394837 ], [ 88.38058744501987, 22.482063333240987 ], [ 88.380586570502103, 22.481973886493698 ], [ 88.381005927121166, 22.481952008551513 ], [ 88.381173674324259, 22.481943715782318 ], [ 88.381274834112403, 22.48194057071402 ], [ 88.381281497266201, 22.481864822667564 ], [ 88.381271827879928, 22.481633241037649 ], [ 88.381285176714741, 22.481484038596996 ], [ 88.38131301859444, 22.48130260251391 ], [ 88.381353423934897, 22.481143997519688 ] ] } },
{ "type": "Feature", "properties": { "ward": 101, "source_sheet": "101_baghajatin.pdf p1", "source": "KMC ward sewerage network map (ArcMap GeoPDF)", "extraction_method": "geopdf_vector", "georef_max_residual_m": 0.1, "conduit_type": "pipe", "pipe_diameter_mm": 225.0, "diameter_source": "legend_colour", "diameter_candidates_mm": null, "label_diameter_mm": 225.0, "label_agrees": true, "scheme": null, "flow_arrow": "end" }, "geometry": { "type": "LineString", "coordinates": [ [ 88.382465705055779, 22.481313539553884 ], [ 88.382462541138182, 22.481242461764996 ], [ 88.382456056145941, 22.481084251638901 ], [ 88.382453273948158, 22.481052163336077 ] ] } },
{ "type": "Feature", "properties": { "ward": 101, "source_sheet": "101_baghajatin.pdf p1", "source": "KMC ward sewerage network map (ArcMap GeoPDF)", "extraction_method": "geopdf_vector", "georef_max_residual_m": 0.1, "conduit_type": "pipe", "pipe_diameter_mm": 300.0, "diameter_source": "legend_colour", "diameter_candidates_mm": null, "label_diameter_mm": 300.0, "label_agrees": true, "scheme": null, "flow_arrow": "end" }, "geometry": { "type": "LineString", "coordinates": [ [ 88.382258456049968, 22.482076791365728 ], [ 88.382259578609606, 22.482191466551185 ], [ 88.382263011890785, 22.482290066403174 ], [ 88.382281342140402, 22.482397715487714 ], [ 88.382299717328806, 22.482509951689163 ], [ 88.382307637368854, 22.482562639888005 ], [ 88.382367337678389, 22.482610304598204 ], [ 88.382371130322255, 22.48274560045525 ], [ 88.382374204457335, 22.482807504277428 ] ] } },
{ "type": "Feature", "properties": { "ward": 101, "source_sheet": "101_baghajatin.pdf p1", "source": "KMC ward sewerage network map (ArcMap GeoPDF)", "extraction_method": "geopdf_vector", "georef_max_residual_m": 0.1, "conduit_type": "pipe", "pipe_diameter_mm": 300.0, "diameter_source": "legend_colour", "diameter_candidates_mm": null, "label_diameter_mm": 300.0, "label_agrees": true, "scheme": null, "flow_arrow": "end" }, "geometry": { "type": "LineString", "coordinates": [ [ 88.38276660787966, 22.481797267312817 ], [ 88.382789941541759, 22.481911755326845 ], [ 88.38281069507785, 22.482014796613186 ], [ 88.382818547889983, 22.482060604291295 ], [ 88.38287831851774, 22.482367455346033 ] ] } },
{ "type": "Feature", "properties": { "ward": 101, "source_sheet": "101_baghajatin.pdf p1", "source": "KMC ward sewerage network map (ArcMap GeoPDF)", "extraction_method": "geopdf_vector", "georef_max_residual_m": 0.1, "conduit_type": "pipe", "pipe_diameter_mm": 225.0, "diameter_source": "legend_colour", "diameter_candidates_mm": null, "label_diameter_mm": 225.0, "label_agrees": true, "scheme": null, "flow_arrow": "end" }, "geometry": { "type": "LineString", "coordinates": [ [ 88.382367337678389, 22.482610304598204 ], [ 88.382509957699867, 22.482556348126671 ], [ 88.382638264310927, 22.482552973479375 ], [ 88.382818373788311, 22.482546868467221 ], [ 88.382889941945109, 22.482546265375806 ] ] } },
{ "type": "Feature", "properties": { "ward": 101, "source_sheet": "101_baghajatin.pdf p1", "source": "KMC ward sewerage network map (ArcMap GeoPDF)", "extraction_method": "geopdf_vector", "georef_max_residual_m": 0.1, "conduit_type": "pipe", "pipe_diameter_mm": 225.0, "diameter_source": "legend_colour", "diameter_candidates_mm": null, "label_diameter_mm": 225.0, "label_agrees": true, "scheme": null, "flow_arrow": "end" }, "geometry": { "type": "LineString", "coordinates": [ [ 88.383297106636078, 22.481783621627073 ], [ 88.383406164108209, 22.4818308699002 ], [ 88.383422207048412, 22.481956887721235 ], [ 88.38343827259726, 22.482085199000792 ], [ 88.383451667970419, 22.482192889615888 ], [ 88.383472871473344, 22.482341800836348 ], [ 88.383196650553757, 22.482362478822921 ], [ 88.382989349908598, 22.482364226002403 ], [ 88.38287831851774, 22.482367455346033 ] ] } },
{ "type": "Feature", "properties": { "ward": 101, "source_sheet": "101_baghajatin.pdf p1", "source": "KMC ward sewerage network map (ArcMap GeoPDF)", "extraction_method": "geopdf_vector", "georef_max_residual_m": 0.1, "conduit_type": "pipe", "pipe_diameter_mm": 1200.0, "diameter_source": "legend_colour", "diameter_candidates_mm": null, "label_diameter_mm": 1200.0, "label_agrees": true, "scheme": null, "flow_arrow": "end" }, "geometry": { "type": "LineString", "coordinates": [ [ 88.384791661341936, 22.482679318214736 ], [ 88.384738795151705, 22.482321948579042 ], [ 88.384647394327516, 22.482313545030891 ], [ 88.384585630260474, 22.482307185121932 ], [ 88.384518908068273, 22.48229857336819 ], [ 88.384430216691015, 22.482063071358485 ], [ 88.384401068966838, 22.481859178783516 ], [ 88.384366805842859, 22.481636979739704 ], [ 88.384358997528125, 22.481595759181946 ], [ 88.384319326679687, 22.481325438248632 ], [ 88.384636734051043, 22.481226425376153 ], [ 88.384611937266712, 22.480962860173371 ], [ 88.384600896477181, 22.480843681348347 ], [ 88.384597978866125, 22.480797832133604 ], [ 88.384489214190182, 22.480780400242356 ], [ 88.384365412309677, 22.480487852114209 ] ] } },
{ "type": "Feature", "properties": { "ward": 101, "source_sheet": "101_baghajatin.pdf p1", "source": "KMC ward sewerage network map (ArcMap GeoPDF)", "extraction_method": "geopdf_vector", "georef_max_residual_m": 0.1, "conduit_type": "pipe", "pipe_diameter_mm": 300.0, "diameter_source": "legend_colour", "diameter_candidates_mm": null, "label_diameter_mm": 300.0, "label_agrees": true, "scheme": null, "flow_arrow": "end" }, "geometry": { "type": "LineString", "coordinates": [ [ 88.385234093852446, 22.481487452268684 ], [ 88.385211050778395, 22.481402780195094 ], [ 88.385197631665861, 22.48129279631792 ], [ 88.38518674782307, 22.48118967209146 ], [ 88.385173351257635, 22.481081981670396 ], [ 88.385157351781686, 22.480960551107703 ], [ 88.385131975996728, 22.480889660905778 ], [ 88.385116719084422, 22.480843915856678 ], [ 88.385101462182931, 22.480798170805375 ], [ 88.385083669857153, 22.480745566096655 ], [ 88.385065877647762, 22.480692961288526 ], [ 88.385038619001151, 22.480681722892264 ], [ 88.384974612856553, 22.480698318937542 ], [ 88.384905693501111, 22.480717250073759 ], [ 88.384597978866125, 22.480797832133604 ] ] } },
{ "type": "Feature", "properties": { "ward": 101, "source_sheet": "101_baghajatin.pdf p1", "source": "KMC ward sewerage network map (ArcMap GeoPDF)", "extraction_method": "geopdf_vector", "georef_max_residual_m": 0.1, "conduit_type": "pipe", "pipe_diameter_mm": 225.0, "diameter_source": "legend_colour", "diameter_candidates_mm": null, "label_diameter_mm": 225.0, "label_agrees": true, "scheme": null, "flow_arrow": "end" }, "geometry": { "type": "LineString", "coordinates": [ [ 88.384080687512537, 22.481403142930855 ], [ 88.384162036542932, 22.481393282096608 ], [ 88.384243385558506, 22.481383421126296 ], [ 88.384324734458303, 22.481373560211932 ] ] } },
{ "type": "Feature", "properties": { "ward": 101, "source_sheet": "101_baghajatin.pdf p1", "source": "KMC ward sewerage network map (ArcMap GeoPDF)", "extraction_method": "geopdf_vector", "georef_max_residual_m": 0.1, "conduit_type": "pipe", "pipe_diameter_mm": 450.0, "diameter_source": "legend_colour", "diameter_candidates_mm": null, "label_diameter_mm": 450.0, "label_agrees": true, "scheme": null, "flow_arrow": "end" }, "geometry": { "type": "LineString", "coordinates": [ [ 88.385234093852446, 22.481487452268684 ], [ 88.385290629349882, 22.481464038118762 ], [ 88.385356766130869, 22.481413018586402 ], [ 88.385499248617407, 22.481345298615135 ], [ 88.385570636036945, 22.481326346378072 ] ] } },
{ "type": "Feature", "properties": { "ward": 101, "source_sheet": "101_baghajatin.pdf p1", "source": "KMC ward sewerage network map (ArcMap GeoPDF)", "extraction_method": "geopdf_vector", "georef_max_residual_m": 0.1, "conduit_type": "pipe", "pipe_diameter_mm": 225.0, "diameter_source": "legend_colour", "diameter_candidates_mm": null, "label_diameter_mm": 225.0, "label_agrees": true, "scheme": null, "flow_arrow": "end" }, "geometry": { "type": "LineString", "coordinates": [ [ 88.385275604481706, 22.48169353403997 ], [ 88.38548245374983, 22.481645913957706 ], [ 88.385563712758923, 22.481626878277602 ], [ 88.385644994251422, 22.481610136211096 ], [ 88.385611651868743, 22.481481971011732 ], [ 88.385570636036945, 22.481326346378072 ] ] } },
{ "type": "Feature", "properties": { "ward": 101, "source_sheet": "101_baghajatin.pdf p1", "source": "KMC ward sewerage network map (ArcMap GeoPDF)", "extraction_method": "geopdf_vector", "georef_max_residual_m": 0.1, "conduit_type": "pipe", "pipe_diameter_mm": 450.0, "diameter_source": "legend_colour", "diameter_candidates_mm": null, "label_diameter_mm": 450.0, "label_agrees": true, "scheme": null, "flow_arrow": "end" }, "geometry": { "type": "LineString", "coordinates": [ [ 88.386631518894774, 22.482544509502798 ], [ 88.386568606130197, 22.482421181930697 ], [ 88.386473160756893, 22.482252255312424 ], [ 88.386350456709295, 22.482072090563797 ], [ 88.386317518974792, 22.481985208628231 ], [ 88.3862297930404, 22.481848328317433 ], [ 88.386209464831126, 22.481788864038037 ], [ 88.386178995017175, 22.481701961217276 ], [ 88.386217940287992, 22.48164658372691 ] ] } },
{ "type": "Feature", "properties": { "ward": 101, "source_sheet": "101_baghajatin.pdf p1", "source": "KMC ward sewerage network map (ArcMap GeoPDF)", "extraction_method": "geopdf_vector", "georef_max_residual_m": 0.1, "conduit_type": "pipe", "pipe_diameter_mm": 300.0, "diameter_source": "legend_colour", "diameter_candidates_mm": null, "label_diameter_mm": 300.0, "label_agrees": true, "scheme": null, "flow_arrow": "end" }, "geometry": { "type": "LineString", "coordinates": [ [ 88.385749537852433, 22.482203319199208 ], [ 88.385579458156855, 22.482225398534862 ], [ 88.385406933030595, 22.482249792086812 ], [ 88.385165352756829, 22.482279355771478 ] ] } },
{ "type": "Feature", "properties": { "ward": 101, "source_sheet": "101_baghajatin.pdf p1", "source": "KMC ward sewerage network map (ArcMap GeoPDF)", "extraction_method": "geopdf_vector", "georef_max_residual_m": 0.1, "conduit_type": "pipe", "pipe_diameter_mm": 450.0, "diameter_source": "legend_colour", "diameter_candidates_mm": null, "label_diameter_mm": 450.0, "label_agrees": true, "scheme": null, "flow_arrow": "end" }, "geometry": { "type": "LineString", "coordinates": [ [ 88.385392928468434, 22.482080177270586 ], [ 88.385466829150246, 22.482065791151452 ], [ 88.385555537014952, 22.482051280071893 ], [ 88.385693489334443, 22.482024884665467 ], [ 88.385769880323124, 22.482012771128655 ], [ 88.385838867700485, 22.482000720081086 ], [ 88.385917704012513, 22.481986292076371 ], [ 88.385981688094191, 22.481967402172959 ], [ 88.386023439072432, 22.481946406381812 ], [ 88.386070125661362, 22.481925368795768 ], [ 88.386173302598834, 22.481876329814739 ], [ 88.3862297930404, 22.481848328317433 ] ] } },
{ "type": "Feature", "properties": { "ward": 101, "source_sheet": "101_baghajatin.pdf p1", "source": "KMC ward sewerage network map (ArcMap GeoPDF)", "extraction_method": "geopdf_vector", "georef_max_residual_m": 0.1, "conduit_type": "pipe", "pipe_diameter_mm": 225.0, "diameter_source": "legend_colour", "diameter_candidates_mm": null, "label_diameter_mm": null, "label_agrees": null, "scheme": null, "flow_arrow": "end" }, "geometry": { "type": "LineString", "coordinates": [ [ 88.384125124143964, 22.482159686377333 ], [ 88.384104549468631, 22.482074993308576 ], [ 88.384078904201601, 22.481976580890642 ], [ 88.384093126788358, 22.481916824989955 ] ] } },
{ "type": "Feature", "properties": { "ward": 101, "source_sheet": "101_baghajatin.pdf p1", "source": "KMC ward sewerage network map (ArcMap GeoPDF)", "extraction_method": "geopdf_vector", "georef_max_residual_m": 0.1, "conduit_type": "pipe", "pipe_diameter_mm": 300.0, "diameter_source": "legend_colour", "diameter_candidates_mm": null, "label_diameter_mm": 300.0, "label_agrees": true, "scheme": null, "flow_arrow": "end" }, "geometry": { "type": "LineString", "coordinates": [ [ 88.384093126788358, 22.481916824989955 ], [ 88.384046215064998, 22.481914926902263 ], [ 88.383972156923122, 22.481913257839675 ], [ 88.383939917420761, 22.481897473869115 ], [ 88.383927263498322, 22.481865468861191 ], [ 88.383911692054738, 22.481787614716229 ], [ 88.383878059093178, 22.481629633571277 ], [ 88.383849564122499, 22.481492252447126 ], [ 88.383820372458132, 22.481283772584682 ], [ 88.383817589941444, 22.481251684417785 ] ] } },
{ "type": "Feature", "properties": { "ward": 101, "source_sheet": "101_baghajatin.pdf p1", "source": "KMC ward sewerage network map (ArcMap GeoPDF)", "extraction_method": "geopdf_vector", "georef_max_residual_m": 0.1, "conduit_type": "pipe", "pipe_diameter_mm": 500.0, "diameter_source": "legend_colour", "diameter_candidates_mm": null, "label_diameter_mm": 500.0, "label_agrees": true, "scheme": null, "flow_arrow": "end" }, "geometry": { "type": "LineString", "coordinates": [ [ 88.383817589941444, 22.481251684417785 ], [ 88.383997180597319, 22.481192827640619 ], [ 88.383963772400563, 22.48105778152437 ], [ 88.383942523697584, 22.480904283433691 ] ] } },
{ "type": "Feature", "properties": { "ward": 101, "source_sheet": "101_baghajatin.pdf p1", "source": "KMC ward sewerage network map (ArcMap GeoPDF)", "extraction_method": "geopdf_vector", "georef_max_residual_m": 0.1, "conduit_type": "pipe", "pipe_diameter_mm": 600.0, "diameter_source": "legend_colour", "diameter_candidates_mm": null, "label_diameter_mm": 600.0, "label_agrees": true, "scheme": null, "flow_arrow": "end" }, "geometry": { "type": "LineString", "coordinates": [ [ 88.383942523697584, 22.480904283433691 ], [ 88.384082763287395, 22.480859520537805 ], [ 88.384188677957241, 22.480837983961425 ], [ 88.384287211536275, 22.48081880332688 ], [ 88.384393148518626, 22.480799560179406 ], [ 88.384489214190182, 22.480780400242356 ] ] } },
{ "type": "Feature", "properties": { "ward": 101, "source_sheet": "101_baghajatin.pdf p1", "source": "KMC ward sewerage network map (ArcMap GeoPDF)", "extraction_method": "geopdf_vector", "georef_max_residual_m": 0.1, "conduit_type": "pipe", "pipe_diameter_mm": 300.0, "diameter_source": "legend_colour", "diameter_candidates_mm": null, "label_diameter_mm": 300.0, "label_agrees": true, "scheme": null, "flow_arrow": "end" }, "geometry": { "type": "LineString", "coordinates": [ [ 88.384284087971878, 22.47949307584469 ], [ 88.384304190159526, 22.479529605321574 ], [ 88.384338070365189, 22.479712814905856 ], [ 88.384336366951942, 22.479790814841273 ], [ 88.384332105778711, 22.479859661545017 ], [ 88.384320463697804, 22.479930864161087 ], [ 88.384308888952702, 22.480008947360602 ], [ 88.384307275561952, 22.480096121244944 ], [ 88.384315465857142, 22.480176331376359 ], [ 88.384333797409724, 22.480283980188023 ], [ 88.384349571120126, 22.4803824758616 ], [ 88.384365412309677, 22.480487852114209 ] ] } },
{ "type": "Feature", "properties": { "ward": 101, "source_sheet": "101_baghajatin.pdf p1", "source": "KMC ward sewerage network map (ArcMap GeoPDF)", "extraction_method": "geopdf_vector", "georef_max_residual_m": 0.1, "conduit_type": "pipe", "pipe_diameter_mm": 300.0, "diameter_source": "legend_colour", "diameter_candidates_mm": null, "label_diameter_mm": 300.0, "label_agrees": true, "scheme": null, "flow_arrow": "end" }, "geometry": { "type": "LineString", "coordinates": [ [ 88.386655911360293, 22.479750589121824 ], [ 88.386674559828975, 22.47989034662432 ], [ 88.386693140881576, 22.4800232237342 ], [ 88.38652057368914, 22.480043031317805 ], [ 88.386367703944359, 22.48005808491812 ], [ 88.386274016860852, 22.480068051147665 ] ] } },
{ "type": "Feature", "properties": { "ward": 101, "source_sheet": "101_baghajatin.pdf p1", "source": "KMC ward sewerage network map (ArcMap GeoPDF)", "extraction_method": "geopdf_vector", "georef_max_residual_m": 0.1, "conduit_type": "pipe", "pipe_diameter_mm": 450.0, "diameter_source": "legend_colour", "diameter_candidates_mm": null, "label_diameter_mm": 450.0, "label_agrees": true, "scheme": null, "flow_arrow": "end" }, "geometry": { "type": "LineString", "coordinates": [ [ 88.386912068520772, 22.479697963297447 ], [ 88.387123984996833, 22.4796640606186 ], [ 88.387212691015577, 22.479649548613974 ], [ 88.387289058007454, 22.479635140964753 ], [ 88.38733587882129, 22.479627864109339 ], [ 88.387382699629441, 22.479620587240557 ], [ 88.387431965719145, 22.4796109959379 ], [ 88.387478786617848, 22.479603719040863 ] ] } },
{ "type": "Feature", "properties": { "ward": 101, "source_sheet": "101_baghajatin.pdf p1", "source": "KMC ward sewerage network map (ArcMap GeoPDF)", "extraction_method": "geopdf_vector", "georef_max_residual_m": 0.1, "conduit_type": "pipe", "pipe_diameter_mm": 225.0, "diameter_source": "legend_colour", "diameter_candidates_mm": null, "label_diameter_mm": null, "label_agrees": null, "scheme": null, "flow_arrow": "end" }, "geometry": { "type": "LineString", "coordinates": [ [ 88.386307886832498, 22.479244330138215 ], [ 88.386318365996217, 22.479306171192171 ], [ 88.386333893281247, 22.479379438150183 ], [ 88.386341814589585, 22.479432126102591 ], [ 88.386360057398733, 22.479530600675616 ] ] } },
{ "type": "Feature", "properties": { "ward": 101, "source_sheet": "101_baghajatin.pdf p1", "source": "KMC ward sewerage network map (ArcMap GeoPDF)", "extraction_method": "geopdf_vector", "georef_max_residual_m": 0.1, "conduit_type": "pipe", "pipe_diameter_mm": 225.0, "diameter_source": "legend_colour", "diameter_candidates_mm": null, "label_diameter_mm": 400.0, "label_agrees": false, "scheme": null, "flow_arrow": "end" }, "geometry": { "type": "LineString", "coordinates": [ [ 88.384644765079372, 22.479276719885338 ], [ 88.384718664386952, 22.479262334175605 ], [ 88.384765462765642, 22.479252764602283 ], [ 88.384900899731505, 22.479221803797284 ], [ 88.385006813011941, 22.479200266748201 ], [ 88.385063752539097, 22.479218135730214 ] ] } },
{ "type": "Feature", "properties": { "ward": 101, "source_sheet": "101_baghajatin.pdf p1", "source": "KMC ward sewerage network map (ArcMap GeoPDF)", "extraction_method": "geopdf_vector", "georef_max_residual_m": 0.1, "conduit_type": "pipe", "pipe_diameter_mm": 600.0, "diameter_source": "legend_colour", "diameter_candidates_mm": null, "label_diameter_mm": 600.0, "label_agrees": true, "scheme": null, "flow_arrow": "end" }, "geometry": { "type": "LineString", "coordinates": [ [ 88.384308965253453, 22.478254272277276 ], [ 88.384238226153215, 22.478087429380228 ], [ 88.384197887308929, 22.478000609296902 ], [ 88.384119587766619, 22.477817774226509 ], [ 88.38408429714994, 22.477742379996389 ], [ 88.384051474260062, 22.477666964850926 ], [ 88.384018673884313, 22.477593843352498 ] ] } },
{ "type": "Feature", "properties": { "ward": 101, "source_sheet": "101_baghajatin.pdf p1", "source": "KMC ward sewerage network map (ArcMap GeoPDF)", "extraction_method": "geopdf_vector", "georef_max_residual_m": 0.1, "conduit_type": "pipe", "pipe_diameter_mm": 400.0, "diameter_source": "legend_colour", "diameter_candidates_mm": null, "label_diameter_mm": null, "label_agrees": null, "scheme": null, "flow_arrow": "end" }, "geometry": { "type": "LineString", "coordinates": [ [ 88.385215309897276, 22.478817754304792 ], [ 88.385175982618307, 22.478834142096677 ], [ 88.38505304250441, 22.47888105351252 ], [ 88.384971942436579, 22.478916143301589 ], [ 88.384984686359033, 22.478957322189927 ], [ 88.385017892368793, 22.479071726549684 ], [ 88.385063752539097, 22.479218135730214 ], [ 88.385084192300312, 22.479289067725059 ], [ 88.385102051789602, 22.479348552939303 ], [ 88.385127562205739, 22.479433204241552 ], [ 88.385148002036047, 22.479504136127673 ], [ 88.385160926042303, 22.47956366298774 ], [ 88.385179033067814, 22.479648376762896 ], [ 88.385197185112233, 22.479737677556233 ], [ 88.385215179803865, 22.479810923719352 ], [ 88.385223303100901, 22.479884253296532 ], [ 88.385231426511524, 22.479957582871361 ], [ 88.385241995265474, 22.480028598055313 ], [ 88.385247493276594, 22.480085893929846 ], [ 88.385258197043072, 22.480170670176243 ], [ 88.385263492685553, 22.480207324497467 ], [ 88.385268878326329, 22.480253152861749 ] ] } },
{ "type": "Feature", "properties": { "ward": 101, "source_sheet": "101_baghajatin.pdf p1", "source": "KMC ward sewerage network map (ArcMap GeoPDF)", "extraction_method": "geopdf_vector", "georef_max_residual_m": 0.1, "conduit_type": "pipe", "pipe_diameter_mm": 300.0, "diameter_source": "legend_colour", "diameter_candidates_mm": null, "label_diameter_mm": null, "label_agrees": null, "scheme": null, "flow_arrow": "end" }, "geometry": { "type": "LineString", "coordinates": [ [ 88.386158574878607, 22.479621756585569 ], [ 88.385956619386377, 22.479664748681444 ], [ 88.385863022553195, 22.479683888606907 ], [ 88.385806375437767, 22.47969583541564 ], [ 88.385722627249947, 22.479712598443328 ], [ 88.385668447830383, 22.479724524367843 ], [ 88.385614268400531, 22.479736450274604 ], [ 88.385555153411801, 22.479748417833189 ] ] } },
{ "type": "Feature", "properties": { "ward": 101, "source_sheet": "101_baghajatin.pdf p1", "source": "KMC ward sewerage network map (ArcMap GeoPDF)", "extraction_method": "geopdf_vector", "georef_max_residual_m": 0.1, "conduit_type": "pipe", "pipe_diameter_mm": 225.0, "diameter_source": "legend_colour", "diameter_candidates_mm": null, "label_diameter_mm": 225.0, "label_agrees": true, "scheme": null, "flow_arrow": "end" }, "geometry": { "type": "LineString", "coordinates": [ [ 88.387447988819957, 22.480237037773382 ], [ 88.387388806114799, 22.480242125528822 ], [ 88.387324665308427, 22.480244961430735 ], [ 88.387228555429161, 22.480259536002919 ], [ 88.387056055640542, 22.480286224745413 ], [ 88.386908188962934, 22.480308117631111 ], [ 88.386802207644948, 22.480322775474249 ], [ 88.386706097639475, 22.480337349740207 ], [ 88.386553317683735, 22.480361577569681 ], [ 88.386444891059057, 22.48037854949375 ] ] } },
{ "type": "Feature", "properties": { "ward": 101, "source_sheet": "101_baghajatin.pdf p1", "source": "KMC ward sewerage network map (ArcMap GeoPDF)", "extraction_method": "geopdf_vector", "georef_max_residual_m": 0.1, "conduit_type": "pipe", "pipe_diameter_mm": 375.0, "diameter_source": "legend_colour", "diameter_candidates_mm": null, "label_diameter_mm": 375.0, "label_agrees": true, "scheme": null, "flow_arrow": "end" }, "geometry": { "type": "LineString", "coordinates": [ [ 88.385555153411801, 22.479748417833189 ], [ 88.385562961839014, 22.479789638330381 ], [ 88.385576178597773, 22.479878980736078 ], [ 88.385594488458281, 22.479984335899005 ], [ 88.385615626250498, 22.480126366294524 ], [ 88.385697289463394, 22.480148613682928 ] ] } },
{ "type": "Feature", "properties": { "ward": 101, "source_sheet": "101_baghajatin.pdf p1", "source": "KMC ward sewerage network map (ArcMap GeoPDF)", "extraction_method": "geopdf_vector", "georef_max_residual_m": 0.1, "conduit_type": "pipe", "pipe_diameter_mm": 225.0, "diameter_source": "legend_colour", "diameter_candidates_mm": null, "label_diameter_mm": 225.0, "label_agrees": true, "scheme": null, "flow_arrow": "end" }, "geometry": { "type": "LineString", "coordinates": [ [ 88.382836003369604, 22.480062650991112 ], [ 88.382802776384779, 22.479945952555852 ], [ 88.382785029955599, 22.479897934565479 ], [ 88.382771927361503, 22.479820059454951 ], [ 88.382761494620837, 22.479762805028091 ], [ 88.382753597190444, 22.479712410299253 ], [ 88.382748369599867, 22.479682636351811 ] ] } },
{ "type": "Feature", "properties": { "ward": 101, "source_sheet": "101_baghajatin.pdf p1", "source": "KMC ward sewerage network map (ArcMap GeoPDF)", "extraction_method": "geopdf_vector", "georef_max_residual_m": 0.1, "conduit_type": "pipe", "pipe_diameter_mm": 225.0, "diameter_source": "legend_colour", "diameter_candidates_mm": null, "label_diameter_mm": 225.0, "label_agrees": true, "scheme": null, "flow_arrow": "end" }, "geometry": { "type": "LineString", "coordinates": [ [ 88.383134019570051, 22.481259740763111 ], [ 88.383112839124124, 22.481113123012619 ], [ 88.383074316391884, 22.480959770257403 ] ] } },
{ "type": "Feature", "properties": { "ward": 101, "source_sheet": "101_baghajatin.pdf p1", "source": "KMC ward sewerage network map (ArcMap GeoPDF)", "extraction_method": "geopdf_vector", "georef_max_residual_m": 0.1, "conduit_type": "pipe", "pipe_diameter_mm": 225.0, "diameter_source": "legend_colour", "diameter_candidates_mm": null, "label_diameter_mm": 225.0, "label_agrees": true, "scheme": null, "flow_arrow": "end" }, "geometry": { "type": "LineString", "coordinates": [ [ 88.382820218715224, 22.480971086230284 ], [ 88.382788830494817, 22.480790149035716 ], [ 88.382948857989504, 22.480749807788808 ], [ 88.383096591186188, 22.480714157404883 ], [ 88.383266467399977, 22.480671439192317 ], [ 88.383253476769994, 22.480605031661316 ], [ 88.383217107387296, 22.480419549047124 ] ] } },
{ "type": "Feature", "properties": { "ward": 101, "source_sheet": "101_baghajatin.pdf p1", "source": "KMC ward sewerage network map (ArcMap GeoPDF)", "extraction_method": "geopdf_vector", "georef_max_residual_m": 0.1, "conduit_type": "pipe", "pipe_diameter_mm": 375.0, "diameter_source": "legend_colour", "diameter_candidates_mm": null, "label_diameter_mm": 375.0, "label_agrees": true, "scheme": null, "flow_arrow": "end" }, "geometry": { "type": "LineString", "coordinates": [ [ 88.383313060669394, 22.48038892229938 ], [ 88.383354968798272, 22.480383981645645 ], [ 88.383399367334064, 22.480381313737979 ], [ 88.383451146709604, 22.480376289849019 ], [ 88.383532495207191, 22.480366429359329 ], [ 88.38364839322314, 22.480356277447285 ], [ 88.383759333170318, 22.480343873603889 ], [ 88.383944262860538, 22.480326258349518 ], [ 88.383961627633056, 22.480335286719725 ], [ 88.383995057988159, 22.480472626322136 ], [ 88.38401552001406, 22.480545851827785 ] ] } },
{ "type": "Feature", "properties": { "ward": 101, "source_sheet": "101_baghajatin.pdf p1", "source": "KMC ward sewerage network map (ArcMap GeoPDF)", "extraction_method": "geopdf_vector", "georef_max_residual_m": 0.1, "conduit_type": "pipe", "pipe_diameter_mm": 300.0, "diameter_source": "legend_colour", "diameter_candidates_mm": null, "label_diameter_mm": 300.0, "label_agrees": true, "scheme": null, "flow_arrow": "end" }, "geometry": { "type": "LineString", "coordinates": [ [ 88.382473639357627, 22.480359296554486 ], [ 88.382661329184529, 22.48037147750459 ], [ 88.382699267291628, 22.480465199246574 ], [ 88.382727019784639, 22.48052689515141 ], [ 88.38286494882783, 22.480498208649617 ], [ 88.382960992096812, 22.48047675615744 ], [ 88.383054567594073, 22.480455324310608 ], [ 88.383138294059592, 22.480436269167928 ], [ 88.383217107387296, 22.480419549047124 ], [ 88.383313060669394, 22.48038892229938 ] ] } },
{ "type": "Feature", "properties": { "ward": 101, "source_sheet": "101_baghajatin.pdf p1", "source": "KMC ward sewerage network map (ArcMap GeoPDF)", "extraction_method": "geopdf_vector", "georef_max_residual_m": 0.1, "conduit_type": "pipe", "pipe_diameter_mm": 225.0, "diameter_source": "legend_colour", "diameter_candidates_mm": null, "label_diameter_mm": null, "label_agrees": null, "scheme": null, "flow_arrow": "end" }, "geometry": { "type": "LineString", "coordinates": [ [ 88.386431277497152, 22.480500230077809 ], [ 88.386447075335141, 22.480601019023961 ], [ 88.386465566126901, 22.480724722021865 ] ] } },
{ "type": "Feature", "properties": { "ward": 101, "source_sheet": "101_baghajatin.pdf p1", "source": "KMC ward sewerage network map (ArcMap GeoPDF)", "extraction_method": "geopdf_vector", "georef_max_residual_m": 0.1, "conduit_type": "pipe", "pipe_diameter_mm": 300.0, "diameter_source": "legend_colour", "diameter_candidates_mm": null, "label_diameter_mm": 300.0, "label_agrees": true, "scheme": null, "flow_arrow": "end" }, "geometry": { "type": "LineString", "coordinates": [ [ 88.386274016860852, 22.480068051147665 ], [ 88.386276777387067, 22.480097845787178 ], [ 88.386282050674296, 22.480132206600572 ], [ 88.386290197176749, 22.480207829553084 ], [ 88.386306264954072, 22.480336140451442 ] ] } },
{ "type": "Feature", "properties": { "ward": 101, "source_sheet": "101_baghajatin.pdf p1", "source": "KMC ward sewerage network map (ArcMap GeoPDF)", "extraction_method": "geopdf_vector", "georef_max_residual_m": 0.1, "conduit_type": "pipe", "pipe_diameter_mm": 225.0, "diameter_source": "legend_colour", "diameter_candidates_mm": null, "label_diameter_mm": 225.0, "label_agrees": true, "scheme": null, "flow_arrow": "end" }, "geometry": { "type": "LineString", "coordinates": [ [ 88.386290197176749, 22.480207829553084 ], [ 88.386472613430541, 22.480185645248863 ], [ 88.38657370406932, 22.480175616442981 ], [ 88.386672304335718, 22.480163314869763 ], [ 88.386680113121074, 22.480204535292895 ], [ 88.386706097639475, 22.480337349740207 ] ] } },
{ "type": "Feature", "properties": { "ward": 101, "source_sheet": "101_baghajatin.pdf p1", "source": "KMC ward sewerage network map (ArcMap GeoPDF)", "extraction_method": "geopdf_vector", "georef_max_residual_m": 0.1, "conduit_type": "pipe", "pipe_diameter_mm": 225.0, "diameter_source": "legend_colour", "diameter_candidates_mm": null, "label_diameter_mm": 225.0, "label_agrees": true, "scheme": null, "flow_arrow": "end" }, "geometry": { "type": "LineString", "coordinates": [ [ 88.38718474613836, 22.479317199857807 ], [ 88.387201332867676, 22.479498261116696 ], [ 88.387212691015577, 22.479649548613974 ] ] } },
{ "type": "Feature", "properties": { "ward": 101, "source_sheet": "101_baghajatin.pdf p1", "source": "KMC ward sewerage network map (ArcMap GeoPDF)", "extraction_method": "geopdf_vector", "georef_max_residual_m": 0.1, "conduit_type": "pipe", "pipe_diameter_mm": 300.0, "diameter_source": "legend_colour", "diameter_candidates_mm": null, "label_diameter_mm": 300.0, "label_agrees": true, "scheme": null, "flow_arrow": "end" }, "geometry": { "type": "LineString", "coordinates": [ [ 88.38685295650042, 22.479207613171678 ], [ 88.38686141856158, 22.479315345129727 ], [ 88.386867435242991, 22.479425391402941 ], [ 88.386880450064979, 22.479494092127073 ], [ 88.386891042027273, 22.47956740072431 ], [ 88.386901634104817, 22.479640709223194 ], [ 88.386912068520772, 22.479697963297447 ] ] } },
{ "type": "Feature", "properties": { "ward": 101, "source_sheet": "101_baghajatin.pdf p1", "source": "KMC ward sewerage network map (ArcMap GeoPDF)", "extraction_method": "geopdf_vector", "georef_max_residual_m": 0.1, "conduit_type": "pipe", "pipe_diameter_mm": 300.0, "diameter_source": "legend_colour", "diameter_candidates_mm": null, "label_diameter_mm": 300.0, "label_agrees": true, "scheme": null, "flow_arrow": "end" }, "geometry": { "type": "LineString", "coordinates": [ [ 88.385727375079526, 22.479441902822781 ], [ 88.385596783653369, 22.479463648705217 ], [ 88.385508122534219, 22.479482746749447 ], [ 88.385212637630929, 22.479551758064375 ], [ 88.385160926042303, 22.47956366298774 ] ] } },
{ "type": "Feature", "properties": { "ward": 101, "source_sheet": "101_baghajatin.pdf p1", "source": "KMC ward sewerage network map (ArcMap GeoPDF)", "extraction_method": "geopdf_vector", "georef_max_residual_m": 0.1, "conduit_type": "pipe", "pipe_diameter_mm": 300.0, "diameter_source": "legend_colour", "diameter_candidates_mm": null, "label_diameter_mm": 300.0, "label_agrees": true, "scheme": null, "flow_arrow": "end" }, "geometry": { "type": "LineString", "coordinates": [ [ 88.386533767355473, 22.478873137748501 ], [ 88.386483082871621, 22.478738238155984 ], [ 88.386455239089315, 22.478667369005493 ], [ 88.38642490501644, 22.478594227137648 ], [ 88.386389477764894, 22.478505072431421 ], [ 88.386514862329221, 22.478455845722387 ], [ 88.386652540765169, 22.478401927646392 ], [ 88.386711339786345, 22.478357850672342 ], [ 88.386740502866814, 22.478311730441913 ], [ 88.386759907340789, 22.478277161118658 ] ] } },
{ "type": "Feature", "properties": { "ward": 101, "source_sheet": "101_baghajatin.pdf p1", "source": "KMC ward sewerage network map (ArcMap GeoPDF)", "extraction_method": "geopdf_vector", "georef_max_residual_m": 0.1, "conduit_type": "pipe", "pipe_diameter_mm": 300.0, "diameter_source": "legend_colour", "diameter_candidates_mm": null, "label_diameter_mm": 300.0, "label_agrees": true, "scheme": null, "flow_arrow": "end" }, "geometry": { "type": "LineString", "coordinates": [ [ 88.385212437158231, 22.478776492120765 ], [ 88.385159488620658, 22.478662254428116 ], [ 88.385147682945586, 22.478465096612595 ], [ 88.385144472821892, 22.478389431894694 ], [ 88.385230957959337, 22.47840017031956 ], [ 88.38529507561536, 22.478395041826573 ], [ 88.38550957094715, 22.478372587928163 ], [ 88.385723683626239, 22.478311144299877 ], [ 88.385871345892994, 22.47826861104345 ], [ 88.386019008061439, 22.47822607756051 ] ] } },
{ "type": "Feature", "properties": { "ward": 101, "source_sheet": "101_baghajatin.pdf p1", "source": "KMC ward sewerage network map (ArcMap GeoPDF)", "extraction_method": "geopdf_vector", "georef_max_residual_m": 0.1, "conduit_type": "pipe", "pipe_diameter_mm": 300.0, "diameter_source": "legend_colour", "diameter_candidates_mm": null, "label_diameter_mm": 300.0, "label_agrees": true, "scheme": null, "flow_arrow": "end" }, "geometry": { "type": "LineString", "coordinates": [ [ 88.38287177774356, 22.479179277723702 ], [ 88.382992385889779, 22.479146149798996 ], [ 88.382974302620255, 22.479063729169233 ], [ 88.38295861991611, 22.4789744073428 ], [ 88.382940491880618, 22.478887399773047 ], [ 88.382914556186989, 22.478759171432262 ], [ 88.382896405654364, 22.478669870387524 ], [ 88.382886040452107, 22.478619496451362 ], [ 88.382875630241628, 22.478564535582926 ], [ 88.38286528751361, 22.478516455109943 ], [ 88.383087029805736, 22.478477887576524 ], [ 88.383168332210147, 22.478463440201399 ], [ 88.383358037987634, 22.478429729692273 ], [ 88.383478577955856, 22.478389720852018 ], [ 88.383695181987534, 22.478330552535223 ], [ 88.383823349891514, 22.478313416062374 ], [ 88.383966189615506, 22.47828239365257 ], [ 88.384091799721034, 22.478256103824727 ], [ 88.384239552433428, 22.478222745995197 ], [ 88.384308965253453, 22.478254272277276 ] ] } },
{ "type": "Feature", "properties": { "ward": 101, "source_sheet": "101_baghajatin.pdf p1", "source": "KMC ward sewerage network map (ArcMap GeoPDF)", "extraction_method": "geopdf_vector", "georef_max_residual_m": 0.1, "conduit_type": "pipe", "pipe_diameter_mm": 225.0, "diameter_source": "legend_colour", "diameter_candidates_mm": null, "label_diameter_mm": 225.0, "label_agrees": true, "scheme": null, "flow_arrow": "end" }, "geometry": { "type": "LineString", "coordinates": [ [ 88.382926999706143, 22.478013616336284 ], [ 88.382940169531693, 22.478098372044368 ], [ 88.382945486915148, 22.478137319951585 ] ] } },
{ "type": "Feature", "properties": { "ward": 101, "source_sheet": "101_baghajatin.pdf p1", "source": "KMC ward sewerage network map (ArcMap GeoPDF)", "extraction_method": "geopdf_vector", "georef_max_residual_m": 0.1, "conduit_type": "pipe", "pipe_diameter_mm": 450.0, "diameter_source": "legend_colour", "diameter_candidates_mm": null, "label_diameter_mm": 450.0, "label_agrees": true, "scheme": null, "flow_arrow": "end" }, "geometry": { "type": "LineString", "coordinates": [ [ 88.37879076998189, 22.477520864584292 ], [ 88.378867293654338, 22.477522515514107 ], [ 88.378936413946008, 22.477524228507864 ], [ 88.379003066445463, 22.477525962300419 ], [ 88.379079612509742, 22.477529906503481 ], [ 88.379151200596425, 22.477531598766245 ], [ 88.379235127647291, 22.477533187219528 ], [ 88.379358561577931, 22.477536737386558 ], [ 88.379469634144172, 22.477538097594614 ], [ 88.379565922456422, 22.477541875740179 ], [ 88.379637510542636, 22.477543567786331 ], [ 88.379696759766816, 22.4775453634225 ] ] } },
{ "type": "Feature", "properties": { "ward": 101, "source_sheet": "101_baghajatin.pdf p1", "source": "KMC ward sewerage network map (ArcMap GeoPDF)", "extraction_method": "geopdf_vector", "georef_max_residual_m": 0.1, "conduit_type": "pipe", "pipe_diameter_mm": 500.0, "diameter_source": "legend_colour", "diameter_candidates_mm": null, "label_diameter_mm": 500.0, "label_agrees": true, "scheme": null, "flow_arrow": "end" }, "geometry": { "type": "LineString", "coordinates": [ [ 88.382897226570392, 22.477745505038804 ], [ 88.383084530948153, 22.477718696181675 ], [ 88.38322256956414, 22.477701477027395 ], [ 88.383348269182093, 22.477684361754932 ], [ 88.383434529141311, 22.477672166230846 ], [ 88.383518343862278, 22.477662285023747 ], [ 88.383597200416034, 22.477650151820288 ], [ 88.383727835505169, 22.477632994649596 ], [ 88.383883125877418, 22.477613335835144 ], [ 88.384018673884313, 22.477593843352498 ] ] } },
{ "type": "Feature", "properties": { "ward": 101, "source_sheet": "101_baghajatin.pdf p1", "source": "KMC ward sewerage network map (ArcMap GeoPDF)", "extraction_method": "geopdf_vector", "georef_max_residual_m": 0.1, "conduit_type": "pipe", "pipe_diameter_mm": 300.0, "diameter_source": "legend_colour", "diameter_candidates_mm": null, "label_diameter_mm": 300.0, "label_agrees": true, "scheme": "KEIIP", "flow_arrow": "end" }, "geometry": { "type": "LineString", "coordinates": [ [ 88.381126590648392, 22.478138873681804 ], [ 88.381060005161345, 22.4781440213781 ], [ 88.380902178568761, 22.478156817784328 ], [ 88.380830679877278, 22.47816430037977 ], [ 88.380741884238304, 22.478169634796725 ], [ 88.380677833675165, 22.478181642077239 ], [ 88.380606379792454, 22.478193711606345 ], [ 88.380384659478835, 22.478234569303908 ] ] } },
{ "type": "Feature", "properties": { "ward": 101, "source_sheet": "101_baghajatin.pdf p1", "source": "KMC ward sewerage network map (ArcMap GeoPDF)", "extraction_method": "geopdf_vector", "georef_max_residual_m": 0.1, "conduit_type": "pipe", "pipe_diameter_mm": 1500.0, "diameter_source": "legend_colour", "diameter_candidates_mm": null, "label_diameter_mm": 1500.0, "label_agrees": true, "scheme": null, "flow_arrow": "end" }, "geometry": { "type": "LineString", "coordinates": [ [ 88.376305197047998, 22.477488969423195 ], [ 88.376408285193435, 22.477430762578905 ], [ 88.376477494976527, 22.477441650710926 ], [ 88.376546704665969, 22.47745253881353 ], [ 88.376838394998074, 22.47750055376282 ], [ 88.376998286781799, 22.477446457488305 ], [ 88.377271316093825, 22.477352418928124 ], [ 88.377379540675051, 22.477314811700129 ], [ 88.377522202213015, 22.477265446822933 ], [ 88.377969749480499, 22.477098837865437 ], [ 88.378298954329438, 22.476944689939305 ], [ 88.378606015755153, 22.476797608321803 ], [ 88.378716662404329, 22.476755392471414 ], [ 88.379195678411918, 22.476778892687726 ], [ 88.379333963042583, 22.476786905531647 ], [ 88.37996360272038, 22.476818312383369 ], [ 88.380531503423612, 22.47684564872705 ], [ 88.380632749224773, 22.476851678215269 ], [ 88.381015455190237, 22.476869101897559 ], [ 88.381241974103034, 22.476814440912122 ], [ 88.381557130476963, 22.476738390284844 ], [ 88.381570927515014, 22.47663505798613 ] ] } },
{ "type": "Feature", "properties": { "ward": 101, "source_sheet": "101_baghajatin.pdf p1", "source": "KMC ward sewerage network map (ArcMap GeoPDF)", "extraction_method": "geopdf_vector", "georef_max_residual_m": 0.1, "conduit_type": "pipe", "pipe_diameter_mm": 300.0, "diameter_source": "legend_colour", "diameter_candidates_mm": null, "label_diameter_mm": 300.0, "label_agrees": true, "scheme": null, "flow_arrow": "end" }, "geometry": { "type": "LineString", "coordinates": [ [ 88.376291894469986, 22.47865657319301 ], [ 88.376346320211894, 22.478669878976785 ], [ 88.37643785261443, 22.478692048404788 ], [ 88.376524449306913, 22.478714259172346 ], [ 88.376618471830838, 22.478738701367014 ], [ 88.376692438967495, 22.47873119991592 ], [ 88.376802998448738, 22.478679811203868 ], [ 88.376958031258312, 22.478380330031602 ], [ 88.377023923925861, 22.478304085249771 ], [ 88.377144510608986, 22.478268668098845 ], [ 88.377277771632606, 22.478267549970603 ], [ 88.377408542575068, 22.478264158873792 ], [ 88.377583733838179, 22.478260394960945 ] ] } },
{ "type": "Feature", "properties": { "ward": 101, "source_sheet": "101_baghajatin.pdf p1", "source": "KMC ward sewerage network map (ArcMap GeoPDF)", "extraction_method": "geopdf_vector", "georef_max_residual_m": 0.1, "conduit_type": "pipe", "pipe_diameter_mm": 700.0, "diameter_source": "legend_colour", "diameter_candidates_mm": null, "label_diameter_mm": 700.0, "label_agrees": true, "scheme": null, "flow_arrow": "end" }, "geometry": { "type": "LineString", "coordinates": [ [ 88.378030673648226, 22.478284167635557 ], [ 88.378203262792056, 22.478266662657727 ], [ 88.378272316318728, 22.47826149541109 ], [ 88.378629833436307, 22.478226381217805 ], [ 88.378691752156314, 22.478248798095034 ], [ 88.378756138701689, 22.478271194217616 ], [ 88.378842757919088, 22.478295697204274 ], [ 88.379167947175844, 22.478235622677268 ], [ 88.37981341143599, 22.478117806753112 ], [ 88.379869610510994, 22.478059991910644 ] ] } },
{ "type": "Feature", "properties": { "ward": 101, "source_sheet": "101_baghajatin.pdf p1", "source": "KMC ward sewerage network map (ArcMap GeoPDF)", "extraction_method": "geopdf_vector", "georef_max_residual_m": 0.1, "conduit_type": "pipe", "pipe_diameter_mm": 450.0, "diameter_source": "legend_colour", "diameter_candidates_mm": null, "label_diameter_mm": 450.0, "label_agrees": true, "scheme": null, "flow_arrow": "end" }, "geometry": { "type": "LineString", "coordinates": [ [ 88.376115457093007, 22.47954571350644 ], [ 88.376327734507413, 22.479548521026949 ], [ 88.376502972085873, 22.479549345151447 ], [ 88.376628741557752, 22.479539115604389 ], [ 88.376749575342586, 22.479528927265065 ], [ 88.377210744722859, 22.479492946604513 ], [ 88.377269927597979, 22.479487862584438 ], [ 88.3773134239119, 22.479645762620134 ], [ 88.377359455171046, 22.479810522530983 ], [ 88.377382493213887, 22.479895195996825 ] ] } },
{ "type": "Feature", "properties": { "ward": 101, "source_sheet": "101_baghajatin.pdf p1", "source": "KMC ward sewerage network map (ArcMap GeoPDF)", "extraction_method": "geopdf_vector", "georef_max_residual_m": 0.1, "conduit_type": "pipe", "pipe_diameter_mm": 400.0, "diameter_source": "legend_colour", "diameter_candidates_mm": null, "label_diameter_mm": 400.0, "label_agrees": true, "scheme": null, "flow_arrow": "end" }, "geometry": { "type": "LineString", "coordinates": [ [ 88.377825573891755, 22.479269885298795 ], [ 88.377887179709901, 22.479260193304693 ], [ 88.37795372116868, 22.479250459946279 ], [ 88.378030111535935, 22.479238350116898 ], [ 88.378136093294714, 22.479223698035518 ], [ 88.378229735909301, 22.479209149594567 ], [ 88.378298722752021, 22.479197101807745 ], [ 88.378357905541833, 22.479192017395409 ], [ 88.378422001485319, 22.479184598041421 ], [ 88.378510775649787, 22.47917697139545 ], [ 88.378641457701718, 22.479164405283193 ], [ 88.378698217414097, 22.479163928511156 ], [ 88.378754977124899, 22.47916345171916 ], [ 88.378819117806643, 22.479160619148256 ], [ 88.378885748802134, 22.479160059383684 ], [ 88.378979525633284, 22.479159271521279 ] ] } },
{ "type": "Feature", "properties": { "ward": 101, "source_sheet": "101_baghajatin.pdf p1", "source": "KMC ward sewerage network map (ArcMap GeoPDF)", "extraction_method": "geopdf_vector", "georef_max_residual_m": 0.1, "conduit_type": "pipe", "pipe_diameter_mm": 600.0, "diameter_source": "legend_colour", "diameter_candidates_mm": null, "label_diameter_mm": 600.0, "label_agrees": true, "scheme": null, "flow_arrow": "end" }, "geometry": { "type": "LineString", "coordinates": [ [ 88.378979525633284, 22.479159271521279 ], [ 88.378978876213537, 22.47909275985425 ], [ 88.378978159614491, 22.479019367586886 ], [ 88.378960168290035, 22.478946120454577 ], [ 88.378944689692631, 22.478877439619374 ], [ 88.378924141125637, 22.478795039238108 ], [ 88.37888800198688, 22.478632490467945 ], [ 88.378870010873939, 22.478559243316404 ], [ 88.378768835964735, 22.478307786660658 ], [ 88.378756138701689, 22.478271194217616 ] ] } },
{ "type": "Feature", "properties": { "ward": 101, "source_sheet": "101_baghajatin.pdf p1", "source": "KMC ward sewerage network map (ArcMap GeoPDF)", "extraction_method": "geopdf_vector", "georef_max_residual_m": 0.1, "conduit_type": "pipe", "pipe_diameter_mm": 300.0, "diameter_source": "legend_colour", "diameter_candidates_mm": null, "label_diameter_mm": 300.0, "label_agrees": true, "scheme": null, "flow_arrow": "end" }, "geometry": { "type": "LineString", "coordinates": [ [ 88.379676203851062, 22.479736015251824 ], [ 88.379681949201199, 22.479566233563077 ], [ 88.379683946506674, 22.479518049210462 ], [ 88.379683475983938, 22.47946988550714 ], [ 88.379709904978512, 22.479396265068559 ], [ 88.379699047919473, 22.479295433799361 ], [ 88.379690524165468, 22.47918082068383 ], [ 88.379662571646278, 22.479098482658543 ], [ 88.37962288508669, 22.479078172960495 ], [ 88.379558654761453, 22.479071831782445 ], [ 88.379484553263723, 22.479065573544641 ] ] } },
{ "type": "Feature", "properties": { "ward": 101, "source_sheet": "101_baghajatin.pdf p1", "source": "KMC ward sewerage network map (ArcMap GeoPDF)", "extraction_method": "geopdf_vector", "georef_max_residual_m": 0.1, "conduit_type": "pipe", "pipe_diameter_mm": 225.0, "diameter_source": "legend_colour", "diameter_candidates_mm": null, "label_diameter_mm": 225.0, "label_agrees": true, "scheme": null, "flow_arrow": "end" }, "geometry": { "type": "LineString", "coordinates": [ [ 88.378076469044814, 22.478930605526465 ], [ 88.378039486850483, 22.478428596518519 ], [ 88.378030673648226, 22.478284167635557 ] ] } },
{ "type": "Feature", "properties": { "ward": 101, "source_sheet": "101_baghajatin.pdf p1", "source": "KMC ward sewerage network map (ArcMap GeoPDF)", "extraction_method": "geopdf_vector", "georef_max_residual_m": 0.1, "conduit_type": "pipe", "pipe_diameter_mm": 300.0, "diameter_source": "legend_colour", "diameter_candidates_mm": null, "label_diameter_mm": 300.0, "label_agrees": true, "scheme": null, "flow_arrow": "end" }, "geometry": { "type": "LineString", "coordinates": [ [ 88.378697347279385, 22.477810655128827 ], [ 88.378495190073139, 22.477832996252964 ], [ 88.378357150507242, 22.477850211394113 ], [ 88.378194433105847, 22.47786763362755 ], [ 88.37785176829253, 22.477907209560016 ], [ 88.377696454033895, 22.477924569150762 ], [ 88.377612839999671, 22.477955088980597 ] ] } },
{ "type": "Feature", "properties": { "ward": 101, "source_sheet": "101_baghajatin.pdf p1", "source": "KMC ward sewerage network map (ArcMap GeoPDF)", "extraction_method": "geopdf_vector", "georef_max_residual_m": 0.1, "conduit_type": "pipe", "pipe_diameter_mm": 400.0, "diameter_source": "legend_colour", "diameter_candidates_mm": null, "label_diameter_mm": 400.0, "label_agrees": true, "scheme": null, "flow_arrow": "end" }, "geometry": { "type": "LineString", "coordinates": [ [ 88.387472488693447, 22.478711526932567 ], [ 88.38761151908821, 22.478795218015129 ], [ 88.387859786335113, 22.47894450216263 ], [ 88.388053424306989, 22.479059842623908 ], [ 88.38830169247754, 22.479209126133686 ], [ 88.388371196814148, 22.479249824528267 ], [ 88.388435765663999, 22.47929056464756 ], [ 88.388959878548988, 22.479632476538615 ], [ 88.389106426882989, 22.479727571058284 ], [ 88.389282769702149, 22.479840762690586 ], [ 88.389436789642772, 22.479942674680842 ] ] } },
{ "type": "Feature", "properties": { "ward": 101, "source_sheet": "101_baghajatin.pdf p1", "source": "KMC ward sewerage network map (ArcMap GeoPDF)", "extraction_method": "geopdf_vector", "georef_max_residual_m": 0.1, "conduit_type": "pipe", "pipe_diameter_mm": 300.0, "diameter_source": "legend_colour", "diameter_candidates_mm": null, "label_diameter_mm": 300.0, "label_agrees": true, "scheme": null, "flow_arrow": "end" }, "geometry": { "type": "LineString", "coordinates": [ [ 88.376400571349706, 22.476132594164653 ], [ 88.376538587214156, 22.476113087296216 ], [ 88.376701213469829, 22.476086492741818 ], [ 88.376797321961149, 22.476071924529503 ], [ 88.376895898197489, 22.476057335465914 ], [ 88.377063482196164, 22.476032992721539 ], [ 88.377235979301332, 22.476006314924685 ], [ 88.377403540795143, 22.475979678360705 ], [ 88.377544001718562, 22.475957856371188 ], [ 88.377704182147198, 22.475933575099486 ], [ 88.377822477812828, 22.475916526313696 ], [ 88.377925966955686, 22.475899601827955 ], [ 88.378029478442855, 22.475884970652793 ], [ 88.378105866971595, 22.475872860875615 ], [ 88.378179720589756, 22.475853891272575 ], [ 88.37824863865805, 22.475834963076519 ], [ 88.37831757908485, 22.47581832832299 ], [ 88.378381584069928, 22.475801734983772 ], [ 88.378489896551315, 22.475773301059004 ], [ 88.378568663196404, 22.475751996364824 ], [ 88.378654833099532, 22.475730629359862 ] ] } },
{ "type": "Feature", "properties": { "ward": 101, "source_sheet": "101_baghajatin.pdf p1", "source": "KMC ward sewerage network map (ArcMap GeoPDF)", "extraction_method": "geopdf_vector", "georef_max_residual_m": 0.1, "conduit_type": "pipe", "pipe_diameter_mm": 450.0, "diameter_source": "legend_colour", "diameter_candidates_mm": null, "label_diameter_mm": 450.0, "label_agrees": true, "scheme": null, "flow_arrow": "end" }, "geometry": { "type": "LineString", "coordinates": [ [ 88.377704182147198, 22.475933575099486 ], [ 88.377717796041594, 22.476064201621007 ], [ 88.377734302666966, 22.47623838405481 ], [ 88.377748364045345, 22.476414880760132 ], [ 88.377799553791291, 22.476602534211722 ], [ 88.377830061805909, 22.476694026028358 ], [ 88.37786054759421, 22.476783224364077 ], [ 88.377911357299936, 22.476931888174214 ], [ 88.377969749480499, 22.477098837865437 ] ] } },
{ "type": "Feature", "properties": { "ward": 101, "source_sheet": "101_baghajatin.pdf p1", "source": "KMC ward sewerage network map (ArcMap GeoPDF)", "extraction_method": "geopdf_vector", "georef_max_residual_m": 0.1, "conduit_type": "pipe", "pipe_diameter_mm": 375.0, "diameter_source": "legend_colour", "diameter_candidates_mm": null, "label_diameter_mm": null, "label_agrees": null, "scheme": null, "flow_arrow": "end" }, "geometry": { "type": "LineString", "coordinates": [ [ 88.378723897136609, 22.476232368860501 ], [ 88.378879119778844, 22.476205834400044 ], [ 88.379026939045715, 22.476179361989495 ], [ 88.37921911069418, 22.476145635621968 ], [ 88.379288095923854, 22.476133587487766 ], [ 88.379376800783561, 22.476119079957407 ], [ 88.379472886525335, 22.476102216597248 ], [ 88.379568972343449, 22.476085353180082 ], [ 88.379623173305575, 22.476075722911901 ], [ 88.37970202952198, 22.476063591639114 ], [ 88.379763611461712, 22.476051605531364 ], [ 88.379825215690644, 22.476041912871022 ], [ 88.379891733036175, 22.47602988522771 ], [ 88.379965653664968, 22.476017795318683 ], [ 88.380051890697032, 22.476003308169286 ], [ 88.38014797625452, 22.475986444414588 ], [ 88.380244061785547, 22.475969580603731 ], [ 88.380320427694627, 22.475955176315377 ], [ 88.380382031830123, 22.475945483446207 ], [ 88.38044854917139, 22.475933455576836 ], [ 88.380505217759207, 22.475923804168698 ] ] } },
{ "type": "Feature", "properties": { "ward": 101, "source_sheet": "101_baghajatin.pdf p1", "source": "KMC ward sewerage network map (ArcMap GeoPDF)", "extraction_method": "geopdf_vector", "georef_max_residual_m": 0.1, "conduit_type": "pipe", "pipe_diameter_mm": 300.0, "diameter_source": "legend_colour", "diameter_candidates_mm": null, "label_diameter_mm": 300.0, "label_agrees": true, "scheme": null, "flow_arrow": "end" }, "geometry": { "type": "LineString", "coordinates": [ [ 88.378681480510863, 22.475932250868169 ], [ 88.378740617022771, 22.475922579443239 ], [ 88.378814537725788, 22.475910490059807 ], [ 88.378987011845197, 22.475881516847078 ], [ 88.379107752626851, 22.475862152926435 ], [ 88.379122133750556, 22.475818451827028 ], [ 88.379109324700366, 22.475770391851309 ], [ 88.379101540749616, 22.475731464385234 ], [ 88.37908877660179, 22.475687991346511 ], [ 88.379073320686558, 22.475621604048566 ] ] } },
{ "type": "Feature", "properties": { "ward": 101, "source_sheet": "101_baghajatin.pdf p1", "source": "KMC ward sewerage network map (ArcMap GeoPDF)", "extraction_method": "geopdf_vector", "georef_max_residual_m": 0.1, "conduit_type": "pipe", "pipe_diameter_mm": 300.0, "diameter_source": "legend_colour", "diameter_candidates_mm": null, "label_diameter_mm": 300.0, "label_agrees": true, "scheme": null, "flow_arrow": "end" }, "geometry": { "type": "LineString", "coordinates": [ [ 88.379249289008229, 22.477214244513195 ], [ 88.379242960656853, 22.477324395087688 ], [ 88.379241299128324, 22.477406982073298 ], [ 88.379236945950097, 22.47746665480982 ], [ 88.379235127647291, 22.477533187219528 ] ] } },
{ "type": "Feature", "properties": { "ward": 101, "source_sheet": "101_baghajatin.pdf p1", "source": "KMC ward sewerage network map (ArcMap GeoPDF)", "extraction_method": "geopdf_vector", "georef_max_residual_m": 0.1, "conduit_type": "pipe", "pipe_diameter_mm": 450.0, "diameter_source": "legend_colour", "diameter_candidates_mm": null, "label_diameter_mm": 450.0, "label_agrees": true, "scheme": null, "flow_arrow": "end" }, "geometry": { "type": "LineString", "coordinates": [ [ 88.378314010694737, 22.474946753389826 ], [ 88.378498777741953, 22.474913090112054 ], [ 88.378666382381326, 22.474891039252039 ], [ 88.378979292307989, 22.474837949706561 ], [ 88.379277306022246, 22.4747758098048 ], [ 88.379331529002869, 22.474768473127337 ] ] } },
{ "type": "Feature", "properties": { "ward": 101, "source_sheet": "101_baghajatin.pdf p1", "source": "KMC ward sewerage network map (ArcMap GeoPDF)", "extraction_method": "geopdf_vector", "georef_max_residual_m": 0.1, "conduit_type": "pipe", "pipe_diameter_mm": 300.0, "diameter_source": "legend_colour", "diameter_candidates_mm": null, "label_diameter_mm": 300.0, "label_agrees": true, "scheme": null, "flow_arrow": "end" }, "geometry": { "type": "LineString", "coordinates": [ [ 88.376599213520862, 22.475243267237246 ], [ 88.376826156644952, 22.475232189143544 ], [ 88.376976621994118, 22.47522404601219 ], [ 88.37705307725426, 22.47521881726049 ], [ 88.37719862941519, 22.475213008797652 ], [ 88.377267681598852, 22.475207842052797 ], [ 88.377331820528298, 22.475205010257927 ], [ 88.377383620788194, 22.475202281967757 ], [ 88.377484641720685, 22.475185378398379 ], [ 88.377600446673, 22.475166057040155 ], [ 88.377701467545236, 22.475149153337451 ], [ 88.377817272428572, 22.475129831826386 ], [ 88.377886257419021, 22.475117784308999 ], [ 88.377955242293041, 22.475105736763524 ], [ 88.37796222036566, 22.475062097894241 ], [ 88.37802093158372, 22.475008850022448 ], [ 88.378092339389255, 22.474992194667085 ], [ 88.378161301803402, 22.474977853565772 ], [ 88.378208099319636, 22.474968285845677 ], [ 88.378314010694737, 22.474946753389826 ] ] } },
{ "type": "Feature", "properties": { "ward": 101, "source_sheet": "101_baghajatin.pdf p1", "source": "KMC ward sewerage network map (ArcMap GeoPDF)", "extraction_method": "geopdf_vector", "georef_max_residual_m": 0.1, "conduit_type": "pipe", "pipe_diameter_mm": 300.0, "diameter_source": "legend_colour", "diameter_candidates_mm": null, "label_diameter_mm": 300.0, "label_agrees": true, "scheme": null, "flow_arrow": "end" }, "geometry": { "type": "LineString", "coordinates": [ [ 88.377303720272067, 22.475613524257202 ], [ 88.377187825456573, 22.475623671437436 ], [ 88.377074353662834, 22.475629210697637 ], [ 88.377000343481555, 22.475632125298279 ], [ 88.377013442343639, 22.475710001099259 ], [ 88.377029366818306, 22.475824552422026 ], [ 88.377047736630743, 22.475936789567303 ], [ 88.377063482196164, 22.476032992721539 ] ] } },
{ "type": "Feature", "properties": { "ward": 101, "source_sheet": "101_baghajatin.pdf p1", "source": "KMC ward sewerage network map (ArcMap GeoPDF)", "extraction_method": "geopdf_vector", "georef_max_residual_m": 0.1, "conduit_type": "pipe", "pipe_diameter_mm": 225.0, "diameter_source": "legend_colour", "diameter_candidates_mm": null, "label_diameter_mm": 225.0, "label_agrees": true, "scheme": null, "flow_arrow": "end" }, "geometry": { "type": "LineString", "coordinates": [ [ 88.376563707817979, 22.475651843201561 ], [ 88.376664840962803, 22.475646407775976 ], [ 88.376751189978307, 22.475643389845079 ], [ 88.376820264654341, 22.475640516849641 ], [ 88.376822262975068, 22.475592332462842 ], [ 88.376821681762834, 22.475532701123864 ], [ 88.376823568312545, 22.475473049182241 ], [ 88.37682298710321, 22.475413417842418 ], [ 88.376824672467393, 22.475333124359356 ], [ 88.376826156644952, 22.475232189143544 ] ] } },
{ "type": "Feature", "properties": { "ward": 101, "source_sheet": "101_baghajatin.pdf p1", "source": "KMC ward sewerage network map (ArcMap GeoPDF)", "extraction_method": "geopdf_vector", "georef_max_residual_m": 0.1, "conduit_type": "pipe", "pipe_diameter_mm": 375.0, "diameter_source": "legend_colour", "diameter_candidates_mm": null, "label_diameter_mm": 375.0, "label_agrees": true, "scheme": null, "flow_arrow": "end" }, "geometry": { "type": "LineString", "coordinates": [ [ 88.378666382381326, 22.474891039252039 ], [ 88.378681793132841, 22.474952839667552 ], [ 88.378702318474538, 22.475032946682571 ], [ 88.378720286653959, 22.475103900343882 ], [ 88.378738277136833, 22.475177147568978 ], [ 88.378756312412534, 22.475254981827678 ], [ 88.378774325426903, 22.47533052251541 ], [ 88.378792338360256, 22.475406063200321 ], [ 88.378810284154795, 22.47547472337385 ], [ 88.378828252355831, 22.475545677014605 ], [ 88.378843708145951, 22.475612064438511 ], [ 88.37885914146122, 22.475676158294359 ], [ 88.378859163848816, 22.475678451764967 ] ] } },
{ "type": "Feature", "properties": { "ward": 101, "source_sheet": "101_baghajatin.pdf p1", "source": "KMC ward sewerage network map (ArcMap GeoPDF)", "extraction_method": "geopdf_vector", "georef_max_residual_m": 0.1, "conduit_type": "pipe", "pipe_diameter_mm": 300.0, "diameter_source": "legend_colour", "diameter_candidates_mm": null, "label_diameter_mm": 300.0, "label_agrees": true, "scheme": null, "flow_arrow": "end" }, "geometry": { "type": "LineString", "coordinates": [ [ 88.377085409728863, 22.473725348484944 ], [ 88.377156817021017, 22.473708693568852 ], [ 88.377292273088869, 22.473680032795396 ], [ 88.377408032112115, 22.47365612459263 ], [ 88.377491755588878, 22.473637072533354 ], [ 88.37757303367907, 22.473620334611734 ], [ 88.377646930938539, 22.473605952344311 ], [ 88.377718338088656, 22.473589297185679 ], [ 88.377806996819729, 22.473570203547911 ], [ 88.377942452691741, 22.47354154224023 ], [ 88.378043628845091, 22.473540692972716 ], [ 88.378137402028898, 22.473539905788666 ] ] } },
{ "type": "Feature", "properties": { "ward": 101, "source_sheet": "101_baghajatin.pdf p1", "source": "KMC ward sewerage network map (ArcMap GeoPDF)", "extraction_method": "geopdf_vector", "georef_max_residual_m": 0.1, "conduit_type": "pipe", "pipe_diameter_mm": 450.0, "diameter_source": "legend_colour", "diameter_candidates_mm": null, "label_diameter_mm": 450.0, "label_agrees": true, "scheme": null, "flow_arrow": "end" }, "geometry": { "type": "LineString", "coordinates": [ [ 88.378137402028898, 22.473539905788666 ], [ 88.378165240482957, 22.473610776684428 ], [ 88.378193034115583, 22.473677060630575 ], [ 88.378213447175824, 22.473745700192808 ], [ 88.378233882530409, 22.473816633223468 ], [ 88.378254362659973, 22.473892153288851 ], [ 88.378277377675033, 22.473974533237268 ], [ 88.378307952556057, 22.474072905515033 ], [ 88.37833866174995, 22.474185038804006 ] ] } },
{ "type": "Feature", "properties": { "ward": 101, "source_sheet": "101_baghajatin.pdf p1", "source": "KMC ward sewerage network map (ArcMap GeoPDF)", "extraction_method": "geopdf_vector", "georef_max_residual_m": 0.1, "conduit_type": "pipe", "pipe_diameter_mm": 300.0, "diameter_source": "legend_colour", "diameter_candidates_mm": null, "label_diameter_mm": 300.0, "label_agrees": true, "scheme": null, "flow_arrow": "end" }, "geometry": { "type": "LineString", "coordinates": [ [ 88.378231462797913, 22.474580454859815 ], [ 88.378241826050328, 22.474630829218697 ], [ 88.378257236579302, 22.474692629592084 ], [ 88.378270201860232, 22.474756744343839 ], [ 88.378285701929485, 22.47482771878898 ], [ 88.378298600105254, 22.474884952930861 ], [ 88.378314010694737, 22.474946753389826 ] ] } },
{ "type": "Feature", "properties": { "ward": 101, "source_sheet": "101_baghajatin.pdf p1", "source": "KMC ward sewerage network map (ArcMap GeoPDF)", "extraction_method": "geopdf_vector", "georef_max_residual_m": 0.1, "conduit_type": "pipe", "pipe_diameter_mm": 375.0, "diameter_source": "legend_colour", "diameter_candidates_mm": null, "label_diameter_mm": 375.0, "label_agrees": true, "scheme": null, "flow_arrow": "end" }, "geometry": { "type": "LineString", "coordinates": [ [ 88.379814155255957, 22.474404306801446 ], [ 88.379843338918775, 22.474612787840929 ], [ 88.379866422214008, 22.474702047911844 ], [ 88.379881945484712, 22.474775315728827 ], [ 88.379884950921607, 22.474830339217245 ] ] } },
{ "type": "Feature", "properties": { "ward": 101, "source_sheet": "101_baghajatin.pdf p1", "source": "KMC ward sewerage network map (ArcMap GeoPDF)", "extraction_method": "geopdf_vector", "georef_max_residual_m": 0.1, "conduit_type": "pipe", "pipe_diameter_mm": 300.0, "diameter_source": "legend_colour", "diameter_candidates_mm": null, "label_diameter_mm": 300.0, "label_agrees": true, "scheme": null, "flow_arrow": "end" }, "geometry": { "type": "LineString", "coordinates": [ [ 88.382945486915148, 22.478137319951585 ], [ 88.383653337923448, 22.478090067552444 ], [ 88.383754449826398, 22.478082334044103 ], [ 88.384091952399757, 22.478019852216491 ], [ 88.384197887308929, 22.478000609296902 ] ] } },
{ "type": "Feature", "properties": { "ward": 101, "source_sheet": "101_baghajatin.pdf p1", "source": "KMC ward sewerage network map (ArcMap GeoPDF)", "extraction_method": "geopdf_vector", "georef_max_residual_m": 0.1, "conduit_type": "pipe", "pipe_diameter_mm": 450.0, "diameter_source": "legend_colour", "diameter_candidates_mm": null, "label_diameter_mm": 450.0, "label_agrees": true, "scheme": null, "flow_arrow": "end" }, "geometry": { "type": "LineString", "coordinates": [ [ 88.38019528000612, 22.47931190477852 ], [ 88.380240776639923, 22.479421619609404 ], [ 88.38030054212301, 22.479476165611036 ], [ 88.380348080704337, 22.479542282990973 ], [ 88.380395619330898, 22.479608400258527 ], [ 88.380533794794218, 22.479604944394097 ], [ 88.38077810876274, 22.479602889154624 ], [ 88.3809334466481, 22.479587819991242 ] ] } },
{ "type": "Feature", "properties": { "ward": 101, "source_sheet": "101_baghajatin.pdf p1", "source": "KMC ward sewerage network map (ArcMap GeoPDF)", "extraction_method": "geopdf_vector", "georef_max_residual_m": 0.1, "conduit_type": "pipe", "pipe_diameter_mm": 300.0, "diameter_source": "legend_colour", "diameter_candidates_mm": null, "label_diameter_mm": 300.0, "label_agrees": true, "scheme": null, "flow_arrow": "end" }, "geometry": { "type": "LineString", "coordinates": [ [ 88.38019528000612, 22.47931190477852 ], [ 88.380171792122937, 22.479181361754218 ], [ 88.380135337741478, 22.478986704217377 ], [ 88.380059533015697, 22.478806139672741 ], [ 88.379968563077426, 22.478589003594468 ], [ 88.379942697391897, 22.478467655132196 ] ] } },
{ "type": "Feature", "properties": { "ward": 101, "source_sheet": "101_baghajatin.pdf p1", "source": "KMC ward sewerage network map (ArcMap GeoPDF)", "extraction_method": "geopdf_vector", "georef_max_residual_m": 0.1, "conduit_type": "pipe", "pipe_diameter_mm": 300.0, "diameter_source": "legend_colour", "diameter_candidates_mm": null, "label_diameter_mm": 300.0, "label_agrees": true, "scheme": null, "flow_arrow": "end" }, "geometry": { "type": "LineString", "coordinates": [ [ 88.376855264028777, 22.47821833962151 ], [ 88.376768913423859, 22.478221357591647 ], [ 88.376677627299472, 22.478224416910852 ], [ 88.376544410886254, 22.478230121581714 ], [ 88.37640874910025, 22.478238140308282 ], [ 88.376319930651832, 22.478241178828373 ], [ 88.3762315592504, 22.478290087415949 ] ] } },
{ "type": "Feature", "properties": { "ward": 101, "source_sheet": "101_baghajatin.pdf p1", "source": "KMC ward sewerage network map (ArcMap GeoPDF)", "extraction_method": "geopdf_vector", "georef_max_residual_m": 0.1, "conduit_type": "pipe", "pipe_diameter_mm": 225.0, "diameter_source": "legend_colour", "diameter_candidates_mm": null, "label_diameter_mm": null, "label_agrees": null, "scheme": null, "flow_arrow": "end" }, "geometry": { "type": "LineString", "coordinates": [ [ 88.377466256111177, 22.477855396557732 ], [ 88.377484134541959, 22.47791717627063 ], [ 88.377529046874898, 22.477967260713044 ], [ 88.377612839999671, 22.477955088980597 ] ] } },
{ "type": "Feature", "properties": { "ward": 101, "source_sheet": "101_baghajatin.pdf p1", "source": "KMC ward sewerage network map (ArcMap GeoPDF)", "extraction_method": "geopdf_vector", "georef_max_residual_m": 0.1, "conduit_type": "pipe", "pipe_diameter_mm": 300.0, "diameter_source": "legend_colour", "diameter_candidates_mm": null, "label_diameter_mm": 300.0, "label_agrees": true, "scheme": null, "flow_arrow": "end" }, "geometry": { "type": "LineString", "coordinates": [ [ 88.377434309187379, 22.47862864052701 ], [ 88.377565080457359, 22.478625249286516 ], [ 88.377593978271861, 22.478551608522949 ], [ 88.377580722033841, 22.478457678146743 ], [ 88.377570023209955, 22.478372901225942 ], [ 88.377583733838179, 22.478260394960945 ] ] } },
{ "type": "Feature", "properties": { "ward": 101, "source_sheet": "101_baghajatin.pdf p1", "source": "KMC ward sewerage network map (ArcMap GeoPDF)", "extraction_method": "geopdf_vector", "georef_max_residual_m": 0.1, "conduit_type": "pipe", "pipe_diameter_mm": 225.0, "diameter_source": "legend_colour", "diameter_candidates_mm": null, "label_diameter_mm": 225.0, "label_agrees": true, "scheme": null, "flow_arrow": "end" }, "geometry": { "type": "LineString", "coordinates": [ [ 88.376870756242567, 22.476516285971332 ], [ 88.377010927153535, 22.476464648800217 ], [ 88.377161080655412, 22.476424396345955 ], [ 88.377230178163799, 22.476423816627221 ], [ 88.377265241153495, 22.47647627747202 ], [ 88.377297791769308, 22.476524171973335 ], [ 88.377335367317116, 22.476581199132902 ] ] } },
{ "type": "Feature", "properties": { "ward": 101, "source_sheet": "101_baghajatin.pdf p1", "source": "KMC ward sewerage network map (ArcMap GeoPDF)", "extraction_method": "geopdf_vector", "georef_max_residual_m": 0.1, "conduit_type": "pipe", "pipe_diameter_mm": 450.0, "diameter_source": "legend_colour", "diameter_candidates_mm": null, "label_diameter_mm": 375.0, "label_agrees": false, "scheme": null, "flow_arrow": "end" }, "geometry": { "type": "LineString", "coordinates": [ [ 88.379568972343449, 22.476085353180082 ], [ 88.379584562857062, 22.476165501518501 ], [ 88.379600086189001, 22.476238769348988 ], [ 88.379618234220814, 22.476328070913357 ], [ 88.379746512900766, 22.4763224053813 ], [ 88.379862318483205, 22.476303082272501 ], [ 88.379968275253873, 22.476286135730145 ], [ 88.38020728944791, 22.476247426964107 ], [ 88.38035266307925, 22.476223267567566 ], [ 88.380444082179864, 22.476233967240777 ], [ 88.380482914257456, 22.476419430060488 ], [ 88.380515419006613, 22.476715043347323 ], [ 88.380531503423612, 22.47684564872705 ] ] } },
{ "type": "Feature", "properties": { "ward": 101, "source_sheet": "101_baghajatin.pdf p1", "source": "KMC ward sewerage network map (ArcMap GeoPDF)", "extraction_method": "geopdf_vector", "georef_max_residual_m": 0.1, "conduit_type": "pipe", "pipe_diameter_mm": 300.0, "diameter_source": "legend_colour", "diameter_candidates_mm": null, "label_diameter_mm": 300.0, "label_agrees": true, "scheme": null, "flow_arrow": "end" }, "geometry": { "type": "LineString", "coordinates": [ [ 88.380796688859064, 22.478726541569813 ], [ 88.380809790218834, 22.478804416911945 ], [ 88.380817776678697, 22.478863985841038 ], [ 88.380828275707344, 22.478928120943294 ], [ 88.380838842122827, 22.478999136541837 ], [ 88.380851876369775, 22.479070131375941 ], [ 88.380862442710338, 22.479141147066997 ], [ 88.380870361944446, 22.479193835394849 ], [ 88.38087832603631, 22.479251110752511 ], [ 88.380891427507819, 22.479328986078318 ], [ 88.380907131376773, 22.479420601729956 ], [ 88.380917675458448, 22.479489323847677 ], [ 88.3809334466481, 22.479587819991242 ] ] } },
{ "type": "Feature", "properties": { "ward": 101, "source_sheet": "101_baghajatin.pdf p1", "source": "KMC ward sewerage network map (ArcMap GeoPDF)", "extraction_method": "geopdf_vector", "georef_max_residual_m": 0.1, "conduit_type": "pipe", "pipe_diameter_mm": 300.0, "diameter_source": "legend_colour", "diameter_candidates_mm": null, "label_diameter_mm": 300.0, "label_agrees": true, "scheme": null, "flow_arrow": "end" }, "geometry": { "type": "LineString", "coordinates": [ [ 88.380741884238304, 22.478169634796725 ], [ 88.380768648788177, 22.478130416808021 ], [ 88.380769098501347, 22.477923980479808 ], [ 88.38083454043408, 22.477801864124281 ], [ 88.380833329603632, 22.477678014839409 ], [ 88.380834295079225, 22.477524329132034 ], [ 88.380830661320729, 22.477405087540124 ], [ 88.380846814612667, 22.47729026689268 ], [ 88.380928094309283, 22.477273527295306 ], [ 88.381065998201606, 22.477242548901799 ] ] } },
{ "type": "Feature", "properties": { "ward": 101, "source_sheet": "101_baghajatin.pdf p1", "source": "KMC ward sewerage network map (ArcMap GeoPDF)", "extraction_method": "geopdf_vector", "georef_max_residual_m": 0.1, "conduit_type": "pipe", "pipe_diameter_mm": 300.0, "diameter_source": "legend_colour", "diameter_candidates_mm": null, "label_diameter_mm": 300.0, "label_agrees": true, "scheme": "KEIIP", "flow_arrow": "end" }, "geometry": { "type": "LineString", "coordinates": [ [ 88.381126590648392, 22.478138873681804 ], [ 88.381141622338077, 22.477909377724107 ], [ 88.381145772950603, 22.477829063482069 ], [ 88.381124483178809, 22.477670977747728 ], [ 88.381095341556033, 22.4774670840815 ], [ 88.381084618186549, 22.477380013924947 ], [ 88.381065998201606, 22.477242548901799 ], [ 88.381036834365119, 22.477036361737547 ], [ 88.381015455190237, 22.476869101897559 ] ] } },
{ "type": "Feature", "properties": { "ward": 101, "source_sheet": "101_baghajatin.pdf p1", "source": "KMC ward sewerage network map (ArcMap GeoPDF)", "extraction_method": "geopdf_vector", "georef_max_residual_m": 0.1, "conduit_type": "pipe", "pipe_diameter_mm": 225.0, "diameter_source": "legend_colour", "diameter_candidates_mm": null, "label_diameter_mm": 225.0, "label_agrees": true, "scheme": null, "flow_arrow": "end" }, "geometry": { "type": "LineString", "coordinates": [ [ 88.380444196588016, 22.478770793156524 ], [ 88.380447045501086, 22.478809762028551 ], [ 88.380452451901945, 22.478857884112198 ], [ 88.380460438110546, 22.478917452971444 ], [ 88.380474144706213, 22.47905725313214 ], [ 88.380493167996562, 22.479236001304191 ], [ 88.380506560804506, 22.479343692233016 ], [ 88.380520110473128, 22.479467437816904 ], [ 88.380522892174213, 22.479499526183222 ], [ 88.380530945827729, 22.479565975529383 ], [ 88.380533794794218, 22.479604944394097 ] ] } },
{ "type": "Feature", "properties": { "ward": 101, "source_sheet": "101_baghajatin.pdf p1", "source": "KMC ward sewerage network map (ArcMap GeoPDF)", "extraction_method": "geopdf_vector", "georef_max_residual_m": 0.1, "conduit_type": "pipe", "pipe_diameter_mm": 300.0, "diameter_source": "legend_colour", "diameter_candidates_mm": null, "label_diameter_mm": 300.0, "label_agrees": true, "scheme": null, "flow_arrow": "end" }, "geometry": { "type": "LineString", "coordinates": [ [ 88.377343942529365, 22.472145115038185 ], [ 88.377356996524583, 22.472218403808228 ], [ 88.377375254155382, 22.472319173419404 ], [ 88.377393489455969, 22.472417649457462 ], [ 88.377414259676897, 22.47252298530022 ], [ 88.377448173277841, 22.472710784070802 ], [ 88.377487335584362, 22.472930650509205 ], [ 88.377497765397479, 22.472987905460087 ], [ 88.377508217686653, 22.473047453976832 ], [ 88.377518625259057, 22.47310241535563 ], [ 88.377531589908912, 22.473166530108863 ] ] } },
{ "type": "Feature", "properties": { "ward": 101, "source_sheet": "101_baghajatin.pdf p1", "source": "KMC ward sewerage network map (ArcMap GeoPDF)", "extraction_method": "geopdf_vector", "georef_max_residual_m": 0.1, "conduit_type": "pipe", "pipe_diameter_mm": 300.0, "diameter_source": "legend_colour", "diameter_candidates_mm": null, "label_diameter_mm": 300.0, "label_agrees": true, "scheme": null, "flow_arrow": "end" }, "geometry": { "type": "LineString", "coordinates": [ [ 88.380372744406216, 22.478530556124987 ], [ 88.380197777187419, 22.478557258149873 ], [ 88.380064695236754, 22.478576726837275 ], [ 88.379968563077426, 22.478589003594468 ] ] } },
{ "type": "Feature", "properties": { "ward": 101, "source_sheet": "101_baghajatin.pdf p1", "source": "KMC ward sewerage network map (ArcMap GeoPDF)", "extraction_method": "geopdf_vector", "georef_max_residual_m": 0.1, "conduit_type": "pipe", "pipe_diameter_mm": 300.0, "diameter_source": "legend_colour", "diameter_candidates_mm": null, "label_diameter_mm": 300.0, "label_agrees": true, "scheme": null, "flow_arrow": "end" }, "geometry": { "type": "LineString", "coordinates": [ [ 88.378236505258329, 22.47661492189399 ], [ 88.378249962996506, 22.476729493749335 ], [ 88.378298954329438, 22.476944689939305 ] ] } },
{ "type": "Feature", "properties": { "ward": 101, "source_sheet": "101_baghajatin.pdf p1", "source": "KMC ward sewerage network map (ArcMap GeoPDF)", "extraction_method": "geopdf_vector", "georef_max_residual_m": 0.1, "conduit_type": "pipe", "pipe_diameter_mm": 225.0, "diameter_source": "legend_colour", "diameter_candidates_mm": null, "label_diameter_mm": 225.0, "label_agrees": true, "scheme": null, "flow_arrow": "end" }, "geometry": { "type": "LineString", "coordinates": [ [ 88.378660368568532, 22.477056339525362 ], [ 88.378611102612055, 22.477065928134593 ], [ 88.378519929264698, 22.477080456001374 ], [ 88.378379467421226, 22.477102278887585 ], [ 88.378346804496729, 22.477042917087957 ], [ 88.378298954329438, 22.476944689939305 ] ] } },
{ "type": "Feature", "properties": { "ward": 101, "source_sheet": "101_baghajatin.pdf p1", "source": "KMC ward sewerage network map (ArcMap GeoPDF)", "extraction_method": "geopdf_vector", "georef_max_residual_m": 0.1, "conduit_type": "pipe", "pipe_diameter_mm": 225.0, "diameter_source": "legend_colour", "diameter_candidates_mm": null, "label_diameter_mm": 225.0, "label_agrees": true, "scheme": null, "flow_arrow": "end" }, "geometry": { "type": "LineString", "coordinates": [ [ 88.378992438607085, 22.477195759276579 ], [ 88.379125810573612, 22.477206107212456 ], [ 88.379249289008229, 22.477214244513195 ] ] } },
{ "type": "Feature", "properties": { "ward": 101, "source_sheet": "101_baghajatin.pdf p1", "source": "KMC ward sewerage network map (ArcMap GeoPDF)", "extraction_method": "geopdf_vector", "georef_max_residual_m": 0.1, "conduit_type": "pipe", "pipe_diameter_mm": 225.0, "diameter_source": "legend_colour", "diameter_candidates_mm": null, "label_diameter_mm": 225.0, "label_agrees": true, "scheme": null, "flow_arrow": "end" }, "geometry": { "type": "LineString", "coordinates": [ [ 88.378084718356874, 22.476487749278633 ], [ 88.378070925049741, 22.476338774758005 ], [ 88.378059935285577, 22.476224182155704 ], [ 88.378051547462675, 22.476123329948191 ], [ 88.378040535366267, 22.476006443773063 ], [ 88.378029478442855, 22.475884970652793 ] ] } },
{ "type": "Feature", "properties": { "ward": 101, "source_sheet": "101_baghajatin.pdf p1", "source": "KMC ward sewerage network map (ArcMap GeoPDF)", "extraction_method": "geopdf_vector", "georef_max_residual_m": 0.1, "conduit_type": "pipe", "pipe_diameter_mm": 225.0, "diameter_source": "legend_colour", "diameter_candidates_mm": null, "label_diameter_mm": 225.0, "label_agrees": true, "scheme": null, "flow_arrow": "end" }, "geometry": { "type": "LineString", "coordinates": [ [ 88.383754449826398, 22.478082334044103 ], [ 88.383746462286396, 22.478022765410639 ], [ 88.383728154053344, 22.477917409834685 ], [ 88.383709598784208, 22.47778682584795 ], [ 88.383693780984487, 22.47768374301705 ], [ 88.383727835505169, 22.477632994649596 ] ] } },
{ "type": "Feature", "properties": { "ward": 101, "source_sheet": "101_baghajatin.pdf p1", "source": "KMC ward sewerage network map (ArcMap GeoPDF)", "extraction_method": "geopdf_vector", "georef_max_residual_m": 0.1, "conduit_type": "pipe", "pipe_diameter_mm": 800.0, "diameter_source": "legend_colour", "diameter_candidates_mm": null, "label_diameter_mm": 800.0, "label_agrees": true, "scheme": "KEIIP", "flow_arrow": "end" }, "geometry": { "type": "LineString", "coordinates": [ [ 88.377673256307816, 22.471750129386102 ], [ 88.37768121848967, 22.471807405040483 ], [ 88.377822100046643, 22.47182915975829 ], [ 88.378095267757402, 22.472003481798438 ], [ 88.378177439618781, 22.472078484042683 ], [ 88.378259611671425, 22.472153486239066 ], [ 88.378339383239933, 22.472235389713923 ], [ 88.378367087239212, 22.472292499570475 ], [ 88.378477836236371, 22.472514058327885 ], [ 88.378548341667553, 22.472657969253742 ], [ 88.378636479112799, 22.472838431294775 ], [ 88.378692380050225, 22.473003108100762 ], [ 88.378745746263249, 22.473160924997174 ], [ 88.378824461235595, 22.473387339890799 ], [ 88.378877805383809, 22.473542863345656 ], [ 88.378900932623708, 22.473636710644197 ], [ 88.378960130207815, 22.473886226348792 ], [ 88.378987991540626, 22.473959390641539 ], [ 88.379031084682126, 22.474076007162562 ], [ 88.379109643878365, 22.47428636735706 ], [ 88.379155272149674, 22.474409843701473 ], [ 88.37925915856998, 22.474686508163348 ], [ 88.379331529002869, 22.474768473127337 ], [ 88.379405852158939, 22.474797666639557 ], [ 88.379480175344554, 22.474826860115844 ], [ 88.379606522598721, 22.474876259643743 ], [ 88.379695719440534, 22.474912209178466 ], [ 88.379937826375581, 22.474937698386075 ], [ 88.37995828521214, 22.475010924700332 ], [ 88.379971184089086, 22.475068158671725 ], [ 88.379997026588384, 22.47518721364435 ], [ 88.380069576973256, 22.475287526280287 ], [ 88.380125189417726, 22.475422386825468 ], [ 88.380351863213903, 22.475383781659186 ], [ 88.380372770700561, 22.475502878050364 ], [ 88.380396101057286, 22.475617366649796 ], [ 88.380414294214887, 22.47571125514424 ], [ 88.380505217759207, 22.475923804168698 ], [ 88.380640135359997, 22.476092402932288 ], [ 88.380800044766644, 22.476292903010403 ], [ 88.380966393645338, 22.476394719852969 ], [ 88.381130252562158, 22.476494263711224 ], [ 88.381231834531476, 22.476534695525196 ], [ 88.381425060244538, 22.476608761338397 ], [ 88.381516726510242, 22.476644688912806 ], [ 88.381570927515014, 22.47663505798613 ], [ 88.381699026922917, 22.476611042766109 ], [ 88.381755740647904, 22.476605977939379 ], [ 88.382068832397152, 22.476571230201998 ], [ 88.38216745313197, 22.476561225050773 ], [ 88.382413982442301, 22.476533918205938 ], [ 88.382554510127505, 22.47651897245532 ], [ 88.382848106330741, 22.476509618122503 ], [ 88.383006020602835, 22.476505993872266 ], [ 88.383410868130824, 22.476516344361173 ], [ 88.383507133238496, 22.476517826621443 ], [ 88.383719630201128, 22.476543559671903 ], [ 88.383848313303602, 22.476579173826252 ], [ 88.383994562923817, 22.476644457839729 ], [ 88.384121025639573, 22.476705321171703 ], [ 88.384453212039659, 22.476856196865143 ], [ 88.384604712538632, 22.476953547645852 ], [ 88.384728842920154, 22.477028192267728 ], [ 88.384853018408279, 22.477107423810985 ], [ 88.385141034156931, 22.477283901365567 ], [ 88.385209816836266, 22.477251209233078 ] ] } },
{ "type": "Feature", "properties": { "ward": 101, "source_sheet": "101_baghajatin.pdf p1", "source": "KMC ward sewerage network map (ArcMap GeoPDF)", "extraction_method": "geopdf_vector", "georef_max_residual_m": 0.1, "conduit_type": "pipe", "pipe_diameter_mm": 450.0, "diameter_source": "legend_colour", "diameter_candidates_mm": null, "label_diameter_mm": 450.0, "label_agrees": true, "scheme": "KEIIP", "flow_arrow": "end" }, "geometry": { "type": "LineString", "coordinates": [ [ 88.379223970006521, 22.474115673328036 ], [ 88.379157301373226, 22.473859339349428 ], [ 88.379123788139751, 22.473712824239609 ], [ 88.379069749586719, 22.473486202233733 ], [ 88.379041350999671, 22.473357993782312 ], [ 88.378993188450053, 22.473227657586687 ], [ 88.378952630518313, 22.47311790080991 ], [ 88.378907003016238, 22.472994424357786 ], [ 88.378879097178071, 22.472916673087965 ], [ 88.378853748621864, 22.47284807506578 ], [ 88.378768033836963, 22.472663005490084 ], [ 88.378712602993616, 22.472546492370292 ], [ 88.378657149867905, 22.472427685848995 ], [ 88.378604186921436, 22.472311151956216 ], [ 88.378546221637137, 22.472187779065909 ], [ 88.378403862687165, 22.472014653270111 ], [ 88.378239608293256, 22.471873823053901 ], [ 88.378105257146004, 22.471762559611157 ], [ 88.378013170015393, 22.471683053126025 ], [ 88.377889383377678, 22.471642805527622 ], [ 88.377825022445904, 22.4716227024484 ], [ 88.377765596806654, 22.471602557830373 ], [ 88.377706193548448, 22.471584706757984 ], [ 88.377646790407141, 22.471566855662036 ] ] } },
{ "type": "Feature", "properties": { "ward": 101, "source_sheet": "101_baghajatin.pdf p1", "source": "KMC ward sewerage network map (ArcMap GeoPDF)", "extraction_method": "geopdf_vector", "georef_max_residual_m": 0.1, "conduit_type": "pipe", "pipe_diameter_mm": 300.0, "diameter_source": "legend_colour", "diameter_candidates_mm": null, "label_diameter_mm": 300.0, "label_agrees": true, "scheme": null, "flow_arrow": "end" }, "geometry": { "type": "LineString", "coordinates": [ [ 88.376982297156005, 22.473274354722633 ], [ 88.377130113701782, 22.473247884181191 ], [ 88.377292736597639, 22.473221289193493 ], [ 88.377383907609513, 22.47320676213452 ], [ 88.377475056236491, 22.473189941456692 ], [ 88.377531589908912, 22.473166530108863 ], [ 88.377593058995316, 22.473143077327226 ], [ 88.377637388235001, 22.473133530602698 ], [ 88.377708817513309, 22.473119168931905 ], [ 88.377758082168086, 22.473109580756443 ], [ 88.377807346814308, 22.473099992470694 ], [ 88.377908343800343, 22.473080795238356 ], [ 88.378024102199873, 22.473056886621773 ], [ 88.378053401471718, 22.473024528868741 ], [ 88.378057911837075, 22.472980910800224 ], [ 88.37811947013067, 22.472966631810728 ], [ 88.378191078254389, 22.47297061809126 ] ] } },
{ "type": "Feature", "properties": { "ward": 101, "source_sheet": "101_baghajatin.pdf p1", "source": "KMC ward sewerage network map (ArcMap GeoPDF)", "extraction_method": "geopdf_vector", "georef_max_residual_m": 0.1, "conduit_type": "pipe", "pipe_diameter_mm": 225.0, "diameter_source": "legend_colour", "diameter_candidates_mm": null, "label_diameter_mm": 225.0, "label_agrees": true, "scheme": null, "flow_arrow": "end" }, "geometry": { "type": "LineString", "coordinates": [ [ 88.378584813241446, 22.473866441618682 ], [ 88.37856208902204, 22.473813877423275 ], [ 88.37853687471366, 22.473759040474484 ], [ 88.378519220161635, 22.473720195846585 ], [ 88.378499053237448, 22.473676784898444 ], [ 88.378468746877431, 22.473605934791394 ] ] } },
{ "type": "Feature", "properties": { "ward": 101, "source_sheet": "101_baghajatin.pdf p1", "source": "KMC ward sewerage network map (ArcMap GeoPDF)", "extraction_method": "geopdf_vector", "georef_max_residual_m": 0.1, "conduit_type": "pipe", "pipe_diameter_mm": 600.0, "diameter_source": "legend_colour", "diameter_candidates_mm": null, "label_diameter_mm": 600.0, "label_agrees": true, "scheme": null, "flow_arrow": "end" }, "geometry": { "type": "LineString", "coordinates": [ [ 88.37833866174995, 22.474185038804006 ], [ 88.378395307444279, 22.474173094692514 ], [ 88.378449485496475, 22.474161171282233 ], [ 88.378501195804574, 22.474149268576468 ], [ 88.378607106507474, 22.474127735959474 ], [ 88.378720397885019, 22.474103847532017 ], [ 88.378764413946371, 22.474062191317593 ], [ 88.378750598024553, 22.473910923268456 ], [ 88.378960130207815, 22.473886226348792 ] ] } },
{ "type": "Feature", "properties": { "ward": 101, "source_sheet": "101_baghajatin.pdf p1", "source": "KMC ward sewerage network map (ArcMap GeoPDF)", "extraction_method": "geopdf_vector", "georef_max_residual_m": 0.1, "conduit_type": "pipe", "pipe_diameter_mm": 450.0, "diameter_source": "legend_colour", "diameter_candidates_mm": null, "label_diameter_mm": 450.0, "label_agrees": true, "scheme": null, "flow_arrow": "end" }, "geometry": { "type": "LineString", "coordinates": [ [ 88.378137402028898, 22.473539905788666 ], [ 88.378203806504075, 22.473516411340558 ], [ 88.378280037093134, 22.473488246954119 ], [ 88.378348886861872, 22.473462438258512 ], [ 88.378335698036111, 22.473375388493682 ], [ 88.37830523519844, 22.473288483756463 ], [ 88.378277329620843, 22.473210732275739 ], [ 88.378246866860977, 22.473123827522123 ], [ 88.378218938979614, 22.473043782554491 ], [ 88.378191078254389, 22.47297061809126 ], [ 88.378355944512066, 22.472921066334404 ], [ 88.378474058503983, 22.472885669135763 ], [ 88.378582323968246, 22.472852648214836 ], [ 88.378636479112799, 22.472838431294775 ] ] } },
{ "type": "Feature", "properties": { "ward": 101, "source_sheet": "101_baghajatin.pdf p1", "source": "KMC ward sewerage network map (ArcMap GeoPDF)", "extraction_method": "geopdf_vector", "georef_max_residual_m": 0.1, "conduit_type": "pipe", "pipe_diameter_mm": 700.0, "diameter_source": "legend_colour", "diameter_candidates_mm": null, "label_diameter_mm": 700.0, "label_agrees": true, "scheme": null, "flow_arrow": "end" }, "geometry": { "type": "LineString", "coordinates": [ [ 88.384018673884313, 22.477593843352498 ], [ 88.383990269731257, 22.477465636012383 ], [ 88.383969538680063, 22.477364888392106 ], [ 88.383943714781836, 22.477248127839786 ], [ 88.383917935877449, 22.477135954210105 ], [ 88.383889442045572, 22.476998572878784 ], [ 88.383863663243289, 22.47688639932808 ], [ 88.383848047713329, 22.476803957977562 ], [ 88.38381971133235, 22.476682631166842 ], [ 88.383848313303602, 22.476579173826252 ], [ 88.383864801102177, 22.476498755551496 ] ] } },
{ "type": "Feature", "properties": { "ward": 101, "source_sheet": "101_baghajatin.pdf p1", "source": "KMC ward sewerage network map (ArcMap GeoPDF)", "extraction_method": "geopdf_vector", "georef_max_residual_m": 0.1, "conduit_type": "pipe", "pipe_diameter_mm": 400.0, "diameter_source": "legend_colour", "diameter_candidates_mm": null, "label_diameter_mm": 400.0, "label_agrees": true, "scheme": null, "flow_arrow": "end" }, "geometry": { "type": "LineString", "coordinates": [ [ 88.383544490095787, 22.476804223408337 ], [ 88.383515143019054, 22.476579688848467 ], [ 88.383507133238496, 22.476517826621443 ] ] } },
{ "type": "Feature", "properties": { "ward": 101, "source_sheet": "101_baghajatin.pdf p1", "source": "KMC ward sewerage network map (ArcMap GeoPDF)", "extraction_method": "geopdf_vector", "georef_max_residual_m": 0.1, "conduit_type": "pipe", "pipe_diameter_mm": 400.0, "diameter_source": "legend_colour", "diameter_candidates_mm": null, "label_diameter_mm": 400.0, "label_agrees": true, "scheme": null, "flow_arrow": "end" }, "geometry": { "type": "LineString", "coordinates": [ [ 88.382312987791266, 22.477310037390943 ], [ 88.382416454694663, 22.477290816438778 ], [ 88.382544532063378, 22.477264506963468 ], [ 88.38265291211242, 22.477242950821498 ], [ 88.382877075343927, 22.477199775853496 ], [ 88.38295095133472, 22.477183097530808 ], [ 88.382978051826342, 22.477178281778734 ], [ 88.383071647592175, 22.477159143586981 ], [ 88.383241766619221, 22.477141654108301 ], [ 88.383337919846994, 22.477131668927356 ], [ 88.383525268223991, 22.477109446628926 ], [ 88.383606592350176, 22.477097292633228 ], [ 88.383827950127127, 22.477019734616647 ], [ 88.383889442045572, 22.476998572878784 ] ] } },
{ "type": "Feature", "properties": { "ward": 101, "source_sheet": "101_baghajatin.pdf p1", "source": "KMC ward sewerage network map (ArcMap GeoPDF)", "extraction_method": "geopdf_vector", "georef_max_residual_m": 0.1, "conduit_type": "pipe", "pipe_diameter_mm": 400.0, "diameter_source": "legend_colour", "diameter_candidates_mm": null, "label_diameter_mm": null, "label_agrees": null, "scheme": null, "flow_arrow": "end" }, "geometry": { "type": "LineString", "coordinates": [ [ 88.382573178200687, 22.47691333051052 ], [ 88.382586010907318, 22.476963683701978 ], [ 88.382606583733079, 22.47704837710128 ], [ 88.38263743184919, 22.477174270409837 ], [ 88.38265291211242, 22.477242950821498 ] ] } },
{ "type": "Feature", "properties": { "ward": 101, "source_sheet": "101_baghajatin.pdf p1", "source": "KMC ward sewerage network map (ArcMap GeoPDF)", "extraction_method": "geopdf_vector", "georef_max_residual_m": 0.1, "conduit_type": "pipe", "pipe_diameter_mm": 450.0, "diameter_source": "legend_colour", "diameter_candidates_mm": null, "label_diameter_mm": 450.0, "label_agrees": true, "scheme": null, "flow_arrow": "end" }, "geometry": { "type": "LineString", "coordinates": [ [ 88.37945627051414, 22.472884299840523 ], [ 88.379479129262933, 22.472950625017823 ], [ 88.379517152541851, 22.473053521875947 ], [ 88.37962142322273, 22.473116869127256 ], [ 88.379725111611165, 22.473120585021981 ], [ 88.380129725455959, 22.473108009179764 ], [ 88.380354219133693, 22.473099240617589 ] ] } },
{ "type": "Feature", "properties": { "ward": 101, "source_sheet": "101_baghajatin.pdf p1", "source": "KMC ward sewerage network map (ArcMap GeoPDF)", "extraction_method": "geopdf_vector", "georef_max_residual_m": 0.1, "conduit_type": "pipe", "pipe_diameter_mm": 500.0, "diameter_source": "legend_colour", "diameter_candidates_mm": null, "label_diameter_mm": 500.0, "label_agrees": true, "scheme": "KEIIP", "flow_arrow": "end" }, "geometry": { "type": "LineString", "coordinates": [ [ 88.37936422685695, 22.471545553976267 ], [ 88.379423361564236, 22.471535882390878 ], [ 88.379551456698806, 22.47151186908091 ], [ 88.379691867916094, 22.471485458413767 ], [ 88.379908956094582, 22.47147675281337 ], [ 88.380077004387758, 22.471500570969646 ], [ 88.380166557599381, 22.471573216367286 ], [ 88.380209404392247, 22.471664604037159 ], [ 88.380215348031854, 22.471767770433821 ], [ 88.380221201957923, 22.471861762852352 ], [ 88.380227078403408, 22.471958048643113 ], [ 88.380272303332049, 22.472040241561459 ], [ 88.38038155375196, 22.472108133890416 ], [ 88.380584240155216, 22.472140834956974 ], [ 88.380577330137285, 22.472191354317115 ], [ 88.380568109304463, 22.472257949100879 ], [ 88.380556644988914, 22.472347499621108 ], [ 88.38044313130969, 22.472348454174028 ], [ 88.380437050417214, 22.472483833449022 ], [ 88.380424888618805, 22.472754591897921 ], [ 88.380423160560284, 22.472830298397014 ], [ 88.380418964689653, 22.472906025646878 ], [ 88.380414701585337, 22.472974872391003 ], [ 88.380410976333508, 22.473098763366625 ] ] } },
{ "type": "Feature", "properties": { "ward": 101, "source_sheet": "101_baghajatin.pdf p1", "source": "KMC ward sewerage network map (ArcMap GeoPDF)", "extraction_method": "geopdf_vector", "georef_max_residual_m": 0.1, "conduit_type": "pipe", "pipe_diameter_mm": 750.0, "diameter_source": "legend_colour", "diameter_candidates_mm": null, "label_diameter_mm": 750.0, "label_agrees": true, "scheme": null, "flow_arrow": "end" }, "geometry": { "type": "LineString", "coordinates": [ [ 88.382331791865269, 22.473431241723635 ], [ 88.382031472031244, 22.473509462313135 ], [ 88.381993873464296, 22.473702449292901 ], [ 88.381961008223172, 22.473874753120349 ], [ 88.381852810216387, 22.473914656710757 ], [ 88.381747034901792, 22.473949952523988 ], [ 88.381641281962487, 22.473987541834322 ], [ 88.381598500550751, 22.474155341655077 ], [ 88.381601887971371, 22.47424935461774 ], [ 88.381602874961914, 22.47435026894507 ], [ 88.381603996548563, 22.474464944272015 ], [ 88.38160825884195, 22.474648404021401 ], [ 88.381613396024292, 22.474921310458189 ], [ 88.381618465959534, 22.475187336385044 ], [ 88.381619453008355, 22.475288250699947 ], [ 88.381630916669039, 22.475451006521354 ], [ 88.381639845413019, 22.475606902608781 ], [ 88.381645252035, 22.475655024656486 ], [ 88.381621920575299, 22.475792842739711 ], [ 88.381487226249533, 22.475899486453152 ], [ 88.381493574864933, 22.476043935786514 ], [ 88.381503064335192, 22.476257169529241 ], [ 88.38150986175674, 22.476447488974387 ] ] } },
{ "type": "Feature", "properties": { "ward": 101, "source_sheet": "101_baghajatin.pdf p1", "source": "KMC ward sewerage network map (ArcMap GeoPDF)", "extraction_method": "geopdf_vector", "georef_max_residual_m": 0.1, "conduit_type": "pipe", "pipe_diameter_mm": 300.0, "diameter_source": "legend_colour", "diameter_candidates_mm": null, "label_diameter_mm": 300.0, "label_agrees": true, "scheme": null, "flow_arrow": "end" }, "geometry": { "type": "LineString", "coordinates": [ [ 88.380729209089409, 22.474600751593382 ], [ 88.380852842163094, 22.474624942253801 ], [ 88.380976273480016, 22.474628491310767 ], [ 88.381089721721338, 22.474620655787543 ], [ 88.381205772236655, 22.474626560424024 ], [ 88.381304526256756, 22.474630316867099 ], [ 88.381398367330874, 22.474636408251101 ], [ 88.381487250398578, 22.474640247649418 ], [ 88.381556391655778, 22.474644253154445 ], [ 88.38160825884195, 22.474648404021401 ] ] } },
{ "type": "Feature", "properties": { "ward": 101, "source_sheet": "101_baghajatin.pdf p1", "source": "KMC ward sewerage network map (ArcMap GeoPDF)", "extraction_method": "geopdf_vector", "georef_max_residual_m": 0.1, "conduit_type": "pipe", "pipe_diameter_mm": 375.0, "diameter_source": "legend_colour", "diameter_candidates_mm": null, "label_diameter_mm": 375.0, "label_agrees": true, "scheme": null, "flow_arrow": "end" }, "geometry": { "type": "LineString", "coordinates": [ [ 88.380275620069298, 22.474400427295645 ], [ 88.380306779124169, 22.474558430277224 ], [ 88.380332689020491, 22.474684365697634 ] ] } },
{ "type": "Feature", "properties": { "ward": 101, "source_sheet": "101_baghajatin.pdf p1", "source": "KMC ward sewerage network map (ArcMap GeoPDF)", "extraction_method": "geopdf_vector", "georef_max_residual_m": 0.1, "conduit_type": "pipe", "pipe_diameter_mm": 300.0, "diameter_source": "legend_colour", "diameter_candidates_mm": null, "label_diameter_mm": 300.0, "label_agrees": true, "scheme": null, "flow_arrow": "end" }, "geometry": { "type": "LineString", "coordinates": [ [ 88.380354219133693, 22.473099240617589 ], [ 88.380363034097982, 22.473243669359007 ], [ 88.380368664243449, 22.473314726570511 ], [ 88.380374451269461, 22.473401838356139 ], [ 88.380380103842938, 22.47347518913061 ], [ 88.380391364089661, 22.47361730364198 ] ] } },
{ "type": "Feature", "properties": { "ward": 101, "source_sheet": "101_baghajatin.pdf p1", "source": "KMC ward sewerage network map (ArcMap GeoPDF)", "extraction_method": "geopdf_vector", "georef_max_residual_m": 0.1, "conduit_type": "pipe", "pipe_diameter_mm": 300.0, "diameter_source": "legend_colour", "diameter_candidates_mm": null, "label_diameter_mm": 300.0, "label_agrees": true, "scheme": null, "flow_arrow": "end" }, "geometry": { "type": "LineString", "coordinates": [ [ 88.380036157515192, 22.472877132446968 ], [ 88.379979467709191, 22.472884490067155 ], [ 88.379821736492275, 22.472906459106124 ], [ 88.379713269635445, 22.47291883923014 ], [ 88.379570322195448, 22.472938390212857 ], [ 88.379479129262933, 22.472950625017823 ] ] } },
{ "type": "Feature", "properties": { "ward": 101, "source_sheet": "101_baghajatin.pdf p1", "source": "KMC ward sewerage network map (ArcMap GeoPDF)", "extraction_method": "geopdf_vector", "georef_max_residual_m": 0.1, "conduit_type": "pipe", "pipe_diameter_mm": 225.0, "diameter_source": "legend_colour", "diameter_candidates_mm": null, "label_diameter_mm": 225.0, "label_agrees": true, "scheme": null, "flow_arrow": "end" }, "geometry": { "type": "LineString", "coordinates": [ [ 88.380391364089661, 22.47361730364198 ], [ 88.380344477568158, 22.47361769789697 ], [ 88.380223582083559, 22.473621008066967 ], [ 88.380110067350657, 22.473621962437537 ], [ 88.379917832114728, 22.473648809090868 ], [ 88.379755343885066, 22.473689167737501 ] ] } },
{ "type": "Feature", "properties": { "ward": 101, "source_sheet": "101_baghajatin.pdf p1", "source": "KMC ward sewerage network map (ArcMap GeoPDF)", "extraction_method": "geopdf_vector", "georef_max_residual_m": 0.1, "conduit_type": "pipe", "pipe_diameter_mm": 300.0, "diameter_source": "legend_colour", "diameter_candidates_mm": null, "label_diameter_mm": 300.0, "label_agrees": true, "scheme": null, "flow_arrow": "end" }, "geometry": { "type": "LineString", "coordinates": [ [ 88.379726791571812, 22.473292598174226 ], [ 88.379800755581599, 22.473285095445497 ], [ 88.379985676712479, 22.473267485164687 ], [ 88.380138540086364, 22.473252437945842 ], [ 88.380318615417593, 22.473244042850201 ], [ 88.380363034097982, 22.473243669359007 ] ] } },
{ "type": "Feature", "properties": { "ward": 101, "source_sheet": "101_baghajatin.pdf p1", "source": "KMC ward sewerage network map (ArcMap GeoPDF)", "extraction_method": "geopdf_vector", "georef_max_residual_m": 0.1, "conduit_type": "pipe", "pipe_diameter_mm": 225.0, "diameter_source": "legend_colour", "diameter_candidates_mm": null, "label_diameter_mm": 225.0, "label_agrees": true, "scheme": null, "flow_arrow": "end" }, "geometry": { "type": "LineString", "coordinates": [ [ 88.38198162287874, 22.47219788833517 ], [ 88.381984987996731, 22.472289607737181 ], [ 88.381978257971767, 22.472358475261803 ], [ 88.381958359633231, 22.472594893399869 ], [ 88.381956407948636, 22.47264766490429 ], [ 88.381976463577175, 22.472679607749662 ] ] } },
{ "type": "Feature", "properties": { "ward": 101, "source_sheet": "101_baghajatin.pdf p1", "source": "KMC ward sewerage network map (ArcMap GeoPDF)", "extraction_method": "geopdf_vector", "georef_max_residual_m": 0.1, "conduit_type": "pipe", "pipe_diameter_mm": 400.0, "diameter_source": "legend_colour", "diameter_candidates_mm": null, "label_diameter_mm": 400.0, "label_agrees": true, "scheme": "KEIIP", "flow_arrow": "end" }, "geometry": { "type": "LineString", "coordinates": [ [ 88.386097905336186, 22.476709281353045 ], [ 88.386035311071652, 22.476618062294371 ], [ 88.385977742349695, 22.47653597557461 ], [ 88.385945031410614, 22.476472028444601 ], [ 88.385929639669868, 22.476412522370101 ], [ 88.385898833831604, 22.476291216844512 ], [ 88.385878259166205, 22.476206523953074 ], [ 88.385855216768519, 22.476121851989017 ], [ 88.385670225500022, 22.476132588568291 ] ] } },
{ "type": "Feature", "properties": { "ward": 101, "source_sheet": "101_baghajatin.pdf p1", "source": "KMC ward sewerage network map (ArcMap GeoPDF)", "extraction_method": "geopdf_vector", "georef_max_residual_m": 0.1, "conduit_type": "pipe", "pipe_diameter_mm": 450.0, "diameter_source": "legend_colour", "diameter_candidates_mm": null, "label_diameter_mm": 450.0, "label_agrees": true, "scheme": null, "flow_arrow": "end" }, "geometry": { "type": "LineString", "coordinates": [ [ 88.386641740122684, 22.475039467782846 ], [ 88.386728515952271, 22.475080021102276 ], [ 88.386827405356897, 22.475097535107299 ], [ 88.386933720530351, 22.475117280052572 ], [ 88.38701037787996, 22.475132688146907 ], [ 88.387084544978521, 22.47514582350005 ], [ 88.387247730618384, 22.475176556077646 ], [ 88.387300183753325, 22.475240336076595 ], [ 88.387325897329319, 22.475345628492452 ], [ 88.387359216941235, 22.475471499868327 ], [ 88.387384885557594, 22.475572205247126 ], [ 88.387483019901694, 22.47576404578097 ], [ 88.387571013121814, 22.475928447665062 ], [ 88.387687413800279, 22.476221055949253 ], [ 88.387497599693333, 22.476243303856759 ], [ 88.387068661463317, 22.476292803235712 ], [ 88.386967573682711, 22.476302832308093 ], [ 88.386863973079244, 22.476308295149067 ], [ 88.386765285471498, 22.47631142266431 ], [ 88.386634517133118, 22.476314821153238 ] ] } },
{ "type": "Feature", "properties": { "ward": 101, "source_sheet": "101_baghajatin.pdf p1", "source": "KMC ward sewerage network map (ArcMap GeoPDF)", "extraction_method": "geopdf_vector", "georef_max_residual_m": 0.1, "conduit_type": "pipe", "pipe_diameter_mm": 500.0, "diameter_source": "legend_colour", "diameter_candidates_mm": null, "label_diameter_mm": 500.0, "label_agrees": true, "scheme": null, "flow_arrow": "end" }, "geometry": { "type": "LineString", "coordinates": [ [ 88.383405510635157, 22.473197414510025 ], [ 88.383353778830738, 22.473207025283692 ], [ 88.383299579202159, 22.47321665674129 ], [ 88.383240444140895, 22.473226329864584 ], [ 88.383176373747418, 22.473236044551772 ], [ 88.38311719375497, 22.473241130505208 ], [ 88.38305801386069, 22.473246216531827 ], [ 88.382991453171158, 22.473253658375782 ], [ 88.382912464303587, 22.473252030171157 ], [ 88.382848303960941, 22.4732525706697 ], [ 88.382781653556151, 22.47325083846135 ], [ 88.382534748547243, 22.473239155866878 ], [ 88.382463140272961, 22.473235171529211 ], [ 88.382401425196321, 22.473233397599628 ], [ 88.382349580974221, 22.473231540525315 ] ] } },
{ "type": "Feature", "properties": { "ward": 101, "source_sheet": "101_baghajatin.pdf p1", "source": "KMC ward sewerage network map (ArcMap GeoPDF)", "extraction_method": "geopdf_vector", "georef_max_residual_m": 0.1, "conduit_type": "pipe", "pipe_diameter_mm": 300.0, "diameter_source": "legend_colour", "diameter_candidates_mm": null, "label_diameter_mm": 300.0, "label_agrees": true, "scheme": null, "flow_arrow": "end" }, "geometry": { "type": "LineString", "coordinates": [ [ 88.375858185755476, 22.483284303133932 ], [ 88.375658309136497, 22.483288272357541 ], [ 88.375571933090143, 22.483288996370913 ] ] } },
{ "type": "Feature", "properties": { "ward": 101, "source_sheet": "101_baghajatin.pdf p1", "source": "KMC ward sewerage network map (ArcMap GeoPDF)", "extraction_method": "geopdf_vector", "georef_max_residual_m": 0.1, "conduit_type": "pipe", "pipe_diameter_mm": 300.0, "diameter_source": "legend_colour", "diameter_candidates_mm": null, "label_diameter_mm": 300.0, "label_agrees": true, "scheme": null, "flow_arrow": "end" }, "geometry": { "type": "LineString", "coordinates": [ [ 88.37668949197672, 22.482986032178477 ], [ 88.37674692413502, 22.483054361279244 ], [ 88.376814384364636, 22.483138662119647 ], [ 88.376881978962842, 22.483236723939338 ], [ 88.376959892351337, 22.483380573069216 ], [ 88.376992556448698, 22.483439935154433 ], [ 88.377027755574616, 22.483506156933672 ], [ 88.377085545900883, 22.483611182081464 ] ] } },
{ "type": "Feature", "properties": { "ward": 101, "source_sheet": "101_baghajatin.pdf p1", "source": "KMC ward sewerage network map (ArcMap GeoPDF)", "extraction_method": "geopdf_vector", "georef_max_residual_m": 0.1, "conduit_type": "pipe", "pipe_diameter_mm": 150.0, "diameter_source": "legend_colour", "diameter_candidates_mm": null, "label_diameter_mm": 150.0, "label_agrees": true, "scheme": null, "flow_arrow": "end" }, "geometry": { "type": "LineString", "coordinates": [ [ 88.379676203851062, 22.479736015251824 ], [ 88.379737988960244, 22.479744670678059 ], [ 88.379792505130283, 22.479767149322907 ], [ 88.37984244419242, 22.479826365513134 ], [ 88.379850609597085, 22.479904282534992 ], [ 88.379851259459514, 22.479970794170903 ], [ 88.379851976552786, 22.480044186402605 ], [ 88.379852940151139, 22.480142807168061 ], [ 88.379853702070491, 22.480220786430419 ], [ 88.379854643269397, 22.480317113725324 ] ] } },
{ "type": "Feature", "properties": { "ward": 101, "source_sheet": "101_baghajatin.pdf p1", "source": "KMC ward sewerage network map (ArcMap GeoPDF)", "extraction_method": "geopdf_vector", "georef_max_residual_m": 0.1, "conduit_type": "pipe", "pipe_diameter_mm": 400.0, "diameter_source": "legend_colour", "diameter_candidates_mm": null, "label_diameter_mm": 400.0, "label_agrees": true, "scheme": null, "flow_arrow": "end" }, "geometry": { "type": "LineString", "coordinates": [ [ 88.384292350052505, 22.477566304655689 ], [ 88.384139482648635, 22.47758135611749 ], [ 88.384018673884313, 22.477593843352498 ] ] } },
{ "type": "Feature", "properties": { "ward": 101, "source_sheet": "101_baghajatin.pdf p1", "source": "KMC ward sewerage network map (ArcMap GeoPDF)", "extraction_method": "geopdf_vector", "georef_max_residual_m": 0.1, "conduit_type": "pipe", "pipe_diameter_mm": 300.0, "diameter_source": "legend_colour", "diameter_candidates_mm": null, "label_diameter_mm": 300.0, "label_agrees": true, "scheme": null, "flow_arrow": "end" }, "geometry": { "type": "LineString", "coordinates": [ [ 88.383660037082706, 22.477514294168742 ], [ 88.383646529765187, 22.477395136073657 ], [ 88.383633179857398, 22.477292032423549 ], [ 88.383614579857337, 22.477156861285071 ], [ 88.383606592350176, 22.477097292633228 ] ] } },
{ "type": "Feature", "properties": { "ward": 101, "source_sheet": "101_baghajatin.pdf p1", "source": "KMC ward sewerage network map (ArcMap GeoPDF)", "extraction_method": "geopdf_vector", "georef_max_residual_m": 0.1, "conduit_type": "pipe", "pipe_diameter_mm": 400.0, "diameter_source": "legend_colour", "diameter_candidates_mm": null, "label_diameter_mm": 400.0, "label_agrees": true, "scheme": null, "flow_arrow": "end" }, "geometry": { "type": "LineString", "coordinates": [ [ 88.380371988640434, 22.475170298715781 ], [ 88.380440858935984, 22.475399089147743 ], [ 88.380556347682614, 22.475599963089987 ], [ 88.380726956806399, 22.475885240045059 ], [ 88.380814494039882, 22.476003775875508 ], [ 88.380869479713184, 22.476074417835473 ] ] } },
{ "type": "Feature", "properties": { "ward": 101, "source_sheet": "101_baghajatin.pdf p1", "source": "KMC ward sewerage network map (ArcMap GeoPDF)", "extraction_method": "geopdf_vector", "georef_max_residual_m": 0.1, "conduit_type": "pipe", "pipe_diameter_mm": 300.0, "diameter_source": "legend_colour", "diameter_candidates_mm": null, "label_diameter_mm": 300.0, "label_agrees": true, "scheme": null, "flow_arrow": "end" }, "geometry": { "type": "LineString", "coordinates": [ [ 88.380743411946582, 22.474286395768644 ], [ 88.380719698645649, 22.474385224228133 ], [ 88.380640865904525, 22.474399649418235 ], [ 88.380480463774589, 22.474400998422091 ], [ 88.380349674263627, 22.474402098261674 ], [ 88.380275620069298, 22.474400427295645 ], [ 88.380088072913395, 22.474402004152143 ], [ 88.379952347906197, 22.474403145163009 ], [ 88.379814155255957, 22.474404306801446 ] ] } },
{ "type": "Feature", "properties": { "ward": 101, "source_sheet": "101_baghajatin.pdf p1", "source": "KMC ward sewerage network map (ArcMap GeoPDF)", "extraction_method": "geopdf_vector", "georef_max_residual_m": 0.1, "conduit_type": "pipe", "pipe_diameter_mm": 225.0, "diameter_source": "legend_colour", "diameter_candidates_mm": null, "label_diameter_mm": 225.0, "label_agrees": true, "scheme": null, "flow_arrow": "end" }, "geometry": { "type": "LineString", "coordinates": [ [ 88.379526388043914, 22.473493834029284 ], [ 88.379539488140054, 22.473571709678883 ], [ 88.379550053234652, 22.473642725462021 ], [ 88.379557904350349, 22.473688533422841 ], [ 88.379563265348736, 22.473732068554892 ] ] } },
{ "type": "Feature", "properties": { "ward": 101, "source_sheet": "101_baghajatin.pdf p1", "source": "KMC ward sewerage network map (ArcMap GeoPDF)", "extraction_method": "geopdf_vector", "georef_max_residual_m": 0.1, "conduit_type": "pipe", "pipe_diameter_mm": 225.0, "diameter_source": "legend_colour", "diameter_candidates_mm": null, "label_diameter_mm": 225.0, "label_agrees": true, "scheme": null, "flow_arrow": "end" }, "geometry": { "type": "LineString", "coordinates": [ [ 88.380037197899696, 22.473994153907384 ], [ 88.380050589514013, 22.474101844985956 ], [ 88.380064026070087, 22.474214123190972 ], [ 88.380077350516743, 22.474314933757359 ], [ 88.380088072913395, 22.474402004152143 ] ] } },
{ "type": "Feature", "properties": { "ward": 101, "source_sheet": "101_baghajatin.pdf p1", "source": "KMC ward sewerage network map (ArcMap GeoPDF)", "extraction_method": "geopdf_vector", "georef_max_residual_m": 0.1, "conduit_type": "pipe", "pipe_diameter_mm": 300.0, "diameter_source": "legend_colour", "diameter_candidates_mm": null, "label_diameter_mm": 300.0, "label_agrees": true, "scheme": null, "flow_arrow": "end" }, "geometry": { "type": "LineString", "coordinates": [ [ 88.379981288985746, 22.472565650848892 ], [ 88.379870444416312, 22.472587225880847 ], [ 88.379801505791121, 22.472603861215294 ], [ 88.3797202286204, 22.472620600219305 ], [ 88.379619254677038, 22.472642092029311 ], [ 88.379520748406392, 22.472663563136631 ], [ 88.379422219707621, 22.472682740618747 ] ] } },
{ "type": "Feature", "properties": { "ward": 101, "source_sheet": "101_baghajatin.pdf p1", "source": "KMC ward sewerage network map (ArcMap GeoPDF)", "extraction_method": "geopdf_vector", "georef_max_residual_m": 0.1, "conduit_type": "pipe", "pipe_diameter_mm": 300.0, "diameter_source": "legend_colour", "diameter_candidates_mm": null, "label_diameter_mm": 300.0, "label_agrees": true, "scheme": null, "flow_arrow": "end" }, "geometry": { "type": "LineString", "coordinates": [ [ 88.380087262252019, 22.472803304513825 ], [ 88.380116513062688, 22.47301866604634 ], [ 88.380129725455959, 22.473108009179764 ] ] } },
{ "type": "Feature", "properties": { "ward": 101, "source_sheet": "101_baghajatin.pdf p1", "source": "KMC ward sewerage network map (ArcMap GeoPDF)", "extraction_method": "geopdf_vector", "georef_max_residual_m": 0.1, "conduit_type": "pipe", "pipe_diameter_mm": 225.0, "diameter_source": "legend_colour", "diameter_candidates_mm": null, "label_diameter_mm": 225.0, "label_agrees": true, "scheme": null, "flow_arrow": "end" }, "geometry": { "type": "LineString", "coordinates": [ [ 88.380796688859064, 22.478726541569813 ], [ 88.380772033258708, 22.478729042649508 ], [ 88.380747400080267, 22.478733837288956 ], [ 88.380712873226031, 22.47873642140225 ], [ 88.380668520063878, 22.47874367557721 ], [ 88.380631525392616, 22.47874628052833 ], [ 88.380597021055124, 22.478751158179811 ], [ 88.380542796626898, 22.478758495354121 ], [ 88.380486104378335, 22.478765853267213 ], [ 88.380444196588016, 22.478770793156524 ], [ 88.380412137529035, 22.478773356449999 ], [ 88.380377610758401, 22.478775940586971 ], [ 88.380330767330648, 22.47878092186167 ], [ 88.380278988271399, 22.478785944725736 ], [ 88.380209934610164, 22.47879111284114 ], [ 88.380059533015697, 22.478806139672741 ] ] } },
{ "type": "Feature", "properties": { "ward": 101, "source_sheet": "101_baghajatin.pdf p1", "source": "KMC ward sewerage network map (ArcMap GeoPDF)", "extraction_method": "geopdf_vector", "georef_max_residual_m": 0.1, "conduit_type": "pipe", "pipe_diameter_mm": 300.0, "diameter_source": "legend_colour", "diameter_candidates_mm": null, "label_diameter_mm": 300.0, "label_agrees": true, "scheme": null, "flow_arrow": "end" }, "geometry": { "type": "LineString", "coordinates": [ [ 88.379327125887571, 22.47785582524746 ], [ 88.379428282819291, 22.477852681483885 ], [ 88.379517100751031, 22.477849641362994 ], [ 88.379586176495053, 22.477846767034443 ], [ 88.379682397808736, 22.477843664596215 ], [ 88.379686661182461, 22.477774817886957 ], [ 88.379690857445169, 22.477699090673127 ] ] } },
{ "type": "Feature", "properties": { "ward": 101, "source_sheet": "101_baghajatin.pdf p1", "source": "KMC ward sewerage network map (ArcMap GeoPDF)", "extraction_method": "geopdf_vector", "georef_max_residual_m": 0.1, "conduit_type": "pipe", "pipe_diameter_mm": 300.0, "diameter_source": "legend_colour", "diameter_candidates_mm": null, "label_diameter_mm": 300.0, "label_agrees": true, "scheme": null, "flow_arrow": "end" }, "geometry": { "type": "LineString", "coordinates": [ [ 88.380066363940443, 22.475716474484205 ], [ 88.380150267469631, 22.475715769046438 ], [ 88.380214428917071, 22.475715229565196 ], [ 88.380283503469968, 22.475712354991874 ], [ 88.380414294214887, 22.47571125514424 ] ] } },
{ "type": "Feature", "properties": { "ward": 101, "source_sheet": "101_baghajatin.pdf p1", "source": "KMC ward sewerage network map (ArcMap GeoPDF)", "extraction_method": "geopdf_vector", "georef_max_residual_m": 0.1, "conduit_type": "pipe", "pipe_diameter_mm": 300.0, "diameter_source": "legend_colour", "diameter_candidates_mm": null, "label_diameter_mm": 300.0, "label_agrees": true, "scheme": null, "flow_arrow": "end" }, "geometry": { "type": "LineString", "coordinates": [ [ 88.380745291490939, 22.474983663541884 ], [ 88.380853804652787, 22.474975869587993 ], [ 88.380979569495111, 22.474965636863853 ], [ 88.381142350287618, 22.474955092502022 ], [ 88.381265669758278, 22.474947173788511 ], [ 88.381381563545688, 22.474937023718699 ], [ 88.381499947589887, 22.474929146360545 ], [ 88.381613396024292, 22.474921310458189 ] ] } },
{ "type": "Feature", "properties": { "ward": 101, "source_sheet": "101_baghajatin.pdf p1", "source": "KMC ward sewerage network map (ArcMap GeoPDF)", "extraction_method": "geopdf_vector", "georef_max_residual_m": 0.1, "conduit_type": "pipe", "pipe_diameter_mm": 450.0, "diameter_source": "legend_colour", "diameter_candidates_mm": null, "label_diameter_mm": 450.0, "label_agrees": true, "scheme": "KEIIP", "flow_arrow": "end" }, "geometry": { "type": "LineString", "coordinates": [ [ 88.382177861853194, 22.476363879626188 ], [ 88.382352870727303, 22.476341762632181 ], [ 88.382720431971308, 22.476324904449978 ], [ 88.382915294990028, 22.476314088065511 ], [ 88.3830805673187, 22.476305814446192 ], [ 88.38316198086892, 22.476302834656018 ], [ 88.383354376024656, 22.476292038539444 ], [ 88.383596530657215, 22.47632210912014 ], [ 88.383737394978098, 22.476341564914193 ], [ 88.383875881551575, 22.476370215346527 ], [ 88.383987312620988, 22.476408268602381 ], [ 88.384073931417078, 22.476432768795188 ], [ 88.384160550138375, 22.47645726894071 ], [ 88.384254841929149, 22.47650922875631 ], [ 88.384413655299923, 22.476597343257986 ], [ 88.384502989248134, 22.476647050987381 ], [ 88.38459232336109, 22.4766967586629 ], [ 88.384870264326807, 22.476852678479052 ], [ 88.384949705102414, 22.476900175765998 ], [ 88.385021720109563, 22.476945441924709 ], [ 88.385098693208988, 22.476992959861413 ], [ 88.385160769821354, 22.477031428766672 ], [ 88.385255129836167, 22.47709026834713 ], [ 88.385327122540886, 22.477133240894453 ], [ 88.385414034354838, 22.477187555838974 ], [ 88.385468662796612, 22.477221500085044 ], [ 88.385597774415956, 22.477300689359289 ], [ 88.385788985530226, 22.477420640630257 ], [ 88.385885813848645, 22.47747945907081 ], [ 88.386136589778758, 22.477633312291584 ], [ 88.386501582181992, 22.477857304617736 ], [ 88.386640633574217, 22.477943290082305 ], [ 88.386772236814167, 22.478024751048959 ], [ 88.386881494910483, 22.478092638527801 ], [ 88.386973366018481, 22.478149204318196 ], [ 88.387045359878343, 22.478192176037247 ], [ 88.387109950286955, 22.478235210295619 ] ] } },
{ "type": "Feature", "properties": { "ward": 101, "source_sheet": "101_baghajatin.pdf p1", "source": "KMC ward sewerage network map (ArcMap GeoPDF)", "extraction_method": "geopdf_vector", "georef_max_residual_m": 0.1, "conduit_type": "pipe", "pipe_diameter_mm": 300.0, "diameter_source": "legend_colour", "diameter_candidates_mm": null, "label_diameter_mm": 450.0, "label_agrees": false, "scheme": null, "flow_arrow": "end" }, "geometry": { "type": "LineString", "coordinates": [ [ 88.383113311265248, 22.475365124026961 ], [ 88.383146716958819, 22.475500170522388 ], [ 88.383167244935521, 22.475580276830254 ], [ 88.383198093149673, 22.475706170044592 ] ] } },
{ "type": "Feature", "properties": { "ward": 101, "source_sheet": "101_baghajatin.pdf p1", "source": "KMC ward sewerage network map (ArcMap GeoPDF)", "extraction_method": "geopdf_vector", "georef_max_residual_m": 0.1, "conduit_type": "pipe", "pipe_diameter_mm": 500.0, "diameter_source": "legend_colour", "diameter_candidates_mm": null, "label_diameter_mm": 500.0, "label_agrees": true, "scheme": "KEIIP", "flow_arrow": "end" }, "geometry": { "type": "LineString", "coordinates": [ [ 88.382562979487673, 22.474862853885504 ], [ 88.382646927313331, 22.474866734204525 ], [ 88.382728384947569, 22.474868341704539 ], [ 88.382817268157638, 22.474872180360062 ], [ 88.382962931686691, 22.474877834247749 ], [ 88.383022202202199, 22.474881922279398 ], [ 88.383069044183301, 22.474876940195465 ], [ 88.383120844101725, 22.474874210073249 ], [ 88.383184982623177, 22.474871375962955 ], [ 88.383254034163826, 22.474866206673934 ] ] } },
{ "type": "Feature", "properties": { "ward": 101, "source_sheet": "101_baghajatin.pdf p1", "source": "KMC ward sewerage network map (ArcMap GeoPDF)", "extraction_method": "geopdf_vector", "georef_max_residual_m": 0.1, "conduit_type": "pipe", "pipe_diameter_mm": 450.0, "diameter_source": "legend_colour", "diameter_candidates_mm": null, "label_diameter_mm": 450.0, "label_agrees": true, "scheme": null, "flow_arrow": "end" }, "geometry": { "type": "LineString", "coordinates": [ [ 88.383593922798553, 22.474292212350505 ], [ 88.383589706194627, 22.474365646022996 ], [ 88.38358544476327, 22.474434492761318 ], [ 88.383583673426713, 22.474505612261645 ], [ 88.383579501746581, 22.474583632960854 ], [ 88.383575442387709, 22.474673121277789 ], [ 88.383569544293408, 22.474826848406295 ], [ 88.383372350474275, 22.474851447359182 ], [ 88.383254034163826, 22.474866206673934 ] ] } },
{ "type": "Feature", "properties": { "ward": 101, "source_sheet": "101_baghajatin.pdf p1", "source": "KMC ward sewerage network map (ArcMap GeoPDF)", "extraction_method": "geopdf_vector", "georef_max_residual_m": 0.1, "conduit_type": "pipe", "pipe_diameter_mm": 225.0, "diameter_source": "legend_colour", "diameter_candidates_mm": null, "label_diameter_mm": 225.0, "label_agrees": true, "scheme": null, "flow_arrow": "end" }, "geometry": { "type": "LineString", "coordinates": [ [ 88.382811554168242, 22.472775791729976 ], [ 88.382798656263262, 22.472970864444928 ], [ 88.382785713438238, 22.473161350125476 ], [ 88.382781653556151, 22.47325083846135 ] ] } },
{ "type": "Feature", "properties": { "ward": 101, "source_sheet": "101_baghajatin.pdf p1", "source": "KMC ward sewerage network map (ArcMap GeoPDF)", "extraction_method": "geopdf_vector", "georef_max_residual_m": 0.1, "conduit_type": "pipe", "pipe_diameter_mm": 225.0, "diameter_source": "legend_colour", "diameter_candidates_mm": null, "label_diameter_mm": 225.0, "label_agrees": true, "scheme": null, "flow_arrow": "end" }, "geometry": { "type": "LineString", "coordinates": [ [ 88.382811554168242, 22.472775791729976 ], [ 88.382330353688616, 22.47277984445914 ] ] } },
{ "type": "Feature", "properties": { "ward": 101, "source_sheet": "101_baghajatin.pdf p1", "source": "KMC ward sewerage network map (ArcMap GeoPDF)", "extraction_method": "geopdf_vector", "georef_max_residual_m": 0.1, "conduit_type": "pipe", "pipe_diameter_mm": 500.0, "diameter_source": "legend_colour", "diameter_candidates_mm": null, "label_diameter_mm": 225.0, "label_agrees": false, "scheme": null, "flow_arrow": "end" }, "geometry": { "type": "LineString", "coordinates": [ [ 88.386832001360034, 22.476822352059934 ], [ 88.386763084191884, 22.476841283889641 ], [ 88.38668920893889, 22.476857963928122 ], [ 88.386590746098221, 22.476884026366047 ], [ 88.386502109182672, 22.476905418432445 ], [ 88.386413472339115, 22.476926810354993 ], [ 88.386314986877224, 22.476950579166296 ], [ 88.386233843238955, 22.476981082503958 ], [ 88.386162525650718, 22.477006915508266 ], [ 88.38608384971954, 22.477037397931465 ], [ 88.385892039078485, 22.477107828445963 ], [ 88.38573957748892, 22.477164164404119 ] ] } },
{ "type": "Feature", "properties": { "ward": 101, "source_sheet": "101_baghajatin.pdf p1", "source": "KMC ward sewerage network map (ArcMap GeoPDF)", "extraction_method": "geopdf_vector", "georef_max_residual_m": 0.1, "conduit_type": "pipe", "pipe_diameter_mm": 450.0, "diameter_source": "legend_colour", "diameter_candidates_mm": null, "label_diameter_mm": 450.0, "label_agrees": true, "scheme": null, "flow_arrow": "end" }, "geometry": { "type": "LineString", "coordinates": [ [ 88.38665444840278, 22.476585308318704 ], [ 88.386546092152713, 22.476609160654487 ], [ 88.386477152528272, 22.476625798896102 ], [ 88.386363860772661, 22.476649692804518 ], [ 88.386248123611765, 22.476675901037879 ], [ 88.386144702850501, 22.476699711327964 ], [ 88.386097905336186, 22.476709281353045 ], [ 88.386051490545753, 22.476757840814109 ], [ 88.386073100893043, 22.476948034793779 ], [ 88.38608384971954, 22.477037397931465 ] ] } },
{ "type": "Feature", "properties": { "ward": 101, "source_sheet": "101_baghajatin.pdf p1", "source": "KMC ward sewerage network map (ArcMap GeoPDF)", "extraction_method": "geopdf_vector", "georef_max_residual_m": 0.1, "conduit_type": "pipe", "pipe_diameter_mm": 300.0, "diameter_source": "legend_colour", "diameter_candidates_mm": null, "label_diameter_mm": 300.0, "label_agrees": true, "scheme": null, "flow_arrow": "end" }, "geometry": { "type": "LineString", "coordinates": [ [ 88.385617929462825, 22.476839487180371 ], [ 88.38551957889112, 22.476877016483591 ], [ 88.385440880375228, 22.476905205132933 ], [ 88.38536471709088, 22.476940253403029 ], [ 88.385286086092592, 22.476975322466682 ], [ 88.385207477443757, 22.477012684958769 ] ] } },
{ "type": "Feature", "properties": { "ward": 101, "source_sheet": "101_baghajatin.pdf p1", "source": "KMC ward sewerage network map (ArcMap GeoPDF)", "extraction_method": "geopdf_vector", "georef_max_residual_m": 0.1, "conduit_type": "pipe", "pipe_diameter_mm": 450.0, "diameter_source": "legend_colour", "diameter_candidates_mm": null, "label_diameter_mm": 450.0, "label_agrees": true, "scheme": null, "flow_arrow": "end" }, "geometry": { "type": "LineString", "coordinates": [ [ 88.385051764439183, 22.476234143755764 ], [ 88.38509497573483, 22.476362225846376 ], [ 88.385125533488804, 22.476458303069428 ], [ 88.385168767426251, 22.476588678689676 ], [ 88.385204350806532, 22.476693888189203 ], [ 88.385128075106778, 22.476717468833268 ], [ 88.385181495147123, 22.47687987011324 ], [ 88.385207477443757, 22.477012684958769 ], [ 88.385207949819005, 22.477060848564363 ], [ 88.385208827089187, 22.477150295095853 ] ] } },
{ "type": "Feature", "properties": { "ward": 101, "source_sheet": "101_baghajatin.pdf p1", "source": "KMC ward sewerage network map (ArcMap GeoPDF)", "extraction_method": "geopdf_vector", "georef_max_residual_m": 0.1, "conduit_type": "pipe", "pipe_diameter_mm": 400.0, "diameter_source": "legend_colour", "diameter_candidates_mm": null, "label_diameter_mm": 400.0, "label_agrees": true, "scheme": null, "flow_arrow": "end" }, "geometry": { "type": "LineString", "coordinates": [ [ 88.388142971398068, 22.477875541442717 ], [ 88.388069095804852, 22.477892222035408 ], [ 88.387689868917306, 22.477978001908514 ], [ 88.387244146554195, 22.478078105092656 ], [ 88.387101578254004, 22.47813665228627 ] ] } },
{ "type": "Feature", "properties": { "ward": 101, "source_sheet": "101_baghajatin.pdf p1", "source": "KMC ward sewerage network map (ArcMap GeoPDF)", "extraction_method": "geopdf_vector", "georef_max_residual_m": 0.1, "conduit_type": "pipe", "pipe_diameter_mm": 300.0, "diameter_source": "legend_colour", "diameter_candidates_mm": null, "label_diameter_mm": 300.0, "label_agrees": true, "scheme": null, "flow_arrow": "end" }, "geometry": { "type": "LineString", "coordinates": [ [ 88.380483282104308, 22.481506841832765 ], [ 88.380484897857229, 22.48141966788015 ], [ 88.380363905940754, 22.481413804527179 ], [ 88.380250317611129, 22.481407878816597 ], [ 88.380253908295231, 22.481270226953065 ], [ 88.380255389797384, 22.481169291899459 ], [ 88.380249355654257, 22.481056951676159 ], [ 88.380246439463548, 22.481011102311896 ], [ 88.380262145148293, 22.480850411607566 ], [ 88.380277806076236, 22.480685133868359 ] ] } },
{ "type": "Feature", "properties": { "ward": 101, "source_sheet": "101_baghajatin.pdf p1", "source": "KMC ward sewerage network map (ArcMap GeoPDF)", "extraction_method": "geopdf_vector", "georef_max_residual_m": 0.1, "conduit_type": "pipe", "pipe_diameter_mm": 225.0, "diameter_source": "legend_colour", "diameter_candidates_mm": null, "label_diameter_mm": 225.0, "label_agrees": true, "scheme": null, "flow_arrow": "end" }, "geometry": { "type": "LineString", "coordinates": [ [ 88.385558064083241, 22.481051209631886 ], [ 88.385524609426398, 22.480911576986248 ] ] } },
{ "type": "Feature", "properties": { "ward": 101, "source_sheet": "101_baghajatin.pdf p1", "source": "KMC ward sewerage network map (ArcMap GeoPDF)", "extraction_method": "geopdf_vector", "georef_max_residual_m": 0.1, "conduit_type": "pipe", "pipe_diameter_mm": 450.0, "diameter_source": "legend_colour", "diameter_candidates_mm": null, "label_diameter_mm": null, "label_agrees": null, "scheme": null, "flow_arrow": "end" }, "geometry": { "type": "LineString", "coordinates": [ [ 88.386084972655965, 22.482432148875329 ], [ 88.386247603942721, 22.482405544523154 ], [ 88.386306629899352, 22.482384402623374 ], [ 88.386419273302451, 22.482293997103074 ], [ 88.386473160756893, 22.482252255312424 ] ] } },
{ "type": "Feature", "properties": { "ward": 101, "source_sheet": "101_baghajatin.pdf p1", "source": "KMC ward sewerage network map (ArcMap GeoPDF)", "extraction_method": "geopdf_vector", "georef_max_residual_m": 0.1, "conduit_type": "pipe", "pipe_diameter_mm": 225.0, "diameter_source": "legend_colour", "diameter_candidates_mm": null, "label_diameter_mm": 450.0, "label_agrees": false, "scheme": null, "flow_arrow": "end" }, "geometry": { "type": "LineString", "coordinates": [ [ 88.38621198199742, 22.482548054150264 ], [ 88.386194166583493, 22.482493156145249 ], [ 88.386178954050962, 22.482451998251644 ], [ 88.386128043247297, 22.482294163654966 ], [ 88.38609261520557, 22.482205009055804 ], [ 88.386055327112203, 22.482177799715625 ], [ 88.38601509849444, 22.482102447746332 ], [ 88.385981688094191, 22.481967402172959 ] ] } },
{ "type": "Feature", "properties": { "ward": 101, "source_sheet": "101_baghajatin.pdf p1", "source": "KMC ward sewerage network map (ArcMap GeoPDF)", "extraction_method": "geopdf_vector", "georef_max_residual_m": 0.1, "conduit_type": "pipe", "pipe_diameter_mm": 600.0, "diameter_source": "legend_colour", "diameter_candidates_mm": null, "label_diameter_mm": 600.0, "label_agrees": true, "scheme": null, "flow_arrow": "end" }, "geometry": { "type": "LineString", "coordinates": [ [ 88.377583733838179, 22.478260394960945 ], [ 88.377749165714107, 22.478268181261885 ], [ 88.377838073599364, 22.478274316029442 ], [ 88.378030673648226, 22.478284167635557 ] ] } },
{ "type": "Feature", "properties": { "ward": 101, "source_sheet": "101_baghajatin.pdf p1", "source": "KMC ward sewerage network map (ArcMap GeoPDF)", "extraction_method": "geopdf_vector", "georef_max_residual_m": 0.1, "conduit_type": "pipe", "pipe_diameter_mm": 450.0, "diameter_source": "legend_colour", "diameter_candidates_mm": null, "label_diameter_mm": 450.0, "label_agrees": true, "scheme": null, "flow_arrow": "end" }, "geometry": { "type": "LineString", "coordinates": [ [ 88.378746038682237, 22.478500648587186 ], [ 88.378575917163232, 22.478518133429617 ], [ 88.378487188192736, 22.478530347126679 ], [ 88.378403350162799, 22.478537932289505 ], [ 88.378326937837102, 22.478547748805585 ], [ 88.378316462269325, 22.478485906949313 ], [ 88.378303474242429, 22.478419498872896 ], [ 88.378290418981351, 22.478346210192822 ], [ 88.378272316318728, 22.47826149541109 ] ] } },
{ "type": "Feature", "properties": { "ward": 101, "source_sheet": "101_baghajatin.pdf p1", "source": "KMC ward sewerage network map (ArcMap GeoPDF)", "extraction_method": "geopdf_vector", "georef_max_residual_m": 0.1, "conduit_type": "pipe", "pipe_diameter_mm": 225.0, "diameter_source": "legend_colour", "diameter_candidates_mm": null, "label_diameter_mm": 225.0, "label_agrees": true, "scheme": null, "flow_arrow": "end" }, "geometry": { "type": "LineString", "coordinates": [ [ 88.381905271147204, 22.479024566298154 ], [ 88.381938856206276, 22.479177961019939 ], [ 88.382057154009175, 22.479160909019345 ], [ 88.382126162846859, 22.479151153078448 ], [ 88.3822370794866, 22.479136456857166 ], [ 88.382350441569443, 22.479119446212444 ] ] } },
{ "type": "Feature", "properties": { "ward": 101, "source_sheet": "101_baghajatin.pdf p1", "source": "KMC ward sewerage network map (ArcMap GeoPDF)", "extraction_method": "geopdf_vector", "georef_max_residual_m": 0.1, "conduit_type": "pipe", "pipe_diameter_mm": 225.0, "diameter_source": "legend_colour", "diameter_candidates_mm": null, "label_diameter_mm": 225.0, "label_agrees": true, "scheme": null, "flow_arrow": "end" }, "geometry": { "type": "LineString", "coordinates": [ [ 88.382660826081519, 22.479311795583406 ], [ 88.38257218701456, 22.479333185589788 ], [ 88.382500777663068, 22.479349842910651 ], [ 88.382463850244335, 22.47935932878233 ], [ 88.382426922922917, 22.479368814644921 ] ] } },
{ "type": "Feature", "properties": { "ward": 101, "source_sheet": "101_baghajatin.pdf p1", "source": "KMC ward sewerage network map (ArcMap GeoPDF)", "extraction_method": "geopdf_vector", "georef_max_residual_m": 0.1, "conduit_type": "pipe", "pipe_diameter_mm": 300.0, "diameter_source": "legend_colour", "diameter_candidates_mm": null, "label_diameter_mm": 300.0, "label_agrees": true, "scheme": null, "flow_arrow": "end" }, "geometry": { "type": "LineString", "coordinates": [ [ 88.382641438622358, 22.478844045524486 ], [ 88.382523298448305, 22.47887715239079 ], [ 88.382412471753199, 22.478901022854597 ], [ 88.382326255814874, 22.478917804900952 ], [ 88.382291773860672, 22.478924976381546 ] ] } },
{ "type": "Feature", "properties": { "ward": 101, "source_sheet": "101_baghajatin.pdf p1", "source": "KMC ward sewerage network map (ArcMap GeoPDF)", "extraction_method": "geopdf_vector", "georef_max_residual_m": 0.1, "conduit_type": "pipe", "pipe_diameter_mm": 300.0, "diameter_source": "legend_colour", "diameter_candidates_mm": null, "label_diameter_mm": 300.0, "label_agrees": true, "scheme": null, "flow_arrow": "end" }, "geometry": { "type": "LineString", "coordinates": [ [ 88.381731917954227, 22.478459483452454 ], [ 88.381747083710593, 22.478496054845131 ], [ 88.381767274848258, 22.478541758742672 ], [ 88.381787465999921, 22.478587462636764 ], [ 88.381797584071663, 22.478612608049012 ], [ 88.381812749864906, 22.478649179528684 ], [ 88.381891607272848, 22.478637047124668 ], [ 88.382027134303613, 22.47861526269195 ], [ 88.382071487332681, 22.478608008148608 ], [ 88.382110904738511, 22.478600795156286 ], [ 88.382140473452239, 22.478595958748173 ] ] } },
{ "type": "Feature", "properties": { "ward": 101, "source_sheet": "101_baghajatin.pdf p1", "source": "KMC ward sewerage network map (ArcMap GeoPDF)", "extraction_method": "geopdf_vector", "georef_max_residual_m": 0.1, "conduit_type": "pipe", "pipe_diameter_mm": 300.0, "diameter_source": "legend_colour", "diameter_candidates_mm": null, "label_diameter_mm": 300.0, "label_agrees": true, "scheme": null, "flow_arrow": "end" }, "geometry": { "type": "LineString", "coordinates": [ [ 88.382398941300593, 22.478527264777327 ], [ 88.382335652490212, 22.478364945614622 ], [ 88.382302516094882, 22.478257421069024 ], [ 88.382418053417268, 22.478210574085558 ], [ 88.382474610495251, 22.478189454520297 ] ] } },
{ "type": "Feature", "properties": { "ward": 101, "source_sheet": "101_baghajatin.pdf p1", "source": "KMC ward sewerage network map (ArcMap GeoPDF)", "extraction_method": "geopdf_vector", "georef_max_residual_m": 0.1, "conduit_type": "pipe", "pipe_diameter_mm": 300.0, "diameter_source": "legend_colour", "diameter_candidates_mm": null, "label_diameter_mm": 300.0, "label_agrees": true, "scheme": null, "flow_arrow": "end" }, "geometry": { "type": "LineString", "coordinates": [ [ 88.383782047628955, 22.479639518608224 ], [ 88.383717996729516, 22.479651527115678 ], [ 88.383646542441852, 22.479663598015236 ], [ 88.383562659230421, 22.479666598855694 ], [ 88.383471349962562, 22.479667368598381 ], [ 88.383375127606811, 22.479670473357213 ], [ 88.383364312807316, 22.47957422949878 ], [ 88.38334564513147, 22.479432177878316 ], [ 88.383329670081238, 22.479313040484534 ], [ 88.383423356971377, 22.479303076076256 ], [ 88.383412384912688, 22.479190777578392 ], [ 88.383401614973835, 22.479099120647668 ], [ 88.383398630427351, 22.479046390888509 ], [ 88.383395466153445, 22.478975313119943 ], [ 88.38346184968637, 22.47894952287438 ], [ 88.383614628815764, 22.478925298022478 ], [ 88.383764940071231, 22.478901093835415 ], [ 88.383898021634678, 22.478881622199371 ] ] } },
{ "type": "Feature", "properties": { "ward": 101, "source_sheet": "101_baghajatin.pdf p1", "source": "KMC ward sewerage network map (ArcMap GeoPDF)", "extraction_method": "geopdf_vector", "georef_max_residual_m": 0.1, "conduit_type": "pipe", "pipe_diameter_mm": 450.0, "diameter_source": "legend_colour", "diameter_candidates_mm": null, "label_diameter_mm": null, "label_agrees": null, "scheme": null, "flow_arrow": "end" }, "geometry": { "type": "LineString", "coordinates": [ [ 88.382823060933347, 22.475463904668203 ], [ 88.382913985641295, 22.475424145828267 ], [ 88.382977855061256, 22.475393789708438 ], [ 88.383113311265248, 22.475365124026961 ], [ 88.383334936193705, 22.475315088871003 ] ] } },
{ "type": "Feature", "properties": { "ward": 101, "source_sheet": "101_baghajatin.pdf p1", "source": "KMC ward sewerage network map (ArcMap GeoPDF)", "extraction_method": "geopdf_vector", "georef_max_residual_m": 0.1, "conduit_type": "pipe", "pipe_diameter_mm": 375.0, "diameter_source": "legend_colour", "diameter_candidates_mm": null, "label_diameter_mm": 375.0, "label_agrees": true, "scheme": null, "flow_arrow": "end" }, "geometry": { "type": "LineString", "coordinates": [ [ 88.383577047625437, 22.475592878819391 ], [ 88.383402354540053, 22.475647106282562 ] ] } },
{ "type": "Feature", "properties": { "ward": 101, "source_sheet": "101_baghajatin.pdf p1", "source": "KMC ward sewerage network map (ArcMap GeoPDF)", "extraction_method": "geopdf_vector", "georef_max_residual_m": 0.1, "conduit_type": "pipe", "pipe_diameter_mm": 600.0, "diameter_source": "legend_colour", "diameter_candidates_mm": null, "label_diameter_mm": 600.0, "label_agrees": true, "scheme": "KEIIP", "flow_arrow": "end" }, "geometry": { "type": "LineString", "coordinates": [ [ 88.385051764439183, 22.476234143755764 ], [ 88.385006827627933, 22.476181768042682 ], [ 88.384923216339118, 22.476212291538829 ], [ 88.384773200541858, 22.476266312176556 ], [ 88.384713524793668, 22.476220941785943 ], [ 88.384680791915969, 22.476154700899947 ], [ 88.384648126521014, 22.476095340399858 ], [ 88.384547263441107, 22.476128302987966 ], [ 88.384446400309258, 22.476161265419666 ], [ 88.384365211801722, 22.47618718088583 ], [ 88.384301252449362, 22.476208363503734 ], [ 88.38417577907552, 22.476248414484637 ], [ 88.383924697365771, 22.476314755083074 ], [ 88.383841692440313, 22.476407202655402 ] ] } },
{ "type": "Feature", "properties": { "ward": 101, "source_sheet": "101_baghajatin.pdf p1", "source": "KMC ward sewerage network map (ArcMap GeoPDF)", "extraction_method": "geopdf_vector", "georef_max_residual_m": 0.1, "conduit_type": "pipe", "pipe_diameter_mm": 450.0, "diameter_source": "legend_colour", "diameter_candidates_mm": null, "label_diameter_mm": 450.0, "label_agrees": true, "scheme": null, "flow_arrow": "end" }, "geometry": { "type": "LineString", "coordinates": [ [ 88.38420022721796, 22.475972965138144 ], [ 88.384131287565168, 22.475989602375925 ], [ 88.384032779812713, 22.476011076316137 ], [ 88.383894900402495, 22.476044350527982 ], [ 88.383779163169862, 22.476070556988446 ], [ 88.383675742338426, 22.476094365790253 ] ] } },
{ "type": "Feature", "properties": { "ward": 101, "source_sheet": "101_baghajatin.pdf p1", "source": "KMC ward sewerage network map (ArcMap GeoPDF)", "extraction_method": "geopdf_vector", "georef_max_residual_m": 0.1, "conduit_type": "pipe", "pipe_diameter_mm": 225.0, "diameter_source": "legend_colour", "diameter_candidates_mm": null, "label_diameter_mm": 225.0, "label_agrees": true, "scheme": null, "flow_arrow": "end" }, "geometry": { "type": "LineString", "coordinates": [ [ 88.384351801854521, 22.475322571774633 ], [ 88.384387514121698, 22.475189236390012 ], [ 88.384401219145587, 22.475076729794136 ], [ 88.384417234441855, 22.474948147934906 ] ] } },
{ "type": "Feature", "properties": { "ward": 101, "source_sheet": "101_baghajatin.pdf p1", "source": "KMC ward sewerage network map (ArcMap GeoPDF)", "extraction_method": "geopdf_vector", "georef_max_residual_m": 0.1, "conduit_type": "pipe", "pipe_diameter_mm": 225.0, "diameter_source": "legend_colour", "diameter_candidates_mm": null, "label_diameter_mm": 225.0, "label_agrees": true, "scheme": null, "flow_arrow": "end" }, "geometry": { "type": "LineString", "coordinates": [ [ 88.387733917587269, 22.476683988171938 ], [ 88.387613177676528, 22.476703358527931 ], [ 88.387514602492104, 22.476717954111365 ], [ 88.387413582041958, 22.476734863862934 ], [ 88.387295287271996, 22.476751919662068 ], [ 88.387216431547714, 22.476764054635076 ], [ 88.38713264026471, 22.476776231283619 ], [ 88.386962612501307, 22.476802898863447 ], [ 88.386832001360034, 22.476822352059934 ] ] } },
{ "type": "Feature", "properties": { "ward": 101, "source_sheet": "101_baghajatin.pdf p1", "source": "KMC ward sewerage network map (ArcMap GeoPDF)", "extraction_method": "geopdf_vector", "georef_max_residual_m": 0.1, "conduit_type": "pipe", "pipe_diameter_mm": 225.0, "diameter_source": "legend_colour", "diameter_candidates_mm": null, "label_diameter_mm": 225.0, "label_agrees": true, "scheme": null, "flow_arrow": "end" }, "geometry": { "type": "LineString", "coordinates": [ [ 88.386750537276399, 22.4760661222859 ], [ 88.386819476588997, 22.476049484037446 ], [ 88.386878567471527, 22.476035222535423 ], [ 88.386957355158088, 22.476016207263338 ], [ 88.387270353697261, 22.475972275605972 ], [ 88.387376309031524, 22.475955324155727 ], [ 88.387472438474475, 22.475943043101001 ], [ 88.387571013121814, 22.475928447665062 ] ] } },
{ "type": "Feature", "properties": { "ward": 101, "source_sheet": "101_baghajatin.pdf p1", "source": "KMC ward sewerage network map (ArcMap GeoPDF)", "extraction_method": "geopdf_vector", "georef_max_residual_m": 0.1, "conduit_type": "pipe", "pipe_diameter_mm": 300.0, "diameter_source": "legend_colour", "diameter_candidates_mm": null, "label_diameter_mm": 300.0, "label_agrees": true, "scheme": null, "flow_arrow": "end" }, "geometry": { "type": "LineString", "coordinates": [ [ 88.388311078233187, 22.47614697101487 ], [ 88.38821988427236, 22.476159210827376 ], [ 88.38813113551042, 22.476169136160639 ], [ 88.387892011652397, 22.476196389059634 ], [ 88.387687413800279, 22.476221055949253 ], [ 88.387748194670451, 22.476378806634148 ], [ 88.387761795471675, 22.476507138265905 ], [ 88.387750493268953, 22.476612743651444 ], [ 88.387733917587269, 22.476683988171938 ], [ 88.387802327423955, 22.476864611310706 ], [ 88.38787827600315, 22.477058932667109 ], [ 88.387968625768139, 22.477211845876308 ], [ 88.388066446602465, 22.477371576887716 ], [ 88.388145787911284, 22.47765991073015 ], [ 88.388158893213316, 22.477737785378125 ], [ 88.388169463214822, 22.477808800322144 ], [ 88.388142971398068, 22.477875541442717 ] ] } },
{ "type": "Feature", "properties": { "ward": 101, "source_sheet": "101_baghajatin.pdf p1", "source": "KMC ward sewerage network map (ArcMap GeoPDF)", "extraction_method": "geopdf_vector", "georef_max_residual_m": 0.1, "conduit_type": "pipe", "pipe_diameter_mm": 300.0, "diameter_source": "legend_colour", "diameter_candidates_mm": null, "label_diameter_mm": 300.0, "label_agrees": true, "scheme": null, "flow_arrow": "end" }, "geometry": { "type": "LineString", "coordinates": [ [ 88.381214839827095, 22.473534685110682 ], [ 88.381236330619146, 22.473713412540498 ], [ 88.38124696386302, 22.473791308669217 ], [ 88.381257642076108, 22.473873791923769 ], [ 88.381317069133232, 22.473893935079285 ], [ 88.381383697436235, 22.473893374409815 ], [ 88.3813943533128, 22.473973564085622 ], [ 88.381448665441809, 22.473975400687401 ], [ 88.381503000104175, 22.473979530834036 ], [ 88.381549909155495, 22.473981429800183 ], [ 88.381641281962487, 22.473987541834322 ] ] } },
{ "type": "Feature", "properties": { "ward": 101, "source_sheet": "101_baghajatin.pdf p1", "source": "KMC ward sewerage network map (ArcMap GeoPDF)", "extraction_method": "geopdf_vector", "georef_max_residual_m": 0.1, "conduit_type": "pipe", "pipe_diameter_mm": 300.0, "diameter_source": "legend_colour", "diameter_candidates_mm": null, "label_diameter_mm": 300.0, "label_agrees": true, "scheme": null, "flow_arrow": "end" }, "geometry": { "type": "LineString", "coordinates": [ [ 88.382339622434188, 22.473727062483402 ], [ 88.382213679339202, 22.473718948178849 ], [ 88.382072907583563, 22.47370866496605 ], [ 88.381993873464296, 22.473702449292901 ] ] } },
{ "type": "Feature", "properties": { "ward": 101, "source_sheet": "101_baghajatin.pdf p1", "source": "KMC ward sewerage network map (ArcMap GeoPDF)", "extraction_method": "geopdf_vector", "georef_max_residual_m": 0.1, "conduit_type": "pipe", "pipe_diameter_mm": 225.0, "diameter_source": "legend_colour", "diameter_candidates_mm": null, "label_diameter_mm": 225.0, "label_agrees": true, "scheme": null, "flow_arrow": "end" }, "geometry": { "type": "LineString", "coordinates": [ [ 88.382439408264887, 22.473836319496304 ], [ 88.382459507841503, 22.473620542862456 ], [ 88.382477970126573, 22.473489646841472 ] ] } },
{ "type": "Feature", "properties": { "ward": 101, "source_sheet": "101_baghajatin.pdf p1", "source": "KMC ward sewerage network map (ArcMap GeoPDF)", "extraction_method": "geopdf_vector", "georef_max_residual_m": 0.1, "conduit_type": "pipe", "pipe_diameter_mm": 225.0, "diameter_source": "legend_colour", "diameter_candidates_mm": null, "label_diameter_mm": 225.0, "label_agrees": true, "scheme": null, "flow_arrow": "end" }, "geometry": { "type": "LineString", "coordinates": [ [ 88.382784195926178, 22.474266923681238 ], [ 88.382788278249706, 22.474179728917626 ], [ 88.382796330636381, 22.473993871860625 ], [ 88.382802521361612, 22.473869960161906 ], [ 88.382808375423778, 22.473711645972895 ] ] } },
{ "type": "Feature", "properties": { "ward": 101, "source_sheet": "101_baghajatin.pdf p1", "source": "KMC ward sewerage network map (ArcMap GeoPDF)", "extraction_method": "geopdf_vector", "georef_max_residual_m": 0.1, "conduit_type": "pipe", "pipe_diameter_mm": 300.0, "diameter_source": "legend_colour", "diameter_candidates_mm": null, "label_diameter_mm": 300.0, "label_agrees": true, "scheme": null, "flow_arrow": "end" }, "geometry": { "type": "LineString", "coordinates": [ [ 88.386394400092072, 22.481268927780089 ], [ 88.386368325571837, 22.481126939348488 ], [ 88.386486691740856, 22.48111676452578 ], [ 88.386597631923181, 22.481104358711814 ], [ 88.38659487129604, 22.481074564085883 ], [ 88.38674525174153, 22.481057237514403 ], [ 88.38679061882948, 22.481153189130175 ], [ 88.386828447379742, 22.481235442241768 ], [ 88.386870288005383, 22.481223620188437 ], [ 88.38700323591415, 22.48119038494626 ], [ 88.387118931545686, 22.48115958908042 ], [ 88.387303568732463, 22.481112154470157 ] ] } },
{ "type": "Feature", "properties": { "ward": 101, "source_sheet": "101_baghajatin.pdf p1", "source": "KMC ward sewerage network map (ArcMap GeoPDF)", "extraction_method": "geopdf_vector", "georef_max_residual_m": 0.1, "conduit_type": "pipe", "pipe_diameter_mm": 300.0, "diameter_source": "legend_colour", "diameter_candidates_mm": null, "label_diameter_mm": 300.0, "label_agrees": true, "scheme": null, "flow_arrow": "end" }, "geometry": { "type": "LineString", "coordinates": [ [ 88.387065146882549, 22.480960492675955 ], [ 88.387093329440177, 22.481065764152572 ], [ 88.387118931545686, 22.48115958908042 ] ] } },
{ "type": "Feature", "properties": { "ward": 101, "source_sheet": "101_baghajatin.pdf p1", "source": "KMC ward sewerage network map (ArcMap GeoPDF)", "extraction_method": "geopdf_vector", "georef_max_residual_m": 0.1, "conduit_type": "pipe", "pipe_diameter_mm": 225.0, "diameter_source": "legend_colour", "diameter_candidates_mm": null, "label_diameter_mm": 225.0, "label_agrees": true, "scheme": null, "flow_arrow": "end" }, "geometry": { "type": "LineString", "coordinates": [ [ 88.38688086010086, 22.480792317153892 ], [ 88.386850029829858, 22.480668718502514 ] ] } },
{ "type": "Feature", "properties": { "ward": 101, "source_sheet": "101_baghajatin.pdf p1", "source": "KMC ward sewerage network map (ArcMap GeoPDF)", "extraction_method": "geopdf_vector", "georef_max_residual_m": 0.1, "conduit_type": "pipe", "pipe_diameter_mm": 225.0, "diameter_source": "legend_colour", "diameter_candidates_mm": null, "label_diameter_mm": 225.0, "label_agrees": true, "scheme": null, "flow_arrow": "end" }, "geometry": { "type": "LineString", "coordinates": [ [ 88.387566861112504, 22.480529624959978 ], [ 88.387825194063879, 22.480447161301957 ], [ 88.387777989255824, 22.479913130868546 ], [ 88.387932650071761, 22.479829250109749 ], [ 88.388376157581092, 22.479754394107275 ], [ 88.388900267692577, 22.47959398833321 ] ] } },
{ "type": "Feature", "properties": { "ward": 101, "source_sheet": "101_baghajatin.pdf p1", "source": "KMC ward sewerage network map (ArcMap GeoPDF)", "extraction_method": "geopdf_vector", "georef_max_residual_m": 0.1, "conduit_type": "pipe", "pipe_diameter_mm": 300.0, "diameter_source": "legend_colour", "diameter_candidates_mm": null, "label_diameter_mm": 300.0, "label_agrees": true, "scheme": null, "flow_arrow": "end" }, "geometry": { "type": "LineString", "coordinates": [ [ 88.38085051933983, 22.48196019732093 ], [ 88.380847267340968, 22.4816276391667 ], [ 88.38104227261897, 22.481630585569494 ], [ 88.381103991335877, 22.481632359927683 ], [ 88.381153348404283, 22.481631944547004 ], [ 88.381212599358975, 22.481633739536544 ], [ 88.381271827879928, 22.481633241037649 ] ] } },
{ "type": "Feature", "properties": { "ward": 101, "source_sheet": "101_baghajatin.pdf p1", "source": "KMC ward sewerage network map (ArcMap GeoPDF)", "extraction_method": "geopdf_vector", "georef_max_residual_m": 0.1, "conduit_type": "pipe", "pipe_diameter_mm": 300.0, "diameter_source": "legend_colour", "diameter_candidates_mm": null, "label_diameter_mm": 300.0, "label_agrees": true, "scheme": null, "flow_arrow": "end" }, "geometry": { "type": "LineString", "coordinates": [ [ 88.384871375081858, 22.480992782645323 ], [ 88.385097561331847, 22.480903713486246 ], [ 88.385131975996728, 22.480889660905778 ] ] } },
{ "type": "Feature", "properties": { "ward": 101, "source_sheet": "101_baghajatin.pdf p1", "source": "KMC ward sewerage network map (ArcMap GeoPDF)", "extraction_method": "geopdf_vector", "georef_max_residual_m": 0.1, "conduit_type": "pipe", "pipe_diameter_mm": 400.0, "diameter_source": "legend_colour", "diameter_candidates_mm": null, "label_diameter_mm": 400.0, "label_agrees": true, "scheme": null, "flow_arrow": "end" }, "geometry": { "type": "LineString", "coordinates": [ [ 88.384539082135234, 22.479573497697707 ], [ 88.384571388603959, 22.479596162063981 ], [ 88.384601069747063, 22.479602792710349 ], [ 88.384652803896742, 22.479593181522972 ], [ 88.384724235545818, 22.479578816624009 ], [ 88.384827726288066, 22.479561887619351 ], [ 88.38488930920235, 22.479549899502487 ], [ 88.38497801545391, 22.479535388719565 ], [ 88.385079015806426, 22.479516186823709 ], [ 88.385148002036047, 22.479504136127673 ] ] } },
{ "type": "Feature", "properties": { "ward": 101, "source_sheet": "101_baghajatin.pdf p1", "source": "KMC ward sewerage network map (ArcMap GeoPDF)", "extraction_method": "geopdf_vector", "georef_max_residual_m": 0.1, "conduit_type": "pipe", "pipe_diameter_mm": 300.0, "diameter_source": "legend_colour", "diameter_candidates_mm": null, "label_diameter_mm": 300.0, "label_agrees": true, "scheme": null, "flow_arrow": "end" }, "geometry": { "type": "LineString", "coordinates": [ [ 88.385432319845492, 22.478045242176169 ], [ 88.385481277735934, 22.478255848544077 ], [ 88.385496647036589, 22.478313061088596 ], [ 88.38550957094715, 22.478372587928163 ] ] } },
{ "type": "Feature", "properties": { "ward": 101, "source_sheet": "101_baghajatin.pdf p1", "source": "KMC ward sewerage network map (ArcMap GeoPDF)", "extraction_method": "geopdf_vector", "georef_max_residual_m": 0.1, "conduit_type": "pipe", "pipe_diameter_mm": 450.0, "diameter_source": "legend_colour", "diameter_candidates_mm": null, "label_diameter_mm": 450.0, "label_agrees": true, "scheme": null, "flow_arrow": "end" }, "geometry": { "type": "LineString", "coordinates": [ [ 88.385082720077833, 22.477880753433606 ], [ 88.385039620700681, 22.477764138897598 ], [ 88.384921347160528, 22.477783486475222 ], [ 88.384820325535628, 22.477800394749742 ], [ 88.3847710598519, 22.477809985137334 ] ] } },
{ "type": "Feature", "properties": { "ward": 101, "source_sheet": "101_baghajatin.pdf p1", "source": "KMC ward sewerage network map (ArcMap GeoPDF)", "extraction_method": "geopdf_vector", "georef_max_residual_m": 0.1, "conduit_type": "pipe", "pipe_diameter_mm": 600.0, "diameter_source": "legend_colour", "diameter_candidates_mm": null, "label_diameter_mm": 600.0, "label_agrees": true, "scheme": null, "flow_arrow": "end" }, "geometry": { "type": "LineString", "coordinates": [ [ 88.386832001360034, 22.476822352059934 ], [ 88.386902877902074, 22.477002954685272 ], [ 88.386956615429838, 22.477197464307412 ], [ 88.386890323532313, 22.477232429868113 ], [ 88.386888553933161, 22.477303549201853 ], [ 88.386962619364922, 22.477557523050372 ], [ 88.386975363616358, 22.477598701765459 ], [ 88.387018847444651, 22.477754305231773 ], [ 88.387029304246099, 22.477813852778215 ], [ 88.38703729326798, 22.477873421274889 ], [ 88.387072585483637, 22.477948814774834 ], [ 88.387098299509745, 22.478054107176128 ], [ 88.387101578254004, 22.47813665228627 ], [ 88.387045359878343, 22.478192176037247 ], [ 88.386991609152787, 22.478247678915558 ] ] } },
{ "type": "Feature", "properties": { "ward": 101, "source_sheet": "101_baghajatin.pdf p1", "source": "KMC ward sewerage network map (ArcMap GeoPDF)", "extraction_method": "geopdf_vector", "georef_max_residual_m": 0.1, "conduit_type": "pipe", "pipe_diameter_mm": 300.0, "diameter_source": "legend_colour", "diameter_candidates_mm": null, "label_diameter_mm": 300.0, "label_agrees": true, "scheme": null, "flow_arrow": "end" }, "geometry": { "type": "LineString", "coordinates": [ [ 88.38653083899392, 22.481591185386456 ], [ 88.386569568294362, 22.481765178543128 ], [ 88.386617831316215, 22.481904685775483 ], [ 88.386668584831668, 22.482046465688679 ], [ 88.386713839710325, 22.482130949803203 ], [ 88.386756671725166, 22.482220041680254 ], [ 88.386799458745912, 22.482304546620135 ], [ 88.386868536261105, 22.482301669164418 ] ] } },
{ "type": "Feature", "properties": { "ward": 101, "source_sheet": "101_baghajatin.pdf p1", "source": "KMC ward sewerage network map (ArcMap GeoPDF)", "extraction_method": "geopdf_vector", "georef_max_residual_m": 0.1, "conduit_type": "pipe", "pipe_diameter_mm": 225.0, "diameter_source": "legend_colour", "diameter_candidates_mm": null, "label_diameter_mm": 225.0, "label_agrees": true, "scheme": null, "flow_arrow": "end" }, "geometry": { "type": "LineString", "coordinates": [ [ 88.38614912278733, 22.479413110594859 ], [ 88.386225489789524, 22.479398703354629 ], [ 88.386333893281247, 22.479379438150183 ] ] } },
{ "type": "Feature", "properties": { "ward": 101, "source_sheet": "101_baghajatin.pdf p1", "source": "KMC ward sewerage network map (ArcMap GeoPDF)", "extraction_method": "geopdf_vector", "georef_max_residual_m": 0.1, "conduit_type": "pipe", "pipe_diameter_mm": 225.0, "diameter_source": "legend_colour", "diameter_candidates_mm": null, "label_diameter_mm": 225.0, "label_agrees": true, "scheme": null, "flow_arrow": "end" }, "geometry": { "type": "LineString", "coordinates": [ [ 88.37687614114779, 22.477828235900191 ], [ 88.376886557278453, 22.477630890562335 ], [ 88.376888354345652, 22.477562064555961 ], [ 88.376890553849705, 22.477534521713803 ], [ 88.376838394998074, 22.47750055376282 ] ] } },
{ "type": "Feature", "properties": { "ward": 101, "source_sheet": "101_baghajatin.pdf p1", "source": "KMC ward sewerage network map (ArcMap GeoPDF)", "extraction_method": "geopdf_vector", "georef_max_residual_m": 0.1, "conduit_type": "pipe", "pipe_diameter_mm": 225.0, "diameter_source": "legend_colour", "diameter_candidates_mm": null, "label_diameter_mm": 225.0, "label_agrees": true, "scheme": null, "flow_arrow": "end" }, "geometry": { "type": "LineString", "coordinates": [ [ 88.377113884381785, 22.477658801561628 ], [ 88.377066124370728, 22.477569748003116 ], [ 88.377023434171207, 22.477494414139183 ], [ 88.376998286781799, 22.477446457488305 ] ] } },
{ "type": "Feature", "properties": { "ward": 101, "source_sheet": "101_baghajatin.pdf p1", "source": "KMC ward sewerage network map (ArcMap GeoPDF)", "extraction_method": "geopdf_vector", "georef_max_residual_m": 0.1, "conduit_type": "pipe", "pipe_diameter_mm": 225.0, "diameter_source": "legend_colour", "diameter_candidates_mm": null, "label_diameter_mm": 225.0, "label_agrees": true, "scheme": null, "flow_arrow": "end" }, "geometry": { "type": "LineString", "coordinates": [ [ 88.377434629590553, 22.477649229205095 ], [ 88.377414529455166, 22.47761269866329 ], [ 88.377339176335553, 22.477478002885853 ], [ 88.377298953713407, 22.477402648393543 ], [ 88.377271316093825, 22.477352418928124 ] ] } },
{ "type": "Feature", "properties": { "ward": 101, "source_sheet": "101_baghajatin.pdf p1", "source": "KMC ward sewerage network map (ArcMap GeoPDF)", "extraction_method": "geopdf_vector", "georef_max_residual_m": 0.1, "conduit_type": "pipe", "pipe_diameter_mm": 225.0, "diameter_source": "legend_colour", "diameter_candidates_mm": null, "label_diameter_mm": null, "label_agrees": null, "scheme": null, "flow_arrow": "end" }, "geometry": { "type": "LineString", "coordinates": [ [ 88.377597734331545, 22.477418490668061 ], [ 88.377547372110598, 22.47731569695268 ], [ 88.377522202213015, 22.477265446822933 ] ] } },
{ "type": "Feature", "properties": { "ward": 101, "source_sheet": "101_baghajatin.pdf p1", "source": "KMC ward sewerage network map (ArcMap GeoPDF)", "extraction_method": "geopdf_vector", "georef_max_residual_m": 0.1, "conduit_type": "pipe", "pipe_diameter_mm": 300.0, "diameter_source": "legend_colour", "diameter_candidates_mm": null, "label_diameter_mm": 300.0, "label_agrees": true, "scheme": null, "flow_arrow": "end" }, "geometry": { "type": "LineString", "coordinates": [ [ 88.377096648353444, 22.477156626440323 ], [ 88.376933730304344, 22.477153405739237 ], [ 88.376699224331389, 22.477148491637266 ], [ 88.376474611758354, 22.477145787891295 ], [ 88.376328968121001, 22.477142421720149 ] ] } },
{ "type": "Feature", "properties": { "ward": 101, "source_sheet": "101_baghajatin.pdf p1", "source": "KMC ward sewerage network map (ArcMap GeoPDF)", "extraction_method": "geopdf_vector", "georef_max_residual_m": 0.1, "conduit_type": "pipe", "pipe_diameter_mm": 225.0, "diameter_source": "legend_colour", "diameter_candidates_mm": null, "label_diameter_mm": 225.0, "label_agrees": true, "scheme": null, "flow_arrow": "end" }, "geometry": { "type": "LineString", "coordinates": [ [ 88.381545891061094, 22.478869326990242 ], [ 88.381548807592537, 22.478915176323532 ], [ 88.381551791434561, 22.478967906153198 ], [ 88.381554909896295, 22.479034396975774 ], [ 88.38156309861823, 22.479114607339447 ], [ 88.381571309686578, 22.479197111264867 ], [ 88.381579296501499, 22.479256680040315 ], [ 88.381580036916375, 22.479332365691935 ], [ 88.381580665149656, 22.479396583817106 ], [ 88.38158391826974, 22.479476835722583 ], [ 88.381584883067333, 22.479575456422911 ] ] } },
{ "type": "Feature", "properties": { "ward": 101, "source_sheet": "101_baghajatin.pdf p1", "source": "KMC ward sewerage network map (ArcMap GeoPDF)", "extraction_method": "geopdf_vector", "georef_max_residual_m": 0.1, "conduit_type": "pipe", "pipe_diameter_mm": 225.0, "diameter_source": "legend_colour", "diameter_candidates_mm": null, "label_diameter_mm": 225.0, "label_agrees": true, "scheme": null, "flow_arrow": "end" }, "geometry": { "type": "LineString", "coordinates": [ [ 88.381545891061094, 22.478869326990242 ], [ 88.381476815002117, 22.478872202085391 ], [ 88.381385573576807, 22.47887985111722 ], [ 88.381294332138467, 22.47888750009789 ], [ 88.381171009194063, 22.478895419100642 ], [ 88.381082235439294, 22.478903047195839 ], [ 88.380986080754155, 22.47891303100311 ], [ 88.380872651444051, 22.478923160188867 ], [ 88.380828275707344, 22.478928120943294 ] ] } },
{ "type": "Feature", "properties": { "ward": 101, "source_sheet": "101_baghajatin.pdf p1", "source": "KMC ward sewerage network map (ArcMap GeoPDF)", "extraction_method": "geopdf_vector", "georef_max_residual_m": 0.1, "conduit_type": "pipe", "pipe_diameter_mm": 225.0, "diameter_source": "legend_colour", "diameter_candidates_mm": null, "label_diameter_mm": 225.0, "label_agrees": true, "scheme": null, "flow_arrow": "end" }, "geometry": { "type": "LineString", "coordinates": [ [ 88.381844154205552, 22.476813959797248 ], [ 88.381642358237372, 22.476873000922208 ], [ 88.381592756088764, 22.476848187841767 ] ] } },
{ "type": "Feature", "properties": { "ward": 101, "source_sheet": "101_baghajatin.pdf p1", "source": "KMC ward sewerage network map (ArcMap GeoPDF)", "extraction_method": "geopdf_vector", "georef_max_residual_m": 0.1, "conduit_type": "pipe", "pipe_diameter_mm": 225.0, "diameter_source": "legend_colour", "diameter_candidates_mm": null, "label_diameter_mm": 225.0, "label_agrees": true, "scheme": null, "flow_arrow": "end" }, "geometry": { "type": "LineString", "coordinates": [ [ 88.381957335616548, 22.477030907873033 ], [ 88.382018402269594, 22.477218476658855 ], [ 88.382066748839989, 22.477367159602569 ] ] } },
{ "type": "Feature", "properties": { "ward": 101, "source_sheet": "101_baghajatin.pdf p1", "source": "KMC ward sewerage network map (ArcMap GeoPDF)", "extraction_method": "geopdf_vector", "georef_max_residual_m": 0.1, "conduit_type": "pipe", "pipe_diameter_mm": 225.0, "diameter_source": "legend_colour", "diameter_candidates_mm": null, "label_diameter_mm": null, "label_agrees": null, "scheme": null, "flow_arrow": "end" }, "geometry": { "type": "LineString", "coordinates": [ [ 88.382288914685205, 22.477119863537773 ], [ 88.382312987791266, 22.477310037390943 ] ] } },
{ "type": "Feature", "properties": { "ward": 101, "source_sheet": "101_baghajatin.pdf p1", "source": "KMC ward sewerage network map (ArcMap GeoPDF)", "extraction_method": "geopdf_vector", "georef_max_residual_m": 0.1, "conduit_type": "pipe", "pipe_diameter_mm": 225.0, "diameter_source": "legend_colour", "diameter_candidates_mm": null, "label_diameter_mm": 225.0, "label_agrees": true, "scheme": null, "flow_arrow": "end" }, "geometry": { "type": "LineString", "coordinates": [ [ 88.382394672752156, 22.477586886362143 ], [ 88.382338496091123, 22.477394689259686 ], [ 88.382312987791266, 22.477310037390943 ] ] } },
{ "type": "Feature", "properties": { "ward": 101, "source_sheet": "101_baghajatin.pdf p1", "source": "KMC ward sewerage network map (ArcMap GeoPDF)", "extraction_method": "geopdf_vector", "georef_max_residual_m": 0.1, "conduit_type": "pipe", "pipe_diameter_mm": 225.0, "diameter_source": "legend_colour", "diameter_candidates_mm": null, "label_diameter_mm": 225.0, "label_agrees": true, "scheme": null, "flow_arrow": "end" }, "geometry": { "type": "LineString", "coordinates": [ [ 88.38301333663064, 22.47674906372902 ], [ 88.383012370957843, 22.476650443053664 ], [ 88.383009027348294, 22.476561017226945 ], [ 88.383006020602835, 22.476505993872266 ] ] } },
{ "type": "Feature", "properties": { "ward": 101, "source_sheet": "101_baghajatin.pdf p1", "source": "KMC ward sewerage network map (ArcMap GeoPDF)", "extraction_method": "geopdf_vector", "georef_max_residual_m": 0.1, "conduit_type": "pipe", "pipe_diameter_mm": 225.0, "diameter_source": "legend_colour", "diameter_candidates_mm": null, "label_diameter_mm": 225.0, "label_agrees": true, "scheme": null, "flow_arrow": "end" }, "geometry": { "type": "LineString", "coordinates": [ [ 88.387270753252906, 22.477520513417144 ], [ 88.387209216641708, 22.477537089314325 ], [ 88.387095991784435, 22.477567864344067 ], [ 88.386975363616358, 22.477598701765459 ] ] } },
{ "type": "Feature", "properties": { "ward": 101, "source_sheet": "101_baghajatin.pdf p1", "source": "KMC ward sewerage network map (ArcMap GeoPDF)", "extraction_method": "geopdf_vector", "georef_max_residual_m": 0.1, "conduit_type": "pipe", "pipe_diameter_mm": 300.0, "diameter_source": "legend_colour", "diameter_candidates_mm": null, "label_diameter_mm": 300.0, "label_agrees": true, "scheme": "KEIIP", "flow_arrow": "end" }, "geometry": { "type": "LineString", "coordinates": [ [ 88.387924590311329, 22.478255847163457 ], [ 88.387993993109731, 22.478537384042127 ], [ 88.388012034045019, 22.478615216950853 ], [ 88.388030052562812, 22.478690756298526 ] ] } },
{ "type": "Feature", "properties": { "ward": 101, "source_sheet": "101_baghajatin.pdf p1", "source": "KMC ward sewerage network map (ArcMap GeoPDF)", "extraction_method": "geopdf_vector", "georef_max_residual_m": 0.1, "conduit_type": "pipe", "pipe_diameter_mm": 300.0, "diameter_source": "legend_colour", "diameter_candidates_mm": null, "label_diameter_mm": 300.0, "label_agrees": true, "scheme": null, "flow_arrow": "end" }, "geometry": { "type": "LineString", "coordinates": [ [ 88.386567329810532, 22.478269613532596 ], [ 88.386486117933671, 22.478293236545511 ], [ 88.386439004801701, 22.478270697644202 ], [ 88.386373243813068, 22.478108401044466 ] ] } },
{ "type": "Feature", "properties": { "ward": 101, "source_sheet": "101_baghajatin.pdf p1", "source": "KMC ward sewerage network map (ArcMap GeoPDF)", "extraction_method": "geopdf_vector", "georef_max_residual_m": 0.1, "conduit_type": "pipe", "pipe_diameter_mm": 300.0, "diameter_source": "legend_colour", "diameter_candidates_mm": null, "label_diameter_mm": 300.0, "label_agrees": true, "scheme": null, "flow_arrow": "end" }, "geometry": { "type": "LineString", "coordinates": [ [ 88.38797710392663, 22.479581155686802 ], [ 88.387964404251406, 22.479544564006261 ], [ 88.387946678675547, 22.479498840129921 ], [ 88.387913673043016, 22.479405078035409 ], [ 88.387873083584282, 22.479293030473745 ], [ 88.387819794705052, 22.479144391389838 ], [ 88.387769041269252, 22.479002611795469 ], [ 88.387741151708511, 22.47892715588744 ], [ 88.38771579759964, 22.478858559583848 ] ] } },
{ "type": "Feature", "properties": { "ward": 101, "source_sheet": "101_baghajatin.pdf p1", "source": "KMC ward sewerage network map (ArcMap GeoPDF)", "extraction_method": "geopdf_vector", "georef_max_residual_m": 0.1, "conduit_type": "pipe", "pipe_diameter_mm": 300.0, "diameter_source": "legend_colour", "diameter_candidates_mm": null, "label_diameter_mm": 300.0, "label_agrees": true, "scheme": null, "flow_arrow": "end" }, "geometry": { "type": "LineString", "coordinates": [ [ 88.38768202591281, 22.479189136437075 ], [ 88.387571335379249, 22.47922677137251 ], [ 88.387504907405699, 22.479247976261014 ], [ 88.387416359409954, 22.47927854283288 ] ] } },
{ "type": "Feature", "properties": { "ward": 101, "source_sheet": "101_baghajatin.pdf p1", "source": "KMC ward sewerage network map (ArcMap GeoPDF)", "extraction_method": "geopdf_vector", "georef_max_residual_m": 0.1, "conduit_type": "pipe", "pipe_diameter_mm": 300.0, "diameter_source": "legend_colour", "diameter_candidates_mm": null, "label_diameter_mm": 300.0, "label_agrees": true, "scheme": null, "flow_arrow": "end" }, "geometry": { "type": "LineString", "coordinates": [ [ 88.388737375189294, 22.478840743222065 ], [ 88.388988752012878, 22.478804210487844 ], [ 88.389109200194127, 22.478755023568734 ], [ 88.389150633762696, 22.478701918022587 ] ] } },
{ "type": "Feature", "properties": { "ward": 101, "source_sheet": "101_baghajatin.pdf p1", "source": "KMC ward sewerage network map (ArcMap GeoPDF)", "extraction_method": "geopdf_vector", "georef_max_residual_m": 0.1, "conduit_type": "pipe", "pipe_diameter_mm": 300.0, "diameter_source": "legend_colour", "diameter_candidates_mm": null, "label_diameter_mm": 300.0, "label_agrees": true, "scheme": null, "flow_arrow": "end" }, "geometry": { "type": "LineString", "coordinates": [ [ 88.388566347043195, 22.477761862797479 ], [ 88.388554504205345, 22.477812424092392 ], [ 88.388507268284044, 22.47802843059976 ], [ 88.388517928692039, 22.47810861954169 ], [ 88.388541897648906, 22.478287324511079 ] ] } },
{ "type": "Feature", "properties": { "ward": 101, "source_sheet": "101_baghajatin.pdf p1", "source": "KMC ward sewerage network map (ArcMap GeoPDF)", "extraction_method": "geopdf_vector", "georef_max_residual_m": 0.1, "conduit_type": "pipe", "pipe_diameter_mm": 500.0, "diameter_source": "legend_colour", "diameter_candidates_mm": null, "label_diameter_mm": 500.0, "label_agrees": true, "scheme": "KEIIP", "flow_arrow": "end" }, "geometry": { "type": "LineString", "coordinates": [ [ 88.388541897648906, 22.478287324511079 ], [ 88.388423601757509, 22.47830438119486 ], [ 88.388374313662879, 22.478311679219129 ], [ 88.388204239264951, 22.478333761073973 ] ] } },
{ "type": "Feature", "properties": { "ward": 101, "source_sheet": "101_baghajatin.pdf p1", "source": "KMC ward sewerage network map (ArcMap GeoPDF)", "extraction_method": "geopdf_vector", "georef_max_residual_m": 0.1, "conduit_type": "pipe", "pipe_diameter_mm": 300.0, "diameter_source": "legend_colour", "diameter_candidates_mm": null, "label_diameter_mm": 300.0, "label_agrees": true, "scheme": null, "flow_arrow": "end" }, "geometry": { "type": "LineString", "coordinates": [ [ 88.38737069008927, 22.478398151956636 ], [ 88.387791645327098, 22.47828908312113 ], [ 88.387860563034891, 22.478270150825765 ], [ 88.387924590311329, 22.478255847163457 ], [ 88.387980943692043, 22.478214084174727 ], [ 88.388025296188488, 22.478206828014695 ], [ 88.388178073463237, 22.478182598915975 ], [ 88.388191156304416, 22.47825817999664 ], [ 88.388204239264951, 22.478333761073973 ] ] } },
{ "type": "Feature", "properties": { "ward": 101, "source_sheet": "101_baghajatin.pdf p1", "source": "KMC ward sewerage network map (ArcMap GeoPDF)", "extraction_method": "geopdf_vector", "georef_max_residual_m": 0.1, "conduit_type": "pipe", "pipe_diameter_mm": 225.0, "diameter_source": "legend_colour", "diameter_candidates_mm": null, "label_diameter_mm": 225.0, "label_agrees": true, "scheme": null, "flow_arrow": "end" }, "geometry": { "type": "LineString", "coordinates": [ [ 88.388613753468704, 22.477814216534519 ], [ 88.388554504205345, 22.477812424092392 ], [ 88.388426157178301, 22.47781121630344 ], [ 88.388169463214822, 22.477808800322144 ] ] } },
{ "type": "Feature", "properties": { "ward": 101, "source_sheet": "101_baghajatin.pdf p1", "source": "KMC ward sewerage network map (ArcMap GeoPDF)", "extraction_method": "geopdf_vector", "georef_max_residual_m": 0.1, "conduit_type": "pipe", "pipe_diameter_mm": 300.0, "diameter_source": "legend_colour", "diameter_candidates_mm": null, "label_diameter_mm": 300.0, "label_agrees": true, "scheme": "KEIIP", "flow_arrow": "end" }, "geometry": { "type": "LineString", "coordinates": [ [ 88.3832107267298, 22.475988187905745 ], [ 88.383163951659228, 22.476000050544247 ], [ 88.3831122412615, 22.476011954756856 ], [ 88.383048236853554, 22.476028549855091 ], [ 88.382976806788619, 22.476042913934304 ], [ 88.38289801832704, 22.476061927289646 ], [ 88.382789684243647, 22.476088070579344 ], [ 88.382693666383076, 22.476111816391953 ], [ 88.382609942307894, 22.476130871282081 ], [ 88.382531153736679, 22.476149884462913 ], [ 88.382464659073406, 22.476164206653689 ], [ 88.382419880347371, 22.476127884724654 ], [ 88.382402044823962, 22.476070692579519 ] ] } },
{ "type": "Feature", "properties": { "ward": 101, "source_sheet": "101_baghajatin.pdf p1", "source": "KMC ward sewerage network map (ArcMap GeoPDF)", "extraction_method": "geopdf_vector", "georef_max_residual_m": 0.1, "conduit_type": "pipe", "pipe_diameter_mm": 300.0, "diameter_source": "legend_colour", "diameter_candidates_mm": null, "label_diameter_mm": 300.0, "label_agrees": true, "scheme": null, "flow_arrow": "end" }, "geometry": { "type": "LineString", "coordinates": [ [ 88.382356502983114, 22.47595639140993 ], [ 88.382321460726502, 22.475906225226435 ], [ 88.382271387491414, 22.475833248668444 ], [ 88.38223630030852, 22.475778495528836 ], [ 88.382130680811457, 22.475829846210697 ], [ 88.3820422906781, 22.475876464351455 ], [ 88.38195143272101, 22.475923103127545 ], [ 88.381781584169602, 22.475968113270302 ], [ 88.381493574864933, 22.476043935786514 ] ] } },
{ "type": "Feature", "properties": { "ward": 101, "source_sheet": "101_baghajatin.pdf p1", "source": "KMC ward sewerage network map (ArcMap GeoPDF)", "extraction_method": "geopdf_vector", "georef_max_residual_m": 0.1, "conduit_type": "pipe", "pipe_diameter_mm": 300.0, "diameter_source": "legend_colour", "diameter_candidates_mm": null, "label_diameter_mm": 300.0, "label_agrees": true, "scheme": null, "flow_arrow": "end" }, "geometry": { "type": "LineString", "coordinates": [ [ 88.378979292307989, 22.474837949706561 ], [ 88.379017629277143, 22.474972955718926 ], [ 88.379043202263333, 22.47506448876263 ], [ 88.379071243037501, 22.475156001067727 ], [ 88.379084052005865, 22.475204061053525 ], [ 88.37910475675487, 22.475302516147494 ], [ 88.379130509007524, 22.475412397217905 ], [ 88.379140917445312, 22.475467358435289 ], [ 88.379153771154947, 22.475520005448271 ], [ 88.379169339059814, 22.4755978603763 ] ] } },
{ "type": "Feature", "properties": { "ward": 101, "source_sheet": "101_baghajatin.pdf p1", "source": "KMC ward sewerage network map (ArcMap GeoPDF)", "extraction_method": "geopdf_vector", "georef_max_residual_m": 0.1, "conduit_type": "pipe", "pipe_diameter_mm": 150.0, "diameter_source": "legend_colour", "diameter_candidates_mm": null, "label_diameter_mm": 150.0, "label_agrees": true, "scheme": null, "flow_arrow": "end" }, "geometry": { "type": "LineString", "coordinates": [ [ 88.379228376813117, 22.474819801193423 ], [ 88.379256305680272, 22.474899845922028 ], [ 88.379284256975751, 22.474982184113792 ], [ 88.379304558718914, 22.475039355948372 ], [ 88.379340114780902, 22.475142273535635 ] ] } },
{ "type": "Feature", "properties": { "ward": 101, "source_sheet": "101_baghajatin.pdf p1", "source": "KMC ward sewerage network map (ArcMap GeoPDF)", "extraction_method": "geopdf_vector", "georef_max_residual_m": 0.1, "conduit_type": "pipe", "pipe_diameter_mm": 225.0, "diameter_source": "legend_colour", "diameter_candidates_mm": null, "label_diameter_mm": 225.0, "label_agrees": true, "scheme": null, "flow_arrow": "end" }, "geometry": { "type": "LineString", "coordinates": [ [ 88.380858281615943, 22.476696103433881 ], [ 88.38084760342781, 22.47661362027457 ], [ 88.380834345270543, 22.476519690245095 ], [ 88.380818462519173, 22.476409726500815 ], [ 88.380800044766644, 22.476292903010403 ] ] } },
{ "type": "Feature", "properties": { "ward": 101, "source_sheet": "101_baghajatin.pdf p1", "source": "KMC ward sewerage network map (ArcMap GeoPDF)", "extraction_method": "geopdf_vector", "georef_max_residual_m": 0.1, "conduit_type": "pipe", "pipe_diameter_mm": 300.0, "diameter_source": "legend_colour", "diameter_candidates_mm": null, "label_diameter_mm": 300.0, "label_agrees": true, "scheme": null, "flow_arrow": "end" }, "geometry": { "type": "LineString", "coordinates": [ [ 88.377743335409605, 22.472609678280712 ], [ 88.377792644616363, 22.472604677048309 ], [ 88.377849356939919, 22.472599613668425 ], [ 88.377901133844347, 22.47259459169226 ], [ 88.377960291495086, 22.472587214089678 ], [ 88.377969916151102, 22.472561902661759 ], [ 88.377979518536137, 22.472534297664598 ], [ 88.378053482286234, 22.47252679575239 ], [ 88.378137316744997, 22.472519210946814 ], [ 88.378171842143018, 22.472516627362772 ], [ 88.378206367437457, 22.472514043867832 ], [ 88.378239230600897, 22.47259404741477 ], [ 88.378345005928594, 22.472558753904611 ], [ 88.378428638985085, 22.472530527317804 ], [ 88.378477836236371, 22.472514058327885 ] ] } },
{ "type": "Feature", "properties": { "ward": 101, "source_sheet": "101_baghajatin.pdf p1", "source": "KMC ward sewerage network map (ArcMap GeoPDF)", "extraction_method": "geopdf_vector", "georef_max_residual_m": 0.1, "conduit_type": "pipe", "pipe_diameter_mm": 400.0, "diameter_source": "legend_colour", "diameter_candidates_mm": null, "label_diameter_mm": 400.0, "label_agrees": true, "scheme": null, "flow_arrow": "end" }, "geometry": { "type": "LineString", "coordinates": [ [ 88.376400571349706, 22.476132594164653 ], [ 88.376410943575735, 22.475930661747594 ], [ 88.376414940496431, 22.475834292877082 ], [ 88.37641913844385, 22.475758565645233 ], [ 88.376423336491882, 22.475682838411949 ], [ 88.376433574601805, 22.475467144861099 ], [ 88.376437750192153, 22.475389124153448 ], [ 88.376441903534868, 22.475308809875735 ], [ 88.376443700858886, 22.475239983845572 ], [ 88.376460403493567, 22.474927900810574 ], [ 88.376466421187473, 22.474785641010858 ], [ 88.376474794884459, 22.474631892960286 ], [ 88.376483079080515, 22.474468970919688 ], [ 88.376491072853739, 22.474276233149453 ], [ 88.376495270864638, 22.474200505904992 ], [ 88.376499491118508, 22.474127072229713 ], [ 88.376501243737806, 22.47405365914906 ], [ 88.376505486437381, 22.473982518849649 ] ] } },
{ "type": "Feature", "properties": { "ward": 101, "source_sheet": "101_baghajatin.pdf p1", "source": "KMC ward sewerage network map (ArcMap GeoPDF)", "extraction_method": "geopdf_vector", "georef_max_residual_m": 0.1, "conduit_type": "pipe", "pipe_diameter_mm": 1200.0, "diameter_source": "legend_colour", "diameter_candidates_mm": null, "label_diameter_mm": 1200.0, "label_agrees": true, "scheme": null, "flow_arrow": "end" }, "geometry": { "type": "LineString", "coordinates": [ [ 88.376505486437381, 22.473982518849649 ], [ 88.376504056215481, 22.47383573416408 ], [ 88.3764995549123, 22.473627045332435 ], [ 88.376491679349428, 22.473072036154477 ], [ 88.376489623523639, 22.472861033137125 ], [ 88.37648897549613, 22.472794521252922 ], [ 88.37648570334197, 22.472711975551046 ], [ 88.376484809521315, 22.472620235071862 ], [ 88.376484139158904, 22.472551429711768 ], [ 88.376478744341469, 22.472251000359247 ], [ 88.37647767178764, 22.472140911796597 ], [ 88.376580845409663, 22.47209187899756 ], [ 88.376917443635932, 22.471937672243051 ], [ 88.377155780774615, 22.471830163062268 ], [ 88.377259185988805, 22.471551757997307 ], [ 88.377285614926834, 22.471478137993614 ], [ 88.377360167748947, 22.471277960718311 ] ] } },
{ "type": "Feature", "properties": { "ward": 101, "source_sheet": "101_baghajatin.pdf p1", "source": "KMC ward sewerage network map (ArcMap GeoPDF)", "extraction_method": "geopdf_vector", "georef_max_residual_m": 0.1, "conduit_type": "pipe", "pipe_diameter_mm": 300.0, "diameter_source": "legend_colour", "diameter_candidates_mm": null, "label_diameter_mm": 300.0, "label_agrees": true, "scheme": null, "flow_arrow": "end" }, "geometry": { "type": "LineString", "coordinates": [ [ 88.378475794590827, 22.477362951330608 ], [ 88.378474177478722, 22.477450125462028 ], [ 88.378472358810612, 22.477516657881562 ] ] } },
{ "type": "Feature", "properties": { "ward": 101, "source_sheet": "101_baghajatin.pdf p1", "source": "KMC ward sewerage network map (ArcMap GeoPDF)", "extraction_method": "geopdf_vector", "georef_max_residual_m": 0.1, "conduit_type": "pipe", "pipe_diameter_mm": 300.0, "diameter_source": "legend_colour", "diameter_candidates_mm": null, "label_diameter_mm": 300.0, "label_agrees": true, "scheme": null, "flow_arrow": "end" }, "geometry": { "type": "LineString", "coordinates": [ [ 88.378472358810612, 22.477516657881562 ], [ 88.378553817969902, 22.477518267511687 ], [ 88.378620448187078, 22.477517707896098 ], [ 88.378682165099391, 22.477519483180235 ], [ 88.37879076998189, 22.477520864584292 ] ] } },
{ "type": "Feature", "properties": { "ward": 101, "source_sheet": "101_baghajatin.pdf p1", "source": "KMC ward sewerage network map (ArcMap GeoPDF)", "extraction_method": "geopdf_vector", "georef_max_residual_m": 0.1, "conduit_type": "pipe", "pipe_diameter_mm": 225.0, "diameter_source": "legend_colour", "diameter_candidates_mm": null, "label_diameter_mm": 225.0, "label_agrees": true, "scheme": null, "flow_arrow": "end" }, "geometry": { "type": "LineString", "coordinates": [ [ 88.384953177235786, 22.475744125500096 ], [ 88.384987725605171, 22.475743833984396 ], [ 88.385024719341956, 22.475741228076757 ], [ 88.385021959223337, 22.475711433382305 ], [ 88.385018884254507, 22.475649529609221 ], [ 88.385050447682133, 22.475596508357107 ], [ 88.385047620093687, 22.475559833173207 ], [ 88.385044882465337, 22.47553233194321 ], [ 88.385039497171249, 22.475486503532483 ], [ 88.385034134371551, 22.475442968681413 ], [ 88.385026191482666, 22.475387987041859 ], [ 88.385020806203087, 22.475342158629125 ], [ 88.385017798720057, 22.475287135438226 ], [ 88.385014858706057, 22.475238992641092 ], [ 88.384972997176035, 22.475248520673627 ], [ 88.384936026055158, 22.475253420027833 ], [ 88.384901297910119, 22.475235363425053 ], [ 88.384900645789997, 22.475168851892001 ], [ 88.38489775079502, 22.475125296115273 ], [ 88.384897323547264, 22.475081719612803 ] ] } },
{ "type": "Feature", "properties": { "ward": 101, "source_sheet": "101_baghajatin.pdf p1", "source": "KMC ward sewerage network map (ArcMap GeoPDF)", "extraction_method": "geopdf_vector", "georef_max_residual_m": 0.1, "conduit_type": "pipe", "pipe_diameter_mm": 225.0, "diameter_source": "legend_colour", "diameter_candidates_mm": null, "label_diameter_mm": 225.0, "label_agrees": true, "scheme": null, "flow_arrow": "end" }, "geometry": { "type": "LineString", "coordinates": [ [ 88.384729034066936, 22.475537290607175 ], [ 88.384723379064056, 22.475463940123053 ], [ 88.384715256320007, 22.475390610456248 ], [ 88.384681916607249, 22.475262444945894 ], [ 88.384702552476256, 22.475101712351897 ], [ 88.384712018644464, 22.475060346039545 ], [ 88.384681911195841, 22.475010138759881 ] ] } },
{ "type": "Feature", "properties": { "ward": 101, "source_sheet": "101_baghajatin.pdf p1", "source": "KMC ward sewerage network map (ArcMap GeoPDF)", "extraction_method": "geopdf_vector", "georef_max_residual_m": 0.1, "conduit_type": "pipe", "pipe_diameter_mm": 225.0, "diameter_source": "legend_colour", "diameter_candidates_mm": null, "label_diameter_mm": 225.0, "label_agrees": true, "scheme": null, "flow_arrow": "end" }, "geometry": { "type": "LineString", "coordinates": [ [ 88.385192969427635, 22.47553337602309 ], [ 88.385185093841969, 22.475485274885436 ], [ 88.385177060821391, 22.475421119303803 ], [ 88.385166492690246, 22.475350104056041 ], [ 88.385153254301471, 22.475258468068485 ], [ 88.385131915590833, 22.475095795903552 ] ] } },
{ "type": "Feature", "properties": { "ward": 101, "source_sheet": "101_baghajatin.pdf p1", "source": "KMC ward sewerage network map (ArcMap GeoPDF)", "extraction_method": "geopdf_vector", "georef_max_residual_m": 0.1, "conduit_type": "pipe", "pipe_diameter_mm": 225.0, "diameter_source": "legend_colour", "diameter_candidates_mm": null, "label_diameter_mm": 225.0, "label_agrees": true, "scheme": null, "flow_arrow": "end" }, "geometry": { "type": "LineString", "coordinates": [ [ 88.385418606881728, 22.475389262712554 ], [ 88.385432310974679, 22.475276756073615 ], [ 88.385452675920078, 22.475088501473437 ] ] } },
{ "type": "Feature", "properties": { "ward": 101, "source_sheet": "101_baghajatin.pdf p1", "source": "KMC ward sewerage network map (ArcMap GeoPDF)", "extraction_method": "geopdf_vector", "georef_max_residual_m": 0.1, "conduit_type": "pipe", "pipe_diameter_mm": 225.0, "diameter_source": "legend_colour", "diameter_candidates_mm": null, "label_diameter_mm": 225.0, "label_agrees": true, "scheme": null, "flow_arrow": "end" }, "geometry": { "type": "LineString", "coordinates": [ [ 88.379716339130098, 22.471716916252873 ], [ 88.379700099564758, 22.471570256059589 ], [ 88.379691867916094, 22.471485458413767 ] ] } },
{ "type": "Feature", "properties": { "ward": 101, "source_sheet": "101_baghajatin.pdf p1", "source": "KMC ward sewerage network map (ArcMap GeoPDF)", "extraction_method": "geopdf_vector", "georef_max_residual_m": 0.1, "conduit_type": "pipe", "pipe_diameter_mm": 225.0, "diameter_source": "legend_colour", "diameter_candidates_mm": null, "label_diameter_mm": 225.0, "label_agrees": true, "scheme": null, "flow_arrow": "end" }, "geometry": { "type": "LineString", "coordinates": [ [ 88.37833866174995, 22.474185038804006 ], [ 88.378351738793484, 22.474260621007542 ], [ 88.378359656700368, 22.474313309646941 ], [ 88.378352566782738, 22.474345480886026 ], [ 88.378328113288148, 22.474368623182109 ], [ 88.378278982504668, 22.47439197266662 ], [ 88.378244658137049, 22.474415197826161 ], [ 88.378227741984645, 22.47445203906932 ], [ 88.378218341026567, 22.474500285608976 ], [ 88.378226191669839, 22.474546093650371 ], [ 88.378231462797913, 22.474580454859815 ] ] } },
{ "type": "Feature", "properties": { "ward": 101, "source_sheet": "101_baghajatin.pdf p1", "source": "KMC ward sewerage network map (ArcMap GeoPDF)", "extraction_method": "geopdf_vector", "georef_max_residual_m": 0.1, "conduit_type": "pipe", "pipe_diameter_mm": 300.0, "diameter_source": "legend_colour", "diameter_candidates_mm": null, "label_diameter_mm": 300.0, "label_agrees": true, "scheme": null, "flow_arrow": "end" }, "geometry": { "type": "LineString", "coordinates": [ [ 88.376982297156005, 22.473274354722633 ], [ 88.376935285296696, 22.473008679998824 ] ] } },
{ "type": "Feature", "properties": { "ward": 101, "source_sheet": "101_baghajatin.pdf p1", "source": "KMC ward sewerage network map (ArcMap GeoPDF)", "extraction_method": "geopdf_vector", "georef_max_residual_m": 0.1, "conduit_type": "pipe", "pipe_diameter_mm": 225.0, "diameter_source": "legend_colour", "diameter_candidates_mm": null, "label_diameter_mm": null, "label_agrees": null, "scheme": null, "flow_arrow": "end" }, "geometry": { "type": "LineString", "coordinates": [ [ 88.377572021003772, 22.472251005174325 ], [ 88.377705119793973, 22.472233832480129 ], [ 88.377798802541619, 22.472223871456244 ], [ 88.377912182035089, 22.472209157743375 ], [ 88.378040367697309, 22.47219431957619 ], [ 88.378124291549113, 22.472195908866635 ], [ 88.378259611671425, 22.472153486239066 ] ] } },
{ "type": "Feature", "properties": { "ward": 101, "source_sheet": "101_baghajatin.pdf p1", "source": "KMC ward sewerage network map (ArcMap GeoPDF)", "extraction_method": "geopdf_vector", "georef_max_residual_m": 0.1, "conduit_type": "pipe", "pipe_diameter_mm": 225.0, "diameter_source": "legend_colour", "diameter_candidates_mm": null, "label_diameter_mm": 225.0, "label_agrees": true, "scheme": null, "flow_arrow": "end" }, "geometry": { "type": "LineString", "coordinates": [ [ 88.377343123470922, 22.471807948148374 ], [ 88.377395302582144, 22.47184420953322 ], [ 88.37744250161056, 22.471875925361733 ], [ 88.377509576390324, 22.471921236564629 ], [ 88.377517471331331, 22.471971631715245 ], [ 88.377535617325677, 22.472060933654927 ], [ 88.377548537134345, 22.472120461473533 ], [ 88.377559011719725, 22.472182303372669 ], [ 88.377572021003772, 22.472251005174325 ], [ 88.377597927901334, 22.472376941215064 ], [ 88.377654819060027, 22.472390226071752 ], [ 88.377699326978231, 22.472399027314044 ], [ 88.377709689831889, 22.472449401738174 ], [ 88.377725234025064, 22.472524963324918 ], [ 88.377743335409605, 22.472609678280712 ] ] } },
{ "type": "Feature", "properties": { "ward": 101, "source_sheet": "101_baghajatin.pdf p1", "source": "KMC ward sewerage network map (ArcMap GeoPDF)", "extraction_method": "geopdf_vector", "georef_max_residual_m": 0.1, "conduit_type": "pipe", "pipe_diameter_mm": 300.0, "diameter_source": "legend_colour", "diameter_candidates_mm": null, "label_diameter_mm": 300.0, "label_agrees": true, "scheme": null, "flow_arrow": "end" }, "geometry": { "type": "LineString", "coordinates": [ [ 88.377487335584362, 22.472930650509205 ], [ 88.377398610016144, 22.472942863441318 ], [ 88.377285229855417, 22.472957576919946 ], [ 88.377157088093, 22.472977001470628 ], [ 88.376935285296696, 22.473008679998824 ], [ 88.376821927365981, 22.473025686629938 ], [ 88.376706079336827, 22.473040420307516 ], [ 88.376600124389739, 22.473057364704498 ], [ 88.376491679349428, 22.473072036154477 ] ] } },
{ "type": "Feature", "properties": { "ward": 101, "source_sheet": "101_baghajatin.pdf p1", "source": "KMC ward sewerage network map (ArcMap GeoPDF)", "extraction_method": "geopdf_vector", "georef_max_residual_m": 0.1, "conduit_type": "pipe", "pipe_diameter_mm": 225.0, "diameter_source": "legend_colour", "diameter_candidates_mm": null, "label_diameter_mm": 225.0, "label_agrees": true, "scheme": null, "flow_arrow": "end" }, "geometry": { "type": "LineString", "coordinates": [ [ 88.377343942529365, 22.472145115038185 ], [ 88.377025901200781, 22.47217760100294 ], [ 88.376917443635932, 22.471937672243051 ] ] } },
{ "type": "Feature", "properties": { "ward": 101, "source_sheet": "101_baghajatin.pdf p1", "source": "KMC ward sewerage network map (ArcMap GeoPDF)", "extraction_method": "geopdf_vector", "georef_max_residual_m": 0.1, "conduit_type": "pipe", "pipe_diameter_mm": 225.0, "diameter_source": "legend_colour", "diameter_candidates_mm": null, "label_diameter_mm": 225.0, "label_agrees": true, "scheme": null, "flow_arrow": "end" }, "geometry": { "type": "LineString", "coordinates": [ [ 88.379346530008249, 22.476557430299085 ], [ 88.379342333556025, 22.476633157522041 ], [ 88.379340470498036, 22.476695102996832 ], [ 88.379333963042583, 22.476786905531647 ] ] } },
{ "type": "Feature", "properties": { "ward": 101, "source_sheet": "101_baghajatin.pdf p1", "source": "KMC ward sewerage network map (ArcMap GeoPDF)", "extraction_method": "geopdf_vector", "georef_max_residual_m": 0.1, "conduit_type": "pipe", "pipe_diameter_mm": 300.0, "diameter_source": "legend_colour", "diameter_candidates_mm": null, "label_diameter_mm": 300.0, "label_agrees": true, "scheme": null, "flow_arrow": "end" }, "geometry": { "type": "LineString", "coordinates": [ [ 88.379718391701729, 22.473948666032552 ], [ 88.379736472121223, 22.474031087209585 ], [ 88.379754664568779, 22.474124975829177 ], [ 88.379772812344299, 22.474214277407718 ], [ 88.379790937643037, 22.474301285608419 ], [ 88.379814155255957, 22.474404306801446 ] ] } },
{ "type": "Feature", "properties": { "ward": 101, "source_sheet": "101_baghajatin.pdf p1", "source": "KMC ward sewerage network map (ArcMap GeoPDF)", "extraction_method": "geopdf_vector", "georef_max_residual_m": 0.1, "conduit_type": "pipe", "pipe_diameter_mm": 225.0, "diameter_source": "legend_colour", "diameter_candidates_mm": null, "label_diameter_mm": 225.0, "label_agrees": true, "scheme": null, "flow_arrow": "end" }, "geometry": { "type": "LineString", "coordinates": [ [ 88.383179945483164, 22.479649181536203 ], [ 88.383187933020039, 22.479708750288296 ], [ 88.383195920564276, 22.479768318943655 ], [ 88.383206645414461, 22.479855388859843 ], [ 88.383217437778356, 22.479949339359514 ], [ 88.383227825690767, 22.480002006720412 ], [ 88.38324074894345, 22.480061533769966 ], [ 88.383263970289633, 22.480164554217801 ], [ 88.383279451174246, 22.480233234513125 ], [ 88.383313060669394, 22.48038892229938 ] ] } },
{ "type": "Feature", "properties": { "ward": 101, "source_sheet": "101_baghajatin.pdf p1", "source": "KMC ward sewerage network map (ArcMap GeoPDF)", "extraction_method": "geopdf_vector", "georef_max_residual_m": 0.1, "conduit_type": "pipe", "pipe_diameter_mm": 300.0, "diameter_source": "legend_colour", "diameter_candidates_mm": null, "label_diameter_mm": 300.0, "label_agrees": true, "scheme": null, "flow_arrow": "end" }, "geometry": { "type": "LineString", "coordinates": [ [ 88.385803135765158, 22.48012019560009 ], [ 88.38615567396441, 22.48008051923436 ], [ 88.386209921011101, 22.480075473623945 ], [ 88.386274016860852, 22.480068051147665 ] ] } },
{ "type": "Feature", "properties": { "ward": 101, "source_sheet": "101_baghajatin.pdf p1", "source": "KMC ward sewerage network map (ArcMap GeoPDF)", "extraction_method": "geopdf_vector", "georef_max_residual_m": 0.1, "conduit_type": "pipe", "pipe_diameter_mm": 225.0, "diameter_source": "legend_colour", "diameter_candidates_mm": null, "label_diameter_mm": 225.0, "label_agrees": true, "scheme": null, "flow_arrow": "end" }, "geometry": { "type": "LineString", "coordinates": [ [ 88.377955242293041, 22.475105736763524 ], [ 88.377975834368158, 22.475192724399793 ], [ 88.377991289603841, 22.475259111835932 ], [ 88.37800678970703, 22.475330086402639 ], [ 88.378055735299867, 22.475540695612366 ], [ 88.378071593371175, 22.475648366283597 ], [ 88.378090120612555, 22.475776657761884 ], [ 88.378105866971595, 22.475872860875615 ] ] } },
{ "type": "Feature", "properties": { "ward": 101, "source_sheet": "101_baghajatin.pdf p1", "source": "KMC ward sewerage network map (ArcMap GeoPDF)", "extraction_method": "geopdf_vector", "georef_max_residual_m": 0.1, "conduit_type": "pipe", "pipe_diameter_mm": 600.0, "diameter_source": "legend_colour", "diameter_candidates_mm": null, "label_diameter_mm": 600.0, "label_agrees": true, "scheme": null, "flow_arrow": "end" }, "geometry": { "type": "LineString", "coordinates": [ [ 88.379588172810088, 22.483103899067146 ], [ 88.379718768739465, 22.483082157940629 ], [ 88.379846896833598, 22.483060437364632 ], [ 88.379945455135015, 22.48304355274816 ], [ 88.380196797756383, 22.483002446217697 ], [ 88.380388978365403, 22.482968718119412 ], [ 88.380603369750816, 22.482934802843161 ], [ 88.380669957651136, 22.482929655317118 ], [ 88.380906694339217, 22.482909313764722 ], [ 88.381133559497897, 22.482889055044225 ], [ 88.381316047610795, 22.482873756956376 ], [ 88.381431948061447, 22.482863606527346 ], [ 88.38159962888291, 22.482848432769156 ], [ 88.381809241040088, 22.482830612013895 ], [ 88.381920205630493, 22.482820502798369 ] ] } },
{ "type": "Feature", "properties": { "ward": 101, "source_sheet": "101_baghajatin.pdf p1", "source": "KMC ward sewerage network map (ArcMap GeoPDF)", "extraction_method": "geopdf_vector", "georef_max_residual_m": 0.1, "conduit_type": "pipe", "pipe_diameter_mm": 450.0, "diameter_source": "legend_colour", "diameter_candidates_mm": null, "label_diameter_mm": 450.0, "label_agrees": true, "scheme": null, "flow_arrow": "end" }, "geometry": { "type": "LineString", "coordinates": [ [ 88.379588172810088, 22.483103899067146 ], [ 88.379546308389635, 22.483113425819695 ], [ 88.379403440152075, 22.483142151124909 ], [ 88.379285205867816, 22.483166081854662 ], [ 88.379228556550288, 22.48317802644679 ], [ 88.379152186578722, 22.483192430410014 ], [ 88.379080729977147, 22.483204499391285 ], [ 88.378873808564578, 22.483245230973143 ], [ 88.378725981834393, 22.483271703598955 ], [ 88.378664396623904, 22.48328368946472 ], [ 88.378600343608525, 22.483295696038514 ], [ 88.37853629047784, 22.483307702588242 ], [ 88.378467301644747, 22.483319750572029 ], [ 88.378319429962673, 22.48334163589465 ], [ 88.378260290290328, 22.483351307316077 ], [ 88.378196214711863, 22.483361020264265 ] ] } },
{ "type": "Feature", "properties": { "ward": 101, "source_sheet": "101_baghajatin.pdf p1", "source": "KMC ward sewerage network map (ArcMap GeoPDF)", "extraction_method": "geopdf_vector", "georef_max_residual_m": 0.1, "conduit_type": "pipe", "pipe_diameter_mm": 450.0, "diameter_source": "legend_colour", "diameter_candidates_mm": null, "label_diameter_mm": 450.0, "label_agrees": true, "scheme": "KEIIP", "flow_arrow": "end" }, "geometry": { "type": "LineString", "coordinates": [ [ 88.388695770474783, 22.478625488550293 ], [ 88.388599549136785, 22.478628596386454 ], [ 88.388542812431368, 22.478631370188783 ], [ 88.388478672415729, 22.478634206511813 ], [ 88.38835039227024, 22.478639879178129 ], [ 88.388259128952939, 22.478645238614966 ] ] } },
{ "type": "Feature", "properties": { "ward": 101, "source_sheet": "101_baghajatin.pdf p1", "source": "KMC ward sewerage network map (ArcMap GeoPDF)", "extraction_method": "geopdf_vector", "georef_max_residual_m": 0.1, "conduit_type": "pipe", "pipe_diameter_mm": 500.0, "diameter_source": "legend_colour", "diameter_candidates_mm": null, "label_diameter_mm": 500.0, "label_agrees": true, "scheme": null, "flow_arrow": "end" }, "geometry": { "type": "LineString", "coordinates": [ [ 88.380354219133693, 22.473099240617589 ], [ 88.380410976333508, 22.473098763366625 ], [ 88.380575460689599, 22.47301021971926 ], [ 88.380673653194378, 22.472956638816107 ], [ 88.38087542174938, 22.472895305670669 ], [ 88.380983821179854, 22.472876044267156 ], [ 88.381097133467705, 22.472854447706681 ] ] } },
{ "type": "Feature", "properties": { "ward": 101, "source_sheet": "101_baghajatin.pdf p1", "source": "KMC ward sewerage network map (ArcMap GeoPDF)", "extraction_method": "geopdf_vector", "georef_max_residual_m": 0.1, "conduit_type": "pipe", "pipe_diameter_mm": 300.0, "diameter_source": "legend_colour", "diameter_candidates_mm": null, "label_diameter_mm": 300.0, "label_agrees": true, "scheme": null, "flow_arrow": "end" }, "geometry": { "type": "LineString", "coordinates": [ [ 88.382010654772841, 22.474156459640735 ], [ 88.382019045147487, 22.474257311528717 ], [ 88.382030800926472, 22.474449882977773 ], [ 88.382036791028185, 22.474557636134517 ], [ 88.38204549561442, 22.474690597232385 ], [ 88.38205404324907, 22.474807503669375 ], [ 88.382054424722909, 22.474846493290197 ] ] } },
{ "type": "Feature", "properties": { "ward": 101, "source_sheet": "101_baghajatin.pdf p1", "source": "KMC ward sewerage network map (ArcMap GeoPDF)", "extraction_method": "geopdf_vector", "georef_max_residual_m": 0.1, "conduit_type": "pipe", "pipe_diameter_mm": 300.0, "diameter_source": "legend_colour", "diameter_candidates_mm": null, "label_diameter_mm": 300.0, "label_agrees": true, "scheme": null, "flow_arrow": "end" }, "geometry": { "type": "LineString", "coordinates": [ [ 88.381613396024292, 22.474921310458189 ], [ 88.381684758395679, 22.474900066503281 ], [ 88.38181023140757, 22.474860017575672 ] ] } },
{ "type": "Feature", "properties": { "ward": 101, "source_sheet": "101_baghajatin.pdf p1", "source": "KMC ward sewerage network map (ArcMap GeoPDF)", "extraction_method": "geopdf_vector", "georef_max_residual_m": 0.1, "conduit_type": "pipe", "pipe_diameter_mm": 600.0, "diameter_source": "legend_colour", "diameter_candidates_mm": null, "label_diameter_mm": 600.0, "label_agrees": true, "scheme": null, "flow_arrow": "end" }, "geometry": { "type": "LineString", "coordinates": [ [ 88.382012885805253, 22.477915806089715 ], [ 88.381997652725516, 22.477872354127861 ], [ 88.38196967673062, 22.477787722982612 ], [ 88.381923797881171, 22.477639019146157 ], [ 88.381857705801536, 22.477442317925675 ], [ 88.381817458475084, 22.477364671214954 ], [ 88.381754619683647, 22.47724822175676 ], [ 88.381689290886143, 22.477129499668116 ], [ 88.381648662245652, 22.477012863191579 ], [ 88.381592756088764, 22.476848187841767 ], [ 88.381577455869504, 22.476797855324481 ], [ 88.381557130476963, 22.476738390284844 ] ] } },
{ "type": "Feature", "properties": { "ward": 101, "source_sheet": "101_baghajatin.pdf p1", "source": "KMC ward sewerage network map (ArcMap GeoPDF)", "extraction_method": "geopdf_vector", "georef_max_residual_m": 0.1, "conduit_type": "pipe", "pipe_diameter_mm": 400.0, "diameter_source": "legend_colour", "diameter_candidates_mm": null, "label_diameter_mm": 400.0, "label_agrees": true, "scheme": null, "flow_arrow": "end" }, "geometry": { "type": "LineString", "coordinates": [ [ 88.384521458966972, 22.479034628845675 ], [ 88.384471653206646, 22.478989175162102 ], [ 88.384432770091436, 22.478799126734959 ] ] } },
{ "type": "Feature", "properties": { "ward": 101, "source_sheet": "101_baghajatin.pdf p1", "source": "KMC ward sewerage network map (ArcMap GeoPDF)", "extraction_method": "geopdf_vector", "georef_max_residual_m": 0.1, "conduit_type": "pipe", "pipe_diameter_mm": 500.0, "diameter_source": "legend_colour", "diameter_candidates_mm": null, "label_diameter_mm": 500.0, "label_agrees": true, "scheme": null, "flow_arrow": "end" }, "geometry": { "type": "LineString", "coordinates": [ [ 88.384432770091436, 22.478799126734959 ], [ 88.38440416290743, 22.478650278051834 ], [ 88.384380716223973, 22.478524322752559 ], [ 88.384354666897693, 22.478384627283241 ], [ 88.384308965253453, 22.478254272277276 ] ] } },
{ "type": "Feature", "properties": { "ward": 101, "source_sheet": "101_baghajatin.pdf p1", "source": "KMC ward sewerage network map (ArcMap GeoPDF)", "extraction_method": "geopdf_vector", "georef_max_residual_m": 0.1, "conduit_type": "pipe", "pipe_diameter_mm": 225.0, "diameter_source": "legend_colour", "diameter_candidates_mm": null, "label_diameter_mm": 225.0, "label_agrees": true, "scheme": null, "flow_arrow": "end" }, "geometry": { "type": "LineString", "coordinates": [ [ 88.379032549802602, 22.478523472322298 ], [ 88.378931593892531, 22.478547257471956 ], [ 88.378870010873939, 22.478559243316404 ] ] } },
{ "type": "Feature", "properties": { "ward": 101, "source_sheet": "101_baghajatin.pdf p1", "source": "KMC ward sewerage network map (ArcMap GeoPDF)", "extraction_method": "geopdf_vector", "georef_max_residual_m": 0.1, "conduit_type": "pipe", "pipe_diameter_mm": 300.0, "diameter_source": "legend_colour", "diameter_candidates_mm": null, "label_diameter_mm": 300.0, "label_agrees": true, "scheme": null, "flow_arrow": "end" }, "geometry": { "type": "LineString", "coordinates": [ [ 88.382473639357627, 22.480359296554486 ], [ 88.382457889419612, 22.480263094095847 ], [ 88.382444831761305, 22.480189805887239 ], [ 88.382429194128548, 22.480105071038029 ], [ 88.382418626789956, 22.480034055502699 ], [ 88.382403034097521, 22.479953907579603 ], [ 88.382392421887175, 22.479878305108027 ], [ 88.382391568756816, 22.479791151966264 ] ] } },
{ "type": "Feature", "properties": { "ward": 101, "source_sheet": "101_baghajatin.pdf p1", "source": "KMC ward sewerage network map (ArcMap GeoPDF)", "extraction_method": "geopdf_vector", "georef_max_residual_m": 0.1, "conduit_type": "box_sewer", "pipe_diameter_mm": null, "diameter_source": null, "diameter_candidates_mm": null, "label_diameter_mm": null, "label_agrees": null, "scheme": null, "flow_arrow": "end" }, "geometry": { "type": "LineString", "coordinates": [ [ 88.388559707534824, 22.477337586381871 ], [ 88.388815898926708, 22.478041874969136 ], [ 88.388843608309188, 22.478098982615474 ], [ 88.388873808169521, 22.478158363021411 ], [ 88.388904030612622, 22.478220036880121 ], [ 88.388964430467126, 22.478338797463849 ], [ 88.389002191633054, 22.478414169592106 ], [ 88.389150633762696, 22.478701918022587 ], [ 88.389213592109243, 22.478829831625273 ], [ 88.389281508653539, 22.47895999696858 ], [ 88.389324296049054, 22.479044501148874 ], [ 88.389377157828662, 22.479149563354696 ], [ 88.389435023014812, 22.479261464127632 ], [ 88.389470249296934, 22.479329976532217 ], [ 88.389497981797518, 22.479389377681013 ], [ 88.389550798713344, 22.479489852702827 ], [ 88.389575995861037, 22.479542394160511 ], [ 88.389601170459812, 22.479592642153882 ], [ 88.389626322507297, 22.479640596587501 ], [ 88.389648961612934, 22.479683984995866 ], [ 88.389674136265967, 22.479734232974359 ] ] } },
{ "type": "Feature", "properties": { "ward": 101, "source_sheet": "101_baghajatin.pdf p1", "source": "KMC ward sewerage network map (ArcMap GeoPDF)", "extraction_method": "geopdf_vector", "georef_max_residual_m": 0.1, "conduit_type": "pipe", "pipe_diameter_mm": 400.0, "diameter_source": "legend_colour", "diameter_candidates_mm": null, "label_diameter_mm": 400.0, "label_agrees": true, "scheme": "KEIIP", "flow_arrow": "end" }, "geometry": { "type": "LineString", "coordinates": [ [ 88.379395066046726, 22.471923754967133 ], [ 88.379412747355616, 22.471712586211833 ], [ 88.37936422685695, 22.471545553976267 ] ] } },
{ "type": "Feature", "properties": { "ward": 101, "source_sheet": "101_baghajatin.pdf p1", "source": "KMC ward sewerage network map (ArcMap GeoPDF)", "extraction_method": "geopdf_vector", "georef_max_residual_m": 0.1, "conduit_type": "pipe", "pipe_diameter_mm": 300.0, "diameter_source": "legend_colour", "diameter_candidates_mm": null, "label_diameter_mm": 300.0, "label_agrees": true, "scheme": null, "flow_arrow": "end" }, "geometry": { "type": "LineString", "coordinates": [ [ 88.379395066046726, 22.471923754967133 ], [ 88.379388469096696, 22.472006383468166 ], [ 88.379374984182789, 22.472141824960595 ], [ 88.379382897817322, 22.472446820209118 ] ] } },
{ "type": "Feature", "properties": { "ward": 101, "source_sheet": "101_baghajatin.pdf p1", "source": "KMC ward sewerage network map (ArcMap GeoPDF)", "extraction_method": "geopdf_vector", "georef_max_residual_m": 0.1, "conduit_type": "pipe", "pipe_diameter_mm": 400.0, "diameter_source": "legend_colour", "diameter_candidates_mm": null, "label_diameter_mm": 400.0, "label_agrees": true, "scheme": null, "flow_arrow": "end" }, "geometry": { "type": "LineString", "coordinates": [ [ 88.379382897817322, 22.472446820209118 ], [ 88.379422219707621, 22.472682740618747 ], [ 88.37945627051414, 22.472884299840523 ] ] } },
{ "type": "Feature", "properties": { "ward": 101, "source_sheet": "101_baghajatin.pdf p1", "source": "KMC ward sewerage network map (ArcMap GeoPDF)", "extraction_method": "geopdf_vector", "georef_max_residual_m": 0.1, "conduit_type": "pipe", "pipe_diameter_mm": 300.0, "diameter_source": "legend_colour", "diameter_candidates_mm": null, "label_diameter_mm": 300.0, "label_agrees": true, "scheme": "KEIIP", "flow_arrow": "end" }, "geometry": { "type": "LineString", "coordinates": [ [ 88.379629406301561, 22.471912611099672 ], [ 88.379513470027462, 22.471918172660089 ], [ 88.379395066046726, 22.471923754967133 ] ] } },
{ "type": "Feature", "properties": { "ward": 101, "source_sheet": "101_baghajatin.pdf p1", "source": "KMC ward sewerage network map (ArcMap GeoPDF)", "extraction_method": "geopdf_vector", "georef_max_residual_m": 0.1, "conduit_type": "pipe", "pipe_diameter_mm": 225.0, "diameter_source": "legend_colour", "diameter_candidates_mm": null, "label_diameter_mm": null, "label_agrees": null, "scheme": null, "flow_arrow": "end" }, "geometry": { "type": "LineString", "coordinates": [ [ 88.379190516970624, 22.471952997883211 ], [ 88.379395066046726, 22.471923754967133 ] ] } },
{ "type": "Feature", "properties": { "ward": 101, "source_sheet": "101_baghajatin.pdf p1", "source": "KMC ward sewerage network map (ArcMap GeoPDF)", "extraction_method": "geopdf_vector", "georef_max_residual_m": 0.1, "conduit_type": "pipe", "pipe_diameter_mm": 600.0, "diameter_source": "legend_colour", "diameter_candidates_mm": null, "label_diameter_mm": 600.0, "label_agrees": true, "scheme": null, "flow_arrow": "end" }, "geometry": { "type": "LineString", "coordinates": [ [ 88.381097133467705, 22.472854447706681 ], [ 88.38107048342988, 22.472652826669282 ], [ 88.381065144444833, 22.472611585072663 ], [ 88.381289749414776, 22.472614282786406 ], [ 88.38153162819728, 22.472616834817661 ], [ 88.381711792259523, 22.472617612181196 ], [ 88.381763748417868, 22.472630937007157 ], [ 88.381976463577175, 22.472679607749662 ], [ 88.3820408031754, 22.47269741564493 ], [ 88.382105142686839, 22.472715223610088 ], [ 88.382285800546555, 22.472766457484912 ], [ 88.382308077116591, 22.472773150973623 ], [ 88.382330353688616, 22.47277984445914 ], [ 88.38238547339013, 22.472864247049461 ], [ 88.382374212106527, 22.472974439230999 ], [ 88.382367594578454, 22.473054774288229 ], [ 88.382349580974221, 22.473231540525315 ], [ 88.382340720139851, 22.473334831421983 ], [ 88.382331791865269, 22.473431241723635 ] ] } },
{ "type": "Feature", "properties": { "ward": 101, "source_sheet": "101_baghajatin.pdf p1", "source": "KMC ward sewerage network map (ArcMap GeoPDF)", "extraction_method": "geopdf_vector", "georef_max_residual_m": 0.1, "conduit_type": "pipe", "pipe_diameter_mm": 225.0, "diameter_source": "legend_colour", "diameter_candidates_mm": null, "label_diameter_mm": 225.0, "label_agrees": true, "scheme": null, "flow_arrow": "end" }, "geometry": { "type": "LineString", "coordinates": [ [ 88.381725364874143, 22.472239038139037 ], [ 88.381711792259523, 22.472617612181196 ] ] } },
{ "type": "Feature", "properties": { "ward": 101, "source_sheet": "101_baghajatin.pdf p1", "source": "KMC ward sewerage network map (ArcMap GeoPDF)", "extraction_method": "geopdf_vector", "georef_max_residual_m": 0.1, "conduit_type": "pipe", "pipe_diameter_mm": 225.0, "diameter_source": "legend_colour", "diameter_candidates_mm": null, "label_diameter_mm": 225.0, "label_agrees": true, "scheme": null, "flow_arrow": "end" }, "geometry": { "type": "LineString", "coordinates": [ [ 88.378793478681146, 22.474511511837679 ], [ 88.37871457856501, 22.474519055589493 ], [ 88.378534635675933, 22.474541209998257 ], [ 88.378416318907639, 22.474555965775131 ], [ 88.378295534366856, 22.474570742090346 ], [ 88.378231462797913, 22.474580454859815 ] ] } },
{ "type": "Feature", "properties": { "ward": 101, "source_sheet": "101_baghajatin.pdf p1", "source": "KMC ward sewerage network map (ArcMap GeoPDF)", "extraction_method": "geopdf_vector", "georef_max_residual_m": 0.1, "conduit_type": "pipe", "pipe_diameter_mm": 300.0, "diameter_source": "legend_colour", "diameter_candidates_mm": null, "label_diameter_mm": 300.0, "label_agrees": true, "scheme": null, "flow_arrow": "end" }, "geometry": { "type": "LineString", "coordinates": [ [ 88.379755343885066, 22.473689167737501 ], [ 88.379563265348736, 22.473732068554892 ], [ 88.379472139088051, 22.473751183983669 ], [ 88.379396334130988, 22.473822925538819 ] ] } },
{ "type": "Feature", "properties": { "ward": 101, "source_sheet": "101_baghajatin.pdf p1", "source": "KMC ward sewerage network map (ArcMap GeoPDF)", "extraction_method": "geopdf_vector", "georef_max_residual_m": 0.1, "conduit_type": "pipe", "pipe_diameter_mm": 225.0, "diameter_source": "legend_colour", "diameter_candidates_mm": null, "label_diameter_mm": 225.0, "label_agrees": true, "scheme": null, "flow_arrow": "end" }, "geometry": { "type": "LineString", "coordinates": [ [ 88.377758067163882, 22.472854980305801 ], [ 88.377822406301007, 22.472872790003841 ], [ 88.377877165499228, 22.472920498043852 ], [ 88.377892709849803, 22.472996059602956 ], [ 88.377908343800343, 22.473080795238356 ] ] } },
{ "type": "Feature", "properties": { "ward": 101, "source_sheet": "101_baghajatin.pdf p1", "source": "KMC ward sewerage network map (ArcMap GeoPDF)", "extraction_method": "geopdf_vector", "georef_max_residual_m": 0.1, "conduit_type": "pipe", "pipe_diameter_mm": 225.0, "diameter_source": "legend_colour", "diameter_candidates_mm": null, "label_diameter_mm": 225.0, "label_agrees": true, "scheme": null, "flow_arrow": "end" }, "geometry": { "type": "LineString", "coordinates": [ [ 88.377758067163882, 22.472854980305801 ], [ 88.377752572577293, 22.472797684053013 ], [ 88.377749545705356, 22.472740366994351 ], [ 88.377743335409605, 22.472609678280712 ] ] } },
{ "type": "Feature", "properties": { "ward": 101, "source_sheet": "101_baghajatin.pdf p1", "source": "KMC ward sewerage network map (ArcMap GeoPDF)", "extraction_method": "geopdf_vector", "georef_max_residual_m": 0.1, "conduit_type": "pipe", "pipe_diameter_mm": 150.0, "diameter_source": "legend_colour", "diameter_candidates_mm": null, "label_diameter_mm": 150.0, "label_agrees": true, "scheme": null, "flow_arrow": "end" }, "geometry": { "type": "LineString", "coordinates": [ [ 88.381518502144203, 22.473798198480363 ], [ 88.38151890587821, 22.473839481583433 ], [ 88.381519354472886, 22.473885351718945 ], [ 88.381641281962487, 22.473987541834322 ] ] } },
{ "type": "Feature", "properties": { "ward": 101, "source_sheet": "101_baghajatin.pdf p1", "source": "KMC ward sewerage network map (ArcMap GeoPDF)", "extraction_method": "geopdf_vector", "georef_max_residual_m": 0.1, "conduit_type": "pipe", "pipe_diameter_mm": 225.0, "diameter_source": "legend_colour", "diameter_candidates_mm": null, "label_diameter_mm": 225.0, "label_agrees": true, "scheme": null, "flow_arrow": "end" }, "geometry": { "type": "LineString", "coordinates": [ [ 88.38246435731611, 22.474368246505872 ], [ 88.382417268577711, 22.474347999881672 ], [ 88.382172694703371, 22.474322535050621 ], [ 88.382022186034348, 22.474326095937517 ] ] } },
{ "type": "Feature", "properties": { "ward": 101, "source_sheet": "101_baghajatin.pdf p1", "source": "KMC ward sewerage network map (ArcMap GeoPDF)", "extraction_method": "geopdf_vector", "georef_max_residual_m": 0.1, "conduit_type": "pipe", "pipe_diameter_mm": 300.0, "diameter_source": "legend_colour", "diameter_candidates_mm": null, "label_diameter_mm": 300.0, "label_agrees": true, "scheme": null, "flow_arrow": "end" }, "geometry": { "type": "LineString", "coordinates": [ [ 88.380424540101771, 22.473981722323082 ], [ 88.380435195439304, 22.474061912088889 ], [ 88.380448363245677, 22.474146668136012 ], [ 88.380459197916409, 22.474245205939777 ], [ 88.38046713892237, 22.47430018781046 ], [ 88.380480463774589, 22.474400998422091 ] ] } },
{ "type": "Feature", "properties": { "ward": 101, "source_sheet": "101_baghajatin.pdf p1", "source": "KMC ward sewerage network map (ArcMap GeoPDF)", "extraction_method": "geopdf_vector", "georef_max_residual_m": 0.1, "conduit_type": "pipe", "pipe_diameter_mm": 225.0, "diameter_source": "legend_colour", "diameter_candidates_mm": null, "label_diameter_mm": null, "label_agrees": null, "scheme": null, "flow_arrow": "end" }, "geometry": { "type": "LineString", "coordinates": [ [ 88.380399574054991, 22.473699807636468 ], [ 88.380391364089661, 22.47361730364198 ] ] } },
{ "type": "Feature", "properties": { "ward": 101, "source_sheet": "101_baghajatin.pdf p1", "source": "KMC ward sewerage network map (ArcMap GeoPDF)", "extraction_method": "geopdf_vector", "georef_max_residual_m": 0.1, "conduit_type": "pipe", "pipe_diameter_mm": 700.0, "diameter_source": "legend_colour", "diameter_candidates_mm": null, "label_diameter_mm": 700.0, "label_agrees": true, "scheme": "KEIIP", "flow_arrow": "end" }, "geometry": { "type": "LineString", "coordinates": [ [ 88.383254034163826, 22.474866206673934 ], [ 88.38326713650028, 22.474944081800722 ], [ 88.383290850917078, 22.47509755947307 ], [ 88.383303840898449, 22.475163967165617 ], [ 88.383334936193705, 22.475315088871003 ], [ 88.383378999164421, 22.475530324682406 ], [ 88.383402354540053, 22.475647106282562 ], [ 88.383456019115854, 22.475834736787998 ], [ 88.383479015191583, 22.475914822240942 ], [ 88.383626967832157, 22.475902106657234 ], [ 88.383652566480364, 22.475995932359751 ], [ 88.383675742338426, 22.476094365790253 ], [ 88.383737394978098, 22.476341564914193 ], [ 88.383698472618335, 22.476399235375819 ] ] } },
{ "type": "Feature", "properties": { "ward": 101, "source_sheet": "101_baghajatin.pdf p1", "source": "KMC ward sewerage network map (ArcMap GeoPDF)", "extraction_method": "geopdf_vector", "georef_max_residual_m": 0.1, "conduit_type": "pipe", "pipe_diameter_mm": 225.0, "diameter_source": "legend_colour", "diameter_candidates_mm": null, "label_diameter_mm": 225.0, "label_agrees": true, "scheme": null, "flow_arrow": "end" }, "geometry": { "type": "LineString", "coordinates": [ [ 88.383351097912339, 22.474193336338139 ], [ 88.383118009528573, 22.474080615777545 ], [ 88.383047880419866, 22.47397569675757 ], [ 88.382985199602274, 22.473875302262101 ], [ 88.382912872514268, 22.473797926044568 ], [ 88.382758594647214, 22.473668485074121 ] ] } },
{ "type": "Feature", "properties": { "ward": 101, "source_sheet": "101_baghajatin.pdf p1", "source": "KMC ward sewerage network map (ArcMap GeoPDF)", "extraction_method": "geopdf_vector", "georef_max_residual_m": 0.1, "conduit_type": "pipe", "pipe_diameter_mm": 300.0, "diameter_source": "legend_colour", "diameter_candidates_mm": null, "label_diameter_mm": 300.0, "label_agrees": true, "scheme": null, "flow_arrow": "end" }, "geometry": { "type": "LineString", "coordinates": [ [ 88.385131915590833, 22.475095795903552 ], [ 88.385047945246939, 22.475089623423639 ], [ 88.384961529548875, 22.475085765187295 ], [ 88.384897323547264, 22.475081719612803 ], [ 88.384850414135542, 22.475079821642037 ], [ 88.384791166006522, 22.475078027850284 ], [ 88.384681911195841, 22.475010138759881 ], [ 88.384417234441855, 22.474948147934906 ], [ 88.384352961073546, 22.474937221551922 ], [ 88.384293623094223, 22.474926253520533 ], [ 88.384250705230997, 22.474827986664359 ], [ 88.384174965281986, 22.474654304612457 ], [ 88.384129579860513, 22.474556058521785 ], [ 88.384089197288546, 22.474464651292038 ], [ 88.384021917112946, 22.47439870152888 ], [ 88.383952528795007, 22.474369468569979 ], [ 88.383878205040617, 22.474340277093585 ], [ 88.38373976544419, 22.474316213582608 ], [ 88.383593922798553, 22.474292212350505 ] ] } },
{ "type": "Feature", "properties": { "ward": 101, "source_sheet": "101_baghajatin.pdf p1", "source": "KMC ward sewerage network map (ArcMap GeoPDF)", "extraction_method": "geopdf_vector", "georef_max_residual_m": 0.1, "conduit_type": "pipe", "pipe_diameter_mm": 225.0, "diameter_source": "legend_colour", "diameter_candidates_mm": null, "label_diameter_mm": 225.0, "label_agrees": true, "scheme": null, "flow_arrow": "end" }, "geometry": { "type": "LineString", "coordinates": [ [ 88.384086828128005, 22.474978458659603 ], [ 88.384293623094223, 22.474926253520533 ] ] } },
{ "type": "Feature", "properties": { "ward": 101, "source_sheet": "101_baghajatin.pdf p1", "source": "KMC ward sewerage network map (ArcMap GeoPDF)", "extraction_method": "geopdf_vector", "georef_max_residual_m": 0.1, "conduit_type": "pipe", "pipe_diameter_mm": 450.0, "diameter_source": "legend_colour", "diameter_candidates_mm": null, "label_diameter_mm": 450.0, "label_agrees": true, "scheme": null, "flow_arrow": "end" }, "geometry": { "type": "LineString", "coordinates": [ [ 88.384089197288546, 22.474464651292038 ], [ 88.384143487221678, 22.474464193507561 ], [ 88.384323608566874, 22.474460380899252 ], [ 88.384437123781112, 22.474459423528597 ], [ 88.38456048744014, 22.474456089256361 ], [ 88.384851363883286, 22.474421523814204 ], [ 88.385007010282067, 22.474438560111892 ], [ 88.385182443447661, 22.474460016686475 ] ] } },
{ "type": "Feature", "properties": { "ward": 101, "source_sheet": "101_baghajatin.pdf p1", "source": "KMC ward sewerage network map (ArcMap GeoPDF)", "extraction_method": "geopdf_vector", "georef_max_residual_m": 0.1, "conduit_type": "pipe", "pipe_diameter_mm": 600.0, "diameter_source": "legend_colour", "diameter_candidates_mm": null, "label_diameter_mm": 600.0, "label_agrees": true, "scheme": null, "flow_arrow": "end" }, "geometry": { "type": "LineString", "coordinates": [ [ 88.385182443447661, 22.474460016686475 ], [ 88.385313570036686, 22.474493315469541 ], [ 88.385372952875926, 22.474508870156107 ], [ 88.385424932527428, 22.474524487305889 ], [ 88.385521623639761, 22.47456954502157 ], [ 88.385672852257017, 22.47463937286329 ], [ 88.3857696110246, 22.474691310909702 ], [ 88.3857925855811, 22.474769102522711 ], [ 88.385810489678931, 22.474833174728587 ], [ 88.385934303645087, 22.474875709434642 ] ] } },
{ "type": "Feature", "properties": { "ward": 101, "source_sheet": "101_baghajatin.pdf p1", "source": "KMC ward sewerage network map (ArcMap GeoPDF)", "extraction_method": "geopdf_vector", "georef_max_residual_m": 0.1, "conduit_type": "pipe", "pipe_diameter_mm": 225.0, "diameter_source": "legend_colour", "diameter_candidates_mm": null, "label_diameter_mm": 225.0, "label_agrees": true, "scheme": null, "flow_arrow": "end" }, "geometry": { "type": "LineString", "coordinates": [ [ 88.377880030302748, 22.477262443481553 ], [ 88.377905491188855, 22.477342509150581 ], [ 88.37794867404979, 22.477468299982398 ], [ 88.378013194380628, 22.477504457444621 ], [ 88.378225468572879, 22.477507262620527 ], [ 88.378326692460377, 22.477511000067082 ], [ 88.378472358810612, 22.477516657881562 ] ] } },
{ "type": "Feature", "properties": { "ward": 101, "source_sheet": "101_baghajatin.pdf p1", "source": "KMC ward sewerage network map (ArcMap GeoPDF)", "extraction_method": "geopdf_vector", "georef_max_residual_m": 0.1, "conduit_type": "pipe", "pipe_diameter_mm": 300.0, "diameter_source": "legend_colour", "diameter_candidates_mm": null, "label_diameter_mm": 300.0, "label_agrees": true, "scheme": null, "flow_arrow": "end" }, "geometry": { "type": "LineString", "coordinates": [ [ 88.378556223756661, 22.476247539349611 ], [ 88.378552250709348, 22.476346201665361 ], [ 88.378548568648725, 22.47647467957685 ], [ 88.378569832869161, 22.476630472359762 ], [ 88.378606015755153, 22.476797608321803 ] ] } },
{ "type": "Feature", "properties": { "ward": 101, "source_sheet": "101_baghajatin.pdf p1", "source": "KMC ward sewerage network map (ArcMap GeoPDF)", "extraction_method": "geopdf_vector", "georef_max_residual_m": 0.1, "conduit_type": "pipe", "pipe_diameter_mm": 225.0, "diameter_source": "legend_colour", "diameter_candidates_mm": null, "label_diameter_mm": 225.0, "label_agrees": true, "scheme": null, "flow_arrow": "end" }, "geometry": { "type": "LineString", "coordinates": [ [ 88.379007563486013, 22.476975437390834 ], [ 88.379143313344699, 22.476976590520309 ], [ 88.379195360536713, 22.476999090168501 ] ] } },
{ "type": "Feature", "properties": { "ward": 101, "source_sheet": "101_baghajatin.pdf p1", "source": "KMC ward sewerage network map (ArcMap GeoPDF)", "extraction_method": "geopdf_vector", "georef_max_residual_m": 0.1, "conduit_type": "pipe", "pipe_diameter_mm": 225.0, "diameter_source": "legend_colour", "diameter_candidates_mm": null, "label_diameter_mm": 225.0, "label_agrees": true, "scheme": null, "flow_arrow": "end" }, "geometry": { "type": "LineString", "coordinates": [ [ 88.379376800783561, 22.476119079957407 ], [ 88.379351092967767, 22.476013785892093 ], [ 88.379333057241354, 22.475935951824251 ], [ 88.379317489299865, 22.475858096920838 ], [ 88.379268608864862, 22.475654368709968 ], [ 88.379253085685761, 22.475581100831231 ] ] } },
{ "type": "Feature", "properties": { "ward": 101, "source_sheet": "101_baghajatin.pdf p1", "source": "KMC ward sewerage network map (ArcMap GeoPDF)", "extraction_method": "geopdf_vector", "georef_max_residual_m": 0.1, "conduit_type": "pipe", "pipe_diameter_mm": 225.0, "diameter_source": "legend_colour", "diameter_candidates_mm": null, "label_diameter_mm": 225.0, "label_agrees": true, "scheme": null, "flow_arrow": "end" }, "geometry": { "type": "LineString", "coordinates": [ [ 88.381405182873593, 22.477099779262378 ], [ 88.381454426167849, 22.477087896340517 ], [ 88.381528279875383, 22.477068925196473 ], [ 88.381609536906979, 22.477049891702499 ], [ 88.381648662245652, 22.477012863191579 ] ] } },
{ "type": "Feature", "properties": { "ward": 101, "source_sheet": "101_baghajatin.pdf p1", "source": "KMC ward sewerage network map (ArcMap GeoPDF)", "extraction_method": "geopdf_vector", "georef_max_residual_m": 0.1, "conduit_type": "pipe", "pipe_diameter_mm": 500.0, "diameter_source": "legend_colour", "diameter_candidates_mm": null, "label_diameter_mm": 500.0, "label_agrees": true, "scheme": null, "flow_arrow": "end" }, "geometry": { "type": "LineString", "coordinates": [ [ 88.380869479713184, 22.476074417835473 ], [ 88.380941650016581, 22.476135740475993 ], [ 88.381008862423727, 22.476194811041587 ], [ 88.381081032850403, 22.476256133612576 ], [ 88.381157824907675, 22.476285305489711 ], [ 88.381237107193115, 22.476316750126195 ], [ 88.381313899312943, 22.476345921925432 ], [ 88.381375839980919, 22.476370631264896 ], [ 88.381435313002939, 22.476395361443259 ], [ 88.3814559074643, 22.47648234850255 ] ] } },
{ "type": "Feature", "properties": { "ward": 101, "source_sheet": "101_baghajatin.pdf p1", "source": "KMC ward sewerage network map (ArcMap GeoPDF)", "extraction_method": "geopdf_vector", "georef_max_residual_m": 0.1, "conduit_type": "pipe", "pipe_diameter_mm": 300.0, "diameter_source": "legend_colour", "diameter_candidates_mm": null, "label_diameter_mm": 300.0, "label_agrees": true, "scheme": null, "flow_arrow": "end" }, "geometry": { "type": "LineString", "coordinates": [ [ 88.382065710074855, 22.475243207461972 ], [ 88.381984364402953, 22.47525306707189 ], [ 88.381907931779907, 22.475260591622877 ], [ 88.381801908683244, 22.475270658988475 ], [ 88.381723008388036, 22.475278204225621 ], [ 88.381663827448605, 22.475283289786169 ], [ 88.381619453008355, 22.475288250699947 ] ] } },
{ "type": "Feature", "properties": { "ward": 101, "source_sheet": "101_baghajatin.pdf p1", "source": "KMC ward sewerage network map (ArcMap GeoPDF)", "extraction_method": "geopdf_vector", "georef_max_residual_m": 0.1, "conduit_type": "pipe", "pipe_diameter_mm": 300.0, "diameter_source": "legend_colour", "diameter_candidates_mm": null, "label_diameter_mm": 300.0, "label_agrees": true, "scheme": null, "flow_arrow": "end" }, "geometry": { "type": "LineString", "coordinates": [ [ 88.382071409260661, 22.475573451462477 ], [ 88.381999889541788, 22.475578641041395 ], [ 88.381923434304341, 22.475583872140728 ], [ 88.381824814231578, 22.475593877109862 ], [ 88.381760697652282, 22.475599004261092 ], [ 88.381691645657014, 22.475604172931014 ], [ 88.381639845413019, 22.475606902608781 ] ] } },
{ "type": "Feature", "properties": { "ward": 101, "source_sheet": "101_baghajatin.pdf p1", "source": "KMC ward sewerage network map (ArcMap GeoPDF)", "extraction_method": "geopdf_vector", "georef_max_residual_m": 0.1, "conduit_type": "pipe", "pipe_diameter_mm": 300.0, "diameter_source": "legend_colour", "diameter_candidates_mm": null, "label_diameter_mm": 300.0, "label_agrees": true, "scheme": null, "flow_arrow": "end" }, "geometry": { "type": "LineString", "coordinates": [ [ 88.381238791466401, 22.475731843688223 ], [ 88.381215415442696, 22.475612768216763 ], [ 88.381197311472377, 22.475528053902849 ], [ 88.381119668715598, 22.475159422278733 ], [ 88.381092433882074, 22.47515047660557 ], [ 88.380668050132442, 22.475160927736322 ], [ 88.380522498249974, 22.475166739322923 ], [ 88.380371988640434, 22.475170298715781 ] ] } },
{ "type": "Feature", "properties": { "ward": 101, "source_sheet": "101_baghajatin.pdf p1", "source": "KMC ward sewerage network map (ArcMap GeoPDF)", "extraction_method": "geopdf_vector", "georef_max_residual_m": 0.1, "conduit_type": "pipe", "pipe_diameter_mm": 225.0, "diameter_source": "legend_colour", "diameter_candidates_mm": null, "label_diameter_mm": 225.0, "label_agrees": true, "scheme": null, "flow_arrow": "end" }, "geometry": { "type": "LineString", "coordinates": [ [ 88.383034903115288, 22.477439283751394 ], [ 88.382996022497807, 22.477249234821546 ], [ 88.382978051826342, 22.477178281778734 ] ] } },
{ "type": "Feature", "properties": { "ward": 101, "source_sheet": "101_baghajatin.pdf p1", "source": "KMC ward sewerage network map (ArcMap GeoPDF)", "extraction_method": "geopdf_vector", "georef_max_residual_m": 0.1, "conduit_type": "pipe", "pipe_diameter_mm": 225.0, "diameter_source": "legend_colour", "diameter_candidates_mm": null, "label_diameter_mm": null, "label_agrees": null, "scheme": null, "flow_arrow": "end" }, "geometry": { "type": "LineString", "coordinates": [ [ 88.382904128535941, 22.476938066795558 ], [ 88.38295095133472, 22.477183097530808 ] ] } },
{ "type": "Feature", "properties": { "ward": 101, "source_sheet": "101_baghajatin.pdf p1", "source": "KMC ward sewerage network map (ArcMap GeoPDF)", "extraction_method": "geopdf_vector", "georef_max_residual_m": 0.1, "conduit_type": "pipe", "pipe_diameter_mm": 300.0, "diameter_source": "legend_colour", "diameter_candidates_mm": null, "label_diameter_mm": 300.0, "label_agrees": true, "scheme": null, "flow_arrow": "end" }, "geometry": { "type": "LineString", "coordinates": [ [ 88.382416878189971, 22.476829780402909 ], [ 88.382589038153782, 22.476768694212133 ], [ 88.382554510127505, 22.47651897245532 ] ] } },
{ "type": "Feature", "properties": { "ward": 101, "source_sheet": "101_baghajatin.pdf p1", "source": "KMC ward sewerage network map (ArcMap GeoPDF)", "extraction_method": "geopdf_vector", "georef_max_residual_m": 0.1, "conduit_type": "pipe", "pipe_diameter_mm": 225.0, "diameter_source": "legend_colour", "diameter_candidates_mm": null, "label_diameter_mm": 225.0, "label_agrees": true, "scheme": null, "flow_arrow": "end" }, "geometry": { "type": "LineString", "coordinates": [ [ 88.3844822684364, 22.477050915647727 ], [ 88.38451751420348, 22.477121722769091 ], [ 88.384577887294967, 22.477238191857179 ] ] } },
{ "type": "Feature", "properties": { "ward": 101, "source_sheet": "101_baghajatin.pdf p1", "source": "KMC ward sewerage network map (ArcMap GeoPDF)", "extraction_method": "geopdf_vector", "georef_max_residual_m": 0.1, "conduit_type": "pipe", "pipe_diameter_mm": 400.0, "diameter_source": "legend_colour", "diameter_candidates_mm": null, "label_diameter_mm": 400.0, "label_agrees": true, "scheme": "KEIIP", "flow_arrow": "end" }, "geometry": { "type": "LineString", "coordinates": [ [ 88.385648421452913, 22.475419434416295 ], [ 88.385639585532019, 22.475525018910393 ], [ 88.385612575369734, 22.475539009042901 ], [ 88.38552624938481, 22.475544325172233 ], [ 88.385501774450304, 22.475565175039616 ], [ 88.385438355590111, 22.475641402183808 ], [ 88.38545000372568, 22.475822505500371 ], [ 88.385566190342445, 22.475842168007123 ], [ 88.385596658284115, 22.475929071089048 ], [ 88.385619430492895, 22.475986221151711 ], [ 88.385644805481874, 22.476057111351295 ], [ 88.385670225500022, 22.476132588568291 ] ] } },
{ "type": "Feature", "properties": { "ward": 101, "source_sheet": "101_baghajatin.pdf p1", "source": "KMC ward sewerage network map (ArcMap GeoPDF)", "extraction_method": "geopdf_vector", "georef_max_residual_m": 0.1, "conduit_type": "pipe", "pipe_diameter_mm": 450.0, "diameter_source": "legend_colour", "diameter_candidates_mm": null, "label_diameter_mm": 450.0, "label_agrees": true, "scheme": null, "flow_arrow": "end" }, "geometry": { "type": "LineString", "coordinates": [ [ 88.386452277326441, 22.476103047393959 ], [ 88.386496966974335, 22.476130194202309 ], [ 88.386543921764556, 22.476136678600703 ], [ 88.386625875433666, 22.476188741136141 ], [ 88.38663144142096, 22.476252917547836 ], [ 88.386634517133118, 22.476314821153238 ], [ 88.386646166928216, 22.476495924382842 ], [ 88.38665444840278, 22.476585308318704 ], [ 88.386709504725872, 22.476662828699787 ], [ 88.38676949655023, 22.476740307261434 ], [ 88.386832001360034, 22.476822352059934 ] ] } },
{ "type": "Feature", "properties": { "ward": 101, "source_sheet": "101_baghajatin.pdf p1", "source": "KMC ward sewerage network map (ArcMap GeoPDF)", "extraction_method": "geopdf_vector", "georef_max_residual_m": 0.1, "conduit_type": "pipe", "pipe_diameter_mm": 225.0, "diameter_source": "legend_colour", "diameter_candidates_mm": null, "label_diameter_mm": 225.0, "label_agrees": true, "scheme": null, "flow_arrow": "end" }, "geometry": { "type": "LineString", "coordinates": [ [ 88.386240093398229, 22.475354802480247 ], [ 88.38619080618534, 22.475362099792424 ], [ 88.38613902871181, 22.475367124466374 ], [ 88.38606261887287, 22.475376944538443 ], [ 88.386068094520397, 22.475431946849142 ] ] } },
{ "type": "Feature", "properties": { "ward": 101, "source_sheet": "101_baghajatin.pdf p1", "source": "KMC ward sewerage network map (ArcMap GeoPDF)", "extraction_method": "geopdf_vector", "georef_max_residual_m": 0.1, "conduit_type": "pipe", "pipe_diameter_mm": 225.0, "diameter_source": "legend_colour", "diameter_candidates_mm": null, "label_diameter_mm": 225.0, "label_agrees": true, "scheme": null, "flow_arrow": "end" }, "geometry": { "type": "LineString", "coordinates": [ [ 88.386080434807923, 22.476186467206471 ], [ 88.386179099857529, 22.476181046555265 ], [ 88.386250619621464, 22.476175855210162 ], [ 88.386356687935262, 22.476170371922844 ], [ 88.386452277326441, 22.476103047393959 ] ] } },
{ "type": "Feature", "properties": { "ward": 101, "source_sheet": "101_baghajatin.pdf p1", "source": "KMC ward sewerage network map (ArcMap GeoPDF)", "extraction_method": "geopdf_vector", "georef_max_residual_m": 0.1, "conduit_type": "pipe", "pipe_diameter_mm": 225.0, "diameter_source": "legend_colour", "diameter_candidates_mm": null, "label_diameter_mm": null, "label_agrees": null, "scheme": null, "flow_arrow": "end" }, "geometry": { "type": "LineString", "coordinates": [ [ 88.38496698974339, 22.47639771123859 ], [ 88.38509497573483, 22.476362225846376 ] ] } },
{ "type": "Feature", "properties": { "ward": 101, "source_sheet": "101_baghajatin.pdf p1", "source": "KMC ward sewerage network map (ArcMap GeoPDF)", "extraction_method": "geopdf_vector", "georef_max_residual_m": 0.1, "conduit_type": "pipe", "pipe_diameter_mm": 225.0, "diameter_source": "legend_colour", "diameter_candidates_mm": null, "label_diameter_mm": null, "label_agrees": null, "scheme": null, "flow_arrow": "end" }, "geometry": { "type": "LineString", "coordinates": [ [ 88.386200374976582, 22.477091462443468 ], [ 88.386162525650718, 22.477006915508266 ] ] } },
{ "type": "Feature", "properties": { "ward": 101, "source_sheet": "101_baghajatin.pdf p1", "source": "KMC ward sewerage network map (ArcMap GeoPDF)", "extraction_method": "geopdf_vector", "georef_max_residual_m": 0.1, "conduit_type": "pipe", "pipe_diameter_mm": 225.0, "diameter_source": "legend_colour", "diameter_candidates_mm": null, "label_diameter_mm": 225.0, "label_agrees": true, "scheme": null, "flow_arrow": "end" }, "geometry": { "type": "LineString", "coordinates": [ [ 88.386957355158088, 22.476016207263338 ], [ 88.386940666511421, 22.476075984219882 ], [ 88.386954108771292, 22.476188261534997 ], [ 88.386967573682711, 22.476302832308093 ] ] } },
{ "type": "Feature", "properties": { "ward": 101, "source_sheet": "101_baghajatin.pdf p1", "source": "KMC ward sewerage network map (ArcMap GeoPDF)", "extraction_method": "geopdf_vector", "georef_max_residual_m": 0.1, "conduit_type": "pipe", "pipe_diameter_mm": 225.0, "diameter_source": "legend_colour", "diameter_candidates_mm": null, "label_diameter_mm": 225.0, "label_agrees": true, "scheme": null, "flow_arrow": "end" }, "geometry": { "type": "LineString", "coordinates": [ [ 88.387235292987768, 22.477176759550385 ], [ 88.387139207722271, 22.477193627525821 ], [ 88.387084916896896, 22.477194086371519 ], [ 88.387038051725156, 22.477196776096275 ], [ 88.386956615429838, 22.477197464307412 ] ] } },
{ "type": "Feature", "properties": { "ward": 101, "source_sheet": "101_baghajatin.pdf p1", "source": "KMC ward sewerage network map (ArcMap GeoPDF)", "extraction_method": "geopdf_vector", "georef_max_residual_m": 0.1, "conduit_type": "pipe", "pipe_diameter_mm": 225.0, "diameter_source": "legend_colour", "diameter_candidates_mm": null, "label_diameter_mm": 225.0, "label_agrees": true, "scheme": null, "flow_arrow": "end" }, "geometry": { "type": "LineString", "coordinates": [ [ 88.38676958289318, 22.477251799621705 ], [ 88.386804086672427, 22.477246920772235 ], [ 88.386890323532313, 22.477232429868113 ] ] } },
{ "type": "Feature", "properties": { "ward": 101, "source_sheet": "101_baghajatin.pdf p1", "source": "KMC ward sewerage network map (ArcMap GeoPDF)", "extraction_method": "geopdf_vector", "georef_max_residual_m": 0.1, "conduit_type": "pipe", "pipe_diameter_mm": 375.0, "diameter_source": "legend_colour", "diameter_candidates_mm": null, "label_diameter_mm": 375.0, "label_agrees": true, "scheme": null, "flow_arrow": "end" }, "geometry": { "type": "LineString", "coordinates": [ [ 88.377612839999671, 22.477955088980597 ], [ 88.377615934163742, 22.478019286511994 ], [ 88.377624299393588, 22.478117845259032 ], [ 88.377632776595249, 22.478227871549475 ], [ 88.377583733838179, 22.478260394960945 ] ] } },
{ "type": "Feature", "properties": { "ward": 101, "source_sheet": "101_baghajatin.pdf p1", "source": "KMC ward sewerage network map (ArcMap GeoPDF)", "extraction_method": "geopdf_vector", "georef_max_residual_m": 0.1, "conduit_type": "pipe", "pipe_diameter_mm": 300.0, "diameter_source": "legend_colour", "diameter_candidates_mm": null, "label_diameter_mm": null, "label_agrees": null, "scheme": null, "flow_arrow": "end" }, "geometry": { "type": "LineString", "coordinates": [ [ 88.379015320240285, 22.479792030772892 ], [ 88.378991139114461, 22.479590388740245 ], [ 88.378974383947678, 22.479390977962709 ], [ 88.378975642499427, 22.479267107871031 ], [ 88.378979525633284, 22.479159271521279 ] ] } },
{ "type": "Feature", "properties": { "ward": 101, "source_sheet": "101_baghajatin.pdf p1", "source": "KMC ward sewerage network map (ArcMap GeoPDF)", "extraction_method": "geopdf_vector", "georef_max_residual_m": 0.1, "conduit_type": "pipe", "pipe_diameter_mm": 400.0, "diameter_source": "legend_colour", "diameter_candidates_mm": null, "label_diameter_mm": 400.0, "label_agrees": true, "scheme": null, "flow_arrow": "end" }, "geometry": { "type": "LineString", "coordinates": [ [ 88.379484553263723, 22.479065573544641 ], [ 88.379430261430244, 22.479066029850639 ], [ 88.379314274401452, 22.479067004624337 ], [ 88.379208158544401, 22.479067896366022 ], [ 88.379104286647248, 22.479045832224841 ], [ 88.378978159614491, 22.479019367586886 ] ] } },
{ "type": "Feature", "properties": { "ward": 101, "source_sheet": "101_baghajatin.pdf p1", "source": "KMC ward sewerage network map (ArcMap GeoPDF)", "extraction_method": "geopdf_vector", "georef_max_residual_m": 0.1, "conduit_type": "pipe", "pipe_diameter_mm": 300.0, "diameter_source": "legend_colour", "diameter_candidates_mm": null, "label_diameter_mm": 300.0, "label_agrees": true, "scheme": null, "flow_arrow": "end" }, "geometry": { "type": "LineString", "coordinates": [ [ 88.378697347279385, 22.477810655128827 ], [ 88.378798257932274, 22.477782283112905 ], [ 88.378794603506861, 22.477660747921405 ], [ 88.378793864667529, 22.477585062165208 ], [ 88.37879076998189, 22.477520864584292 ] ] } },
{ "type": "Feature", "properties": { "ward": 101, "source_sheet": "101_baghajatin.pdf p1", "source": "KMC ward sewerage network map (ArcMap GeoPDF)", "extraction_method": "geopdf_vector", "georef_max_residual_m": 0.1, "conduit_type": "pipe", "pipe_diameter_mm": 400.0, "diameter_source": "legend_colour", "diameter_candidates_mm": null, "label_diameter_mm": 400.0, "label_agrees": true, "scheme": "KEIIP", "flow_arrow": "end" }, "geometry": { "type": "LineString", "coordinates": [ [ 88.380361801403311, 22.477915937870399 ], [ 88.380358616321217, 22.477842566484686 ], [ 88.380355655393444, 22.477792130070416 ], [ 88.380358932279591, 22.477622369020775 ], [ 88.380254904341442, 22.477584251101117 ], [ 88.380178335833037, 22.477578013799516 ], [ 88.380032602210761, 22.477565477031234 ], [ 88.379921462416277, 22.47755723661426 ] ] } },
{ "type": "Feature", "properties": { "ward": 101, "source_sheet": "101_baghajatin.pdf p1", "source": "KMC ward sewerage network map (ArcMap GeoPDF)", "extraction_method": "geopdf_vector", "georef_max_residual_m": 0.1, "conduit_type": "pipe", "pipe_diameter_mm": 300.0, "diameter_source": "legend_colour", "diameter_candidates_mm": null, "label_diameter_mm": 300.0, "label_agrees": true, "scheme": null, "flow_arrow": "end" }, "geometry": { "type": "LineString", "coordinates": [ [ 88.381126590648392, 22.478138873681804 ], [ 88.381235823980674, 22.478204471652681 ], [ 88.381376308662624, 22.478184939715007 ], [ 88.3814942915415, 22.478135779144353 ], [ 88.381585240809429, 22.478098314522693 ], [ 88.381695842674915, 22.47805150959633 ], [ 88.381840836360723, 22.477988359171682 ], [ 88.382012885805253, 22.477915806089715 ] ] } },
{ "type": "Feature", "properties": { "ward": 101, "source_sheet": "101_baghajatin.pdf p1", "source": "KMC ward sewerage network map (ArcMap GeoPDF)", "extraction_method": "geopdf_vector", "georef_max_residual_m": 0.1, "conduit_type": "pipe", "pipe_diameter_mm": 500.0, "diameter_source": "legend_colour", "diameter_candidates_mm": null, "label_diameter_mm": 500.0, "label_agrees": true, "scheme": null, "flow_arrow": "end" }, "geometry": { "type": "LineString", "coordinates": [ [ 88.3809334466481, 22.479587819991242 ], [ 88.381150435209264, 22.479567644567329 ], [ 88.381212085714878, 22.479562538337657 ], [ 88.381246612757636, 22.479559954107838 ], [ 88.381394749048809, 22.479565588396802 ], [ 88.381584883067333, 22.479575456422911 ] ] } },
{ "type": "Feature", "properties": { "ward": 101, "source_sheet": "101_baghajatin.pdf p1", "source": "KMC ward sewerage network map (ArcMap GeoPDF)", "extraction_method": "geopdf_vector", "georef_max_residual_m": 0.1, "conduit_type": "pipe", "pipe_diameter_mm": 225.0, "diameter_source": "legend_colour", "diameter_candidates_mm": null, "label_diameter_mm": 225.0, "label_agrees": true, "scheme": null, "flow_arrow": "end" }, "geometry": { "type": "LineString", "coordinates": [ [ 88.380735062391622, 22.478481634651121 ], [ 88.380768242503919, 22.478593746605746 ], [ 88.380781164447569, 22.47865327392298 ], [ 88.380791484155495, 22.478699061000309 ], [ 88.380796688859064, 22.478726541569813 ] ] } },
{ "type": "Feature", "properties": { "ward": 101, "source_sheet": "101_baghajatin.pdf p1", "source": "KMC ward sewerage network map (ArcMap GeoPDF)", "extraction_method": "geopdf_vector", "georef_max_residual_m": 0.1, "conduit_type": "pipe", "pipe_diameter_mm": 225.0, "diameter_source": "legend_colour", "diameter_candidates_mm": null, "label_diameter_mm": 225.0, "label_agrees": true, "scheme": null, "flow_arrow": "end" }, "geometry": { "type": "LineString", "coordinates": [ [ 88.381554909896295, 22.479034396975774 ], [ 88.381451239547644, 22.479032975951899 ], [ 88.381354950215993, 22.479029198987782 ], [ 88.381239053036012, 22.479039349204946 ], [ 88.381142875845015, 22.479047039642339 ], [ 88.381061483018229, 22.479052311962089 ], [ 88.38097517707547, 22.479059919236814 ], [ 88.380886403199284, 22.479067547229803 ], [ 88.380851876369775, 22.479070131375941 ] ] } },
{ "type": "Feature", "properties": { "ward": 101, "source_sheet": "101_baghajatin.pdf p1", "source": "KMC ward sewerage network map (ArcMap GeoPDF)", "extraction_method": "geopdf_vector", "georef_max_residual_m": 0.1, "conduit_type": "pipe", "pipe_diameter_mm": 400.0, "diameter_source": "legend_colour", "diameter_candidates_mm": null, "label_diameter_mm": 400.0, "label_agrees": true, "scheme": null, "flow_arrow": "end" }, "geometry": { "type": "LineString", "coordinates": [ [ 88.382140473452239, 22.478595958748173 ], [ 88.382106574025599, 22.47841045505124 ], [ 88.38207796940911, 22.478261605818947 ], [ 88.382062399612082, 22.478183751292732 ], [ 88.382049320078963, 22.478108169545749 ], [ 88.382028477978537, 22.477995954093007 ], [ 88.382012885805253, 22.477915806089715 ] ] } },
{ "type": "Feature", "properties": { "ward": 101, "source_sheet": "101_baghajatin.pdf p1", "source": "KMC ward sewerage network map (ArcMap GeoPDF)", "extraction_method": "geopdf_vector", "georef_max_residual_m": 0.1, "conduit_type": "pipe", "pipe_diameter_mm": 450.0, "diameter_source": "legend_colour", "diameter_candidates_mm": null, "label_diameter_mm": 450.0, "label_agrees": true, "scheme": null, "flow_arrow": "end" }, "geometry": { "type": "LineString", "coordinates": [ [ 88.382426922922917, 22.479368814644921 ], [ 88.38245770415989, 22.479487827345764 ], [ 88.382541544420093, 22.479732546302937 ] ] } },
{ "type": "Feature", "properties": { "ward": 101, "source_sheet": "101_baghajatin.pdf p1", "source": "KMC ward sewerage network map (ArcMap GeoPDF)", "extraction_method": "geopdf_vector", "georef_max_residual_m": 0.1, "conduit_type": "pipe", "pipe_diameter_mm": 300.0, "diameter_source": "legend_colour", "diameter_candidates_mm": null, "label_diameter_mm": null, "label_agrees": null, "scheme": null, "flow_arrow": "end" }, "geometry": { "type": "LineString", "coordinates": [ [ 88.380384659478835, 22.478234569303908 ], [ 88.38037615779632, 22.47812224970269 ], [ 88.380370482478583, 22.47804660551002 ], [ 88.380367387045879, 22.477982408095553 ], [ 88.380361801403311, 22.477915937870399 ] ] } },
{ "type": "Feature", "properties": { "ward": 101, "source_sheet": "101_baghajatin.pdf p1", "source": "KMC ward sewerage network map (ArcMap GeoPDF)", "extraction_method": "geopdf_vector", "georef_max_residual_m": 0.1, "conduit_type": "pipe", "pipe_diameter_mm": 500.0, "diameter_source": "legend_colour", "diameter_candidates_mm": null, "label_diameter_mm": 500.0, "label_agrees": true, "scheme": null, "flow_arrow": "end" }, "geometry": { "type": "LineString", "coordinates": [ [ 88.384984111282321, 22.478395372537801 ], [ 88.384936391075144, 22.478310908704486 ], [ 88.384896029344716, 22.478221795262975 ], [ 88.384842541558186, 22.478052513435813 ], [ 88.384796682174382, 22.477906104044269 ], [ 88.384742879829986, 22.477704713091502 ], [ 88.384724503548156, 22.477592477171026 ], [ 88.384643645864685, 22.477400489236349 ], [ 88.384610755317411, 22.477318193819197 ], [ 88.384577887294967, 22.477238191857179 ] ] } },
{ "type": "Feature", "properties": { "ward": 101, "source_sheet": "101_baghajatin.pdf p1", "source": "KMC ward sewerage network map (ArcMap GeoPDF)", "extraction_method": "geopdf_vector", "georef_max_residual_m": 0.1, "conduit_type": "pipe", "pipe_diameter_mm": 300.0, "diameter_source": "legend_colour", "diameter_candidates_mm": null, "label_diameter_mm": 300.0, "label_agrees": true, "scheme": null, "flow_arrow": "end" }, "geometry": { "type": "LineString", "coordinates": [ [ 88.38287177774356, 22.479179277723702 ], [ 88.382887280757799, 22.47925025164135 ], [ 88.382910479215596, 22.47935097860897 ], [ 88.382928539932394, 22.479431105682771 ], [ 88.382946533396876, 22.479504352259617 ], [ 88.382964571698736, 22.479582185764777 ], [ 88.382974892203407, 22.479627972657571 ] ] } },
{ "type": "Feature", "properties": { "ward": 101, "source_sheet": "101_baghajatin.pdf p1", "source": "KMC ward sewerage network map (ArcMap GeoPDF)", "extraction_method": "geopdf_vector", "georef_max_residual_m": 0.1, "conduit_type": "pipe", "pipe_diameter_mm": 225.0, "diameter_source": "legend_colour", "diameter_candidates_mm": null, "label_diameter_mm": 225.0, "label_agrees": true, "scheme": null, "flow_arrow": "end" }, "geometry": { "type": "LineString", "coordinates": [ [ 88.383782047628955, 22.479639518608224 ], [ 88.383784043510758, 22.479591334181038 ], [ 88.383837885860061, 22.479545006341525 ], [ 88.383961119203391, 22.479527911419073 ], [ 88.384072035975535, 22.479513213833801 ], [ 88.38414349013884, 22.479501142751136 ], [ 88.384284087971878, 22.47949307584469 ] ] } },
{ "type": "Feature", "properties": { "ward": 101, "source_sheet": "101_baghajatin.pdf p1", "source": "KMC ward sewerage network map (ArcMap GeoPDF)", "extraction_method": "geopdf_vector", "georef_max_residual_m": 0.1, "conduit_type": "pipe", "pipe_diameter_mm": 400.0, "diameter_source": "legend_colour", "diameter_candidates_mm": null, "label_diameter_mm": 400.0, "label_agrees": true, "scheme": null, "flow_arrow": "end" }, "geometry": { "type": "LineString", "coordinates": [ [ 88.384521458966972, 22.479034628845675 ], [ 88.384664276844944, 22.479001312229897 ], [ 88.384829237286027, 22.4789609275964 ], [ 88.384971942436579, 22.478916143301589 ] ] } },
{ "type": "Feature", "properties": { "ward": 101, "source_sheet": "101_baghajatin.pdf p1", "source": "KMC ward sewerage network map (ArcMap GeoPDF)", "extraction_method": "geopdf_vector", "georef_max_residual_m": 0.1, "conduit_type": "pipe", "pipe_diameter_mm": 300.0, "diameter_source": "legend_colour", "diameter_candidates_mm": null, "label_diameter_mm": 300.0, "label_agrees": true, "scheme": null, "flow_arrow": "end" }, "geometry": { "type": "LineString", "coordinates": [ [ 88.385689314999794, 22.479084408395629 ], [ 88.385800028615321, 22.479049068194225 ], [ 88.385903541200818, 22.479034431987845 ], [ 88.386002005691296, 22.479008369797636 ], [ 88.386070946547733, 22.478991731701591 ], [ 88.386142332789063, 22.478972779269895 ], [ 88.386250645811614, 22.478944340191799 ], [ 88.386341751761307, 22.478922927355814 ], [ 88.386477143051096, 22.478887378237772 ], [ 88.386533767355473, 22.478873137748501 ], [ 88.386679007148999, 22.478835211511015 ], [ 88.386693048200513, 22.478757107446992 ], [ 88.386806341682927, 22.478733213228608 ], [ 88.3869097637957, 22.478709402353651 ], [ 88.387000892098428, 22.478690282618356 ], [ 88.387121566246478, 22.478664032153482 ], [ 88.387232414185505, 22.478642452059127 ] ] } },
{ "type": "Feature", "properties": { "ward": 101, "source_sheet": "101_baghajatin.pdf p1", "source": "KMC ward sewerage network map (ArcMap GeoPDF)", "extraction_method": "geopdf_vector", "georef_max_residual_m": 0.1, "conduit_type": "pipe", "pipe_diameter_mm": 300.0, "diameter_source": "legend_colour", "diameter_candidates_mm": null, "label_diameter_mm": null, "label_agrees": null, "scheme": null, "flow_arrow": "end" }, "geometry": { "type": "LineString", "coordinates": [ [ 88.386360057398733, 22.479530600675616 ], [ 88.386386086484322, 22.479668002226987 ], [ 88.386399055965242, 22.479732116075414 ], [ 88.386406864741602, 22.479773336518367 ], [ 88.386446484947214, 22.479786763906052 ], [ 88.38659679637469, 22.479762557059125 ], [ 88.386655911360293, 22.479750589121824 ], [ 88.38669286106159, 22.479743395856655 ], [ 88.386732278480025, 22.4797361817309 ], [ 88.386912068520772, 22.479697963297447 ] ] } },
{ "type": "Feature", "properties": { "ward": 101, "source_sheet": "101_baghajatin.pdf p1", "source": "KMC ward sewerage network map (ArcMap GeoPDF)", "extraction_method": "geopdf_vector", "georef_max_residual_m": 0.1, "conduit_type": "pipe", "pipe_diameter_mm": 300.0, "diameter_source": "legend_colour", "diameter_candidates_mm": null, "label_diameter_mm": 300.0, "label_agrees": true, "scheme": null, "flow_arrow": "end" }, "geometry": { "type": "LineString", "coordinates": [ [ 88.385215309897276, 22.478817754304792 ], [ 88.385262423042334, 22.478840293562982 ], [ 88.38542772068368, 22.478834310857671 ], [ 88.385526365151847, 22.478826597048506 ], [ 88.385592928189112, 22.478819154036081 ], [ 88.385696418232797, 22.478802224410309 ], [ 88.385807266557904, 22.478780645184226 ], [ 88.385791874666111, 22.478721139217715 ], [ 88.385755885155135, 22.478574646917409 ], [ 88.385714645170665, 22.478396087121208 ], [ 88.385723683626239, 22.478311144299877 ] ] } },
{ "type": "Feature", "properties": { "ward": 101, "source_sheet": "101_baghajatin.pdf p1", "source": "KMC ward sewerage network map (ArcMap GeoPDF)", "extraction_method": "geopdf_vector", "georef_max_residual_m": 0.1, "conduit_type": "pipe", "pipe_diameter_mm": 300.0, "diameter_source": "legend_colour", "diameter_candidates_mm": null, "label_diameter_mm": 300.0, "label_agrees": true, "scheme": null, "flow_arrow": "end" }, "geometry": { "type": "LineString", "coordinates": [ [ 88.384984111282321, 22.478395372537801 ], [ 88.384900521280514, 22.478428189640024 ], [ 88.38481942142694, 22.47846327934289 ], [ 88.38479736871875, 22.478479521280715 ], [ 88.384777806297876, 22.478498035857662 ], [ 88.384760666699677, 22.478511942586803 ], [ 88.384763426750325, 22.478541737276583 ], [ 88.384774130050189, 22.478626513591745 ], [ 88.384792888871402, 22.478777738944846 ], [ 88.384801169383806, 22.478867123100155 ], [ 88.384829237286027, 22.4789609275964 ] ] } },
{ "type": "Feature", "properties": { "ward": 101, "source_sheet": "101_baghajatin.pdf p1", "source": "KMC ward sewerage network map (ArcMap GeoPDF)", "extraction_method": "geopdf_vector", "georef_max_residual_m": 0.1, "conduit_type": "pipe", "pipe_diameter_mm": 300.0, "diameter_source": "legend_colour", "diameter_candidates_mm": null, "label_diameter_mm": null, "label_agrees": null, "scheme": null, "flow_arrow": "end" }, "geometry": { "type": "LineString", "coordinates": [ [ 88.388825896009621, 22.478305564546375 ], [ 88.388594081992309, 22.478323581973022 ], [ 88.388541897648906, 22.478287324511079 ] ] } },
{ "type": "Feature", "properties": { "ward": 101, "source_sheet": "101_baghajatin.pdf p1", "source": "KMC ward sewerage network map (ArcMap GeoPDF)", "extraction_method": "geopdf_vector", "georef_max_residual_m": 0.1, "conduit_type": "pipe", "pipe_diameter_mm": 225.0, "diameter_source": "legend_colour", "diameter_candidates_mm": null, "label_diameter_mm": 225.0, "label_agrees": true, "scheme": null, "flow_arrow": "end" }, "geometry": { "type": "LineString", "coordinates": [ [ 88.377424671819071, 22.48143620592985 ], [ 88.377414375322005, 22.481392712172539 ], [ 88.377366658443478, 22.481308245853448 ], [ 88.377323989190359, 22.481235205639194 ], [ 88.377286367441442, 22.481173591631435 ], [ 88.377208544456352, 22.481038916555306 ], [ 88.377095314277142, 22.481069684704249 ], [ 88.376945200443004, 22.481114524460782 ] ] } },
{ "type": "Feature", "properties": { "ward": 101, "source_sheet": "101_baghajatin.pdf p1", "source": "KMC ward sewerage network map (ArcMap GeoPDF)", "extraction_method": "geopdf_vector", "georef_max_residual_m": 0.1, "conduit_type": "pipe", "pipe_diameter_mm": 500.0, "diameter_source": "legend_colour", "diameter_candidates_mm": null, "label_diameter_mm": 500.0, "label_agrees": true, "scheme": null, "flow_arrow": "end" }, "geometry": { "type": "LineString", "coordinates": [ [ 88.377382493213887, 22.479895195996825 ], [ 88.377737032298171, 22.479807353501688 ] ] } },
{ "type": "Feature", "properties": { "ward": 101, "source_sheet": "101_baghajatin.pdf p1", "source": "KMC ward sewerage network map (ArcMap GeoPDF)", "extraction_method": "geopdf_vector", "georef_max_residual_m": 0.1, "conduit_type": "pipe", "pipe_diameter_mm": 150.0, "diameter_source": "legend_colour", "diameter_candidates_mm": null, "label_diameter_mm": 150.0, "label_agrees": true, "scheme": null, "flow_arrow": "end" }, "geometry": { "type": "LineString", "coordinates": [ [ 88.386487997887315, 22.481249787499546 ], [ 88.38644366684531, 22.481259336844118 ], [ 88.386283549922439, 22.481290507498976 ], [ 88.386221988913135, 22.481304789640781 ], [ 88.386133304228068, 22.481321594617636 ] ] } },
{ "type": "Feature", "properties": { "ward": 101, "source_sheet": "101_baghajatin.pdf p1", "source": "KMC ward sewerage network map (ArcMap GeoPDF)", "extraction_method": "geopdf_vector", "georef_max_residual_m": 0.1, "conduit_type": "pipe", "pipe_diameter_mm": 225.0, "diameter_source": "legend_colour", "diameter_candidates_mm": null, "label_diameter_mm": 225.0, "label_agrees": true, "scheme": null, "flow_arrow": "end" }, "geometry": { "type": "LineString", "coordinates": [ [ 88.385355357476087, 22.480011585377088 ], [ 88.385241995265474, 22.480028598055313 ] ] } },
{ "type": "Feature", "properties": { "ward": 101, "source_sheet": "101_baghajatin.pdf p1", "source": "KMC ward sewerage network map (ArcMap GeoPDF)", "extraction_method": "geopdf_vector", "georef_max_residual_m": 0.1, "conduit_type": "pipe", "pipe_diameter_mm": 300.0, "diameter_source": "legend_colour", "diameter_candidates_mm": null, "label_diameter_mm": 300.0, "label_agrees": true, "scheme": null, "flow_arrow": "end" }, "geometry": { "type": "LineString", "coordinates": [ [ 88.38064035801213, 22.479902228293323 ], [ 88.380624271533677, 22.480023929407221 ], [ 88.380573007715597, 22.480081703004863 ], [ 88.380428280288015, 22.480172374407644 ] ] } },
{ "type": "Feature", "properties": { "ward": 101, "source_sheet": "101_baghajatin.pdf p1", "source": "KMC ward sewerage network map (ArcMap GeoPDF)", "extraction_method": "geopdf_vector", "georef_max_residual_m": 0.1, "conduit_type": "pipe", "pipe_diameter_mm": 300.0, "diameter_source": "legend_colour", "diameter_candidates_mm": null, "label_diameter_mm": 300.0, "label_agrees": true, "scheme": null, "flow_arrow": "end" }, "geometry": { "type": "LineString", "coordinates": [ [ 88.379379901088186, 22.48022706287043 ], [ 88.379498468938422, 22.480237534792813 ], [ 88.379646762817671, 22.480259225222014 ], [ 88.379760843181714, 22.480315608572646 ], [ 88.379938549474957, 22.480316408259611 ], [ 88.379966973082674, 22.480446909800929 ] ] } },
{ "type": "Feature", "properties": { "ward": 101, "source_sheet": "101_baghajatin.pdf p1", "source": "KMC ward sewerage network map (ArcMap GeoPDF)", "extraction_method": "geopdf_vector", "georef_max_residual_m": 0.1, "conduit_type": "pipe", "pipe_diameter_mm": 500.0, "diameter_source": "legend_colour", "diameter_candidates_mm": null, "label_diameter_mm": 500.0, "label_agrees": true, "scheme": null, "flow_arrow": "end" }, "geometry": { "type": "LineString", "coordinates": [ [ 88.381584883067333, 22.479575456422911 ], [ 88.38167731464506, 22.479941669319921 ], [ 88.381798170629637, 22.479933770758993 ], [ 88.381879586362444, 22.479930791509698 ], [ 88.381997996929755, 22.479925207140983 ] ] } },
{ "type": "Feature", "properties": { "ward": 101, "source_sheet": "101_baghajatin.pdf p1", "source": "KMC ward sewerage network map (ArcMap GeoPDF)", "extraction_method": "geopdf_vector", "georef_max_residual_m": 0.1, "conduit_type": "pipe", "pipe_diameter_mm": 300.0, "diameter_source": "legend_colour", "diameter_candidates_mm": null, "label_diameter_mm": 300.0, "label_agrees": true, "scheme": null, "flow_arrow": "end" }, "geometry": { "type": "LineString", "coordinates": [ [ 88.381566646343828, 22.481495431508083 ], [ 88.381567611226473, 22.481594052184477 ], [ 88.381571021437054, 22.481690358618287 ], [ 88.381572031211377, 22.481793566320171 ], [ 88.381791737686555, 22.481798597603618 ], [ 88.381902836129754, 22.481802249426902 ], [ 88.381879167580948, 22.481905664922433 ], [ 88.381852380246798, 22.481942589632588 ] ] } },
{ "type": "Feature", "properties": { "ward": 101, "source_sheet": "101_baghajatin.pdf p1", "source": "KMC ward sewerage network map (ArcMap GeoPDF)", "extraction_method": "geopdf_vector", "georef_max_residual_m": 0.1, "conduit_type": "pipe", "pipe_diameter_mm": 225.0, "diameter_source": "legend_colour", "diameter_candidates_mm": null, "label_diameter_mm": 225.0, "label_agrees": true, "scheme": null, "flow_arrow": "end" }, "geometry": { "type": "LineString", "coordinates": [ [ 88.381017686087375, 22.48063074204595 ], [ 88.38095845808931, 22.480631240429233 ], [ 88.380946634700479, 22.480684094861964 ] ] } },
{ "type": "Feature", "properties": { "ward": 101, "source_sheet": "101_baghajatin.pdf p1", "source": "KMC ward sewerage network map (ArcMap GeoPDF)", "extraction_method": "geopdf_vector", "georef_max_residual_m": 0.1, "conduit_type": "pipe", "pipe_diameter_mm": 300.0, "diameter_source": "legend_colour", "diameter_candidates_mm": null, "label_diameter_mm": 300.0, "label_agrees": true, "scheme": null, "flow_arrow": "end" }, "geometry": { "type": "LineString", "coordinates": [ [ 88.377424671819071, 22.48143620592985 ], [ 88.377459378309979, 22.481451970535293 ], [ 88.377730305217995, 22.481394647767058 ], [ 88.377868236492219, 22.481365965449015 ] ] } },
{ "type": "Feature", "properties": { "ward": 101, "source_sheet": "101_baghajatin.pdf p1", "source": "KMC ward sewerage network map (ArcMap GeoPDF)", "extraction_method": "geopdf_vector", "georef_max_residual_m": 0.1, "conduit_type": "pipe", "pipe_diameter_mm": 300.0, "diameter_source": "legend_colour", "diameter_candidates_mm": null, "label_diameter_mm": 300.0, "label_agrees": true, "scheme": null, "flow_arrow": "end" }, "geometry": { "type": "LineString", "coordinates": [ [ 88.385947672889571, 22.482525056171323 ], [ 88.38576538852908, 22.482561000996963 ], [ 88.385501822095549, 22.482613687778461 ], [ 88.385366449544918, 22.482651529718105 ], [ 88.385282767037623, 22.48267517308636 ], [ 88.385208933512999, 22.48269643962027 ], [ 88.385105418024494, 22.48271107551599 ] ] } },
{ "type": "Feature", "properties": { "ward": 101, "source_sheet": "101_baghajatin.pdf p1", "source": "KMC ward sewerage network map (ArcMap GeoPDF)", "extraction_method": "geopdf_vector", "georef_max_residual_m": 0.1, "conduit_type": "pipe", "pipe_diameter_mm": 225.0, "diameter_source": "legend_colour", "diameter_candidates_mm": null, "label_diameter_mm": 225.0, "label_agrees": true, "scheme": null, "flow_arrow": "end" }, "geometry": { "type": "LineString", "coordinates": [ [ 88.385947672889571, 22.482525056171323 ], [ 88.385936324055535, 22.482626074332668 ], [ 88.385925177923696, 22.482747734125578 ], [ 88.385916184383646, 22.482837263941114 ], [ 88.385900372608091, 22.482986487340849 ], [ 88.385893464224964, 22.483037006888463 ] ] } },
{ "type": "Feature", "properties": { "ward": 101, "source_sheet": "101_baghajatin.pdf p1", "source": "KMC ward sewerage network map (ArcMap GeoPDF)", "extraction_method": "geopdf_vector", "georef_max_residual_m": 0.1, "conduit_type": "pipe", "pipe_diameter_mm": 300.0, "diameter_source": "legend_colour", "diameter_candidates_mm": null, "label_diameter_mm": 300.0, "label_agrees": true, "scheme": null, "flow_arrow": "end" }, "geometry": { "type": "LineString", "coordinates": [ [ 88.379780670151476, 22.48284997430984 ], [ 88.380047133519312, 22.48284085264784 ], [ 88.380153229694329, 22.482837666743425 ], [ 88.380171155007332, 22.482904033058443 ], [ 88.380186567512709, 22.482965833192345 ], [ 88.380196797756383, 22.483002446217697 ] ] } },
{ "type": "Feature", "properties": { "ward": 101, "source_sheet": "101_baghajatin.pdf p1", "source": "KMC ward sewerage network map (ArcMap GeoPDF)", "extraction_method": "geopdf_vector", "georef_max_residual_m": 0.1, "conduit_type": "pipe", "pipe_diameter_mm": 225.0, "diameter_source": "legend_colour", "diameter_candidates_mm": null, "label_diameter_mm": 225.0, "label_agrees": true, "scheme": null, "flow_arrow": "end" }, "geometry": { "type": "LineString", "coordinates": [ [ 88.380258412314745, 22.481983527971881 ], [ 88.380411397262833, 22.481979947462666 ], [ 88.38054217136191, 22.481976553749753 ], [ 88.380586570502103, 22.481973886493698 ] ] } },
{ "type": "Feature", "properties": { "ward": 101, "source_sheet": "101_baghajatin.pdf p1", "source": "KMC ward sewerage network map (ArcMap GeoPDF)", "extraction_method": "geopdf_vector", "georef_max_residual_m": 0.1, "conduit_type": "pipe", "pipe_diameter_mm": 150.0, "diameter_source": "legend_colour", "diameter_candidates_mm": null, "label_diameter_mm": 150.0, "label_agrees": true, "scheme": null, "flow_arrow": "end" }, "geometry": { "type": "LineString", "coordinates": [ [ 88.381728360547129, 22.482384022895019 ], [ 88.381614906065948, 22.48239185917696 ], [ 88.381498961251864, 22.482397422689001 ], [ 88.381306467566006, 22.482399043054659 ] ] } },
{ "type": "Feature", "properties": { "ward": 101, "source_sheet": "101_baghajatin.pdf p1", "source": "KMC ward sewerage network map (ArcMap GeoPDF)", "extraction_method": "geopdf_vector", "georef_max_residual_m": 0.1, "conduit_type": "pipe", "pipe_diameter_mm": 600.0, "diameter_source": "legend_colour", "diameter_candidates_mm": null, "label_diameter_mm": 600.0, "label_agrees": true, "scheme": null, "flow_arrow": "end" }, "geometry": { "type": "LineString", "coordinates": [ [ 88.379101515085637, 22.482552915456267 ], [ 88.379070601456206, 22.482420140950502 ], [ 88.379050074568809, 22.482340034118948 ], [ 88.379032037982398, 22.482262200013825 ], [ 88.379265858004828, 22.482196011616164 ], [ 88.37919460732931, 22.481976415746107 ], [ 88.379169211910821, 22.481903230906354 ], [ 88.379148841858495, 22.481839178648141 ], [ 88.379130962093683, 22.481777399115895 ], [ 88.378980512323068, 22.481787838165591 ], [ 88.378922407801056, 22.48165070466731 ], [ 88.378841488084319, 22.481451833033351 ], [ 88.378777485343903, 22.481216120134619 ] ] } },
{ "type": "Feature", "properties": { "ward": 101, "source_sheet": "101_baghajatin.pdf p1", "source": "KMC ward sewerage network map (ArcMap GeoPDF)", "extraction_method": "geopdf_vector", "georef_max_residual_m": 0.1, "conduit_type": "pipe", "pipe_diameter_mm": 225.0, "diameter_source": "legend_colour", "diameter_candidates_mm": null, "label_diameter_mm": 225.0, "label_agrees": true, "scheme": null, "flow_arrow": "end" }, "geometry": { "type": "LineString", "coordinates": [ [ 88.380543066929064, 22.482320600315354 ], [ 88.380407177386871, 22.482305687538076 ], [ 88.380325805031291, 22.482313253048691 ], [ 88.380187694222982, 22.482323589461625 ], [ 88.380096450432802, 22.482331237877734 ], [ 88.379714199893343, 22.482361976364661 ], [ 88.379678347194172, 22.482481549822531 ], [ 88.379715071061355, 22.482703729458272 ], [ 88.379780670151476, 22.48284997430984 ], [ 88.379171686948524, 22.482914729506806 ] ] } },
{ "type": "Feature", "properties": { "ward": 101, "source_sheet": "101_baghajatin.pdf p1", "source": "KMC ward sewerage network map (ArcMap GeoPDF)", "extraction_method": "geopdf_vector", "georef_max_residual_m": 0.1, "conduit_type": "pipe", "pipe_diameter_mm": 225.0, "diameter_source": "legend_colour", "diameter_candidates_mm": null, "label_diameter_mm": 225.0, "label_agrees": true, "scheme": null, "flow_arrow": "end" }, "geometry": { "type": "LineString", "coordinates": [ [ 88.3788284546944, 22.482644663944722 ], [ 88.378884696413408, 22.482843742882288 ], [ 88.378902509044877, 22.482898641931445 ], [ 88.378922991257781, 22.482974161743169 ] ] } },
{ "type": "Feature", "properties": { "ward": 101, "source_sheet": "101_baghajatin.pdf p1", "source": "KMC ward sewerage network map (ArcMap GeoPDF)", "extraction_method": "geopdf_vector", "georef_max_residual_m": 0.1, "conduit_type": "pipe", "pipe_diameter_mm": 225.0, "diameter_source": "legend_colour", "diameter_candidates_mm": null, "label_diameter_mm": 225.0, "label_agrees": true, "scheme": null, "flow_arrow": "end" }, "geometry": { "type": "LineString", "coordinates": [ [ 88.377898986458504, 22.472374414706557 ], [ 88.377783139127089, 22.472389149221982 ], [ 88.377723959180571, 22.472394233187785 ], [ 88.377699326978231, 22.472399027314044 ] ] } },
{ "type": "Feature", "properties": { "ward": 101, "source_sheet": "101_baghajatin.pdf p1", "source": "KMC ward sewerage network map (ArcMap GeoPDF)", "extraction_method": "geopdf_vector", "georef_max_residual_m": 0.1, "conduit_type": "pipe", "pipe_diameter_mm": 300.0, "diameter_source": "legend_colour", "diameter_candidates_mm": null, "label_diameter_mm": 300.0, "label_agrees": true, "scheme": null, "flow_arrow": "end" }, "geometry": { "type": "LineString", "coordinates": [ [ 88.385963386551623, 22.480102786446622 ], [ 88.385936795040294, 22.479908047298053 ], [ 88.385863022553195, 22.479683888606907 ] ] } },
{ "type": "Feature", "properties": { "ward": 101, "source_sheet": "101_baghajatin.pdf p1", "source": "KMC ward sewerage network map (ArcMap GeoPDF)", "extraction_method": "geopdf_vector", "georef_max_residual_m": 0.1, "conduit_type": "pipe", "pipe_diameter_mm": 225.0, "diameter_source": "legend_colour", "diameter_candidates_mm": null, "label_diameter_mm": 225.0, "label_agrees": true, "scheme": null, "flow_arrow": "end" }, "geometry": { "type": "LineString", "coordinates": [ [ 88.385913023465037, 22.479497677429912 ], [ 88.385953588934328, 22.479607432000947 ], [ 88.385956619386377, 22.479664748681444 ] ] } },
{ "type": "Feature", "properties": { "ward": 101, "source_sheet": "101_baghajatin.pdf p1", "source": "KMC ward sewerage network map (ArcMap GeoPDF)", "extraction_method": "geopdf_vector", "georef_max_residual_m": 0.1, "conduit_type": "pipe", "pipe_diameter_mm": 225.0, "diameter_source": "legend_colour", "diameter_candidates_mm": null, "label_diameter_mm": 225.0, "label_agrees": true, "scheme": null, "flow_arrow": "end" }, "geometry": { "type": "LineString", "coordinates": [ [ 88.385215179803865, 22.479810923719352 ], [ 88.385274317354146, 22.479801249841532 ], [ 88.385343281202836, 22.479786905592874 ], [ 88.385422116339839, 22.479772477887423 ], [ 88.385488634830935, 22.479760447874192 ], [ 88.385555153411801, 22.479748417833189 ] ] } },
{ "type": "Feature", "properties": { "ward": 101, "source_sheet": "101_baghajatin.pdf p1", "source": "KMC ward sewerage network map (ArcMap GeoPDF)", "extraction_method": "geopdf_vector", "georef_max_residual_m": 0.1, "conduit_type": "pipe", "pipe_diameter_mm": 300.0, "diameter_source": "legend_colour", "diameter_candidates_mm": null, "label_diameter_mm": 300.0, "label_agrees": true, "scheme": null, "flow_arrow": "end" }, "geometry": { "type": "LineString", "coordinates": [ [ 88.38653083899392, 22.481591185386456 ], [ 88.386437308537282, 22.481617206182683 ], [ 88.386383150979299, 22.481631425840696 ], [ 88.386378035115342, 22.481613119559952 ], [ 88.386217940287992, 22.48164658372691 ] ] } },
{ "type": "Feature", "properties": { "ward": 101, "source_sheet": "101_baghajatin.pdf p1", "source": "KMC ward sewerage network map (ArcMap GeoPDF)", "extraction_method": "geopdf_vector", "georef_max_residual_m": 0.1, "conduit_type": "pipe", "pipe_diameter_mm": 225.0, "diameter_source": "legend_colour", "diameter_candidates_mm": null, "label_diameter_mm": 225.0, "label_agrees": true, "scheme": null, "flow_arrow": "end" }, "geometry": { "type": "LineString", "coordinates": [ [ 88.37664370143672, 22.480314259696005 ], [ 88.376697814960309, 22.480295456246193 ], [ 88.37672487171676, 22.480286054562512 ], [ 88.376777814188301, 22.480400295320834 ], [ 88.376820706478597, 22.48049627071304 ], [ 88.37683836143384, 22.480535115476822 ] ] } },
{ "type": "Feature", "properties": { "ward": 101, "source_sheet": "101_baghajatin.pdf p1", "source": "KMC ward sewerage network map (ArcMap GeoPDF)", "extraction_method": "geopdf_vector", "georef_max_residual_m": 0.1, "conduit_type": "pipe", "pipe_diameter_mm": 225.0, "diameter_source": "legend_colour", "diameter_candidates_mm": null, "label_diameter_mm": 225.0, "label_agrees": true, "scheme": null, "flow_arrow": "end" }, "geometry": { "type": "LineString", "coordinates": [ [ 88.376571602621027, 22.48076672277616 ], [ 88.376615867273586, 22.480750295610942 ], [ 88.376655218670948, 22.480736203399847 ], [ 88.376701951154942, 22.480719755512062 ], [ 88.376751129120507, 22.480700993438752 ], [ 88.376820005059955, 22.48067747869662 ], [ 88.376896239804367, 22.480649314778169 ], [ 88.376967672990617, 22.480634953347106 ], [ 88.377036705399689, 22.480627493003585 ], [ 88.377083460161231, 22.48061333857553 ], [ 88.377140063945021, 22.480596807739612 ], [ 88.377189286533365, 22.480582632574695 ], [ 88.377270479206189, 22.480556720540207 ] ] } },
{ "type": "Feature", "properties": { "ward": 101, "source_sheet": "101_baghajatin.pdf p1", "source": "KMC ward sewerage network map (ArcMap GeoPDF)", "extraction_method": "geopdf_vector", "georef_max_residual_m": 0.1, "conduit_type": "pipe", "pipe_diameter_mm": 225.0, "diameter_source": "legend_colour", "diameter_candidates_mm": null, "label_diameter_mm": 225.0, "label_agrees": true, "scheme": null, "flow_arrow": "end" }, "geometry": { "type": "LineString", "coordinates": [ [ 88.377170572664141, 22.480688299614076 ], [ 88.377305811757267, 22.480636703423414 ] ] } },
{ "type": "Feature", "properties": { "ward": 101, "source_sheet": "101_baghajatin.pdf p1", "source": "KMC ward sewerage network map (ArcMap GeoPDF)", "extraction_method": "geopdf_vector", "georef_max_residual_m": 0.1, "conduit_type": "pipe", "pipe_diameter_mm": 600.0, "diameter_source": "legend_colour", "diameter_candidates_mm": null, "label_diameter_mm": 600.0, "label_agrees": true, "scheme": null, "flow_arrow": "end" }, "geometry": { "type": "LineString", "coordinates": [ [ 88.378275493513527, 22.480610213575371 ], [ 88.37828585725461, 22.480660587872396 ], [ 88.378301514958238, 22.480747616805999 ], [ 88.378446938448647, 22.480728045923577 ], [ 88.378592361890696, 22.480708474911943 ], [ 88.378723000681276, 22.480691321628971 ], [ 88.378802665729026, 22.480761756898236 ], [ 88.379037312073436, 22.480780428728881 ], [ 88.379158191446791, 22.480774825573274 ], [ 88.379286474356121, 22.48076916010718 ], [ 88.379380207450353, 22.480763784924537 ] ] } },
{ "type": "Feature", "properties": { "ward": 101, "source_sheet": "101_baghajatin.pdf p1", "source": "KMC ward sewerage network map (ArcMap GeoPDF)", "extraction_method": "geopdf_vector", "georef_max_residual_m": 0.1, "conduit_type": "pipe", "pipe_diameter_mm": 225.0, "diameter_source": "legend_colour", "diameter_candidates_mm": null, "label_diameter_mm": 225.0, "label_agrees": true, "scheme": null, "flow_arrow": "end" }, "geometry": { "type": "LineString", "coordinates": [ [ 88.380626737960711, 22.48027621505118 ], [ 88.380588980650643, 22.480200840678727 ], [ 88.380563831521968, 22.480152884686046 ], [ 88.380573007715597, 22.480081703004863 ] ] } },
{ "type": "Feature", "properties": { "ward": 101, "source_sheet": "101_baghajatin.pdf p1", "source": "KMC ward sewerage network map (ArcMap GeoPDF)", "extraction_method": "geopdf_vector", "georef_max_residual_m": 0.1, "conduit_type": "pipe", "pipe_diameter_mm": 225.0, "diameter_source": "legend_colour", "diameter_candidates_mm": null, "label_diameter_mm": 225.0, "label_agrees": true, "scheme": null, "flow_arrow": "end" }, "geometry": { "type": "LineString", "coordinates": [ [ 88.384295519742011, 22.481162787002543 ], [ 88.384319326679687, 22.481325438248632 ] ] } },
{ "type": "Feature", "properties": { "ward": 101, "source_sheet": "101_baghajatin.pdf p1", "source": "KMC ward sewerage network map (ArcMap GeoPDF)", "extraction_method": "geopdf_vector", "georef_max_residual_m": 0.1, "conduit_type": "pipe", "pipe_diameter_mm": 225.0, "diameter_source": "legend_colour", "diameter_candidates_mm": null, "label_diameter_mm": 225.0, "label_agrees": true, "scheme": null, "flow_arrow": "end" }, "geometry": { "type": "LineString", "coordinates": [ [ 88.384139750811457, 22.479875046092953 ], [ 88.384223589258909, 22.479867457921628 ], [ 88.384297578860583, 22.479862246435772 ], [ 88.384332105778711, 22.479859661545017 ] ] } },
{ "type": "Feature", "properties": { "ward": 101, "source_sheet": "101_baghajatin.pdf p1", "source": "KMC ward sewerage network map (ArcMap GeoPDF)", "extraction_method": "geopdf_vector", "georef_max_residual_m": 0.1, "conduit_type": "pipe", "pipe_diameter_mm": 225.0, "diameter_source": "legend_colour", "diameter_candidates_mm": null, "label_diameter_mm": 225.0, "label_agrees": true, "scheme": null, "flow_arrow": "end" }, "geometry": { "type": "LineString", "coordinates": [ [ 88.382707402382422, 22.479531597700131 ], [ 88.382722793186375, 22.479591104112064 ], [ 88.382748369599867, 22.479682636351811 ] ] } },
{ "type": "Feature", "properties": { "ward": 101, "source_sheet": "101_baghajatin.pdf p1", "source": "KMC ward sewerage network map (ArcMap GeoPDF)", "extraction_method": "geopdf_vector", "georef_max_residual_m": 0.1, "conduit_type": "pipe", "pipe_diameter_mm": 225.0, "diameter_source": "legend_colour", "diameter_candidates_mm": null, "label_diameter_mm": 225.0, "label_agrees": true, "scheme": null, "flow_arrow": "end" }, "geometry": { "type": "LineString", "coordinates": [ [ 88.384137160848042, 22.481625154732733 ], [ 88.384179069304835, 22.481620213848139 ], [ 88.384358997528125, 22.481595759181946 ] ] } },
{ "type": "Feature", "properties": { "ward": 101, "source_sheet": "101_baghajatin.pdf p1", "source": "KMC ward sewerage network map (ArcMap GeoPDF)", "extraction_method": "geopdf_vector", "georef_max_residual_m": 0.1, "conduit_type": "pipe", "pipe_diameter_mm": 225.0, "diameter_source": "legend_colour", "diameter_candidates_mm": null, "label_diameter_mm": 225.0, "label_agrees": true, "scheme": null, "flow_arrow": "end" }, "geometry": { "type": "LineString", "coordinates": [ [ 88.382264542621911, 22.479672949793112 ], [ 88.382312890457143, 22.479821632658499 ] ] } },
{ "type": "Feature", "properties": { "ward": 101, "source_sheet": "101_baghajatin.pdf p1", "source": "KMC ward sewerage network map (ArcMap GeoPDF)", "extraction_method": "geopdf_vector", "georef_max_residual_m": 0.1, "conduit_type": "pipe", "pipe_diameter_mm": 225.0, "diameter_source": "legend_colour", "diameter_candidates_mm": null, "label_diameter_mm": 225.0, "label_agrees": true, "scheme": null, "flow_arrow": "end" }, "geometry": { "type": "LineString", "coordinates": [ [ 88.382154644186784, 22.481304691174767 ], [ 88.382058330735944, 22.481298621246943 ], [ 88.381964485249796, 22.481292530478658 ], [ 88.381897359649145, 22.481242634451984 ] ] } },
{ "type": "Feature", "properties": { "ward": 101, "source_sheet": "101_baghajatin.pdf p1", "source": "KMC ward sewerage network map (ArcMap GeoPDF)", "extraction_method": "geopdf_vector", "georef_max_residual_m": 0.1, "conduit_type": "pipe", "pipe_diameter_mm": 225.0, "diameter_source": "legend_colour", "diameter_candidates_mm": null, "label_diameter_mm": 225.0, "label_agrees": true, "scheme": null, "flow_arrow": "end" }, "geometry": { "type": "LineString", "coordinates": [ [ 88.381965854424152, 22.48143243419743 ], [ 88.381965203504208, 22.481365922632907 ], [ 88.381964485249796, 22.481292530478658 ] ] } },
{ "type": "Feature", "properties": { "ward": 101, "source_sheet": "101_baghajatin.pdf p1", "source": "KMC ward sewerage network map (ArcMap GeoPDF)", "extraction_method": "geopdf_vector", "georef_max_residual_m": 0.1, "conduit_type": "pipe", "pipe_diameter_mm": 300.0, "diameter_source": "legend_colour", "diameter_candidates_mm": null, "label_diameter_mm": 300.0, "label_agrees": true, "scheme": null, "flow_arrow": "end" }, "geometry": { "type": "LineString", "coordinates": [ [ 88.378048082253343, 22.481080037112985 ], [ 88.378058289394374, 22.481114356847776 ], [ 88.378124266331028, 22.481299592277445 ] ] } },
{ "type": "Feature", "properties": { "ward": 101, "source_sheet": "101_baghajatin.pdf p1", "source": "KMC ward sewerage network map (ArcMap GeoPDF)", "extraction_method": "geopdf_vector", "georef_max_residual_m": 0.1, "conduit_type": "pipe", "pipe_diameter_mm": 225.0, "diameter_source": "legend_colour", "diameter_candidates_mm": null, "label_diameter_mm": 225.0, "label_agrees": true, "scheme": null, "flow_arrow": "end" }, "geometry": { "type": "LineString", "coordinates": [ [ 88.378331392196074, 22.481027196807393 ], [ 88.378245174232802, 22.481043976662409 ], [ 88.378166337434877, 22.481058400928479 ], [ 88.378048082253343, 22.481080037112985 ] ] } },
{ "type": "Feature", "properties": { "ward": 101, "source_sheet": "101_baghajatin.pdf p1", "source": "KMC ward sewerage network map (ArcMap GeoPDF)", "extraction_method": "geopdf_vector", "georef_max_residual_m": 0.1, "conduit_type": "pipe", "pipe_diameter_mm": 500.0, "diameter_source": "legend_colour", "diameter_candidates_mm": null, "label_diameter_mm": 500.0, "label_agrees": true, "scheme": "KEIIP", "flow_arrow": "end" }, "geometry": { "type": "LineString", "coordinates": [ [ 88.377164794718425, 22.480348880995265 ], [ 88.377243318119824, 22.480302348163157 ], [ 88.377449609450252, 22.480197400625936 ], [ 88.377538518569125, 22.480203535496155 ], [ 88.377676560492006, 22.480186321035291 ], [ 88.377802285644989, 22.480171503416784 ], [ 88.377849107294153, 22.480164229283922 ], [ 88.377889957547936, 22.480303801777655 ], [ 88.37785872610317, 22.480391224509951 ], [ 88.377832318329524, 22.480467138165015 ], [ 88.377852777054898, 22.480540364617049 ], [ 88.378246623766643, 22.480433841403428 ], [ 88.378275493513527, 22.480610213575371 ] ] } },
{ "type": "Feature", "properties": { "ward": 101, "source_sheet": "101_baghajatin.pdf p1", "source": "KMC ward sewerage network map (ArcMap GeoPDF)", "extraction_method": "geopdf_vector", "georef_max_residual_m": 0.1, "conduit_type": "pipe", "pipe_diameter_mm": 300.0, "diameter_source": "legend_colour", "diameter_candidates_mm": null, "label_diameter_mm": 300.0, "label_agrees": true, "scheme": null, "flow_arrow": "end" }, "geometry": { "type": "LineString", "coordinates": [ [ 88.379531367461396, 22.479562911908005 ], [ 88.379534821044089, 22.479663805514104 ], [ 88.379536299684816, 22.479815176939525 ] ] } },
{ "type": "Feature", "properties": { "ward": 101, "source_sheet": "101_baghajatin.pdf p1", "source": "KMC ward sewerage network map (ArcMap GeoPDF)", "extraction_method": "geopdf_vector", "georef_max_residual_m": 0.1, "conduit_type": "pipe", "pipe_diameter_mm": 300.0, "diameter_source": "legend_colour", "diameter_candidates_mm": null, "label_diameter_mm": 300.0, "label_agrees": true, "scheme": null, "flow_arrow": "end" }, "geometry": { "type": "LineString", "coordinates": [ [ 88.379790409468555, 22.480563079045695 ], [ 88.379789468302505, 22.480466751751116 ], [ 88.379966973082674, 22.480446909800929 ] ] } },
{ "type": "Feature", "properties": { "ward": 101, "source_sheet": "101_baghajatin.pdf p1", "source": "KMC ward sewerage network map (ArcMap GeoPDF)", "extraction_method": "geopdf_vector", "georef_max_residual_m": 0.1, "conduit_type": "pipe", "pipe_diameter_mm": 300.0, "diameter_source": "legend_colour", "diameter_candidates_mm": null, "label_diameter_mm": 300.0, "label_agrees": true, "scheme": null, "flow_arrow": "end" }, "geometry": { "type": "LineString", "coordinates": [ [ 88.379592473879939, 22.475206670055858 ], [ 88.379664505121127, 22.475506538855466 ] ] } },
{ "type": "Feature", "properties": { "ward": 101, "source_sheet": "101_baghajatin.pdf p1", "source": "KMC ward sewerage network map (ArcMap GeoPDF)", "extraction_method": "geopdf_vector", "georef_max_residual_m": 0.1, "conduit_type": "pipe", "pipe_diameter_mm": 225.0, "diameter_source": "legend_colour", "diameter_candidates_mm": null, "label_diameter_mm": 225.0, "label_agrees": true, "scheme": null, "flow_arrow": "end" }, "geometry": { "type": "LineString", "coordinates": [ [ 88.375974109419118, 22.483276450161437 ], [ 88.375858185755476, 22.483284303133932 ] ] } },
{ "type": "Feature", "properties": { "ward": 101, "source_sheet": "101_baghajatin.pdf p1", "source": "KMC ward sewerage network map (ArcMap GeoPDF)", "extraction_method": "geopdf_vector", "georef_max_residual_m": 0.1, "conduit_type": "pipe", "pipe_diameter_mm": 400.0, "diameter_source": "legend_colour", "diameter_candidates_mm": null, "label_diameter_mm": 400.0, "label_agrees": true, "scheme": null, "flow_arrow": "end" }, "geometry": { "type": "LineString", "coordinates": [ [ 88.375555352372913, 22.483867147021819 ], [ 88.375495184408791, 22.483771316038965 ], [ 88.375516032618393, 22.483631225816936 ], [ 88.375553329449062, 22.483406130912527 ], [ 88.375571933090143, 22.483288996370913 ], [ 88.375585913707624, 22.483204012470228 ], [ 88.3755999614405, 22.483125908982359 ], [ 88.37561394202919, 22.483040924983694 ], [ 88.375634767708988, 22.48289854127378 ], [ 88.375651126779005, 22.482804362507832 ], [ 88.375679110284139, 22.482636688066567 ], [ 88.375697691410963, 22.482517260133889 ] ] } },
{ "type": "Feature", "properties": { "ward": 101, "source_sheet": "101_baghajatin.pdf p1", "source": "KMC ward sewerage network map (ArcMap GeoPDF)", "extraction_method": "geopdf_vector", "georef_max_residual_m": 0.1, "conduit_type": "pipe", "pipe_diameter_mm": 400.0, "diameter_source": "legend_colour", "diameter_candidates_mm": null, "label_diameter_mm": 400.0, "label_agrees": true, "scheme": null, "flow_arrow": "end" }, "geometry": { "type": "LineString", "coordinates": [ [ 88.375951905821765, 22.480744394772753 ], [ 88.375935658845407, 22.48085004102564 ], [ 88.37590096511785, 22.48108887645132 ], [ 88.375884874390962, 22.481210577289552 ], [ 88.375866315880984, 22.481332298813275 ], [ 88.375857070081977, 22.481396599830301 ], [ 88.375847802034457, 22.481458607373995 ], [ 88.375838645601235, 22.481532082468412 ], [ 88.375829422228563, 22.481598676954601 ], [ 88.375815598175677, 22.481699715563284 ], [ 88.375783170888994, 22.481917888643608 ], [ 88.375762479515899, 22.482074033491923 ], [ 88.375753211294565, 22.48213604093479 ], [ 88.375743943067476, 22.48219804847265 ], [ 88.375720739057797, 22.482349627058479 ], [ 88.375697691410963, 22.482517260133889 ] ] } },
{ "type": "Feature", "properties": { "ward": 101, "source_sheet": "101_baghajatin.pdf p1", "source": "KMC ward sewerage network map (ArcMap GeoPDF)", "extraction_method": "geopdf_vector", "georef_max_residual_m": 0.1, "conduit_type": "pipe", "pipe_diameter_mm": 375.0, "diameter_source": "legend_colour", "diameter_candidates_mm": null, "label_diameter_mm": 375.0, "label_agrees": true, "scheme": null, "flow_arrow": "end" }, "geometry": { "type": "LineString", "coordinates": [ [ 88.375841319896395, 22.480286582290937 ], [ 88.375908209614238, 22.480565852698582 ], [ 88.375951905821765, 22.480744394772753 ] ] } },
{ "type": "Feature", "properties": { "ward": 101, "source_sheet": "101_baghajatin.pdf p1", "source": "KMC ward sewerage network map (ArcMap GeoPDF)", "extraction_method": "geopdf_vector", "georef_max_residual_m": 0.1, "conduit_type": "pipe", "pipe_diameter_mm": 300.0, "diameter_source": "legend_colour", "diameter_candidates_mm": null, "label_diameter_mm": null, "label_agrees": null, "scheme": null, "flow_arrow": "end" }, "geometry": { "type": "LineString", "coordinates": [ [ 88.377557208505749, 22.482625521734121 ], [ 88.377503116601318, 22.482646619072344 ], [ 88.377407227427298, 22.482684123000457 ], [ 88.377299043504408, 22.482726317467538 ], [ 88.377205599734211, 22.482761507099116 ], [ 88.37713183181711, 22.482789650502664 ], [ 88.377067913057303, 22.48281541747621 ], [ 88.377013820997036, 22.482836514657134 ] ] } },
{ "type": "Feature", "properties": { "ward": 101, "source_sheet": "101_baghajatin.pdf p1", "source": "KMC ward sewerage network map (ArcMap GeoPDF)", "extraction_method": "geopdf_vector", "georef_max_residual_m": 0.1, "conduit_type": "pipe", "pipe_diameter_mm": 450.0, "diameter_source": "legend_colour", "diameter_candidates_mm": null, "label_diameter_mm": 450.0, "label_agrees": true, "scheme": null, "flow_arrow": "end" }, "geometry": { "type": "LineString", "coordinates": [ [ 88.375555352372913, 22.483867147021819 ], [ 88.37560962371991, 22.483864398360858 ], [ 88.375720612174618, 22.483856586918645 ], [ 88.375821728978451, 22.483848858160332 ], [ 88.375935207554434, 22.48384331935365 ], [ 88.376184107600608, 22.483804533212123 ], [ 88.376287602812155, 22.483787609394909 ], [ 88.376368931650944, 22.483775458833545 ], [ 88.376524140740727, 22.483746632655652 ], [ 88.376723704864688, 22.483710553167818 ], [ 88.376851699954742, 22.483675073909684 ], [ 88.376898478108274, 22.483663212958465 ], [ 88.376989544119951, 22.483637218253833 ], [ 88.377085545900883, 22.483611182081464 ], [ 88.377127388306789, 22.483599362482789 ], [ 88.377336644552329, 22.483544851274676 ] ] } },
{ "type": "Feature", "properties": { "ward": 101, "source_sheet": "101_baghajatin.pdf p1", "source": "KMC ward sewerage network map (ArcMap GeoPDF)", "extraction_method": "geopdf_vector", "georef_max_residual_m": 0.1, "conduit_type": "pipe", "pipe_diameter_mm": 375.0, "diameter_source": "legend_colour", "diameter_candidates_mm": null, "label_diameter_mm": 375.0, "label_agrees": true, "scheme": null, "flow_arrow": "end" }, "geometry": { "type": "LineString", "coordinates": [ [ 88.375841319896395, 22.480286582290937 ], [ 88.375927927442959, 22.480056486595117 ], [ 88.375975988031129, 22.479923049147825 ], [ 88.376031295622568, 22.479773495219675 ], [ 88.376074554440436, 22.479653860246621 ], [ 88.376115457093007, 22.47954571350644 ] ] } },
{ "type": "Feature", "properties": { "ward": 101, "source_sheet": "101_baghajatin.pdf p1", "source": "KMC ward sewerage network map (ArcMap GeoPDF)", "extraction_method": "geopdf_vector", "georef_max_residual_m": 0.1, "conduit_type": "pipe", "pipe_diameter_mm": 500.0, "diameter_source": "legend_colour", "diameter_candidates_mm": null, "label_diameter_mm": 500.0, "label_agrees": true, "scheme": null, "flow_arrow": "end" }, "geometry": { "type": "LineString", "coordinates": [ [ 88.376115457093007, 22.47954571350644 ], [ 88.376137855878795, 22.479311568616424 ], [ 88.376157965565554, 22.479095792380349 ], [ 88.376166786533204, 22.478987914605437 ], [ 88.376175674534807, 22.478886917437311 ], [ 88.376186873810212, 22.478769844889641 ], [ 88.3762315592504, 22.478290087415949 ], [ 88.376242758563421, 22.478173014955452 ], [ 88.376253890716541, 22.478049061885859 ], [ 88.376278399408676, 22.477778200037793 ], [ 88.376287242503935, 22.477672615816992 ], [ 88.376296175084192, 22.477576205579911 ], [ 88.376305197047998, 22.477488969423195 ] ] } },
{ "type": "Feature", "properties": { "ward": 101, "source_sheet": "101_baghajatin.pdf p1", "source": "KMC ward sewerage network map (ArcMap GeoPDF)", "extraction_method": "geopdf_vector", "georef_max_residual_m": 0.1, "conduit_type": "pipe", "pipe_diameter_mm": 300.0, "diameter_source": "legend_colour", "diameter_candidates_mm": null, "label_diameter_mm": 300.0, "label_agrees": true, "scheme": null, "flow_arrow": "end" }, "geometry": { "type": "LineString", "coordinates": [ [ 88.380543066929064, 22.482320600315354 ], [ 88.380565502052747, 22.482343348519827 ], [ 88.380568418297941, 22.482389197769574 ], [ 88.38057137949734, 22.482439634143248 ], [ 88.380577077666416, 22.48251757183694 ], [ 88.380588496454294, 22.48267574059194 ], [ 88.380591771615187, 22.48275828607316 ], [ 88.380597492140495, 22.482838517229663 ], [ 88.380603010954474, 22.48289810679994 ], [ 88.380603369750816, 22.482934802843161 ] ] } },
{ "type": "Feature", "properties": { "ward": 101, "source_sheet": "101_baghajatin.pdf p1", "source": "KMC ward sewerage network map (ArcMap GeoPDF)", "extraction_method": "geopdf_vector", "georef_max_residual_m": 0.1, "conduit_type": "pipe", "pipe_diameter_mm": 225.0, "diameter_source": "legend_colour", "diameter_candidates_mm": null, "label_diameter_mm": 225.0, "label_agrees": true, "scheme": null, "flow_arrow": "end" }, "geometry": { "type": "LineString", "coordinates": [ [ 88.379827819403417, 22.481613276715404 ], [ 88.379731595496935, 22.481616379369811 ], [ 88.379684795902634, 22.481625947631599 ] ] } },
{ "type": "Feature", "properties": { "ward": 101, "source_sheet": "101_baghajatin.pdf p1", "source": "KMC ward sewerage network map (ArcMap GeoPDF)", "extraction_method": "geopdf_vector", "georef_max_residual_m": 0.1, "conduit_type": "pipe", "pipe_diameter_mm": 225.0, "diameter_source": "legend_colour", "diameter_candidates_mm": null, "label_diameter_mm": 225.0, "label_agrees": true, "scheme": null, "flow_arrow": "end" }, "geometry": { "type": "LineString", "coordinates": [ [ 88.377489865084016, 22.481541168849688 ], [ 88.37753304909883, 22.481666959682805 ], [ 88.377550794010773, 22.481714978320991 ], [ 88.37742286801803, 22.481757338549826 ] ] } },
{ "type": "Feature", "properties": { "ward": 101, "source_sheet": "101_baghajatin.pdf p1", "source": "KMC ward sewerage network map (ArcMap GeoPDF)", "extraction_method": "geopdf_vector", "georef_max_residual_m": 0.1, "conduit_type": "pipe", "pipe_diameter_mm": 300.0, "diameter_source": "legend_colour", "diameter_candidates_mm": null, "label_diameter_mm": null, "label_agrees": null, "scheme": null, "flow_arrow": "end" }, "geometry": { "type": "LineString", "coordinates": [ [ 88.376945200443004, 22.481114524460782 ], [ 88.376924898620572, 22.481057352366648 ], [ 88.37689450177291, 22.480977327991834 ] ] } },
{ "type": "Feature", "properties": { "ward": 101, "source_sheet": "101_baghajatin.pdf p1", "source": "KMC ward sewerage network map (ArcMap GeoPDF)", "extraction_method": "geopdf_vector", "georef_max_residual_m": 0.1, "conduit_type": "pipe", "pipe_diameter_mm": 300.0, "diameter_source": "legend_colour", "diameter_candidates_mm": null, "label_diameter_mm": 300.0, "label_agrees": true, "scheme": null, "flow_arrow": "end" }, "geometry": { "type": "LineString", "coordinates": [ [ 88.376309456569302, 22.481218485875214 ], [ 88.376117813459487, 22.481307253319404 ], [ 88.376071125400344, 22.481328288088946 ], [ 88.375977369340234, 22.481331367804671 ], [ 88.375932947895549, 22.481331740217804 ], [ 88.375866315880984, 22.481332298813275 ] ] } },
{ "type": "Feature", "properties": { "ward": 101, "source_sheet": "101_baghajatin.pdf p1", "source": "KMC ward sewerage network map (ArcMap GeoPDF)", "extraction_method": "geopdf_vector", "georef_max_residual_m": 0.1, "conduit_type": "pipe", "pipe_diameter_mm": 375.0, "diameter_source": "legend_colour", "diameter_candidates_mm": null, "label_diameter_mm": 375.0, "label_agrees": true, "scheme": null, "flow_arrow": "end" }, "geometry": { "type": "LineString", "coordinates": [ [ 88.377823089418285, 22.480786039366972 ], [ 88.378012419534528, 22.480713345276275 ], [ 88.378073869303833, 22.480687598604757 ], [ 88.378127982748552, 22.480668794677971 ], [ 88.378214021333036, 22.480633666755903 ], [ 88.378275493513527, 22.480610213575371 ] ] } },
{ "type": "Feature", "properties": { "ward": 101, "source_sheet": "101_baghajatin.pdf p1", "source": "KMC ward sewerage network map (ArcMap GeoPDF)", "extraction_method": "geopdf_vector", "georef_max_residual_m": 0.1, "conduit_type": "pipe", "pipe_diameter_mm": 300.0, "diameter_source": "legend_colour", "diameter_candidates_mm": null, "label_diameter_mm": 300.0, "label_agrees": true, "scheme": null, "flow_arrow": "end" }, "geometry": { "type": "LineString", "coordinates": [ [ 88.377752127877912, 22.479077831271393 ], [ 88.377785149070988, 22.479173889365228 ], [ 88.377825573891755, 22.479269885298795 ], [ 88.37782357594017, 22.479318069661936 ], [ 88.377821645113954, 22.479373134627654 ], [ 88.377837212733681, 22.479450989569326 ], [ 88.377852847603975, 22.479535725109603 ], [ 88.377868460016742, 22.479618167081398 ], [ 88.377897038162033, 22.479764723778288 ] ] } },
{ "type": "Feature", "properties": { "ward": 101, "source_sheet": "101_baghajatin.pdf p1", "source": "KMC ward sewerage network map (ArcMap GeoPDF)", "extraction_method": "geopdf_vector", "georef_max_residual_m": 0.1, "conduit_type": "pipe", "pipe_diameter_mm": 225.0, "diameter_source": "legend_colour", "diameter_candidates_mm": null, "label_diameter_mm": 225.0, "label_agrees": true, "scheme": null, "flow_arrow": "end" }, "geometry": { "type": "LineString", "coordinates": [ [ 88.376927037414717, 22.481529835908297 ], [ 88.376844099930977, 22.481376854009575 ], [ 88.376956950354213, 22.481307096348896 ] ] } },
{ "type": "Feature", "properties": { "ward": 101, "source_sheet": "101_baghajatin.pdf p1", "source": "KMC ward sewerage network map (ArcMap GeoPDF)", "extraction_method": "geopdf_vector", "georef_max_residual_m": 0.1, "conduit_type": "pipe", "pipe_diameter_mm": 300.0, "diameter_source": "legend_colour", "diameter_candidates_mm": null, "label_diameter_mm": 300.0, "label_agrees": true, "scheme": null, "flow_arrow": "end" }, "geometry": { "type": "LineString", "coordinates": [ [ 88.378710300317223, 22.479643209419788 ], [ 88.37884333864703, 22.479619154854404 ], [ 88.378991139114461, 22.479590388740245 ] ] } },
{ "type": "Feature", "properties": { "ward": 101, "source_sheet": "101_baghajatin.pdf p1", "source": "KMC ward sewerage network map (ArcMap GeoPDF)", "extraction_method": "geopdf_vector", "georef_max_residual_m": 0.1, "conduit_type": "pipe", "pipe_diameter_mm": 300.0, "diameter_source": "legend_colour", "diameter_candidates_mm": null, "label_diameter_mm": 300.0, "label_agrees": true, "scheme": null, "flow_arrow": "end" }, "geometry": { "type": "LineString", "coordinates": [ [ 88.376523644715533, 22.479897813805167 ], [ 88.376517881938526, 22.479812995313662 ], [ 88.376511985048879, 22.479714415799258 ], [ 88.376508757186912, 22.479636457118939 ], [ 88.376502972085873, 22.479549345151447 ] ] } },
{ "type": "Feature", "properties": { "ward": 101, "source_sheet": "101_baghajatin.pdf p1", "source": "KMC ward sewerage network map (ArcMap GeoPDF)", "extraction_method": "geopdf_vector", "georef_max_residual_m": 0.1, "conduit_type": "pipe", "pipe_diameter_mm": 225.0, "diameter_source": "legend_colour", "diameter_candidates_mm": null, "label_diameter_mm": 225.0, "label_agrees": true, "scheme": null, "flow_arrow": "end" }, "geometry": { "type": "LineString", "coordinates": [ [ 88.377609815482259, 22.479416199242554 ], [ 88.377821645113954, 22.479373134627654 ] ] } },
{ "type": "Feature", "properties": { "ward": 101, "source_sheet": "101_baghajatin.pdf p1", "source": "KMC ward sewerage network map (ArcMap GeoPDF)", "extraction_method": "geopdf_vector", "georef_max_residual_m": 0.1, "conduit_type": "pipe", "pipe_diameter_mm": 400.0, "diameter_source": "legend_colour", "diameter_candidates_mm": null, "label_diameter_mm": 400.0, "label_agrees": true, "scheme": null, "flow_arrow": "end" }, "geometry": { "type": "LineString", "coordinates": [ [ 88.380428280288015, 22.480172374407644 ], [ 88.38031592591193, 22.480292591528009 ], [ 88.380272737888646, 22.480419107956543 ], [ 88.380273567303391, 22.480503967701601 ], [ 88.38027464330645, 22.480614055974232 ], [ 88.380277806076236, 22.480685133868359 ] ] } },
{ "type": "Feature", "properties": { "ward": 101, "source_sheet": "101_baghajatin.pdf p1", "source": "KMC ward sewerage network map (ArcMap GeoPDF)", "extraction_method": "geopdf_vector", "georef_max_residual_m": 0.1, "conduit_type": "box_sewer", "pipe_diameter_mm": null, "diameter_source": null, "diameter_candidates_mm": null, "label_diameter_mm": null, "label_agrees": null, "scheme": null, "flow_arrow": "end" }, "geometry": { "type": "LineString", "coordinates": [ [ 88.379380207450353, 22.480763784924537 ], [ 88.379476385980709, 22.480756095476139 ], [ 88.379577500196419, 22.480748364481766 ], [ 88.379639129011906, 22.480740965356073 ], [ 88.379703247973112, 22.480735838929867 ], [ 88.379976976387724, 22.480712894249507 ], [ 88.380277806076236, 22.480685133868359 ] ] } },
{ "type": "Feature", "properties": { "ward": 101, "source_sheet": "101_baghajatin.pdf p1", "source": "KMC ward sewerage network map (ArcMap GeoPDF)", "extraction_method": "geopdf_vector", "georef_max_residual_m": 0.1, "conduit_type": "pipe", "pipe_diameter_mm": 900.0, "diameter_source": "legend_colour", "diameter_candidates_mm": null, "label_diameter_mm": 900.0, "label_agrees": true, "scheme": null, "flow_arrow": "end" }, "geometry": { "type": "LineString", "coordinates": [ [ 88.379869610510994, 22.478059991910644 ], [ 88.379853817896631, 22.477959202033773 ], [ 88.37984076188387, 22.477885913514044 ], [ 88.379830241007042, 22.477819484843547 ], [ 88.379785305426168, 22.477767107612415 ], [ 88.379730879780084, 22.477753802891709 ], [ 88.379690857445169, 22.477699090673127 ], [ 88.37969494168523, 22.477611895825785 ], [ 88.379696759766816, 22.4775453634225 ], [ 88.37977577363597, 22.477549286645377 ], [ 88.379921462416277, 22.47755723661426 ], [ 88.379936294425022, 22.477307099147581 ], [ 88.379950835108588, 22.477027146002165 ], [ 88.37996360272038, 22.476818312383369 ] ] } },
{ "type": "Feature", "properties": { "ward": 101, "source_sheet": "101_baghajatin.pdf p1", "source": "KMC ward sewerage network map (ArcMap GeoPDF)", "extraction_method": "geopdf_vector", "georef_max_residual_m": 0.1, "conduit_type": "pipe", "pipe_diameter_mm": 450.0, "diameter_source": "legend_colour", "diameter_candidates_mm": null, "label_diameter_mm": 450.0, "label_agrees": true, "scheme": null, "flow_arrow": "end" }, "geometry": { "type": "LineString", "coordinates": [ [ 88.379942697391897, 22.478467655132196 ], [ 88.37989049561277, 22.478176794762959 ], [ 88.379869610510994, 22.478059991910644 ] ] } },
{ "type": "Feature", "properties": { "ward": 101, "source_sheet": "101_baghajatin.pdf p1", "source": "KMC ward sewerage network map (ArcMap GeoPDF)", "extraction_method": "geopdf_vector", "georef_max_residual_m": 0.1, "conduit_type": "pipe", "pipe_diameter_mm": 400.0, "diameter_source": "legend_colour", "diameter_candidates_mm": null, "label_diameter_mm": 400.0, "label_agrees": true, "scheme": null, "flow_arrow": "end" }, "geometry": { "type": "LineString", "coordinates": [ [ 88.380193897351973, 22.478412787996238 ], [ 88.380088006145527, 22.478436615360447 ], [ 88.380001790138948, 22.478453396163914 ], [ 88.379942697391897, 22.478467655132196 ] ] } },
{ "type": "Feature", "properties": { "ward": 101, "source_sheet": "101_baghajatin.pdf p1", "source": "KMC ward sewerage network map (ArcMap GeoPDF)", "extraction_method": "geopdf_vector", "georef_max_residual_m": 0.1, "conduit_type": "pipe", "pipe_diameter_mm": 250.0, "diameter_source": "legend_colour", "diameter_candidates_mm": null, "label_diameter_mm": 250.0, "label_agrees": true, "scheme": null, "flow_arrow": "end" }, "geometry": { "type": "LineString", "coordinates": [ [ 88.380193897351973, 22.478412787996238 ], [ 88.380175345281529, 22.478282203446902 ], [ 88.380207359304919, 22.478275053078445 ], [ 88.380384659478835, 22.478234569303908 ] ] } },
{ "type": "Feature", "properties": { "ward": 101, "source_sheet": "101_baghajatin.pdf p1", "source": "KMC ward sewerage network map (ArcMap GeoPDF)", "extraction_method": "geopdf_vector", "georef_max_residual_m": 0.1, "conduit_type": "pipe", "pipe_diameter_mm": 300.0, "diameter_source": "legend_colour", "diameter_candidates_mm": null, "label_diameter_mm": null, "label_agrees": null, "scheme": null, "flow_arrow": "end" }, "geometry": { "type": "LineString", "coordinates": [ [ 88.379465912123635, 22.47892581473176 ], [ 88.379484553263723, 22.479065573544641 ] ] } },
{ "type": "Feature", "properties": { "ward": 101, "source_sheet": "101_baghajatin.pdf p1", "source": "KMC ward sewerage network map (ArcMap GeoPDF)", "extraction_method": "geopdf_vector", "georef_max_residual_m": 0.1, "conduit_type": "pipe", "pipe_diameter_mm": 300.0, "diameter_source": "legend_colour", "diameter_candidates_mm": null, "label_diameter_mm": 300.0, "label_agrees": true, "scheme": null, "flow_arrow": "end" }, "geometry": { "type": "LineString", "coordinates": [ [ 88.378683443093649, 22.478661733120962 ], [ 88.37888800198688, 22.478632490467945 ] ] } },
{ "type": "Feature", "properties": { "ward": 101, "source_sheet": "101_baghajatin.pdf p1", "source": "KMC ward sewerage network map (ArcMap GeoPDF)", "extraction_method": "geopdf_vector", "georef_max_residual_m": 0.1, "conduit_type": "pipe", "pipe_diameter_mm": 225.0, "diameter_source": "legend_colour", "diameter_candidates_mm": null, "label_diameter_mm": 225.0, "label_agrees": true, "scheme": null, "flow_arrow": "end" }, "geometry": { "type": "LineString", "coordinates": [ [ 88.381969996072499, 22.479333669973833 ], [ 88.381938856206276, 22.479177961019939 ] ] } },
{ "type": "Feature", "properties": { "ward": 101, "source_sheet": "101_baghajatin.pdf p1", "source": "KMC ward sewerage network map (ArcMap GeoPDF)", "extraction_method": "geopdf_vector", "georef_max_residual_m": 0.1, "conduit_type": "pipe", "pipe_diameter_mm": 600.0, "diameter_source": "legend_colour", "diameter_candidates_mm": null, "label_diameter_mm": 600.0, "label_agrees": true, "scheme": null, "flow_arrow": "end" }, "geometry": { "type": "LineString", "coordinates": [ [ 88.377336644552329, 22.483544851274676 ], [ 88.377472043011153, 22.483509309495737 ], [ 88.377723141159578, 22.483442978105199 ], [ 88.377821610544771, 22.483416920788709 ], [ 88.377905406888388, 22.483404748748818 ], [ 88.378018750638958, 22.483385447490299 ], [ 88.378151837533935, 22.483365980354034 ], [ 88.378196214711863, 22.483361020264265 ] ] } },
{ "type": "Feature", "properties": { "ward": 101, "source_sheet": "101_baghajatin.pdf p1", "source": "KMC ward sewerage network map (ArcMap GeoPDF)", "extraction_method": "geopdf_vector", "georef_max_residual_m": 0.1, "conduit_type": "pipe", "pipe_diameter_mm": 225.0, "diameter_source": "legend_colour", "diameter_candidates_mm": null, "label_diameter_mm": 225.0, "label_agrees": true, "scheme": null, "flow_arrow": "end" }, "geometry": { "type": "LineString", "coordinates": [ [ 88.379523709972474, 22.481810797364258 ], [ 88.379571742005936, 22.481927371997067 ], [ 88.379666125697383, 22.481988508330669 ] ] } },
{ "type": "Feature", "properties": { "ward": 101, "source_sheet": "101_baghajatin.pdf p1", "source": "KMC ward sewerage network map (ArcMap GeoPDF)", "extraction_method": "geopdf_vector", "georef_max_residual_m": 0.1, "conduit_type": "pipe", "pipe_diameter_mm": 225.0, "diameter_source": "legend_colour", "diameter_candidates_mm": null, "label_diameter_mm": 225.0, "label_agrees": true, "scheme": null, "flow_arrow": "end" }, "geometry": { "type": "LineString", "coordinates": [ [ 88.376297572766163, 22.482278273479888 ], [ 88.376345825878218, 22.482417784288636 ] ] } },
{ "type": "Feature", "properties": { "ward": 101, "source_sheet": "101_baghajatin.pdf p1", "source": "KMC ward sewerage network map (ArcMap GeoPDF)", "extraction_method": "geopdf_vector", "georef_max_residual_m": 0.1, "conduit_type": "pipe", "pipe_diameter_mm": 300.0, "diameter_source": "legend_colour", "diameter_candidates_mm": null, "label_diameter_mm": 300.0, "label_agrees": true, "scheme": null, "flow_arrow": "end" }, "geometry": { "type": "LineString", "coordinates": [ [ 88.381000452625472, 22.482149312240736 ], [ 88.3805882522703, 22.482145899394837 ] ] } },
{ "type": "Feature", "properties": { "ward": 101, "source_sheet": "101_baghajatin.pdf p1", "source": "KMC ward sewerage network map (ArcMap GeoPDF)", "extraction_method": "geopdf_vector", "georef_max_residual_m": 0.1, "conduit_type": "pipe", "pipe_diameter_mm": 225.0, "diameter_source": "legend_colour", "diameter_candidates_mm": null, "label_diameter_mm": 225.0, "label_agrees": true, "scheme": null, "flow_arrow": "end" }, "geometry": { "type": "LineString", "coordinates": [ [ 88.381006442611252, 22.482257065454966 ], [ 88.381000452625472, 22.482149312240736 ] ] } },
{ "type": "Feature", "properties": { "ward": 101, "source_sheet": "101_baghajatin.pdf p1", "source": "KMC ward sewerage network map (ArcMap GeoPDF)", "extraction_method": "geopdf_vector", "georef_max_residual_m": 0.1, "conduit_type": "pipe", "pipe_diameter_mm": 225.0, "diameter_source": "legend_colour", "diameter_candidates_mm": null, "label_diameter_mm": 225.0, "label_agrees": true, "scheme": null, "flow_arrow": "end" }, "geometry": { "type": "LineString", "coordinates": [ [ 88.38112831352062, 22.480081618269793 ], [ 88.381226690077881, 22.480046384954157 ], [ 88.381332425116526, 22.480006502239924 ] ] } },
{ "type": "Feature", "properties": { "ward": 101, "source_sheet": "101_baghajatin.pdf p1", "source": "KMC ward sewerage network map (ArcMap GeoPDF)", "extraction_method": "geopdf_vector", "georef_max_residual_m": 0.1, "conduit_type": "pipe", "pipe_diameter_mm": 400.0, "diameter_source": "legend_colour", "diameter_candidates_mm": null, "label_diameter_mm": 400.0, "label_agrees": true, "scheme": null, "flow_arrow": "end" }, "geometry": { "type": "LineString", "coordinates": [ [ 88.383266467399977, 22.480671439192317 ], [ 88.38341931957261, 22.480906401053691 ] ] } },
{ "type": "Feature", "properties": { "ward": 101, "source_sheet": "101_baghajatin.pdf p1", "source": "KMC ward sewerage network map (ArcMap GeoPDF)", "extraction_method": "geopdf_vector", "georef_max_residual_m": 0.1, "conduit_type": "pipe", "pipe_diameter_mm": 300.0, "diameter_source": "legend_colour", "diameter_candidates_mm": null, "label_diameter_mm": 300.0, "label_agrees": true, "scheme": null, "flow_arrow": "end" }, "geometry": { "type": "LineString", "coordinates": [ [ 88.383351097912339, 22.474193336338139 ], [ 88.383410547828248, 22.474215772261164 ], [ 88.383517108958557, 22.474260748035242 ], [ 88.383593922798553, 22.474292212350505 ] ] } },
{ "type": "Feature", "properties": { "ward": 101, "source_sheet": "101_baghajatin.pdf p1", "source": "KMC ward sewerage network map (ArcMap GeoPDF)", "extraction_method": "geopdf_vector", "georef_max_residual_m": 0.1, "conduit_type": "pipe", "pipe_diameter_mm": 300.0, "diameter_source": "legend_colour", "diameter_candidates_mm": null, "label_diameter_mm": 300.0, "label_agrees": true, "scheme": null, "flow_arrow": "end" }, "geometry": { "type": "LineString", "coordinates": [ [ 88.382758594647214, 22.473668485074121 ], [ 88.382676643848072, 22.47361642040892 ], [ 88.382572349057668, 22.473550781663274 ], [ 88.382477970126573, 22.473489646841472 ] ] } },
{ "type": "Feature", "properties": { "ward": 101, "source_sheet": "101_baghajatin.pdf p1", "source": "KMC ward sewerage network map (ArcMap GeoPDF)", "extraction_method": "geopdf_vector", "georef_max_residual_m": 0.1, "conduit_type": "pipe", "pipe_diameter_mm": 375.0, "diameter_source": "legend_colour", "diameter_candidates_mm": null, "label_diameter_mm": 375.0, "label_agrees": true, "scheme": null, "flow_arrow": "end" }, "geometry": { "type": "LineString", "coordinates": [ [ 88.382477970126573, 22.473489646841472 ], [ 88.382393731467985, 22.473455950831504 ], [ 88.382331791865269, 22.473431241723635 ] ] } },
{ "type": "Feature", "properties": { "ward": 101, "source_sheet": "101_baghajatin.pdf p1", "source": "KMC ward sewerage network map (ArcMap GeoPDF)", "extraction_method": "geopdf_vector", "georef_max_residual_m": 0.1, "conduit_type": "pipe", "pipe_diameter_mm": 225.0, "diameter_source": "legend_colour", "diameter_candidates_mm": null, "label_diameter_mm": 225.0, "label_agrees": true, "scheme": null, "flow_arrow": "end" }, "geometry": { "type": "LineString", "coordinates": [ [ 88.382258456049968, 22.482076791365728 ], [ 88.382381893958083, 22.482080338913175 ], [ 88.382429209913937, 22.4821235205285 ], [ 88.382591841654772, 22.482096919848587 ], [ 88.382722436139247, 22.482075176259908 ], [ 88.382818547889983, 22.482060604291295 ] ] } },
{ "type": "Feature", "properties": { "ward": 101, "source_sheet": "101_baghajatin.pdf p1", "source": "KMC ward sewerage network map (ArcMap GeoPDF)", "extraction_method": "geopdf_vector", "georef_max_residual_m": 0.1, "conduit_type": "pipe", "pipe_diameter_mm": 225.0, "diameter_source": "legend_colour", "diameter_candidates_mm": null, "label_diameter_mm": 225.0, "label_agrees": true, "scheme": null, "flow_arrow": "end" }, "geometry": { "type": "LineString", "coordinates": [ [ 88.382734860041083, 22.48157963402079 ], [ 88.382742847546794, 22.48163920268955 ], [ 88.38276660787966, 22.481797267312817 ] ] } },
{ "type": "Feature", "properties": { "ward": 101, "source_sheet": "101_baghajatin.pdf p1", "source": "KMC ward sewerage network map (ArcMap GeoPDF)", "extraction_method": "geopdf_vector", "georef_max_residual_m": 0.1, "conduit_type": "pipe", "pipe_diameter_mm": 450.0, "diameter_source": "legend_colour", "diameter_candidates_mm": null, "label_diameter_mm": 450.0, "label_agrees": true, "scheme": null, "flow_arrow": "end" }, "geometry": { "type": "LineString", "coordinates": [ [ 88.382889941945109, 22.482546265375806 ], [ 88.382893577855924, 22.482665506751967 ], [ 88.382899322261423, 22.482748031224912 ], [ 88.382899928748245, 22.482809955822464 ] ] } },
{ "type": "Feature", "properties": { "ward": 101, "source_sheet": "101_baghajatin.pdf p1", "source": "KMC ward sewerage network map (ArcMap GeoPDF)", "extraction_method": "geopdf_vector", "georef_max_residual_m": 0.1, "conduit_type": "pipe", "pipe_diameter_mm": 375.0, "diameter_source": "legend_colour", "diameter_candidates_mm": null, "label_diameter_mm": 375.0, "label_agrees": true, "scheme": null, "flow_arrow": "end" }, "geometry": { "type": "LineString", "coordinates": [ [ 88.38287831851774, 22.482367455346033 ], [ 88.382883928018146, 22.482436218844541 ], [ 88.382889941945109, 22.482546265375806 ] ] } },
{ "type": "Feature", "properties": { "ward": 101, "source_sheet": "101_baghajatin.pdf p1", "source": "KMC ward sewerage network map (ArcMap GeoPDF)", "extraction_method": "geopdf_vector", "georef_max_residual_m": 0.1, "conduit_type": "pipe", "pipe_diameter_mm": 500.0, "diameter_source": "legend_colour", "diameter_candidates_mm": null, "label_diameter_mm": null, "label_agrees": null, "scheme": null, "flow_arrow": "end" }, "geometry": { "type": "LineString", "coordinates": [ [ 88.381920205630493, 22.482820502798369 ], [ 88.381989306071205, 22.482819920881958 ], [ 88.382078127028308, 22.482816879194875 ], [ 88.382181755280001, 22.482813712741962 ], [ 88.382374204457335, 22.482807504277428 ] ] } },
{ "type": "Feature", "properties": { "ward": 101, "source_sheet": "101_baghajatin.pdf p1", "source": "KMC ward sewerage network map (ArcMap GeoPDF)", "extraction_method": "geopdf_vector", "georef_max_residual_m": 0.1, "conduit_type": "pipe", "pipe_diameter_mm": 900.0, "diameter_source": "legend_colour", "diameter_candidates_mm": null, "label_diameter_mm": 900.0, "label_agrees": true, "scheme": null, "flow_arrow": "end" }, "geometry": { "type": "LineString", "coordinates": [ [ 88.382899928748245, 22.482809955822464 ], [ 88.38300856000032, 22.482813627734593 ], [ 88.383206057185589, 22.482818844193645 ], [ 88.383341835148244, 22.482822287056315 ], [ 88.383393682944529, 22.482824143628743 ], [ 88.383450466404256, 22.482825958669469 ], [ 88.383507249966158, 22.482827773593691 ], [ 88.383721730039269, 22.482803028264041 ], [ 88.383889365544661, 22.482783265115465 ], [ 88.384079189230533, 22.482761020901389 ], [ 88.384377486717824, 22.482726393022116 ], [ 88.384626494125598, 22.482699061464967 ], [ 88.384710311629249, 22.482689179496496 ], [ 88.384791661341936, 22.482679318214736 ] ] } },
{ "type": "Feature", "properties": { "ward": 101, "source_sheet": "101_baghajatin.pdf p1", "source": "KMC ward sewerage network map (ArcMap GeoPDF)", "extraction_method": "geopdf_vector", "georef_max_residual_m": 0.1, "conduit_type": "pipe", "pipe_diameter_mm": 600.0, "diameter_source": "legend_colour", "diameter_candidates_mm": null, "label_diameter_mm": 600.0, "label_agrees": true, "scheme": null, "flow_arrow": "end" }, "geometry": { "type": "LineString", "coordinates": [ [ 88.382374204457335, 22.482807504277428 ], [ 88.382522299285256, 22.482808550325835 ], [ 88.382774067239154, 22.48281101643034 ], [ 88.382899928748245, 22.482809955822464 ] ] } },
{ "type": "Feature", "properties": { "ward": 101, "source_sheet": "101_baghajatin.pdf p1", "source": "KMC ward sewerage network map (ArcMap GeoPDF)", "extraction_method": "geopdf_vector", "georef_max_residual_m": 0.1, "conduit_type": "pipe", "pipe_diameter_mm": 600.0, "diameter_source": "legend_colour", "diameter_candidates_mm": null, "label_diameter_mm": 600.0, "label_agrees": true, "scheme": null, "flow_arrow": "end" }, "geometry": { "type": "LineString", "coordinates": [ [ 88.386631518894774, 22.482544509502798 ], [ 88.386580189245961, 22.482595404435941 ], [ 88.386526436728005, 22.482650907224937 ], [ 88.3862184579108, 22.482956276229039 ], [ 88.386172018692363, 22.48300254232991 ], [ 88.386103165954253, 22.483028354597963 ], [ 88.385893464224964, 22.483037006888463 ], [ 88.385826854184842, 22.483039863103112 ], [ 88.385752840489687, 22.483042781909575 ], [ 88.385427171145182, 22.483054706546401 ], [ 88.385343285987588, 22.483057708509147 ], [ 88.385308240652364, 22.483007543163168 ], [ 88.385268169673012, 22.482948245434066 ], [ 88.385228098626811, 22.482888947789291 ], [ 88.385185514837247, 22.482825083943382 ], [ 88.385105418024494, 22.48271107551599 ], [ 88.384957008471346, 22.482677922785943 ], [ 88.384791661341936, 22.482679318214736 ] ] } },
{ "type": "Feature", "properties": { "ward": 101, "source_sheet": "101_baghajatin.pdf p1", "source": "KMC ward sewerage network map (ArcMap GeoPDF)", "extraction_method": "geopdf_vector", "georef_max_residual_m": 0.1, "conduit_type": "pipe", "pipe_diameter_mm": 300.0, "diameter_source": "legend_colour", "diameter_candidates_mm": null, "label_diameter_mm": 300.0, "label_agrees": true, "scheme": null, "flow_arrow": "end" }, "geometry": { "type": "LineString", "coordinates": [ [ 88.383297106636078, 22.481783621627073 ], [ 88.383035424299209, 22.481776652509843 ], [ 88.382852937817489, 22.481791952465738 ], [ 88.38276660787966, 22.481797267312817 ] ] } },
{ "type": "Feature", "properties": { "ward": 101, "source_sheet": "101_baghajatin.pdf p1", "source": "KMC ward sewerage network map (ArcMap GeoPDF)", "extraction_method": "geopdf_vector", "georef_max_residual_m": 0.1, "conduit_type": "pipe", "pipe_diameter_mm": 450.0, "diameter_source": "legend_colour", "diameter_candidates_mm": null, "label_diameter_mm": 450.0, "label_agrees": true, "scheme": null, "flow_arrow": "end" }, "geometry": { "type": "LineString", "coordinates": [ [ 88.383297106636078, 22.481783621627073 ], [ 88.383283599102811, 22.481664463567142 ], [ 88.383275656299091, 22.481609481866382 ], [ 88.383270158896181, 22.481552185898078 ], [ 88.383338764468121, 22.481501146352347 ], [ 88.383326825979353, 22.481290227374576 ] ] } },
{ "type": "Feature", "properties": { "ward": 101, "source_sheet": "101_baghajatin.pdf p1", "source": "KMC ward sewerage network map (ArcMap GeoPDF)", "extraction_method": "geopdf_vector", "georef_max_residual_m": 0.1, "conduit_type": "pipe", "pipe_diameter_mm": 375.0, "diameter_source": "legend_colour", "diameter_candidates_mm": null, "label_diameter_mm": null, "label_agrees": null, "scheme": null, "flow_arrow": "end" }, "geometry": { "type": "LineString", "coordinates": [ [ 88.384093126788358, 22.481916824989955 ], [ 88.384346866201128, 22.481868810844105 ], [ 88.384401068966838, 22.481859178783516 ] ] } },
{ "type": "Feature", "properties": { "ward": 101, "source_sheet": "101_baghajatin.pdf p1", "source": "KMC ward sewerage network map (ArcMap GeoPDF)", "extraction_method": "geopdf_vector", "georef_max_residual_m": 0.1, "conduit_type": "pipe", "pipe_diameter_mm": 225.0, "diameter_source": "legend_colour", "diameter_candidates_mm": null, "label_diameter_mm": 225.0, "label_agrees": true, "scheme": null, "flow_arrow": "end" }, "geometry": { "type": "LineString", "coordinates": [ [ 88.385685700865281, 22.480476709318019 ], [ 88.385616781732296, 22.480495640748419 ], [ 88.3854961955752, 22.480531064218447 ], [ 88.385415004791795, 22.480556980222946 ] ] } },
{ "type": "Feature", "properties": { "ward": 101, "source_sheet": "101_baghajatin.pdf p1", "source": "KMC ward sewerage network map (ArcMap GeoPDF)", "extraction_method": "geopdf_vector", "georef_max_residual_m": 0.1, "conduit_type": "pipe", "pipe_diameter_mm": 450.0, "diameter_source": "legend_colour", "diameter_candidates_mm": null, "label_diameter_mm": null, "label_agrees": null, "scheme": null, "flow_arrow": "end" }, "geometry": { "type": "LineString", "coordinates": [ [ 88.383134019570051, 22.481259740763111 ], [ 88.383272286229797, 22.481265456427845 ], [ 88.383326825979353, 22.481290227374576 ], [ 88.383398438412158, 22.481294211019144 ], [ 88.383633018466682, 22.481305995592134 ], [ 88.383817589941444, 22.481251684417785 ] ] } },
{ "type": "Feature", "properties": { "ward": 101, "source_sheet": "101_baghajatin.pdf p1", "source": "KMC ward sewerage network map (ArcMap GeoPDF)", "extraction_method": "geopdf_vector", "georef_max_residual_m": 0.1, "conduit_type": "pipe", "pipe_diameter_mm": 150.0, "diameter_source": "legend_colour", "diameter_candidates_mm": null, "label_diameter_mm": 150.0, "label_agrees": true, "scheme": null, "flow_arrow": "end" }, "geometry": { "type": "LineString", "coordinates": [ [ 88.384082763287395, 22.480859520537805 ], [ 88.38401552001406, 22.480545851827785 ] ] } },
{ "type": "Feature", "properties": { "ward": 101, "source_sheet": "101_baghajatin.pdf p1", "source": "KMC ward sewerage network map (ArcMap GeoPDF)", "extraction_method": "geopdf_vector", "georef_max_residual_m": 0.1, "conduit_type": "pipe", "pipe_diameter_mm": 300.0, "diameter_source": "legend_colour", "diameter_candidates_mm": null, "label_diameter_mm": 300.0, "label_agrees": true, "scheme": null, "flow_arrow": "end" }, "geometry": { "type": "LineString", "coordinates": [ [ 88.384839887520712, 22.482311920683205 ], [ 88.384808788602086, 22.482160799556549 ], [ 88.384780360059594, 22.482030299046745 ], [ 88.384754556886435, 22.481915832230946 ], [ 88.384736494724422, 22.481835705454955 ], [ 88.384906506649969, 22.481806746540627 ], [ 88.385162758368011, 22.481763297327845 ], [ 88.385248975618381, 22.481746513698194 ], [ 88.385275604481706, 22.48169353403997 ] ] } },
{ "type": "Feature", "properties": { "ward": 101, "source_sheet": "101_baghajatin.pdf p1", "source": "KMC ward sewerage network map (ArcMap GeoPDF)", "extraction_method": "geopdf_vector", "georef_max_residual_m": 0.1, "conduit_type": "pipe", "pipe_diameter_mm": 375.0, "diameter_source": "legend_colour", "diameter_candidates_mm": null, "label_diameter_mm": 375.0, "label_agrees": true, "scheme": null, "flow_arrow": "end" }, "geometry": { "type": "LineString", "coordinates": [ [ 88.385275604481706, 22.48169353403997 ], [ 88.385265283035949, 22.481647747351762 ], [ 88.385254894200088, 22.481595080082112 ], [ 88.385244437772414, 22.481535532423646 ], [ 88.385234093852446, 22.481487452268684 ] ] } },
{ "type": "Feature", "properties": { "ward": 101, "source_sheet": "101_baghajatin.pdf p1", "source": "KMC ward sewerage network map (ArcMap GeoPDF)", "extraction_method": "geopdf_vector", "georef_max_residual_m": 0.1, "conduit_type": "pipe", "pipe_diameter_mm": 450.0, "diameter_source": "legend_colour", "diameter_candidates_mm": null, "label_diameter_mm": 450.0, "label_agrees": true, "scheme": null, "flow_arrow": "end" }, "geometry": { "type": "LineString", "coordinates": [ [ 88.385165352756829, 22.482279355771478 ], [ 88.385051943587413, 22.482291781481145 ], [ 88.384950851255994, 22.482301809508524 ], [ 88.384839887520712, 22.482311920683205 ], [ 88.384738795151705, 22.482321948579042 ] ] } },
{ "type": "Feature", "properties": { "ward": 101, "source_sheet": "101_baghajatin.pdf p1", "source": "KMC ward sewerage network map (ArcMap GeoPDF)", "extraction_method": "geopdf_vector", "georef_max_residual_m": 0.1, "conduit_type": "pipe", "pipe_diameter_mm": 375.0, "diameter_source": "legend_colour", "diameter_candidates_mm": null, "label_diameter_mm": 375.0, "label_agrees": true, "scheme": null, "flow_arrow": "end" }, "geometry": { "type": "LineString", "coordinates": [ [ 88.385966650351705, 22.482446910382897 ], [ 88.386084972655965, 22.482432148875329 ] ] } },
{ "type": "Feature", "properties": { "ward": 101, "source_sheet": "101_baghajatin.pdf p1", "source": "KMC ward sewerage network map (ArcMap GeoPDF)", "extraction_method": "geopdf_vector", "georef_max_residual_m": 0.1, "conduit_type": "pipe", "pipe_diameter_mm": 225.0, "diameter_source": "legend_colour", "diameter_candidates_mm": null, "label_diameter_mm": 225.0, "label_agrees": true, "scheme": null, "flow_arrow": "end" }, "geometry": { "type": "LineString", "coordinates": [ [ 88.385250085288163, 22.482111201111259 ], [ 88.385392928468434, 22.482080177270586 ] ] } },
{ "type": "Feature", "properties": { "ward": 101, "source_sheet": "101_baghajatin.pdf p1", "source": "KMC ward sewerage network map (ArcMap GeoPDF)", "extraction_method": "geopdf_vector", "georef_max_residual_m": 0.1, "conduit_type": "pipe", "pipe_diameter_mm": 300.0, "diameter_source": "legend_colour", "diameter_candidates_mm": null, "label_diameter_mm": 300.0, "label_agrees": true, "scheme": null, "flow_arrow": "end" }, "geometry": { "type": "LineString", "coordinates": [ [ 88.383646542441852, 22.479663598015236 ], [ 88.383613490634531, 22.479312941720231 ], [ 88.383815199307648, 22.479244723957432 ], [ 88.383764940071231, 22.478901093835415 ] ] } },
{ "type": "Feature", "properties": { "ward": 101, "source_sheet": "101_baghajatin.pdf p1", "source": "KMC ward sewerage network map (ArcMap GeoPDF)", "extraction_method": "geopdf_vector", "georef_max_residual_m": 0.1, "conduit_type": "pipe", "pipe_diameter_mm": 225.0, "diameter_source": "legend_colour", "diameter_candidates_mm": null, "label_diameter_mm": 225.0, "label_agrees": true, "scheme": null, "flow_arrow": "end" }, "geometry": { "type": "LineString", "coordinates": [ [ 88.384104966937997, 22.479347790246397 ], [ 88.38414349013884, 22.479501142751136 ] ] } },
{ "type": "Feature", "properties": { "ward": 101, "source_sheet": "101_baghajatin.pdf p1", "source": "KMC ward sewerage network map (ArcMap GeoPDF)", "extraction_method": "geopdf_vector", "georef_max_residual_m": 0.1, "conduit_type": "pipe", "pipe_diameter_mm": 225.0, "diameter_source": "legend_colour", "diameter_candidates_mm": null, "label_diameter_mm": null, "label_agrees": null, "scheme": null, "flow_arrow": "end" }, "geometry": { "type": "LineString", "coordinates": [ [ 88.382613215027703, 22.478734186021022 ], [ 88.382641438622358, 22.478844045524486 ] ] } },
{ "type": "Feature", "properties": { "ward": 101, "source_sheet": "101_baghajatin.pdf p1", "source": "KMC ward sewerage network map (ArcMap GeoPDF)", "extraction_method": "geopdf_vector", "georef_max_residual_m": 0.1, "conduit_type": "pipe", "pipe_diameter_mm": 225.0, "diameter_source": "legend_colour", "diameter_candidates_mm": null, "label_diameter_mm": 225.0, "label_agrees": true, "scheme": null, "flow_arrow": "end" }, "geometry": { "type": "LineString", "coordinates": [ [ 88.382650885276433, 22.479052692003012 ], [ 88.382647946026722, 22.479004549241971 ], [ 88.382644961769046, 22.478951819453773 ], [ 88.382641887698952, 22.47888991560982 ], [ 88.382641438622358, 22.478844045524486 ] ] } },
{ "type": "Feature", "properties": { "ward": 101, "source_sheet": "101_baghajatin.pdf p1", "source": "KMC ward sewerage network map (ArcMap GeoPDF)", "extraction_method": "geopdf_vector", "georef_max_residual_m": 0.1, "conduit_type": "pipe", "pipe_diameter_mm": 300.0, "diameter_source": "legend_colour", "diameter_candidates_mm": null, "label_diameter_mm": null, "label_agrees": null, "scheme": null, "flow_arrow": "end" }, "geometry": { "type": "LineString", "coordinates": [ [ 88.380535803807234, 22.477790614942947 ], [ 88.380355655393444, 22.477792130070416 ] ] } },
{ "type": "Feature", "properties": { "ward": 101, "source_sheet": "101_baghajatin.pdf p1", "source": "KMC ward sewerage network map (ArcMap GeoPDF)", "extraction_method": "geopdf_vector", "georef_max_residual_m": 0.1, "conduit_type": "pipe", "pipe_diameter_mm": 225.0, "diameter_source": "legend_colour", "diameter_candidates_mm": null, "label_diameter_mm": 225.0, "label_agrees": true, "scheme": null, "flow_arrow": "end" }, "geometry": { "type": "LineString", "coordinates": [ [ 88.378076469044814, 22.478930605526465 ], [ 88.3782672066001, 22.479002402270357 ], [ 88.378298722752021, 22.479197101807745 ] ] } },
{ "type": "Feature", "properties": { "ward": 101, "source_sheet": "101_baghajatin.pdf p1", "source": "KMC ward sewerage network map (ArcMap GeoPDF)", "extraction_method": "geopdf_vector", "georef_max_residual_m": 0.1, "conduit_type": "pipe", "pipe_diameter_mm": 400.0, "diameter_source": "legend_colour", "diameter_candidates_mm": null, "label_diameter_mm": 400.0, "label_agrees": true, "scheme": null, "flow_arrow": "end" }, "geometry": { "type": "LineString", "coordinates": [ [ 88.383898021634678, 22.478881622199371 ], [ 88.384055736110355, 22.47885735531942 ], [ 88.38420113405067, 22.478835485915816 ], [ 88.384432770091436, 22.478799126734959 ] ] } },
{ "type": "Feature", "properties": { "ward": 101, "source_sheet": "101_baghajatin.pdf p1", "source": "KMC ward sewerage network map (ArcMap GeoPDF)", "extraction_method": "geopdf_vector", "georef_max_residual_m": 0.1, "conduit_type": "pipe", "pipe_diameter_mm": 600.0, "diameter_source": "legend_colour", "diameter_candidates_mm": null, "label_diameter_mm": 600.0, "label_agrees": true, "scheme": null, "flow_arrow": "end" }, "geometry": { "type": "LineString", "coordinates": [ [ 88.386217940287992, 22.48164658372691 ], [ 88.386166669552182, 22.481452053151131 ], [ 88.386133304228068, 22.481321594617636 ] ] } },
{ "type": "Feature", "properties": { "ward": 101, "source_sheet": "101_baghajatin.pdf p1", "source": "KMC ward sewerage network map (ArcMap GeoPDF)", "extraction_method": "geopdf_vector", "georef_max_residual_m": 0.1, "conduit_type": "pipe", "pipe_diameter_mm": 225.0, "diameter_source": "legend_colour", "diameter_candidates_mm": null, "label_diameter_mm": 225.0, "label_agrees": true, "scheme": null, "flow_arrow": "end" }, "geometry": { "type": "LineString", "coordinates": [ [ 88.3865567241278, 22.481462519974365 ], [ 88.386542592628359, 22.481531450078041 ], [ 88.38653083899392, 22.481591185386456 ] ] } },
{ "type": "Feature", "properties": { "ward": 101, "source_sheet": "101_baghajatin.pdf p1", "source": "KMC ward sewerage network map (ArcMap GeoPDF)", "extraction_method": "geopdf_vector", "georef_max_residual_m": 0.1, "conduit_type": "pipe", "pipe_diameter_mm": 600.0, "diameter_source": "legend_colour", "diameter_candidates_mm": null, "label_diameter_mm": 600.0, "label_agrees": true, "scheme": null, "flow_arrow": "end" }, "geometry": { "type": "LineString", "coordinates": [ [ 88.385570636036945, 22.481326346378072 ], [ 88.385755409120534, 22.48129267456558 ], [ 88.385920462000968, 22.481261462648749 ] ] } },
{ "type": "Feature", "properties": { "ward": 101, "source_sheet": "101_baghajatin.pdf p1", "source": "KMC ward sewerage network map (ArcMap GeoPDF)", "extraction_method": "geopdf_vector", "georef_max_residual_m": 0.1, "conduit_type": "pipe", "pipe_diameter_mm": 700.0, "diameter_source": "legend_colour", "diameter_candidates_mm": null, "label_diameter_mm": 700.0, "label_agrees": true, "scheme": null, "flow_arrow": "end" }, "geometry": { "type": "LineString", "coordinates": [ [ 88.386133304228068, 22.481321594617636 ], [ 88.385943482961636, 22.481343841139608 ], [ 88.385920462000968, 22.481261462648749 ], [ 88.385812918640283, 22.480865562498675 ], [ 88.385839592151157, 22.480817169685761 ], [ 88.385943061014146, 22.480797946370792 ], [ 88.385927623771281, 22.480733853425665 ], [ 88.385894326407723, 22.480610275294151 ], [ 88.385838571177828, 22.480461656242891 ], [ 88.385766688980382, 22.480430151636476 ], [ 88.385697289463394, 22.480148613682928 ] ] } },
{ "type": "Feature", "properties": { "ward": 101, "source_sheet": "101_baghajatin.pdf p1", "source": "KMC ward sewerage network map (ArcMap GeoPDF)", "extraction_method": "geopdf_vector", "georef_max_residual_m": 0.1, "conduit_type": "pipe", "pipe_diameter_mm": 150.0, "diameter_source": "legend_colour", "diameter_candidates_mm": null, "label_diameter_mm": 150.0, "label_agrees": true, "scheme": null, "flow_arrow": "end" }, "geometry": { "type": "LineString", "coordinates": [ [ 88.386854094398259, 22.481333854139727 ], [ 88.38683616618772, 22.481267488705935 ], [ 88.386828447379742, 22.481235442241768 ] ] } },
{ "type": "Feature", "properties": { "ward": 101, "source_sheet": "101_baghajatin.pdf p1", "source": "KMC ward sewerage network map (ArcMap GeoPDF)", "extraction_method": "geopdf_vector", "georef_max_residual_m": 0.1, "conduit_type": "pipe", "pipe_diameter_mm": 300.0, "diameter_source": "legend_colour", "diameter_candidates_mm": null, "label_diameter_mm": 300.0, "label_agrees": true, "scheme": null, "flow_arrow": "end" }, "geometry": { "type": "LineString", "coordinates": [ [ 88.385812918640283, 22.480865562498675 ], [ 88.385667541442587, 22.480889727003351 ], [ 88.385524609426398, 22.480911576986248 ], [ 88.385491469987599, 22.480804053283126 ], [ 88.385471097262595, 22.480740001953979 ], [ 88.385453057284792, 22.480662168819311 ], [ 88.385442555965312, 22.480598034145672 ], [ 88.385415004791795, 22.480556980222946 ], [ 88.385309180569195, 22.480587691628667 ], [ 88.385301079560762, 22.480516655530224 ], [ 88.385292956166623, 22.480443325966476 ], [ 88.385284877678743, 22.480374583423764 ], [ 88.385276889196589, 22.480315014923104 ], [ 88.385268878326329, 22.480253152861749 ] ] } },
{ "type": "Feature", "properties": { "ward": 101, "source_sheet": "101_baghajatin.pdf p1", "source": "KMC ward sewerage network map (ArcMap GeoPDF)", "extraction_method": "geopdf_vector", "georef_max_residual_m": 0.1, "conduit_type": "pipe", "pipe_diameter_mm": 400.0, "diameter_source": "legend_colour", "diameter_candidates_mm": null, "label_diameter_mm": 400.0, "label_agrees": true, "scheme": null, "flow_arrow": "end" }, "geometry": { "type": "LineString", "coordinates": [ [ 88.385632983051551, 22.479128464189838 ], [ 88.385500081692925, 22.479166285248905 ], [ 88.385433630881522, 22.479185195739515 ], [ 88.385369647969696, 22.479204085370878 ], [ 88.385285989999957, 22.47923002220497 ], [ 88.385148175294944, 22.479270178107722 ], [ 88.385084192300312, 22.479289067725059 ] ] } },
{ "type": "Feature", "properties": { "ward": 101, "source_sheet": "101_baghajatin.pdf p1", "source": "KMC ward sewerage network map (ArcMap GeoPDF)", "extraction_method": "geopdf_vector", "georef_max_residual_m": 0.1, "conduit_type": "pipe", "pipe_diameter_mm": 225.0, "diameter_source": "legend_colour", "diameter_candidates_mm": null, "label_diameter_mm": 225.0, "label_agrees": true, "scheme": null, "flow_arrow": "end" }, "geometry": { "type": "LineString", "coordinates": [ [ 88.382995586543061, 22.478464895929161 ], [ 88.382969269104962, 22.478297678095974 ], [ 88.382958634412816, 22.478219782188962 ], [ 88.382945486915148, 22.478137319951585 ] ] } },
{ "type": "Feature", "properties": { "ward": 101, "source_sheet": "101_baghajatin.pdf p1", "source": "KMC ward sewerage network map (ArcMap GeoPDF)", "extraction_method": "geopdf_vector", "georef_max_residual_m": 0.1, "conduit_type": "pipe", "pipe_diameter_mm": 225.0, "diameter_source": "legend_colour", "diameter_candidates_mm": null, "label_diameter_mm": 225.0, "label_agrees": true, "scheme": null, "flow_arrow": "end" }, "geometry": { "type": "LineString", "coordinates": [ [ 88.382398941300593, 22.478527264777327 ], [ 88.382431359340359, 22.478561397128896 ], [ 88.382586538733875, 22.478530271982351 ], [ 88.382608479460956, 22.47850256281172 ], [ 88.382592303118884, 22.478362783811651 ], [ 88.382526770883999, 22.478223420562383 ], [ 88.382474610495251, 22.478189454520297 ] ] } },
{ "type": "Feature", "properties": { "ward": 101, "source_sheet": "101_baghajatin.pdf p1", "source": "KMC ward sewerage network map (ArcMap GeoPDF)", "extraction_method": "geopdf_vector", "georef_max_residual_m": 0.1, "conduit_type": "pipe", "pipe_diameter_mm": 375.0, "diameter_source": "legend_colour", "diameter_candidates_mm": null, "label_diameter_mm": 375.0, "label_agrees": true, "scheme": null, "flow_arrow": "end" }, "geometry": { "type": "LineString", "coordinates": [ [ 88.382474610495251, 22.478189454520297 ], [ 88.38242318933213, 22.477978867792697 ], [ 88.382382155830712, 22.477820948583759 ] ] } },
{ "type": "Feature", "properties": { "ward": 101, "source_sheet": "101_baghajatin.pdf p1", "source": "KMC ward sewerage network map (ArcMap GeoPDF)", "extraction_method": "geopdf_vector", "georef_max_residual_m": 0.1, "conduit_type": "pipe", "pipe_diameter_mm": 400.0, "diameter_source": "legend_colour", "diameter_candidates_mm": null, "label_diameter_mm": 400.0, "label_agrees": true, "scheme": null, "flow_arrow": "end" }, "geometry": { "type": "LineString", "coordinates": [ [ 88.382012885805253, 22.477915806089715 ], [ 88.382106437235564, 22.477892081400114 ], [ 88.382244296622929, 22.47785651504876 ], [ 88.382382155830712, 22.477820948583759 ], [ 88.382512768835937, 22.477801498916161 ], [ 88.382636000869098, 22.477784404977321 ], [ 88.382764145896587, 22.477764975899035 ], [ 88.382897226570392, 22.477745505038804 ] ] } },
{ "type": "Feature", "properties": { "ward": 101, "source_sheet": "101_baghajatin.pdf p1", "source": "KMC ward sewerage network map (ArcMap GeoPDF)", "extraction_method": "geopdf_vector", "georef_max_residual_m": 0.1, "conduit_type": "pipe", "pipe_diameter_mm": 600.0, "diameter_source": "legend_colour", "diameter_candidates_mm": null, "label_diameter_mm": 600.0, "label_agrees": true, "scheme": null, "flow_arrow": "end" }, "geometry": { "type": "LineString", "coordinates": [ [ 88.384577887294967, 22.477238191857179 ], [ 88.384708072113398, 22.47717516386162 ], [ 88.384853018408279, 22.477107423810985 ] ] } },
{ "type": "Feature", "properties": { "ward": 101, "source_sheet": "101_baghajatin.pdf p1", "source": "KMC ward sewerage network map (ArcMap GeoPDF)", "extraction_method": "geopdf_vector", "georef_max_residual_m": 0.1, "conduit_type": "pipe", "pipe_diameter_mm": 225.0, "diameter_source": "legend_colour", "diameter_candidates_mm": null, "label_diameter_mm": null, "label_agrees": null, "scheme": null, "flow_arrow": "end" }, "geometry": { "type": "LineString", "coordinates": [ [ 88.38528223485055, 22.478092382878845 ], [ 88.385432319845492, 22.478045242176169 ] ] } },
{ "type": "Feature", "properties": { "ward": 101, "source_sheet": "101_baghajatin.pdf p1", "source": "KMC ward sewerage network map (ArcMap GeoPDF)", "extraction_method": "geopdf_vector", "georef_max_residual_m": 0.1, "conduit_type": "pipe", "pipe_diameter_mm": 300.0, "diameter_source": "legend_colour", "diameter_candidates_mm": null, "label_diameter_mm": 300.0, "label_agrees": true, "scheme": null, "flow_arrow": "end" }, "geometry": { "type": "LineString", "coordinates": [ [ 88.386439004801701, 22.478270697644202 ], [ 88.386214931307691, 22.478323051633943 ], [ 88.386067179068462, 22.478356411159925 ], [ 88.386019008061439, 22.47822607756051 ] ] } },
{ "type": "Feature", "properties": { "ward": 101, "source_sheet": "101_baghajatin.pdf p1", "source": "KMC ward sewerage network map (ArcMap GeoPDF)", "extraction_method": "geopdf_vector", "georef_max_residual_m": 0.1, "conduit_type": "pipe", "pipe_diameter_mm": 400.0, "diameter_source": "legend_colour", "diameter_candidates_mm": null, "label_diameter_mm": 400.0, "label_agrees": true, "scheme": null, "flow_arrow": "end" }, "geometry": { "type": "LineString", "coordinates": [ [ 88.386019008061439, 22.47822607756051 ], [ 88.386161689516499, 22.478178998707211 ], [ 88.386373243813068, 22.478108401044466 ], [ 88.386447029705323, 22.478082547172058 ], [ 88.386515902495361, 22.478059028426532 ] ] } },
{ "type": "Feature", "properties": { "ward": 101, "source_sheet": "101_baghajatin.pdf p1", "source": "KMC ward sewerage network map (ArcMap GeoPDF)", "extraction_method": "geopdf_vector", "georef_max_residual_m": 0.1, "conduit_type": "pipe", "pipe_diameter_mm": 300.0, "diameter_source": "legend_colour", "diameter_candidates_mm": null, "label_diameter_mm": 300.0, "label_agrees": true, "scheme": null, "flow_arrow": "end" }, "geometry": { "type": "LineString", "coordinates": [ [ 88.382312987791266, 22.477310037390943 ], [ 88.382145448289066, 22.477338972651129 ], [ 88.382066748839989, 22.477367159602569 ], [ 88.382007724129124, 22.477388299888343 ], [ 88.381960993457156, 22.477404749233514 ], [ 88.381919198349991, 22.477421157010781 ], [ 88.381857705801536, 22.477442317925675 ] ] } },
{ "type": "Feature", "properties": { "ward": 101, "source_sheet": "101_baghajatin.pdf p1", "source": "KMC ward sewerage network map (ArcMap GeoPDF)", "extraction_method": "geopdf_vector", "georef_max_residual_m": 0.1, "conduit_type": "pipe", "pipe_diameter_mm": 600.0, "diameter_source": "legend_colour", "diameter_candidates_mm": null, "label_diameter_mm": 600.0, "label_agrees": true, "scheme": null, "flow_arrow": "end" }, "geometry": { "type": "LineString", "coordinates": [ [ 88.385943061014146, 22.480797946370792 ], [ 88.386135304461092, 22.480771092115358 ], [ 88.386204313702748, 22.480761334404264 ], [ 88.386260983719353, 22.480751680899022 ], [ 88.386325079874467, 22.48074425838745 ], [ 88.386465566126901, 22.480724722021865 ], [ 88.386603562072452, 22.480702912829752 ], [ 88.386850029829858, 22.480668718502514 ], [ 88.386995451586557, 22.480649139970687 ], [ 88.387059525006563, 22.480639423615326 ], [ 88.387111281850537, 22.480632105090276 ], [ 88.38716057084855, 22.480624807409448 ], [ 88.387210468178765, 22.480679434119164 ], [ 88.387303568732463, 22.481112154470157 ], [ 88.387488904292056, 22.481638136004534 ], [ 88.387515690023108, 22.481601210530034 ] ] } },
{ "type": "Feature", "properties": { "ward": 101, "source_sheet": "101_baghajatin.pdf p1", "source": "KMC ward sewerage network map (ArcMap GeoPDF)", "extraction_method": "geopdf_vector", "georef_max_residual_m": 0.1, "conduit_type": "pipe", "pipe_diameter_mm": 300.0, "diameter_source": "legend_colour", "diameter_candidates_mm": null, "label_diameter_mm": 300.0, "label_agrees": true, "scheme": null, "flow_arrow": "end" }, "geometry": { "type": "LineString", "coordinates": [ [ 88.38930207529063, 22.480047031217719 ], [ 88.389177389887607, 22.480167358494505 ], [ 88.38903798752419, 22.480296985142946 ], [ 88.388879045456221, 22.480447420101711 ], [ 88.388778812028619, 22.480544603349429 ], [ 88.388634541005075, 22.480681151925285 ], [ 88.38852937155643, 22.480778376703118 ], [ 88.3884436515321, 22.480845619016314 ], [ 88.388350572993474, 22.480917510844609 ], [ 88.388093389396218, 22.481116943841812 ], [ 88.387995419883651, 22.48119346424745 ] ] } },
{ "type": "Feature", "properties": { "ward": 101, "source_sheet": "101_baghajatin.pdf p1", "source": "KMC ward sewerage network map (ArcMap GeoPDF)", "extraction_method": "geopdf_vector", "georef_max_residual_m": 0.1, "conduit_type": "pipe", "pipe_diameter_mm": 300.0, "diameter_source": "legend_colour", "diameter_candidates_mm": null, "label_diameter_mm": 225.0, "label_agrees": false, "scheme": null, "flow_arrow": "end" }, "geometry": { "type": "LineString", "coordinates": [ [ 88.38797710392663, 22.479581155686802 ], [ 88.388046180038657, 22.479578277699304 ], [ 88.388129972886333, 22.479566100498726 ], [ 88.388206339712525, 22.479551692421811 ], [ 88.388287664706311, 22.479539536016286 ], [ 88.388364031496465, 22.479525127770611 ], [ 88.388450269440781, 22.47951063606909 ], [ 88.388424125627438, 22.479361767457405 ], [ 88.388435765663999, 22.47929056464756 ] ] } },
{ "type": "Feature", "properties": { "ward": 101, "source_sheet": "101_baghajatin.pdf p1", "source": "KMC ward sewerage network map (ArcMap GeoPDF)", "extraction_method": "geopdf_vector", "georef_max_residual_m": 0.1, "conduit_type": "pipe", "pipe_diameter_mm": 225.0, "diameter_source": "legend_colour", "diameter_candidates_mm": null, "label_diameter_mm": 225.0, "label_agrees": true, "scheme": null, "flow_arrow": "end" }, "geometry": { "type": "LineString", "coordinates": [ [ 88.388015158112509, 22.479686343509819 ], [ 88.38797710392663, 22.479581155686802 ] ] } },
{ "type": "Feature", "properties": { "ward": 101, "source_sheet": "101_baghajatin.pdf p1", "source": "KMC ward sewerage network map (ArcMap GeoPDF)", "extraction_method": "geopdf_vector", "georef_max_residual_m": 0.1, "conduit_type": "pipe", "pipe_diameter_mm": 225.0, "diameter_source": "legend_colour", "diameter_candidates_mm": null, "label_diameter_mm": null, "label_agrees": null, "scheme": null, "flow_arrow": "end" }, "geometry": { "type": "LineString", "coordinates": [ [ 88.388431383893604, 22.47959795602333 ], [ 88.388413320017776, 22.479517829728792 ] ] } },
{ "type": "Feature", "properties": { "ward": 101, "source_sheet": "101_baghajatin.pdf p1", "source": "KMC ward sewerage network map (ArcMap GeoPDF)", "extraction_method": "geopdf_vector", "georef_max_residual_m": 0.1, "conduit_type": "pipe", "pipe_diameter_mm": 225.0, "diameter_source": "legend_colour", "diameter_candidates_mm": null, "label_diameter_mm": 225.0, "label_agrees": true, "scheme": null, "flow_arrow": "end" }, "geometry": { "type": "LineString", "coordinates": [ [ 88.386771959742703, 22.479001865478992 ], [ 88.386806486474242, 22.478999280070099 ], [ 88.386824549350862, 22.479079406599872 ], [ 88.38685295650042, 22.479207613171678 ] ] } },
{ "type": "Feature", "properties": { "ward": 101, "source_sheet": "101_baghajatin.pdf p1", "source": "KMC ward sewerage network map (ArcMap GeoPDF)", "extraction_method": "geopdf_vector", "georef_max_residual_m": 0.1, "conduit_type": "pipe", "pipe_diameter_mm": 225.0, "diameter_source": "legend_colour", "diameter_candidates_mm": null, "label_diameter_mm": 225.0, "label_agrees": true, "scheme": null, "flow_arrow": "end" }, "geometry": { "type": "LineString", "coordinates": [ [ 88.389030976391354, 22.480086025113913 ], [ 88.389079881521951, 22.48003973738075 ], [ 88.389172778597001, 22.479949497115012 ], [ 88.389282769702149, 22.479840762690586 ] ] } },
{ "type": "Feature", "properties": { "ward": 101, "source_sheet": "101_baghajatin.pdf p1", "source": "KMC ward sewerage network map (ArcMap GeoPDF)", "extraction_method": "geopdf_vector", "georef_max_residual_m": 0.1, "conduit_type": "pipe", "pipe_diameter_mm": 225.0, "diameter_source": "legend_colour", "diameter_candidates_mm": null, "label_diameter_mm": 225.0, "label_agrees": true, "scheme": null, "flow_arrow": "end" }, "geometry": { "type": "LineString", "coordinates": [ [ 88.383544490095787, 22.476804223408337 ], [ 88.383579132322353, 22.477065412370838 ], [ 88.383606592350176, 22.477097292633228 ] ] } },
{ "type": "Feature", "properties": { "ward": 101, "source_sheet": "101_baghajatin.pdf p1", "source": "KMC ward sewerage network map (ArcMap GeoPDF)", "extraction_method": "geopdf_vector", "georef_max_residual_m": 0.1, "conduit_type": "pipe", "pipe_diameter_mm": 225.0, "diameter_source": "legend_colour", "diameter_candidates_mm": null, "label_diameter_mm": 225.0, "label_agrees": true, "scheme": null, "flow_arrow": "end" }, "geometry": { "type": "LineString", "coordinates": [ [ 88.379249289008229, 22.477214244513195 ], [ 88.379255214224699, 22.477062810716138 ], [ 88.379195360536713, 22.476999090168501 ], [ 88.379196350255512, 22.476847697933263 ], [ 88.379195678411918, 22.476778892687726 ] ] } },
{ "type": "Feature", "properties": { "ward": 101, "source_sheet": "101_baghajatin.pdf p1", "source": "KMC ward sewerage network map (ArcMap GeoPDF)", "extraction_method": "geopdf_vector", "georef_max_residual_m": 0.1, "conduit_type": "pipe", "pipe_diameter_mm": 600.0, "diameter_source": "legend_colour", "diameter_candidates_mm": null, "label_diameter_mm": 600.0, "label_agrees": true, "scheme": null, "flow_arrow": "end" }, "geometry": { "type": "LineString", "coordinates": [ [ 88.376305197047998, 22.477488969423195 ], [ 88.376318059436969, 22.477289309910642 ], [ 88.376346363779234, 22.476901437544484 ], [ 88.376366070746613, 22.476644378170885 ], [ 88.376383354588171, 22.476391926428022 ], [ 88.376400571349706, 22.476132594164653 ] ] } },
{ "type": "Feature", "properties": { "ward": 101, "source_sheet": "101_baghajatin.pdf p1", "source": "KMC ward sewerage network map (ArcMap GeoPDF)", "extraction_method": "geopdf_vector", "georef_max_residual_m": 0.1, "conduit_type": "pipe", "pipe_diameter_mm": 300.0, "diameter_source": "legend_colour", "diameter_candidates_mm": null, "label_diameter_mm": 300.0, "label_agrees": true, "scheme": null, "flow_arrow": "end" }, "geometry": { "type": "LineString", "coordinates": [ [ 88.377335367317116, 22.476581199132902 ], [ 88.377367716703233, 22.476608452084299 ], [ 88.377486169557997, 22.476607458104382 ], [ 88.377619406706657, 22.476604046205363 ], [ 88.377710714088593, 22.476603279877953 ], [ 88.377799553791291, 22.476602534211722 ] ] } },
{ "type": "Feature", "properties": { "ward": 101, "source_sheet": "101_baghajatin.pdf p1", "source": "KMC ward sewerage network map (ArcMap GeoPDF)", "extraction_method": "geopdf_vector", "georef_max_residual_m": 0.1, "conduit_type": "pipe", "pipe_diameter_mm": 225.0, "diameter_source": "legend_colour", "diameter_candidates_mm": null, "label_diameter_mm": 225.0, "label_agrees": true, "scheme": null, "flow_arrow": "end" }, "geometry": { "type": "LineString", "coordinates": [ [ 88.378723897136609, 22.476232368860501 ], [ 88.378710662840916, 22.476140732239951 ], [ 88.378694692272518, 22.476021594121143 ], [ 88.378681480510863, 22.475932250868169 ], [ 88.378668134356957, 22.475829146597562 ], [ 88.378654833099532, 22.475730629359862 ] ] } },
{ "type": "Feature", "properties": { "ward": 101, "source_sheet": "101_baghajatin.pdf p1", "source": "KMC ward sewerage network map (ArcMap GeoPDF)", "extraction_method": "geopdf_vector", "georef_max_residual_m": 0.1, "conduit_type": "pipe", "pipe_diameter_mm": 300.0, "diameter_source": "legend_colour", "diameter_candidates_mm": null, "label_diameter_mm": 300.0, "label_agrees": true, "scheme": null, "flow_arrow": "end" }, "geometry": { "type": "LineString", "coordinates": [ [ 88.380066363940443, 22.475716474484205 ], [ 88.380006622650413, 22.475664221754819 ], [ 88.379985961911842, 22.475570353851257 ], [ 88.379957651577257, 22.475451319726741 ] ] } },
{ "type": "Feature", "properties": { "ward": 101, "source_sheet": "101_baghajatin.pdf p1", "source": "KMC ward sewerage network map (ArcMap GeoPDF)", "extraction_method": "geopdf_vector", "georef_max_residual_m": 0.1, "conduit_type": "pipe", "pipe_diameter_mm": 450.0, "diameter_source": "legend_colour", "diameter_candidates_mm": null, "label_diameter_mm": 450.0, "label_agrees": true, "scheme": null, "flow_arrow": "end" }, "geometry": { "type": "LineString", "coordinates": [ [ 88.378654833099532, 22.475730629359862 ], [ 88.378743448246396, 22.475706948112933 ], [ 88.37880007222553, 22.475692710360509 ], [ 88.378859163848816, 22.475678451764967 ], [ 88.378937930374093, 22.475657146895628 ], [ 88.378999467335362, 22.47564057404928 ], [ 88.379073320686558, 22.475621604048566 ], [ 88.379120096049533, 22.475609742585476 ], [ 88.379169339059814, 22.4755978603763 ], [ 88.379253085685761, 22.475581100831231 ], [ 88.379393523327977, 22.475556983794416 ], [ 88.379487118630735, 22.475537847710441 ], [ 88.379664505121127, 22.475506538855466 ], [ 88.379733490090516, 22.475494490546705 ], [ 88.379861588759539, 22.475470476821375 ], [ 88.379957651577257, 22.475451319726741 ], [ 88.380041420506956, 22.475436853249661 ], [ 88.380125189417726, 22.475422386825468 ] ] } },
{ "type": "Feature", "properties": { "ward": 101, "source_sheet": "101_baghajatin.pdf p1", "source": "KMC ward sewerage network map (ArcMap GeoPDF)", "extraction_method": "geopdf_vector", "georef_max_residual_m": 0.1, "conduit_type": "pipe", "pipe_diameter_mm": 225.0, "diameter_source": "legend_colour", "diameter_candidates_mm": null, "label_diameter_mm": 225.0, "label_agrees": true, "scheme": null, "flow_arrow": "end" }, "geometry": { "type": "LineString", "coordinates": [ [ 88.3777117563546, 22.47544495394369 ], [ 88.377514694408433, 22.475483306942955 ], [ 88.377440818510649, 22.475499982669234 ], [ 88.377359539316487, 22.475516720576248 ], [ 88.377322948021131, 22.47556060789535 ], [ 88.377303720272067, 22.475613524257202 ] ] } },
{ "type": "Feature", "properties": { "ward": 101, "source_sheet": "101_baghajatin.pdf p1", "source": "KMC ward sewerage network map (ArcMap GeoPDF)", "extraction_method": "geopdf_vector", "georef_max_residual_m": 0.1, "conduit_type": "pipe", "pipe_diameter_mm": 225.0, "diameter_source": "legend_colour", "diameter_candidates_mm": null, "label_diameter_mm": 225.0, "label_agrees": true, "scheme": null, "flow_arrow": "end" }, "geometry": { "type": "LineString", "coordinates": [ [ 88.379340114780902, 22.475142273535635 ], [ 88.379224399736273, 22.475170770203377 ], [ 88.379157927508089, 22.475187384591298 ], [ 88.379084052005865, 22.475204061053525 ] ] } },
{ "type": "Feature", "properties": { "ward": 101, "source_sheet": "101_baghajatin.pdf p1", "source": "KMC ward sewerage network map (ArcMap GeoPDF)", "extraction_method": "geopdf_vector", "georef_max_residual_m": 0.1, "conduit_type": "pipe", "pipe_diameter_mm": 300.0, "diameter_source": "legend_colour", "diameter_candidates_mm": null, "label_diameter_mm": 300.0, "label_agrees": true, "scheme": null, "flow_arrow": "end" }, "geometry": { "type": "LineString", "coordinates": [ [ 88.378468746877431, 22.473605934791394 ], [ 88.378414591418505, 22.473620151669635 ], [ 88.378298899769803, 22.473650941191462 ], [ 88.37824474427299, 22.473665158014317 ], [ 88.378193034115583, 22.473677060630575 ] ] } },
{ "type": "Feature", "properties": { "ward": 101, "source_sheet": "101_baghajatin.pdf p1", "source": "KMC ward sewerage network map (ArcMap GeoPDF)", "extraction_method": "geopdf_vector", "georef_max_residual_m": 0.1, "conduit_type": "pipe", "pipe_diameter_mm": 225.0, "diameter_source": "legend_colour", "diameter_candidates_mm": null, "label_diameter_mm": 225.0, "label_agrees": true, "scheme": null, "flow_arrow": "end" }, "geometry": { "type": "LineString", "coordinates": [ [ 88.376777848091734, 22.473567369212791 ], [ 88.376861728089267, 22.473564371982061 ], [ 88.377004810818619, 22.473558584571634 ], [ 88.377045121374309, 22.473643113224067 ], [ 88.377085409728863, 22.473725348484944 ] ] } },
{ "type": "Feature", "properties": { "ward": 101, "source_sheet": "101_baghajatin.pdf p1", "source": "KMC ward sewerage network map (ArcMap GeoPDF)", "extraction_method": "geopdf_vector", "georef_max_residual_m": 0.1, "conduit_type": "pipe", "pipe_diameter_mm": 375.0, "diameter_source": "legend_colour", "diameter_candidates_mm": null, "label_diameter_mm": 375.0, "label_agrees": true, "scheme": null, "flow_arrow": "end" }, "geometry": { "type": "LineString", "coordinates": [ [ 88.379396334130988, 22.473822925538819 ], [ 88.379322392198688, 22.4738327216632 ], [ 88.379157301373226, 22.473859339349428 ] ] } },
{ "type": "Feature", "properties": { "ward": 101, "source_sheet": "101_baghajatin.pdf p1", "source": "KMC ward sewerage network map (ArcMap GeoPDF)", "extraction_method": "geopdf_vector", "georef_max_residual_m": 0.1, "conduit_type": "pipe", "pipe_diameter_mm": 225.0, "diameter_source": "legend_colour", "diameter_candidates_mm": null, "label_diameter_mm": 225.0, "label_agrees": true, "scheme": null, "flow_arrow": "end" }, "geometry": { "type": "LineString", "coordinates": [ [ 88.380332689020491, 22.474684365697634 ], [ 88.380440977861412, 22.474653637051453 ], [ 88.380507427240985, 22.474634728684546 ], [ 88.380632945241416, 22.474599267605502 ], [ 88.380729209089409, 22.474600751593382 ] ] } },
{ "type": "Feature", "properties": { "ward": 101, "source_sheet": "101_baghajatin.pdf p1", "source": "KMC ward sewerage network map (ArcMap GeoPDF)", "extraction_method": "geopdf_vector", "georef_max_residual_m": 0.1, "conduit_type": "pipe", "pipe_diameter_mm": 225.0, "diameter_source": "legend_colour", "diameter_candidates_mm": null, "label_diameter_mm": 225.0, "label_agrees": true, "scheme": null, "flow_arrow": "end" }, "geometry": { "type": "LineString", "coordinates": [ [ 88.380743411946582, 22.474286395768644 ], [ 88.380903701929242, 22.474273578972749 ], [ 88.38110096281865, 22.474255863655088 ], [ 88.381248667366279, 22.47421792169585 ], [ 88.381411178112444, 22.474179855101355 ], [ 88.381470268883248, 22.474165595686433 ], [ 88.381598500550751, 22.474155341655077 ] ] } },
{ "type": "Feature", "properties": { "ward": 101, "source_sheet": "101_baghajatin.pdf p1", "source": "KMC ward sewerage network map (ArcMap GeoPDF)", "extraction_method": "geopdf_vector", "georef_max_residual_m": 0.1, "conduit_type": "pipe", "pipe_diameter_mm": 450.0, "diameter_source": "legend_colour", "diameter_candidates_mm": null, "label_diameter_mm": 450.0, "label_agrees": true, "scheme": null, "flow_arrow": "end" }, "geometry": { "type": "LineString", "coordinates": [ [ 88.380584240155216, 22.472140834956974 ], [ 88.380663385429983, 22.472158518910614 ], [ 88.380784795179324, 22.472207959138647 ], [ 88.380862817741971, 22.47236327421944 ], [ 88.380948176440327, 22.472511646471325 ], [ 88.381065144444833, 22.472611585072663 ] ] } },
{ "type": "Feature", "properties": { "ward": 101, "source_sheet": "101_baghajatin.pdf p1", "source": "KMC ward sewerage network map (ArcMap GeoPDF)", "extraction_method": "geopdf_vector", "georef_max_residual_m": 0.1, "conduit_type": "pipe", "pipe_diameter_mm": 300.0, "diameter_source": "legend_colour", "diameter_candidates_mm": null, "label_diameter_mm": 300.0, "label_agrees": true, "scheme": null, "flow_arrow": "end" }, "geometry": { "type": "LineString", "coordinates": [ [ 88.382010654772841, 22.474156459640735 ], [ 88.381894559674663, 22.474145968534483 ], [ 88.381716928675303, 22.474152051203912 ], [ 88.381598500550751, 22.474155341655077 ] ] } },
{ "type": "Feature", "properties": { "ward": 101, "source_sheet": "101_baghajatin.pdf p1", "source": "KMC ward sewerage network map (ArcMap GeoPDF)", "extraction_method": "geopdf_vector", "georef_max_residual_m": 0.1, "conduit_type": "pipe", "pipe_diameter_mm": 225.0, "diameter_source": "legend_colour", "diameter_candidates_mm": null, "label_diameter_mm": 225.0, "label_agrees": true, "scheme": null, "flow_arrow": "end" }, "geometry": { "type": "LineString", "coordinates": [ [ 88.382191362800768, 22.475221506160672 ], [ 88.382065710074855, 22.475243207461972 ] ] } },
{ "type": "Feature", "properties": { "ward": 101, "source_sheet": "101_baghajatin.pdf p1", "source": "KMC ward sewerage network map (ArcMap GeoPDF)", "extraction_method": "geopdf_vector", "georef_max_residual_m": 0.1, "conduit_type": "pipe", "pipe_diameter_mm": 225.0, "diameter_source": "legend_colour", "diameter_candidates_mm": null, "label_diameter_mm": 225.0, "label_agrees": true, "scheme": null, "flow_arrow": "end" }, "geometry": { "type": "LineString", "coordinates": [ [ 88.382065014426999, 22.475172108722838 ], [ 88.382065710074855, 22.475243207461972 ], [ 88.382066607687534, 22.475334947600025 ], [ 88.382070219905472, 22.475451895675658 ], [ 88.382071409260661, 22.475573451462477 ] ] } },
{ "type": "Feature", "properties": { "ward": 101, "source_sheet": "101_baghajatin.pdf p1", "source": "KMC ward sewerage network map (ArcMap GeoPDF)", "extraction_method": "geopdf_vector", "georef_max_residual_m": 0.1, "conduit_type": "pipe", "pipe_diameter_mm": 300.0, "diameter_source": "legend_colour", "diameter_candidates_mm": null, "label_diameter_mm": 300.0, "label_agrees": true, "scheme": "KEIIP", "flow_arrow": "end" }, "geometry": { "type": "LineString", "coordinates": [ [ 88.381583804854714, 22.476437691787531 ], [ 88.381657747941304, 22.476427894662844 ], [ 88.381731713451273, 22.476420390972358 ], [ 88.381988046294524, 22.4763861211948 ], [ 88.382177861853194, 22.476363879626188 ] ] } },
{ "type": "Feature", "properties": { "ward": 101, "source_sheet": "101_baghajatin.pdf p1", "source": "KMC ward sewerage network map (ArcMap GeoPDF)", "extraction_method": "geopdf_vector", "georef_max_residual_m": 0.1, "conduit_type": "pipe", "pipe_diameter_mm": 225.0, "diameter_source": "legend_colour", "diameter_candidates_mm": null, "label_diameter_mm": null, "label_agrees": null, "scheme": null, "flow_arrow": "end" }, "geometry": { "type": "LineString", "coordinates": [ [ 88.381078906775471, 22.475029024574187 ], [ 88.381092433882074, 22.47515047660557 ] ] } },
{ "type": "Feature", "properties": { "ward": 101, "source_sheet": "101_baghajatin.pdf p1", "source": "KMC ward sewerage network map (ArcMap GeoPDF)", "extraction_method": "geopdf_vector", "georef_max_residual_m": 0.1, "conduit_type": "pipe", "pipe_diameter_mm": 300.0, "diameter_source": "legend_colour", "diameter_candidates_mm": null, "label_diameter_mm": 300.0, "label_agrees": true, "scheme": null, "flow_arrow": "end" }, "geometry": { "type": "LineString", "coordinates": [ [ 88.381238791466401, 22.475731843688223 ], [ 88.381261651596134, 22.475798168523806 ], [ 88.381325723336261, 22.475788454534595 ], [ 88.381434461373459, 22.475803595319437 ], [ 88.381487226249533, 22.475899486453152 ] ] } },
{ "type": "Feature", "properties": { "ward": 101, "source_sheet": "101_baghajatin.pdf p1", "source": "KMC ward sewerage network map (ArcMap GeoPDF)", "extraction_method": "geopdf_vector", "georef_max_residual_m": 0.1, "conduit_type": "pipe", "pipe_diameter_mm": 225.0, "diameter_source": "legend_colour", "diameter_candidates_mm": null, "label_diameter_mm": 225.0, "label_agrees": true, "scheme": null, "flow_arrow": "end" }, "geometry": { "type": "LineString", "coordinates": [ [ 88.381149245411237, 22.473136133872973 ], [ 88.381135830665798, 22.473026149346495 ], [ 88.381192520444245, 22.473018791319944 ], [ 88.381181618237036, 22.472913373068369 ], [ 88.381097133467705, 22.472854447706681 ] ] } },
{ "type": "Feature", "properties": { "ward": 101, "source_sheet": "101_baghajatin.pdf p1", "source": "KMC ward sewerage network map (ArcMap GeoPDF)", "extraction_method": "geopdf_vector", "georef_max_residual_m": 0.1, "conduit_type": "pipe", "pipe_diameter_mm": 225.0, "diameter_source": "legend_colour", "diameter_candidates_mm": null, "label_diameter_mm": 225.0, "label_agrees": true, "scheme": null, "flow_arrow": "end" }, "geometry": { "type": "LineString", "coordinates": [ [ 88.381214839827095, 22.473534685110682 ], [ 88.381177555042655, 22.473507474448599 ], [ 88.381019868328295, 22.473534031717165 ], [ 88.380995011862083, 22.473515891277049 ], [ 88.380917415905913, 22.473151846417093 ], [ 88.380895116807849, 22.473142859172128 ], [ 88.380779336534246, 22.473164476359504 ], [ 88.380749589570314, 22.473150964327218 ], [ 88.380673653194378, 22.472956638816107 ] ] } },
{ "type": "Feature", "properties": { "ward": 101, "source_sheet": "101_baghajatin.pdf p1", "source": "KMC ward sewerage network map (ArcMap GeoPDF)", "extraction_method": "geopdf_vector", "georef_max_residual_m": 0.1, "conduit_type": "pipe", "pipe_diameter_mm": 225.0, "diameter_source": "legend_colour", "diameter_candidates_mm": null, "label_diameter_mm": 225.0, "label_agrees": true, "scheme": null, "flow_arrow": "end" }, "geometry": { "type": "LineString", "coordinates": [ [ 88.381069668423024, 22.47408409976299 ], [ 88.38110096281865, 22.474255863655088 ] ] } },
{ "type": "Feature", "properties": { "ward": 101, "source_sheet": "101_baghajatin.pdf p1", "source": "KMC ward sewerage network map (ArcMap GeoPDF)", "extraction_method": "geopdf_vector", "georef_max_residual_m": 0.1, "conduit_type": "pipe", "pipe_diameter_mm": 225.0, "diameter_source": "legend_colour", "diameter_candidates_mm": null, "label_diameter_mm": 225.0, "label_agrees": true, "scheme": null, "flow_arrow": "end" }, "geometry": { "type": "LineString", "coordinates": [ [ 88.379843639413039, 22.472369549961446 ], [ 88.379870444416312, 22.472587225880847 ] ] } },
{ "type": "Feature", "properties": { "ward": 101, "source_sheet": "101_baghajatin.pdf p1", "source": "KMC ward sewerage network map (ArcMap GeoPDF)", "extraction_method": "geopdf_vector", "georef_max_residual_m": 0.1, "conduit_type": "pipe", "pipe_diameter_mm": 300.0, "diameter_source": "legend_colour", "diameter_candidates_mm": null, "label_diameter_mm": 300.0, "label_agrees": true, "scheme": null, "flow_arrow": "end" }, "geometry": { "type": "LineString", "coordinates": [ [ 88.383828016005339, 22.475515071292811 ], [ 88.383739446943011, 22.475543342313379 ], [ 88.383577047625437, 22.475592878819391 ] ] } },
{ "type": "Feature", "properties": { "ward": 101, "source_sheet": "101_baghajatin.pdf p1", "source": "KMC ward sewerage network map (ArcMap GeoPDF)", "extraction_method": "geopdf_vector", "georef_max_residual_m": 0.1, "conduit_type": "pipe", "pipe_diameter_mm": 300.0, "diameter_source": "legend_colour", "diameter_candidates_mm": null, "label_diameter_mm": 300.0, "label_agrees": true, "scheme": null, "flow_arrow": "end" }, "geometry": { "type": "LineString", "coordinates": [ [ 88.38256535590574, 22.474601352744088 ], [ 88.382562979487673, 22.474862853885504 ] ] } },
{ "type": "Feature", "properties": { "ward": 101, "source_sheet": "101_baghajatin.pdf p1", "source": "KMC ward sewerage network map (ArcMap GeoPDF)", "extraction_method": "geopdf_vector", "georef_max_residual_m": 0.1, "conduit_type": "pipe", "pipe_diameter_mm": 300.0, "diameter_source": "legend_colour", "diameter_candidates_mm": null, "label_diameter_mm": 300.0, "label_agrees": true, "scheme": null, "flow_arrow": "end" }, "geometry": { "type": "LineString", "coordinates": [ [ 88.383072205615676, 22.47469571177151 ], [ 88.383069044183301, 22.474876940195465 ] ] } },
{ "type": "Feature", "properties": { "ward": 101, "source_sheet": "101_baghajatin.pdf p1", "source": "KMC ward sewerage network map (ArcMap GeoPDF)", "extraction_method": "geopdf_vector", "georef_max_residual_m": 0.1, "conduit_type": "pipe", "pipe_diameter_mm": 225.0, "diameter_source": "legend_colour", "diameter_candidates_mm": null, "label_diameter_mm": 225.0, "label_agrees": true, "scheme": null, "flow_arrow": "end" }, "geometry": { "type": "LineString", "coordinates": [ [ 88.382817086551341, 22.474601525968509 ], [ 88.382817268157638, 22.474872180360062 ] ] } },
{ "type": "Feature", "properties": { "ward": 101, "source_sheet": "101_baghajatin.pdf p1", "source": "KMC ward sewerage network map (ArcMap GeoPDF)", "extraction_method": "geopdf_vector", "georef_max_residual_m": 0.1, "conduit_type": "pipe", "pipe_diameter_mm": 300.0, "diameter_source": "legend_colour", "diameter_candidates_mm": null, "label_diameter_mm": 300.0, "label_agrees": true, "scheme": null, "flow_arrow": "end" }, "geometry": { "type": "LineString", "coordinates": [ [ 88.386068094520397, 22.475431946849142 ], [ 88.386074290385679, 22.475560341334123 ], [ 88.38612178514812, 22.475621869853146 ], [ 88.386297782677445, 22.475700662668135 ], [ 88.386360781869726, 22.475833164655455 ] ] } },
{ "type": "Feature", "properties": { "ward": 101, "source_sheet": "101_baghajatin.pdf p1", "source": "KMC ward sewerage network map (ArcMap GeoPDF)", "extraction_method": "geopdf_vector", "georef_max_residual_m": 0.1, "conduit_type": "pipe", "pipe_diameter_mm": 300.0, "diameter_source": "legend_colour", "diameter_candidates_mm": null, "label_diameter_mm": 300.0, "label_agrees": true, "scheme": null, "flow_arrow": "end" }, "geometry": { "type": "LineString", "coordinates": [ [ 88.385131915590833, 22.475095795903552 ], [ 88.385344118119576, 22.475091711394548 ], [ 88.385452675920078, 22.475088501473437 ], [ 88.385580998050585, 22.475087418294375 ], [ 88.385628244943263, 22.475123718492895 ], [ 88.385631230161025, 22.475176448197306 ], [ 88.385642653480417, 22.475334616571363 ], [ 88.385648421452913, 22.475419434416295 ] ] } },
{ "type": "Feature", "properties": { "ward": 101, "source_sheet": "101_baghajatin.pdf p1", "source": "KMC ward sewerage network map (ArcMap GeoPDF)", "extraction_method": "geopdf_vector", "georef_max_residual_m": 0.1, "conduit_type": "pipe", "pipe_diameter_mm": 225.0, "diameter_source": "legend_colour", "diameter_candidates_mm": null, "label_diameter_mm": 225.0, "label_agrees": true, "scheme": null, "flow_arrow": "end" }, "geometry": { "type": "LineString", "coordinates": [ [ 88.385648421452913, 22.475419434416295 ], [ 88.385685437583263, 22.475419121921529 ], [ 88.385828543893012, 22.47541562006645 ], [ 88.385934746687852, 22.475423898154439 ], [ 88.386068094520397, 22.475431946849142 ] ] } },
{ "type": "Feature", "properties": { "ward": 101, "source_sheet": "101_baghajatin.pdf p1", "source": "KMC ward sewerage network map (ArcMap GeoPDF)", "extraction_method": "geopdf_vector", "georef_max_residual_m": 0.1, "conduit_type": "pipe", "pipe_diameter_mm": 375.0, "diameter_source": "legend_colour", "diameter_candidates_mm": null, "label_diameter_mm": 375.0, "label_agrees": true, "scheme": null, "flow_arrow": "end" }, "geometry": { "type": "LineString", "coordinates": [ [ 88.386360781869726, 22.475833164655455 ], [ 88.386378731517922, 22.475901823791116 ], [ 88.386401774186339, 22.475986495763905 ], [ 88.38641970126335, 22.476052861429416 ], [ 88.386452277326441, 22.476103047393959 ] ] } },
{ "type": "Feature", "properties": { "ward": 101, "source_sheet": "101_baghajatin.pdf p1", "source": "KMC ward sewerage network map (ArcMap GeoPDF)", "extraction_method": "geopdf_vector", "georef_max_residual_m": 0.1, "conduit_type": "pipe", "pipe_diameter_mm": 225.0, "diameter_source": "legend_colour", "diameter_candidates_mm": null, "label_diameter_mm": 225.0, "label_agrees": true, "scheme": null, "flow_arrow": "end" }, "geometry": { "type": "LineString", "coordinates": [ [ 88.386195960671586, 22.475887311633983 ], [ 88.386360781869726, 22.475833164655455 ] ] } },
{ "type": "Feature", "properties": { "ward": 101, "source_sheet": "101_baghajatin.pdf p1", "source": "KMC ward sewerage network map (ArcMap GeoPDF)", "extraction_method": "geopdf_vector", "georef_max_residual_m": 0.1, "conduit_type": "pipe", "pipe_diameter_mm": 750.0, "diameter_source": "legend_colour", "diameter_candidates_mm": null, "label_diameter_mm": 750.0, "label_agrees": true, "scheme": null, "flow_arrow": "end" }, "geometry": { "type": "LineString", "coordinates": [ [ 88.385934303645087, 22.474875709434642 ], [ 88.386186327084999, 22.474905692974446 ], [ 88.386235794206385, 22.474916743667514 ], [ 88.386280303346766, 22.474925542565412 ], [ 88.386438620753509, 22.474963198058507 ], [ 88.386515413056372, 22.47499236746264 ], [ 88.386641740122684, 22.475039467782846 ] ] } },
{ "type": "Feature", "properties": { "ward": 101, "source_sheet": "101_baghajatin.pdf p1", "source": "KMC ward sewerage network map (ArcMap GeoPDF)", "extraction_method": "geopdf_vector", "georef_max_residual_m": 0.1, "conduit_type": "pipe", "pipe_diameter_mm": 600.0, "diameter_source": "legend_colour", "diameter_candidates_mm": null, "label_diameter_mm": 600.0, "label_agrees": true, "scheme": "KEIIP", "flow_arrow": "end" }, "geometry": { "type": "LineString", "coordinates": [ [ 88.388204239264951, 22.478333761073973 ], [ 88.388222550826455, 22.478439115963265 ], [ 88.388259128952939, 22.478645238614966 ], [ 88.388172914057947, 22.478662023650351 ], [ 88.388030052562812, 22.478690756298526 ], [ 88.387909491305123, 22.478728474932023 ], [ 88.387852912307906, 22.478747303007971 ] ] } },
{ "type": "Feature", "properties": { "ward": 101, "source_sheet": "101_baghajatin.pdf p1", "source": "KMC ward sewerage network map (ArcMap GeoPDF)", "extraction_method": "geopdf_vector", "georef_max_residual_m": 0.1, "conduit_type": "pipe", "pipe_diameter_mm": 300.0, "diameter_source": "legend_colour", "diameter_candidates_mm": null, "label_diameter_mm": 300.0, "label_agrees": true, "scheme": null, "flow_arrow": "end" }, "geometry": { "type": "LineString", "coordinates": [ [ 88.388178073463237, 22.478182598915975 ], [ 88.388175267505403, 22.478148217303488 ], [ 88.388153766739094, 22.477969491379092 ], [ 88.388148200041883, 22.477905315166851 ], [ 88.388142971398068, 22.477875541442717 ] ] } },
{ "type": "Feature", "properties": { "ward": 101, "source_sheet": "101_baghajatin.pdf p1", "source": "KMC ward sewerage network map (ArcMap GeoPDF)", "extraction_method": "geopdf_vector", "georef_max_residual_m": 0.1, "conduit_type": "pipe", "pipe_diameter_mm": 300.0, "diameter_source": "legend_colour", "diameter_candidates_mm": null, "label_diameter_mm": 300.0, "label_agrees": true, "scheme": null, "flow_arrow": "end" }, "geometry": { "type": "LineString", "coordinates": [ [ 88.388590209495831, 22.478933736073483 ], [ 88.388747990709476, 22.478916345115326 ], [ 88.388737375189294, 22.478840743222065 ], [ 88.388719198494158, 22.478749149466474 ], [ 88.388708763435687, 22.478691895536667 ], [ 88.388695770474783, 22.478625488550293 ] ] } },
{ "type": "Feature", "properties": { "ward": 101, "source_sheet": "101_baghajatin.pdf p1", "source": "KMC ward sewerage network map (ArcMap GeoPDF)", "extraction_method": "geopdf_vector", "georef_max_residual_m": 0.1, "conduit_type": "pipe", "pipe_diameter_mm": 300.0, "diameter_source": "legend_colour", "diameter_candidates_mm": null, "label_diameter_mm": 300.0, "label_agrees": true, "scheme": null, "flow_arrow": "end" }, "geometry": { "type": "LineString", "coordinates": [ [ 88.389399464654531, 22.479660867036774 ], [ 88.389238019043788, 22.479556724109571 ], [ 88.389173427390972, 22.479513690870725 ], [ 88.389113816430125, 22.47947520274505 ], [ 88.389031859897713, 22.479423141640105 ], [ 88.388773539019937, 22.479255594886947 ], [ 88.388614539589369, 22.479149137034124 ], [ 88.388371251938125, 22.479004399278026 ], [ 88.388274421559331, 22.478945582543673 ], [ 88.388175123451788, 22.478886786525571 ], [ 88.388058438167434, 22.478816669150952 ], [ 88.388008789193208, 22.47878727112629 ], [ 88.387964098288847, 22.478760124804666 ], [ 88.387909491305123, 22.478728474932023 ] ] } },
{ "type": "Feature", "properties": { "ward": 101, "source_sheet": "101_baghajatin.pdf p1", "source": "KMC ward sewerage network map (ArcMap GeoPDF)", "extraction_method": "geopdf_vector", "georef_max_residual_m": 0.1, "conduit_type": "pipe", "pipe_diameter_mm": 300.0, "diameter_source": "legend_colour", "diameter_candidates_mm": null, "label_diameter_mm": 300.0, "label_agrees": true, "scheme": null, "flow_arrow": "end" }, "geometry": { "type": "LineString", "coordinates": [ [ 88.387753096140727, 22.47863575624638 ], [ 88.387576778586791, 22.47852485634079 ], [ 88.38737069008927, 22.478398151956636 ], [ 88.38722418935906, 22.478307642731842 ], [ 88.387109950286955, 22.478235210295619 ] ] } },
{ "type": "Feature", "properties": { "ward": 101, "source_sheet": "101_baghajatin.pdf p1", "source": "KMC ward sewerage network map (ArcMap GeoPDF)", "extraction_method": "geopdf_vector", "georef_max_residual_m": 0.1, "conduit_type": "pipe", "pipe_diameter_mm": 450.0, "diameter_source": "legend_colour", "diameter_candidates_mm": null, "label_diameter_mm": 450.0, "label_agrees": true, "scheme": null, "flow_arrow": "end" }, "geometry": { "type": "LineString", "coordinates": [ [ 88.384488656524084, 22.475688408285563 ], [ 88.384385258600204, 22.475714511084089 ], [ 88.384294154252174, 22.475735922636954 ], [ 88.384195669183427, 22.475759690132463 ], [ 88.383974066407831, 22.475812020050491 ], [ 88.383626967832157, 22.475902106657234 ] ] } },
{ "type": "Feature", "properties": { "ward": 101, "source_sheet": "101_baghajatin.pdf p1", "source": "KMC ward sewerage network map (ArcMap GeoPDF)", "extraction_method": "geopdf_vector", "georef_max_residual_m": 0.1, "conduit_type": "pipe", "pipe_diameter_mm": 300.0, "diameter_source": "legend_colour", "diameter_candidates_mm": null, "label_diameter_mm": 300.0, "label_agrees": true, "scheme": null, "flow_arrow": "end" }, "geometry": { "type": "LineString", "coordinates": [ [ 88.385013748429927, 22.476635860727953 ], [ 88.385168767426251, 22.476588678689676 ] ] } },
{ "type": "Feature", "properties": { "ward": 101, "source_sheet": "101_baghajatin.pdf p1", "source": "KMC ward sewerage network map (ArcMap GeoPDF)", "extraction_method": "geopdf_vector", "georef_max_residual_m": 0.1, "conduit_type": "pipe", "pipe_diameter_mm": 225.0, "diameter_source": "legend_colour", "diameter_candidates_mm": null, "label_diameter_mm": 225.0, "label_agrees": true, "scheme": null, "flow_arrow": "end" }, "geometry": { "type": "LineString", "coordinates": [ [ 88.385415543395084, 22.476586595863417 ], [ 88.385543596919078, 22.476557990600053 ], [ 88.385574357524874, 22.476674709179093 ], [ 88.385594842092729, 22.476750228064162 ], [ 88.385617929462825, 22.476839487180371 ] ] } },
{ "type": "Feature", "properties": { "ward": 101, "source_sheet": "101_baghajatin.pdf p1", "source": "KMC ward sewerage network map (ArcMap GeoPDF)", "extraction_method": "geopdf_vector", "georef_max_residual_m": 0.1, "conduit_type": "pipe", "pipe_diameter_mm": 225.0, "diameter_source": "legend_colour", "diameter_candidates_mm": null, "label_diameter_mm": null, "label_agrees": null, "scheme": null, "flow_arrow": "end" }, "geometry": { "type": "LineString", "coordinates": [ [ 88.385735211974762, 22.476719225014616 ], [ 88.385594842092729, 22.476750228064162 ] ] } },
{ "type": "Feature", "properties": { "ward": 101, "source_sheet": "101_baghajatin.pdf p1", "source": "KMC ward sewerage network map (ArcMap GeoPDF)", "extraction_method": "geopdf_vector", "georef_max_residual_m": 0.1, "conduit_type": "pipe", "pipe_diameter_mm": 500.0, "diameter_source": "legend_colour", "diameter_candidates_mm": null, "label_diameter_mm": 500.0, "label_agrees": true, "scheme": "KEIIP", "flow_arrow": "end" }, "geometry": { "type": "LineString", "coordinates": [ [ 88.385670225500022, 22.476132588568291 ], [ 88.385628543656395, 22.476160464780175 ], [ 88.385522587887479, 22.476177415099727 ], [ 88.385308230785867, 22.476213629827878 ], [ 88.385239178707451, 22.476218800025926 ], [ 88.385051764439183, 22.476234143755764 ] ] } },
{ "type": "Feature", "properties": { "ward": 101, "source_sheet": "101_baghajatin.pdf p1", "source": "KMC ward sewerage network map (ArcMap GeoPDF)", "extraction_method": "geopdf_vector", "georef_max_residual_m": 0.1, "conduit_type": "pipe", "pipe_diameter_mm": 600.0, "diameter_source": "legend_colour", "diameter_candidates_mm": null, "label_diameter_mm": 600.0, "label_agrees": true, "scheme": null, "flow_arrow": "end" }, "geometry": { "type": "LineString", "coordinates": [ [ 88.38573957748892, 22.477164164404119 ], [ 88.385694347581193, 22.477081973316903 ], [ 88.385414034354838, 22.477187555838974 ], [ 88.385345296753243, 22.477224835173768 ] ] } },
{ "type": "Feature", "properties": { "ward": 101, "source_sheet": "101_baghajatin.pdf p1", "source": "KMC ward sewerage network map (ArcMap GeoPDF)", "extraction_method": "geopdf_vector", "georef_max_residual_m": 0.1, "conduit_type": "pipe", "pipe_diameter_mm": 225.0, "diameter_source": "legend_colour", "diameter_candidates_mm": null, "label_diameter_mm": 225.0, "label_agrees": true, "scheme": null, "flow_arrow": "end" }, "geometry": { "type": "LineString", "coordinates": [ [ 88.386770763487249, 22.477623367599659 ], [ 88.386537067703813, 22.477701033860399 ] ] } },
{ "type": "Feature", "properties": { "ward": 101, "source_sheet": "101_baghajatin.pdf p1", "source": "KMC ward sewerage network map (ArcMap GeoPDF)", "extraction_method": "geopdf_vector", "georef_max_residual_m": 0.1, "conduit_type": "pipe", "pipe_diameter_mm": 225.0, "diameter_source": "legend_colour", "diameter_candidates_mm": null, "label_diameter_mm": 225.0, "label_agrees": true, "scheme": null, "flow_arrow": "end" }, "geometry": { "type": "LineString", "coordinates": [ [ 88.386478845258864, 22.47755243580356 ], [ 88.386537067703813, 22.477701033860399 ] ] } },
{ "type": "Feature", "properties": { "ward": 101, "source_sheet": "101_baghajatin.pdf p1", "source": "KMC ward sewerage network map (ArcMap GeoPDF)", "extraction_method": "geopdf_vector", "georef_max_residual_m": 0.1, "conduit_type": "pipe", "pipe_diameter_mm": 300.0, "diameter_source": "legend_colour", "diameter_candidates_mm": null, "label_diameter_mm": 300.0, "label_agrees": true, "scheme": null, "flow_arrow": "end" }, "geometry": { "type": "LineString", "coordinates": [ [ 88.386537067703813, 22.477701033860399 ], [ 88.386350124467654, 22.477764542768266 ] ] } },
{ "type": "Feature", "properties": { "ward": 101, "source_sheet": "101_baghajatin.pdf p1", "source": "KMC ward sewerage network map (ArcMap GeoPDF)", "extraction_method": "geopdf_vector", "georef_max_residual_m": 0.1, "conduit_type": "pipe", "pipe_diameter_mm": 225.0, "diameter_source": "legend_colour", "diameter_candidates_mm": null, "label_diameter_mm": 225.0, "label_agrees": true, "scheme": null, "flow_arrow": "end" }, "geometry": { "type": "LineString", "coordinates": [ [ 88.386307886832498, 22.479244330138215 ], [ 88.386294939863816, 22.479182509833116 ], [ 88.386276652132267, 22.479079448223494 ], [ 88.386261102406522, 22.479003887791627 ], [ 88.386255896620867, 22.478976407454411 ], [ 88.386250645811614, 22.478944340191799 ] ] } },
{ "type": "Feature", "properties": { "ward": 101, "source_sheet": "101_baghajatin.pdf p1", "source": "KMC ward sewerage network map (ArcMap GeoPDF)", "extraction_method": "geopdf_vector", "georef_max_residual_m": 0.1, "conduit_type": "pipe", "pipe_diameter_mm": 450.0, "diameter_source": "legend_colour", "diameter_candidates_mm": null, "label_diameter_mm": 450.0, "label_agrees": true, "scheme": null, "flow_arrow": "end" }, "geometry": { "type": "LineString", "coordinates": [ [ 88.37683836143384, 22.480535115476822 ], [ 88.377164794718425, 22.480348880995265 ] ] } },
{ "type": "Feature", "properties": { "ward": 101, "source_sheet": "101_baghajatin.pdf p1", "source": "KMC ward sewerage network map (ArcMap GeoPDF)", "extraction_method": "geopdf_vector", "georef_max_residual_m": 0.1, "conduit_type": "pipe", "pipe_diameter_mm": 450.0, "diameter_source": "legend_colour", "diameter_candidates_mm": null, "label_diameter_mm": 450.0, "label_agrees": true, "scheme": null, "flow_arrow": "end" }, "geometry": { "type": "LineString", "coordinates": [ [ 88.377449609450252, 22.480197400625936 ], [ 88.377444494808486, 22.480179093996707 ], [ 88.377382493213887, 22.479895195996825 ] ] } },
{ "type": "Feature", "properties": { "ward": 101, "source_sheet": "101_baghajatin.pdf p1", "source": "KMC ward sewerage network map (ArcMap GeoPDF)", "extraction_method": "geopdf_vector", "georef_max_residual_m": 0.1, "conduit_type": "pipe", "pipe_diameter_mm": 450.0, "diameter_source": "legend_colour", "diameter_candidates_mm": null, "label_diameter_mm": 450.0, "label_agrees": true, "scheme": null, "flow_arrow": "end" }, "geometry": { "type": "LineString", "coordinates": [ [ 88.384488656524084, 22.475688408285563 ], [ 88.384511428344851, 22.475745558530488 ], [ 88.384544385751965, 22.475834734592354 ], [ 88.38458737172013, 22.475939881821983 ], [ 88.384610166008542, 22.475999325608498 ], [ 88.384648126521014, 22.476095340399858 ] ] } },
{ "type": "Feature", "properties": { "ward": 101, "source_sheet": "101_baghajatin.pdf p1", "source": "KMC ward sewerage network map (ArcMap GeoPDF)", "extraction_method": "geopdf_vector", "georef_max_residual_m": 0.1, "conduit_type": "pipe", "pipe_diameter_mm": 300.0, "diameter_source": "legend_colour", "diameter_candidates_mm": null, "label_diameter_mm": 300.0, "label_agrees": true, "scheme": null, "flow_arrow": "end" }, "geometry": { "type": "LineString", "coordinates": [ [ 88.383277221214399, 22.475973865319418 ], [ 88.383290098988823, 22.476028805480059 ], [ 88.383300396805637, 22.476072298817698 ], [ 88.383318367361767, 22.476143251929351 ], [ 88.383326085122505, 22.476175298539822 ], [ 88.383336315578163, 22.47621191147492 ], [ 88.383354376024656, 22.476292038539444 ] ] } },
{ "type": "Feature", "properties": { "ward": 101, "source_sheet": "101_baghajatin.pdf p1", "source": "KMC ward sewerage network map (ArcMap GeoPDF)", "extraction_method": "geopdf_vector", "georef_max_residual_m": 0.1, "conduit_type": "pipe", "pipe_diameter_mm": 300.0, "diameter_source": "legend_colour", "diameter_candidates_mm": null, "label_diameter_mm": 300.0, "label_agrees": true, "scheme": null, "flow_arrow": "end" }, "geometry": { "type": "LineString", "coordinates": [ [ 88.383402354540053, 22.475647106282562 ], [ 88.383328524342147, 22.475668371704014 ], [ 88.383257161877012, 22.4756896163919 ], [ 88.383198093149673, 22.475706170044592 ] ] } },
{ "type": "Feature", "properties": { "ward": 101, "source_sheet": "101_baghajatin.pdf p1", "source": "KMC ward sewerage network map (ArcMap GeoPDF)", "extraction_method": "geopdf_vector", "georef_max_residual_m": 0.1, "conduit_type": "pipe", "pipe_diameter_mm": 300.0, "diameter_source": "legend_colour", "diameter_candidates_mm": null, "label_diameter_mm": 300.0, "label_agrees": true, "scheme": "KEIIP", "flow_arrow": "end" }, "geometry": { "type": "LineString", "coordinates": [ [ 88.383277221214399, 22.475973865319418 ], [ 88.383264388270277, 22.475923512185851 ], [ 88.383241235195953, 22.47582737223998 ], [ 88.383228402384091, 22.475777019100459 ], [ 88.383198093149673, 22.475706170044592 ], [ 88.383057813410105, 22.475746344827041 ], [ 88.382858442315055, 22.475800779652289 ], [ 88.382740304742399, 22.475833886557123 ], [ 88.382607405449917, 22.475871705223458 ], [ 88.382449895914135, 22.475916612028392 ], [ 88.382356502983114, 22.47595639140993 ], [ 88.382402044823962, 22.476070692579519 ] ] } },
{ "type": "Feature", "properties": { "ward": 101, "source_sheet": "101_baghajatin.pdf p1", "source": "KMC ward sewerage network map (ArcMap GeoPDF)", "extraction_method": "geopdf_vector", "georef_max_residual_m": 0.1, "conduit_type": "pipe", "pipe_diameter_mm": 400.0, "diameter_source": "legend_colour", "diameter_candidates_mm": null, "label_diameter_mm": null, "label_agrees": null, "scheme": null, "flow_arrow": "end" }, "geometry": { "type": "LineString", "coordinates": [ [ 88.382177861853194, 22.476363879626188 ], [ 88.382188316361152, 22.476423427702752 ] ] } },
{ "type": "Feature", "properties": { "ward": 101, "source_sheet": "101_baghajatin.pdf p1", "source": "KMC ward sewerage network map (ArcMap GeoPDF)", "extraction_method": "geopdf_vector", "georef_max_residual_m": 0.1, "conduit_type": "pipe", "pipe_diameter_mm": 225.0, "diameter_source": "legend_colour", "diameter_candidates_mm": null, "label_diameter_mm": 225.0, "label_agrees": true, "scheme": null, "flow_arrow": "end" }, "geometry": { "type": "LineString", "coordinates": [ [ 88.388614539589369, 22.479149137034124 ], [ 88.388590209495831, 22.478933736073483 ] ] } },
{ "type": "Feature", "properties": { "ward": 101, "source_sheet": "101_baghajatin.pdf p1", "source": "KMC ward sewerage network map (ArcMap GeoPDF)", "extraction_method": "geopdf_vector", "georef_max_residual_m": 0.1, "conduit_type": "pipe", "pipe_diameter_mm": 400.0, "diameter_source": "legend_colour", "diameter_candidates_mm": null, "label_diameter_mm": 400.0, "label_agrees": true, "scheme": "KEIIP", "flow_arrow": "end" }, "geometry": { "type": "LineString", "coordinates": [ [ 88.38181023140757, 22.474860017575672 ], [ 88.381903937915567, 22.474852347562997 ], [ 88.381980392755082, 22.474847116588204 ], [ 88.382054424722909, 22.474846493290197 ], [ 88.382180301513742, 22.47484772707319 ], [ 88.382348174602924, 22.474853194505709 ], [ 88.382432122423296, 22.474857074937201 ], [ 88.382506199276676, 22.474861038461746 ], [ 88.382562979487673, 22.474862853885504 ] ] } },
{ "type": "Feature", "properties": { "ward": 101, "source_sheet": "101_baghajatin.pdf p1", "source": "KMC ward sewerage network map (ArcMap GeoPDF)", "extraction_method": "geopdf_vector", "georef_max_residual_m": 0.1, "conduit_type": "pipe", "pipe_diameter_mm": 300.0, "diameter_source": "legend_colour", "diameter_candidates_mm": null, "label_diameter_mm": null, "label_agrees": null, "scheme": null, "flow_arrow": "end" }, "geometry": { "type": "LineString", "coordinates": [ [ 88.378280787515337, 22.481658388033583 ], [ 88.378307547951351, 22.481871476968173 ], [ 88.378172106652158, 22.481902432425631 ], [ 88.378209096542136, 22.482152134659113 ] ] } },
{ "type": "Feature", "properties": { "ward": 101, "source_sheet": "101_baghajatin.pdf p1", "source": "KMC ward sewerage network map (ArcMap GeoPDF)", "extraction_method": "geopdf_vector", "georef_max_residual_m": 0.1, "conduit_type": "pipe", "pipe_diameter_mm": 200.0, "diameter_source": "legend_colour", "diameter_candidates_mm": null, "label_diameter_mm": null, "label_agrees": null, "scheme": null, "flow_arrow": "end" }, "geometry": { "type": "LineString", "coordinates": [ [ 88.378439486380273, 22.481987347371369 ], [ 88.378453348053654, 22.482143202215202 ] ] } },
{ "type": "Feature", "properties": { "ward": 101, "source_sheet": "101_baghajatin.pdf p1", "source": "KMC ward sewerage network map (ArcMap GeoPDF)", "extraction_method": "geopdf_vector", "georef_max_residual_m": 0.1, "conduit_type": "pipe", "pipe_diameter_mm": 500.0, "diameter_source": "legend_colour", "diameter_candidates_mm": null, "label_diameter_mm": 500.0, "label_agrees": true, "scheme": "KEIIP", "flow_arrow": "end" }, "geometry": { "type": "LineString", "coordinates": [ [ 88.378209096542136, 22.482152134659113 ], [ 88.378162184719827, 22.48215023485854 ], [ 88.378038746669162, 22.482146684076607 ] ] } },
{ "type": "Feature", "properties": { "ward": 101, "source_sheet": "101_baghajatin.pdf p1", "source": "KMC ward sewerage network map (ArcMap GeoPDF)", "extraction_method": "geopdf_vector", "georef_max_residual_m": 0.1, "conduit_type": "pipe", "pipe_diameter_mm": 400.0, "diameter_source": "legend_colour", "diameter_candidates_mm": null, "label_diameter_mm": null, "label_agrees": null, "scheme": null, "flow_arrow": "end" }, "geometry": { "type": "LineString", "coordinates": [ [ 88.378288090648141, 22.482153764915086 ], [ 88.378209096542136, 22.482152134659113 ] ] } },
{ "type": "Feature", "properties": { "ward": 101, "source_sheet": "101_baghajatin.pdf p1", "source": "KMC ward sewerage network map (ArcMap GeoPDF)", "extraction_method": "geopdf_vector", "georef_max_residual_m": 0.1, "conduit_type": "pipe", "pipe_diameter_mm": 1000.0, "diameter_source": "legend_colour", "diameter_candidates_mm": null, "label_diameter_mm": 1000.0, "label_agrees": true, "scheme": "KEIIP", "flow_arrow": "end" }, "geometry": { "type": "LineString", "coordinates": [ [ 88.377622859363001, 22.471390441638807 ], [ 88.37763073193986, 22.471438543217975 ], [ 88.377638694079081, 22.47149581887837 ], [ 88.377665271770397, 22.471690560257713 ], [ 88.377707222313987, 22.471690208230047 ] ] } },
{ "type": "Feature", "properties": { "ward": 101, "source_sheet": "101_baghajatin.pdf p1", "source": "KMC ward sewerage network map (ArcMap GeoPDF)", "extraction_method": "geopdf_vector", "georef_max_residual_m": 0.1, "conduit_type": "pipe", "pipe_diameter_mm": 1000.0, "diameter_source": "legend_colour", "diameter_candidates_mm": null, "label_diameter_mm": null, "label_agrees": null, "scheme": null, "flow_arrow": "end" }, "geometry": { "type": "LineString", "coordinates": [ [ 88.377665271770397, 22.471690560257713 ], [ 88.377673256307816, 22.471750129386102 ], [ 88.377710249120597, 22.471747525298767 ] ] } },
{ "type": "Feature", "properties": { "ward": 101, "source_sheet": "101_baghajatin.pdf p1", "source": "KMC ward sewerage network map (ArcMap GeoPDF)", "extraction_method": "geopdf_vector", "georef_max_residual_m": 0.1, "conduit_type": "pipe", "pipe_diameter_mm": 800.0, "diameter_source": "legend_colour", "diameter_candidates_mm": null, "label_diameter_mm": 800.0, "label_agrees": true, "scheme": "KEIIP", "flow_arrow": "end" }, "geometry": { "type": "LineString", "coordinates": [ [ 88.385141034156931, 22.477283901365567 ], [ 88.38539427664972, 22.47743773507387 ], [ 88.385560630131678, 22.477539546921683 ], [ 88.385749351263954, 22.477657225495712 ], [ 88.386181378435012, 22.477921939075362 ], [ 88.386260820147982, 22.47796943556191 ], [ 88.386340262017569, 22.478016932100992 ], [ 88.386447029705323, 22.478082547172058 ], [ 88.386653116946135, 22.478209252712606 ], [ 88.386759907340789, 22.478277161118658 ], [ 88.386856714129081, 22.478333685361388 ], [ 88.386941137047472, 22.478385726797622 ], [ 88.387037989032777, 22.478446837942585 ], [ 88.387080189236926, 22.478471711932688 ], [ 88.387122412084494, 22.478498879276259 ], [ 88.387179509141959, 22.478532802032831 ], [ 88.387232414185505, 22.478642452059127 ], [ 88.387260483647253, 22.47873625605407 ], [ 88.387306503620053, 22.478898719006985 ], [ 88.387326899388725, 22.478965063646296 ], [ 88.387347340343624, 22.479035995203493 ], [ 88.387370339159261, 22.479116079931579 ], [ 88.387416359409954, 22.47927854283288 ], [ 88.387437205963749, 22.479390757439194 ], [ 88.387468306911913, 22.479541877996191 ], [ 88.387478786617848, 22.479603719040863 ], [ 88.387492139677221, 22.47970682218882 ], [ 88.387510788971468, 22.479846579553175 ], [ 88.387420899464587, 22.479991841975369 ], [ 88.387434523048313, 22.480122467132983 ], [ 88.387447988819957, 22.480237037773382 ], [ 88.387463967522706, 22.480356174466905 ], [ 88.387548222806615, 22.480642173285801 ], [ 88.387613918995498, 22.480797588652973 ], [ 88.387677079774917, 22.480946144375416 ], [ 88.387780672873191, 22.481190693103908 ], [ 88.387833737305371, 22.481316397236103 ], [ 88.387866202389134, 22.481355115399062 ], [ 88.38793117790415, 22.481437138620709 ], [ 88.388001156738341, 22.481526000539802 ], [ 88.388086100627604, 22.481630791772226 ] ] } },
{ "type": "Feature", "properties": { "ward": 101, "source_sheet": "101_baghajatin.pdf p1", "source": "KMC ward sewerage network map (ArcMap GeoPDF)", "extraction_method": "geopdf_vector", "georef_max_residual_m": 0.1, "conduit_type": "pipe", "pipe_diameter_mm": 450.0, "diameter_source": "legend_colour", "diameter_candidates_mm": null, "label_diameter_mm": 450.0, "label_agrees": true, "scheme": "KEIIP", "flow_arrow": "end" }, "geometry": { "type": "LineString", "coordinates": [ [ 88.387109950286955, 22.478235210295619 ], [ 88.387037989032777, 22.478446837942585 ] ] } },
{ "type": "Feature", "properties": { "ward": 101, "source_sheet": "101_baghajatin.pdf p1", "source": "KMC ward sewerage network map (ArcMap GeoPDF)", "extraction_method": "geopdf_vector", "georef_max_residual_m": 0.1, "conduit_type": "pipe", "pipe_diameter_mm": 500.0, "diameter_source": "legend_colour", "diameter_candidates_mm": null, "label_diameter_mm": 500.0, "label_agrees": true, "scheme": "KEIIP", "flow_arrow": "end" }, "geometry": { "type": "LineString", "coordinates": [ [ 88.382402044823962, 22.476070692579519 ], [ 88.382343065703054, 22.476096419894507 ], [ 88.382289021987233, 22.476122105721494 ], [ 88.382232532928043, 22.476150105684077 ], [ 88.382190760668038, 22.476168806980915 ], [ 88.382146520631125, 22.476187529142877 ], [ 88.382177861853194, 22.476363879626188 ] ] } },
{ "type": "Feature", "properties": { "ward": 101, "source_sheet": "101_baghajatin.pdf p1", "source": "KMC ward sewerage network map (ArcMap GeoPDF)", "extraction_method": "geopdf_vector", "georef_max_residual_m": 0.1, "conduit_type": "pipe", "pipe_diameter_mm": 450.0, "diameter_source": "legend_colour", "diameter_candidates_mm": null, "label_diameter_mm": 450.0, "label_agrees": true, "scheme": "KEIIP", "flow_arrow": "end" }, "geometry": { "type": "LineString", "coordinates": [ [ 88.379881945484712, 22.474775315728827 ], [ 88.379587322068801, 22.47467916313882 ], [ 88.379428401855876, 22.474579575958305 ], [ 88.379300263424298, 22.474346695667293 ], [ 88.379259637698098, 22.474230058408086 ], [ 88.379223970006521, 22.474115673328036 ], [ 88.37915009507519, 22.47413234979372 ] ] } }
]
}
